bncc_component_id,cc_component_id,similarity,match_tier
893fbe8f-ccd3-47e9-b6c7-564de8c8a7da,893fbe8f-ccd3-47e9-b6c7-564de8c8a7da,1.0,merge
c6487949-b71d-4800-903f-bbd7baad103f,c6487949-b71d-4800-903f-bbd7baad103f,1.0,merge
d463b030-4b76-41a2-ae23-730600b01928,d463b030-4b76-41a2-ae23-730600b01928,1.0,merge
a4056048-4edc-47f5-951f-c2a15df9a6cf,a4056048-4edc-47f5-951f-c2a15df9a6cf,1.0,merge
1a15b037-5506-4e26-839a-08ba54741f52,1a15b037-5506-4e26-839a-08ba54741f52,1.0,merge
c6487949-b71d-4800-903f-bbd7baad103f,c6487949-b71d-4800-903f-bbd7baad103f,1.0,merge
c8a3505a-f157-40ce-a5e5-6d6e9b0449aa,c8a3505a-f157-40ce-a5e5-6d6e9b0449aa,1.0,merge
07a3c733-b23f-4bee-a8c7-d2e8464b84a1,07a3c733-b23f-4bee-a8c7-d2e8464b84a1,1.0,merge
1000aa2d-21e7-4b1b-b4eb-fc39fddbd1b6,1000aa2d-21e7-4b1b-b4eb-fc39fddbd1b6,1.0,merge
adf587b0-4f38-4e58-81d5-c397e3c3ad06,adf587b0-4f38-4e58-81d5-c397e3c3ad06,1.0,merge
b6407e0a-a7f1-447e-80a9-057a8f15857c,b6407e0a-a7f1-447e-80a9-057a8f15857c,1.0,merge
4a5f2dd0-e7ae-5fe9-9ab8-ce2ba4d70660,4a5f2dd0-e7ae-5fe9-9ab8-ce2ba4d70660,1.0,merge
3e117ec0-15e3-504c-9492-f689213dd079,3e117ec0-15e3-504c-9492-f689213dd079,1.0,merge
0b583d53-2d36-43eb-971d-cea2025278d4,0b583d53-2d36-43eb-971d-cea2025278d4,1.0,merge
d01f5435-9374-5fc1-bdb2-daecf33aa4d5,d01f5435-9374-5fc1-bdb2-daecf33aa4d5,1.0,merge
d2c77dc2-e49f-418a-8953-b1ef1a1e0c58,d2c77dc2-e49f-418a-8953-b1ef1a1e0c58,1.0,merge
20767411-379a-5783-a81e-0bba4df4deb9,20767411-379a-5783-a81e-0bba4df4deb9,1.0,merge
d2c77dc2-e49f-418a-8953-b1ef1a1e0c58,d2c77dc2-e49f-418a-8953-b1ef1a1e0c58,1.0,merge
2af44b9d-ef6c-4dac-af6d-df0ffccfae35,2af44b9d-ef6c-4dac-af6d-df0ffccfae35,1.0,merge
7f1f62d1-c88b-4811-92cf-7338addab818,7f1f62d1-c88b-4811-92cf-7338addab818,1.0,merge
68fbedd2-f8de-49f1-8470-f513fecf7302,68fbedd2-f8de-49f1-8470-f513fecf7302,1.0,merge
605ceda8-3294-4238-af4e-e8c3bb90917a,605ceda8-3294-4238-af4e-e8c3bb90917a,1.0,merge
950ff4d3-f129-4b4e-ae4b-aa9b2451eb9a,950ff4d3-f129-4b4e-ae4b-aa9b2451eb9a,1.0,merge
65f8a2fe-960a-4627-90fa-9afce2a74a36,65f8a2fe-960a-4627-90fa-9afce2a74a36,1.0,merge
96f5c0fe-f649-4083-ab8c-ca62f82d6ad9,96f5c0fe-f649-4083-ab8c-ca62f82d6ad9,1.0,merge
96f5c0fe-f649-4083-ab8c-ca62f82d6ad9,96f5c0fe-f649-4083-ab8c-ca62f82d6ad9,1.0,merge
aabc5418-5ee7-4f2e-b189-2315e160a08b,aabc5418-5ee7-4f2e-b189-2315e160a08b,1.0,merge
164a6b8e-33f7-4957-9bf9-e1c526ffa330,8ae3fcbd-b5e9-4d45-ba4d-3a2c616174d4,0.1138,link
e52b7bd2-6869-40b9-be51-7e3946555f67,de7c7dcd-aa52-4e08-a72b-fa61f2d9a9d1,0.163,none
54ac6be9-fc1e-4aa2-9d18-cc0a4c4d4598,54ac6be9-fc1e-4aa2-9d18-cc0a4c4d4598,0.3095,merge
b4322eb0-516f-47c6-8202-1b8bc32d1bda,152b1092-128a-4054-8334-c6586064cf7a,0.1328,none
75ea17fe-af4f-4b6e-afc6-9beaf0f246e5,f208e697-e1d1-4d3e-afeb-78e6438154e3,0.1679,link
5069fc8b-f5a8-4ccb-a68c-d7f0abc6f65c,950eaf3c-ca3f-4157-9ba6-527bb98eaff0,0.1215,link
c4073ab6-560b-40f9-9e9d-d9f927f97bb3,ef3ffc00-6d4e-495c-8002-00306bcd8e59,0.1444,link
18dbed75-20e3-4f1c-8af1-d052d9ffb10d,5ce097d9-fd49-417d-8b2c-06b4b1867741,0.1849,none
d04a2437-ecd6-4b03-94aa-651621a6ee56,6b7fe640-4641-4e97-8048-f1f88910cfe8,0.1142,none
15d11800-afd8-4809-9256-2de96c0adb57,fd051411-f9a6-4277-95c1-c6d6cbaa9dc0,0.1337,link
6f1948fe-6b46-4786-befb-65b69ebadad9,6f1948fe-6b46-4786-befb-65b69ebadad9,0.4464,merge
5804d310-a546-495b-8519-1c2bbfac758c,5804d310-a546-495b-8519-1c2bbfac758c,0.3894,merge
44444d1e-6ca1-4c40-8553-c90bedf4e9d1,6da3720a-0247-4b2c-93ef-510e5ed0af14,0.1914,none
89899e92-2e50-4c5a-baab-7a5382cc57d2,89899e92-2e50-4c5a-baab-7a5382cc57d2,0.2754,merge
6629a31f-291c-4357-a5d7-f92401d572c0,6629a31f-291c-4357-a5d7-f92401d572c0,0.1983,merge
510973e3-09ee-48fe-9ebd-c233ac667bc8,598f9e0f-8f34-4327-8c51-ea78096fc499,0.1987,link
bc691736-981d-4e37-a08d-c4bf1554e03f,594618c0-191c-4b7f-8dfe-086be318a4fd,0.2501,none
855425d7-fd80-42c8-9620-43bf73e07b3a,e303d448-f13d-4d92-9af6-b6d627198e72,0.2042,link
ec761141-c2f9-4729-9f81-9dbfe341dc90,dc6c8b78-21f2-4dee-a952-6983880f9998,0.1647,link
65ba2278-82e7-406c-892d-b73e2e54b685,ae8250cb-384f-4c23-a448-a7de801b4865,0.1732,link
f6667bd2-afa2-4dea-8a45-c351da0951fc,c2b7da2e-75d6-4391-823c-b254724261f3,0.1745,link
24819a10-8dca-4c30-8890-f9ea96d38d03,f31a64ba-ff2c-4414-b0af-94cf45e4578d,0.0904,link
4203ae41-c8ce-4aff-9ef9-f12820038964,e33f1326-1cec-4553-bf6d-bc18fa70582b,0.1493,link
88f6300e-ac99-4f76-9b7d-522caf1b1d4a,77dc2e6c-c5c7-4302-87a2-ced48d1e4904,0.0781,none
554cec9b-c113-4f15-8979-d5527a759225,edf8ccd5-43bf-47a7-b8af-4d479751071d,0.2162,link
45b44545-f952-4c5d-ad31-9355a21ef500,c2b7da2e-75d6-4391-823c-b254724261f3,0.2655,link
938224ef-4ed2-484c-b531-6ad81a04f3fb,190bff9c-b883-4a26-9d13-dee40e64abcd,0.1738,link
45461b8a-db67-40cb-9425-aeffc22d16a4,893fbe8f-ccd3-47e9-b6c7-564de8c8a7da,0.1298,none
6697ee45-62e6-467f-af29-fb5f4ad33e8d,85568bbe-bd80-4a0c-afb0-fbd9417b8645,0.1814,link
862c3fe9-793b-4da6-a235-795c60a64dc8,497efb57-82a1-4b71-95b4-03e170750f29,0.1108,link
27c62683-d56d-4eca-8e82-c5f02a8495cc,31d3d4f0-2799-4c5f-a8dd-bcea34bce29b,0.1102,none
a8b921c1-8029-41ae-92e1-4f1bc48e8171,f498b24a-bf6f-4fdd-8be6-5819ef1f8780,0.0995,link
dbdf7b78-43e8-42e6-90dc-9a3ae9b1c9fa,f504a756-38cb-4614-8987-27af24a2a0ea,0.1873,none
d3392c15-9343-480f-9176-47ba2fd8253b,d3392c15-9343-480f-9176-47ba2fd8253b,0.122,merge
09035375-772d-4d90-88a4-e6f3d926a026,4a80a439-5f47-489f-b671-aebf6b8fbaae,0.1391,link
c1c1d96f-2495-47c5-8844-8f16175d3ec7,f498b24a-bf6f-4fdd-8be6-5819ef1f8780,0.126,link
d3bfcaf1-a87e-4277-b7d6-7a1f9860d235,d3bfcaf1-a87e-4277-b7d6-7a1f9860d235,0.2354,merge
8e5635f3-24e2-4e6a-9fbf-3fbb291d3be3,1b98ae24-da68-4e06-99dc-74ce55dfcb60,0.17,link
a910a27b-7244-4df1-a897-3e32568ce85e,d54d4b5f-135e-4f92-8ff6-daaa9c403068,0.3064,none
b2edcd45-1bd8-436c-82fa-db0e42ae605e,2d20a3b8-8b7b-45ab-9a99-97f25de96b5c,0.1572,link
79335231-e0ff-460f-9cef-f13d7cb390ab,52f73b9c-7380-4979-80a6-7a47be53ab4b,0.1474,link
1d39e23c-7c72-44be-9d6e-ea70ec57c6d2,c48a71e2-dc74-4e58-96e0-83bfd215a144,0.2186,none
c3405583-2dd6-4b85-a9f9-658640b59f11,bfefed56-affa-444c-8ac9-27d3dfc739f1,0.1888,link
0e77bc60-8a94-4859-95db-5f52238295d5,87525187-dac7-4948-aef5-babb37b16160,0.2665,none
51ca1449-06a0-4625-bbf8-203ee867d6f1,a6b868a0-15b3-4a54-897b-bfef05927e97,0.3392,link
728fdc27-5a4c-42a7-aaef-fff55d511bb9,728fdc27-5a4c-42a7-aaef-fff55d511bb9,0.2447,merge
7b3dd9d3-0b06-471e-8690-032877e2c412,3eb37a7d-d756-41d1-a592-e6b3f9caaec8,0.1726,none
5dedb8a1-d061-4a66-8d19-86cdc3e92e9e,8c569a99-546d-4ecb-9f81-a83fdfbd0f82,0.2209,none
cd1388c5-105b-48f9-b33b-d015c4892431,96c682e0-9b70-5d9a-8094-bb37cf274230,0.1168,none
f468a7f2-9e3f-4a93-bca1-a9a2df8826cd,b2058c56-c204-45e7-ac29-aa35a1aef73c,0.2188,link
11c1397e-c630-483f-a2b3-7b3da546f059,11c1397e-c630-483f-a2b3-7b3da546f059,0.3506,merge
52f73b9c-7380-4979-80a6-7a47be53ab4b,52f73b9c-7380-4979-80a6-7a47be53ab4b,0.1466,merge
6764875a-ede2-4e28-b7ba-e01a0cbbc0a8,fbbff3cd-ef58-5383-ab5a-94c445fcd933,0.129,none
e3d72b7c-f713-4391-8dde-a3c69bc1af33,0eb5cd9f-961f-408e-a521-1bc38f1e19c6,0.254,link
d0567088-3aca-498d-84ea-d56542c01a40,6a2dff55-5f55-4f27-999d-8e9afa487bde,0.204,none
28c640b9-d3cd-42a6-b79c-e9cd3ec91678,87525187-dac7-4948-aef5-babb37b16160,0.3614,none
d72795d5-9d40-426b-ad15-04e474934047,87525187-dac7-4948-aef5-babb37b16160,0.1779,none
0f78d271-a53e-4746-a3c5-7b7681a69fd3,5d3da15a-7814-490d-a5ae-4c2683a75c7a,0.3377,link
974f9d0e-88e3-4d5a-9729-e1ef35fc61f3,4210922b-c405-5e70-88ec-39c36d8f3a15,0.2498,none
d7ccbca2-d1f6-4c8b-b028-d59f562d4e43,564ce453-444b-4c06-9b33-7b62329cc45a,0.2243,none
a4d290fa-3b1d-4d6a-9742-f4cb51e2418f,a4d290fa-3b1d-4d6a-9742-f4cb51e2418f,0.2512,merge
4dc373d8-8b6d-42ad-839e-a442c9074f92,b34656b8-4c93-48be-8da8-d04ee269f665,0.2193,none
43a50b01-eed0-42ed-9294-70b46d8f31cb,950eaf3c-ca3f-4157-9ba6-527bb98eaff0,0.1503,link
eaa7d8f4-e14d-4ac0-8d90-a4d66cb88609,f17d0e2e-12cb-439a-a147-4beda4aebef5,0.2945,none
6c8ea260-3cf4-4b18-a4d2-40dd0b092bb1,b700e800-5b57-4242-97ff-0a8ef263c19c,0.2241,none
5c11e818-952c-4c41-a6ef-2e6e4efc289b,5c8a1933-bb66-451f-8b2f-5b641e1719d0,0.1828,none
8b88a741-1238-45c1-8e48-f250d7e564c7,8b88a741-1238-45c1-8e48-f250d7e564c7,0.3168,merge
677cbc12-025e-4894-bd22-1813c17e52fc,6d34d59d-b50c-4c47-8f92-2223026eceea,0.3865,link
4c69eafa-6851-4746-85b6-0bdabb1d1ec7,4c69eafa-6851-4746-85b6-0bdabb1d1ec7,0.2294,merge
c009d3a8-6222-414c-ad93-5036f52c8e82,7d50010b-b8b5-4f67-80cf-4882098f6882,0.131,none
74b1bacf-6813-489c-b1fd-1acfe0b4e328,731b205e-a0ba-421e-9411-39db63b7c08e,0.1348,none
85a0905f-b411-4fbc-988c-7e09dc2dc42b,2f5de8f9-3e4a-49ad-90c2-9c1ac00ec43c,0.2764,link
8b69f69c-debb-41d1-9df2-85579c88a9c4,7e2a056f-3040-4ec3-b424-de43bf45ede3,0.1745,none
e6412c88-ec5e-4ece-87a0-a223273fdaf4,e6412c88-ec5e-4ece-87a0-a223273fdaf4,0.2605,merge
46e88182-5c96-4504-99bd-e5fa7ba6703c,2b6e7906-96e8-445b-8545-cad9968061d4,0.2359,link
a5b0aaca-1857-484e-920b-9fc71a400ddc,d62e232a-65e6-488a-a31d-499697d59f08,0.2531,none
6839d7c0-ec5f-4ff0-99f0-07bbba800eb4,407c4d2d-d940-422d-9120-9951620ab7c4,0.2262,link
7599f29e-e226-408f-ba69-f5e040624911,862c2cb7-2544-4462-ac73-5c2345b42e29,0.1608,none
8af31bce-2d52-46a6-a716-cc0fb10c043f,ea44488b-c63b-4db3-b0b8-d98a3b1fc766,0.4102,link
2943b0de-64d0-4033-b154-aff1bdec6c5c,2943b0de-64d0-4033-b154-aff1bdec6c5c,0.1858,merge
da5728e4-cf93-40ff-a8e4-dfbad2c330d1,45e2113f-7091-4914-be7c-d39f9e942aa2,0.2108,link
f02ab28d-c6b1-4831-9c94-0e5957ca0297,42b94c70-f691-457d-8304-d5b376323eb6,0.1228,link
27d88de6-5463-4061-866f-0bba2bf4be1f,27d88de6-5463-4061-866f-0bba2bf4be1f,0.207,merge
df5a35eb-248f-4321-b4a1-39c20189276a,3dc7587d-b188-4591-9eb2-a7c57a2d09c3,0.0847,link
39406590-b6e7-4ee6-8d13-49f09c631bfb,ce2acedd-e186-48e6-b80c-befd404f13cf,0.3022,link
df5121c5-00fc-47b5-ab01-ff2fba40f388,2c542028-4403-4e5d-a098-59a78cf45397,0.156,link
8b88a741-1238-45c1-8e48-f250d7e564c7,8b88a741-1238-45c1-8e48-f250d7e564c7,0.3561,merge
afc8fbfd-58a7-401b-88e6-0eaae356f6e0,afc8fbfd-58a7-401b-88e6-0eaae356f6e0,0.2712,merge
4c69eafa-6851-4746-85b6-0bdabb1d1ec7,4c69eafa-6851-4746-85b6-0bdabb1d1ec7,0.3097,merge
6a7328eb-433c-4cb7-9abf-bb7733b5b37f,f8250fb3-5b04-498f-8e6f-180032b0cfcc,0.3333,link
6a7e22c3-e5ee-4a93-9fea-ed814503cb66,cc3a03d4-575f-4ac9-acf6-6b0f646001b5,0.3762,link
b998afaf-7c73-4142-93a3-3770137305ce,e078250b-068c-43fc-9484-b31c2b7d12e8,0.1049,none
7e7c6e07-c52f-4d86-b366-fd59faca3207,b502a715-d1b6-4cd1-9173-16505ee8ea3b,0.1385,none
3cbbdb17-8a11-442b-bd01-a4ab3888dd0d,4b877474-165f-451d-a681-4f3f0316a022,0.0907,none
43b58b96-ef0e-4edd-bed6-d44b48c289f8,65e932be-59c5-4120-9e8a-e3f08eb2a849,0.2187,none
d62c0c9d-4386-42e5-bc07-b574f9cce4cb,d62c0c9d-4386-42e5-bc07-b574f9cce4cb,0.3936,merge
3acc0fad-12f0-4099-a21c-e9253ec2fed3,79bf3481-d6b0-4169-8f1d-4780f3f0bad0,0.2341,link
f26e5ee1-a489-46f9-ae6b-a36f80d8d0d5,d06bc5c9-e04e-4cd3-b360-053537e45341,0.1398,none
dddddad8-85ec-4921-84a4-d951de06ec3d,ea44488b-c63b-4db3-b0b8-d98a3b1fc766,0.3974,link_regional
3d198392-775e-4760-852d-92268bcb7dc0,ea44488b-c63b-4db3-b0b8-d98a3b1fc766,0.3941,link_regional
3a572a46-b345-4cc8-b735-1a3f36093489,70d51eb0-4c49-45b7-bcca-b5376fb67fc5,0.1021,link
adbf7431-ec43-45e7-b1f6-09edd5ae9bf5,292cdd2b-0ccc-4d24-a721-a7ac4ca670c2,0.1766,none
0909a0fc-6795-430e-a999-535308b5bc05,7c81f6de-589e-4238-b4e3-7db574639aad,0.133,none
a94643ce-6c5a-46e2-921b-0fb4a29283de,5b1fa706-2513-4c32-b904-0907b1f666a6,0.1381,none
86f7cd6d-f2e6-4fc3-8230-00fae635d937,0a661566-6c41-4f70-91a3-1f544c51a193,0.2232,link
5d5627d0-10b8-4f61-9d11-d5f481465f9a,46db32db-f95c-4c3c-b250-16a85590f709,0.1855,none
714d4157-0baa-40b4-af45-c9411506deea,4ec4845b-adac-4734-8dcf-e8b1b9eb6173,0.2013,link
8566e00c-5034-4125-afc2-0738fb438a0a,ee56c877-94f8-4305-9514-d4c6fbd85c71,0.1038,none
08dae30e-d7d8-4e6c-9d5d-b57cc18576d2,d08b1c0b-8cad-4215-8f8d-1e6a54dbebc4,0.1581,none
d763dfc7-2598-4aa6-a0da-62bc2c153e76,0e96104d-8b51-458e-9b65-965da7f987f2,0.3086,link
b1caa30d-4ee0-4cd3-b49e-b49636d27683,9d000bd5-c1a3-43f8-8747-a9ec7434ea27,0.2943,link
139cf6a8-c71d-4d3e-95c7-5fa061db4da1,139cf6a8-c71d-4d3e-95c7-5fa061db4da1,0.3758,merge
5e5914b7-9498-45b3-aa3d-b47d4a2fbc80,6a6d763c-d8e5-4008-9bab-fa6bad0feef2,0.1632,link
b482d4f7-f53f-41d5-86c5-006f05902dd6,77472d13-191d-4852-8b1f-3160ef201399,0.2707,none
eef40c62-c30a-43fc-a794-ae4c47942c1d,811c5423-10ed-4727-9509-9d2a3248a4d4,0.1237,link
1c9a6292-36dc-4ae8-97ce-3dc6b7795ff3,eda73211-b9d2-407c-9dbe-0f8de4ee9c49,0.2599,link
c8956ebb-8bce-45d9-9e70-618304906ece,591daf4f-259e-4ec9-bfcd-22c1b012e9e9,0.1346,none
465b23d2-e36a-48ff-a46c-ac06dc2331d6,bff02455-e44f-47ed-a0d7-91412f947260,0.1698,none
f0dda911-ba7e-4842-994a-18d8e984f653,ddc44d64-41cc-45dc-8a54-fa532504c2bf,0.12,none
c13a69ce-7026-4411-95f6-fdaea05ee47c,c13a69ce-7026-4411-95f6-fdaea05ee47c,0.1879,merge
186d7a43-d5a8-4003-8ab7-66e974cd922c,186d7a43-d5a8-4003-8ab7-66e974cd922c,0.5088,merge
74f100a2-5488-4b87-9615-e68d92e2327c,28c18da3-fd37-48db-abde-7a9995f3d6e2,0.5287,link
7b68db90-9e43-454c-9ccb-db93587b662c,799a23f5-5d4b-42f4-953f-7fb40115c9cd,0.2126,link
40c63807-415e-4e79-8517-fcbc9b3cf038,fa3578b9-5f32-4c23-9447-948299f630f0,0.1523,link
5c8796c7-710f-465f-8fb7-0870fc5c561f,799a23f5-5d4b-42f4-953f-7fb40115c9cd,0.164,link
d3bfcaf1-a87e-4277-b7d6-7a1f9860d235,d3bfcaf1-a87e-4277-b7d6-7a1f9860d235,0.322,merge
85231772-3fa8-4792-8880-f4fe4502e3ff,45bf24ee-e426-4caf-aba8-41081b4c4299,0.189,link
1d749a2b-635c-4f44-b6bd-1ad716d4f22e,7371eefd-31db-44c6-8d27-713885521f2e,0.2303,link
de0952f4-1003-459c-88d1-b5313b4d1760,a8bca3a9-2c43-4937-a11c-b89ce686ee55,0.3106,none
a8ace160-7879-4b79-ae60-3698e4b23a21,a070a886-0bc5-4bbc-a825-408258a94ac0,0.1303,none
f9287867-14c5-4dbc-ae11-c3c205592ce8,b280a657-78be-45ff-abf0-4f729204ebd0,0.1633,link
6f8055f2-2b6b-460c-9d03-9e47ea5d365a,17c98dc2-e8c3-4c2e-b26b-c6514398dcab,0.3946,link
dff20354-4302-4bcf-8bba-dc86b46e47f7,0c688fe4-2704-44b7-9c99-2d7c8ac7a1ff,0.2823,none
4d7e776a-3402-4069-ae1d-1fcb3fe8cf5e,fcac7c5a-8a04-4b04-a2dd-000be078d68d,0.3183,none
e4aaa7ed-7d3e-4188-b123-4cb3542e3768,08df85bd-4c73-4d50-8721-1f0f03ece460,0.1106,link
3538e057-145a-4ed6-8b86-07d1d9ba82c4,41818481-d727-4251-9e46-633786b49286,0.2128,link_regional
684873b2-e943-49eb-ba7e-89f45c7ca08e,fa5564e6-156c-4910-a119-f23a9c4e7e8e,0.157,none
e819148b-a23e-4305-8cd7-22205e9dd533,b597a009-0fa1-48f4-b1c7-1a5ca208acd4,0.1172,link_regional
d8c9c5a9-84cc-48f0-aa12-6594bb9119d3,ea44488b-c63b-4db3-b0b8-d98a3b1fc766,0.2885,link_regional
4bd9e1ac-8d35-470e-a918-e9afcbc333fa,1718534e-e13f-4bec-8d16-7e47a89c33d6,0.0985,link_regional
46db32db-f95c-4c3c-b250-16a85590f709,46db32db-f95c-4c3c-b250-16a85590f709,0.5029,merge
c5b57cc4-0d39-43fe-a232-ff9bf8497e60,c5b57cc4-0d39-43fe-a232-ff9bf8497e60,0.3135,merge
e4f3dfc3-cc02-4f26-b564-6cc1286e5323,35dd790b-5318-4bfe-ab40-371e926286c0,0.2212,link
f84a230e-4a2e-4886-9a49-388acf1da6ab,0669ae14-a2aa-46ce-b453-f1712591b4f4,0.0408,none
d6df1b3f-81b6-43c6-b35e-2708d2f138dd,6c3672a4-6fc3-4b7b-9d32-3e66433bc689,0.1401,none
399546de-22c9-4175-98b0-ec13185c471b,2702bb64-57a2-4dd1-8e5f-0d911ea2d528,0.3024,none
72e68e64-cbc2-45eb-a601-19fc9d517537,9df4d837-d5f8-4d1f-bfaa-f04aae7ec62c,0.1368,none
8db9041c-73b8-4f4d-b84a-7fd4337f0faa,bdd6148b-6da3-4d1e-b94e-c54b50b61a05,0.2189,none
9cf6a1a3-c885-4b80-8424-96c69cf5dc72,0e84e7f6-039b-4744-8eec-e51dc4fdde9e,0.2686,none
f80cdf48-64c9-4195-a6a2-9c7608c26e72,06f91e03-9b82-4962-bfd0-47cdaff8156b,0.2976,link
88fdb39e-8c61-4d69-b82a-d9d4c7aa8094,cd8739fe-3ac7-4f83-8c9e-3123eebcc488,0.1325,none
2bb10da9-ba7e-4b6b-bdc6-84276b437ef9,88e138b8-544b-4143-954b-7feb4e26e89a,0.117,link
1361c64c-19e3-42d6-89db-fe1bb5830e75,e9d34933-48d3-4b52-940d-4b5b3f8525d8,0.1363,none
a8a96636-c918-4ef7-a2b7-be75ce62c02b,22b85cb7-9096-4c52-bf10-a00d2a010f4e,0.2422,link_regional
e6a2bbc3-8714-4ae2-8207-cd752b32843f,06da0b4f-e0f5-479b-b748-6e6f09d92a15,0.2105,link
a0e2b966-dd90-4103-bf49-710c0219638c,2ad593d5-1a39-48b9-9850-5672ad68175b,0.1317,none
12f10265-0c6f-4fa8-94b9-9103713a58d5,85972102-4f88-45dd-97bd-954ddf145835,0.2119,link
b084b603-e20a-472f-97e9-db74a244e236,61784f92-07f7-4311-83ba-f008e6bcddec,0.1525,link_regional
e6e3b1d7-891a-4401-b56e-38e51bab17d3,5928323c-927b-4d23-90e4-849e34080ace,0.1738,link
7c8cf153-0156-4e02-89c7-512a78aa6f67,84631d57-04fd-42eb-970a-39615de569ed,0.1804,none
7c5f7017-afb7-491f-8f6b-8437d221ccb4,2ad593d5-1a39-48b9-9850-5672ad68175b,0.1858,link
2ad593d5-1a39-48b9-9850-5672ad68175b,2ad593d5-1a39-48b9-9850-5672ad68175b,0.4204,merge
d30adc09-d0e4-4c2f-bf0b-336f2e5b3b0b,5928323c-927b-4d23-90e4-849e34080ace,0.1597,link
4cd0fccc-24f2-44ab-aa58-617fb93aa9b8,c6487949-b71d-4800-903f-bbd7baad103f,0.294,link
03bc3fb1-0cca-4c49-82d6-f681029d656a,03bc3fb1-0cca-4c49-82d6-f681029d656a,0.3834,merge
021d08cf-64c1-4ce2-a2dd-ac1341a5b992,2787ceed-a469-4e9b-bf52-80f7663b7219,0.1576,link
6a0d2fad-6353-423c-a052-52cbf79563d9,4d1daa46-8b5c-4b74-900d-e5d5d6a2cadc,0.1457,link
ad266e3e-c7cc-46c6-ab98-9cf30bbc5a8d,97218c2b-a8f6-4c8b-a287-b0a19eea8879,0.1987,none
92e7837f-1ddb-4bba-aeea-c57d1b06fb68,7b59cb2b-036a-49e3-b365-b22b59742e8a,0.1526,none
025c5fd7-e1c2-46d1-bff0-dd069283e024,6f75dc5f-66db-400f-83e0-93bb41edfd10,0.2137,link
6bbc3041-2442-4cef-aa0a-2b7e5cb163bb,cae5a2a6-f7fd-422d-8133-d316b08751f7,0.2027,none
5d8deafa-5906-45bc-a1e6-2e665ec28f55,5d8deafa-5906-45bc-a1e6-2e665ec28f55,0.3534,merge
2b3b90d8-b154-4c00-8f4f-24f8289de1ea,c6487949-b71d-4800-903f-bbd7baad103f,0.1228,link
a93e1119-b5dd-40f1-82ee-358b26577328,f660a72c-19db-4acb-8738-3b0eb6ddcf5b,0.1294,none
48638817-6e2e-4843-b4b0-5e68cf4d0d66,1337f2d3-596d-4d6f-84b6-f3fdc13e3de8,0.1265,none
dd136a0e-4e90-4376-907c-115bc32d2281,b6848bf6-77e8-4682-ac93-6f31b932a31e,0.1291,none
132a37f0-d90b-4f9f-bf99-b907d40423cf,950eaf3c-ca3f-4157-9ba6-527bb98eaff0,0.1282,link
641b1639-918d-4de8-8817-1b76b90bbca0,3ab8eb7e-dd3c-4df4-b2f3-34ae28ae7ad2,0.2161,none
b5d47cfd-5464-479a-bc45-92295be22718,ef9d0130-3051-4c63-987b-85f27e0096ad,0.1273,link
1cd1f57b-54f2-4d66-8f1f-f1ff28451349,284a784c-de02-4afd-92fd-f1cf760592b9,0.1814,none
b26ea6c6-1bd1-4639-b9cc-b14bb3a6ef25,66ec5f23-8dd9-4eb3-82e6-ceef201d4a0d,0.2211,link
bfad9e76-67f4-4261-ab00-2288dcfe4882,aea53f49-d274-4a8a-9941-3fee1ac3726d,0.1695,none
467420c0-54ad-4b29-86ed-1dbc131cc4f9,467420c0-54ad-4b29-86ed-1dbc131cc4f9,0.0925,merge
2e21a6e2-fa83-459c-918d-f246e12e5c08,153c64c3-b002-404c-aefb-131f53aadfa1,0.1014,link
22666998-6fcb-47a5-9ba1-bc64bd199a9f,0037b720-73ac-4be9-a5d4-e976b26d67ed,0.0825,none
96452cc7-5c73-4f1f-90cc-de364533fe02,f94eb05d-90cd-4b8d-aca0-e13f7e9ae889,0.2443,link
56403fb7-1528-47f9-bf5d-513ca3bef790,71a69428-42b3-4877-a90c-8e9a16532059,0.1353,none
dea9b0b1-3132-4465-a956-277f29b46496,cdb594c2-8032-4919-ab3d-e834a5e0ee9b,0.4035,link
038bda15-f6a1-40a5-93a1-65fbcebc9aa3,e429fbe0-208c-43bb-a820-6ae28918a574,0.1569,link
4ac6b3e9-61d9-4104-a4a6-ffd793b0524e,dfc3e5b9-c1d9-437c-bbf2-a63a85ff4d53,0.1573,link
53e23575-3fd2-45b0-b3ac-c2ae6ee905b1,473d1bd3-aed4-4dcd-befe-f41700728f23,0.2116,link
25c26945-d906-4f8b-b605-5774af844a70,473d1bd3-aed4-4dcd-befe-f41700728f23,0.2165,link
e7fb690f-f36f-42ac-b3e0-3af304f779a1,473d1bd3-aed4-4dcd-befe-f41700728f23,0.1413,link
13a01b6d-ef7f-42b6-98f1-f41e06b9b598,4b877474-165f-451d-a681-4f3f0316a022,0.0893,none
f20bd949-78d3-4292-86b5-2e4e7bbb3b04,7c81f6de-589e-4238-b4e3-7db574639aad,0.135,none
49ceb8e8-0bbf-4f98-bd53-9cde687f0c18,bc6791eb-52c5-40c8-b7cf-ee5eb5ddaf0c,0.1065,none
af1d4c68-1ee8-48d2-8b8a-ac1b0ac61672,497efb57-82a1-4b71-95b4-03e170750f29,0.0944,link
aae3fc10-810e-448a-807a-394df8d20069,f83fe51e-c1e1-428b-9418-380d3adb52d7,0.18,none
b7cc05d5-8f3f-4c6e-86d9-80b44a96c315,f83fe51e-c1e1-428b-9418-380d3adb52d7,0.165,none
2db121b7-94da-401d-9399-c031cd8e26ad,2c4428ca-d2de-46a3-8947-5c7e3857fcbf,0.1408,link
f6c4c9cd-297b-431f-b6a4-a455b3c1a8e1,cab9e5ee-13b2-5136-9cfb-52ca51c68a1e,0.1327,none
7afaf05d-e7d5-4e39-ad8b-c11c89a1bb41,7afaf05d-e7d5-4e39-ad8b-c11c89a1bb41,0.1676,merge
2a6d6b9d-6f83-4a6e-a673-720208dd5735,7afaf05d-e7d5-4e39-ad8b-c11c89a1bb41,0.1644,link
eabf61f5-a1d6-4919-a314-5f037d16de9f,3b4eda22-1b25-494c-b604-a3cae4ae1193,0.1175,none
ea50a72d-9fd9-478a-899f-b8cc972e2f76,891eff67-bdf0-496b-a809-538434aa2495,0.1316,link
879e20f6-943b-45ed-b730-ca9373cfa981,b01b873e-fddd-442f-9376-c39f2003fec4,0.1265,link
5d6e1a58-4913-46aa-81a0-29ce876a4f83,b01b873e-fddd-442f-9376-c39f2003fec4,0.1349,link
2e37e9a1-ea0a-48aa-aa3b-d18e5c7f1b8e,8c05c2d9-010e-4d60-b8f1-1d62671af995,0.0981,none
92a56a33-8e06-41e4-a37f-72283e06ad33,287c88ba-dae2-41cf-aa15-fa26a75a8eba,0.1934,link
c3cfc110-3228-4116-8b2d-170f2902251b,950eaf3c-ca3f-4157-9ba6-527bb98eaff0,0.1402,link
a4073e47-d176-4939-aeb0-87c8e61f9f68,8a654ccd-2ecd-49ef-8947-d003cd54694e,0.1287,none
89086ceb-f159-4172-8ca6-333a5cb7648a,c2b7da2e-75d6-4391-823c-b254724261f3,0.1068,none
cda3e61a-53a7-4a49-bf40-e1822291e903,2039c6d9-9d2f-4d5c-a373-3e3495bc5408,0.1026,link
99739eab-488d-4439-afca-e84bd94fab52,99739eab-488d-4439-afca-e84bd94fab52,0.3117,merge
7e59fb32-84c2-4677-907d-ae8d811f0a94,8329e721-3ca6-4935-9a20-6169433e8602,0.1568,link
a8c251fe-a692-47ee-9c42-1f062fe289aa,a8c251fe-a692-47ee-9c42-1f062fe289aa,0.2298,merge
d74ec066-d112-4acc-ab9c-629ac871c740,515d74f4-8229-4667-8eec-f47aeb7d5c6a,0.1672,link
32b9525a-90b9-4195-b86b-b22a3eaf2c8b,babb4b9e-0d87-4187-a72a-bfff2f8a11e5,0.1273,none
1926bef0-0210-46eb-8890-c5e5b7fbfeb1,45afeedf-2a96-459e-ad9e-e0e053862da8,0.1366,link
50ca5921-4e98-47ea-ac53-d9f6337ff8be,03342bc5-c8e1-4ddf-bf7d-1d7ac01f9d55,0.1891,none
5f7570d7-a4e9-4c5c-8a12-8de0e2177a29,c2b7da2e-75d6-4391-823c-b254724261f3,0.1222,link
d5ea301d-709e-4ee5-9a4b-2d89de508624,2c4428ca-d2de-46a3-8947-5c7e3857fcbf,0.1824,link
fe2f76eb-9a11-4fed-9efd-3eba7565a256,2c4428ca-d2de-46a3-8947-5c7e3857fcbf,0.1375,link
adafb62e-a63a-43cd-986e-9a0eb8731130,2c4428ca-d2de-46a3-8947-5c7e3857fcbf,0.1162,link
72394a3d-33af-4c7b-9c78-d9bc7fb903f0,edf8ccd5-43bf-47a7-b8af-4d479751071d,0.1289,link
717d57be-3ccc-4671-8252-78c7da3b90c4,473d1bd3-aed4-4dcd-befe-f41700728f23,0.2182,link
a07ef861-5672-4b6a-979a-2ea2bae9d2b4,473d1bd3-aed4-4dcd-befe-f41700728f23,0.2357,link
ff8c1c8b-6a50-4ffc-80bc-c3603dd044d7,473d1bd3-aed4-4dcd-befe-f41700728f23,0.2321,link
42bd57cf-63f7-4d2f-bf6c-89f9f7ed62cb,4be6ea75-d318-4224-88c5-789c4872e362,0.2341,link
378c55e9-e842-4da7-9cbc-1d97bdb7120a,473d1bd3-aed4-4dcd-befe-f41700728f23,0.18,link
5add7df0-eb63-40f1-b7e2-f7729f0b9a25,069dbeb6-25c7-44cd-87f5-0f974596141f,0.2051,link_regional
186ee783-5163-4ebd-b618-a8ef4ada8547,81860016-41d3-45a9-8310-01982f2531ec,0.2167,none
418ae901-1be4-44e9-bb6f-86176788f8cf,b6407e0a-a7f1-447e-80a9-057a8f15857c,0.2054,link
9655fa5e-471f-4bdd-ae22-2999048ba8e8,9518167d-b0c5-446a-bcfe-3cecffee20a9,0.2418,link
0c4c0f4e-4d79-44e3-b6c5-81630943c610,cffce45e-6e08-41e4-93c7-32f5b608938a,0.1243,none
d1d5f90a-d125-4d1c-bb9e-b7b0aa72a018,e15dedc8-94da-44d9-bd93-be3f3a5110cb,0.2173,none
97334fbf-7d66-404d-96b4-2ad996870869,fb1e0fd9-00f5-4106-b444-dad5c928927a,0.1936,link
024bee7a-b171-4bdf-a48d-fae7cbb55457,c6487949-b71d-4800-903f-bbd7baad103f,0.2693,link
82318b3c-3be6-4940-86b7-ecfcf2a96e73,56465d2e-b28a-4eb1-b4f2-00172584ffa7,0.2616,link
4c4a45b9-e885-4a4d-9910-d11c83099988,b2833f20-9460-4c4c-9701-e1b95cb0de8a,0.1645,none
d42928bc-3848-4360-a428-75664352ad08,b7d25298-5f85-4dd5-9f69-e0e3414f54f5,0.1501,link
06ac2dc0-4cc1-4459-9d6c-8ac0b43f7864,d131082b-8eda-450a-b96d-a91a5c7a3416,0.1649,none
ce7e3f44-dd2a-4a4f-ad99-1a679c44895e,3ab78f55-fb09-447c-a11f-f3fcda126f61,0.2243,none
8d0a2512-c552-41c3-ac93-70c5af57ce1b,0fa4bed3-8e77-4cba-adf7-c039cc412571,0.1612,link
18da0f1b-3c4e-448d-9bef-be0bb5d44ecc,b405cad0-aeda-44a7-bbed-4530207ebf09,0.1427,link
a16d4466-a973-49b2-9252-7cb3f5a5c1e0,52f73b9c-7380-4979-80a6-7a47be53ab4b,0.1429,link
5369f36f-6f3f-4ac5-9b30-a85d3d96dd1b,37bc4542-3686-427b-b532-ff7092181e36,0.1396,none
aa8584cc-ab17-4d4e-9363-c7691e2f48ab,9479cf95-7fb6-484a-8839-37507ee3e278,0.3681,link
e2b8cbfb-f7b0-4ae2-99a8-85f31f02aa0e,49a9abe3-158f-40e1-a181-a847e9b8ea62,0.1883,link
6936b881-e441-43c3-b4cc-7cfb6ee23bb8,3901ea61-47f7-4a62-a41e-31eaa08b17bc,0.1758,link
b1d42eec-43b8-4c3e-8578-5b4b1f8174dd,0376f9fd-cd7d-44cc-a81b-1a63bdbbb369,0.1176,link
24010523-27fd-4a49-8da8-693bc85000b9,586833b6-1640-48b0-b438-09270cbbc425,0.1914,link
2b7ba9fb-c044-4099-89fb-3634c8ff2a12,94964349-d78b-43e1-9a3c-f289ab3e5d73,0.2641,link
c82952e0-5cea-4c93-a559-ce64098fb21a,13ece3f6-8e8a-4909-be34-3aa82f952dde,0.1834,none
07660475-3007-45ed-8710-50b57554ace2,243e1c64-0ce4-4008-90a1-04703cf34970,0.1196,none
6fc7a617-2ef4-46a5-9859-972f133b07df,139cf6a8-c71d-4d3e-95c7-5fa061db4da1,0.2001,link
c32d0e31-58f8-46dd-b2be-739b94f04331,dcf50f7a-3623-42f0-9195-ebaa25f34bfd,0.1071,none
b1dc3309-10c4-4a66-9e1a-ba5b9c908622,5baed3a3-9839-4ad9-a85f-212d41120e08,0.1498,link
1521bd44-e923-416a-b112-48171c2d6e8e,f94eb05d-90cd-4b8d-aca0-e13f7e9ae889,0.141,none
96dd7a6a-356c-4de3-a868-218193da4ae6,e9af31c1-2133-41cb-b76a-04befc7beb74,0.1294,link
7cc1c5bf-b0c0-498f-921d-72910ce5e560,7336e61c-6f8f-4f0e-97c8-9cc2440d76f8,0.1999,link
a7dcf91d-09db-4e9f-88ed-d470759c266e,d06cb87a-255c-4aa8-bd10-f0b216c69ea3,0.1854,link
4dc6b118-e4d2-482b-9e03-2a765e3a10b8,7336e61c-6f8f-4f0e-97c8-9cc2440d76f8,0.1914,link
cc282268-a554-4aa0-95de-347735cbb190,bb43ac94-4c1f-405c-9541-c12d9cd16f75,0.0793,link
6bcb0b68-eae8-480e-937f-17c1b081dfdc,6871d243-e1fb-4e81-bdb0-75fed3fd8ac7,0.0779,none
1f896a59-9773-4b84-bb51-7edfd9d2f320,0572f32b-31bf-4d0e-a11f-021807563c49,0.1096,link
59a9fd1b-a42f-4ac5-bf57-66d06c6f9b08,693b23bf-1c87-4941-836d-ca938b49db2f,0.1001,none
c3f82135-0e47-4483-a55d-57e753b7b97c,c2b88103-2b13-48f0-a98d-092e8a27eb8d,0.0725,link
65fcafd4-ab94-4944-b64f-0f0feb468573,d63aa90f-e3df-42b5-a630-73c5fc79f053,0.1371,link
64245651-b4fc-4f5c-a378-83962a61dcea,64245651-b4fc-4f5c-a378-83962a61dcea,0.1311,merge
ab724be4-5b53-42f4-a46d-c854f1fec011,2c4428ca-d2de-46a3-8947-5c7e3857fcbf,0.1172,none
82df6e1f-e2c6-42ad-8cb0-8579b41ddf76,0eb37f2c-1c4d-4a30-b827-640f4b34950e,0.166,none
f4bbfe1e-0964-4e89-b1f1-6a8799b8bb17,1d0126f0-7cb4-4ee4-899a-27a509c291c6,0.2219,link
a3f9bd70-30e3-4426-8cb1-db7b536e2630,238dae2f-a9b4-4133-bc6c-1fd4374a5119,0.2502,link
da1ddcfb-88fa-4ea2-b461-4a588bd0f482,65c7c5fb-7210-4db4-9bf0-7096fa9fb0c0,0.232,link
c4c66123-7cd9-4679-ba98-3702148831c9,0669ae14-a2aa-46ce-b453-f1712591b4f4,0.2092,link
cb6377c1-12c9-498b-b083-a016a40e8b47,a8b42a94-66a2-4a41-99fd-8685448b7e53,0.2032,link
dd238a7a-4579-441d-8543-2208122aec36,4290a450-6fa7-465d-9849-f358fe1a4e30,0.1257,none
ab6086c6-cd04-4f77-9b72-d0fab7ecd0af,9ef0907b-2619-464f-a1f8-08e439132e7c,0.2382,none
51540c94-6b2f-42d8-9b56-9f2c7963acff,fcac7c5a-8a04-4b04-a2dd-000be078d68d,0.3043,none
46dbe236-6c9d-4ff1-b1c8-b1b94553e1e9,a6f9fc2f-2420-4fa7-befa-f6503dbc211a,0.1613,link
62c876ce-8aaf-4ae4-a51c-183298e4c880,62c876ce-8aaf-4ae4-a51c-183298e4c880,0.2099,merge
14176474-a684-4d76-9683-87af94d4bef9,0b82d676-01d7-4d97-9f07-d23377a87255,0.1063,link
9d44c6a1-9f90-41a5-bdf2-5bd4657099af,18e9a53d-1141-48c7-bddb-54eb75d8b6d1,0.165,link
19cb4186-1ac3-423f-81d2-a653a99063ee,768fce88-b991-43a4-8613-2da07cb299a4,0.148,none
2499202d-03db-4c3a-8fc7-77ad3890d03a,6a2690d0-b155-4adf-aeeb-0dbea0779a68,0.1461,none
4e308bff-6233-4454-87ed-317a5a299e5d,07af7f6b-4980-42c9-afaa-ce91f33d9e00,0.2372,link_regional
3c9dcc53-08c4-4684-82c1-2c92b3a7ffe5,3c9dcc53-08c4-4684-82c1-2c92b3a7ffe5,0.5326,merge
1fc20c85-c019-47a6-8087-5c1dcfcc582d,cad122bc-69eb-4df3-87af-97112d2ac1ec,0.1482,none
ab9aef82-8db7-4afb-8976-a6d7cfdbf08b,7ce4342c-ffde-4483-8590-5de11a6bcac8,0.1917,link
17d7e107-d9af-4cdd-9628-8332bfa29dd7,d22c541a-9ed1-4cb1-a13c-3f04a184b9b4,0.1249,link
8a7d629d-b0db-4ea5-a49d-3a1c72db48ca,37801129-c051-4e25-aa5a-f782fefbf7f2,0.2423,link
c87a3bbd-2ca4-4a67-9ee1-4ec1789b2361,eb0d5fda-f33e-4ebe-a539-69e89ff6a068,0.1882,link
37e56bd1-cf3a-41d5-a481-5e4fd77d4070,d09d698b-0c5b-427a-9b00-a72ff649686e,0.3374,link
857656f0-0778-4b0c-95b7-b12c7a101d20,899e9281-9cea-4070-a546-f57f31cd1195,0.3272,link
8cefc2ea-ab10-40b8-848a-bdc2603b1f48,befa6886-e5d6-4141-8baf-ef0cea6b3dfc,0.1844,link
be3550e4-d4e4-4517-b495-e14a3bc93587,173d0caf-d034-425a-9154-e233da26f153,0.1957,link
4b62763b-0537-4c7b-8494-1197261a485f,1e2c23bb-7108-4aae-9f42-4546210e4602,0.2556,link
a292f20a-f8d1-4a1f-bdf4-656845224f75,6c68d620-9b9a-443f-80b3-cbe0dbe2cc4d,0.1176,link
48f4a995-ea9a-45d4-9574-c626a43af536,91f1dde3-57fe-4340-b29e-58431c58691f,0.1665,link
c879bd24-477f-4632-b082-f3c69280a8cb,287c88ba-dae2-41cf-aa15-fa26a75a8eba,0.1816,link
6225e0ec-3dcb-42a1-b5b2-f37e623f17a5,c2b7da2e-75d6-4391-823c-b254724261f3,0.2147,link
76ceeabe-e014-4202-aa7c-0445bf8895b1,473d1bd3-aed4-4dcd-befe-f41700728f23,0.164,link
c871d478-adff-4f53-a07b-d605c7f4af2b,1000aa2d-21e7-4b1b-b4eb-fc39fddbd1b6,0.1385,none
70de2f85-1073-44ca-9900-8d130007ff28,497efb57-82a1-4b71-95b4-03e170750f29,0.225,link
6c454930-d855-47df-8ef7-98293a0f17e7,f83fe51e-c1e1-428b-9418-380d3adb52d7,0.2045,link
193be4ed-cab7-4597-ae3f-b2846ee54ba1,f83fe51e-c1e1-428b-9418-380d3adb52d7,0.1892,none
d8e35819-15d0-4d8a-8013-9fd76a46876b,d8e35819-15d0-4d8a-8013-9fd76a46876b,0.2045,merge
53fe1853-4346-45d6-9882-7cc928fa6e5f,40851465-0398-4da4-8c14-2a6ffff0ad1a,0.2235,link
ba98514c-286f-49bd-b123-13ee69f23a16,3f62c087-7ea7-4513-99c6-a3df98c59a66,0.1231,none
53bb8a63-d129-40f7-adae-f33443df7ded,6d017c4d-0a12-4e41-8ff6-c7c87f151ce7,0.1371,none
6f95b504-23d1-4797-b749-730e6a3bf413,af317a7a-75a2-42bf-91a8-94c890fb52b5,0.2287,link_regional
b5987a9f-c80d-4e1e-a3c3-b56c406d3e81,07ada203-6126-4e8b-89ab-b155ee46ac71,0.201,link_regional
41d39c21-59ef-4252-817d-f7c162b47625,6d7286b2-9fee-4db9-837b-0e4cd2f33831,0.3043,link_regional
18a5a5ae-e5d9-49b8-a726-c647d63defbc,18a5a5ae-e5d9-49b8-a726-c647d63defbc,0.4548,merge
0c3aec75-e738-42d8-ae38-8bf34f63f7c1,11c1397e-c630-483f-a2b3-7b3da546f059,0.1692,link
5f03d280-96dd-4d1b-b13a-9a931264a501,11c1397e-c630-483f-a2b3-7b3da546f059,0.1771,link
84f82c8d-44c5-4594-936a-668251552981,878b107d-fdc8-42f2-a048-382edca2c92c,0.1772,link
555e8ea2-f5cc-4ccb-884d-a650b2e9f9d5,655e1420-20d6-4b2e-9abc-e48bbc226aec,0.1776,none
5e3e7782-3b60-4f7f-b996-5140a63dc426,8254c442-26b5-4f20-845f-d67d42424365,0.2689,link
a2d8200b-c2a1-488e-9d57-ecaba7ea0b04,86638645-5c61-45cc-a890-468f9a1be2a3,0.1349,link
04b0c6be-fda0-4d47-a748-cc87641b06b8,936d5e47-7cc1-491d-ac4a-4646f1348daa,0.1267,link
b1942c43-d858-4b98-bcf0-604d72e5f04b,2082b2b5-cf15-40bf-9883-75ea60257f1f,0.1252,link
3bd51aec-85eb-4c6f-8b5f-71ecfd02dc8b,473d1bd3-aed4-4dcd-befe-f41700728f23,0.1599,link
cee4b11e-77a5-4e06-a488-d3db5d1dab8b,473d1bd3-aed4-4dcd-befe-f41700728f23,0.1544,link
87e76779-d30d-4ead-845c-77b7dedc5aa3,473d1bd3-aed4-4dcd-befe-f41700728f23,0.1452,link
35c8cf8c-b381-4c4d-ad76-da711b0c053a,7dd81671-e9f2-4f1d-8889-962d0d10ced9,0.1907,link
2d047df8-732d-4d81-bd75-63414671bb94,5f04338b-ed3f-468f-b358-ac9fec7847b5,0.1362,none
d07b3648-968e-4a8d-85ad-081ec1345174,fd726b59-a8ff-4b5e-a20b-74eaeff67a3b,0.1096,none
24d61c6b-3dbe-4cc5-a3cf-aad8b44b2eee,125e4187-355a-4e1b-9223-8fde8b03137d,0.1633,link
415c46c8-4377-40d1-9ce1-8e1982950851,6da931dc-159f-4544-8900-f936f5aaf74d,0.1558,link
bcca7f86-418d-435b-883b-82cd8741856b,e078250b-068c-43fc-9484-b31c2b7d12e8,0.087,none
7dbd1ecd-8b45-4709-86a9-fe72d9072305,655e1420-20d6-4b2e-9abc-e48bbc226aec,0.1483,none
bd1dfa94-a12e-446b-ab38-d35117ed86fd,8c05c2d9-010e-4d60-b8f1-1d62671af995,0.0938,link
50cef3c7-6425-47fb-9311-4b0a7718edc3,fb63f9d0-c837-4537-9f3d-f0341f59a801,0.2037,link
8596b04e-1ce6-4122-b87a-642b69310a4e,ae8250cb-384f-4c23-a448-a7de801b4865,0.1938,link
67ecdc44-aaaf-4062-8241-c70d4273b3cc,3a8a7352-be61-4710-80b3-87d2e04718eb,0.1231,link
90c5d821-e482-4185-855a-ddb7f53d4647,fb63f9d0-c837-4537-9f3d-f0341f59a801,0.2226,link
3315fff2-eaba-4ae5-a6bd-62f6045d6b71,e4ba2c40-d5df-469a-b687-9d8d9048198e,0.1923,none
1657ee1f-cd60-4f09-bb8d-ab8ec2af2858,2c4428ca-d2de-46a3-8947-5c7e3857fcbf,0.1086,link
f9362e87-ad2e-4702-8840-4d4367fb34e7,7a8bd222-e784-43a2-897f-295b6db86fb7,0.1027,link
99bce476-9895-4693-bffb-7826f8aade5b,8dadf261-d6d4-4ab8-9ba4-6c87f9080e17,0.1273,link
5274e925-74e8-4a7c-b4d5-3d29e18b1d00,3088f0db-ab1f-4708-9fad-0f8cb5e1e2aa,0.1203,link
27605d2d-07fa-4c43-9b2c-8770f6799a99,473d1bd3-aed4-4dcd-befe-f41700728f23,0.1602,link
df09e6f6-4fe9-4e70-ad33-924f95043583,473d1bd3-aed4-4dcd-befe-f41700728f23,0.1549,link
ba4ec83a-efc6-4019-8e8c-fee48361253f,2fcbcd53-5b91-4c2e-99bb-c0e7041b43b6,0.2733,link
4d761913-f14e-4589-8712-d462acb8031f,8a4ddacf-bca8-4117-b81f-7e03833ad712,0.1763,link
d2da9436-7eb3-4dae-9c65-29e08c5461d0,473d1bd3-aed4-4dcd-befe-f41700728f23,0.1836,link
59bc445b-7b6a-4a40-9d2e-161fe6644a8a,c2b7da2e-75d6-4391-823c-b254724261f3,0.1918,link
e0c1276d-16cc-47b7-a7f7-d119c461d931,ef3ffc00-6d4e-495c-8002-00306bcd8e59,0.1819,link
907e8333-7124-4610-909a-717193d5901f,473d1bd3-aed4-4dcd-befe-f41700728f23,0.1422,link
c57584a7-c7cb-4e7a-990f-1402093c99de,2fcbcd53-5b91-4c2e-99bb-c0e7041b43b6,0.232,link
d4825a9b-5559-4dd8-86ed-15cf2d76d5ef,52f73b9c-7380-4979-80a6-7a47be53ab4b,0.1628,link_regional
52f73b9c-7380-4979-80a6-7a47be53ab4b,52f73b9c-7380-4979-80a6-7a47be53ab4b,0.1965,merge
c5b4e15e-ad7e-46ca-b2c5-86c9b0813003,f9b7bfe0-56bd-4f7f-9da2-ad8a4c68e504,0.1333,link
b478537c-0665-4b3a-8775-acb7ebc11b63,b478537c-0665-4b3a-8775-acb7ebc11b63,0.2701,merge
7bd3cc84-7c2b-4603-a00e-c7fd06bb002f,9b44b045-029e-4b8f-9e3d-fc2998669af3,0.1202,none
1d3ac9de-95ca-4fc5-86e8-7d8ff52331af,7a8bd222-e784-43a2-897f-295b6db86fb7,0.1279,link
61848094-2bce-4e9e-87ce-e339b2fe669d,ae8250cb-384f-4c23-a448-a7de801b4865,0.1973,link
2196dec6-2c7f-4489-a516-468063b7a04a,b7ae2b6f-2379-4465-aa37-8fc06ffbae66,0.167,none
9bb031b2-23cf-4dc1-9723-739542b8a2d2,ccc3e491-cd9a-4ac4-ac59-7052e85ad5da,0.1329,link
dab73b98-d503-4139-9739-dc7fa3b4eee8,dab73b98-d503-4139-9739-dc7fa3b4eee8,0.3166,merge
238dae2f-a9b4-4133-bc6c-1fd4374a5119,238dae2f-a9b4-4133-bc6c-1fd4374a5119,0.2096,merge
7b164195-55a2-426c-9d61-db2909125c66,c0127228-cfb4-4468-abac-c37490ebb10d,0.199,none
a5613234-e385-41ba-8042-67a100fbaf0b,a5613234-e385-41ba-8042-67a100fbaf0b,0.2553,merge
1b98ae24-da68-4e06-99dc-74ce55dfcb60,1b98ae24-da68-4e06-99dc-74ce55dfcb60,0.1937,merge
1843cd77-c7d5-49d6-ad10-eab194147ab7,9dcb3090-e077-45fe-89ee-1ae9b71993ce,0.2702,link
b5c19c09-dad6-472c-90a8-8828b7fe97f6,ed02e0e0-c9d9-4cd4-8b7f-ad6e6a2d0d31,0.1604,none
b7354394-29f9-427e-8cdb-dd8f46845de8,8c198ee1-c7b7-4b8f-b773-86360d4fd85f,0.1944,none
91991590-f14a-4e6b-8377-f38ab300e4fd,de7c7dcd-aa52-4e08-a72b-fa61f2d9a9d1,0.1095,none
bfd924ad-3f9a-40a8-b3c2-6a6d11379c72,2609912a-8af8-4d89-ad6e-732aed6d0228,0.1847,none
943bd47b-3c43-4291-8b3b-90b226e5250d,b00b2f81-0dce-4989-9516-8d33d955d652,0.1285,link
b0043842-bd25-42ec-9bda-7f5ad09b8c15,fa326531-46e4-4eda-aec0-ef4c1aed0ede,0.172,link
ea576272-aff4-4ab3-8b66-fb84cceec289,40497351-3726-4ae2-acc6-0042c2785904,0.1306,none
0e1e1a5a-114b-4f36-9bb5-6cc9de229007,e67b7ded-13e9-4159-9b74-cd6a273e20ee,0.1353,none
61b43bf5-662a-484d-b23f-0608318134ad,9d000bd5-c1a3-43f8-8747-a9ec7434ea27,0.2817,link
eae8ee68-c466-4f38-8f44-e1348c40738b,c8df6eb5-9647-4c1c-80f5-2062f8d32a83,0.1907,none
c9c21fbc-1761-4bb3-8a3d-23c2af325515,87525187-dac7-4948-aef5-babb37b16160,0.1972,none
8bf7b4f5-4376-4148-872f-f8dd698927ea,eb4b6c1e-becd-4445-942d-c73b155f1795,0.1472,link
d6668b3f-5545-4747-b404-2ce70045f019,40497351-3726-4ae2-acc6-0042c2785904,0.1153,link
762642d3-cd6f-4c0d-8f61-a23147e9cd68,969b8100-f90e-4746-b1b9-2013ce5c36ec,0.165,link
8a67f826-e5dd-42a9-9343-970f33b31a60,9ea8f359-caeb-47fb-b22a-4de8f928a01a,0.0811,link
288e0bb4-64f8-46a2-8a6c-814234ac4322,c78183c2-a4c1-40ec-b972-f38202caba5b,0.1046,link
88feb7e9-2a52-488a-9fb6-6db9aaa59fbe,0e84e7f6-039b-4744-8eec-e51dc4fdde9e,0.2613,none
909fd359-5b08-4ff5-9819-aa052d3cbe74,9ef0907b-2619-464f-a1f8-08e439132e7c,0.187,none
dca29719-2709-4d0c-ad03-ca25265f7fd3,f74961d6-c732-43de-a951-3bde6b75a270,0.1467,link
eab71e52-f862-4649-a49c-42685dbc84ac,87d88718-5509-474d-8934-99af54406ae8,0.2121,link
9f0572a8-0626-43a0-9ff4-96598c53b715,9518167d-b0c5-446a-bcfe-3cecffee20a9,0.2344,link
c961c6cd-12c9-47b6-bc1a-ff84e9beaf7d,f1e2be41-cdf6-499e-b893-3ba23179a579,0.1942,none
c1013b55-f909-4aa2-8b35-b280ccf7a846,f1e2be41-cdf6-499e-b893-3ba23179a579,0.1832,none
da858056-66ff-418c-8ff9-57469b2194d3,e18144fd-c3d3-44b6-926f-92101a7f45cd,0.2456,link
f37c06d6-b065-4bb5-a1f7-571ebc52a748,88e138b8-544b-4143-954b-7feb4e26e89a,0.1565,link
fd5abff1-dcf0-4514-a209-2f5fa645ec6f,51c90f2a-c79a-4f4e-bf1d-af54abfb4422,0.2266,none
d6abb2ca-9766-4373-bb45-b1c3c4e2112e,8a570697-73db-48f8-992f-5fda64597ee2,0.2149,none
de26a09e-a637-48b4-aed9-f1b72e05de02,7094a379-5aa4-41e1-8603-410712508f12,0.151,link
f644ea04-a180-4dab-810a-fa7249f2ced5,b8484352-9f23-49ad-bb48-797952138699,0.1863,link
f3ebac8e-8239-4c81-927e-3ae48cd22691,bc6791eb-52c5-40c8-b7cf-ee5eb5ddaf0c,0.1472,none
23743a3a-b24f-49f7-9622-4d96e4006c90,23743a3a-b24f-49f7-9622-4d96e4006c90,0.4006,merge
713c39a9-842a-4b8d-a975-fb35c32a8367,4f7441c6-baf5-41bd-9c13-da8923e16efc,0.2731,link
329e9477-d510-4de5-b98b-a4584c7d0a01,d9cf7185-d155-4cd0-9d34-5b7013f277eb,0.2732,link
2f946b55-f8d2-4b6b-acb0-16de1563aca7,0572f32b-31bf-4d0e-a11f-021807563c49,0.1117,link
12a14de3-9eec-4d14-a068-9fb8e3e8dec5,a4056048-4edc-47f5-951f-c2a15df9a6cf,0.1589,link
e77ef2e0-c8d2-44d3-af5d-ddc3199b2b63,b2a88902-9b8d-4b0d-acf5-da634aab69e7,0.2001,link
571adf9a-34e7-478d-a52a-40c1fc836aab,c2b88103-2b13-48f0-a98d-092e8a27eb8d,0.1299,link
fa578a88-e282-42b9-9f37-0dfc881e0959,7a61e46c-7769-4deb-ba68-5b3c9158499e,0.0775,link
6cf54145-df5c-459a-ab3c-f3000f4f9fba,9f9e0e0e-8ede-4c2c-a44f-38631b2d2eb6,0.2098,none
fb546abb-cbb8-4a36-8c62-94ae3f57f4be,68f9efc3-7e94-41e6-825a-f69f9c49e661,0.1271,link
1aca0ab0-ba31-4c35-a9c9-3c83da6ab920,a8e99bd7-1962-4167-8ca9-0044fd87668d,0.2331,link
1e3f62ce-85e8-4381-a0c6-26345e3fb5ce,8e8d65f3-839b-495e-8322-2b54d4b2efaa,0.1289,link
a012d663-632a-41b4-be5b-5e742be7facb,e8dcd8b0-61ad-49e2-8f1c-fbec7197f02e,0.1135,link
04a7db4a-c9cc-4832-a4b7-7f90fbcfe1df,391f536c-a241-4da1-a1b0-a4a7c7bc6042,0.1825,link
abeb23c1-37b6-41ba-a98b-6159d74ad239,685516a0-eda5-4a7b-810d-d0938420d3aa,0.1381,link
7cd2d735-44bd-4c22-8fa4-73ca26d84a49,51c90f2a-c79a-4f4e-bf1d-af54abfb4422,0.161,none
39e00d51-7131-45b8-8404-f8f2affc1dca,d22c541a-9ed1-4cb1-a13c-3f04a184b9b4,0.1447,link
e9c48ecb-deba-4c93-9663-ecabe4df21da,d67832d1-f759-4803-8397-d05905311aeb,0.1374,link
3e5970cd-af3e-458c-961c-4782dd45cb72,51c90f2a-c79a-4f4e-bf1d-af54abfb4422,0.2214,none
e895dcbc-cc50-4ebd-9286-b68eb5f86ce9,f89d45b8-e685-4589-89af-d35d4eba2aff,0.2472,link
aef12bdd-6c0f-4226-960c-6ca5dc5741d2,cadb3e66-3879-4a0d-8cf2-4c23dbd6b16d,0.1265,link
cffe3178-84b0-44a6-b4b1-67110a9ff690,107295c0-e69e-40bf-93e7-2b4e6c9d8ee9,0.2195,link
66d58890-b235-409f-ad48-2e41de8ec162,49a9abe3-158f-40e1-a181-a847e9b8ea62,0.2191,link
b46c37f0-bac7-40f6-90a6-814e940f48df,8a4ddacf-bca8-4117-b81f-7e03833ad712,0.1481,link
4d1bd914-0b02-4383-a817-4cfab07631ee,8a4ddacf-bca8-4117-b81f-7e03833ad712,0.1476,link
7ccc01fa-089b-42ef-badb-310a5a5690a2,f94eb05d-90cd-4b8d-aca0-e13f7e9ae889,0.2795,link
0ebc94a2-4fd9-48e9-9e0e-6c9a09ce7543,9d7bf08e-c439-49b9-8118-4206bc9b3d08,0.156,link
66d9e7bc-e9d0-45f8-8230-f6e0d54a9e27,66d9e7bc-e9d0-45f8-8230-f6e0d54a9e27,0.1641,merge
35ea74f3-dbf1-4c22-806c-23f0ff1ef2bc,38074000-a4f8-4455-a60d-a828a04c9a55,0.1155,none
9908eed2-43e5-4533-825f-2c0919a5fc70,8da948c3-2e8b-4fad-9563-47205fa13d7e,0.1193,link_regional
d00ff2da-e024-4e73-93c2-4a68d3776bed,d9c337e5-1a6e-4346-8ec2-1ad79d2b5da6,0.0692,none
9a003474-6dc2-4c31-a7ac-451093c672da,9a003474-6dc2-4c31-a7ac-451093c672da,0.1506,merge
3651e93d-7481-4388-9e82-a31ea3a3f01a,d35d972f-2140-4f0e-a95e-8527ac7a2761,0.1358,none
7ce4342c-ffde-4483-8590-5de11a6bcac8,7ce4342c-ffde-4483-8590-5de11a6bcac8,0.2368,merge
10674905-2577-4846-93aa-0957ab4e7f32,a897518c-3cbc-4e19-82e4-68febe1a0407,0.1222,link
78fc082a-ab34-4188-8b72-1815e83a6ccf,8da948c3-2e8b-4fad-9563-47205fa13d7e,0.0978,link
49660fc8-f18c-41b4-8775-7ead5190a361,2ea12786-ecd3-47fe-b8e7-041a2e3a38b5,0.1268,link
f7a40aac-f0df-44df-9546-1c21ba3a7438,8a58bf84-939d-4509-b254-294969dcb82e,0.1716,link
f156f058-c920-4a53-9d06-4e28f2c7dc1d,f156f058-c920-4a53-9d06-4e28f2c7dc1d,0.2678,merge
52f73b9c-7380-4979-80a6-7a47be53ab4b,52f73b9c-7380-4979-80a6-7a47be53ab4b,0.1708,merge
ca586e66-9959-444e-9e05-c454b00695c2,52f73b9c-7380-4979-80a6-7a47be53ab4b,0.2196,link
1eea979a-c084-487f-bdf8-ecfae74e3b79,1eea979a-c084-487f-bdf8-ecfae74e3b79,0.196,merge
187dda00-c6fe-4ed6-bbf9-ec201d0558a3,187dda00-c6fe-4ed6-bbf9-ec201d0558a3,0.2397,merge
62ad832a-9370-4c3a-a65b-2c290f895506,62ad832a-9370-4c3a-a65b-2c290f895506,0.1985,merge
296347e3-c8ae-4574-8c74-5e78c73126fd,296347e3-c8ae-4574-8c74-5e78c73126fd,0.2384,merge
b621c890-c411-49a4-b84d-6048aba201e2,b621c890-c411-49a4-b84d-6048aba201e2,0.2572,merge
8ebfb3af-9db8-486f-a0e9-4fe910b8c015,3ec8febc-93db-4c15-a0a1-fd8a4233da12,0.3216,link
09cde661-c57d-4b6e-abbc-c6b4fdf08727,09cde661-c57d-4b6e-abbc-c6b4fdf08727,0.1877,merge
cb366ea5-533b-4458-8957-00f398ebed67,cb366ea5-533b-4458-8957-00f398ebed67,0.2681,merge
e6e418bd-1f8f-410c-a16f-3954a67db051,e6e418bd-1f8f-410c-a16f-3954a67db051,0.3861,merge
44c92862-8915-4573-a3cf-ff76dc9739df,325a97ca-c554-4f10-ba09-77e12065a553,0.2078,link
71f67652-8433-4e4e-87fe-5762bed0e168,be332bcd-a08d-40a5-8feb-e03fabb9500c,0.3016,none
ef3f647e-b40d-4df8-94f0-985479cd3dad,54420702-8b1e-456e-8987-59d4f16d0058,0.1098,none
faf224f1-bbfa-4c76-addb-a9c6ddb21142,c9ed53fe-0a58-4a81-8a5b-18a0ddec139e,0.1752,link
d9cf7fad-729d-465b-b2f5-fa4a6fd1de10,d9cf7fad-729d-465b-b2f5-fa4a6fd1de10,0.4574,merge
62bcc1d9-7860-4686-8d80-f61bab08d564,61e19d26-92fc-47b1-8645-a0e13134846c,0.0978,link
5bdb570c-89c1-4ae8-b95a-2027c4f21401,f660a72c-19db-4acb-8738-3b0eb6ddcf5b,0.1257,none
a4786174-5cc9-4a2b-b290-49ed6ca82baa,325a97ca-c554-4f10-ba09-77e12065a553,0.1903,none
9b55cc9c-56ab-4cdd-b5f3-1c14ac172df8,6789da21-17f5-4daa-83e8-73dde20d7e48,0.1798,none
c672ea91-7a18-4ce8-986c-0d1de6a639f4,c672ea91-7a18-4ce8-986c-0d1de6a639f4,0.2725,merge
7783105a-4b1a-46ff-b513-abdcbb6f49a5,950eaf3c-ca3f-4157-9ba6-527bb98eaff0,0.1223,link
ccc06c90-422e-4c7f-98e6-84647fe9f4d1,15426ee1-97ca-42d6-be8f-602f8f344d89,0.2352,link
90d504d2-c5e8-47ee-bd4e-db8ff983a825,4be6ea75-d318-4224-88c5-789c4872e362,0.2838,link
b77914b0-15fa-4718-9be6-d8e40c62d312,b77914b0-15fa-4718-9be6-d8e40c62d312,0.194,merge
52eed962-c70c-4bdf-9c20-36019c50223a,d7f807b5-5f6f-4a62-abbb-e91392ea5d1e,0.2385,none
07468fba-b7ab-4b78-9f92-2c9429a2d0e5,5203bf0e-97b0-4214-85ba-23ae072a41f0,0.2344,link
7b144162-e2ea-4a92-879f-effcf2d53bd9,5203bf0e-97b0-4214-85ba-23ae072a41f0,0.1835,link
4d580bb8-2296-4493-a9c4-1078a981f89c,7594a6c4-17f8-466f-8604-0f546c4e66f3,0.1819,none
9009c261-6854-4d46-8f37-d4881ed33b29,85972102-4f88-45dd-97bd-954ddf145835,0.2397,link_regional
61784f92-07f7-4311-83ba-f008e6bcddec,61784f92-07f7-4311-83ba-f008e6bcddec,0.4524,merge
b0a384f4-511b-4c66-b45d-df690efe5ed4,407c4d2d-d940-422d-9120-9951620ab7c4,0.3107,link
741a695f-a537-4293-83b9-3ff5715e728a,67b94bf6-c7c9-4878-9cd7-402010e29c3b,0.2377,link_regional
cbf0b343-31d2-4d61-9620-a1ba1e9c14f4,d8e3d994-024b-4e85-9c13-d516f52eaea9,0.3052,none
9430543d-0d30-4cc1-89a1-f05bfa85b0ca,f71ee09b-a5ed-4612-98b2-6a24097c78de,0.1613,none
4ced63df-2df1-43f9-b3e6-913f1cfd21be,e1ee6de3-48a1-4fcb-9502-8ee5f036a97b,0.3422,none
1f2b0f78-3158-425c-8e05-44b7e7b9e6f1,d47734fb-6833-448e-8b9d-a716f12ae2c6,0.1756,link
0b21e916-f956-4b58-8285-8a0f3c9b8d46,a6fcc502-ad30-4d55-9499-993bcc7441fa,0.1555,none
4ecd36a9-b8bb-4ba9-babf-fd44266b4199,2de685be-cd2e-40ba-bf32-12eb4829bab2,0.2473,none
ca0f26eb-d97c-43fa-8222-734859ca4ffb,5e6fb641-f81d-4745-bbfd-5d4dff0030bf,0.2332,link_regional
bc5c39e0-4192-4b9b-bc32-2c692e9e8600,6b3a14fc-05c9-4646-9b63-ebca20adebc4,0.1667,none
5d73586c-6cca-47f9-a419-97b6753d2b37,9d7bf08e-c439-49b9-8118-4206bc9b3d08,0.1519,link_regional
c6b1efa2-1632-4603-8bb2-93618ab244fb,3adf51a6-4fb7-4e9d-8be7-f0df71339fa0,0.1765,link_regional
1ea521a2-eb38-4d79-8df4-600fedf07168,ad0204de-5762-4480-a2b1-e2a2c13a7b27,0.1626,link_regional
b87614a0-31c3-4caf-9189-024462e8e224,a9107a34-d51a-439a-876e-ad092a7dc51d,0.1327,link
d746e7a3-4d20-4e1f-9397-edb3fe6a1eed,12f5091c-0c5f-4c86-986e-fc721ea9f204,0.0814,none
b430b6ac-b882-491d-a340-a6b89aec3411,3e252b19-51bc-4298-a25c-07123ca18354,0.1586,none
0dd9aaba-8194-414e-aa7d-30eeb908bd2e,49e237e5-dfbc-49e2-88c5-bc426f506817,0.2238,none
2a0550a4-f0d6-4f3c-9b10-60ee9b9a6dcc,aaa1d59f-a5c5-40b0-808f-be2bf816aa5c,0.3729,link
d3e2ea57-8b18-4224-a741-25c559485b13,18e9a53d-1141-48c7-bddb-54eb75d8b6d1,0.1176,link_regional
4dc39b7d-8c9e-4c8c-a295-811d3a5ba6e6,4dc39b7d-8c9e-4c8c-a295-811d3a5ba6e6,0.3097,merge
0754bdd5-31c2-4a47-bd19-c7d2f63650f6,8789916f-1baf-4fb9-952b-2a829ba66dab,0.139,none
d583f088-f623-40f4-98fe-787f4585629f,d583f088-f623-40f4-98fe-787f4585629f,0.4568,merge
fc438fef-b04e-4753-9e01-442e796a718d,bef2deba-047a-4239-8f94-2dd409b27d3c,0.1524,link
54ac6be9-fc1e-4aa2-9d18-cc0a4c4d4598,54ac6be9-fc1e-4aa2-9d18-cc0a4c4d4598,0.5046,merge
fb193ce8-19f1-47b7-ac0e-44e6017c517d,b8e6d19d-29eb-4e03-b4cb-98d9085af69a,0.3529,link
3e0d12fe-6e74-4229-b9b3-1ceb69e06c7c,aa61cff3-9481-44b1-84ae-65244fc40d94,0.1725,none
5b670797-447d-4beb-8641-919b43bfd09f,f660a72c-19db-4acb-8738-3b0eb6ddcf5b,0.1669,link
0ef7777b-6d72-4f79-a633-a7aaf3125128,bcb30dd9-2ecc-4fc1-a5db-6d20d7732fba,0.1891,link
d594c596-b579-4820-9661-182faa60c82b,92d9e4f0-6171-4833-9526-ac312d0f022a,0.1669,link
d924596b-523a-4347-a260-37ba6581a6ab,d4d53539-e389-4914-aa2e-ab67bfbeb134,0.1292,link
0537e24d-714d-4ef3-adcb-bb24b4fd103b,aa07f595-1e59-4606-a959-2faa5b6d1c9c,0.2246,link
f6f762c4-6d01-4cc9-adf9-a9438d531567,50d96dff-9f63-4dcc-85af-1ba1b7542313,0.2035,none
e821b9ff-c3dc-4378-bb21-bdbdd6a0942e,914fe0ce-99bb-4fa4-9351-419e960abb68,0.2062,link
374af1a1-d939-4316-b125-9d45f9641424,f18b3478-37b0-4e72-bdbe-307d964c2c1f,0.1665,link
3c01e1ae-a444-402e-942c-7fb612d67beb,325a97ca-c554-4f10-ba09-77e12065a553,0.0995,link
e6e418bd-1f8f-410c-a16f-3954a67db051,e6e418bd-1f8f-410c-a16f-3954a67db051,0.3448,merge
5fdee5bf-0b92-43e8-bf26-ce5512b0c871,862c2cb7-2544-4462-ac73-5c2345b42e29,0.1704,none
543454ce-f500-485f-9be5-a023bc94961d,b1c1dc57-df67-4d6a-b65e-6cd78af16b47,0.1155,link
225690d3-f54b-4496-a59b-46d2d6d2c9aa,887a1afe-f40b-4df0-874c-7de63ba2e68c,0.2155,none
8bd22266-4fd3-4be9-a296-dd02c49db66c,c6487949-b71d-4800-903f-bbd7baad103f,0.1854,link_regional
9399e2fe-fa4c-4dff-b32e-43bb8929f0c0,d0c53f0e-bbce-40ed-addb-841f9f2588cd,0.4644,link
6d7286b2-9fee-4db9-837b-0e4cd2f33831,6d7286b2-9fee-4db9-837b-0e4cd2f33831,0.3289,merge
c701910b-ad91-43c0-b911-331f7c64b213,84631d57-04fd-42eb-970a-39615de569ed,0.2206,none
80db8d88-8667-4049-b988-f8de1bdc6549,d35a911d-2e9e-4927-a60a-4e709a690693,0.1797,link
34f1c11e-f4f6-457d-bcbb-0af660c7b0b3,6f75dc5f-66db-400f-83e0-93bb41edfd10,0.2654,none
e645245c-97aa-46b5-add1-e23c29084a77,d35a911d-2e9e-4927-a60a-4e709a690693,0.1622,link
8b770fbb-d2b4-45cc-8d0c-50cfefa1df6e,8329e721-3ca6-4935-9a20-6169433e8602,0.262,link
b8d8609f-a528-4f96-af7b-e3abe77fbb28,a8c251fe-a692-47ee-9c42-1f062fe289aa,0.2784,link
46602863-0fbb-4473-9480-77a3e666c4db,583a546e-f830-4d55-81eb-66ca3285ed57,0.161,link
79ddc701-2117-4674-a2a0-cec955cfea39,563d896a-75d0-4fb0-8d5a-9e70361d774b,0.3092,link
9dcbafef-2ff2-4a74-acba-446ff8e65756,9dcbafef-2ff2-4a74-acba-446ff8e65756,0.2505,merge
f57c9fb6-46e5-4b24-b45a-2d3daeb78057,38e0d75d-2870-4b66-9c7d-faf69992d5e9,0.2095,none
b91b7de2-e5c8-4c78-8f21-be4373f5b7b0,7560b55c-f94f-48b0-8118-b8bd614d1b8e,0.1041,none
6f75dc5f-66db-400f-83e0-93bb41edfd10,6f75dc5f-66db-400f-83e0-93bb41edfd10,0.2693,merge
7dcef716-5865-4fed-8e64-2b307b86759e,7dcef716-5865-4fed-8e64-2b307b86759e,0.3028,merge
54c2c832-cf89-4b96-a0d2-5462da709419,722f7511-550e-4057-8435-fc151eaffa6f,0.1935,link_regional
6217a75a-0498-443f-8671-7525d712cbf1,b4ac6073-5d0a-47ee-ac12-ec0a9f7fa34b,0.1275,link_regional
755061f8-3ef6-46c3-91fb-b0d9144a40e4,81491d2a-fc2e-4443-8b2d-23cf4c621abf,0.1854,link
d40cb1b0-5f1c-416e-81dc-6cc82c836b5d,d40cb1b0-5f1c-416e-81dc-6cc82c836b5d,0.3053,merge
ebf0ce41-537c-4650-8cf7-d2871e520d89,ebf0ce41-537c-4650-8cf7-d2871e520d89,0.1534,merge
4bd15736-d43d-417e-b481-620134115922,4bd15736-d43d-417e-b481-620134115922,0.1915,merge
af5c91ca-c286-4919-8085-a37b7346d2a3,f660a72c-19db-4acb-8738-3b0eb6ddcf5b,0.1391,link
b27a276f-6904-40f2-8997-1e732da77045,bef2deba-047a-4239-8f94-2dd409b27d3c,0.1269,none
e26181b1-27e3-445d-a24d-74e1c2d000e7,7e9dc193-cfbe-4f64-88f9-56a7d7d0150f,0.1356,none
8fd114ed-b32d-484a-8934-b49f23fec4af,2082b2b5-cf15-40bf-9883-75ea60257f1f,0.1185,link
dece1645-cd34-482c-a5b0-3e934507ff8c,2082b2b5-cf15-40bf-9883-75ea60257f1f,0.0988,none
64ea597e-e405-45ea-ae17-d6c289cbf124,c1065219-ec8f-43a3-a6af-934dbad25ea8,0.1789,link
0de1e38b-9361-496d-865a-3da08049af1c,f5097de2-56b9-4b8a-b2f5-446b619d3602,0.1561,none
a4b63e34-d40b-429f-bfbf-0cd5f3d92d67,9a79f97c-41cd-460d-b8df-71caf680628f,0.2051,link
f498b24a-bf6f-4fdd-8be6-5819ef1f8780,f498b24a-bf6f-4fdd-8be6-5819ef1f8780,0.2674,merge
f498b24a-bf6f-4fdd-8be6-5819ef1f8780,f498b24a-bf6f-4fdd-8be6-5819ef1f8780,0.204,merge
87ffd168-f389-4e6a-81ea-c59f1aacbd03,6f75dc5f-66db-400f-83e0-93bb41edfd10,0.2162,none
797cae65-2824-4734-a8ba-c7e3864dacac,31c793b6-8612-4821-bae2-83fdbbb88273,0.1392,link
9d000bd5-c1a3-43f8-8747-a9ec7434ea27,9d000bd5-c1a3-43f8-8747-a9ec7434ea27,0.1764,merge
653c8133-9c45-4726-9989-466f7e865fa4,d35a911d-2e9e-4927-a60a-4e709a690693,0.3071,link
9d86c958-f83f-4621-aa7d-7a5a5042a4bd,5b37a619-563e-4e01-a9ff-aea2f44a8156,0.1676,none
e2c9c3d0-c449-4734-afc8-cd353fbd9d8c,e2c9c3d0-c449-4734-afc8-cd353fbd9d8c,0.1493,merge
edb2729c-93d7-4271-b31e-139fad6e0e84,ec31009b-ec45-4ed5-8014-82e1abe5a4be,0.1662,none
842ff1eb-6be0-42b1-b5b1-0e176717c5d3,dfc3e5b9-c1d9-437c-bbf2-a63a85ff4d53,0.1174,link
c702b2a6-c5ba-441d-9946-07ed43d59f1b,01c2f311-ac14-4cee-ad3f-77489b9bfac6,0.096,link
5959041b-79ae-44f5-ba27-a5c8703db6dc,12327dc0-6ac5-4e64-87e9-0435c5f1f06e,0.1248,link
03c26cd5-3947-4679-b1d0-fbd36592ea24,4a16adfc-0027-40c1-bc75-650506418723,0.1628,link
83d4e888-f4f2-4bff-9f7c-f6b5703b3bcd,007fc8d7-1391-4747-af6a-e33d28038e5b,0.0678,link_regional
9c46ed09-bf42-40af-aad2-73edfa180f8a,f660a72c-19db-4acb-8738-3b0eb6ddcf5b,0.1452,link_regional
0a945e27-e1ec-488f-87ec-d74a6e4ce02c,52eb55e9-0570-47da-801c-c4136aecf443,0.3184,link_regional
06bc8710-f5e7-40d2-980a-f87f7fb80b1c,71fb024e-09dd-4324-aa8c-a3988f2a15b3,0.3572,link_regional
81e4be28-4729-410a-b42d-6bd33f6845ab,81e4be28-4729-410a-b42d-6bd33f6845ab,0.4712,merge
30291368-8373-4c96-b728-546b2c5a04c6,30291368-8373-4c96-b728-546b2c5a04c6,0.4507,merge
5ac86e85-d1d5-4ef2-9cea-3503dd53b913,d0c53f0e-bbce-40ed-addb-841f9f2588cd,0.2661,link_regional
aeecd9a4-5e3a-4a94-bf11-8f7feea4bb2d,5a4863d3-559b-48e0-b727-d3a64abaa54f,0.2846,link_regional
a2b8be2e-8f34-456a-aedd-2ffde0d9ecbb,1337f2d3-596d-4d6f-84b6-f3fdc13e3de8,0.2084,link
25a9c695-c559-4bc4-9e7c-76cae941cfa5,ea32cd97-ccf8-4a5e-984e-8423ec9ac591,0.1122,none
273b860c-b7da-4dd5-bb77-8484c1bc1b68,ff75580c-2c76-4c42-b9d9-b250d47b812b,0.1692,none
7bd69d9e-e128-4f16-ace3-5b77f21b7e7f,7b4b5bc6-90dc-5ac7-ae2f-b23bc4232bc8,0.0836,none
f8660fdc-d6a0-4ae2-b457-ab4235c194d2,1caf0827-2de9-45d0-9bd6-caa1d37f9f51,0.1784,none
689e4ac0-eedd-402d-8c6b-5f1df07d9ac6,8da948c3-2e8b-4fad-9563-47205fa13d7e,0.2024,link
82cd8756-bc43-4182-9121-74d9a3aa4b5c,ae19d03e-4ef5-4520-be92-31148a173fd4,0.1669,none
9ae61241-473f-476a-b7aa-ac3cb3f1e9a5,7756b7c9-b75f-44c7-9290-04fd95e325a4,0.112,none
c6395663-62a4-488b-8769-581e08a2f45a,1829cc31-6a02-4013-a478-ac2c0061b4d9,0.1642,none
393f911f-e4a4-48fe-b327-122d82c3256d,62ce6229-c143-4956-bc15-59a185e51db5,0.2057,link
a7bb2aa5-ea0d-4391-86fc-d04e98ff9dca,f103db3c-43d1-5839-a76e-d0c41ae5a97f,0.1245,none
448d2971-4729-41b5-b2be-f66adfa7b058,42bd6ba5-c571-41c2-9f16-4c681b4b1827,0.1094,none
9866d6e4-5ce3-435a-8482-c9de5f907460,c503da4c-7e43-42aa-9c54-3933f69485fc,0.1923,link
12d5b5c9-926a-4772-9623-8dd0667b1c2d,12d5b5c9-926a-4772-9623-8dd0667b1c2d,0.1645,merge
6ba27cfe-6ed3-495f-8248-b66fe2d70461,d1173af9-f5d6-4fff-a70e-057a08c61480,0.1677,link
3e252b19-51bc-4298-a25c-07123ca18354,3e252b19-51bc-4298-a25c-07123ca18354,0.4046,merge
2c5e2797-5b26-4924-8d84-68090d72b2b3,3694f8d6-97e3-4255-ab4a-35e0b9a6e81a,0.199,none
1f5126fb-950f-4129-9590-d1d9d0f20e71,4e3cbb18-9f1e-41f8-a308-3f567bab31e3,0.3333,link
6587adcd-2f38-472f-a290-64f8d93e3685,e093c41e-b858-4a1f-b825-b03ae355a7a2,0.1783,none
bd6e7a43-dabe-4291-8be7-c627e6d68531,9d245fbd-cba4-4764-b36a-c24eee08e89a,0.1366,none
6330815d-cdb5-4fa9-952e-08fd5ca1dc60,6330815d-cdb5-4fa9-952e-08fd5ca1dc60,0.2821,merge
54c2727a-7956-4311-9afc-e9ccbec44528,fac90ed1-5c17-466a-9b9e-42321e8e4735,0.096,none
afe75ad8-4f09-4d18-9de1-bff033798558,c594cfab-d649-4a57-befe-e38bff55a471,0.1534,link
923e29e4-c701-479c-a5ea-0975f037dc8a,b9d27304-5ca2-57b9-968d-e5c946985513,0.1261,none
4c69eafa-6851-4746-85b6-0bdabb1d1ec7,4c69eafa-6851-4746-85b6-0bdabb1d1ec7,0.2913,merge
6b08db0a-7c26-4725-b87f-9936e8609881,bcc19e4c-f47b-4d90-832b-b1b8e59a43d2,0.4037,link
4d618e8f-2691-4ba5-b994-6e7fbe3027c3,01e9b3f5-2868-4300-b264-66f922f107c6,0.2491,none
a00d84fd-b466-409c-8527-db9002669145,96ea2549-9c14-4845-b9e9-58a78e2b7d4f,0.0947,none
a01ec737-02a0-4b5a-90cf-63ffea05367c,1345bdec-4e2b-4391-a351-56bc4b0e889e,0.1883,link
637044db-01c6-437b-8b64-b7a8ea48331f,97b3c7cb-e184-4639-b484-1dfa4eb879b6,0.2747,link
1bfac6bb-43fb-4333-a380-0c24f61128a4,2f15c06e-b141-4d85-97c6-48473bcca56e,0.2874,none
c7061fed-f433-43f8-8ac5-492cd010075b,cd631284-e036-4846-b91b-d7f7d9ee85b8,0.1573,none
756cec73-79c7-4d85-8790-f28757f4f268,5d8deafa-5906-45bc-a1e6-2e665ec28f55,0.108,none
8869ef64-1645-4bfc-81e3-030c0fc5ca1f,a08f1ab1-073e-4edc-88c6-9c9a96795fd8,0.1491,link
f7a2d96b-6aab-4643-a21e-a12eaa52e43e,cdfc4e77-1a52-4f5d-a0ca-e33c8c3ef562,0.132,link
5ca9116d-d576-4abd-b849-cf805ad22428,dc6e98a6-71df-4dcc-adaa-2c1276805c3d,0.1715,none
08faa5c0-4832-4c5e-96cb-ea75e50e3edd,cb13aa3a-1952-4694-979d-63fbf207eac6,0.2662,none
5ed23357-bdbc-45ea-b8d2-56ddb0788367,efc3ad9e-2e8b-45d9-b16c-34f0c2613498,0.2188,none
58e6c9b9-d643-4bd6-ab05-49b7acc0456e,19e8cf3c-9b9d-4282-beba-4b40138b13c6,0.0571,none
edbc844d-654b-461e-bc17-7e79ea6de07f,f3404c56-bcdd-4962-88c7-72d11686e6f4,0.1345,none
fc3efde6-190c-40d3-b5dc-3fc41064ec03,22918a5f-c7cf-49e2-94f6-b8c6c59467fe,0.2005,none
f6f0303c-107e-4c1d-8500-c990fe4b58b2,56a2f248-f0cd-471e-9fac-278c54df917b,0.2519,link
48529c02-37f5-4b4c-9411-bfaf416318ac,fa5564e6-156c-4910-a119-f23a9c4e7e8e,0.1504,none
3107e552-6bb5-4782-ab5a-1ab41a207a10,9734a26e-82bd-47ab-b91e-51ceb7b6f64e,0.2321,link_regional
f22d8c75-ccbb-4b34-9157-25c97617dcdc,9734a26e-82bd-47ab-b91e-51ceb7b6f64e,0.217,link_regional
fef6b3cd-96ff-4875-b763-58657c6b2d8e,b6407e0a-a7f1-447e-80a9-057a8f15857c,0.113,link
2348acf4-44b0-4df8-b795-7f4fd13d349d,52eb55e9-0570-47da-801c-c4136aecf443,0.2186,none
a899fa3e-5138-4247-9348-df6f07ac9e61,9cd434a7-4cfb-46fb-b613-821f45228d25,0.1272,none
0b132118-25ff-45c2-b6ed-85e504640301,b2058c56-c204-45e7-ac29-aa35a1aef73c,0.1403,none
26afb4ca-c77d-4da3-a389-7eda1b8cb662,86fae74a-5855-43c2-bb7e-44266815f0be,0.1617,none
1a17e316-f3dc-4b3b-940e-f13a6cf41640,9db20eb0-629e-4ec5-afef-ab9ad3e58a81,0.1136,link
f8ad758a-5da6-493c-b13e-3e4907e3692d,22b85cb7-9096-4c52-bf10-a00d2a010f4e,0.1151,link_regional
cc995e68-1a5a-4a9c-b086-1ae9c2eb7a1a,b34656b8-4c93-48be-8da8-d04ee269f665,0.1565,none
241199b0-b995-45aa-9963-f561d9d80f3f,deef3073-1190-446f-8223-732a789292e1,0.2813,link
d308ab9a-c4cb-4270-b449-6f6ce7fdc651,deef3073-1190-446f-8223-732a789292e1,0.3099,link
cdeea3b6-5396-42ca-b7a6-f564c60d329f,67a619e3-dcff-4608-bad8-bfcf40d6790a,0.1612,link
0d741e78-eda3-4916-af1b-58951173389c,ddc95cec-c9d0-4357-bab8-de8b3f9a4f4c,0.2134,none
2618d9b8-b1ea-4dfc-9a6e-d4017368e234,2de685be-cd2e-40ba-bf32-12eb4829bab2,0.1334,none
e0cff01c-e3c3-4c82-9f84-36b5240b3935,eadca6e2-13bd-44d9-9acc-82cb57b322e7,0.1858,none
e0a130e8-0445-4be0-9cdf-fe406c69bd37,07ada203-6126-4e8b-89ab-b155ee46ac71,0.3082,link
9c804bb0-44b8-4e30-a300-03462bd85ef9,9c804bb0-44b8-4e30-a300-03462bd85ef9,0.3764,merge
9c804bb0-44b8-4e30-a300-03462bd85ef9,9c804bb0-44b8-4e30-a300-03462bd85ef9,0.4168,merge
365d95e5-0776-44d6-8459-263568ae3236,365d95e5-0776-44d6-8459-263568ae3236,0.1888,merge
0276fbb6-64b2-41ac-bed7-52440c525166,92bcfc9f-d691-4dac-8c54-78cd97062497,0.1335,none
ddb7bf21-1258-4da4-ab30-a3355cf977c4,7e9dc193-cfbe-4f64-88f9-56a7d7d0150f,0.1207,none
65ee2b98-d2c4-4aef-a840-8c0ebec3084b,65ed4db4-aa68-48cf-ab09-b2a3aa4946cc,0.1781,link
a55a701c-f516-4380-8abe-21331aea3bee,44a575c8-54ad-49ea-9e6a-29ed026afb61,0.1832,none
39e94a8c-f18a-4ed1-aacc-ee0a7809bf51,4891868e-844f-4bd3-a051-9c981d9266b7,0.1697,link
517f983b-038c-477d-990c-dafda7955d43,0c0855de-a504-4922-99eb-4a9ea2495761,0.4632,link
6cc8268b-63a2-4c7c-8df5-833e2b410486,2a2a217f-f8be-4886-b6a5-4b989d984c4c,0.1682,none
bd9cd28c-c821-466a-bee4-eae97687f75d,4be8cb64-e938-4683-b7ff-522ee640e02d,0.1801,none
4abe7310-f9a8-47fb-9f62-f759b921e300,a52fffce-60bb-418a-b026-9def4448905b,0.3987,link
79e630fc-9a23-4a58-9058-7008d74cc8fc,1047708d-286e-446f-ad24-16523a09d2c2,0.3459,link
5e435233-b571-4ed7-9ccf-b995b416a154,cd9ed376-0336-4345-bf33-edf5240af998,0.165,link
681e99f6-c632-4642-9d77-e403d1606f5b,2fbe801d-9dd2-47d8-9ca6-02f7fa9b726d,0.2763,link
7aead04b-d5b4-4af7-b497-b5dcf1a86fb0,238dae2f-a9b4-4133-bc6c-1fd4374a5119,0.2633,link_regional
2840d346-ec56-4d6a-b2de-b35dec0016e7,a1196a44-a336-42f3-9b55-b6e27fc7d180,0.1508,link
a0cb053e-4cc1-40af-a7f2-3b809ef2ddaa,294cd9bc-5bcc-4747-a05b-043d647da0b4,0.4275,link
5386f3e6-8a6e-45e7-a94e-8b979feda32d,23e540ea-48f1-4c04-a8a7-73441fa2fbae,0.2572,link
4fd8de1b-1bc3-4f67-9d98-08271cd0b278,4fd8de1b-1bc3-4f67-9d98-08271cd0b278,0.1873,merge
ff0e027b-c283-4c44-9946-1e904587c6c3,a60599bc-1af0-4ace-9cc2-bfd9afb18bf9,0.2426,link
d6776fc6-f17b-40ca-99ff-60c2653c2a63,45e2113f-7091-4914-be7c-d39f9e942aa2,0.1946,link
6d1a4348-dfb7-4e24-85ee-d4064d8d1794,dfc3e5b9-c1d9-437c-bbf2-a63a85ff4d53,0.2079,link
47cf50cd-aa10-4905-b8ce-0ed1c1ab24bf,7903373e-058f-4d1d-8a1b-0f8d0d82d26a,0.2194,link
c03e2373-eeef-4e77-9b7a-1c8219e7fdfb,c03e2373-eeef-4e77-9b7a-1c8219e7fdfb,0.2052,merge
a676c7e2-0dcf-4011-9f40-f35923fb56d2,61e19d26-92fc-47b1-8645-a0e13134846c,0.1391,link
d1c7b6be-9314-42b8-bf07-03e71f7ede0e,12f5091c-0c5f-4c86-986e-fc721ea9f204,0.2877,link
5b1fe6fe-ad9f-4a1b-92b9-3c6e0cd07c4b,10ae9cab-0fc9-5585-8b12-01a90fb6f4e6,0.1529,none
fa4908e4-b668-4c7c-a27a-4c829d8610ac,fa4908e4-b668-4c7c-a27a-4c829d8610ac,0.3037,merge
a5613234-e385-41ba-8042-67a100fbaf0b,a5613234-e385-41ba-8042-67a100fbaf0b,0.3277,merge
a8fffaac-170b-4a83-abe0-6156d072d681,c14ee90d-0c31-4b96-beff-01fe9ddb6b93,0.2387,link
018981ea-3e7b-4b20-8cf4-50d15d4f9361,018981ea-3e7b-4b20-8cf4-50d15d4f9361,0.4131,merge
6b61147d-c158-4e6e-bf3d-b9d5384f0cc6,c6487949-b71d-4800-903f-bbd7baad103f,0.2818,link_regional
5c1f2699-b375-48e5-a579-dc3c21a48f34,71fb024e-09dd-4324-aa8c-a3988f2a15b3,0.395,link
fb6d5b7d-bc9a-40be-9daf-1d1df955dda7,d8e3d994-024b-4e85-9c13-d516f52eaea9,0.2429,link_regional
b728a6a7-e462-410a-a5cd-ec6824b24e62,52eb55e9-0570-47da-801c-c4136aecf443,0.2211,link
c6781c7b-95f2-4456-ac92-0c56d22a6d86,7131451a-083f-4cce-8164-09f9b04820ca,0.2215,link
aedc4316-6305-4a85-ac52-a59e20c7464c,1fc9cda1-28a8-4113-8efc-c4dd0fd7b9df,0.2143,link
c4ce9c1f-813d-4b2c-b32b-3782a000aa03,d0ca70fb-f96e-4276-b0a5-9ea6c91b9568,0.2968,link
aea71adb-0208-4bee-b24d-cd0dd377d842,db4c25ad-9892-5abb-bcba-2fc9781d10f8,0.1796,none
de37f3b4-7c36-48ce-9415-d23c55cac212,71a69428-42b3-4877-a90c-8e9a16532059,0.1503,link
b25bc936-103f-49a2-b706-acf195d57fec,46242c1d-bd24-4bb2-9c69-973de95072e3,0.1518,link
8f76843c-653f-4ec9-8d3e-4ff466d66277,2ad593d5-1a39-48b9-9850-5672ad68175b,0.2175,link
55a38352-a4b7-4885-8936-f18539fa8164,d0ca70fb-f96e-4276-b0a5-9ea6c91b9568,0.1869,link
aaa58d3b-4b1f-4b41-b68b-d0e82b1970d3,9518167d-b0c5-446a-bcfe-3cecffee20a9,0.1339,link
b1ec64e8-b23a-4048-9acc-46205fc54cdc,c6487949-b71d-4800-903f-bbd7baad103f,0.1719,link_regional
50977cbd-c4ba-4753-a2de-395814134379,61784f92-07f7-4311-83ba-f008e6bcddec,0.27,link
796d3363-7cfa-4668-8e88-af6036d065a6,f94eb05d-90cd-4b8d-aca0-e13f7e9ae889,0.1722,none
51df47eb-de8c-4138-88d1-0d40b754cc98,4cb1d8bf-4a65-44fb-a003-2a460f6cc970,0.2357,none
0a6ebb03-d2ef-4386-98bf-55a1c17fa324,c8df6eb5-9647-4c1c-80f5-2062f8d32a83,0.1754,none
332d901c-43a4-4983-8cb5-b8d61d00bb57,5ee23f06-906f-4f6e-a1a7-a841ddd19381,0.1353,none
8e41b965-a68b-432c-9320-d6cfe565428b,c6cd2c9c-9572-407c-a9ea-1b946e9b2ad1,0.1861,link
87f0e012-bb55-46da-93a4-5fa5f86ae8c4,5ee23f06-906f-4f6e-a1a7-a841ddd19381,0.1254,none
07f7bf04-bc0c-4413-b6d0-b9de739137eb,86fdf47d-4c32-4162-a4fb-ac14d7dfd62c,0.1216,none
ca7cad5a-6c2d-4a07-92e5-61e3d7df19fb,139cf6a8-c71d-4d3e-95c7-5fa061db4da1,0.1616,link
d330cda5-858e-4dad-8840-4db6b216c619,41680330-3190-4632-b50a-82b3a2a52ddb,0.1181,none
0cbd1b62-14f0-4004-815c-afbfbb594626,0cbd1b62-14f0-4004-815c-afbfbb594626,0.3598,merge
b9d8f095-8f61-44a8-ac10-a39865dfe5a5,982c7a1f-098b-48a9-af2c-86107b67a6be,0.1389,link
742e4a85-20a6-4ca3-ac8e-4b43a5baac2c,760fbaae-f7c6-446f-b982-3b1b049def87,0.1488,link
cb67704d-4d7a-406b-8c69-14e3c5f5f14f,0cbd1b62-14f0-4004-815c-afbfbb594626,0.1301,link
48a7c4fc-9640-4ead-bbe6-ba08f34810a3,2b1f3176-999b-4da3-9e8e-358f46487097,0.1974,link
24c3ef0a-1680-4118-9d97-ca9d985604af,24c3ef0a-1680-4118-9d97-ca9d985604af,0.3505,merge
130eaadf-ea54-46a6-a5bd-a35e3c657c88,6b413330-b46f-44b8-8d77-073d9ac109dd,0.1785,none
c85598d4-5af4-4aa9-a061-1b9438295e80,6a6d763c-d8e5-4008-9bab-fa6bad0feef2,0.1307,link
5f1bf8d8-4b76-4d69-8fbc-5a4ff1f7d53e,0e1a54ae-3f5c-4949-b3ec-844c695bee0c,0.1399,link
958f02fe-0116-4980-8c96-bc505089ff2c,f208e697-e1d1-4d3e-afeb-78e6438154e3,0.2138,link
52deb3d2-8881-4a8c-ac3f-09490cb82408,244f10c9-d391-4cc7-9fa9-d1704c2586dc,0.1243,link
33c72e34-a51d-45b8-9cec-038bcd0613f6,ea00b95f-a625-4bcd-8534-794d85e0bf9e,0.2131,none
acc10325-41da-453f-8396-8526553f8952,4be6ea75-d318-4224-88c5-789c4872e362,0.1592,link
82e383fe-7cee-46bb-9f81-954ac442e879,0c2bbad6-9f60-4f71-b3f0-570c2b823d66,0.1166,link
69035a3d-4f85-444a-9438-16e5ea78ace6,846aba5c-5d5d-4c7d-a825-06459bcedb59,0.1733,none
cc804414-0544-40c8-bbc1-b2ae43048fdb,cc804414-0544-40c8-bbc1-b2ae43048fdb,0.1437,merge
d246b5a2-76ea-4373-80ba-d0a77c486249,4d73e305-96e5-4211-a413-9b745322e50b,0.2114,link
5049435f-2d40-42ff-a54a-bf5cd702af9a,1c52f470-92c1-4461-a7f8-efafabb13dca,0.1566,none
ef9f6661-ccfe-4e42-b270-52aa2d040f53,3290f026-bcf8-4623-b321-cb176e243ea2,0.2266,link
2646ee57-8a1f-4278-b306-038815ae1971,a9a7dcf9-dcb7-4b22-acc4-d09e5ba6a5a8,0.1229,none
28c18da3-fd37-48db-abde-7a9995f3d6e2,28c18da3-fd37-48db-abde-7a9995f3d6e2,0.2886,merge
2573f768-6b2f-43a6-8fbc-d0d89804df5a,5c2e13e1-fce7-4fdb-a46c-158a58eca283,0.2456,link
05c61e81-9767-42e5-9a63-29a74c8a2432,05c61e81-9767-42e5-9a63-29a74c8a2432,0.4118,merge
10f8fa7f-ab5b-4e85-9a2a-9d2378255578,10f8fa7f-ab5b-4e85-9a2a-9d2378255578,0.351,merge
8348e295-7a66-4225-a78c-69636375fc7a,25e415ae-45e4-47ac-8d0a-10a08e7bdc69,0.2076,link
17926c6d-9fb0-4910-87a8-05926869e805,cb00ea3e-4fb7-44b5-876f-a444b19830f9,0.2329,link_regional
29e31f24-d6f6-407c-970c-233f07291de9,4dce0adb-460f-42ef-86ba-dcb440fbfa20,0.1206,none
64c9ed2b-e76d-4861-a930-15779100e8b1,40ad110f-50b4-435e-9054-11917175a39c,0.2539,link
569f2f5d-f856-402b-8256-4ceab957e55f,5b253d91-61d9-4e23-91a3-ba19d872cd7c,0.2637,link
af1919b1-ecf2-4de3-a1e3-068ff723d493,281dcc1f-95b6-467c-8551-eebe1272195c,0.1979,link
b1cdfe90-a36d-47f6-bf25-7111699fca71,732a4ac8-4e52-4117-994b-67ed8a3d8610,0.1879,link
8a223e6b-a674-429d-a1d1-acdda4b814de,9dcb3090-e077-45fe-89ee-1ae9b71993ce,0.2215,link
fb8e7186-c5b5-44d9-90a4-74c7d5a60778,e001831f-b027-4845-8535-f4bf26681527,0.179,link
f089238c-2fec-4d6d-9be7-6f9a31a59027,c26596fb-b548-4fd6-8c3d-c0ef6814613f,0.1712,link
4193f7a6-83a9-485e-9941-147d73136201,4138628a-e50e-4b52-87ba-d65ff2220d1b,0.112,none
9faacf1f-eead-4af7-b0d1-fb664df20314,9faacf1f-eead-4af7-b0d1-fb664df20314,0.4159,merge
369f6469-6c2e-4761-8fd5-31a5361df227,d9981689-d513-453d-b0bd-001fca3876fd,0.3094,link
ec6bc1b1-a842-4d00-8890-2f2165151442,44fed04a-3d11-439c-baaa-cc542b73b66b,0.2323,link
3e00b05c-9e19-4666-b955-94bdd689e454,e6d48dbd-50b3-4cc0-b412-8e1faff3d53d,0.2748,none
653a010d-c8d8-4e8b-be76-ba2a9ae27ddf,c047abb4-54d2-44be-9020-5c53a8b639e8,0.2666,link
aa04e160-dfbf-42d5-be55-c3805b2ce006,092ff7bf-67eb-4a71-965d-0c1eacc1a8eb,0.1537,link
89ae9ab9-d72c-4e64-91e8-1b8693f30370,24c3ef0a-1680-4118-9d97-ca9d985604af,0.1956,link
56a655a3-bfbd-4cde-a5df-8240fed1facc,785fac36-e24e-4ca6-b2f8-d722955283f9,0.1401,link
0ecae841-7f6d-4718-8174-65820267befc,c14ee90d-0c31-4b96-beff-01fe9ddb6b93,0.2803,none
df43a970-71fc-4682-9e10-357a6448f3b6,13ece3f6-8e8a-4909-be34-3aa82f952dde,0.2304,link
e72d7c5d-f3a2-49fc-a652-b835b7c29ad1,2f56d52a-7839-4b8b-9b54-eff9cc2dd749,0.2392,link
c3ad3ca1-13f1-4f94-bf34-cbdb42b52933,155843d4-242d-48e0-ab27-8380cea99e69,0.1728,link
48f81bba-5a64-4f96-90ed-8e0c79d54f8c,955b9ff6-41c0-4251-9162-ee406f83231b,0.0999,link
6add49a4-d63d-4437-8384-73e2a80a44e9,e8ada03b-f580-4056-a804-07acec7594a4,0.2023,link
10b36a4c-9319-40f9-82a0-f5cfab5e25e0,8a5aa692-cffe-481c-978c-bce993e91345,0.0804,link
5f46a0e1-5c85-40b7-b6fb-03a5252d6b56,8856df85-e29c-4971-80e0-d795eefc4550,0.1744,link
29475b03-ddb0-4dfe-80a8-e7c3ad19aa69,296472ef-0ef4-42f9-84a9-d19adcc1e045,0.1553,none
f5fa19bc-8b8b-4509-8348-34371261051b,f94eb05d-90cd-4b8d-aca0-e13f7e9ae889,0.3174,link
fa1c1651-4f25-4568-b451-90f0cb89b6e4,6f842bd9-013f-4110-b9be-79327826040c,0.2599,link_regional
b2a1c84e-71c3-406e-afa4-5133fd2e0795,105f2b79-a226-41a6-871d-5e1b7f7913e7,0.1314,none
390bba91-18a8-47d7-8792-e405297ac8e4,4891868e-844f-4bd3-a051-9c981d9266b7,0.1772,link
bacfc7d8-5249-4baa-a631-5a7a67a432ea,5b8be773-d40c-4d98-b156-a1fea9b1c9c5,0.1519,link
e72f20e0-abdc-44dc-bd9d-88fed99dc782,6f78c9a9-0430-4108-97f7-66cd6cdc7a28,0.2356,link
15f28937-9bb6-4154-a802-6e1481586acb,9ac27933-790c-44bc-b03d-371c4865bf32,0.2446,link
9410d537-19b7-4ad0-b1c1-bedae551ff39,2a14e5f0-40a1-4c99-89e0-4225d853bd9b,0.2481,link
148180cf-0bfc-4de7-8047-4fc8b1cf1b05,e6d48dbd-50b3-4cc0-b412-8e1faff3d53d,0.1171,link
365b5ba6-027a-4970-8381-44ff0ada9054,6c42bdf6-e753-46c6-8ffb-b4090b9602ab,0.1719,none
18406e9d-cd59-4672-8c72-614352c470c2,73a84e34-de31-4b1f-90c5-85b615fd2388,0.1666,link
5986b59e-bd47-4847-805f-e96d80b5f24e,45e2113f-7091-4914-be7c-d39f9e942aa2,0.2143,link
8e720b8b-54b4-4c18-84f2-39732955fc31,45e2113f-7091-4914-be7c-d39f9e942aa2,0.2121,link
43eca0f2-85e8-4759-bd60-fa579ec11f34,212021af-cf45-4401-9204-d05f715321e4,0.1847,link
71ae5148-5268-438e-a392-e639c91b2613,aa457326-3bdc-4279-8aea-317683fe7c79,0.1455,none
a4171832-d0b1-4ece-9e7a-8360d6e2083a,79bc2256-e0d2-4712-ba22-b6c53943d592,0.1201,link
49bced04-8914-4ea4-b2ef-e1c579d6d7df,97b3c7cb-e184-4639-b484-1dfa4eb879b6,0.1296,link
16c74043-79b9-4f82-b649-2169f57670de,16c74043-79b9-4f82-b649-2169f57670de,0.4028,merge
bd3b6580-8373-4ca5-8cbc-0a0784899b2b,bd3b6580-8373-4ca5-8cbc-0a0784899b2b,0.2222,merge
e2133500-f94a-4c5b-8dea-d930d9893e90,d31166ab-a46c-4ca6-b4c6-19eb8e299444,0.1354,none
84ed95da-18d7-4fe9-996e-34a5f1c5e998,3d1758da-119c-49cb-a965-d65ce093954a,0.1644,none
1879a8ce-e671-415f-9794-68b0c60c6829,cdfc4e77-1a52-4f5d-a0ca-e33c8c3ef562,0.093,link
b7d718c4-c043-4a19-b4b0-baf418d1e732,b7d718c4-c043-4a19-b4b0-baf418d1e732,0.2375,merge
b7d718c4-c043-4a19-b4b0-baf418d1e732,b7d718c4-c043-4a19-b4b0-baf418d1e732,0.5477,merge
72d99206-d410-4708-8628-b6a30b480ee7,1000aa2d-21e7-4b1b-b4eb-fc39fddbd1b6,0.1314,none
fc02218c-0e9a-4a24-858c-391f3f0f753d,73250cd0-5cb9-4ee3-af87-b535c1f82359,0.1715,none
5d41d456-bc14-4543-9b69-6b2e87f5dee7,564ce453-444b-4c06-9b33-7b62329cc45a,0.1471,none
46b1711e-5742-4fc2-8122-07b1d4c89d77,56f6c231-91c3-4f38-8a05-74c95da624a7,0.1081,none
a6a5c638-b8bf-4a3b-a53f-2e92d1a5df1b,0f8bc8f0-1484-4bfa-a7ad-b8e37b2fe538,0.223,link
dd60925f-f2d6-4800-8e3d-fb4681deb36c,dd60925f-f2d6-4800-8e3d-fb4681deb36c,0.5028,merge
f2602cdd-f417-4b88-a010-a2fc82b4e519,ad803743-600d-49c5-b623-0a17e0415c0d,0.3238,link
353e7e04-45ce-47ae-b239-e1e633b61d32,01778346-86f5-4e73-a9dd-dbf9e68a2e37,0.3854,link
333a6abd-78a4-43a9-a8c4-b6373102b529,9c9705a9-ea7e-43a0-bc32-fbc7e771f745,0.3586,link
12105356-e333-42eb-8e73-dfc5ba62d57d,01778346-86f5-4e73-a9dd-dbf9e68a2e37,0.1793,link
c97e8129-8d6e-4605-8e4c-582110cbf09a,0d054c1f-bdaf-4ca5-bdc0-8e6010ef5c80,0.1392,none
fe21fa66-1199-4a0d-919e-9e38f4afa22f,99c27632-2442-42ee-bf1e-727179cc8ca2,0.1064,none
b87d99c8-973b-4796-8ea7-3e454270a464,4c9ba20c-7c5c-4fb7-b594-9688b9c31d5f,0.1958,none
862c1b32-0879-449c-aef6-3e05f7df009d,99c27632-2442-42ee-bf1e-727179cc8ca2,0.1905,none
db989a8b-f82b-4663-ba1e-993e7f806f89,0256bb03-b25f-4c48-bd53-fd481b10dd25,0.4778,link
31f5d901-d0e7-4939-846d-4e478d622480,1caf0827-2de9-45d0-9bd6-caa1d37f9f51,0.2961,link
89b9b99a-53a8-4d78-a4c2-633ae8283c51,0572f32b-31bf-4d0e-a11f-021807563c49,0.3374,link
eeaae653-d81c-4dfc-8d4a-c83dfa27c4cc,3e3462ed-f037-4098-affe-5030251d16af,0.1387,none
6e9e6666-e461-45d4-8022-4996b337aca5,e308a0ba-fd28-4a25-8443-50f6cadb74c6,0.1179,none
fa8ed08f-d375-4973-94b6-6ff4d2a4492f,cf17bedd-ac6e-4ad2-9e79-2298e8f58f0e,0.3252,link
95f68ac8-db38-48f4-9696-17017f4179f6,1f347c67-348a-4129-9628-728daa3de53a,0.2148,link
fe19ad7e-5ad7-4fa8-8f52-b9ae74cc570f,fe19ad7e-5ad7-4fa8-8f52-b9ae74cc570f,0.171,merge
1a3e246e-cf9e-46e6-b878-a79bdcbc27b4,eec2f771-e73d-488e-8643-75f8586af63a,0.1704,link
3ff5d4f5-257c-4acc-9173-87bdf6ff263e,fb1e85c1-4f35-49b5-b01b-a0238902c00e,0.1724,none
b46ed294-1325-47f3-91cc-c1d1a14e21c8,2d58fd1e-4d00-429e-8f6f-50dd9b98af63,0.1181,link
42a289c6-7cf6-42db-b378-32b1b20d67e9,e4a4410e-6875-46b9-886d-21b7196422ce,0.1696,link
4828b8a3-613a-4b5e-a603-a5f53ce05356,e77e767b-e42b-4282-9218-33b3949cea60,0.1479,link
b4a98361-7f10-4c21-89db-113d8f0ec042,2d58fd1e-4d00-429e-8f6f-50dd9b98af63,0.2039,none
2b2c81fd-b8ed-473d-9636-20f501b50eed,a4edafd2-4b08-5996-bbb9-4bdca1b10eb2,0.1092,none
c88e88ea-a58b-447e-a70b-d983a297dd3f,f36c9287-6474-450a-b249-3ab579c84717,0.1454,link
56e90b61-2acb-4711-9cf0-c43bc929daf4,d31166ab-a46c-4ca6-b4c6-19eb8e299444,0.1209,link
899313e3-cff4-4aa0-91df-9d59b7214385,f36c9287-6474-450a-b249-3ab579c84717,0.1388,none
074a2573-cb63-4576-bd34-dd34b7cee31d,a85f542e-fbad-4b18-8993-5ef04a483571,0.116,link
d674c38d-5c20-4deb-a1d0-ace2c9efbfae,6af51612-bb6f-4eed-8d03-5fc416ca6bf0,0.1314,link
bf7130b6-8711-49bc-b676-9eda162bb171,38e0d75d-2870-4b66-9c7d-faf69992d5e9,0.2841,link
64f1defc-e812-437f-b237-808d5e8e03ff,64f1defc-e812-437f-b237-808d5e8e03ff,0.319,merge
4f2704b8-a474-4483-890f-b8374dea6d4a,4f2704b8-a474-4483-890f-b8374dea6d4a,0.1927,merge
0e3fa710-3131-4a74-bbc1-7a06ba6aae59,0e3fa710-3131-4a74-bbc1-7a06ba6aae59,0.3061,merge
39b45b5a-8398-4ceb-bba3-533e36bd85fb,4f2704b8-a474-4483-890f-b8374dea6d4a,0.2203,link
3a9ed4bc-439c-4543-b9b4-514985bb32ca,49ca62cd-d5d4-45b8-9cf9-54cebb9d4fcb,0.2602,link
627b1c82-0ee9-4c4c-8590-4b9ff5c02e37,627b1c82-0ee9-4c4c-8590-4b9ff5c02e37,0.3342,merge
df67cb86-da5a-4519-af7a-12dda33eb87e,df67cb86-da5a-4519-af7a-12dda33eb87e,0.2368,merge
42ba18e5-ed1a-4995-ab95-ae5fa27d9fc1,4f2704b8-a474-4483-890f-b8374dea6d4a,0.2302,none
90abf142-2a6c-4278-8558-baacf4b6cabc,fb1e0fd9-00f5-4106-b444-dad5c928927a,0.2706,none
2bf4b0af-4841-42c0-b968-426c7e2b68b6,fb1e0fd9-00f5-4106-b444-dad5c928927a,0.2495,none
c257f18a-5223-4f3e-9277-ce71acabe13d,c257f18a-5223-4f3e-9277-ce71acabe13d,0.5016,merge
05563457-ce26-4df8-8a68-07c48202ebac,34feb0b0-cf60-4ace-8fdb-12da5b07ca21,0.1249,none
6c846ffd-6ed3-443c-b387-c394f325a3ea,6c846ffd-6ed3-443c-b387-c394f325a3ea,0.231,merge
4207ed09-8458-41c2-8f63-dab82e14433d,24eb4aaa-8598-4967-9bb9-ff0cf377f036,0.1523,link
82c41ac0-3cb4-4ac2-958c-ffc93f6d9825,73250cd0-5cb9-4ee3-af87-b535c1f82359,0.1626,none
77fafdba-dd85-48dd-ae36-eb800c1cf710,fb1e0fd9-00f5-4106-b444-dad5c928927a,0.3366,link
62d394bc-48f1-438e-acbb-34998172f356,fae10c97-47a2-4ce7-ab5b-9da2c69962a3,0.1744,link
28809e59-45cd-4df3-925c-6cfd0f13c054,e6a6162e-9785-4a86-ace9-05a9bdc02bd8,0.1757,link
5203bf0e-97b0-4214-85ba-23ae072a41f0,5203bf0e-97b0-4214-85ba-23ae072a41f0,0.1688,merge
0cc59e95-896e-4933-91a6-a9b02d4ac926,0cc59e95-896e-4933-91a6-a9b02d4ac926,0.2059,merge
f943cd6f-a3a2-499a-85e3-3dabbe00f2b7,79bf3481-d6b0-4169-8f1d-4780f3f0bad0,0.1584,link
d9981689-d513-453d-b0bd-001fca3876fd,d9981689-d513-453d-b0bd-001fca3876fd,0.2838,merge
900ed6dc-b44e-43e8-b951-6b2c98a420c3,900ed6dc-b44e-43e8-b951-6b2c98a420c3,0.4208,merge
58cfae1a-5a70-46bc-b33b-8d8702723cbe,deef3073-1190-446f-8223-732a789292e1,0.2991,link
12af0f28-c72a-4288-9cf2-804331292389,655e1420-20d6-4b2e-9abc-e48bbc226aec,0.1627,link
57a746c3-280b-4f9e-9b61-da7324f7a51e,ddc95cec-c9d0-4357-bab8-de8b3f9a4f4c,0.255,none
0f3b876f-624d-4471-9bd5-4c731bbb3c6a,0f3b876f-624d-4471-9bd5-4c731bbb3c6a,0.542,merge
5e6fb641-f81d-4745-bbfd-5d4dff0030bf,5e6fb641-f81d-4745-bbfd-5d4dff0030bf,0.3435,merge
e12b4774-ed28-40ba-a13d-0629a4d7237a,2de685be-cd2e-40ba-bf32-12eb4829bab2,0.2143,link
9479cf95-7fb6-484a-8839-37507ee3e278,9479cf95-7fb6-484a-8839-37507ee3e278,0.2774,merge
27815c1f-c89a-48ba-8f50-586968306453,62fd67ec-0158-425e-aaf5-6d172a872eae,0.2533,none
89899e92-2e50-4c5a-baab-7a5382cc57d2,89899e92-2e50-4c5a-baab-7a5382cc57d2,0.217,merge
fef37d2d-ad7b-40d3-a518-f65af8148f0d,3ab8eb7e-dd3c-4df4-b2f3-34ae28ae7ad2,0.3124,link
fd079d2d-4ec1-4a89-b3a0-1f1eb8092d1c,fd051411-f9a6-4277-95c1-c6d6cbaa9dc0,0.1952,link
cd135a5c-3894-4564-bf3e-20cf60ee4704,cd135a5c-3894-4564-bf3e-20cf60ee4704,0.2789,merge
f208e697-e1d1-4d3e-afeb-78e6438154e3,f208e697-e1d1-4d3e-afeb-78e6438154e3,0.2487,merge
2314b204-c799-42ae-8b0f-41bbd0414350,d6b349cf-8d62-4d9a-a7ee-48be7eddf8e2,0.2179,none
cffbca39-ad6c-4e62-b23e-299f28c9a1ab,922b0c8f-7e6d-4e01-8df9-8f5c9a703745,0.1406,link
2af0ba44-3094-422d-aa56-74bf87bab036,4c0df311-ca93-4a64-9678-c9b35e7ce61a,0.1586,link
38da6400-23b4-4281-9b53-c1d89a028a75,5b2b7d84-92b7-4ffc-bf4a-ceb8fd9f0955,0.4518,link
cb9d0a83-492e-4b76-aa56-6646b193c7b8,fd3f3ed6-e964-5946-86e3-4b966185efd9,0.1936,link
bed7c934-523e-47eb-a4f2-d53dcbb389b6,10e160c5-3f0b-4bcc-9dca-63271f206d63,0.2377,none
50492e47-74fc-40ad-ae74-30505fa78fc8,dcfb56b2-ed18-4d9b-934e-fadf1d3a6faf,0.3892,none
5345b646-f303-4489-a666-4e122a2b0b0b,c6cd2c9c-9572-407c-a9ea-1b946e9b2ad1,0.1388,link
78d95ed6-3322-4ca9-abc6-3ee80cb83a1e,1000aa2d-21e7-4b1b-b4eb-fc39fddbd1b6,0.1475,link
44e2c172-05d7-4354-b269-1cede78778e9,4e3cbb18-9f1e-41f8-a308-3f567bab31e3,0.1579,link
c55e02cc-c91c-4aa4-a966-5660289efce4,1e4b6876-8172-4570-a844-f6d00116fa5b,0.1834,link
b6407e0a-a7f1-447e-80a9-057a8f15857c,b6407e0a-a7f1-447e-80a9-057a8f15857c,0.4068,merge
92e3fb95-2b3e-4439-90ea-b3c5273d3b86,af317a7a-75a2-42bf-91a8-94c890fb52b5,0.2292,link
c1314361-e947-4164-8268-b3a3c105e4c1,0bfc6bb1-4a7b-42f3-a42f-8afb5aa79d42,0.4596,link
7d422d9b-24df-48c9-9029-b6c80a96caf1,404de822-a17b-48a9-8d9c-dd59ef059412,0.2456,none
662994cd-c9e4-4f92-bbcc-3dabb4ccba55,b478537c-0665-4b3a-8775-acb7ebc11b63,0.0633,link_regional
538a1f18-2cbc-4d6d-99b4-4751d7cd67a1,2082b2b5-cf15-40bf-9883-75ea60257f1f,0.0937,none
de7a6c4d-0bdc-47a0-b90b-4399b08719a5,910a97c9-635f-4dc0-a319-021d46232b20,0.1089,link_regional
0a660d4b-cb20-47c0-973f-30f0f7f5edee,212021af-cf45-4401-9204-d05f715321e4,0.1723,none
a9e88edd-c1c8-4c63-ba45-1f830d0aa983,a9e88edd-c1c8-4c63-ba45-1f830d0aa983,0.1717,merge
502080c4-da74-4b7d-b03c-708a675ffc84,c68f1c75-3465-428e-9b76-0323be8e2cf8,0.1299,none
3e550bb7-6b5a-4a0b-961b-19b9e886be92,2c4428ca-d2de-46a3-8947-5c7e3857fcbf,0.1463,link
048bcb12-58d3-4b96-bdb1-d561b3ba961c,1dad64b8-60b6-47d0-8960-a503acf69b43,0.2511,none
b89d9ea9-23e5-467e-a27a-b51a263d23a6,beee345d-8781-468f-af5e-5165197fc1bb,0.1509,link
a277183f-b51b-4522-b70d-c58a81419905,c30136f1-f1fb-4141-98f9-2fa603afd518,0.1637,link
c2d98125-76a6-42f1-9de5-eec847ad286a,c2d98125-76a6-42f1-9de5-eec847ad286a,0.2067,merge
f268696a-38fa-4336-8477-bde9bbf1930a,f268696a-38fa-4336-8477-bde9bbf1930a,0.1746,merge
b99fe7e3-d9d6-42ca-9264-5a8e78db0dba,473d1bd3-aed4-4dcd-befe-f41700728f23,0.1727,link
d29f663b-a555-493a-8114-6554080fc8e4,fabc1ede-e48f-4495-8d50-7bc34c1aa2f2,0.3241,link
246159e4-d9de-489e-82f5-76d00e24ed49,246159e4-d9de-489e-82f5-76d00e24ed49,0.2308,merge
56d360d6-413a-44b1-83d3-3acadc300652,56d360d6-413a-44b1-83d3-3acadc300652,0.2212,merge
73007a22-489c-4db0-b959-d69865c2e7a4,f94eb05d-90cd-4b8d-aca0-e13f7e9ae889,0.0863,none
541dcd0b-e38d-4fbd-bc33-22122f50f252,6ea718c6-44b5-4811-a8ea-7a0ad8f912f0,0.1713,none
e2f064d0-1b8e-48f2-afca-20dcdf32dae7,cf17bedd-ac6e-4ad2-9e79-2298e8f58f0e,0.2327,link
57bbca1f-b3d5-4f14-8d7a-1954c22cc8d5,40ad110f-50b4-435e-9054-11917175a39c,0.068,link
e0f37398-5760-4e7d-a45e-65f9a2f7c802,d0cacc31-9d3f-4edb-9662-53e0df52f19d,0.1163,link
95b7c12f-6737-44cc-b303-d2582afd1458,123ac191-d26b-42c3-9eea-cb33eaeb197a,0.1144,link
f4d07232-b15f-4619-a218-c5ad9a7952be,f4d07232-b15f-4619-a218-c5ad9a7952be,0.2942,merge
0252c0e4-8a78-43a0-b5bf-9ceb856bc969,f85c5335-1bae-495c-928f-2b730a3592b4,0.1341,none
d1194272-659f-45e9-b812-9a37df10a894,c30136f1-f1fb-4141-98f9-2fa603afd518,0.1271,link
75627b86-1922-4b52-8f8b-beba6865a091,e8ada03b-f580-4056-a804-07acec7594a4,0.0914,link
2ff8afe1-fa3e-4ba2-8f79-ec03d64710b9,caab9a8d-caba-4e22-8f81-8a4afedcadc6,0.1661,link
af125b12-ec00-46d7-bba0-b71ac316fe90,834625a4-eaba-46ad-8ff6-55b43fc94175,0.1306,none
3339a2bc-3342-4bb4-8ab3-617b7615699e,4b877474-165f-451d-a681-4f3f0316a022,0.1436,link
100534f0-efa7-4e83-a5fe-67452a182f95,100534f0-efa7-4e83-a5fe-67452a182f95,0.1754,merge
36a89326-9cf1-4f70-b4f7-efead3cb7368,1c48874d-2233-4d27-9916-15638a5f1250,0.1808,link
02e9ce21-472c-457e-b154-ca82e76bc512,82154c7f-dddd-4c94-8028-5d233f9b668e,0.1916,link
786dd7d5-1de9-404d-a53a-3c418e4b6d69,0c5b4675-6fdd-4fe8-b9be-caa92ac153cc,0.1736,none
ac589a35-77e5-43c7-80f6-f9def30bf352,3290f026-bcf8-4623-b321-cb176e243ea2,0.1731,link
ab3d0dd7-604f-43cf-9f99-c285b57ffc68,473d1bd3-aed4-4dcd-befe-f41700728f23,0.1456,link
08e5c225-f241-43dd-a0d2-39f6f54189c3,473d1bd3-aed4-4dcd-befe-f41700728f23,0.1687,link
869c4ec0-d974-49c8-8d66-703f1d7d7e2f,4be6ea75-d318-4224-88c5-789c4872e362,0.155,link
59c4f7d3-2db0-449b-9187-b4c662f34f48,f660a72c-19db-4acb-8738-3b0eb6ddcf5b,0.1203,link
9d98f958-483a-4638-a8ad-4403ca866d07,7bc823b9-dbd1-439f-af7d-bcb6b0d0bba1,0.164,none
b28a4f8e-9acb-44e0-bf80-5763ac29fb53,1c039cfe-61c3-45a2-bf16-71c3a8a554ce,0.0863,link
515a735d-cc6f-4f5a-8e49-9f1e6c9980e9,14bddf87-c7e6-481b-a854-1f06119edb90,0.0683,none
51f06c3c-8e70-42ea-b932-d82c20af7bac,cb39880a-71ef-49d1-bbff-dfbca4db0537,0.1446,none
970e762e-dcfe-46c1-8af5-07dbd38ab0b5,467420c0-54ad-4b29-86ed-1dbc131cc4f9,0.1144,link
11e3acc0-75f3-4b96-a6d6-3ffeab4f791a,01571d1b-0126-46e6-b7fd-808340895d71,0.1631,link
2f095886-de70-4c6d-bdb7-2e0da95d6198,989690e4-6637-4c7e-8f24-f33de582aa5c,0.1551,link
9f33cf39-b43f-4e8f-8285-020acf3ad180,9d2cce30-65d9-4942-b568-da72ff71972b,0.1659,link
638b1af3-4d79-422f-a5cc-4af2524e9e3d,638b1af3-4d79-422f-a5cc-4af2524e9e3d,0.3334,merge
3254c233-f098-4477-ae05-bf41ddc0ebb4,3254c233-f098-4477-ae05-bf41ddc0ebb4,0.5271,merge
7c837115-0e69-4dc2-8382-b635407dca11,5ca110bb-ea8b-48a6-a142-72e086bd61a7,0.3188,link
ff1a6d9b-0c23-4b56-8533-c0b6307ac030,4f115194-77df-4cfa-868c-2cf9a34346f0,0.3341,link
0f5cec02-133c-42c8-b1a7-6a09f1ee12ae,473d1bd3-aed4-4dcd-befe-f41700728f23,0.1647,link
4cee6b33-359a-4426-9c71-63128ff0eeb9,f660a72c-19db-4acb-8738-3b0eb6ddcf5b,0.231,none
0780565d-4a87-4862-af32-0e30a9a4d33f,afab7ffb-699c-4529-aa21-bc988de83d43,0.1437,link
7eea7992-986f-4dda-8858-d96c879465a9,36a09849-65bd-4131-9a3d-f46243eae932,0.1736,link
de1fb035-f7ca-4efc-bb54-d6e973301d28,1e4b6876-8172-4570-a844-f6d00116fa5b,0.3696,link_regional
4922eea7-e28d-4f39-b77d-e64ba9ede7c2,b6407e0a-a7f1-447e-80a9-057a8f15857c,0.1844,link_regional
9a1c4351-cf49-4ae1-ac6a-e4863e2cb0fe,9a1c4351-cf49-4ae1-ac6a-e4863e2cb0fe,0.3028,merge
2fa4237a-3f63-4eaa-9365-3ec3caf210f2,52eb55e9-0570-47da-801c-c4136aecf443,0.1471,link
ddf9c2e1-8f66-4162-82cb-43a503d0e9e1,0e0ff5da-e04d-450b-b352-bfa336704140,0.2015,link
ecaf8e50-8f30-465d-a238-ef18c12fcab7,7094a379-5aa4-41e1-8603-410712508f12,0.1623,link
b33e631b-3ab4-4a5c-8b10-3ce784dfa5d8,566f3618-365f-4382-b825-de25559c43b0,0.1982,link
18e9a53d-1141-48c7-bddb-54eb75d8b6d1,18e9a53d-1141-48c7-bddb-54eb75d8b6d1,0.2535,merge
30291368-8373-4c96-b728-546b2c5a04c6,30291368-8373-4c96-b728-546b2c5a04c6,0.5231,merge
d8e3d994-024b-4e85-9c13-d516f52eaea9,d8e3d994-024b-4e85-9c13-d516f52eaea9,0.5051,merge
a2945477-e5c4-4ff8-9908-2a950f11f4b1,87525187-dac7-4948-aef5-babb37b16160,0.1369,none
7d2a3068-f96b-41a1-a4ab-42472618d95e,a56593fc-4159-4109-ab37-da589d348e96,0.2234,link
eaf5cb26-69c7-4fae-96ca-2ad2632e7eb6,281dcc1f-95b6-467c-8551-eebe1272195c,0.3426,link
437246a6-8af8-436b-a601-deee2182b627,a63bff9f-319e-4e8c-9274-6f0a6ea5c415,0.3765,link
62f26e18-dc0c-4125-88c5-519b5a2f835c,a83880cd-466c-425b-a9a2-6d89000e0b57,0.3416,link
3df261cf-870f-4e13-afa2-6adbf88c842f,6fdd2490-7ead-4408-97cd-626ac819cbf7,0.1771,link
5316d9d4-bfec-48d0-91ad-dc2eef839f62,7f9a724f-229f-4dd7-82ca-b6c62b51ccf1,0.2165,link
f2103187-4d5d-4bf1-b467-8e201346fb9e,472d6a99-54a4-42d2-9e21-7098182baab1,0.3411,link
90fb7438-adde-4844-8a48-7899f62a132e,ea276be9-8d6f-4918-8c5a-ee532b8e5cae,0.1235,none
3d43d9dc-de0f-4eef-b115-d94c7232063d,6441ba3c-7438-45ab-8381-46182164dd7b,0.1445,none
66332b42-a09a-4e3c-b844-4dc9efe95571,dc1840d2-cc3a-4ad5-a451-eca151d2d5bc,0.1274,none
50b70ad6-db85-4220-a7dd-48314033aa34,f0a50a72-5f04-4661-81a9-03e04922046c,0.1322,none
2417b455-c34c-4f6e-99d0-b5a18c2e413d,0ee38662-934d-4f15-8bf4-ae5beffd2263,0.2379,none
71e3ad3e-12fd-4a0e-8565-c8dfde7b15e4,3114b7bc-312a-445a-9974-f013c6a0c055,0.2341,link
8fbefbda-412b-4f82-8ee3-581faf1ba87f,300b67e3-15cf-4926-ac17-2089017a5649,0.1076,none
bb211d63-5180-483a-8c79-52c2ed82418e,20de7a9e-bd01-40d8-906b-99597105208d,0.1525,link
53794405-aef4-4b8f-a7f2-83b79683660c,95e3ae6b-01af-42c2-9cf4-b3768aa251ea,0.1167,none
b4cb7978-82c0-4cf1-a2f1-2e43440f8edf,feeaefac-b277-4f93-8dac-444539d7237f,0.1445,none
52065278-f318-4cdd-a980-6c0f49e44e43,52065278-f318-4cdd-a980-6c0f49e44e43,0.239,merge
16dc807f-56ba-4476-9d4d-6c9c5faa1310,6243c865-aba3-4760-9c73-b321493940c7,0.1959,link
389758bd-78f7-4abf-acad-99bd27e20637,fea36b14-76da-46e9-9c7a-8f586e5f246d,0.2114,link
961e934a-a803-4be8-b2fc-a7633a1c832b,c4584dd4-2de9-4663-b718-297d448f4396,0.228,link
fd0fa5b1-1961-4c1b-bf1e-bbdf12814f36,7246072a-9990-41d2-a7ba-b0450a8d01a8,0.2249,link
09d9e976-300a-440a-a26b-d7222efa4577,c047abb4-54d2-44be-9020-5c53a8b639e8,0.2779,link
2862ea1a-c306-4551-adc6-b1f8ba7a8ce9,38bb35ed-eca3-4776-8dc6-d673bad39b4e,0.1466,none
f0c098ff-56a6-492a-953d-1cf04e80bea6,6c66816f-c55d-41e1-b400-abea84a3d540,0.1621,none
9d3c89ca-d9fc-4ba1-8bca-e2abcce015fe,d3a10c2f-46dd-4255-b79c-ec314396eb6d,0.1484,link
71abeb43-209f-428b-bb36-39496582cd26,71abeb43-209f-428b-bb36-39496582cd26,0.3445,merge
5f3a67e0-db9d-4e30-ac41-39fd93c4893b,a897518c-3cbc-4e19-82e4-68febe1a0407,0.1522,none
26029953-62bc-47a8-82c9-62790c68b12e,e078250b-068c-43fc-9484-b31c2b7d12e8,0.1137,none
3da538bc-1792-4b71-bae5-d9dcf8184ec8,e078250b-068c-43fc-9484-b31c2b7d12e8,0.1018,none
61d02112-ac60-4af4-ab17-d250b9a7fe9a,4b877474-165f-451d-a681-4f3f0316a022,0.1298,link
4bf90d91-7900-46df-b918-dcc5f994f9d4,ddc95cec-c9d0-4357-bab8-de8b3f9a4f4c,0.1647,none
887a0588-a1d4-4b71-8da0-37b3c460b711,887a0588-a1d4-4b71-8da0-37b3c460b711,0.1854,merge
c3cc03ca-96ac-4301-86e1-bc0163e182cd,c3cc03ca-96ac-4301-86e1-bc0163e182cd,0.159,merge
ddad68d9-022b-4037-b582-ee9472153ad5,af4f16cd-ed1d-4990-aad9-538a55420b0e,0.219,link
614bad22-49d1-4c8e-b449-b3ac304cb7a5,8340892b-fbcc-401a-908b-c52665742507,0.2419,none
eb7e058a-f4b1-4a09-af10-341ad2c0d16b,f660a72c-19db-4acb-8738-3b0eb6ddcf5b,0.1977,link
b916e57f-e252-42b6-b3c6-e04b578bcabe,5ac120dc-1824-4fd8-86d5-f5509ff3c8f6,0.1863,link
8024f9c2-ee27-4d30-a1f3-3c456d5303d3,473d1bd3-aed4-4dcd-befe-f41700728f23,0.2392,link
6b051f3f-35e6-428d-b544-f62a3de75d5c,f498b24a-bf6f-4fdd-8be6-5819ef1f8780,0.108,none
63917c64-848e-4d53-a4fd-13ab090b6f64,53f3f36f-fe72-406a-b2da-384daee0a6cb,0.2946,link
89da3523-b5ee-48db-9bae-6e63190296f6,e742e5fe-0934-4403-b220-13569ed8007a,0.1841,none
56741c1e-e99c-4670-94c2-defb22f15b18,a29b8642-b911-464c-aa1d-600fd60326cb,0.1514,none
dd60925f-f2d6-4800-8e3d-fb4681deb36c,dd60925f-f2d6-4800-8e3d-fb4681deb36c,0.3996,merge
fb942c65-5875-4daf-b208-82d59f021469,a29b8642-b911-464c-aa1d-600fd60326cb,0.1475,none
3254c233-f098-4477-ae05-bf41ddc0ebb4,3254c233-f098-4477-ae05-bf41ddc0ebb4,0.3156,merge
2cfd19e6-04e9-42d6-9122-69b18a50b17b,270da5c5-1f9a-5fb6-a4c6-687ad3b3683d,0.0657,none
76564fb5-0ede-49b8-91c1-c82094138c82,e92b7af0-c086-435e-848c-b2ecb26813a3,0.0719,none
d2e564db-5bbc-4ffe-9dae-2788941606a0,e08e59fe-3b7b-4a9a-92cf-41a0b4e6e0b8,0.0878,link_regional
27a4e053-fc73-423e-a8c0-66d8c877c80a,5be72d09-14f4-4d84-8a2c-1408c9f74d86,0.1396,link_regional
4e9b3121-fe4a-442e-97ef-d615029cc8d9,1ca4a9fc-2a7b-50b8-b67a-3b850141a649,0.109,none
638b1af3-4d79-422f-a5cc-4af2524e9e3d,638b1af3-4d79-422f-a5cc-4af2524e9e3d,0.2052,merge
b00be93c-d69b-4d77-9fde-c489ecb01eaf,9d2cce30-65d9-4942-b568-da72ff71972b,0.1424,link_regional
03359758-0e78-4fc9-b87f-807ce1674336,6c3672a4-6fc3-4b7b-9d32-3e66433bc689,0.2141,none
1378097d-be8f-479b-a2ee-9e0c5489af5f,0d908527-9fac-4c69-bf49-e3ab9c5ae405,0.1618,link_regional
90bf724b-f659-48df-9a8d-4e552b35fa1a,dd60925f-f2d6-4800-8e3d-fb4681deb36c,0.0799,none
d578d45a-1936-40ba-9553-e31ada0f85cd,d5c3d2f5-e43b-58d8-b122-9feb5a3a2eaf,0.1343,none
ae9b0e88-0106-435c-8b0a-b6f2ba9604bc,3f99d30e-7c89-44cd-a493-e1b94d0a059c,0.1287,none
b4262cc7-9df5-42d1-8435-94e3c8de579c,653a170c-1d3e-4c6a-97d9-5d854564c0b1,0.1529,link
e6e418bd-1f8f-410c-a16f-3954a67db051,e6e418bd-1f8f-410c-a16f-3954a67db051,0.2878,merge
c039626a-28aa-4724-9408-4b7448e6cb9e,0d908527-9fac-4c69-bf49-e3ab9c5ae405,0.202,link
f62c33d4-7906-468a-b99b-2b38e1b234ab,0d908527-9fac-4c69-bf49-e3ab9c5ae405,0.1973,link_regional
d0f2d8a5-332b-4a2e-95a1-5e3b8b5b26e8,0723eb2b-da11-44db-ad01-788d404258c0,0.1202,link_regional
01b016dc-29e1-4ede-a28a-e4d7df99f96a,f498b24a-bf6f-4fdd-8be6-5819ef1f8780,0.1339,link_regional
bc1eeb8f-2d6d-4e86-b39b-c4d1504dd7bd,f660a72c-19db-4acb-8738-3b0eb6ddcf5b,0.1464,link_regional
7e1206a0-6079-4729-beed-a63f726db201,f660a72c-19db-4acb-8738-3b0eb6ddcf5b,0.1167,link_regional
a605ff88-c32d-47e6-9b56-ad25516a17c4,5f3c6223-7c54-45e8-aae6-1b11ea613340,0.1239,link
0597aade-7ef4-4e75-b5ee-0f866586bb3c,d22c541a-9ed1-4cb1-a13c-3f04a184b9b4,0.2013,link
5dd3050b-4c13-4a6f-8eaa-c4151784f4a5,f83fe51e-c1e1-428b-9418-380d3adb52d7,0.1749,link
58cefc44-0316-43e9-99cd-2c3178a19738,ae8250cb-384f-4c23-a448-a7de801b4865,0.2012,link
7f8fb3a5-0db2-4cdc-b0c3-100fb2556aa9,f9d12cbc-bd93-4951-9498-83098ea7b837,0.2762,link
a7788f51-3682-44cc-ad3d-bbce302e875f,a7788f51-3682-44cc-ad3d-bbce302e875f,0.3538,merge
40a99ad6-067d-4bba-9f8a-140100195031,b7d25298-5f85-4dd5-9f69-e0e3414f54f5,0.2692,link
30291368-8373-4c96-b728-546b2c5a04c6,30291368-8373-4c96-b728-546b2c5a04c6,0.5205,merge
b4071107-6ca7-4746-9874-11668b97f6e2,b4071107-6ca7-4746-9874-11668b97f6e2,0.2492,merge
44736054-5e16-4003-994c-7781c197931d,5d8deafa-5906-45bc-a1e6-2e665ec28f55,0.119,link
7782285a-bf07-44fe-8a95-99fb5572107b,7cc7dfc3-4abf-40f9-909c-5069fcdedf12,0.1544,link
87eb7e03-b048-45da-a7ad-23d540cea59b,6a4a9f79-0ef8-4662-b779-fc251897cead,0.1385,link
1c887cc9-ebc7-4d8e-a1da-080f1ff41657,61e19d26-92fc-47b1-8645-a0e13134846c,0.1633,link
42c8bcd4-a26f-403e-b850-a105951dfec6,9ca7bb46-66c1-5951-83b6-644359a0b555,0.1194,none
ad858d11-cdac-4d5e-be15-08dcb3470dbf,d29e1c04-6c0b-4ad5-9bae-e5dedb3e2af5,0.1986,link
347064ea-0e3d-4a10-a453-31b92ea45819,5b2b118d-d9c0-4a0e-a1c0-3b640d406f85,0.2207,link
ba7b3d35-64b9-4faf-a645-7f01f5b28722,ddc95cec-c9d0-4357-bab8-de8b3f9a4f4c,0.1465,none
700a11f4-419c-40b6-a361-3bcd5140d75c,4be6ea75-d318-4224-88c5-789c4872e362,0.1493,link
f498b24a-bf6f-4fdd-8be6-5819ef1f8780,f498b24a-bf6f-4fdd-8be6-5819ef1f8780,0.1477,merge
c5d5220c-c5f7-4516-b1ff-466c886140ed,f83fe51e-c1e1-428b-9418-380d3adb52d7,0.1722,link
2039c6d9-9d2f-4d5c-a373-3e3495bc5408,2039c6d9-9d2f-4d5c-a373-3e3495bc5408,0.2873,merge
72f1728a-5220-4f92-87ac-0b77e941bcc9,4be6ea75-d318-4224-88c5-789c4872e362,0.1499,link
a2eae2e7-d355-490e-918e-0135e7c1231a,f498b24a-bf6f-4fdd-8be6-5819ef1f8780,0.1475,link
fbb0cd11-e9ae-4b26-bac8-1ad9079014d1,38c462de-da68-408d-93da-51d10e296fb5,0.2536,none
24e36f0d-c1c6-4f10-8610-f6be1bf06605,391f536c-a241-4da1-a1b0-a4a7c7bc6042,0.214,none
1fc7ff8c-7bec-4015-9ada-3cd592e64a84,4be6ea75-d318-4224-88c5-789c4872e362,0.1568,link
dcf9d5df-6e9f-49cc-b4d1-38fcb379dc11,0572f32b-31bf-4d0e-a11f-021807563c49,0.2023,link
8a9e22a3-3603-4215-ba2d-1a8ab82c3e65,d7f807b5-5f6f-4a62-abbb-e91392ea5d1e,0.2016,none
dffbaf0a-4c62-4b56-b29c-bde5ef707b84,2039c6d9-9d2f-4d5c-a373-3e3495bc5408,0.1576,link
5cfbf218-312d-48c7-8295-f28e1c4970ef,ae35f38a-ffa3-4d90-a620-5ba6508d2fab,0.1162,link
124ad870-b727-460c-aa91-106f8684c67d,1dad64b8-60b6-47d0-8960-a503acf69b43,0.2248,none
272555ad-0455-42c8-afc9-15e048f84b62,9d430a56-baee-45ba-8170-073dca3373d1,0.1024,link
380c6610-bbde-46de-ac25-2423f3f6b6a3,55779113-4699-48ea-90ad-5815d86ddf91,0.1564,none
4283a477-54ec-454a-b37f-dff8192236c1,f6e64ff6-9e3f-49bc-9093-1f170a387701,0.0994,link_regional
79bc2256-e0d2-4712-ba22-b6c53943d592,79bc2256-e0d2-4712-ba22-b6c53943d592,0.2974,merge
8cf197df-e180-4070-bce9-e74404a43a01,139cf6a8-c71d-4d3e-95c7-5fa061db4da1,0.2518,none
f3d4c8bb-fba7-4f0f-820b-89292118f489,e4ba2c40-d5df-469a-b687-9d8d9048198e,0.1895,none
cfd9cdf3-2f56-49b3-9337-a5d33217f72e,38c462de-da68-408d-93da-51d10e296fb5,0.1402,none
3102e029-482b-4d02-837c-3a899739d729,3088f0db-ab1f-4708-9fad-0f8cb5e1e2aa,0.2514,link
910d06a0-d538-4b68-b62b-2e81ac66e46f,f660a72c-19db-4acb-8738-3b0eb6ddcf5b,0.2148,none
d275d578-ff75-435d-a56a-52140b2a5f1f,f498b24a-bf6f-4fdd-8be6-5819ef1f8780,0.1374,link
d9c61cc1-3de4-4c00-b30a-222dc2edbc6e,38c462de-da68-408d-93da-51d10e296fb5,0.2329,none
b5b701ef-f318-45c2-93de-d6cdef9eb4d0,69aaee7e-a8db-4ca5-8bbf-be9402d641cc,0.1799,none
45fe81e8-9a42-4e99-ab1b-41207b610f15,38c462de-da68-408d-93da-51d10e296fb5,0.1503,none
75460b07-353b-4f67-826f-a8c63b3572a6,0256bb03-b25f-4c48-bd53-fd481b10dd25,0.2211,link
31d3f6d9-b7b8-49ad-a93c-c5063b8d5d4a,990dacfc-4ffc-48fc-9e38-0ab4e71408c2,0.2074,none
322917f3-f188-4e09-9651-5d96424a06c9,6f6eb5b6-d13d-4bd7-9e8a-aed3f830f30a,0.192,link
03edfa3a-d217-4446-a653-b894d067cc8d,9cd434a7-4cfb-46fb-b613-821f45228d25,0.4023,link
4fcb3c41-2a41-4f90-9caf-349391f0d215,7505f027-2871-4ae5-afbd-5daae9b11fe3,0.2607,none
30291368-8373-4c96-b728-546b2c5a04c6,30291368-8373-4c96-b728-546b2c5a04c6,0.5384,merge
67ddc7b6-0c77-432e-a316-15ce1dd5de1b,30291368-8373-4c96-b728-546b2c5a04c6,0.215,link
5e1b955d-81d5-456b-8a26-0e07db52c741,7588c63a-eb2b-4495-8d94-38e496dbc76c,0.4635,link
9290e34c-3fd6-46f5-b726-3c487829dece,7ee0862d-25d1-4e90-befb-02d77d8d9880,0.1649,link
f7f683fa-dc44-4ce4-81e5-ee97b9e9383c,5ca110bb-ea8b-48a6-a142-72e086bd61a7,0.2633,link
1c81be10-5954-470d-adf6-45b81cf30eb5,4be8cb64-e938-4683-b7ff-522ee640e02d,0.3428,link
e51d003b-7ff8-4260-b671-d39eefef21b0,a897518c-3cbc-4e19-82e4-68febe1a0407,0.1372,none
69f5a8a8-3a5f-46e9-a52c-32e1d2921656,7094a379-5aa4-41e1-8603-410712508f12,0.3219,link_regional
acebeea9-b752-41eb-b3b1-cc91c0282150,0e96104d-8b51-458e-9b65-965da7f987f2,0.2176,link
51090bba-385e-4edc-b044-aa47eefecbff,15426ee1-97ca-42d6-be8f-602f8f344d89,0.0909,link
f36ebe50-a4d4-4601-96ba-ae04549b57db,ae5e8adf-39ab-4748-81bc-f81b219f50a2,0.1456,link_regional
f7b77883-a37e-4a71-90cc-658ae2bae859,f7b77883-a37e-4a71-90cc-658ae2bae859,0.2659,merge
20430ae2-caef-44b6-bc7e-04fe68893bc4,49d1aa93-afd8-456f-9243-158abc055b32,0.207,link
c4ba0d68-ea1e-45fb-a204-81d02fc1529c,b570066b-db9a-40a2-845c-5ba51dfe1ef3,0.1402,link
caab9a8d-caba-4e22-8f81-8a4afedcadc6,caab9a8d-caba-4e22-8f81-8a4afedcadc6,0.3161,merge
d1aacdf4-71cd-4510-b46f-a461f7a287f9,a52fffce-60bb-418a-b026-9def4448905b,0.2877,link
0dcb8e98-35bf-4dc6-87d6-0dc39f2bcd32,41c9252c-78f0-4b08-a97c-a48faeb2584b,0.1653,link
deac507b-1104-4fd4-9e11-3dcc5941452a,85cdae9c-ee94-4970-a7c6-9356faa27e20,0.1642,none
028a25ec-281a-4e7c-9f47-ee77857eb039,b18f9150-8679-45fa-bdb2-f036f58467e6,0.1737,none
b58472b2-9794-4acb-8018-09ac289b7b53,0ab45224-7f8d-463f-80f5-07af85958cf4,0.1837,link
248b4963-52c7-4ea2-a250-a5b57c2e7351,248b4963-52c7-4ea2-a250-a5b57c2e7351,0.1676,merge
391419b2-d86b-4241-85e3-dfee3a9d86a1,389bd932-38ad-4dc2-a6dc-68d7b451bf3d,0.1347,link
ea8b752c-5de1-4fce-8360-0ea2091bad11,3d6bdcb3-c1c5-4338-8fff-80322d255336,0.096,link
bf61d350-a808-4738-88aa-4e93b617d8f6,694bc39d-5b74-403e-a742-81e7db6f9459,0.1488,link
442902d2-c741-4844-bd16-f96215afbf52,280c69f4-8028-45bd-9266-7f4d1ff76bed,0.0752,none
b6077dc3-183d-40bd-9a75-af5232b35e1b,2510f7d1-ab90-4ad4-81a9-35de4e22f1d4,0.1303,link
4589b608-5556-4724-854b-0a34838d5db8,c2f625c7-ae8a-4720-b477-56b2e6664301,0.2037,link
02e5c878-5c65-4db2-acb1-43e531d270b6,9578d103-9404-4f4f-ad51-d5604528c554,0.1444,link
779bd8e7-42d3-4a56-962c-416749e722ce,e8fc575b-f855-4928-9b4b-4eea2abbe561,0.2702,link
fbeb3a6d-95a7-4b71-a39d-b75782bb217b,ace961e6-0beb-4b3c-9941-abd4a7cad300,0.249,link
9b47e192-bb14-4240-8d5a-6ba7044a5d9b,4c8ada79-cc2b-45eb-acdd-b6affead6c2d,0.1607,link
2083008b-9601-4004-afe0-826c5b69d507,05bf7435-7a43-44b3-bf76-29c0d2c0c118,0.156,link
b3088b20-ccdf-49fc-afcc-a43f23776f89,9d795694-10ee-5720-b042-24295517817c,0.1865,none
ff42973e-f8af-41cf-9a91-0360b07847b9,ff42973e-f8af-41cf-9a91-0360b07847b9,0.2772,merge
f9feb13b-c96a-4675-b727-9e95f47bdfa6,f421bd09-3c63-4dd7-abf2-cb8cd1f228f7,0.1618,link
a3ed0922-4a68-439f-a7a6-a8f9dd4fa428,ed8d3267-2fbb-4353-86d3-534ede07a823,0.2228,link
b0ef61a6-ffcd-44ab-9688-e213b5a99eca,afb8f67b-8375-42a1-80c5-43781da34550,0.1273,none
c7d4b88d-066f-4a5b-81f0-492cb91b8b89,b2f90906-e031-4fa0-a241-e952ccac2299,0.1715,link
8f3fd862-932f-4374-96ce-30b25e0144d8,8f3fd862-932f-4374-96ce-30b25e0144d8,0.1904,merge
0f164fe1-cd39-4cb1-95cd-a1ced96db5e8,e33f1326-1cec-4553-bf6d-bc18fa70582b,0.1736,none
e16e6b7f-ea55-4391-92ec-ecf680e4b78f,73c21447-4e80-42b8-a8e2-f4c4f27603c7,0.1294,none
36a09849-65bd-4131-9a3d-f46243eae932,36a09849-65bd-4131-9a3d-f46243eae932,0.1936,merge
c0ceb4d3-ff0a-4acb-afb3-df653cbbe861,6a2f56cf-a028-4a6e-8ea0-2f3096788b4c,0.1888,none
cc922612-87ea-445c-b4c2-5204be4e5513,9ef0907b-2619-464f-a1f8-08e439132e7c,0.1463,none
8c5937bd-810d-4359-8c3b-61a4748c8165,7a0c7b72-cea9-4271-93cd-7c43ae329b55,0.0918,link
d08c6b2d-ac05-45c1-b204-578a2f30d4c5,0669ae14-a2aa-46ce-b453-f1712591b4f4,0.0478,link
d8e35819-15d0-4d8a-8013-9fd76a46876b,d8e35819-15d0-4d8a-8013-9fd76a46876b,0.3718,merge
5aceefa0-bfcd-48b9-82d0-1808fcb181e9,feb06512-0b85-4207-a939-1b0d4986c265,0.344,link
6f465444-09c2-48e0-8343-2ac3339d8df8,7c81f05c-ab0d-4bf1-af7c-8cdcc1456518,0.2098,link
29145739-c7fa-4956-8a35-51eb44b76130,46242c1d-bd24-4bb2-9c69-973de95072e3,0.1332,none
0f73d442-2f5f-404a-bed6-c285e2ceb24f,9aeb36e6-782f-42bc-af00-aa219a0dd362,0.1411,link
829466f5-41bb-4115-92e9-efdf54812502,03342bc5-c8e1-4ddf-bf7d-1d7ac01f9d55,0.1251,none
1a69fad5-a778-46b5-9ec3-e99698cad6a7,2445fd81-9b20-45e4-b3c7-12b379734ebf,0.1861,none
209695c9-e196-4fd9-97ef-917d73261ea3,b478537c-0665-4b3a-8775-acb7ebc11b63,0.1737,none
a42e5fb0-1c3e-49e5-b181-d7a50596ce32,c26a16da-c690-4a78-95cd-0782ed169b0a,0.2577,none
4c948f22-7b19-49ee-98a4-be5ada0c391d,4c8ada79-cc2b-45eb-acdd-b6affead6c2d,0.1291,link
f9953165-b693-49e8-aee0-04f349d7f193,4d7aa517-dd58-4d26-a01b-ba5f086ca7ce,0.1361,link
773156a6-7506-483c-8f3a-f30ad11cb83c,5141e0d8-dab8-491a-bca3-76942fa2c117,0.191,link
cb7502b9-04f1-4bd0-a092-3a59eb838751,cb7502b9-04f1-4bd0-a092-3a59eb838751,0.1749,merge
cf3d9db3-940e-4071-a4c8-70cd1dbea03a,19124e02-e18e-5967-822e-c97d936f9f8c,0.1442,none
ac8ce9bc-059c-47f3-89fe-49fd2f039497,432cf99b-5a52-45ed-8913-9e96d7142b4b,0.0734,none
ccf1ebca-5293-4f9e-8943-35ce90ec45b1,79bf3481-d6b0-4169-8f1d-4780f3f0bad0,0.1917,link
303260ba-022d-4956-95be-8f86f4562f97,8a246827-5257-40c8-9621-b57040a7f1d3,0.1367,link
3f2e1ffb-7256-4c57-a105-d3ce2aad441c,2840fa59-a3ff-4342-a40f-11c58f861404,0.1371,link
455cc1cf-01f3-4e1b-83ae-99196f1dca68,5675d1de-9eb0-4bf8-aa16-4a66811efed7,0.1286,link
2a463be1-14df-4e35-ad97-8ff0778e3617,b6d03405-7c4c-475b-9300-8943125f3620,0.097,link
72a51619-4530-4a6f-85cf-a3496c28d879,26fe4bb5-759f-4bf4-ab8e-26df1b063a3f,0.0925,none
d7ec5fec-d965-42d6-a4ee-c4b93b3eab8d,081d4b95-b10a-4168-9256-bd4cf1bfcdf3,0.106,link
d1a25627-e99e-403c-9d83-d7c451c92977,776235c6-d9ef-4a19-b229-03178625615e,0.1329,link
96560ef3-34d7-4a62-9b6a-0e4e8fd18b91,265fb4ba-ee2c-4dc2-82d8-9f0838c10cfc,0.1248,link
11b47f0f-34c1-4d9b-973b-67f80ce85bca,e4a4410e-6875-46b9-886d-21b7196422ce,0.1817,link
d68a7f07-6a00-445e-a809-5930ee142fda,ec762b1f-beb0-49dd-a5d3-5d6bf1c2a68a,0.1203,link
a00308b4-fdd2-47f3-b51a-c5c72a0e2842,f7f830ff-eaff-4300-8d3a-fe857f580eb3,0.1587,none
05d7174b-93a5-4842-8322-4dd74ef22da9,f7f830ff-eaff-4300-8d3a-fe857f580eb3,0.1405,none
dec48944-1c1c-4906-89b3-c946908d0066,90edcb9e-0afe-44b6-afb1-35e0ee39969d,0.1592,link
b81181d6-af5c-47f1-965f-03a223751a12,a6b868a0-15b3-4a54-897b-bfef05927e97,0.2362,link
be24e348-0773-439d-a562-4c1a0fc05a4b,6e239f41-9d3c-4716-8ed6-c13255cc3c3d,0.1171,none
4b0615b4-1746-4e59-b9ed-b39b4fe16045,2dc1c244-b589-44f5-a6f8-968b8157e626,0.2668,link
474c5da1-7097-4c2e-94a8-09a65ffa0715,1298c0cb-cf26-45b6-81af-a2150a4c331c,0.1836,link
7b63b935-97dd-46e9-8fc9-f50d2d5b16dd,92bcfc9f-d691-4dac-8c54-78cd97062497,0.2528,link
062bb2f4-3176-46f2-b8d3-7dcd3e7a6851,706d7644-4622-4f52-85c1-990b9f57ae53,0.1693,link
848e1d83-3cc1-46b4-b1ca-c771d95a09e3,cdfc4e77-1a52-4f5d-a0ca-e33c8c3ef562,0.1575,link
bf310a48-f5f3-4013-b74c-0088d8322480,c8df6eb5-9647-4c1c-80f5-2062f8d32a83,0.1406,link
4c5dc360-d4d9-4ec6-9590-d5b2a8f8fd3a,4a70c097-e1df-46a8-8eff-54e9e095fff2,0.1471,none
8d05626c-0153-46c0-871e-809e7b0d4856,2813c7c9-482b-4826-97c7-83c51c2956c9,0.1428,link
8c198ee1-c7b7-4b8f-b773-86360d4fd85f,8c198ee1-c7b7-4b8f-b773-86360d4fd85f,0.3966,merge
b87f791d-d6ae-40d9-b51f-0f904d2eb2d9,a60aa72e-6449-460a-9208-6fd8c42b9867,0.2062,none
62702b96-9ae5-46ba-8b86-db2c27757898,997d47c3-46e4-4338-b715-a608610c6128,0.1706,none
8efe7170-9c83-4218-b320-6712de482d0d,8efe7170-9c83-4218-b320-6712de482d0d,0.5332,merge
becaef2c-028b-4365-b703-e9506238de68,ddc95cec-c9d0-4357-bab8-de8b3f9a4f4c,0.2519,none
de1c181a-c67f-49c2-945f-715f769f458d,f660a72c-19db-4acb-8738-3b0eb6ddcf5b,0.2166,link
22f69779-ca58-45ee-a37d-318419321543,9f42b14b-6fda-4573-b1a3-ff7abb7a586b,0.2524,link
45fb6223-8599-4b08-bc22-e5de1d32840c,12ede9fe-851c-413b-993e-2c34dbf0de82,0.1321,link
adc7463c-d53a-4594-bcdc-7409605d03a4,4e3cbb18-9f1e-41f8-a308-3f567bab31e3,0.2317,link
7f9eeab6-02bf-4d13-ae14-22174ce6daf0,533528b7-ec5a-4e0b-b062-277d8817c4ec,0.187,link
bf7ddaff-6eb9-44bb-96d7-cb7d5e60d8fd,d37bb2d3-82c5-4c75-83f8-2b661f5ec6be,0.1216,link_regional
f5da5a4d-9168-468a-8134-c7758d75b2d2,7588c63a-eb2b-4495-8d94-38e496dbc76c,0.2,link_regional
3d37bdb6-85d5-4e33-9dc6-9bafbb4b8b79,3ab8eb7e-dd3c-4df4-b2f3-34ae28ae7ad2,0.301,link_regional
5d705342-adfa-40b4-be7e-ddbbdd5d9e9a,8cda8c9c-2594-48c9-ade0-477f8f787fec,0.1373,link
a8793d69-a9ab-48d2-b448-3b855f6e248d,177ad0cb-d1b3-4d08-8e31-9a0a76a6d20b,0.1293,none
ad28daad-85d1-4175-a24c-644c117e446b,ad28daad-85d1-4175-a24c-644c117e446b,0.2586,merge
a8bca3a9-2c43-4937-a11c-b89ce686ee55,a8bca3a9-2c43-4937-a11c-b89ce686ee55,0.2577,merge
c0221614-a5ae-42f9-a269-264ce1d245eb,23b16eba-d5b7-4e7b-bf73-ff78d1ffa7d1,0.1231,none
48703d72-320c-401d-a9fa-d5806040de71,6517f8c4-b78d-4b91-ba7a-69a50943686e,0.1125,link
8173bbaf-89ee-4909-9628-c53d10b8ec54,1b98ae24-da68-4e06-99dc-74ce55dfcb60,0.1726,link
04ee76bd-32fb-4b40-9498-2eec0b2007bf,0d315c55-2953-4bae-9638-93d987d0e4b4,0.1605,link
393c7dd7-2e05-4daa-a858-391e99fef537,418bd4f4-5879-4ad2-9706-23ecd8dffa94,0.1571,link
fcd77f62-8714-4549-8cc6-f6446ad31551,9ea8f359-caeb-47fb-b22a-4de8f928a01a,0.1499,none
df35524f-eaa4-49be-bd4e-754f67d5d504,b902b67b-8154-40fb-a1f1-1520fab2eeae,0.1211,link
c6ed3d80-704a-4615-a031-63d3adb30b4f,c5be2f3b-3a50-4728-a64b-47b2e9c18cb4,0.126,link
de40960f-8fd6-4726-85f3-d2a215de2eaf,950eaf3c-ca3f-4157-9ba6-527bb98eaff0,0.1082,link
c5a914f0-382e-45c8-ac11-1d4c57bf1437,0b0a7a45-8917-4de0-b090-d8541205ad08,0.1418,link
da386aa6-01ed-4322-929f-103058b65eea,0d315c55-2953-4bae-9638-93d987d0e4b4,0.1741,none
8915562d-c2fa-4620-af19-62c199a63a2e,4ffa2915-0f33-464d-9a73-5d1686e9300a,0.0788,none
b74c54a7-592e-4a44-9097-de3c7826241f,2bd953ff-4a08-4f45-bdad-93c288c262cd,0.1261,link
9ea1e265-d824-46cf-9cfe-97d3cf5a9fa9,075548cc-1a68-4f44-8d31-8139ceaad7b2,0.1612,none
b1bc04a6-61dd-4274-b603-b9cab89a9d3e,9b997feb-7326-46b2-a500-158bb530aef8,0.1419,none
7d65b991-eab9-48e3-9c64-37a80a2d506a,e5419887-4bd0-49d3-b774-ae2fa66415e9,0.1525,none
1fb7229d-0268-4679-9782-bddcdc8ff263,94964349-d78b-43e1-9a3c-f289ab3e5d73,0.1913,none
7eda54f3-4c0d-4233-9831-9c344a9e360d,cbcfbd9b-c5ca-40b9-a6c4-59f76b8be4d7,0.0894,none
0aa53b8b-5e46-4958-9002-493d162da095,2a8c1ebd-2eaf-402e-bee1-de8ddb41fcad,0.1434,none
45c68802-83cc-478a-bc87-bbe31b226c17,0256bb03-b25f-4c48-bd53-fd481b10dd25,0.1459,none
6b41909c-7515-42ab-8a65-1fa20a1a89c5,72ed7973-761f-4374-95b7-c7d2d5124a74,0.0944,none
2bda6ea9-c1b4-423b-874b-4ac4d2674efd,0e3e94c0-2dfa-4386-940e-f48d241285c1,0.1342,none
1c7852f7-4aa5-46bb-bc01-b037a98b6eb3,569cf8e7-95a8-4304-9d79-60d0a7852168,0.235,none
b8cadaf4-a527-4ed3-a4c6-97e2b8ba452c,ed2a3c4e-113d-5b15-9ae1-6c3a354a4922,0.0714,none
50a9c973-64ab-4a8d-8473-dd7c490e67fe,f55000be-530c-46f8-a61c-7d70019d3bf8,0.2362,none
0ebfa4cc-ddd3-4350-b523-159f443c3eb2,bbfb20f2-f586-44de-b531-30f93e6123b0,0.1604,none
0abd51a3-a026-4ad9-9a3c-1478d10e17ad,f55000be-530c-46f8-a61c-7d70019d3bf8,0.1556,none
bd969be5-9a23-4eab-b6d4-75989553edfa,c0494f51-cff3-4380-a309-5c39efd81414,0.1162,none
a86cc4eb-9c09-42f7-8c9a-4e885b89a856,106bac6a-08e7-4d87-bae1-12a0605b355c,0.1627,link
d8a248d1-8f60-43de-82f8-c13823c19a5a,67c1354f-7736-4020-9e54-f57eccb1bffe,0.1465,link
4adf7ce3-da89-4dc9-9fcd-c41c54a60561,d7b06b26-4975-4d2d-a33b-d5831a8ed3a5,0.1511,none
523618c7-b58e-4ff0-906e-70f5b16d2de2,b2beb571-939d-4066-b408-d683e9257f8a,0.1697,none
b39c99a5-c545-41d8-8f78-36332f585d4e,bad5e833-f6a3-4f03-8bb5-9a07637f6f9d,0.1454,none
2ba8b79a-e9a3-4a9f-9ece-50dde487312d,1663bf42-45d3-462b-be62-1a0c5451b4af,0.139,none
4b76dbfc-8ef3-4cca-8333-33344c153731,30bc99a2-1617-4d88-ad22-718120734d59,0.1123,none
0dff4537-699e-4200-af19-0a220d62b8f7,69182f77-3428-4924-9368-c85787601455,0.109,none
07432db1-afbe-434e-93da-420325f25bd2,367b519c-05bb-456a-b5e4-4b01df5b20a0,0.0996,none
0be5f40d-f206-4001-9a0c-6304c1f0be96,f18221a7-97d2-4177-bc5e-c0231ac46697,0.1505,none
54f29768-466a-4507-99e9-6ea9c8ae6637,f58dd88f-bc9a-4a87-95a1-4b79c66c72ce,0.0991,none
d337897e-9258-45a4-8203-071a0bae068d,a83880cd-466c-425b-a9a2-6d89000e0b57,0.1288,none
08f93e15-8a82-478e-9176-522a4ca2b06a,f208e697-e1d1-4d3e-afeb-78e6438154e3,0.1186,none
ed2e6a22-00aa-4039-918a-c7cf4234e5f0,6193d827-7517-4115-a16f-90c25144a315,0.1508,none
7b1c84ce-cac0-44c7-9c97-ace78a45463f,a48c5f28-ebea-4088-b6fa-93c69096caa9,0.0787,none
cdfa4cef-08db-428b-8580-e0e086dc4ee6,7fcf005d-cb36-45aa-be65-d24c70461be5,0.1721,none
1ad7d4ec-cb59-4a58-8495-6fc3d8ee6c00,7cefc171-1d60-408a-a437-5bc9c79b9679,0.1049,none
96e403ae-6e47-47d7-a749-3e25de849a20,69968254-1ac1-5430-82cf-f1ab1feaf603,0.1017,none
80fc011b-ceb3-4e78-9319-266e9cd8fc1a,57a7c2b2-b2cf-474c-ba13-51b9d82a9458,0.1136,link
84ef385f-eb35-4bcb-9f7f-1cb7473a4154,efc3ad9e-2e8b-45d9-b16c-34f0c2613498,0.1867,none
49f44eaa-b017-48ac-8679-6ef01c1f24f3,13ece3f6-8e8a-4909-be34-3aa82f952dde,0.1138,none
57c7ed60-ebc4-48ff-8eff-99d4686ad2a9,3901ea61-47f7-4a62-a41e-31eaa08b17bc,0.1244,none
e365cc3f-4a74-4f57-a7ea-f3b5ac8deded,711591c1-84f4-4da2-bb77-055b74b8896f,0.1002,none
8a58e8f2-5707-4324-890c-72570af63db8,9727b9d7-098a-40fd-888b-8cfd81ddeda0,0.1344,link
ae56c133-c6bd-4853-b291-674d4a51ce53,40348199-b133-4410-8e39-592ffc941f74,0.1572,none
9ef65a12-31b5-453e-966d-ea2849339a00,83a505ce-4ced-43b8-b224-494b2adb72fa,0.1409,none
cfc1d197-4c4e-4c13-9a13-3b9049e6f2d0,653a170c-1d3e-4c6a-97d9-5d854564c0b1,0.1265,none
99ad93a2-cc46-4882-a49c-0c99514fee21,5f256019-e88c-4201-945e-e7f649ea89a5,0.123,link
b4b620a9-b7c7-47c2-83d2-d50eb4dc2a4e,edf8ccd5-43bf-47a7-b8af-4d479751071d,0.0709,none
3492e723-38df-4b1e-b679-9da74d23890c,53315b8d-5e9c-40e0-b563-85e7b5ae1387,0.1427,link
95ce150a-3035-468f-9d6d-7330e9ab63e0,7756b7c9-b75f-44c7-9290-04fd95e325a4,0.0976,none
4bb900e2-44de-4953-bde2-00ec829426d9,aa6e2545-3c01-46d7-bce0-f9f5006ec5b1,0.1125,link
283ce1d3-c373-4e5a-94ee-3d48a730a6a6,03342bc5-c8e1-4ddf-bf7d-1d7ac01f9d55,0.1121,none
b39bcf2e-ecea-48f9-9e1e-2cf4b8769bc5,69182f77-3428-4924-9368-c85787601455,0.1019,none
3cbe3904-dd4f-4852-893e-7746c18ffa5a,608bb337-d46a-42de-ae5a-37f415621175,0.1329,none
e1981562-5cf3-4f7d-9796-7ec9cfbb9473,6b413330-b46f-44b8-8d77-073d9ac109dd,0.1688,link
bbf498d3-8e16-40f8-bf96-1d8ffbf3df41,977bc6f0-47f9-5d5f-942d-4f3477d4a2fe,0.1287,none
73a9f479-5004-433d-a8e4-b1592f8d369e,a48c5f28-ebea-4088-b6fa-93c69096caa9,0.1706,link
dd10065d-8be7-47d0-944c-337715445f7f,40ad110f-50b4-435e-9054-11917175a39c,0.1459,link
456c3263-f94c-46a4-a2b4-53a6cedda6ee,59d79cc5-c0d5-4e46-9e4b-ccee4c235b9a,0.2621,link
ce6eb3b1-69be-4371-b905-fc7695db1de9,ce6eb3b1-69be-4371-b905-fc7695db1de9,0.3514,merge
61132f2c-44cb-4b77-9d51-33b9ad0f24e6,d5e03c93-e1ad-42ea-8016-3a821278621e,0.1847,none
389a3961-c797-4077-9e9b-419920180bae,ce6eb3b1-69be-4371-b905-fc7695db1de9,0.1436,link
ce81bf23-763c-4f18-8c65-20b416a6719e,5c2e13e1-fce7-4fdb-a46c-158a58eca283,0.13,link
692f92fc-9d00-4bc0-b822-75ea5278279e,3393de86-cdcf-41f6-95d4-e02722a3b2d0,0.176,link
eb64067e-f230-4dc9-807f-ab9526b0a32e,8856df85-e29c-4971-80e0-d795eefc4550,0.2368,link
21788f63-c269-4b6d-b332-d23a37a333f8,40851465-0398-4da4-8c14-2a6ffff0ad1a,0.1554,link
bc81a4d7-332b-4748-a15d-6df9e8460ad5,15426ee1-97ca-42d6-be8f-602f8f344d89,0.2037,none
4cd76943-9807-430c-b72e-0860e2461fa6,fda71c9b-fcee-4c94-90b0-dcefc9368d4a,0.1481,none
8860d353-2d10-4273-b503-b5038698fa13,12606610-6da8-4ee2-9d1d-c754b07cb7c5,0.1401,link
9e37752a-b023-4572-9fc4-582cd65d539b,013282d0-9be0-4c56-bd05-110d5079cd41,0.121,none
086f1f0a-aaf8-4725-92e9-11ce5e195c4d,1e58b97e-9c44-4823-8b11-6fcb18b5e72d,0.1278,none
d05cbe59-8b23-4650-8780-596efccd83a8,7e2a056f-3040-4ec3-b424-de43bf45ede3,0.1064,none
2344ff06-9671-4ebf-89a7-c0bceb80ee9e,8856df85-e29c-4971-80e0-d795eefc4550,0.1966,link
8e19c341-9e3e-4ea0-a544-64fe9139ecbe,28c9b7c1-8811-492e-b78e-1a09009c6561,0.1342,none
b9dcde18-f5e1-4c0f-bce3-3dee0a6273ac,356093f9-a4b2-4139-ad7f-8e14cd3b34e9,0.0903,none
1c890b18-a900-432d-848c-9815455e5aab,418bd4f4-5879-4ad2-9706-23ecd8dffa94,0.1222,link
0b80bf24-79a3-4720-8ace-def4b9ce1d59,7135c370-280c-4bea-b6ee-68c7de7d0470,0.13,none
7afaf05d-e7d5-4e39-ad8b-c11c89a1bb41,7afaf05d-e7d5-4e39-ad8b-c11c89a1bb41,0.1521,merge
346a6371-4036-4a27-a4b1-855cfa7afc48,57833fe6-6fbd-4f25-9293-6ba2ed085924,0.1178,none
cefa1eb1-7627-4c2b-9e61-723cbe2f1d4f,f6d3c663-2ceb-4cb5-b42e-53c7aa967c57,0.1482,link
00071715-437c-435f-9c60-0a554e7cf565,e8859bae-4132-4389-916a-23768bfe3115,0.1447,link
690a22c6-993d-49c7-94c4-075dc4522603,690a22c6-993d-49c7-94c4-075dc4522603,0.2981,merge
6b76c064-a787-4edb-978d-0f244fc0f331,6b76c064-a787-4edb-978d-0f244fc0f331,0.1585,merge
1ed1e50d-5c2d-4f26-9d1b-c21d669534ae,1ed1e50d-5c2d-4f26-9d1b-c21d669534ae,0.1961,merge
b669cf46-a36e-40e8-bde3-f73fa9fc7058,63a74111-6196-40c8-a90b-2cea49a5e845,0.1861,link
0b538588-f42a-40e7-b9bd-0000e86a207e,5cc7edb2-d7e1-4901-9f95-924b3606d93c,0.117,none
921ce81e-9d3c-41c3-8ca4-f95828b65823,227e63f5-5a6a-4c90-97d2-efd8b4318d19,0.1837,link
2d80840b-8b03-4515-88a7-b05513e51fb0,4e5438eb-3a94-41e7-82a7-4d56922ead1a,0.0989,none
a56b4eac-25c3-4fbc-82f9-14c4dcc302b5,3ab8eb7e-dd3c-4df4-b2f3-34ae28ae7ad2,0.2069,link
a5f24296-d297-442c-b115-bb34ab4f9b71,a5f24296-d297-442c-b115-bb34ab4f9b71,0.1729,merge
c649daf8-1cd1-4ce8-ad9f-92b6b86d4274,c649daf8-1cd1-4ce8-ad9f-92b6b86d4274,0.1909,merge
9ea8f359-caeb-47fb-b22a-4de8f928a01a,9ea8f359-caeb-47fb-b22a-4de8f928a01a,0.1575,merge
830d6682-c18b-45f5-b5f8-8818329723d7,007fc8d7-1391-4747-af6a-e33d28038e5b,0.1375,link
a98144d2-faa4-489e-a384-03272312809f,9811bad7-0775-4f6c-a96f-5df279eb436b,0.1112,link
dd14beca-e293-4929-a4eb-9fa7a2012faf,8859394d-5d1b-4bfb-8e91-4b693faf10c8,0.1519,link
f73a01b3-0691-49f0-8be7-5acb0ac21397,9d41c25f-7e0a-4042-bd74-6427b4d456db,0.1069,link
3f3aa9b7-e5ca-4129-9a76-531e55371914,f317f0b8-d113-4e60-97e0-2aaf821b00d2,0.2,none
abbc4813-bf07-4b7b-a6c8-a148230db9f6,69e3d663-6164-478d-b9d5-920db51a54c7,0.1899,none
69ad0777-73e7-4ba8-b02f-e8d27427def4,8793bac2-04d1-44a3-8f2a-384e8bf4da26,0.1259,link
b5719ef3-51c6-4e4d-afff-f1793a33cabf,0a8f946c-843a-4ca2-841b-dc3d6e9b5d2e,0.1298,link
4050ccca-37cc-47a3-9e99-a70657762ba6,eccac0a9-22f3-449a-b504-825d6d9e9dbb,0.0814,none
5d96daa6-f473-446a-9e5f-03d07cedd815,c3811eed-f066-4570-bf48-2e353c493fff,0.117,none
f50cb75f-fe9f-473c-a87a-cb9cc71102ca,8ffadd9e-6250-4cff-bc2e-e14745a9a88f,0.2021,none
88d3bf7a-c306-45a2-91bf-5b0858c7bfee,e81f8b81-3fcd-4dca-8f67-5e4f17c528fe,0.1118,none
d7f58128-df87-44c5-884f-de499c96aa72,8da948c3-2e8b-4fad-9563-47205fa13d7e,0.1121,link
ee4fdd38-08d2-44ce-9394-27e2dbd45520,2250cb45-a021-4b19-b648-4aea051339c3,0.1788,none
1fb3e40f-3975-4228-8776-e90c826e2d6e,f18221a7-97d2-4177-bc5e-c0231ac46697,0.1667,none
9f319c32-0ebf-4c85-9293-8038d2506027,92a60ce1-fbf8-4de4-b617-cca7a9acfc5d,0.1269,link
5b00e467-7e53-4122-b502-e676514b5dc2,dd8bd13d-a9a2-4658-8021-b01e881edef1,0.1483,none
2725ffeb-d35c-4d57-93a7-f20256c79b68,e33f1326-1cec-4553-bf6d-bc18fa70582b,0.0908,none
55d79f54-cf81-40fb-8762-b71525bc683e,8016765a-7a5f-4946-8533-d90c510b38bb,0.0869,none
d823f55a-eca5-47c1-885f-ce0df0e14fda,69a8cae3-3e77-4560-bd88-47334604b251,0.1379,link
f1213d5c-e045-4154-81e9-540c1bc04f56,eb94d885-12d4-4e65-97f5-f19618ed9cf3,0.102,none
d0f74593-c4cc-42e7-bab9-7020fd2c017a,1b68d7b3-27da-4fb2-bbd6-492624a21604,0.1325,none
5dc3edfb-83fa-41f7-9573-241c3e578d7e,661ca863-4f3e-47c2-85ae-78efcedcaee5,0.1129,link
af5c2b03-89de-4d03-a821-d68a5c060888,f58dd88f-bc9a-4a87-95a1-4b79c66c72ce,0.1293,link_regional
c9410c66-3fbb-49f1-9f68-6e550b0684b6,936d5e47-7cc1-491d-ac4a-4646f1348daa,0.099,link_regional
8250e204-4042-4ea1-89b1-404374550a39,8793bac2-04d1-44a3-8f2a-384e8bf4da26,0.114,link_regional
200b1756-1efe-4241-b18c-dcecb0d1b9c0,f660a72c-19db-4acb-8738-3b0eb6ddcf5b,0.1296,link_regional
4376d8cf-3ba4-4cd6-9f45-753fcfb1c13f,785210ec-2d44-454b-b693-5f9f4eb1fbb7,0.1254,none
09c9b9c1-a16c-4765-9381-ba27bc65ec9c,8ffadd9e-6250-4cff-bc2e-e14745a9a88f,0.1514,none
9f89ec93-e18a-49b3-927e-1265bb6b81cb,742b1eb4-726b-4034-a824-a46ec087d3eb,0.1247,none
2eedf698-f331-46b9-89fe-12912fa5440a,2a6545d0-1fa4-4676-b478-0576f6995dfc,0.1121,none
084ced54-f03e-4a95-9e7a-091432edfd9d,cd9f7a6b-758b-4d9f-a2c0-ee5d28008159,0.1285,link
c0b56cb1-e0e2-4f0d-94a1-14e5cfb63d9e,3ecfa267-f8da-4f1e-ac0d-94f9a767d36d,0.2457,link
886fdd4f-33b7-4e0a-8ab9-6bc241a00357,facb18c8-a619-4af5-9393-eb860caa57e9,0.0839,none
74668562-8efb-41bc-880b-f027163220d6,4c78e392-de4b-4b99-8eb8-f1833d647611,0.1382,none
7b11e60e-6b28-4273-8271-43ebb0abfc7a,ca06c751-90e9-41ef-9c63-23970b8949db,0.1592,none
3320389a-9bba-4667-88ac-1868237799cf,a81d6cf6-1999-45a7-a288-1084c306233f,0.1319,none
856be9c6-0681-4f5a-af23-00b557e1990d,cef0b09a-9ba9-48d4-9df7-da8366509b3b,0.1062,none
c98beb03-c787-4c71-af03-06496ae7200b,ccba0a1c-e92c-47ce-a5b6-46a62433aaa9,0.1228,none
233c6af4-d52e-43a7-a2e6-4da253ed71e3,936d4871-8b74-46e3-9886-1b219eda4de5,0.1376,none
e3ec00bb-dee7-4c01-9dd8-47edb6ac4ef8,4ffa2915-0f33-464d-9a73-5d1686e9300a,0.0781,none
69285415-e506-4bf2-ab53-90a7f13db50c,f3fbef5a-2ea9-4986-9bfb-d1dc6e157c29,0.1675,none
a37efdc8-61e0-4f52-b349-259755a1b591,01571d1b-0126-46e6-b7fd-808340895d71,0.0991,link
a61cdd93-db44-4e85-a116-d263dce9f128,2c4428ca-d2de-46a3-8947-5c7e3857fcbf,0.0951,none
b6dcd8aa-252e-4346-b41f-df6cba46f73f,fc6a7200-e1cd-4bd5-b085-e98b5c27c811,0.1437,link
247c5723-a894-4e71-b3b4-2649c7669645,c64884ec-11df-4777-9d98-c450fff56e45,0.111,link
33df1afa-0300-4102-9784-44519c007e7c,feeaefac-b277-4f93-8dac-444539d7237f,0.21,none
459d0f9a-a7aa-4361-9b1c-3c21912718f7,fcbdd9d0-f7ac-48a7-a115-1f4025c18d14,0.1172,link
4fdf8848-1800-4f81-aade-264f782904a8,4fdf8848-1800-4f81-aade-264f782904a8,0.2457,merge
17be3e7b-ed2c-4d2e-b34a-0e0c4927b10f,2d1d9d99-a178-4e28-b1d3-cc28993efe8c,0.2563,link
385705e9-1515-4225-859f-b6be5a475b4d,028644e6-fcb2-412d-80ad-93fd6a4a8aef,0.1168,link
43370f3e-cd15-4c89-8f1f-0a6e4b8b3059,8f55b514-62e0-410d-b0b8-a828389b7b4c,0.1471,none
f955b075-6139-4df2-b1cb-9d359e0e404c,4ff1d338-2ea8-4e8b-90fb-ed10a6f845f7,0.1452,link
a0a1a806-a482-4992-996b-0381a12d0a76,3febe552-b315-4319-879b-23ad98339913,0.1273,none
deefd53e-cc38-4a29-a243-36831f5eb44b,618c9b4d-a9f2-4073-be54-6d207eeaa2b5,0.1391,none
adf9a45e-7122-4aec-bef8-1c72256b93d0,e6e418bd-1f8f-410c-a16f-3954a67db051,0.1181,link
a15779c2-bc28-46c6-a0af-45218184da65,b5e605fa-32f6-4f49-be1d-567f5988919a,0.1796,link
fff0a5ff-25fe-4c90-aa9f-734d06ec31a9,2082b2b5-cf15-40bf-9883-75ea60257f1f,0.114,link
307a822c-8e7a-46e6-b64e-f5037bdbe54d,03067871-9e45-49f3-8dac-b350a823361f,0.2378,link
50d85fea-1015-43c7-822f-ddeb9634b1fc,63d2383b-4db5-42d0-acee-b1eb85be292d,0.1641,link
1ca1e90f-ab86-4af6-bf75-5efbf5e2df07,0b0a7a45-8917-4de0-b090-d8541205ad08,0.1577,none
7b3d0daa-dc80-427b-b57b-33e936d2866f,a0f7c6aa-0d78-492d-bf53-e28d2476830b,0.1538,link
e67a6568-4dfa-4907-9dc3-ed909e75fb86,63299dde-079a-4d6a-bb1d-f24b1955a1b0,0.1839,none
9ba59dae-4a21-4cc8-bb00-ee438a9d3373,56a2f248-f0cd-471e-9fac-278c54df917b,0.2335,link
72a592b3-5580-47b4-bd58-46031570c6f9,d61bad7e-37ce-44dc-97a8-c0d215003a7b,0.1906,none
90f25f74-8f7a-412f-8acd-15bb35400b01,d4ce47f0-a812-48f7-9e2e-db1dc5bef272,0.1719,link
0040b039-2da9-4a84-a07b-3d02c7cd0f81,caedb90e-93ba-4cd6-aa8b-01c9723b05a4,0.195,link
d04e8495-b2fc-4ac7-a5ae-eeaa0b400e4e,47a4015d-5bfa-4bdb-8492-00697a452057,0.1076,link
64ac9ff2-2bed-47b8-b97d-a35082afae2b,3febe552-b315-4319-879b-23ad98339913,0.1252,none
fa5db113-d2cc-4837-9c2b-24dc48fbf057,0c688fe4-2704-44b7-9c99-2d7c8ac7a1ff,0.1556,none
05cab894-9b61-4995-acd3-7c568561d959,f89d45b8-e685-4589-89af-d35d4eba2aff,0.1763,link
562fe4b3-67c8-4c40-8d77-0a734c289d6c,db6f5da3-8691-4b4a-9b0b-aa4d336665a9,0.1105,link
ced14e20-3168-4569-8deb-3c0bbdc1d42f,139cf6a8-c71d-4d3e-95c7-5fa061db4da1,0.2166,link
a37fa07c-f497-4170-9114-f9369f7a571a,776235c6-d9ef-4a19-b229-03178625615e,0.1195,link
ae6f85bf-a0b1-42a9-a9f7-00ac75ea23ee,ae6f85bf-a0b1-42a9-a9f7-00ac75ea23ee,0.1514,merge
c97906a1-6e70-417f-958f-51f4dd88f1e8,36e08f0e-ae7d-4c5a-9ff2-3149d599a999,0.1247,none
9953f031-b9c9-46ec-a9b9-faa0c2aad39a,8820a278-096c-432b-837e-83a266542394,0.1265,link
c49efa0e-c6a1-4761-9e82-b08e526a1434,4ef736e7-aaf0-40d8-8a27-05d09988af4a,0.0927,link
3f69a53b-f796-4753-be2b-2738f4cea7d6,893e1959-6a92-4c45-bc68-7ff0e4ea5a6e,0.1016,none
d9862a16-ce8b-46a0-b61e-c89377da660c,9d430a56-baee-45ba-8170-073dca3373d1,0.1864,link
2d004e75-cda2-4949-953f-1391160f5977,ad400652-425c-4313-9d8e-1031374cd065,0.1366,none
4ceade78-4260-47e3-8e7a-19b7ef6596de,6313ae92-13d9-411f-b512-bbfc70fd2475,0.1189,none
eabb9af8-7a39-4971-83e6-b8de89ec167a,0aee4ea2-35b0-4527-bce4-5afd10783bd0,0.1691,link
046bffea-8003-44a2-818b-1096326660a6,0b0a7a45-8917-4de0-b090-d8541205ad08,0.1614,none
ae002083-1e2e-4b95-aecd-2840b9f1b1f7,0b6a660c-1727-4366-b32e-075f9a5f3cad,0.1719,link
b3603ee6-6c8f-4ba9-997c-b990ae6cbe99,497efb57-82a1-4b71-95b4-03e170750f29,0.1876,link
71972863-822a-4699-8678-ddc6c069ab4a,396296e5-5799-48d8-8bd3-032c284fa90d,0.0885,none
5deddf75-646d-402a-a85d-832ceda951ee,2082b2b5-cf15-40bf-9883-75ea60257f1f,0.1727,link
0650ec25-9cbd-4885-887b-64e0eb67910d,f771d99d-35a2-4c55-b436-1fad9340ca3d,0.1103,none
524e45ab-c90a-45e5-aabc-346fde65f0c9,27bbb78c-39f5-4f35-a02f-4a66c6edd1ac,0.0948,none
d341a3b7-a2e3-4c18-a6f9-a7fc7711f069,d341a3b7-a2e3-4c18-a6f9-a7fc7711f069,0.343,merge
28c3e6d3-920d-4f81-b84d-de5bd7b7e92f,28c3e6d3-920d-4f81-b84d-de5bd7b7e92f,0.2076,merge
3ad310f2-b350-4e0b-9853-2cb2de471af3,2cee3907-d516-46c3-a68e-93b0cd5ae88c,0.1316,link
580f5be7-5c5b-4ba4-bfce-f94de2ce341f,922823bd-6ef4-47ba-b725-a2cd29a54dd0,0.2719,link
62af942f-c1d9-48df-b5b4-e6299ba67e7c,853a5d41-3f7e-4835-b0da-3969c7be1406,0.165,link
33865433-9619-4dc3-bed2-4f9e59792cbd,e113d9bf-c856-4865-bf67-cbfdfbe42ac8,0.1024,link
890f4293-ab63-40e2-a48d-dd8a5299b577,f94963d0-4af0-45c8-8e67-d1322f2aff27,0.1215,none
e6b05d7d-153e-4c71-9a3f-23a1b122638e,f18221a7-97d2-4177-bc5e-c0231ac46697,0.1759,none
061bdabe-81ce-4382-9c21-b32a0e6e985a,eec8bcdd-b8c1-4917-8ccd-e13fc2418e01,0.1254,none
2128d7b0-6af3-41a0-af63-548d87234c91,aeb93cb1-0fe1-4366-9811-0f339fbfdc5c,0.208,link
7d95a779-d7d7-49e6-bdda-327a6946142f,e9ef2440-bd62-4144-ad4e-60e9abb983d2,0.1702,link
a3c4f90d-6611-41dd-b400-0d82b0a36dc1,1ba6fd59-ff64-4e04-bda7-4b7ebe73f3ef,0.1011,none
6cde3876-6edb-4b5e-86cf-ff91d5781cd2,5b81f664-9307-44fa-bfee-36d8d424e688,0.2237,link
221436ed-428a-480c-a602-9b7c62de7c53,8244ecdb-5013-4603-a9d3-9fc64b83df5e,0.1891,none
085df02d-3be1-481f-97e1-0e1f667fae93,81e4be28-4729-410a-b42d-6bd33f6845ab,0.1483,link_regional
f2926395-14a3-4f95-b8d1-193e34c5298a,6cd69043-bc3d-42a9-a5cb-1ba9c2351c1e,0.1418,link
8e13ee59-d87a-49ba-8d2e-2bead3b69d79,49d1aa93-afd8-456f-9243-158abc055b32,0.1237,none
7b92d7eb-7b51-4f66-a629-01066ad03d55,f11bba8d-0b8c-4509-87f5-b83061d2cd88,0.1459,none
4a5f71ec-af80-4810-b8de-d302c735d4ac,f3fbef5a-2ea9-4986-9bfb-d1dc6e157c29,0.1976,none
402650b3-75b1-4eb0-9670-b03a7a2248c4,cf17bedd-ac6e-4ad2-9e79-2298e8f58f0e,0.2049,link
0b965a66-4dfb-4f8a-9d0e-fd16c4d77233,e9ef2440-bd62-4144-ad4e-60e9abb983d2,0.1801,none
20a8f1e9-c42e-4356-8b84-86e377ab394e,95fadd13-11b9-4bd9-99ce-5e26e668fbd6,0.1359,link
37ea2186-0880-41ad-b269-cc795c741999,3cf12d0f-f8a8-487c-a5a5-d7567200d185,0.1755,none
baaef411-175e-4937-a79b-0674258c43bd,6e8d4e3c-4afe-41bb-8c92-81ec97974726,0.2419,none
5a80ea42-e079-460e-a21b-dbb49be73c87,ae19d03e-4ef5-4520-be92-31148a173fd4,0.1304,none
5a31666e-54ef-49a6-a0cc-8e90ec9a76dd,09c0a448-b2dd-5cab-85eb-f99aae9f7981,0.1295,none
3f2a4be0-c8be-45b3-8f62-d2b5e8bc1c7c,232ef153-e6fc-4730-8685-c38ca630e221,0.1989,link
a0dc4fda-1629-4245-b00d-59008e7c01e9,592fb76d-8ead-4dd6-ab62-c8e5d18b8a39,0.178,link
0861ed14-01ce-4749-a663-1ee86af31ce0,0e169b3b-7e37-489f-a060-83bb5a1bd638,0.1291,link
213515cb-8746-4645-a16e-51fb686c908a,6098f8d8-9177-4de6-9cbd-7949c78aa0a2,0.1215,link
5ceb92c1-758c-4eef-bcd7-51e7eec1f830,31d3d4f0-2799-4c5f-a8dd-bcea34bce29b,0.149,none
956a4362-f506-4966-81f4-1b3131837741,afab7ffb-699c-4529-aa21-bc988de83d43,0.2088,link
983f04c4-9a1d-4e97-9708-6f13be523057,85cdae9c-ee94-4970-a7c6-9356faa27e20,0.2162,link
ff130b1b-b766-4e66-9770-d8b90b82cd42,b2c9518e-fb9d-46b9-866e-fc45f0353334,0.144,link
96f68918-ba08-4c3b-a4ef-11163d53660b,680a33b5-7f42-4ae0-888d-a715219d95b6,0.1284,link
984c5f16-4c6f-432c-adf8-969f00aa71a7,7b8672c9-5a4f-4d25-82f1-2c0acf4fa83c,0.1682,none
62e8d1fe-1632-4215-b98f-f4b476815ff5,a0acbe39-264d-457c-8c6c-e85d785c7d3b,0.1434,link
9fddfd59-ef69-4ccc-88b4-ccf7ddb1d874,2082b2b5-cf15-40bf-9883-75ea60257f1f,0.1928,link
aca25e8e-1b53-46eb-85b7-e890063d897d,49c9a138-ef63-42e6-8ce1-7ef906c24d34,0.1953,link
84cc5d37-5250-46e7-b055-ea704e5def71,04fd805f-892c-4012-991d-82349f10eec1,0.1167,none
ff1d335f-3f4b-4ed5-bebc-b60a4cf2639c,ff1d335f-3f4b-4ed5-bebc-b60a4cf2639c,0.3643,merge
af97b67d-4043-4a26-9247-3f44d27bb6b0,1efc8768-782f-4224-9f6a-edf6d37ad59a,0.2731,link
af284175-52d6-497c-a5ab-2ac4d3d492e4,af284175-52d6-497c-a5ab-2ac4d3d492e4,0.1972,merge
c2b5a293-88b5-4512-82bf-6af151893f08,c2ccc754-7efa-40cc-891a-ffdcf4d473ea,0.2351,link
0b546e0b-1499-4432-a316-82d6cfe577a6,f94eb05d-90cd-4b8d-aca0-e13f7e9ae889,0.2582,link
c5bd82ca-8274-4438-8778-c5ac3644400b,a386ad4b-f2ce-4588-9344-7239ec9512eb,0.1829,link
563d896a-75d0-4fb0-8d5a-9e70361d774b,563d896a-75d0-4fb0-8d5a-9e70361d774b,0.3116,merge
8c97abbd-242c-472a-a4c8-36b2e1e67f67,a4408f40-66e4-4c78-9168-4a4a1fbfc6ab,0.2584,link
d579e3d6-903f-4999-b5b0-0f912ac45f0b,d4ce47f0-a812-48f7-9e2e-db1dc5bef272,0.2442,link
5682ce18-7b1e-48b0-b426-8e4075ee101c,25348f02-5370-4a11-ae32-a1b9d2c1f186,0.1222,link
c0d03fc4-ef34-4e90-b1f0-4a5ae67acbf3,80251176-725c-4e72-8a3c-27c65ce7a0d8,0.1204,link
545ffb4c-accb-428c-8c7c-6f0282f75a37,0572f32b-31bf-4d0e-a11f-021807563c49,0.1673,link
1d02c0af-664a-4105-b4b0-327de1cb4081,0572f32b-31bf-4d0e-a11f-021807563c49,0.2254,link
8c1fd254-002b-4d9d-8cf8-c2e15ff051a0,12d5b5c9-926a-4772-9623-8dd0667b1c2d,0.1274,link_regional
26ce6a9f-ff5c-471f-b809-2d4bcd85c89d,107295c0-e69e-40bf-93e7-2b4e6c9d8ee9,0.1384,link
3d638219-bb03-402d-8fbd-b299f57230c1,bffbcffa-74ab-5c1c-b96e-7944323f7cf6,0.2241,none
62cb62ea-9c3f-4865-837e-d8edcd0ed723,8a24e1a6-4c46-4e52-a245-5476fe8475eb,0.085,link
a03c426e-023f-412e-a0d6-22bf719343a5,0761b9fb-dc1e-4274-9ff1-71f1d1fea3a9,0.1041,link
7098efa8-b901-44c3-823f-dd117dbdc898,4d3237bd-56eb-5b2c-9e0f-47a73d0e57b4,0.0942,none
68c5f89b-a25a-413c-bb23-6d1e44ae4261,950eaf3c-ca3f-4157-9ba6-527bb98eaff0,0.218,link
1d47c297-0647-40e8-bde7-f2f4f7f51553,07a5900e-04fc-4d23-b59d-8d471758d63f,0.1102,none
e310689f-7c3f-47f0-946a-b8a23fd5e880,0db83d21-38c7-43ed-a3da-6296f1b771d4,0.1585,link
ead970ef-4d6c-4fa1-8cec-e126253f3e5f,aaff6a27-cf9f-476b-9680-35022c761706,0.1024,link
8aa6d9a2-af0e-421f-a468-b240ada85edb,0295605d-f7a3-4ec4-a162-95d6c41c3630,0.1563,link
2772ec81-b7c2-4f11-a399-dcd489cc808c,2609912a-8af8-4d89-ad6e-732aed6d0228,0.1251,link
7851deb3-f047-4a16-9895-19c23d98ce87,7851deb3-f047-4a16-9895-19c23d98ce87,0.174,merge
650fd985-06af-459f-a438-8b2d9861ff35,67bdbbc4-3be3-522f-bbb6-83d2e5853a39,0.0854,none
46816b0c-19bf-4b81-b0b9-21013bf98d63,5bec66e4-7d58-4af2-aae6-4a886102afd7,0.1577,link
22900af2-5f92-4a70-bffd-6f073504072e,d0a2a647-787d-4826-94c4-f315a0000e2d,0.1298,link
09d93dba-9fb5-48b7-9c97-0bac437a71d2,f660a72c-19db-4acb-8738-3b0eb6ddcf5b,0.1339,link
872bf0ac-c320-41b0-b935-5b6e361c0549,73f229d1-1fa3-4d1c-8e4e-ed48a8cf89c0,0.1014,link
da7be29c-048d-4020-acda-6d5dfba4ccc5,4b877474-165f-451d-a681-4f3f0316a022,0.1123,link
aaff6a27-cf9f-476b-9680-35022c761706,aaff6a27-cf9f-476b-9680-35022c761706,0.1753,merge
6aaa5a91-7b22-40b1-b270-fd5c2d9e25ee,b4d2757b-3500-4f71-b461-707ca2ce4bd0,0.1068,link
bdd9ef2f-ee58-43e0-ab74-1f92fcd57764,be94c912-600f-4de6-87ea-6af5cea4b26f,0.0999,none
592fb76d-8ead-4dd6-ab62-c8e5d18b8a39,592fb76d-8ead-4dd6-ab62-c8e5d18b8a39,0.1288,merge
e21326c2-ed74-45ab-8944-ae17d1185c84,2f5de8f9-3e4a-49ad-90c2-9c1ac00ec43c,0.193,none
7e9e51e1-030d-44b3-971d-6e419dff0821,75b46273-167a-4879-a9ac-5581b4c1a65b,0.0787,link
39db94c8-8fc3-478a-977f-3d0cd36385f3,8f55b514-62e0-410d-b0b8-a828389b7b4c,0.0999,link
cc22f162-5b9a-4e27-80a7-7c76053a0dc3,67b94bf6-c7c9-4878-9cd7-402010e29c3b,0.1992,link
c210c76d-5ff5-4ed8-a481-1eed7ac51e6e,3e42f15f-b5b5-4a77-b3a0-fe71d76a5e3f,0.1236,none
735a5161-c89e-4ba0-acae-e9bfd30230e8,42b94c70-f691-457d-8304-d5b376323eb6,0.2701,link
6944d805-2026-4f05-b374-3dcfc90bff06,e33f1326-1cec-4553-bf6d-bc18fa70582b,0.1359,link
16c3b79f-403c-4ef7-b77d-babe16201af6,e33f1326-1cec-4553-bf6d-bc18fa70582b,0.1478,link
0ac758db-a683-4065-af06-83ca0127b202,0ac758db-a683-4065-af06-83ca0127b202,0.4854,merge
1056e4f6-6ae5-4589-acc6-c9ec7740576f,ed8d3267-2fbb-4353-86d3-534ede07a823,0.23,link
7baff1fb-32c6-40ee-a801-4ffd093b9375,7baff1fb-32c6-40ee-a801-4ffd093b9375,0.4774,merge
d291eaec-a04f-48f3-95fd-6a33f0a705fc,bf15c2ac-8bb9-4e14-afe1-ca4fc34dac55,0.1202,link
a247570c-de1e-480b-98b1-d4304abda1fc,0761b9fb-dc1e-4274-9ff1-71f1d1fea3a9,0.2959,link
1047708d-286e-446f-ad24-16523a09d2c2,1047708d-286e-446f-ad24-16523a09d2c2,0.1895,merge
c02341e4-d299-4efa-a0e7-e741eeb455d4,5bf3c0fa-f84e-4b0f-b8d7-09215c3d583f,0.1913,none
fe06a615-2b06-4e4b-97f0-77a847f38f7b,1047708d-286e-446f-ad24-16523a09d2c2,0.3239,link
74407c62-f901-4003-a66a-60b65fe31f3a,c96c3115-ffec-4926-aeb1-83db8b2aeaad,0.1239,link
fcb563d4-312b-4997-8326-3999e88c0666,4ff02984-c20e-4fba-b24e-73aadfac2e60,0.1177,none
472fc20a-2b70-4b1c-9360-f01660a22661,fc8751b8-eead-5df5-aef4-c0ada3144ce5,0.109,none
7e170cdf-b06b-4586-a8bc-36d8d34e80b4,1941696f-b3fc-48a8-9699-55c4c9f00a9e,0.1197,link
ee0b1749-aaef-408a-a8a9-93bfde629a85,ee0b1749-aaef-408a-a8a9-93bfde629a85,0.4032,merge
55517bc6-bca9-4a6f-af99-7a7d37da8374,51078535-673c-43c2-b5c4-d9a0ce7e5b81,0.2237,link
dbf2153c-e191-459e-8e3c-785f66eba536,0671a210-3e2a-477f-bed0-e0a4978c541a,0.1066,link
c3ea5667-513d-45cd-b50d-0fe03f277796,e9c7fd14-f52d-4985-b275-4e745a76ede8,0.2243,link
86582631-3618-4195-bfc0-e48074d0bce8,3d41f8f6-8e9c-4d05-acfd-88607f5e4876,0.1918,link
35273f7e-bd07-48b0-b495-c290fbc2dd04,f97d8501-6cab-48b6-b66f-d105dd2c7ad4,0.1352,link
21c45f58-32c9-49d3-b5c7-585da83782bb,eed7dbdf-b7d8-449d-bd50-190dbe5b23e8,0.1902,link
2fdc47f2-59c6-4f3e-bffc-e38bec039ca6,f94eb05d-90cd-4b8d-aca0-e13f7e9ae889,0.2552,link
e163a90d-3990-4095-95b1-250a03c64c8a,a8bca3a9-2c43-4937-a11c-b89ce686ee55,0.0859,none
7a45cec8-55ae-4757-9aba-093484cabcdd,da578aea-6dc4-48f7-9b53-f5140f019f61,0.1476,none
1f0bd347-8e49-4d41-bd8b-0c9bc4c8ee44,36857f3a-4c45-4486-a497-108dd064a06b,0.1099,link
e4228d20-3a4c-45b6-9652-15db907e6adf,5977400b-0444-454e-862d-61de51d93d0f,0.1116,none
ebeaae64-827d-40a6-a347-ffb255d56481,7bf96090-a938-4205-b933-fe023dacbdff,0.1083,none
2cd7eadf-472c-4181-a9ba-e2d5e430d5fd,36857f3a-4c45-4486-a497-108dd064a06b,0.0554,link
3e876366-a30f-4174-ac9b-ac1cad19c797,8856df85-e29c-4971-80e0-d795eefc4550,0.1559,none
29693260-03ca-4bd5-b282-555f8b8db163,ccb2ec31-a634-486e-b524-6e5eb6c4e18b,0.1457,link
3b235539-e337-4c60-95c6-f3faeecee50e,723b7d87-c9b6-49e1-bd57-4d307c7294d3,0.1454,link
f41304f5-7141-4284-81b8-c555e1168dd5,d9cf7fad-729d-465b-b2f5-fa4a6fd1de10,0.2141,link
bf2d957c-0e29-48a4-9e6f-dddce51c889d,7bd4359e-5ae0-464a-8188-1002c982c8ad,0.1448,none
48aaf6dd-06f8-4fdd-b826-944cf1804c49,7b7fea2e-2ef5-4f9b-bb40-5f9221843092,0.1288,link
92c5ee56-1bd8-4c06-aa0e-8ada6d19f0f2,51c90f2a-c79a-4f4e-bf1d-af54abfb4422,0.1961,none
8f0c8bc5-d38c-44e5-8111-da1b069fdb33,418bd4f4-5879-4ad2-9706-23ecd8dffa94,0.1223,none
937ad21b-a587-485f-bf4c-a351b87baef4,9949319a-2dd6-4d2a-9efa-be806ae20daf,0.105,link
934d8418-059d-4d0e-a89e-2c64ce32f88e,dfc3e5b9-c1d9-437c-bbf2-a63a85ff4d53,0.0653,link_regional
0c701e70-dfab-435c-8e5b-8e2eac4ccff1,9b0f810e-b8c0-4664-bb49-c4a0d3f4ee8e,0.1258,link_regional
dd341aa4-6afc-4267-88dd-6672afab7b72,618c9b4d-a9f2-4073-be54-6d207eeaa2b5,0.1528,link_regional
3097893a-3a5d-4df3-b7c3-2a02b76a626a,9b0f810e-b8c0-4664-bb49-c4a0d3f4ee8e,0.2071,link_regional
d38b2e90-dece-43cf-a1cf-dc9d2bbb03ba,0761b9fb-dc1e-4274-9ff1-71f1d1fea3a9,0.1085,none
5b41700e-f328-410a-af06-9ae22edf4014,2dc907a3-6f8c-4a68-8e84-acec8cd9a948,0.2152,none
36d90e3e-d762-453f-ab67-cf596c74d082,e9824279-eb06-481d-a548-5733ee80762f,0.1267,none
c3f9c55f-91fa-4e52-a105-a1899b4f270c,41818481-d727-4251-9e46-633786b49286,0.1983,link_regional
8cc44c4c-a830-4783-9a75-45f6dc2b03f8,f96c9336-5cef-4477-bde4-c50209db7d37,0.1236,none
8437df71-0c6c-460c-a28a-b7d0271711e7,a5f24296-d297-442c-b115-bb34ab4f9b71,0.152,link_regional
faedb074-215c-4bcc-88ce-fba9c842bd69,ed4a3551-a739-4ca8-becf-23f736687a27,0.1313,link_regional
8d73d6e0-0cc6-4175-af6b-520e9f2bce6c,c3cc03ca-96ac-4301-86e1-bc0163e182cd,0.1345,link
d1c8cda9-618b-45b3-8525-d59c82f998f5,caf48e79-7280-439e-8a67-5c74840648c4,0.177,link
89fce313-d972-4aa9-8689-d89f41c6c2a9,287c88ba-dae2-41cf-aa15-fa26a75a8eba,0.1469,link
d816369c-fdc8-4d19-be4a-7ac893dd3925,5c5d01e6-0c44-4ff4-8fdb-3beecad35c3e,0.1173,link
3a09fc77-0741-487a-b325-ddb6c70e7695,9ef0907b-2619-464f-a1f8-08e439132e7c,0.1508,none
244a6084-db3c-4705-ae18-72e08f17463b,2f241d39-f781-4c5a-b62e-afc3e69435f8,0.1538,link
776235c6-d9ef-4a19-b229-03178625615e,776235c6-d9ef-4a19-b229-03178625615e,0.2553,merge
9a2c9dc4-40bf-42b5-83fe-ae11edc7dfdf,7f9a724f-229f-4dd7-82ca-b6c62b51ccf1,0.1355,link
c519fa9f-7ba4-48cf-8d98-fd6b82ec1211,c25186e7-c4d5-40d5-8373-efb78e7fdc41,0.1493,none
de22aea3-d3f3-4dfc-8a9b-16f8969d50b7,cd9f7a6b-758b-4d9f-a2c0-ee5d28008159,0.0738,link
030df8b5-0920-4193-94a7-5ac49abb9479,e785615e-8a02-4937-a161-a08081a700c3,0.1931,link
25dff751-8814-4a24-b1ef-7e235020a1b3,a8c251fe-a692-47ee-9c42-1f062fe289aa,0.1224,none
7bafba13-8f29-4973-abdd-7105f7a78850,2082b2b5-cf15-40bf-9883-75ea60257f1f,0.1314,link
2da63d0e-2722-408f-ab15-3821e0c7e714,17c40257-a2be-43af-9b67-125c93d5184e,0.174,link
3f333e44-2cea-4556-a231-2104f2285b88,6098f8d8-9177-4de6-9cbd-7949c78aa0a2,0.1489,link
12b21a27-d906-4998-9b67-d564e88c04f1,598f9e0f-8f34-4327-8c51-ea78096fc499,0.2787,link
cc88291e-dafd-4dd7-a9ee-f5cc475d83e5,cc88291e-dafd-4dd7-a9ee-f5cc475d83e5,0.2298,merge
d82319d9-330d-4b66-a49e-9f2c24e750c1,9fb1ac80-ac97-4712-8daf-e7e49b1c38a8,0.3243,link
6ff927ea-ed33-468a-8e1c-5d61c376daf0,c76c35af-bf46-4465-ab77-7aa1fe98f2e9,0.2539,link
b03163e2-0684-4ea9-967f-7d12c824a4c6,b1870bc3-819f-48d6-a4f5-7642c7e0cd72,0.1411,link
8ce4776e-7405-4cde-846e-dc84c3af04a3,ddda1011-7f8e-4ab2-96d3-061bcb2f226e,0.144,none
21918c25-e42a-45c2-b396-5e7bf550ef9d,f1c9cc02-d297-4e84-b70a-0e5d2b56f7b2,0.2037,link
f742523f-d7d3-47d4-a2e5-9e786a025c09,16e89c66-cd61-456d-baee-3cc7e5e55b94,0.1762,link
ae934eae-564c-47ef-a182-268082fc0309,759d022a-b7ad-4d8a-9b6e-62e37b804503,0.1457,none
0ade35d6-8cc9-40d0-b3e7-dedc550ad89c,d22c541a-9ed1-4cb1-a13c-3f04a184b9b4,0.1558,link
b6805dca-cb0d-46ac-b86a-5ad8fb3ff24b,0c688fe4-2704-44b7-9c99-2d7c8ac7a1ff,0.1622,none
7c30725f-d78a-45d5-b0ec-747ad21ec54b,f660a72c-19db-4acb-8738-3b0eb6ddcf5b,0.1045,link
2e6fecce-4d58-4324-8de7-aaa4249e1209,f82b4c47-0407-4efd-8124-61a3b11d1b85,0.1808,link
99d30bf7-9585-4965-95a3-241502067b88,5baed3a3-9839-4ad9-a85f-212d41120e08,0.1005,none
c70796b6-b1e9-4c64-96a1-4388b0946d64,4ce4eeb2-92cf-428c-a246-12fe46a50a63,0.2097,link
73d9035c-9710-4c46-a356-ea921e895f61,6fdd2490-7ead-4408-97cd-626ac819cbf7,0.1616,link
d879fe4b-e160-48b6-a542-10f019c7e57c,eb0d5fda-f33e-4ebe-a539-69e89ff6a068,0.1213,link
5733ba6c-a73e-412c-bd24-5774f264fc45,5733ba6c-a73e-412c-bd24-5774f264fc45,0.2249,merge
64f2c02d-d001-4075-8076-d10b7f0e0e62,7795b711-018f-4ffe-b42f-a3f334278c9d,0.1532,none
9c503851-a4fb-439f-8267-9d7f44fbf9e9,4bbd6905-c154-49ec-bb41-b8fc844505a1,0.1952,link
5c397a0a-e6d9-4354-8113-46d09a16f970,b06d64b5-332e-422b-9177-8725c7a0dd73,0.1677,link
0c81f68b-5c95-41f4-9a1a-e3c14a36a135,ec5f7108-18b3-4881-9b93-d7a75cbfbd2b,0.1421,none
e7a1db01-6813-42ad-9faf-ae3e0bffa4e1,9de7da01-0295-483d-86b1-4d754ecb5ba5,0.1047,none
b12ac835-85c8-4e17-91e0-cb4b03c85a2f,488b5ed3-a70a-415c-9a9b-f444de87bd83,0.183,link
5aa6e5aa-9875-4c8a-b322-9983930bd480,62ce6229-c143-4956-bc15-59a185e51db5,0.1985,link
4dc22424-7b59-49a7-92d3-6a9615bba814,a9a7dcf9-dcb7-4b22-acc4-d09e5ba6a5a8,0.2011,none
2884ae4a-2a74-4dce-8cac-9fc84bf72fc1,2884ae4a-2a74-4dce-8cac-9fc84bf72fc1,0.2028,merge
e46694c3-00c6-4476-8121-e7996bb9086e,ddda1011-7f8e-4ab2-96d3-061bcb2f226e,0.1438,link
ebf0107f-a706-406d-bfaf-fb5237d4106e,16990578-c68a-4220-a513-4e07fc6b0d8d,0.0977,link
beda13ba-f1f2-49b7-bc24-020b01ff081f,1663bf42-45d3-462b-be62-1a0c5451b4af,0.1095,none
365844d1-4bc7-4b86-80d8-cc7e0c3fd5d2,4b65ee97-5377-4d0c-9c29-3d28f37c1bc8,0.1674,none
a29f8d23-2b03-4447-a43c-5448b4b4bfb9,429f2653-306a-42fc-83b5-2a66fd09e3e5,0.1426,none
3421b7aa-41e2-4649-89e4-fdc221841cb4,16990578-c68a-4220-a513-4e07fc6b0d8d,0.1676,link
6bc8b3f6-60d1-4037-8f83-ace9d48a0af5,a6c01bfc-8243-4d81-9a6a-14486bdff034,0.1266,none
65d05503-e92b-4c8e-aa1a-cdbdaee3788a,788ffe7f-6a1b-47c6-bada-0810204a779e,0.2069,link
acabdc41-7f58-4444-96a9-7b199c347fb6,2f7643f1-84f2-4464-ae8b-4b88782658f1,0.1462,none
ebb34a2c-1826-4829-88cc-6d5f75c1f4c4,2250cb45-a021-4b19-b648-4aea051339c3,0.1549,none
ca59b904-4818-4052-8b80-363bea99f3d0,46242c1d-bd24-4bb2-9c69-973de95072e3,0.144,none
023e6345-ab23-4ebd-a4be-5fb6adf3c31d,2af44b9d-ef6c-4dac-af6d-df0ffccfae35,0.1479,none
631996d3-13ef-41cb-bfb1-c54f91bddd0d,22918a5f-c7cf-49e2-94f6-b8c6c59467fe,0.1289,none
a8713870-e0bd-438c-8857-4a594cb874a0,685516a0-eda5-4a7b-810d-d0938420d3aa,0.1726,none
a4668e53-6746-44a0-99cc-f2dafc114123,e92263ec-230e-4b2a-bc25-51128e3f73cf,0.0612,none
1252276e-fd8f-428e-89b0-72d68fd317cd,ccba0a1c-e92c-47ce-a5b6-46a62433aaa9,0.1336,none
dce89e3b-c1f2-428e-ab2a-0b89061ef2f7,3ecfa267-f8da-4f1e-ac0d-94f9a767d36d,0.1631,link
d994778f-a662-4c0e-8df1-656a6d7edbaf,f5097de2-56b9-4b8a-b2f5-446b619d3602,0.1678,none
d4d15ea3-4a66-4b79-84f0-11e2038f31be,ea10389a-878c-4519-90e0-7e72fa2a22f7,0.1432,none
0e1641c1-9bef-4065-b44d-ac103690d9c8,ae0df23a-85bd-464c-a95a-d50276610c4c,0.1619,link
945809d6-2545-4a5f-98ea-81ff200f4046,89e21115-3fae-4529-84f0-bc5a4bedc33c,0.1574,none
c333e44a-b16e-42a2-b465-c48c9e95b25e,ae19d03e-4ef5-4520-be92-31148a173fd4,0.138,none
2db55411-c06c-4b43-a600-acc483c5c326,2d1881d2-a327-4dda-b910-66b8e2aeebb0,0.2069,link
536c673e-0892-4d30-b74e-a51cc149da0b,791fb72c-ad7d-4278-b670-1fc006d3adcf,0.1568,link
cbddbeb3-d6b5-4933-8554-e3d9e511b939,b2beb571-939d-4066-b408-d683e9257f8a,0.1609,link
de9e7a3b-e3b9-42dd-a391-2744470b7f8c,0d315c55-2953-4bae-9638-93d987d0e4b4,0.0837,link
c1bfc091-ecef-42b6-a563-48a4ac6b1e5c,eeab9bed-bd05-4fa7-bd1f-11d74a332e5c,0.0858,link
5ee7e5cf-84ac-422f-a25c-5b9579d727d2,cc282c4f-3c8c-47cc-84b9-603d83719f54,0.1333,link
579265f4-9c8f-4fb3-921c-c3541c7be0cd,f5097de2-56b9-4b8a-b2f5-446b619d3602,0.1361,none
f38ee4d5-8978-4d21-83dc-0e9d34a34e67,eeab9bed-bd05-4fa7-bd1f-11d74a332e5c,0.1434,link
96d1fd3f-a980-4ebb-9215-d5509379d834,7df1e119-d102-4b7f-92a4-2e6ff50f54ee,0.1061,none
bb50c710-43ab-4819-9bb3-c51e8ffe1127,27a1fbf0-5611-441c-9417-37191d916105,0.1157,none
ec82805b-9966-44f6-929c-e41f08244819,9d5bed1e-6950-4e16-a002-e2ee47c04646,0.1637,link
422fd838-0082-47ff-b1c0-2c37d0907255,6dcbbd91-d370-44a5-8e21-1d851af1d342,0.1397,link
c4c761f1-2dea-4828-9341-1e265e3eae9a,9feaf2f1-6ffb-4499-932f-c88ce6ae86be,0.1202,link_regional
542bb0e9-5a30-4ad4-bc24-a407930c6041,59f4e1a5-5b58-43bf-ab4a-17d826160776,0.1625,link
4bcd896d-0ca9-4106-aa64-7a8c96b4abce,eae10e81-b9ec-4d4e-b29c-d491277ab985,0.13,none
1ca7545f-d3b6-45ab-acec-2929d30179f8,da96d9ac-2b2c-4070-b6ec-8b55edad5b8f,0.0838,link
d8232171-ab23-40c1-9e3b-43f6db148998,59f4e1a5-5b58-43bf-ab4a-17d826160776,0.1463,link
cb4fadf4-8811-40e3-90eb-05415846a521,287c88ba-dae2-41cf-aa15-fa26a75a8eba,0.1938,none
f95a264e-9321-46c4-970c-9692201612b0,6fdd2490-7ead-4408-97cd-626ac819cbf7,0.1247,none
7d9587c4-5232-4b20-a86e-21dbcdd4dad8,af5ebab1-8906-430c-a777-fb7b75c5893d,0.0974,none
df50e345-e8c6-4224-bfdc-72cd0d8771c1,5d8317f1-72b0-4973-8e97-524465328725,0.1562,link
0333586a-d785-4321-9a26-aa083a3699e2,6e1f7fc3-771a-4895-a948-33bf4359026c,0.1839,none
3d4f671d-4537-44fc-a277-0e44818174f7,53315b8d-5e9c-40e0-b563-85e7b5ae1387,0.1469,link
98284fb4-cabf-4480-9cef-a1932bddf00c,8cd14cab-5c24-4af8-8fc9-af8f215b2bcc,0.1043,none
c0ffff6b-d438-4404-8b66-de12cb1c8961,2a5ae788-c53b-4888-b95d-01d8d63ecd80,0.1878,none
139f36ce-a993-4689-8e3d-24109e610167,7fd0418d-d697-49c2-9afd-beed7417121d,0.1002,link
00133af4-bfcc-47ed-b33d-b1e4d27d9cf3,e09654f3-e250-408b-af73-e77b232c8c78,0.1494,link
12eeefb9-b4fe-4b2e-a4c2-2eb3eb0440c4,dabe7e85-032f-4796-943d-dadecec57485,0.1482,none
955cb8e0-7ccf-417f-bd7d-05512a71e93e,128e820e-942a-4a5b-b503-2498d8779ad5,0.0826,link
d4017a7f-2c15-4448-abad-5d69e9dbeae2,dcd4a6d2-cf34-42db-b9d0-16b6db773db7,0.1521,none
ca315aa7-3955-4173-8b5e-51bad655f16b,853ddbf2-b9e2-47bc-a73d-c77703f906ec,0.0822,link
e4faf663-4c28-4b67-95c2-b9caf4cb0099,83efe4e1-3a7a-46ca-ba6f-629bdca06345,0.1631,none
c71f38e7-6756-45cb-8cb0-d3e568b20762,ce35ad3a-1b9b-44bf-8d95-7020301b93b6,0.1264,none
585f90fe-a16d-4b84-bcb7-e44d675666ed,7c7ea838-47da-41aa-b67e-da81881b77e5,0.13,link
5c2e13e1-fce7-4fdb-a46c-158a58eca283,5c2e13e1-fce7-4fdb-a46c-158a58eca283,0.2718,merge
26b0d75d-1711-4d51-be05-6f3797e45ace,76ac1857-91e1-4238-a630-e9ca725430c4,0.1837,link
6b5b1516-6ef7-4cd1-aff3-141fd5c737d0,06db8787-79dd-4bb3-9e1b-c3493c84279d,0.203,none
4c8ada79-cc2b-45eb-acdd-b6affead6c2d,4c8ada79-cc2b-45eb-acdd-b6affead6c2d,0.2866,merge
20914deb-7c69-4c67-be97-fd8a46ebca98,04ec1637-34ef-40ee-83e8-f8c38106c4c1,0.1261,link
341e3a58-a75d-4d63-b6a7-01241114fa19,f992cb77-dadb-4587-adf8-e95dab249fb9,0.1224,link
b138e09e-82a1-4cca-9b86-2979d960342c,6da3720a-0247-4b2c-93ef-510e5ed0af14,0.125,link
8b90e878-1b35-4b78-ae6b-4b58690c28b2,f7b77883-a37e-4a71-90cc-658ae2bae859,0.1349,link
a84cff20-62e9-4e95-b012-a7ee366123d0,d22c541a-9ed1-4cb1-a13c-3f04a184b9b4,0.1437,link
f713ba16-5e21-4704-a429-e7e71101c5e4,544baa10-e30d-4082-be34-0122487929be,0.1402,link
0ea8689c-04f1-41a9-8129-fe7a33ed11c5,15caae20-33a8-48d9-8e96-9e803f2915a5,0.228,link
bc40132c-e223-49c0-8175-dfcd61960c50,e785615e-8a02-4937-a161-a08081a700c3,0.2014,link
a433d2ef-c150-4442-a31d-3f55cbe618ab,f7b77883-a37e-4a71-90cc-658ae2bae859,0.1199,link
4854e2df-5f53-42fb-a76e-c9e3ea6e2181,ec3b0b75-754e-4e28-8d40-c0375669d294,0.142,link
77b534b6-6dd4-4c50-a046-ae76e472d536,696c782a-b182-4580-8725-71870ff9b9f9,0.1619,link
7069ea19-ff03-43cd-b90f-4ebc05ef5602,81a0164d-9e9c-4c8c-8b2a-1a9181d35d0a,0.1811,link
e4663443-cfb6-4da7-9a21-b856ee5445e8,ec3b0b75-754e-4e28-8d40-c0375669d294,0.1264,none
001e613a-10b1-40ed-a16e-6ec3db8a678e,007fc8d7-1391-4747-af6a-e33d28038e5b,0.1011,link
e4063c8a-c364-4458-b22a-47717c1934ea,28c18da3-fd37-48db-abde-7a9995f3d6e2,0.1119,link
ba1090af-d802-4cd9-8fa5-a27ad153daf8,0fb01cc7-3574-4a33-8bbb-39643cf04b15,0.087,none
35b798d3-9dc1-46c9-9f13-ae8b849d8d91,019abfb7-3574-41ec-b2f5-77a62a94ce88,0.1772,link
02096d09-26e3-470d-a857-f5be4672af8c,547ffc81-84ee-4834-9996-25071ed68b53,0.1076,none
06e0a0b5-99bd-41a6-b588-e9f5a9dfc722,0881c933-f1da-4999-a9d3-8a77b84a6d62,0.0959,none
165a97e1-9b02-413e-b878-b027e6519085,51469e20-dbab-5247-b3be-a5452460b966,0.0608,none
329bef25-34cf-49bf-997a-bc2afb617700,4788e197-bd46-4f48-a7da-9765890fea07,0.147,none
db83ba38-2ba6-4a9c-ae4f-d8c642a43fa6,14c648f2-b5c0-4508-ab3c-c795f91175b1,0.1336,link
20dad87f-120d-4425-8f75-6824ac3b40d1,ed02e0e0-c9d9-4cd4-8b7f-ad6e6a2d0d31,0.129,none
aa3d099e-9f18-49f3-bc57-371641472463,a5790838-903d-46c2-89df-cffb820c53a5,0.1218,none
721b166c-b09e-4934-a324-720d905a8c05,d63fc270-dbff-414a-972f-164271c1c02c,0.1046,none
2ad934e1-0446-5174-ae7c-26b06e85dbc6,2ad934e1-0446-5174-ae7c-26b06e85dbc6,0.2626,merge
fd19696c-5594-4609-b176-164c746a30b9,9d795694-10ee-5720-b042-24295517817c,0.1816,none
731373d3-4553-476f-b95e-214288907743,e4fcddff-62f9-4cda-ada6-87cc367a5a19,0.13,none
0fb041e9-e765-43bd-8172-9c7f0e7553cc,667a9476-5fe9-4452-8ab6-fd0402207274,0.0577,none
5d6203ed-c159-469f-b73c-85810d3f845f,04d08950-e659-4821-bbc4-f01721d1c524,0.1214,none
48d1a3f7-9e9d-4817-894f-eb5b0c76f959,ea6d1ff1-3eed-50df-9539-1efcd19e748e,0.1342,none
8f99d509-fb22-4b52-b87f-960fa10f01eb,296472ef-0ef4-42f9-84a9-d19adcc1e045,0.1245,none
f2637afc-e836-4273-a550-8c130e376907,8a5aa692-cffe-481c-978c-bce993e91345,0.2351,none
157f6b35-2b61-4456-827b-fdb413c75871,6789da21-17f5-4daa-83e8-73dde20d7e48,0.2069,none
1e6dd357-dd15-4875-af3a-fe65032cfea1,c61d37bd-07b8-40e5-a096-87be318d4e39,0.1078,none
102fd881-ef15-4799-bc59-336d82b2b37e,e4fcddff-62f9-4cda-ada6-87cc367a5a19,0.1375,none
dd9c5715-3d3f-47c9-9c09-5e9985878c77,948f8540-e8a3-4103-a7bc-e94d6ec5d56b,0.0846,none
74d4c840-5b0a-43cf-904d-14ca5be31f63,fddae192-527d-4a88-bae9-b6dc748c69b6,0.0943,none
8b137aae-7660-464e-bbc7-977672917ebc,fd051411-f9a6-4277-95c1-c6d6cbaa9dc0,0.2007,none
52253abb-d02d-4bf8-a62b-dd506ee795ed,aa457326-3bdc-4279-8aea-317683fe7c79,0.1562,none
c57c479c-86d8-436d-89de-136c7543834c,0d315c55-2953-4bae-9638-93d987d0e4b4,0.1255,link
fc1a697e-55e8-440d-a71c-0e12bd071065,bbfb20f2-f586-44de-b531-30f93e6123b0,0.1112,none
86230058-037c-44dd-a86b-7eece0ffff83,2a01f8c5-d1d6-4722-91cd-b13648f86cb4,0.1571,none
56598fb3-4d10-42f2-9da1-f5c650a84f5d,53315b8d-5e9c-40e0-b563-85e7b5ae1387,0.1942,link
ccde8534-fbff-417d-ab76-77cacdd51bac,21a0449c-d17b-4375-bf6e-af12ab8b403a,0.0843,link
76a1b31a-b648-4d86-b3d5-a9534e354e47,30ef8b64-4533-40e2-ab61-df3534d57ace,0.1746,none
4437c110-e3f2-4abc-a618-3850323e35cb,43f9c592-d580-4286-8be6-dc1ce9e4bf31,0.122,none
341b9961-2477-45b4-93ba-6ffb182a7e19,77dc2e6c-c5c7-4302-87a2-ced48d1e4904,0.093,link
d66663a2-bf1e-4b3f-8cf5-16fc6e0712b9,f11bba8d-0b8c-4509-87f5-b83061d2cd88,0.1089,link
dd13d61a-18d3-459e-ab43-63e4b213db09,06db8787-79dd-4bb3-9e1b-c3493c84279d,0.1301,none
2f9a72fb-b983-4854-bafa-c8c40afc6f53,106bac6a-08e7-4d87-bae1-12a0605b355c,0.1304,link_regional
c734b19c-3ac9-431f-9c03-75b6e0b46722,661ca863-4f3e-47c2-85ae-78efcedcaee5,0.1415,link
04bd07ec-db6b-4a87-99c2-80bd0ba8b5cd,7e58ad7a-4708-4525-a3bb-9b97eb063639,0.118,none
55b88cc5-ea6c-4382-97b1-4e235fb4dee3,7cefc171-1d60-408a-a437-5bc9c79b9679,0.1509,none
e7c73ff1-f473-4ce8-b85a-fed799d56335,b14dd3a9-5365-409c-8797-672976d66de3,0.1023,none
e0cf09b5-8c08-44d9-9793-50b6052b8c82,e0cf09b5-8c08-44d9-9793-50b6052b8c82,0.2177,merge
c26260fa-46a3-43d2-8383-285722dea723,3d083986-4886-4975-a855-2d63c5267575,0.1585,none
88d8a308-ec9e-47d5-bd87-5bc864df70af,28c18da3-fd37-48db-abde-7a9995f3d6e2,0.1023,link
2d113620-be0b-4520-a3a7-7f90cb908438,7bf96090-a938-4205-b933-fe023dacbdff,0.13,link
e94d62bb-8076-48e5-b436-f762edc2aeef,46242c1d-bd24-4bb2-9c69-973de95072e3,0.1323,none
a3a7fe89-87af-4b30-9124-943cc972aabd,d22c541a-9ed1-4cb1-a13c-3f04a184b9b4,0.0993,link
e2dd6779-20b9-4382-b293-548f95b4638d,3ac1ad99-fee4-4177-aa27-d379b50934e5,0.172,none
26e69f85-0e46-4010-9b91-911782e41f6c,aa07f595-1e59-4606-a959-2faa5b6d1c9c,0.1108,link
e464abbd-ade4-4666-8a98-acdb61028ccd,3d41f8f6-8e9c-4d05-acfd-88607f5e4876,0.1449,link
d31c1b09-70f1-4d59-8b96-cda087561cc7,785d10dd-466c-4a70-8522-e8813bd242e0,0.1922,link
f6a9d4d1-1123-49d2-abde-712d8a383744,26fe4bb5-759f-4bf4-ab8e-26df1b063a3f,0.1482,link
9ee94e50-b1c0-4f93-8516-d83490648608,802fe380-6629-4b02-b0ee-57f82df22b72,0.1182,link
84e9efd5-a763-4df4-893b-10aa257c5d3d,55aed87d-26e9-4064-b3b0-d264b15ea360,0.1597,none
f0a69844-e6be-41e6-aa98-4fdbeeacd031,15caae20-33a8-48d9-8e96-9e803f2915a5,0.2937,link
f48b1644-e9b8-405b-83fb-f5465ff74e13,4c39372b-b2ba-427a-9efe-d93abc0b2e1c,0.124,link
9d674365-4d1f-4409-84fa-737e352ebe64,45e9daa9-5bc8-4c73-9c8c-8c69aa02c244,0.1332,none
c5a3ddce-a6c0-4f4c-ba71-c682d2708c3b,aacdd5c4-80ea-41a3-84c4-44a335516835,0.1425,none
3102378d-8108-4f27-98a4-cf68f96182cc,b2833f20-9460-4c4c-9701-e1b95cb0de8a,0.1401,none
cee473c9-3701-4b39-9d9d-1b47a90c3d67,f660a72c-19db-4acb-8738-3b0eb6ddcf5b,0.2132,none
4d0dbd1c-1935-465d-8202-2709c818e47c,8177e685-50be-4be9-997f-4d772027b792,0.1319,none
884d0979-efc9-4ffe-ad8c-e4a3b98a11ca,6330815d-cdb5-4fa9-952e-08fd5ca1dc60,0.2661,link
93113ee1-8a14-44e4-a8c4-01da01f5069a,cbc63015-3c79-4afd-9a85-74db9130eba8,0.1922,link
17573a82-d7d9-4562-b75e-3b1fe8081bc5,8f5c47f7-8665-46ba-8e94-45f215dc0d69,0.1379,none
d83338bc-a951-4acb-8e9c-432b787693a3,9d795694-10ee-5720-b042-24295517817c,0.1985,none
5a94029a-8bff-4477-b9d3-74b1db8c90b4,36a09849-65bd-4131-9a3d-f46243eae932,0.1093,none
2dfe1e39-afee-4ea2-a1fe-336037af3e30,f858ed4e-5162-46ca-813a-d58bcc8faad3,0.1482,link
65786631-2dcd-4b80-bca5-07e88125c48a,65786631-2dcd-4b80-bca5-07e88125c48a,0.3224,merge
88b26388-9a02-4667-8a85-3d09e80a718d,88b26388-9a02-4667-8a85-3d09e80a718d,0.1945,merge
99262f1d-80d2-4f4c-8d2d-948978663778,f31a64ba-ff2c-4414-b0af-94cf45e4578d,0.1992,link
aaff6a27-cf9f-476b-9680-35022c761706,aaff6a27-cf9f-476b-9680-35022c761706,0.3741,merge
04508db7-c34b-4b7d-9b2b-3255d67350c3,04508db7-c34b-4b7d-9b2b-3255d67350c3,0.2433,merge
3528efec-a186-4735-9a18-90820f215b8f,989e255a-b1fd-46be-9dbb-8c844a08f436,0.1378,link
d5bc79e2-8683-4c3f-a245-020a9638834d,281dcc1f-95b6-467c-8551-eebe1272195c,0.3402,link
f9f8918d-7d19-4e68-9298-2b66f45054b4,cd0d28d7-1c00-4a36-a7ff-d6467096f448,0.157,none
f536a78c-5265-4ed0-aacc-8eea4690e9cb,91737efa-6be2-4dc7-ad15-894e1440bb52,0.2888,none
9d000bd5-c1a3-43f8-8747-a9ec7434ea27,9d000bd5-c1a3-43f8-8747-a9ec7434ea27,0.1899,merge
279e1fba-7238-4557-9b78-f1f88c2c3df3,c06dff33-d38f-457f-8434-17861ae50292,0.201,none
cb39880a-71ef-49d1-bbff-dfbca4db0537,cb39880a-71ef-49d1-bbff-dfbca4db0537,0.3208,merge
19924bab-b5d8-434c-8b6a-ba41f291edb8,c9c2f0a3-ed2c-4d18-90ea-7a25553158bb,0.2228,link
955140b6-5a98-4395-8f9c-721c65f95c22,03981c00-bce2-4360-bace-193cb4abe575,0.0686,none
cc7ab3e6-312d-4f02-8686-e0a8295d30d6,be7e131b-4959-4fca-b200-310920acdd8e,0.1037,none
0fbd3890-a9fa-4df8-8f0e-0004c0432776,a1a7f919-5bcd-4194-85a7-45ad0ac46bd1,0.1863,none
804e4b94-2439-4c54-8717-20c6cfe28bbd,526083c0-7a3d-4395-8228-48b50f5c34ca,0.1226,link
94f3ec26-d88e-4089-9749-20391f477319,5a97919d-1c5e-4784-be88-c5c1a66ac01d,0.1244,none
aea0bd32-b7ce-4a81-8a14-8faa189276d5,9e600d17-02ac-4e69-a0fb-423ac51c817d,0.0804,none
7c1dae6d-709d-4e11-8466-ca130b4eb4ee,7c1dae6d-709d-4e11-8466-ca130b4eb4ee,0.307,merge
4d3d5528-5e02-401c-89ac-e2023107e97b,526083c0-7a3d-4395-8228-48b50f5c34ca,0.1342,link
a842fbc6-1873-49bc-a1e8-56a71afc2163,5756c81a-777e-4c0d-812b-819c657ec3f7,0.1749,link
5e0c71d5-69b6-4bb7-9690-5e5ce748377b,29a4db19-3719-4ff4-b820-7b444f1ba42d,0.2248,link
db0f5c3e-8ced-449e-bafa-a5ad4f9b38dd,36a09849-65bd-4131-9a3d-f46243eae932,0.1588,link
6c50aa8f-90eb-41e1-926d-ee6953ea35b5,fda71c9b-fcee-4c94-90b0-dcefc9368d4a,0.1477,none
a92ceb76-58f8-4bd5-9458-1c6b3f95ba63,7484aec0-9d0e-4bfd-b3ec-fce42be49959,0.1406,link
c278cd03-c5ee-4e22-9d52-f748e2680790,ccc3e491-cd9a-4ac4-ac59-7052e85ad5da,0.1693,link
d3fcee10-2568-4800-ba20-0056da859807,3ccfb057-40f7-48b7-9e31-cd27aa0cf0f0,0.1736,none
21c96a72-e06c-4cd6-9e34-ea9df78006e5,864ebd0e-93c3-4a70-a565-586f7fe21a70,0.103,none
054d9304-9fe4-4858-8033-87fed4c20848,5f256019-e88c-4201-945e-e7f649ea89a5,0.1476,link
0bc79887-19a3-42b9-ad45-567bf6592e18,696ae587-d779-42e4-81d8-16fa6ce1ded0,0.1284,none
93ef5fac-5e22-40e0-ab5a-a45ab53a069b,86c8d41e-c850-49f8-be3b-4abb0cd3c61d,0.136,none
e36af5d1-cd8d-4a5d-9f1a-6698bb2b2925,d07c3764-ff06-479b-825d-63af1d0e8906,0.1997,link
d5e3c034-8197-49c6-8023-36ed9f5f78f0,f68805d6-f877-46be-a6b4-2a97baa0db2b,0.224,link
ea259c79-7ccd-4aa9-8c7e-ae0da95f657c,a0038c5e-f06e-5081-a008-09f8b69d4c05,0.1805,none
0b9b6f71-0d7c-4d04-92f2-bf75c64cc8bb,9eae2bea-292b-57dc-a83b-4f1ca93fdcc8,0.1624,none
5091fb31-1dd2-4176-ac2e-9fd15817f2c3,a89278f0-257b-41cc-8b7e-ea6cdbde8c5a,0.0831,none
298a436b-bcaa-4514-a87c-d322b728ddb6,51c90f2a-c79a-4f4e-bf1d-af54abfb4422,0.121,none
678688fb-1a27-4cc0-b7fc-b053c505397a,cb00ea3e-4fb7-44b5-876f-a444b19830f9,0.1278,none
e87d0c00-6878-4eec-9f92-e5ca394691c3,bcd3a0df-3e60-45dc-8719-c6bd46cba6c7,0.2379,link
07db7e4d-b16a-49b1-9180-74cd52d939c1,ddda1011-7f8e-4ab2-96d3-061bcb2f226e,0.164,none
4580b949-0f0c-40a8-858a-d0879206a9de,6e7c1e85-5f5b-49a9-a0d3-73e0c06ee0b0,0.1471,none
311ad8b7-3fed-473d-a886-42669bb60078,39ab2526-d9ec-48db-b10d-cff97c2b9616,0.1642,none
43933567-6531-4e63-a315-cb940253b4cc,db4f699b-e39e-42d2-90b6-86ca9ad2724d,0.2403,link
f2771af9-d66f-4ea1-93c9-25036c7c2671,17f2c16a-fc6b-42c3-927e-80bd3b941494,0.2591,none
a847f270-d8f5-4d6d-8f9b-75c305cc894d,1a76196d-c5cd-5314-9230-fb068e899986,0.2113,none
3ecfa267-f8da-4f1e-ac0d-94f9a767d36d,3ecfa267-f8da-4f1e-ac0d-94f9a767d36d,0.1575,merge
2dfa7ef2-ec7c-4d9a-8bc5-6fd6b5cb38f6,2dfa7ef2-ec7c-4d9a-8bc5-6fd6b5cb38f6,0.2118,merge
cb4954b5-806d-47c7-b851-a38c8a2fcba5,c816bced-b24f-4e29-8f9d-b4dd8c775503,0.191,none
3e5a8aaa-ab35-44dc-8d0c-18fd795d95e2,ed02e0e0-c9d9-4cd4-8b7f-ad6e6a2d0d31,0.1199,none
c580e05f-23c9-437c-a1c1-5f4a30664fbb,8a53c6f7-49c8-4540-9b46-091ea32f3e45,0.1059,none
dc8f7ff3-7eea-42c0-af02-42a0f1dace59,e89f1583-3551-4eb1-ad00-d444c8f4577e,0.1997,link
b60c5ecd-3b3b-42af-8ce5-cd61b6d44f8f,89e21115-3fae-4529-84f0-bc5a4bedc33c,0.1843,none
059698af-88aa-47f3-b741-4e976c4a9249,a35d81f0-1a2e-4247-b3a2-5e3843efe0c6,0.143,none
7d8eb58e-1095-443d-a6b7-a383750ec7e8,38260817-e8e4-44c5-8836-c9645113ac9d,0.2067,link
8e39c064-5f14-4258-a739-046348e0878c,9b6b40cd-846d-4f6b-b73a-d2e1b9f78714,0.2024,link
0d553ce6-b6a9-4cc2-81c7-d93b20981658,1d0fd776-90d2-4e1c-b6dc-83abb02604f5,0.0908,none
21892372-e4a3-4311-94f4-788701712335,3e6094a9-08ca-4beb-a2a2-be4a1d97c5a5,0.1447,link
215b7932-cc39-4314-af26-59c3396228b7,215b7932-cc39-4314-af26-59c3396228b7,0.1843,merge
5104c641-7238-453a-999d-5c7989ff8710,9dd0efd5-f4de-59fc-a2a4-da55fc511ccf,0.0733,none
06a2ea11-e2c3-4374-81ab-3e5450069ee6,3938ec14-4750-5d0d-918c-cbdcaad95f34,0.1781,none
4ab483df-a36f-465e-a6d6-73d0358615b5,cc3a03d4-575f-4ac9-acf6-6b0f646001b5,0.0869,none
0d83286a-7cf1-4528-be3e-9c005a1fd75b,526cd011-b3d9-4ded-9549-62d677bbf908,0.1269,none
aa78c38c-91ff-441d-bc2f-92c4b5240792,aa78c38c-91ff-441d-bc2f-92c4b5240792,0.3358,merge
1d93995a-fab2-4fb9-98c1-cfe5d08b0955,6e500b44-172c-59ed-9ec4-bf28057b3479,0.1151,link
c24504ef-1421-4d22-9a0e-55abcbc16859,ef4dbab2-4db3-5955-8ae7-843fc7ee8479,0.1966,none
41aa9748-0098-4573-aee9-7ff8fe0affaf,51c90f2a-c79a-4f4e-bf1d-af54abfb4422,0.1193,none
72dfb3bd-6880-4732-9861-fd5f713fc2b3,1ec5ab2c-ddf3-4684-a8f4-715bb557ad98,0.1254,none
3e2617bd-a5da-48a3-b5ea-92fd79c6fe18,526cd011-b3d9-4ded-9549-62d677bbf908,0.1256,none
4c6475b0-e8cd-47b8-a4b6-ac67cb5fb0db,d20b64df-5d7a-43fb-ac8f-9f54ed295a5a,0.1748,none
2cbf401f-be36-4987-8adf-e4d55f042c5a,785fac36-e24e-4ca6-b2f8-d722955283f9,0.0924,none
97ce7d72-00af-40ce-b8bb-7b299aa3867c,5d8deafa-5906-45bc-a1e6-2e665ec28f55,0.1289,none
40f186b8-03fa-4d72-99f2-3df8ef03ce60,275af4d5-191d-4288-b143-b5d509add47e,0.139,none
19f0b44f-8bb8-49f7-b652-31d369146c18,01b92a76-0c59-58d7-a9fe-754791975b7b,0.1683,none
285484a6-7121-43a7-9a21-0494b6233fd7,819db76e-ad6f-4907-a187-da18f160618a,0.1071,none
b50f2aff-3ad5-44f9-aec3-a9bd6007360e,53315b8d-5e9c-40e0-b563-85e7b5ae1387,0.1168,link
be1bd719-bcf4-4f79-8664-c8dad444a428,d01ca68f-e79f-4db9-97e5-c42606621677,0.1196,none
c805e67b-b749-4a8c-a964-59ba3a84b85e,15426ee1-97ca-42d6-be8f-602f8f344d89,0.2372,link
bf61abe2-9ad9-4d40-9800-4445bfad86e7,d22c541a-9ed1-4cb1-a13c-3f04a184b9b4,0.141,link
8e7b0c78-19e6-4366-88df-c0941e3caa1f,2b51819e-327e-4272-a1a7-5dd2ca292333,0.1577,link
2836a3aa-426c-4e8f-afbb-68617a1ed6cd,5e8064c9-c04a-4e0b-89eb-4b69c5a623ef,0.1323,link
d3cee6d8-a907-4919-8d1b-68e104f4e352,ed02e0e0-c9d9-4cd4-8b7f-ad6e6a2d0d31,0.1754,none
b38c9508-c5ff-457b-a279-b349addb3423,862c2cb7-2544-4462-ac73-5c2345b42e29,0.0525,link_regional
26d10937-5cb2-4d4b-9ec9-b01f43fe8f9c,20a3ad89-e58b-4cdc-8f04-d4012d46082b,0.1192,none
e5e53033-9697-4465-8ea8-e84431a4efc1,c3a835fd-d35b-447d-b653-88d6da3a5a26,0.2085,link
82c83a4b-4317-451f-b164-03929ea2f8e2,cec5e44b-3612-44fd-856f-d46d95714a68,0.26,link
4c14cdab-dd6a-43a3-b946-5d925a5331fb,4c14cdab-dd6a-43a3-b946-5d925a5331fb,0.1646,merge
b48dea3a-ab54-4fd4-bcdd-05d108931c61,d20b64df-5d7a-43fb-ac8f-9f54ed295a5a,0.1401,none
eb28efa9-ae2e-4a5c-9837-6178b5dec257,275af4d5-191d-4288-b143-b5d509add47e,0.1493,none
c486a8e2-d1f2-4a78-96a5-22f323dfdcd6,1ec5ab2c-ddf3-4684-a8f4-715bb557ad98,0.071,none
6c77c792-8745-423d-87a7-96ab9ef92c32,1c48874d-2233-4d27-9916-15638a5f1250,0.125,none
756ef657-2b48-4859-97ab-88bf67e3d4d6,23b16eba-d5b7-4e7b-bf73-ff78d1ffa7d1,0.1766,none
a145d4ed-912d-4ef1-874e-97c3a1da6c0e,8ab65003-38fb-4997-9a64-9c88dbf01ddf,0.0987,none
6014a4fc-cc49-4b49-a3b3-5e51e8c9b3eb,4a3fdf92-19e6-4425-8b80-f2f6a1571b85,0.1721,none
651b285a-c5e1-4a15-88c2-f63e4a4106a7,3df1cd8a-5b54-451e-a847-544e8acc7c31,0.1272,none
0f4e3cb5-7fa7-4a9a-a516-a1df88365ef2,4a9dafb1-01ff-4113-89d9-c4a3262a8277,0.2873,none
66c02cd4-42be-404d-b31c-bd014ee91e3b,5a6f3e43-a8ae-4412-8df4-44591e9e729d,0.1498,none
1df5375a-6886-47d1-9365-4b34afacd669,85213519-503b-440b-a237-6eee2dd6f902,0.1304,none
f156bbc5-218d-44e8-8392-b1ed3a61c509,447cade5-a399-41ed-80cd-07e8b11c4dd1,0.1378,none
9c105b72-2c31-493e-94b7-9b0bb83319b6,a922b217-fcce-4ea9-b152-96006fe4dafb,0.0625,link
9a553c4f-4ec7-43fa-a8c9-0a18a3da7a02,cd18d12f-afc9-4216-9dcb-f41d4c9200e8,0.142,link
b2b882c8-3ae8-4671-9925-a023be9a25d0,a922b217-fcce-4ea9-b152-96006fe4dafb,0.1977,link
8e474e90-a565-4b5c-bd77-e7c7aff16f4e,5a6f3e43-a8ae-4412-8df4-44591e9e729d,0.1417,none
beccc52f-af4f-4268-8277-bb3605df01ce,23b16eba-d5b7-4e7b-bf73-ff78d1ffa7d1,0.2018,none
72b5d126-615e-456e-b011-f5ac069c2489,447cade5-a399-41ed-80cd-07e8b11c4dd1,0.1447,none
55924f86-0317-4aa5-979a-0f04f7ed8268,4af1d920-c963-454b-a616-f814f62da5e0,0.152,none
240b94af-aaf2-4180-847a-0baefcdb0e0a,facb18c8-a619-4af5-9393-eb860caa57e9,0.1174,none
a42299ca-e197-4ab4-bb4b-ac47cfde65a8,107334c9-7319-4c38-9b4d-c18fd680d8d8,0.2277,link
ba97de71-f816-42dd-85b2-82b5379d6344,3c1b6b1a-5e8c-491c-bb7f-8e5ef2cb331e,0.128,none
a62eeb57-50b8-4431-89fa-c1207a43fe13,4ecf76db-710c-4aac-b09a-a94565f59f9d,0.1101,none
82234d0b-db13-40cd-b27a-fd8d22600af2,7afaf05d-e7d5-4e39-ad8b-c11c89a1bb41,0.1412,link
eb157974-3456-47a3-82c9-ddd00d806b7d,db6600f8-ca39-47d1-8882-d3696cd5a72c,0.2206,link
f634db1c-8fbc-4642-8c26-5faebfa2e16d,0d4a7a02-a0bc-438e-a293-3acaf36d6a9c,0.1066,link
79df1f0a-9570-4833-9af3-6ba0a1fac2d1,bb43ac94-4c1f-405c-9541-c12d9cd16f75,0.144,link
836c34e4-6bde-4b2b-9a19-deda25cc1f0e,117aeaef-7dd9-4205-a311-46191087aaff,0.14,link
b1e2b8c4-cff2-4a96-8b38-ad21047ad9da,0d592709-12ae-4322-9ca4-bdc63864db32,0.1227,none
61582558-71d3-43e0-8032-8194c1745d31,358ebc61-b7c0-41c7-9604-24b730778efb,0.0884,link
763916d8-fe05-4848-bd7e-6e206e92cc93,79563247-6bb7-4dfc-8673-b8664097e3aa,0.1026,link
609f48ce-e74c-47df-aacd-26e880a8111b,912cf934-0cdc-5c68-ad4e-133023e02d82,0.1844,none
53c92b55-ac2a-4798-ac0c-16647ce32584,3ecfa267-f8da-4f1e-ac0d-94f9a767d36d,0.1969,link
267f5cc5-7ccb-4e1c-bbfd-9df59e4f86f1,49e237e5-dfbc-49e2-88c5-bc426f506817,0.2149,none
230b71da-9616-4d95-b122-66e192b14548,1ed1e50d-5c2d-4f26-9d1b-c21d669534ae,0.1575,link
1e03be32-6b2f-4200-8911-38a94fa2a4db,4a732e40-21ea-4777-9891-d1e4538f2762,0.1263,none
18051616-567f-4849-bec8-2cd6cbeeaa18,a27799cd-6832-49cf-b671-564b40519735,0.1268,none
5886ed67-266b-4314-98cf-76707205ab5a,d518e4b6-301d-4d80-abbb-04ce4f7e9bc8,0.1597,none
0809226c-f68a-4e46-9f74-1e046bfa9d35,007fc8d7-1391-4747-af6a-e33d28038e5b,0.1831,link
b6ccc9f0-19d1-4e0b-a997-d49ca40efc5a,53a8d613-5de7-4eb8-bff2-17b8fe012fef,0.1406,link
e2aefba1-16ae-4c29-a96c-b01012cf6691,befa6886-e5d6-4141-8baf-ef0cea6b3dfc,0.155,link
bd9a804d-987f-49ed-bdbd-b360dd26fc25,776235c6-d9ef-4a19-b229-03178625615e,0.1014,link
2c4d511e-fafe-4ed0-9c82-1d1f5a64dddd,4d7aa517-dd58-4d26-a01b-ba5f086ca7ce,0.1356,link
262eae3e-03d1-42c6-8752-16b9ee4d1281,bce5aec6-03fc-458c-85a6-525fb30b05db,0.1365,none
05be294e-5c74-4afe-a3b1-58e8cedfe76a,9662ea77-4826-49b2-aca4-a25215d46d0e,0.1743,none
741ae0d9-07a6-4d97-a902-79a8a47d93eb,a36c8569-ba00-4113-acc5-af934618d473,0.139,link
98aee906-45c9-4ce0-be28-f63532efa771,45e2113f-7091-4914-be7c-d39f9e942aa2,0.1271,link
0aa3471a-32cc-433c-954b-a675b4f7faae,2f5de8f9-3e4a-49ad-90c2-9c1ac00ec43c,0.129,link
f0a33abc-e14b-4b09-8986-8f4ef11bb6dc,03067871-9e45-49f3-8dac-b350a823361f,0.2362,link
7cd932b5-278c-4640-b327-384d7063b905,4ee36c46-52b3-4579-92d5-5f4825ba545d,0.1342,none
21b139ca-13cc-4026-8cae-dbec11ffc1fd,dbc5585b-86b3-43de-9c36-4a36326ad855,0.1393,none
95159325-b141-4b40-b32f-02ee4c3f1fb4,352bcdab-6a14-4c6a-b922-142c7f499950,0.1347,link
5356f443-7cf7-4422-86c8-9445f6d85b6d,6a50a179-7c7a-427a-9df4-4589a7b4d4d9,0.1453,link
3790d3f6-e09f-4905-8e64-5f322497b665,17c79617-edfa-4f21-93e5-d23ecc70fe86,0.1397,link
bb1b9c9f-d0d5-4ba6-8900-0446c12f417a,7ab6793b-4f38-496a-bdd7-6e882015b312,0.1558,link
0fbe975a-fd04-4722-a75d-9ded304168cb,ceaf6e81-97f5-4fb7-a8d8-369067c3484f,0.142,link
6c074f8c-7e19-4f3d-9ba8-1ef4c605ed78,52f73b9c-7380-4979-80a6-7a47be53ab4b,0.1684,link
0a42bb95-44c4-4d52-b669-8359d1a1678d,75cc3a66-c153-4a41-8894-1715e0c031bf,0.2271,link
d80997e8-52ed-4017-b83d-c73a533e0111,be332bcd-a08d-40a5-8feb-e03fabb9500c,0.2263,none
62c876ce-8aaf-4ae4-a51c-183298e4c880,62c876ce-8aaf-4ae4-a51c-183298e4c880,0.1836,merge
18452d12-9e0c-42e8-9cb4-d87a91f55dda,330d51aa-95d3-48bd-bd53-4c8e63bf1e6a,0.3077,link
f78523c1-58ff-48eb-8fdd-dc8de7ef1fd7,ddb6ed92-8723-4e46-bba2-78bbddf413ce,0.1517,link
2151b7d9-1cdf-4cb2-a48c-6cc30aa50654,81491d2a-fc2e-4443-8b2d-23cf4c621abf,0.1718,link
ca41a67b-1037-4aba-acd3-3159fb2c17a3,be86699a-821a-42b6-8a62-2cccf0e0d4ad,0.2066,link
537feeb8-718c-4ca2-af14-32386c4f228f,9a9ed360-c79a-43a1-8dbe-52b0ae6a2560,0.1277,none
4b05b787-6fb2-47d2-8f07-95fb2964dee5,5d8deafa-5906-45bc-a1e6-2e665ec28f55,0.1058,link
19090918-d2ba-41da-b79c-fabed17b0ad6,92fda8f4-6685-463f-bd9b-5fb94eb833c0,0.2019,link
0ee54ea7-11be-4357-92c9-387d24c5f6bb,d43a5c90-2d6a-5499-9389-9d5ec150021c,0.124,none
dacc65e9-4225-480e-8fc6-12aeab79ab35,661479d3-6493-4a56-9dff-ff741e587285,0.1505,link
f887808b-ffed-4f8a-9d7b-1844bf93e697,89557e78-e2aa-4648-9f70-c1d9f3ad096f,0.1958,link
000480b1-0ecc-4829-b0d9-7b61f3b155a0,fe19ad7e-5ad7-4fa8-8f52-b9ae74cc570f,0.1697,link
08903987-6877-4324-9a5c-bee05a4d9061,325a97ca-c554-4f10-ba09-77e12065a553,0.1914,none
0b13519a-4fb0-47bc-8249-c6178bc4cade,7564753c-5c7b-45ef-9161-6c2fdaf6e6e8,0.2137,link
08fc2716-da37-470f-8895-5fab7bf55d2f,b55b9cce-ec75-40d0-a8aa-6669155db8f8,0.1188,link
854645fb-a0b7-43af-99ed-256d2c9f249a,8acc294f-fb2f-4b99-9e3f-3e3cba60960e,0.1169,link
9942b345-ae0f-4d46-866f-1407d25e4763,212021af-cf45-4401-9204-d05f715321e4,0.2025,link
4a4bd565-4cad-460a-8831-b48ac1f0c615,45e2113f-7091-4914-be7c-d39f9e942aa2,0.1481,link
80e9b4fc-acf1-4aea-a31c-dbd6f5e872a9,3e772d42-2dc9-4e1a-b45a-45a74a8d9723,0.1105,link
cad04fc2-a448-4f0a-a8db-ce8bc35f776b,c0308078-75bd-4d14-bcfd-f1a168694cbc,0.1041,link
3088f0db-ab1f-4708-9fad-0f8cb5e1e2aa,3088f0db-ab1f-4708-9fad-0f8cb5e1e2aa,0.2208,merge
a22ad651-2635-48c7-84a7-c524d733cb2c,fb63f9d0-c837-4537-9f3d-f0341f59a801,0.147,link
b3805090-9500-499d-a0c0-b573997b4c8d,b3805090-9500-499d-a0c0-b573997b4c8d,0.1981,merge
c79aa2ae-7869-4ce6-9f5c-3c82eceb5ece,69aaee7e-a8db-4ca5-8bbf-be9402d641cc,0.1377,none
a101834a-6994-4b74-8894-80cc3299bf3b,940f8e5c-3242-40cb-b676-724f39941c7f,0.1125,none
52a2f11b-b7cc-48a1-a2f6-ae5f619c0251,0f8bc8f0-1484-4bfa-a7ad-b8e37b2fe538,0.1435,link
48a5e045-bf44-42d6-a0d4-c11bb5f95cf7,05cd4923-75f2-4b50-a1e1-69e08c63d357,0.2396,link
2f9d24b1-2030-4be9-8478-08cd83d11c09,a5b918f6-fcd6-4595-877c-f96284a095d0,0.1094,none
91f8f284-01b4-4dd2-9966-9cc6564327bc,fd051411-f9a6-4277-95c1-c6d6cbaa9dc0,0.205,none
e960949a-a403-4ee5-84e6-f06e738da8ef,c047abb4-54d2-44be-9020-5c53a8b639e8,0.2278,link
c8cb80cf-b693-4d1a-b49b-59984d77adae,3febe552-b315-4319-879b-23ad98339913,0.1871,link
4b7feee8-0212-4c19-be09-63fc5259ce6e,a9107a34-d51a-439a-876e-ad092a7dc51d,0.2019,none
a8c251fe-a692-47ee-9c42-1f062fe289aa,a8c251fe-a692-47ee-9c42-1f062fe289aa,0.2605,merge
816b7a9b-033b-4b39-8dc7-b52017052987,a8c251fe-a692-47ee-9c42-1f062fe289aa,0.1766,link
292e3b6b-90da-4711-9b4c-f5a9bde0a15b,c68f1c75-3465-428e-9b76-0323be8e2cf8,0.1902,none
66f3e8d8-c3b7-4aa0-8f54-8856346eed83,5a97919d-1c5e-4784-be88-c5c1a66ac01d,0.1724,none
1d5d37c0-a37c-4c41-ad62-9ed126265e1e,1d5d37c0-a37c-4c41-ad62-9ed126265e1e,0.2615,merge
2bf36ab4-9921-47c1-8b72-a78602a84b3f,49382e24-a7e7-4c6e-b829-509636b6d787,0.2344,link
c36b3e0e-0336-4ea7-ba80-fae58e32b846,b570066b-db9a-40a2-845c-5ba51dfe1ef3,0.2689,link
a4d7c1cf-571c-4929-b2df-96317f3a9062,a4d7c1cf-571c-4929-b2df-96317f3a9062,0.0826,merge
8650b433-086e-427a-a689-af3a0e92131c,8650b433-086e-427a-a689-af3a0e92131c,0.1356,merge
6d241356-1253-4f8a-a9ec-ac05c61b7830,e6a6162e-9785-4a86-ace9-05a9bdc02bd8,0.1789,link
4c0bce70-1b69-4758-911b-64c3357a8f7b,a9b52ecc-7fc4-4287-bdbb-b5829eecb69a,0.1416,link
94269b08-73a0-49c7-87c4-17a44ead9e0c,cc804414-0544-40c8-bbc1-b2ae43048fdb,0.1398,link
2380923e-3c2d-446a-8d60-2b7d2ae07514,2380923e-3c2d-446a-8d60-2b7d2ae07514,0.1021,merge
afd06e42-6097-4c0e-ac60-fb1b53dd2e1e,be74cade-78cc-4d17-a901-0cee79433188,0.1375,link
ef331b1b-7725-4a95-b540-e9041a3edee6,c2baa4b6-2297-4674-9ded-57123d0d1860,0.2547,link
a2a17f6c-854b-492b-8ff1-3d41b98b9013,831a3eb3-c27b-492e-9ca0-8c8f444253c7,0.1283,link
b15f4119-d891-4a5c-8348-daf679398e72,cf8a4eb9-de18-42b6-acc3-0cdd3e995182,0.1674,link
630b597a-2318-4b96-bdc1-933e140619eb,8bf9e3b1-c6d6-4c6e-bef3-97a100072ed2,0.1903,link
a7b5491a-0852-4458-a5f5-a752a1fdcd93,4423809f-4fa6-4d1d-89d0-2848e7c67fe4,0.1253,none
1808d6c6-77e2-4bab-bf0e-57c079ba9b38,8e8d65f3-839b-495e-8322-2b54d4b2efaa,0.1335,link
9f71b7d3-d5c7-4f38-8911-a91bf2ccbcc3,f724c4ba-09f9-4bbd-b90e-6f460840f317,0.1152,link
9dd7fd75-1f60-4365-aba4-fabf059f5da4,f724c4ba-09f9-4bbd-b90e-6f460840f317,0.1185,link
1b7bfc7a-ae54-42f2-8304-63d150936569,367b519c-05bb-456a-b5e4-4b01df5b20a0,0.1206,none
847e5e1a-5c3b-4662-b301-71695094c237,cc804414-0544-40c8-bbc1-b2ae43048fdb,0.1606,link
33d7e2da-4eba-4499-a492-cae1aecf2878,e9e94378-19b6-43b7-b8d0-26da3e2dc94a,0.1064,none
98914674-f8a4-4534-abc5-03756cc50c65,2a6545d0-1fa4-4676-b478-0576f6995dfc,0.1436,link
27ddbd0b-f2f6-4636-9115-41e4f1cbb168,433779cf-0a46-49f1-9cca-ae6a7ad6594c,0.1203,link
df31f33d-dc19-4a99-b6c4-b798656275cf,c30136f1-f1fb-4141-98f9-2fa603afd518,0.1051,link
d1f0b5c9-afbc-471e-a3c7-c51421cbba0a,ae8250cb-384f-4c23-a448-a7de801b4865,0.175,link
cef2a830-4599-4103-aa51-b0f8d71a1f1e,cef2a830-4599-4103-aa51-b0f8d71a1f1e,0.2057,merge
694d977e-2ece-4c69-a0ac-4d5e9a3cc343,bffbcffa-74ab-5c1c-b96e-7944323f7cf6,0.2494,none
a8b9447f-7a6a-44ff-88b1-4404a1354174,139cf6a8-c71d-4d3e-95c7-5fa061db4da1,0.1456,link
a8383f94-569a-4b44-bb47-60ed6bb0cada,985ad98c-02b9-4773-aafb-824a31c427a9,0.2054,none
3f7f0f4b-5a54-4383-908b-91232fbc0220,e785615e-8a02-4937-a161-a08081a700c3,0.3911,link
8254c442-26b5-4f20-845f-d67d42424365,8254c442-26b5-4f20-845f-d67d42424365,0.3332,merge
0eefc9dc-038a-480a-b054-91c002a8b946,0eefc9dc-038a-480a-b054-91c002a8b946,0.4735,merge
61f96dd2-f472-4779-afbc-d0374b3e40b0,87d88718-5509-474d-8934-99af54406ae8,0.1327,link
40fca0d0-b150-417c-99bd-01858c00e98c,2796ddb7-c526-44b4-ba55-8891d7708b04,0.186,none
93344bc1-0520-4779-b90f-ed63dccce4b1,056c6b51-39c7-52a5-904d-82ad889b069c,0.1227,none
5ae0efe8-6d64-43b8-a3ad-7a6303fde174,ae963cd5-ad87-4a3a-8918-7182c43537f4,0.0971,link_regional
58ce4e29-6530-476e-a221-205318bbcd13,46242c1d-bd24-4bb2-9c69-973de95072e3,0.2043,link
4ccb1ff7-2f15-47d9-9526-08fef1b09627,5f3c6223-7c54-45e8-aae6-1b11ea613340,0.1393,link
aed0e23d-a2f7-497c-9edc-b45ebb17d300,1f4ad22f-c980-4f20-b3f3-50987df9028f,0.1474,link
41b0dd31-71e5-4864-aeb5-811a95522181,97b8b8e6-c5b3-4643-bf23-fb77a368cc58,0.19,link
8e1f706f-f70e-486f-a8e7-4274b112e64c,de1291c7-6a98-4ee4-aebc-3aafba3fbacd,0.1507,link_regional
e591d669-97ae-449f-879a-cecc93ccb6fa,246159e4-d9de-489e-82f5-76d00e24ed49,0.2852,link
a3064243-0eb7-467d-ac9c-e8217b216e25,97d03820-6c63-4e8d-b8e3-5850108e08ad,0.1612,link
c4b1d160-f80a-43ec-bc95-4f28bb0b1f92,ef9d0130-3051-4c63-987b-85f27e0096ad,0.1109,none
ca70ec2d-c5a9-405d-8538-728391504306,88154256-5ee1-4dd6-a6c7-80aa2351d2c6,0.1335,none
ab33b9e9-351f-4efa-b78c-8faf9ee8553c,f94eb05d-90cd-4b8d-aca0-e13f7e9ae889,0.2574,link_regional
1d27a01a-ec1c-4eff-be91-63a2749d0374,0669ae14-a2aa-46ce-b453-f1712591b4f4,0.1321,none
9bbbde1b-be83-4bc8-adbc-542ae52c0c04,ec12cfe9-7ab3-4d3c-b7bc-e1b3a53f86bc,0.1368,link
258503f7-d386-4841-9077-4701710de27a,1c759d88-2c4b-4410-ad99-6448f89f3d6b,0.1717,none
e9c23550-185d-43f5-8812-a43cacd0d372,db4f699b-e39e-42d2-90b6-86ca9ad2724d,0.0538,link
e85b30b6-33f5-409b-8dcd-e81653bb0f48,fb40e14a-0347-45c0-9d50-820698e73d93,0.1187,link_regional
0700a8a1-da66-4cbd-8658-717fcaee5499,0fa4bed3-8e77-4cba-adf7-c039cc412571,0.1741,link
9ba9788f-37fe-43c6-bac4-34cc2393e76f,5f7446c1-855a-4955-a054-b86f620de797,0.1096,none
86806519-80f3-4831-80f6-03a7426e7382,24867c51-8a8d-4265-bdeb-058a0ff0f968,0.1372,none
bfb77a86-f105-40f9-a214-ce693aaa1e03,184e79d7-607d-46aa-8a4f-2345637a0b85,0.1274,none
d1694617-523d-421e-ac2e-9559dceeaf14,a63b7eae-3946-4087-94ce-640deed6941a,0.1541,link
02b0f562-69c6-4831-84e8-21327e35bd31,7564753c-5c7b-45ef-9161-6c2fdaf6e6e8,0.2185,link
9abd5edc-5ab1-4c0f-9718-b0218b77d46b,97218c2b-a8f6-4c8b-a287-b0a19eea8879,0.2187,link
27511b68-e7d1-4869-8af3-0188764539cf,003ecdfb-44bb-4653-bd43-5bd3bfd12bd8,0.2002,none
97dfdb7c-dbda-4cf6-8f4b-693ce40f3c07,70a9b53d-ed6a-4913-8b2d-30913f3f8823,0.1999,link
3a79df38-d433-4b60-9ebb-ac52f904b39e,3fc34d15-fa75-4b5e-a819-e2ff130ff44c,0.2437,none
67480988-69b4-425d-9347-0e5771dc7507,5a97919d-1c5e-4784-be88-c5c1a66ac01d,0.16,none
3a7f5ecb-e484-44df-a77f-9b817adfc60e,2702bb64-57a2-4dd1-8e5f-0d911ea2d528,0.2241,none
5491f91c-5afa-45f8-87d6-6d928ef4193b,418bd4f4-5879-4ad2-9706-23ecd8dffa94,0.108,link
26643c23-7ad5-432e-ba80-96d368314732,105f2b79-a226-41a6-871d-5e1b7f7913e7,0.185,link
0f724ba6-41f2-4468-9416-598409ca8a1c,aba42c66-0ee3-4748-b5fe-fbb636f9d643,0.0966,none
1872f0bd-dec9-43df-8bd5-dadc101242bc,0a661566-6c41-4f70-91a3-1f544c51a193,0.1233,link
8a7c1430-acaa-44e3-af6d-e2664fd17625,9ef0907b-2619-464f-a1f8-08e439132e7c,0.1386,none
99f67973-647e-48ec-a748-92abef978912,e33f1326-1cec-4553-bf6d-bc18fa70582b,0.1602,link
9a13ab6a-532e-4f48-bba5-2b4b9689f788,e33f1326-1cec-4553-bf6d-bc18fa70582b,0.2303,link
8edf2b62-2723-4b67-a20d-bbc198065690,d6f7b0bf-e922-4c9e-97bf-e80727d4fd8c,0.2114,link
c9c6fa52-e68d-4233-85d2-a0afb6d6cf93,c9c6fa52-e68d-4233-85d2-a0afb6d6cf93,0.3237,merge
8254c442-26b5-4f20-845f-d67d42424365,8254c442-26b5-4f20-845f-d67d42424365,0.3811,merge
603492ed-5535-4532-89fc-c034a801ab02,51c90f2a-c79a-4f4e-bf1d-af54abfb4422,0.2171,none
58724d97-22e7-415a-bce5-76a7a15b30cd,f858ed4e-5162-46ca-813a-d58bcc8faad3,0.1333,link
9799bb9c-71e7-4e8e-aff7-ea1cb6c7c9f7,3ab8eb7e-dd3c-4df4-b2f3-34ae28ae7ad2,0.1587,link
572841a2-54ff-41fc-acab-b22dca770921,3f62c087-7ea7-4513-99c6-a3df98c59a66,0.3262,none
8ee562ed-a713-40fe-86e6-184c5dae5d74,51c90f2a-c79a-4f4e-bf1d-af54abfb4422,0.1919,none
a7078c7f-e2d1-4367-bfab-36687dbb026c,2ad593d5-1a39-48b9-9850-5672ad68175b,0.3072,link
c9320503-1f5f-4a19-96cb-36fd36c8a031,6243c865-aba3-4760-9c73-b321493940c7,0.2143,link
c280e752-d9cc-4374-a391-369515914b02,ae963cd5-ad87-4a3a-8918-7182c43537f4,0.1723,link_regional
6cd229a4-1191-4c35-844f-445d26d2de9a,ae963cd5-ad87-4a3a-8918-7182c43537f4,0.1313,link_regional
2bcc312a-6888-4a6d-998e-09935a64fc86,18e9a53d-1141-48c7-bddb-54eb75d8b6d1,0.1199,link_regional
fb6370b7-67b8-455d-999a-0df3c280fc7d,18bd57cd-db52-4b6c-b2a4-49ff39419dae,0.1672,none
c0b7d309-56c2-4a81-9840-ee811b19366a,0e96104d-8b51-458e-9b65-965da7f987f2,0.14,link_regional
2e240234-060a-4c18-9882-3698d4ca5a9e,e429fbe0-208c-43bb-a820-6ae28918a574,0.23,link_regional
0a6a85ef-85f5-4980-8c3d-c1796acb9946,06f91e03-9b82-4962-bfd0-47cdaff8156b,0.2278,link
10d0fc9c-a5c5-4ca8-b9ae-4a3dd930370f,c6487949-b71d-4800-903f-bbd7baad103f,0.1325,link_regional
a4e1eb0a-3251-4270-b395-fc7b55257df6,c6487949-b71d-4800-903f-bbd7baad103f,0.2088,link_regional
bb559d3c-861a-454d-af68-826901bc99d1,be9ffea4-ef38-444b-aa7d-4a02419deaf8,0.186,link
ab1ed0a9-0028-49dd-9b49-dd4cfe3c47fc,b3805090-9500-499d-a0c0-b573997b4c8d,0.1768,link
3192f857-ed32-43a6-aaf2-d9d67eb5e15d,3192f857-ed32-43a6-aaf2-d9d67eb5e15d,0.2459,merge
dbadfa0b-1ffb-45a5-ad1a-87c1eded6a96,f59ff43c-0d22-466e-b5f7-9acfa77dfc4c,0.2214,link
1406b321-44ff-48c0-9d5f-2438bb66e2bc,1ca9053e-f8b3-42f1-a61f-ae1083b55be0,0.1534,none
3f9627d2-30ee-4f66-8754-c865a1eaad05,4997bd11-d80c-41cb-b07c-fa7b69f37013,0.1031,none
776235c6-d9ef-4a19-b229-03178625615e,776235c6-d9ef-4a19-b229-03178625615e,0.1788,merge
28340175-bb68-4270-92dd-04cc6628f99a,15caae20-33a8-48d9-8e96-9e803f2915a5,0.1574,link
7c1d9de5-5aa2-4150-95dc-99513c66bc36,785fac36-e24e-4ca6-b2f8-d722955283f9,0.2656,link
d22588bb-7b89-442b-9747-a883bc2e7bef,c16cded6-2f45-4a46-8eee-688b2ac8c7a7,0.1139,link
a4b768c3-fede-4a8e-97eb-220cfc6cd72a,03342bc5-c8e1-4ddf-bf7d-1d7ac01f9d55,0.1287,none
84685266-feb9-48b9-b209-1830bc30246f,16990578-c68a-4220-a513-4e07fc6b0d8d,0.1012,none
7d75bad1-54db-422b-92fc-13570683299b,b1870bc3-819f-48d6-a4f5-7642c7e0cd72,0.1298,none
33984a9a-422a-4f37-9208-f671e5d13462,53315b8d-5e9c-40e0-b563-85e7b5ae1387,0.2157,link
84c6f726-b79d-48cd-a64c-fae1f4b82da4,3c812640-0bc0-4f4a-b898-efac80af1885,0.2616,none
598d9e8f-1247-4b0b-896a-8c4cec3d0255,47f3a24c-602a-4f8b-afac-d670caed066f,0.1867,link
b9e26439-f6fe-4a3a-a203-8dd596493eb0,1c759d88-2c4b-4410-ad99-6448f89f3d6b,0.1796,none
38e705d3-e45b-4f8f-bba1-743610d68c9d,bd43e58a-7cef-40bd-9b5c-428ccca549df,0.2685,none
4240520d-c4ad-46df-b853-af86f76a6e78,947dd05f-b95c-4e73-b3a0-2c75cfca7a88,0.1284,none
ae5f8601-7ab3-47d8-8913-66478fe5c960,0e84e7f6-039b-4744-8eec-e51dc4fdde9e,0.1981,none
ea85d3ad-9951-4ec2-b11b-8cf98b46cfbe,87525187-dac7-4948-aef5-babb37b16160,0.2635,none
0f8beed9-6f5e-45b5-97cb-33dca7936872,7a416a45-ec52-4539-aa9e-a867fd4e908a,0.1524,link
8a393f37-fffe-4dc9-a55b-f7aaddc5d437,4ca7622e-fd4a-4985-99e9-3c78a7784c87,0.3198,link
69c5e4aa-5a61-4c41-8b14-068d84059aec,77dc2e6c-c5c7-4302-87a2-ced48d1e4904,0.1038,link
f79f3aed-8ef4-4022-b5fe-572defc13ba9,412035da-0c96-4f73-b462-1d7bb7ded387,0.4146,link
c754a74a-d8ef-4c36-921c-ef8df887fe14,be74cade-78cc-4d17-a901-0cee79433188,0.2434,link
78715d99-3244-4f82-9fe7-a4c9a06dfdc3,36857f3a-4c45-4486-a497-108dd064a06b,0.1345,link
b14dd3a9-5365-409c-8797-672976d66de3,b14dd3a9-5365-409c-8797-672976d66de3,0.2971,merge
95c621e6-0751-4344-bc2a-703ff2e04035,a81d6cf6-1999-45a7-a288-1084c306233f,0.0914,link
11c1397e-c630-483f-a2b3-7b3da546f059,11c1397e-c630-483f-a2b3-7b3da546f059,0.3468,merge
d6f7a817-c881-4b4b-ad81-89e0d8200fdd,57f90d8a-4f2e-49b3-baa6-a667287eca42,0.1432,link
483d5f70-d999-4dd7-9307-5e937edff54b,1c112567-5772-485c-aff1-e8c79cd2ae92,0.2018,link
daa65cc6-9f4c-4bf6-9131-155c9cd87f67,081d4b95-b10a-4168-9256-bd4cf1bfcdf3,0.2358,none
4c093c3b-2043-4fca-a464-29627503e3b9,5d3da15a-7814-490d-a5ae-4c2683a75c7a,0.1396,link
222ffee5-4bdb-4af6-b0f1-1255e876b1a8,72e4d037-bc2b-41a4-a53c-4d4671d43263,0.2171,link
53d5861f-2394-4838-97c9-f11dce199e38,7bd4359e-5ae0-464a-8188-1002c982c8ad,0.1458,none
436c4849-79a4-4f8a-a665-f036cd135c91,29f0b84d-9bee-420f-b9e7-e857dc8ae9ee,0.1469,link
87e9e8c6-ffc0-4a3b-9dff-12e68a61675b,9aac8500-6a8f-4c99-9812-3a56a160b7ed,0.1303,none
c636bb03-c0b7-4aa8-9ae2-c5ec0d66e11a,1c1023ee-a2dc-4ed7-89d7-42d1a5ec8811,0.1315,none
812bce0b-b200-4ad8-bd94-989794bb5e47,6a50a179-7c7a-427a-9df4-4589a7b4d4d9,0.1542,none
b4e1da41-b385-482d-8ab6-27a27510e902,5f04338b-ed3f-468f-b358-ac9fec7847b5,0.1139,none
d2de726e-0d71-4e25-b304-ff1e70488720,5353176c-8988-4113-ab77-b96e466d1e76,0.1715,link
96b9cec4-3528-4f3d-b3e3-5bd2158f35ca,20953754-6bd1-4b45-ad7c-7994dffa238c,0.1202,none
947ca07e-48b3-4031-876a-d77a171bbada,4c14cdab-dd6a-43a3-b946-5d925a5331fb,0.1977,link
9aba4a4d-3c97-4641-b63e-6041c83ed225,2bfdb200-3011-4c41-baa0-0da48bbab648,0.1635,link
2dfa7ef2-ec7c-4d9a-8bc5-6fd6b5cb38f6,2dfa7ef2-ec7c-4d9a-8bc5-6fd6b5cb38f6,0.2183,merge
c5c179d0-844a-468f-a6fe-dda1eb603a52,47c87244-e883-43af-8c0f-d9046f40af7f,0.1474,link
85bb73b6-8a3a-4dd7-9688-09e15664b4d5,7de99615-d839-4478-ae5b-9ce0d721cbd5,0.1125,none
4fe31f5f-31c6-4ce9-970d-92d10681533d,107334c9-7319-4c38-9b4d-c18fd680d8d8,0.143,link
7b2d7686-67fc-4115-8aea-45acf327eb56,69099903-e646-4373-98ac-0d669e3b3a0d,0.08,none
7da6016f-ef7e-42d3-a858-c70f2839a558,53315b8d-5e9c-40e0-b563-85e7b5ae1387,0.107,none
773c6e19-a6f0-4e55-80ee-1b6052b9ecb8,439918ca-305e-4675-af85-acc504ce1673,0.1181,none
69633d1e-cbec-4294-b011-c2a7f7c1edc5,03342bc5-c8e1-4ddf-bf7d-1d7ac01f9d55,0.1473,none
8fc89374-bb5b-47d9-8f75-d37326d9d6b6,ad41e6fc-24fc-4853-925a-d2d5a23cab1e,0.0976,none
357218d9-a979-4bff-a4b1-d305b57b9af4,a6b34104-527a-4ca5-be04-b9785b97bd26,0.2141,none
3b1131ed-1e71-4ca7-9a3b-822f258f6152,41953fde-600c-48fb-b0ae-e54da8723004,0.1633,none
7b42d08c-638b-4f1c-8d9e-ea805eb0eafd,c26a16da-c690-4a78-95cd-0782ed169b0a,0.2725,none
faab2c6c-794c-4377-a619-5836f9cd8777,396296e5-5799-48d8-8bd3-032c284fa90d,0.2154,link
23c138ff-a96b-41be-b2a3-d35e35ab66b2,b70039c7-4326-46be-9b7e-9594ef10f673,0.2231,link_regional
39011455-9b59-498b-900f-024583483ae4,20953754-6bd1-4b45-ad7c-7994dffa238c,0.2903,link_regional
7b89ce57-025c-468e-ba3e-e64615e7c4d6,20953754-6bd1-4b45-ad7c-7994dffa238c,0.2204,link_regional
714595f3-e1b4-4398-a2ee-a762b2445a28,d04b3e78-76db-568d-aeb2-b575eeac1664,0.1441,none
89a081cb-3ce3-441e-b07e-1a288e244784,781e58a1-2afb-4f76-b3e3-c8b1fa897f56,0.2186,none
fb527830-aa3e-4e5d-99b6-7acbf6d33d46,075548cc-1a68-4f44-8d31-8139ceaad7b2,0.1445,none
de105a06-4bce-4a35-93eb-b60e84b825aa,428c42a7-768c-48a0-9c71-6bd1d2566a1e,0.2095,none
1196b28a-8846-48dd-80e1-04a19d33d0fb,51c90f2a-c79a-4f4e-bf1d-af54abfb4422,0.1885,none
e785615e-8a02-4937-a161-a08081a700c3,e785615e-8a02-4937-a161-a08081a700c3,0.4204,merge
65cc1556-1612-4c71-b2a7-504a30244db6,51c90f2a-c79a-4f4e-bf1d-af54abfb4422,0.2241,none
d1420a32-3d3e-4ade-a2e4-f40b46126a69,7e9dc193-cfbe-4f64-88f9-56a7d7d0150f,0.1735,none
3d54d34d-0225-43fb-8a78-0e347c590b81,9ef0907b-2619-464f-a1f8-08e439132e7c,0.1858,none
59b34399-289c-4555-80fc-42cdf0a5b25e,b6407e0a-a7f1-447e-80a9-057a8f15857c,0.2205,link
d2243736-ca42-4be5-b30f-be6cac525b57,22b85cb7-9096-4c52-bf10-a00d2a010f4e,0.2466,none
b149ca06-5890-4a79-aa61-d13456d32785,30ef8b64-4533-40e2-ab61-df3534d57ace,0.1901,none
f76b0921-0de7-4ce1-becb-d288d3167456,e74fa4e9-d293-41d5-b22a-4b02c15246c5,0.0903,link_regional
91ff268c-4ba5-4b2f-94b7-c76565989952,07af7f6b-4980-42c9-afaa-ce91f33d9e00,0.2452,link_regional
8ddbbe35-426b-4df8-8007-de934901d478,7588c63a-eb2b-4495-8d94-38e496dbc76c,0.2607,link
714f7233-5faf-4809-99f8-0e57a4074802,714f7233-5faf-4809-99f8-0e57a4074802,0.2571,merge
fb20eaad-84a7-485e-8213-8d6db2a86a08,67541f62-4c38-4e1e-8228-5f4beb877821,0.3513,link
a9713ac6-aed7-4ab4-b3a3-ae30bd0312e9,07ada203-6126-4e8b-89ab-b155ee46ac71,0.2945,link
0e0748ec-f4ce-442a-a298-17244c48dabc,2b1f3176-999b-4da3-9e8e-358f46487097,0.3066,link
e1fe15b7-d006-4cff-a76a-83fb2e1cf3f4,2082b2b5-cf15-40bf-9883-75ea60257f1f,0.1794,link
98d4f949-3eb8-48f2-9efc-c624b3c129b0,418bd4f4-5879-4ad2-9706-23ecd8dffa94,0.1326,none
f6ed9e79-b659-4b75-9e5d-7aa4f2ccdccc,c0f241e7-1686-4306-9892-413530ec0aff,0.1547,none
f6d74504-2a9a-4210-bd6d-48031e02c413,f103db3c-43d1-5839-a76e-d0c41ae5a97f,0.1256,none
0b7cea16-25b8-4190-b791-49df023f2f70,c48a71e2-dc74-4e58-96e0-83bfd215a144,0.1615,link
8c5b9a00-eb5b-41dd-aac1-3d44bbf9254f,ddb6ed92-8723-4e46-bba2-78bbddf413ce,0.1944,link
47b41144-fafb-4516-a735-7dbd724187f1,0e84e7f6-039b-4744-8eec-e51dc4fdde9e,0.2484,none
5d4a22c0-2178-4cf5-9c74-4cb04c715b38,305d8517-ca84-44e1-a101-8d88bf510133,0.245,link
dc7da121-903e-43cf-b89e-685cd6a01a85,f11bba8d-0b8c-4509-87f5-b83061d2cd88,0.216,link
2a6545d0-1fa4-4676-b478-0576f6995dfc,2a6545d0-1fa4-4676-b478-0576f6995dfc,0.0949,merge
e2850447-1af3-4f3a-95c1-77a0c1ee7bf8,702976b3-d815-4c67-9cde-9a1308e86042,0.135,none
0aee4ea2-35b0-4527-bce4-5afd10783bd0,0aee4ea2-35b0-4527-bce4-5afd10783bd0,0.117,merge
1144abff-49f2-4adf-9dc4-12e24ff043ea,f83fe51e-c1e1-428b-9418-380d3adb52d7,0.1797,none
da9b1df6-53ab-4da6-8b48-20a2759f5d0c,a1b9f91e-0192-4ace-96c5-7b0ac2e6421f,0.1974,link
955c2932-dd42-4af1-8b06-938c5dbcaabe,831a3eb3-c27b-492e-9ca0-8c8f444253c7,0.1311,link
3bda089d-af44-4efe-b560-6ada5ce461b8,3bda089d-af44-4efe-b560-6ada5ce461b8,0.2154,merge
2b1c242d-2bce-4d37-b901-31de2ed9dece,00b4bac8-379f-47a7-b12f-6ef28b17a0c0,0.1685,link
0aee4ea2-35b0-4527-bce4-5afd10783bd0,0aee4ea2-35b0-4527-bce4-5afd10783bd0,0.2521,merge
e994cbd6-915b-4563-afee-908df6544f18,6a06fcf1-6176-46c4-a3c9-d3b77930ea31,0.2273,none
fcc2ace9-a5da-4b66-b70b-ec0b47f3b59f,b0f34879-0a38-4831-b65e-2c5f0d648513,0.2624,none
b3df3fbd-d29b-4eff-9bdc-674407ff8dde,9d7bf08e-c439-49b9-8118-4206bc9b3d08,0.145,none
0dc8cdc3-dd28-4301-8580-fe749fab5ddd,be639df8-b841-4a32-93c5-57ba65c84070,0.1814,none
99630679-4690-4fc9-8604-2eebe5670db4,3ec8febc-93db-4c15-a0a1-fd8a4233da12,0.1843,none
2743392f-acda-4d1f-9a30-ea7624e8e4cf,b8376923-102b-4854-a265-b7ed1aa9379c,0.1217,none
7d9f0af7-68a9-4b5b-8b9d-9b46bf6c79b8,29a4db19-3719-4ff4-b820-7b444f1ba42d,0.1565,link
0a35b118-12d1-404f-981a-ad38f2aa03bd,56aa1225-69d7-431c-896a-0feea42b094a,0.1402,none
7c32d577-354e-4025-8c20-fe2ca22a824e,29a4db19-3719-4ff4-b820-7b444f1ba42d,0.1105,link
30f44a3f-b9d8-4cf0-b53b-3f4b8623a1bc,4be6ea75-d318-4224-88c5-789c4872e362,0.2778,link
f3c5692a-efb4-4e75-859c-bdef25363aab,f3c5692a-efb4-4e75-859c-bdef25363aab,0.2476,merge
f45c9cb6-272e-447f-9272-20481490e3a5,d9666c6a-834e-4973-b992-59eb46c8522e,0.1693,link
b2a86e63-cd67-4994-9508-ee4d2b5560bc,1d7e0a15-8e05-49c3-aa20-17d6f8c3f18e,0.136,none
b5a14567-1be8-4ba2-988f-45f3295cc56f,3373d8c8-9dac-43cd-bdb7-999f82e93aee,0.1701,link
e0e8b654-19c6-4588-85b7-0e9b18dbaa59,776235c6-d9ef-4a19-b229-03178625615e,0.145,link
7112f472-30d3-4b68-80d6-1ed5c805edcd,3febe552-b315-4319-879b-23ad98339913,0.1268,none
45a3417c-28e8-48d1-8785-702d086d42e8,40ad110f-50b4-435e-9054-11917175a39c,0.18,link
73d29220-9542-4e79-8d09-856e28e6ecd5,3693747c-c027-4a3e-804a-47906efc8b0f,0.165,link
86ab40cd-8f17-4c80-b75a-bb24bf48561a,2082b2b5-cf15-40bf-9883-75ea60257f1f,0.1193,none
6b60ee3d-70d1-4b01-b7d3-db71af253fdb,c30136f1-f1fb-4141-98f9-2fa603afd518,0.1424,none
7de7848e-ffcc-4497-8041-5da83bbb7249,e25bfc00-91fe-4b60-b00d-1c8bde081787,0.1211,link
e9d12d83-ffe7-4209-95fa-cae559a6ad6e,aa358de6-d985-4482-8648-587ec9f7a119,0.1394,link
1a6a4b13-7418-4936-9427-5ab9b507df2e,a2189d16-4ad8-490f-b8c7-83f72d79f977,0.1726,link
565107d6-a5fc-439b-815a-23b14b0df6c8,28c18da3-fd37-48db-abde-7a9995f3d6e2,0.0995,link
eba387a0-7c67-4f8f-ade8-570e2ed5dc92,27d88de6-5463-4061-866f-0bba2bf4be1f,0.283,link
b128e55e-cd10-411a-8f7a-f1458bb20a3e,4218989d-a0ad-4705-ae6c-062a068f6b69,0.2459,link
cf5b52f6-ee56-4846-8007-0dd6a8326977,d8d7f72c-e763-47d7-af98-18a029192718,0.1472,none
ebf36c53-35f3-406f-a49f-e0c16c6b8035,b0f1352e-5e98-4b83-b99c-3a77189b8bb2,0.1143,none
3d88ba9e-8d10-4d7e-9edc-27a4673bf0e6,6a6d763c-d8e5-4008-9bab-fa6bad0feef2,0.1559,none
801ad893-a639-4e87-867b-08e37a34a672,6b7fe640-4641-4e97-8048-f1f88910cfe8,0.1127,none
c26726c5-47e2-4658-9ff9-e287dfd09147,53315b8d-5e9c-40e0-b563-85e7b5ae1387,0.1237,none
a85958b6-0447-4603-8847-9abb61b9aa31,bfddae13-c709-4757-8dea-18d556d48877,0.209,none
360cdf59-8ec0-4ec7-bb73-481a72e99d70,e77e767b-e42b-4282-9218-33b3949cea60,0.163,link
36daf63d-fc4f-4f5e-b120-107b6d68c26f,c03e2373-eeef-4e77-9b7a-1c8219e7fdfb,0.3677,link
7f6a0942-6b05-4be8-abe0-9d2da53cce49,215b7932-cc39-4314-af26-59c3396228b7,0.0691,link
2941302e-2697-46bb-8f9c-5d5c0f2ebeca,4d7e11a0-e798-4ec3-8fec-eb99ceb8da0f,0.1343,none
57c0e3c0-a977-4ffe-b205-c5b14fb26d52,5e4edb51-a0b7-4f1f-a55f-cedea1da73a0,0.1408,none
e7035ada-fbaa-46af-9486-ffdb42e49f94,62ce6229-c143-4956-bc15-59a185e51db5,0.1206,link
20eadb2e-9728-447a-866e-6a20bafd4adf,2af44b9d-ef6c-4dac-af6d-df0ffccfae35,0.2138,none
8c8e68f7-a4f2-4e2f-bbd6-aa5302411713,a7dcf8aa-4717-449e-b780-88ec17622fbc,0.116,none
f50b983f-9b46-4927-a891-fee18b76445e,4bd15736-d43d-417e-b481-620134115922,0.1138,none
c8588a93-623b-4709-94b7-ceff5062ed36,788ffe7f-6a1b-47c6-bada-0810204a779e,0.1289,none
3c5eae44-557f-49ce-b3d2-4574333a0b54,064714df-7855-42d3-a0a7-cb5daf2ec7f7,0.1692,none
ccc5d23c-2b81-4f3d-b01b-7cf53a7e3f17,4055bae0-dcb5-4499-b817-4bbcaae7c904,0.1205,none
a67ea0fe-0f41-4083-8158-d15e74670d7e,7c601672-5e9e-5720-83e3-a8be4d31f5b3,0.1161,none
59a1ad78-2adb-471f-b5c4-914725202c98,8859394d-5d1b-4bfb-8e91-4b693faf10c8,0.1295,none
fa51622d-3ab9-419a-90f4-8ac768e3c0a6,472ba8c4-3bde-4d06-886b-aa2079c445b2,0.1059,none
89c8ac99-1d6f-4887-b1b4-1514b554d9d1,16990578-c68a-4220-a513-4e07fc6b0d8d,0.0945,link
e3ce3793-af17-4712-9253-9790d06f5850,5f04338b-ed3f-468f-b358-ac9fec7847b5,0.2377,none
3540e0c2-037b-4c00-ace6-0e3eeb1209e4,2796ddb7-c526-44b4-ba55-8891d7708b04,0.1598,none
6073aa59-c7d5-49bb-a296-52f65d33d9c1,6c3672a4-6fc3-4b7b-9d32-3e66433bc689,0.2107,link
32505179-ae29-4743-9b3d-646ad160126c,7a61e46c-7769-4deb-ba68-5b3c9158499e,0.1446,link
33ec2789-8654-4140-9ed6-cb045feb58b7,75084793-69f5-4275-b397-93fb7a7ff74e,0.1418,link
788348c3-786f-41a1-94df-740bece14394,788348c3-786f-41a1-94df-740bece14394,0.171,merge
84ff321c-18de-4b0d-a9ce-39212ca57063,84ff321c-18de-4b0d-a9ce-39212ca57063,0.3042,merge
267db487-630f-4efc-bd11-3f0f06c07ab0,267db487-630f-4efc-bd11-3f0f06c07ab0,0.3445,merge
042facb9-7939-4c72-b702-efa902bbb1e6,704e7537-8f9b-4413-bdba-0cf467819148,0.1993,link
97f26205-ddd5-4923-837a-38f51c5a22dd,ea542f86-2a97-4e97-84ef-fe57e1a07851,0.2469,link
f009c3c3-e72f-400d-b978-12d13158dcae,d0919a40-f113-4476-8756-105186c2f804,0.4157,link
bf4ca6fa-3edc-495d-b1a0-ecb6c49a39d2,eb94d885-12d4-4e65-97f5-f19618ed9cf3,0.1371,none
ec750a94-3826-4d0d-a5eb-4a0ea12957f5,881ed8b3-7c04-441f-a9af-a6b1d20f6d64,0.2336,link
f9dc0886-7003-4d1e-bc02-632e08e5182a,fb68a12a-d96a-4722-a9a2-3fff669f5427,0.2424,link
843b0ff6-e190-4eab-9912-9da0c20b0d4c,843b0ff6-e190-4eab-9912-9da0c20b0d4c,0.2483,merge
c3a766a9-ecd3-46f1-952c-9d600f1c74c4,497efb57-82a1-4b71-95b4-03e170750f29,0.1422,link
7e71451c-61ba-4256-8653-d7c561295386,35b3a3e7-4943-4684-a205-eaca25fe492b,0.1205,link
e232dfc1-9ef1-4a90-92da-7bd6fdfb5d6c,4227bef3-e5d0-490d-8879-18568a211685,0.1201,link
73bc2603-cc9d-4e52-bd5f-5d7e6841bd90,d07c3764-ff06-479b-825d-63af1d0e8906,0.1571,link
489e674f-88ef-4ae4-912a-99e1dc6d546b,e6d48dbd-50b3-4cc0-b412-8e1faff3d53d,0.1918,link
92717b62-9c38-4816-9df1-5adb66348176,b8376923-102b-4854-a265-b7ed1aa9379c,0.2104,none
145e8b0f-667a-4df8-8f04-53840520f0d3,145e8b0f-667a-4df8-8f04-53840520f0d3,0.5038,merge
e67c490a-7b76-4fde-b0e4-f16fea70f2c2,1e7962fc-06b5-4841-8b48-a3a1cebd325e,0.1578,link
54bf5bc0-7670-4631-b5e4-f4491a0dee38,d9547380-8002-4dd0-bf2a-d2e0e4be7a94,0.1221,none
428b2c0d-3955-45a0-96a0-3d80efd7a32c,ed02e0e0-c9d9-4cd4-8b7f-ad6e6a2d0d31,0.0857,none
617c743a-e3ef-4d0d-9ae2-dc283c2c38ed,711591c1-84f4-4da2-bb77-055b74b8896f,0.174,none
9c51e2cd-89a8-4e80-8d4e-dde603f3c28e,8859394d-5d1b-4bfb-8e91-4b693faf10c8,0.1361,none
895a4985-b085-433e-a4f7-5c33471f9bcd,4d8c5e38-f2d4-4ec2-a31a-2db06c61184c,0.072,none
20a7f19f-68d4-426a-9a6c-421d5dfc0f4a,e3f2391f-225c-580f-9331-7de98f609d83,0.1005,none
e3b36892-cd6c-45ca-8e37-6ef9eafeb29c,ab58b1e6-dbf0-42fc-b534-afc272f776c1,0.1128,none
b5bf1dcf-885e-4d10-8a46-a10de81af3ea,db4f699b-e39e-42d2-90b6-86ca9ad2724d,0.1231,link
90f5f37d-34fb-4638-838e-b2af20467961,9df428fd-fcb9-482b-b05d-5f91f2d0a2a2,0.123,none
df5159fd-8662-4a95-9230-9e1019716e99,d3c2f896-4235-4e3a-8777-b2d8a426b671,0.182,link
9210eb77-cf38-451d-8e04-acbb3e730711,a12822ce-13f1-4de1-825f-6d9b96746e5c,0.1033,link
2263ce7f-e03f-47cb-aed1-70779d2e8885,101bf6f3-af5b-4a1a-9a51-b40923c42a35,0.1841,none
25b88c52-4e4b-4479-b4f7-e9c81ff883a8,f09141c4-01dd-4734-8ee1-d3c1f60d7cd2,0.1189,none
70a8e181-cf86-4675-bcb6-6f57adafaa7a,4290a450-6fa7-465d-9849-f358fe1a4e30,0.197,link
896e03b9-d8f3-4799-9327-6500f6a25933,936d4871-8b74-46e3-9886-1b219eda4de5,0.1424,none
099b74e5-d761-4188-aad3-e2b4d144e360,dd8bd13d-a9a2-4658-8021-b01e881edef1,0.2037,link
216057f8-c4d0-4314-b34f-89eacc9b6df1,f28cd3f7-456f-4e87-a7a8-d41c24113d60,0.0866,link
bb8d0b08-2cb6-404f-b441-b13d88c8ec96,b2beb571-939d-4066-b408-d683e9257f8a,0.1206,link
0f5deb22-3784-43b2-895b-663e7ba765dc,e1e77d89-45d6-4045-b0de-985cbff0a875,0.1194,link
375a144d-572d-4b71-8247-0799928d9c3b,375a144d-572d-4b71-8247-0799928d9c3b,0.2804,merge
9f4169b2-e879-4648-865b-0c87eb4e662a,ea542f86-2a97-4e97-84ef-fe57e1a07851,0.0806,link
48365624-5c66-4556-9d15-58ff9c9d5cd5,ea542f86-2a97-4e97-84ef-fe57e1a07851,0.2159,link
e9a91d3c-92f1-4577-a58b-1da60cbc05ef,e752e1ab-baba-4c5c-81fe-3617857bc62c,0.3188,link
84206fd2-d14f-4e7c-a8a9-ef5ac63a23c2,028644e6-fcb2-412d-80ad-93fd6a4a8aef,0.0601,link
b45e3375-eb99-41ac-966f-d5f7585e4bd0,d2402a03-893e-44e3-9087-e34f6d29740f,0.3345,link
a6afc35c-d681-4642-a8a5-2fe0c9cd209c,91150422-95b5-4f4c-94d2-ea4f41e1d226,0.1476,link
a9f476cf-ee55-4ea0-87dd-1f195f3fd475,17c79617-edfa-4f21-93e5-d23ecc70fe86,0.1284,none
1ec96a11-71ae-489b-ae88-213ace57cc9e,ae050493-ca1b-4873-8ff2-cbdceb83966d,0.1501,link
bdcf3998-2088-4846-9b3d-dfcd052c5ada,270da5c5-1f9a-5fb6-a4c6-687ad3b3683d,0.2258,none
debc5957-6ba4-4bcf-8858-ab3aceed4051,30e8b06b-fd35-40cd-9c47-bb310c34eb5b,0.0466,none
97a90db3-20e9-4d9d-a8c6-150e3152f98c,86638645-5c61-45cc-a890-468f9a1be2a3,0.0517,link
9177c51f-9658-48a0-8128-f31dc6221e27,79bc2256-e0d2-4712-ba22-b6c53943d592,0.0607,link
395f4faf-9722-4085-9280-9a35c9658b56,395f4faf-9722-4085-9280-9a35c9658b56,0.2007,merge
28dd4324-6ce5-473d-9faf-69129ba5b919,ae6f85bf-a0b1-42a9-a9f7-00ac75ea23ee,0.1812,none
e093a1d8-959a-415a-9610-3496d586821e,297756fb-cc02-4108-92d4-8a837b6671e4,0.1692,link
56d8836c-407e-45dc-97be-29e5746a6f85,3b4bdea0-c14f-44ee-9547-dd1eeac5ff56,0.1533,none
015df00c-c533-4880-a1e2-2999c8a72c4c,9f33e634-f86b-48ed-baab-e2b92086c67f,0.1829,none
037f71c8-93b6-424c-9bc1-f6350a3acf34,4e2a8bda-9852-47b0-b1b3-bfc874d2e80e,0.1405,none
6aed75db-1aa4-4d0b-9509-6659f55c3766,8a082337-b7df-43a5-a70d-9f323addc027,0.1653,none
6f7e36dc-70a1-42e9-9137-535823fc0793,8e0d1b08-8858-4b7e-8164-d6c62e1cb541,0.2533,none
2c3edc03-bb90-4042-a0a0-716e1512b873,860aa7a7-667d-44c5-a098-ebe2b13d2e5d,0.1876,none
0fda62ab-b2b0-45c7-933b-393e79f4f671,f3fbef5a-2ea9-4986-9bfb-d1dc6e157c29,0.1608,link
8e1dc710-98a4-4e4f-898f-147863bfd1bf,0376f9fd-cd7d-44cc-a81b-1a63bdbbb369,0.0997,link
8f271c49-7d90-48f6-a3f6-50f6b1676546,e1363fd6-0525-457c-a6f2-10c5b1570b2f,0.1543,link
22b4d5a4-fc7c-4da4-9c09-4f7aedfad109,e0e1f83e-5dcd-43fc-b29a-c936eb17e313,0.1409,none
62c4c5e2-20a9-40a0-a269-f9facf1d4773,bc95145a-ffa8-4c6c-9a1a-cdf573fb542b,0.0749,none
6fff3440-37c5-4865-85b0-cfe4baaecb20,0376f9fd-cd7d-44cc-a81b-1a63bdbbb369,0.2254,link
b0c4a381-60a6-4b01-8b62-d8541811cfb5,c16546a5-5c0b-46ba-b97d-252fa3cad9a5,0.1322,none
56c633ac-969d-4e31-ac16-dfe9d283091b,c16546a5-5c0b-46ba-b97d-252fa3cad9a5,0.1293,none
b9df31ba-c30f-49ae-818b-6143e0892b76,284a784c-de02-4afd-92fd-f1cf760592b9,0.1542,none
e8d14dc5-0a23-4d34-aaa2-b2297d4033ff,ee403220-c26d-4dcb-9d69-5e43736a5f49,0.158,link
cc0ecddd-e9aa-43f5-8a63-83c1fd934495,4c39372b-b2ba-427a-9efe-d93abc0b2e1c,0.1001,none
73bfc959-dda3-487f-979b-a9b4b90576e0,7242ea4c-7321-4c66-ae42-953eb3332f5f,0.2229,link
b4071107-6ca7-4746-9874-11668b97f6e2,b4071107-6ca7-4746-9874-11668b97f6e2,0.1903,merge
3e3ff2a7-0ba6-404e-940b-bd351c3ebc1a,1adf69f1-d204-45cf-bba8-81ddb517a8b4,0.2377,link
a0e581d7-02fd-4185-b74d-ede2e924ffdc,3ec8febc-93db-4c15-a0a1-fd8a4233da12,0.1788,none
290a006e-a28a-4563-90f1-53779fb701ac,661479d3-6493-4a56-9dff-ff741e587285,0.1247,link
0b78edd5-c271-4b37-97fc-32603a0f83ff,c3eb5f17-b985-4b5a-b197-8a3f702084a8,0.1984,link
98f9cdbe-c418-438b-8f31-7c197006fecf,c8df6eb5-9647-4c1c-80f5-2062f8d32a83,0.227,none
08340e2c-c9e7-42a7-8e35-0da489e1dc23,5f04338b-ed3f-468f-b358-ac9fec7847b5,0.1153,link
e5fec20d-72e9-42ff-969a-8d8a68f592bd,38d9172f-c69c-4507-b843-e411e69c4839,0.1315,none
ce1b5998-2738-4bdd-9995-5e2a4d30781c,dd8bd13d-a9a2-4658-8021-b01e881edef1,0.1708,link
34b5af50-069b-4ca9-b8bc-ec4c257043e5,2250cb45-a021-4b19-b648-4aea051339c3,0.1919,link
6672143c-5dc9-424b-abe0-08e2fb78969a,a09133fe-8145-466f-9877-919a2a3bb617,0.0761,none
e2c18ae8-8ae5-4158-9fd1-bf6fe02311f4,56d8b187-5119-49d5-b585-2ccc0015ee61,0.1263,link
c568a062-33a1-4782-a580-a4d8522acafc,e9ef2440-bd62-4144-ad4e-60e9abb983d2,0.1557,link
2b6553af-7c67-47cc-8bc7-30cb7eb0ee39,c503da4c-7e43-42aa-9c54-3933f69485fc,0.1124,none
b7270131-affc-4aa2-8e52-acaaa8ef84ea,b621c890-c411-49a4-b84d-6048aba201e2,0.1854,link
d2414715-9eca-45ed-8ae0-c66b7f5267df,e9ef2440-bd62-4144-ad4e-60e9abb983d2,0.3178,link
c41b7ef5-3bad-4a7e-ac68-b91bff4630a7,598f9e0f-8f34-4327-8c51-ea78096fc499,0.1515,link
7f7a631a-32ce-40f1-843d-26365f0cf845,c84dc04e-fdab-422f-b9cf-0a9760d6808d,0.0888,none
fe0cce96-14f0-4b70-a13f-c58a7cf38195,270da5c5-1f9a-5fb6-a4c6-687ad3b3683d,0.2269,none
d4ca92c0-ea59-49de-b532-b186b9ec36a2,dbf2d88e-3931-4f32-aba8-cb753a4c0e66,0.1757,none
23cb771a-b31f-49de-9dd1-53026641a7f0,234067ab-4da7-4f73-876b-b5ee60c8ac69,0.1466,link
4271feed-c193-4e9d-8f45-c6e3729260d4,72528935-804c-4375-9f25-dfae205f713a,0.1368,link
dafd079e-635e-4ed2-9a64-78f91498cc2c,16c74043-79b9-4f82-b649-2169f57670de,0.1797,link
62d924af-f435-4695-94bd-fafc41859d7f,72e6844e-ae5a-4b43-b07f-d8be2d8d63d6,0.1119,none
ff776cdc-8535-44f9-8d66-2448e41295e9,d5e5c2ec-0aba-4586-86e2-b1ac2404aa0b,0.1439,link
91150422-95b5-4f4c-94d2-ea4f41e1d226,91150422-95b5-4f4c-94d2-ea4f41e1d226,0.275,merge
4cb73e13-f841-4d54-905d-2fc3a5555886,ae8250cb-384f-4c23-a448-a7de801b4865,0.1914,link
0c2552a8-1b81-4734-bbf3-43ec074054a1,7560b55c-f94f-48b0-8118-b8bd614d1b8e,0.09,none
b01f5694-268c-4eed-a211-233ca15248b3,46242c1d-bd24-4bb2-9c69-973de95072e3,0.139,none
60d54921-3291-4c01-bf01-8914f2231bb3,85c14068-5af6-4847-90ff-abb2879b8831,0.2544,none
c6086c49-6c5c-44b8-9296-b0deb2d4c703,b2058c56-c204-45e7-ac29-aa35a1aef73c,0.2076,none
cbec07f0-6e7b-44c9-8d52-014d7ae8f323,e797252c-c6ac-46d3-835f-80adabc13d6e,0.161,link
6a5107f5-2ffe-457a-bd16-179e2552e296,2bd953ff-4a08-4f45-bdad-93c288c262cd,0.264,none
032a32c8-2a2a-47b6-b3ad-2612e10da61c,6babf56d-9986-4fed-84aa-ccef6ec52c3f,0.1023,none
6fd84ff6-1c1a-4aed-a305-ab07dcb7776a,4c683610-d1a3-47d6-aa6d-529be899c8fa,0.156,none
bcd5633a-6b49-4711-b57d-1c24c6531f2f,a466dc71-7998-4c58-978c-171843d4b8e2,0.2301,none
4aa46811-cace-4d15-a2de-73b65aebfe07,bd5f9b79-a9c9-48e3-ad63-fc469bd3de39,0.1084,none
69edb658-1cae-4369-8fe7-1f0838feee4b,46242c1d-bd24-4bb2-9c69-973de95072e3,0.1553,none
cdc4ba4d-220a-4e19-a0f4-334c2f0a0958,b6848bf6-77e8-4682-ac93-6f31b932a31e,0.166,none
b27a6375-5cba-4b14-bd19-363b91b505ce,ed02e0e0-c9d9-4cd4-8b7f-ad6e6a2d0d31,0.2021,none
844e8dc9-a799-429b-8054-b374942be0cc,6457a625-bc9e-4b59-888f-7886d723cce3,0.1182,none
3068ae42-14f4-49d6-bc92-828508fefec4,82d042d0-dd1d-50d8-bea6-43361589d5a6,0.0998,none
3e8fd67c-4638-4424-a986-daa5553a9688,fb9d42df-6c70-4519-8166-581129dd4b5a,0.1713,none
f79443bf-d74e-4e01-9d97-cf442529665d,b2058c56-c204-45e7-ac29-aa35a1aef73c,0.1944,none
1c78c965-c293-457a-88df-f00e6d809934,18bd57cd-db52-4b6c-b2a4-49ff39419dae,0.1624,none
8093decd-0784-4466-b1b0-c977b1c7db80,11c1397e-c630-483f-a2b3-7b3da546f059,0.1396,none
c6617321-abb7-457f-907a-23a4a0125751,bc6791eb-52c5-40c8-b7cf-ee5eb5ddaf0c,0.122,none
3eb9dd3d-6855-4e5e-adb3-0c5853f43374,281a948b-9e2e-431b-8e0b-abfa7c888d19,0.4199,none
e07be781-9f6c-46ab-b8c9-c3cd51f80df8,12f5091c-0c5f-4c86-986e-fc721ea9f204,0.1216,link
dee5e403-5ac2-4228-94ae-d89b9ee6e658,c1006238-0414-4141-859e-2dd33f9c78c8,0.1129,link
a3475671-dfcd-4d70-8f34-3958cb98296b,8820a278-096c-432b-837e-83a266542394,0.1489,link
f5971ae6-3a8b-409c-a847-b22c368e7f3b,12f5091c-0c5f-4c86-986e-fc721ea9f204,0.2195,link
13d03df8-39e5-4459-a8d2-45ab19bb7dd7,26140be7-c4bc-408c-bafe-df5f7da2cee4,0.2342,none
87b31ea7-09eb-4e94-9a6b-7e86e309b7c3,013282d0-9be0-4c56-bd05-110d5079cd41,0.1953,none
0c9ecea1-5d5e-43e0-a340-700305420431,7f738203-75b6-46db-b61b-0e0ecb441405,0.1203,none
b40c08ce-2389-4329-b55a-8df2c28a80be,aea53f49-d274-4a8a-9941-3fee1ac3726d,0.0673,none
0ed4ab7e-5470-4bb0-bf4f-106d1b44b2be,eb94d885-12d4-4e65-97f5-f19618ed9cf3,0.1026,none
636df024-334e-4d1d-b6ec-16571d30c053,d0a2a647-787d-4826-94c4-f315a0000e2d,0.1609,link
65ad8641-aa2a-4b51-bca7-8bc3249b525b,6d80ff7a-59fc-4ff2-a89a-d1020b42989d,0.2063,none
2e2d3003-2db2-48b0-874b-7f9635e05740,f9953712-2a16-41d6-9598-c781fbea852c,0.1111,none
de9da0bf-ac96-4f2b-ba35-f80d4f161eef,3b343bd4-96c9-4dc7-8e9c-547c40262731,0.1068,none
c99fad21-34a3-4cef-b783-1d3b83230efc,39a4ac00-2aa0-4b0e-a169-1b01c7482e75,0.0691,link
d3b22662-efe4-4b69-8cda-e7a96a489272,7fc71dea-0b0e-4dfd-8f2a-c2776af38fdb,0.128,none
471d9282-1b55-41ce-a19c-9958544e2f05,ce131d74-af24-4af7-8a39-a803ce04c1bb,0.1248,none
6bd5f2ae-ad1d-47bd-9cfc-e3e72b7cc222,12f5091c-0c5f-4c86-986e-fc721ea9f204,0.176,link
cc1acbe7-1c2c-4b7b-948d-fa9da2d08c5e,497efb57-82a1-4b71-95b4-03e170750f29,0.1249,link
540b95f0-7d69-465d-a1dc-c9db2a8666ba,21ecac45-30b1-4f25-afa6-ca135b314e30,0.1013,none
4d3a64db-ace1-4ed5-ae32-732533d03149,43e62a75-85e7-42a9-980f-8a718a73fb66,0.082,none
a773957f-0eae-4dda-80e3-93f867d5528c,3373d8c8-9dac-43cd-bdb7-999f82e93aee,0.1277,none
cba24e35-2103-415b-9e3a-c61dc4a86836,3373d8c8-9dac-43cd-bdb7-999f82e93aee,0.1234,none
360216ac-5b48-4ab6-8743-bbe47e5f3712,c30136f1-f1fb-4141-98f9-2fa603afd518,0.1031,none
b15def2b-8680-4579-8ad1-1cded33c9bc2,1bd84c4f-e858-4de0-a1f3-ac013370c7c6,0.1733,none
7f919c60-0c2e-4f58-8831-d587adfc3849,c84dc04e-fdab-422f-b9cf-0a9760d6808d,0.1316,none
040c5d82-e859-428f-bd42-286d7b911662,9f3e0288-02d7-4d3d-97e9-be317fed8cc2,0.1452,none
49de9554-532a-4c5d-b0fc-9aba9ce99c88,1a2a3d96-e3f0-4059-ab34-8d3ca403d5f8,0.1136,none
695e59b3-421b-474a-8482-1af8dd78ed5b,89e21115-3fae-4529-84f0-bc5a4bedc33c,0.1991,none
9221ad6c-46df-4f26-b44e-1d75218de607,5977400b-0444-454e-862d-61de51d93d0f,0.1626,none
1d17a7ad-914d-4eae-869f-983b3cc917a6,2082b2b5-cf15-40bf-9883-75ea60257f1f,0.1418,none
d12c1a18-b30e-4144-9b7d-84dc4d02b23e,6871fc72-9190-47b1-a136-cce10572b80a,0.1134,none
9e1d0407-27a2-42b9-97e1-d8d6cfe7d93b,b910144b-8ffb-495a-9270-a391dd7c56aa,0.1183,none
7303bdf6-1684-4173-aa8d-369b6d04e8bd,00f1e508-a4fa-4e0f-b8ac-1c7fc3c04ae9,0.1294,none
bd24d36d-6047-40f4-b418-31ae2a6428ef,cb00ea3e-4fb7-44b5-876f-a444b19830f9,0.1338,none
c3b105bf-1fc4-476d-adf6-1485a93d767d,296472ef-0ef4-42f9-84a9-d19adcc1e045,0.1545,none
a1ea99bf-3799-472e-ae50-d3e24d82ba30,788ffe7f-6a1b-47c6-bada-0810204a779e,0.2052,none
47fdd25d-89c4-4326-8f88-1572c1f82b5c,dc95ce46-e450-43ef-b3ad-5c122628a205,0.1073,none
7c06761e-8d60-4bf9-9136-aa45fe74e7de,7ce4342c-ffde-4483-8590-5de11a6bcac8,0.1225,link
cdf13657-78a5-4f91-80e8-b3bcc2f1318a,a2ed5944-4926-4392-aae1-733e65600b1e,0.1404,link
5e0413a4-2e3b-4bdf-b60c-6e1b8f02106e,1ec5ab2c-ddf3-4684-a8f4-715bb557ad98,0.124,none
dfe945bb-a73a-4dc9-bdde-cdbb24d17da3,67a619e3-dcff-4608-bad8-bfcf40d6790a,0.1817,none
54e0ef53-1d45-4bba-99fe-9f7f4a7b8f58,7ce4342c-ffde-4483-8590-5de11a6bcac8,0.0614,none
ac5552b0-71e3-4b54-a6c6-6e4d42ce22a5,ac5552b0-71e3-4b54-a6c6-6e4d42ce22a5,0.4182,merge
2c542028-4403-4e5d-a098-59a78cf45397,2c542028-4403-4e5d-a098-59a78cf45397,0.341,merge
17de05dd-2eff-4a2f-bff6-e80a86ef8e7e,45f7544a-5d68-4189-92ba-d9d69a796c41,0.2443,link
06d6b023-311a-4716-8dfb-3bd81f59458b,06d6b023-311a-4716-8dfb-3bd81f59458b,0.2502,merge
ac5187a0-8f6a-42c0-97c4-637262e66122,fa9b608b-2022-4154-bc87-48899a590eb8,0.0537,none
a50ab3df-5eee-4020-9541-773093248bb5,a4939b6b-ccdc-473d-8f93-572632f3c09e,0.1605,none
e805067f-f64d-4de2-a459-afe1bf139c25,2d1d9d99-a178-4e28-b1d3-cc28993efe8c,0.1552,none
1891a874-09fc-4068-b6ed-360ded48e4fa,6b7a6e63-f63a-4721-abc8-0fbaed30ba3e,0.0597,none
0717a12b-f9c2-48b9-8d55-f9f3286422bc,5baed3a3-9839-4ad9-a85f-212d41120e08,0.1079,none
36734fa9-4941-4350-8cff-a55bbd13094f,fb9d42df-6c70-4519-8166-581129dd4b5a,0.0611,none
da20d0be-bc1d-460c-a6d2-c7a1bea365e2,ae6f85bf-a0b1-42a9-a9f7-00ac75ea23ee,0.26,none
9f1bb0a5-893d-4f09-8e07-24659edb9b0b,d5e03c93-e1ad-42ea-8016-3a821278621e,0.2228,none
dc36e2bc-7ed5-4054-9020-e809379a9b9f,fd4f2307-5e8a-4a1f-b755-7adde7f5ed07,0.218,none
c127e813-271a-4c89-946d-e58dbb2ec9ab,8820a278-096c-432b-837e-83a266542394,0.1643,link
1356cd26-487f-4c7d-aa1b-a5fcc5b8487c,eae10e81-b9ec-4d4e-b29c-d491277ab985,0.1592,none
099f6436-6589-48a8-b237-ede28e44f850,7c3afcd8-a8fd-466c-9100-fc2551900198,0.1196,link
fd9c9c62-f048-48f3-b5d3-d02cd4b58d03,bc6791eb-52c5-40c8-b7cf-ee5eb5ddaf0c,0.1488,none
be31bda7-f176-40c6-997e-85c8c9617291,f27ce80f-edd0-40eb-9150-2f3d3c1399ff,0.131,none
457d163a-aed6-47f7-8abd-3d136cd5d585,73039697-ab4a-4325-840c-ec44f836862b,0.2438,none
e45c21ce-eee5-4965-8854-8d9e28ab32da,e45c21ce-eee5-4965-8854-8d9e28ab32da,0.3134,merge
e3b8f701-1301-479e-8888-9910591fa843,71dff97d-91b1-4e8e-9d17-a4c78ba046c9,0.2114,link
ed87719f-0b2c-4e82-8450-d92c4097fab5,58651728-db24-4ccf-a768-00ff591dc408,0.2452,link
fb2855b4-74b3-4907-986d-dfc9d5914dfb,a7f19637-94b6-4648-9e3f-41afedcd039b,0.1816,link
14d70a69-203a-4ebf-84c2-4b6dda04027e,3df1cd8a-5b54-451e-a847-544e8acc7c31,0.1397,none
006026a3-9fd7-4ae8-8c29-f41ec6bd8e8f,83b143b6-3162-4f42-b29b-d62a4b04595f,0.1187,none
0f027504-9d32-4785-868c-15f69ddc728c,8e4517a4-63d2-4b73-a5db-9695270bb74a,0.1358,none
abb00e12-2b75-4aac-9550-119bd5c5ffb4,8820a278-096c-432b-837e-83a266542394,0.1631,none
df014aec-7c88-4cfe-a5cc-0d8b8613951d,8e4517a4-63d2-4b73-a5db-9695270bb74a,0.1309,none
e825cbc3-1c74-4485-9304-bb08c1a9be46,8820a278-096c-432b-837e-83a266542394,0.1687,link
7b458f89-4d98-49fd-afef-269ce6fd31dc,16c814a4-b66d-48a0-874e-1c25d4e0a192,0.1615,link
1be86764-9496-4e5b-b9fc-7be5c3540b9c,7b59042e-88b8-45d2-85b2-776d71053e7c,0.1548,link
744cd27a-594f-41a6-8d05-351e73d3dd52,a37483a7-9408-4dea-8fe4-1d9f07bcfc36,0.1471,none
2fd97397-f530-4327-9171-22bb12f40152,1ca9053e-f8b3-42f1-a61f-ae1083b55be0,0.1356,none
76093453-be61-4ea6-a84c-486e6f0b882d,087d83f5-3ca8-43ac-899d-361ef3d0d293,0.1967,none
3418e501-4319-4976-8d98-9ff11b9977d7,bc2f679e-5f9c-4cac-9a04-07a40cef81d8,0.3933,link
13e5d250-ee04-4bcb-b749-fbe057e3f497,30a7e4e6-23eb-4dc6-aa23-eaca82311c98,0.0931,link
b022b946-508b-48d4-ad10-26ff758d1f8a,0256bb03-b25f-4c48-bd53-fd481b10dd25,0.2265,link
37baf1c3-7c2a-4915-93c5-a76ee6ad4e49,08eb9141-aa7c-4c50-a0ce-1eeed4b6516a,0.1694,link
7ae7ff62-9eda-4ea4-b956-ece1d98f1b1d,d22c541a-9ed1-4cb1-a13c-3f04a184b9b4,0.1792,link
01e9b3f5-2868-4300-b264-66f922f107c6,01e9b3f5-2868-4300-b264-66f922f107c6,0.3561,merge
8201d501-973f-471e-8913-a7fe93bcdc5a,3367f694-76b9-406c-9099-40f0565f5bf6,0.2436,none
4542d27e-b8ab-4aa8-9f5a-270d1ad3f07d,db6f5da3-8691-4b4a-9b0b-aa4d336665a9,0.2686,link
fd0e3d08-c207-4a28-84db-4dc73c4787e7,fb63f9d0-c837-4537-9f3d-f0341f59a801,0.172,none
f38705c1-e338-4886-bac7-a43fc8dc1cfe,878b107d-fdc8-42f2-a048-382edca2c92c,0.2142,link
67dd0880-07af-41c4-9ab9-d9a5a36bb92a,c064ae4f-e8b1-4fbd-8203-ef708a96c25a,0.1655,link
2b72a5ff-9734-4df4-af88-4ad0063f38e3,878b107d-fdc8-42f2-a048-382edca2c92c,0.2197,none
f1eb9593-0e57-4e7a-b47e-99cfde163c2f,10c7a285-f952-5554-aea7-72270a22457c,0.1038,none
2de39449-2eb5-4a45-85d2-b9576f8726ae,efc3ad9e-2e8b-45d9-b16c-34f0c2613498,0.2498,none
28973f22-7cc9-4eff-97cd-d096ce09776e,4586154d-da79-4594-89f2-0c0d4f86cf42,0.1501,none
9f095f3f-1fb9-4276-9531-b722d6265d2d,53315b8d-5e9c-40e0-b563-85e7b5ae1387,0.111,none
93dd8016-f930-446b-ade7-153629772dc7,d31166ab-a46c-4ca6-b4c6-19eb8e299444,0.1078,link
0d43fca3-aa65-477e-81d9-b868ff4a78e5,812c0d34-81fa-4085-9700-aadd160fe8fd,0.2049,none
13d7a43f-a98e-4a40-84e6-a2f41335a93a,ed02e0e0-c9d9-4cd4-8b7f-ad6e6a2d0d31,0.1914,none
676c090c-0329-4fac-bafe-db0d55121ce4,92775383-e129-4b88-b1ec-339e846a9622,0.2372,link
fa7cabd8-b27f-400c-8136-9baf3e32efbc,7ab6793b-4f38-496a-bdd7-6e882015b312,0.112,none
df7c03c9-a5cf-48bf-a48f-9b2264a318a3,a2ecdd8f-65c4-4aac-a911-918da21bc3a8,0.1621,none
e408d030-08d8-41f2-b873-9f1b3d283c02,7907814b-c325-4168-a2d7-8318d7c64201,0.3196,link
53787970-0529-4e50-ad37-e0571de81633,bbac5a1c-534b-448c-bab5-d4ec22ec50e5,0.1803,link
4c48952d-ab2d-43f8-9a59-df4f3e19a072,3bc1af2b-e088-4a0d-8129-8e756a95968c,0.251,none
df7a7773-50b7-4d48-afb4-5597267687c6,661ca863-4f3e-47c2-85ae-78efcedcaee5,0.1253,none
65db9bd3-d22d-4f5d-94b1-d0e7f4e89008,372ea3a4-f605-41af-a3bb-8fcbfa1f39a3,0.1487,none
f7be8a23-c3b2-46f5-bb35-4cfd2f0bab47,93a593be-5519-4a48-a67d-a798ffe25ade,0.1496,none
014c1105-d04a-451e-8a5b-f77ac3cc264f,c0494f51-cff3-4380-a309-5c39efd81414,0.1545,none
d460555b-504d-4137-b0ef-a0d9ad6e2c1d,632933d9-ba2d-4528-a761-eb5f1a28de1a,0.1953,none
a2655aaf-4397-4944-8295-2cbc3af7f0e0,2de685be-cd2e-40ba-bf32-12eb4829bab2,0.1502,none
cdb07bcd-3cf7-443f-a588-ef722c2b96bc,6babf56d-9986-4fed-84aa-ccef6ec52c3f,0.2711,none
e47f72ba-9213-402a-b42c-b8e89b83f793,950eaf3c-ca3f-4157-9ba6-527bb98eaff0,0.2522,none
71a54c97-c3e5-4efd-b7f2-aff5da9b3832,711591c1-84f4-4da2-bb77-055b74b8896f,0.1875,none
9a1166bc-be63-45c4-b993-9cdf6761c365,d06bc5c9-e04e-4cd3-b360-053537e45341,0.149,none
fcc88125-4c8e-4048-8bf7-4576c7bb8587,62fd67ec-0158-425e-aaf5-6d172a872eae,0.4171,link
ff86a65b-ef91-4c19-ae2b-8d91508585b5,0c90f035-84e4-400b-bace-b9f40cc70860,0.1425,none
b0bc5550-d000-4f0b-bd3e-3f244e643315,d3f8389d-1462-45b7-8488-8f29930976a9,0.1845,none
f614930d-d33f-48de-8795-ace37ebe760f,67bb52d2-a5e5-4958-a8a6-a5208a90ce00,0.1545,link
26f162fa-e1e0-4476-b2a0-07f2cf6f7d0c,89c27b2e-bbe9-4c18-b44d-d3afb58178e3,0.1124,none
de9193f8-9bff-5cb7-9f58-8081dbcd2cf1,de9193f8-9bff-5cb7-9f58-8081dbcd2cf1,0.1952,merge
ff122018-06f6-4f1d-ab60-77281ea843d9,9243c3dd-17fa-4960-a8fa-ac37caec4eef,0.2153,link
c3818e7c-53cb-4e77-adad-111941ac9665,dba87422-9ea1-4978-9319-dbcc8efe618e,0.1204,none
fedb9edd-7722-4db9-9d2f-11516aa91ea6,0b6a660c-1727-4366-b32e-075f9a5f3cad,0.0853,none
09d17796-1a8c-4ded-9734-bc4c90e46d9c,18630f11-2824-4be0-9cc7-d34e2a3e0ad0,0.2082,none
9c85cc46-86d1-46da-989e-a982a581d906,cad122bc-69eb-4df3-87af-97112d2ac1ec,0.1475,none
6caeb0ad-3af1-47b2-8d8f-9b7304a4b1ed,8b3d5b53-0cee-413f-b92a-f0a1018fa91a,0.1402,none
0babeab1-6799-442c-bfb8-8d08ec9df62c,864e05bf-6351-4433-8918-805967264cb0,0.1257,none
3cd5804d-b268-44a4-b752-9fc8fe326fb3,ed02e0e0-c9d9-4cd4-8b7f-ad6e6a2d0d31,0.127,none
0fe20ca9-b115-4bc5-8917-523cc4c48d7a,a9107a34-d51a-439a-876e-ad092a7dc51d,0.1967,none
1570fcfa-341f-4dd8-b32f-77561f395b52,9c0f3844-c6ae-5bd5-a059-045be3fae30c,0.0933,none
66c38606-8fd7-49fc-8069-b4e6cc190eff,6e16260c-b255-4183-996e-abc00cda1eed,0.1142,none
d8312121-e2e7-4465-a4ef-fd888fd1c08e,391f536c-a241-4da1-a1b0-a4a7c7bc6042,0.1815,link
53fa28e5-8a60-4ce3-9289-e78688c042e5,391f536c-a241-4da1-a1b0-a4a7c7bc6042,0.1166,link
8d5f474e-7cb8-40a3-b2a0-012820ea4714,859510a0-f79a-4708-bff3-6cb10b73a35f,0.1145,link
e5bb45e0-157b-4934-ae09-ea988fdf9dcd,9badb6d7-407e-40c3-ae1c-e4cd2659a7a3,0.1264,link
0175d625-f215-4a17-a3ae-87e51cfd4f02,e6e418bd-1f8f-410c-a16f-3954a67db051,0.1146,link
57a0b274-3a60-442f-a613-4f50f10d4383,d9df3c15-8cea-49ed-9750-b60a91fb5b3a,0.127,none
9417ea19-550d-49b9-bed7-d99f466851f5,53315b8d-5e9c-40e0-b563-85e7b5ae1387,0.1385,none
d8512e3e-cf6b-45bd-93e6-193b816c7aa7,2ea12786-ecd3-47fe-b8e7-041a2e3a38b5,0.3698,none
2f881c1e-d671-4bcd-bd0c-c661ac4e61f1,ccd35a30-360b-4901-94d1-82fbf8e5328f,0.0818,none
81e9b4a5-e866-4a0a-a89e-7033b5f84b5c,64c91386-c7f2-4023-b574-d1d112fbe833,0.1702,none
6ec4e9c0-035d-4e2f-ad63-202b7092d3b5,46f66d0b-baf2-48b1-9f14-99fc236907a7,0.1386,none
2c0a0d1d-035e-4a3e-ac0c-fb67044a27cc,c2c786f3-474c-4fda-be8c-742419e0e1e7,0.3452,link
9488b252-cfaf-4583-a95c-ca40d6474720,1c1faa1e-c5e0-4072-acf4-43c7cc250607,0.2931,link
5e839ee9-e947-498a-a7fc-50fa43e0c44f,bc8aa2b7-bbd3-4a9b-baae-9f8a63edc888,0.1723,none
2d4e8aca-b5c1-4663-93cf-2855502a111c,455e0c62-cfec-48b5-8e5b-677aac81f37a,0.1647,none
534bcce7-3415-453b-a85a-63f57960994e,8c5a76a0-47f4-451a-a8ce-b4c832d75dba,0.1702,none
41493ced-0413-4a05-b954-dd7e20d98c9a,e0e1f83e-5dcd-43fc-b29a-c936eb17e313,0.1724,none
a35bdab1-356c-45d1-b2da-dfad9e1d6a38,dd01e720-28e8-4daf-ba1a-fc4b3d8e0b05,0.1423,none
957665c7-80c7-4bf5-b047-94a3b594c33d,bed60999-f2d2-4f92-ae81-fa9c082c428e,0.2151,none
e9a2df35-6ed3-4576-be10-86f62a6c3809,d06bc5c9-e04e-4cd3-b360-053537e45341,0.1684,none
e6670414-a609-42dc-b2de-b22b02efa2b0,5edd95ce-03e9-4fb8-a12d-f52e1c1fd02a,0.2356,none
4f458928-cea1-4627-88f9-f96247395c17,7372d5a2-ba62-4e0f-a7c1-f28b897afa77,0.182,none
22ce80bf-28c4-4045-947b-002d7e3b3415,df67cb86-da5a-4519-af7a-12dda33eb87e,0.1107,none
b2b48103-de6e-43af-8fe3-7ce1a802f2ca,47f3a24c-602a-4f8b-afac-d670caed066f,0.163,link
fe14ca4d-b66d-44b8-8009-5ebf0f07554a,ed02e0e0-c9d9-4cd4-8b7f-ad6e6a2d0d31,0.1963,none
1026eef7-3e45-4944-83c2-7afd0042f070,f3fbef5a-2ea9-4986-9bfb-d1dc6e157c29,0.1574,link
c534aabc-5b33-4001-b40e-ce8e77321ab8,dd440319-4977-4596-b4eb-8a90fda327d0,0.1278,none
eaf8d06d-a3bd-454e-a51c-1430439aa0e5,b8376923-102b-4854-a265-b7ed1aa9379c,0.1836,none
11f9703d-2422-4533-82c6-8a49a89f9f19,89c27b2e-bbe9-4c18-b44d-d3afb58178e3,0.1865,none
7c48f9ec-d595-4dc7-a654-12a9e6c1aa26,d58b489f-e28a-487b-a249-7a12dd9cd526,0.2207,none
f2866357-a6de-4ce6-8e51-cf379537b044,f8ab5d15-e74c-49b4-8643-7dbf1b58d971,0.1215,link
927603cb-938a-4ecb-8781-4f74010d92b7,139bd3ec-90ab-4a8b-bc48-a1720eb36034,0.1047,none
847a1974-793a-4910-b547-21243c7dcdd7,df67cb86-da5a-4519-af7a-12dda33eb87e,0.1038,none
e8e9454f-1647-45d4-b3f9-034a97c7dea1,16ad2f90-bc3e-4843-a214-3270c3aa1981,0.1044,none
baff476f-259e-41d1-a062-293b8ec47a19,b9a93f94-41f6-47db-a877-48cab8b60501,0.1157,none
e48fc923-1211-46e8-8978-9fd8bc52e65f,12f5091c-0c5f-4c86-986e-fc721ea9f204,0.1515,link
028158ad-516e-4bf0-84bc-963cd5ef84db,815497b0-eb69-4303-9466-a95f39c2a7e8,0.1265,none
17a076ed-e5ea-4274-947b-e96d05493390,d8c612ee-f882-4e2e-9d69-1cc4fdba39c9,0.1012,none
0a0dbc90-beb8-4313-814a-a64bc15938d9,f18221a7-97d2-4177-bc5e-c0231ac46697,0.1443,none
ec38a005-337c-4c8e-a2e1-65b46f67d419,6438fd23-4966-46fb-8586-946499fa1864,0.0733,none
bc9c803b-507d-4392-9c80-01fc9f5b9716,ec7e77d8-d9f7-5765-8104-d5f38d064aa8,0.3341,none
004b555f-8fc6-4804-ace6-094273111a1b,b570066b-db9a-40a2-845c-5ba51dfe1ef3,0.1674,none
a484c3ce-a980-4c01-8e10-9619a2d7b37a,57817f9a-a3c6-4a89-aeb2-8133029459b2,0.2006,link
5b9f3f94-2552-41e3-a933-5b28a40e033a,0f8bc8f0-1484-4bfa-a7ad-b8e37b2fe538,0.1189,none
7aca186e-1c24-4e9a-9b7e-ddd92174b85e,d06bc5c9-e04e-4cd3-b360-053537e45341,0.1474,none
6fe07436-0194-4218-b7ab-6e16512d4738,661ca863-4f3e-47c2-85ae-78efcedcaee5,0.1238,link
88d4ef8c-0a05-41f3-97df-c2aa95452e07,ea41df9d-827f-4d45-95f5-4f91bf6d431b,0.1563,none
8c8cf4e4-c602-4cb7-bb5d-f28868b7cd0b,912cf934-0cdc-5c68-ad4e-133023e02d82,0.1836,none
b311e23d-6fc2-4c89-9ffc-508a6f079c8b,651af950-003c-41a6-888c-fac53e7da137,0.2359,none
11847faa-8d86-4970-88e5-9d80f5a718b1,5c161733-4046-4aac-8007-369f831a519c,0.1502,none
dfa46f89-de90-4a03-bd67-d85f4d3def3a,03342bc5-c8e1-4ddf-bf7d-1d7ac01f9d55,0.138,none
412a775c-83ba-4f19-842f-32f021564383,f6e0a3d8-ee75-4950-b367-8cba41c6934a,0.0753,link
fece4b37-eb5c-4146-b4db-769ac5a17639,eb76909e-c7cd-4cc2-8b9e-07ba15c00420,0.297,none
c853ad51-3370-445e-8998-e36be3c11855,510074fc-a8ea-4628-b771-8dafdbdfa7a8,0.1704,none
6e15e788-dcf7-4f53-9124-568518db7318,4a9a134e-b3bd-4e11-b01a-4febbe4403f7,0.1629,none
20a2ab12-f2ec-4824-b44f-79b22f3c1de2,2ea12786-ecd3-47fe-b8e7-041a2e3a38b5,0.2669,none
6c751688-1d4c-42fb-ae29-5ccc09e37dc8,2ea12786-ecd3-47fe-b8e7-041a2e3a38b5,0.2602,none
0885d2b4-1f30-449a-a083-20090be90954,d9793478-6556-4f59-8de3-f03a084229f4,0.1553,none
0b808675-391a-44fd-948e-456e889a0569,b9d27304-5ca2-57b9-968d-e5c946985513,0.1927,none
f6ae8239-b104-4fed-8046-45ec57d4d60f,22840705-06a9-5eba-8e65-1634375f5c8f,0.1532,none
5a978321-3347-43be-9b6e-08d8677a3e90,453680f8-e477-4ab1-ae8f-2bc4ab509509,0.1649,none
883e9c73-89db-42a9-9f14-fa3f3761d944,2ff421b5-ce2e-4e7f-9328-18441e0c3a4b,0.144,none
5636a38a-329e-46df-9d6c-1262a9258c73,f1232c93-9c3c-4540-a40a-09f1ea100bf3,0.207,none
668ed243-598a-440b-bc4d-75b593eab857,dd8bd13d-a9a2-4658-8021-b01e881edef1,0.2288,link
17c9bda9-8b96-4e62-a1a8-34607f594f33,dd8bd13d-a9a2-4658-8021-b01e881edef1,0.2213,link
32e4f8f8-2920-4906-a475-a3f8b68293f1,791da658-ca39-45aa-8f71-5240d6b543fd,0.1395,none
1c5477b6-8388-40dd-80ca-cefa68c53786,7ade445f-056d-4e6f-a384-150e82c19025,0.1728,link
79418754-b9ed-4fb1-8220-c618f23c1bee,99739eab-488d-4439-afca-e84bd94fab52,0.1246,none
b9ae235a-0807-4a5a-9a45-398128943173,c251ba85-e804-48fc-9e6c-2aa81b9df684,0.2103,none
61f5bcfd-3a02-4c82-bd1c-5cb12ac624e6,812c0d34-81fa-4085-9700-aadd160fe8fd,0.1627,none
f145e26a-d75a-48e8-b0ba-637d490d65b4,eae10e81-b9ec-4d4e-b29c-d491277ab985,0.3238,link
8434c4aa-6c9e-4518-95f7-6944ca2ab98a,6a2690d0-b155-4adf-aeeb-0dbea0779a68,0.1658,none
c3e8befb-e9e0-41f8-b011-434d9b89a200,7cefc171-1d60-408a-a437-5bc9c79b9679,0.1668,link
74c21237-ee2d-475a-a929-d184426503f4,e12817fc-55e5-4451-9bd2-962a1439c973,0.1341,link
4840ca38-29cf-4725-81c0-985a7844d88c,35eae267-9f12-46ee-80a3-17a6dd8f1f34,0.1089,none
cd18c8c5-60f6-4203-8a94-3d73d19d0989,faacfde2-c15d-4012-ae2f-1ac42a9aaf66,0.1343,link
0717aa2f-7848-4492-8309-9a4ad4fad0b0,776235c6-d9ef-4a19-b229-03178625615e,0.1184,none
7f9cef10-3d86-48b6-8e09-b43b8d50a239,90e8b33c-ad35-42a6-8389-9e9f0b857772,0.143,none
547ab003-7945-4ec2-a701-3b971d586577,2bd953ff-4a08-4f45-bdad-93c288c262cd,0.2014,none
d703f3ec-cba4-4b17-be11-80561d8febae,2250cb45-a021-4b19-b648-4aea051339c3,0.2056,none
744c1b92-a164-454b-b92a-a8c9d0bbd1db,6a8a5789-5f7c-462d-86ee-21519f82fa92,0.108,none
62a31528-c546-4317-ab3a-e8dfc409f42e,62ce6229-c143-4956-bc15-59a185e51db5,0.1933,link
00c079af-bdcf-4bb3-ba79-dc32d395f41b,9f65aa33-c239-439d-80c2-ffa39f0bfeb6,0.1301,none
5491fcb5-fa62-4a15-959f-616e3df12d6a,26953ecf-5c63-4260-9c41-70ea372bbabc,0.1397,none
f6e94bf5-9e87-4425-8f34-8d555e4a655f,41680330-3190-4632-b50a-82b3a2a52ddb,0.1156,none
e3b9371d-4e48-4d99-acf8-bebff314cee7,f18221a7-97d2-4177-bc5e-c0231ac46697,0.1598,none
ea6d0c25-69ec-4bef-8d04-6cf42cde9edc,101bf6f3-af5b-4a1a-9a51-b40923c42a35,0.175,none
b93ebc89-61b2-48c9-82e2-d6d503433b7d,af4b12da-86d9-4029-bd67-d98a6a23af10,0.2929,link
23b711a0-0d7b-4df9-8f2a-11c041be58f8,6d2b8dfd-043a-4641-bdfa-b0d184078e8f,0.135,none
c63dc4a8-c358-4637-93dd-83ad9b7624c9,3a7c14fb-1708-4849-b223-e99c448abff1,0.1526,none
a25177bc-17f5-4651-b549-8ae430490d8f,ae19d03e-4ef5-4520-be92-31148a173fd4,0.2318,none
f3e376e6-cc65-4fa8-8736-5848ad1a15c0,f081e0ef-c775-53fc-a82a-53224b12f06f,0.1181,none
8ea910c0-07fc-47a1-bfbf-a9902e050541,45afeedf-2a96-459e-ad9e-e0e053862da8,0.0949,none
a998e81e-e417-4609-854e-ce4639c48127,4a9a134e-b3bd-4e11-b01a-4febbe4403f7,0.1126,none
cbbfe556-4e90-4346-b11e-7ca8722331c7,8820a278-096c-432b-837e-83a266542394,0.1506,link
42a46faf-2349-41f8-a82b-b21e9824ff14,7cc5d7db-60b7-404b-8d64-03199b3947e8,0.1046,none
8510299c-37a2-4414-92f0-2f2daa689089,ca1c3b0c-96f9-49f3-b789-bfd9b5e80f0c,0.1258,none
01ee8c18-1655-4f69-850f-2aee3060c671,7c7ea838-47da-41aa-b67e-da81881b77e5,0.1236,none
f4ec40d6-4aa3-4875-8eeb-982363c4f19d,f94eb05d-90cd-4b8d-aca0-e13f7e9ae889,0.1132,none
93fdcf33-528e-4d7d-871c-87763a76369b,c594cfab-d649-4a57-befe-e38bff55a471,0.0732,none
8c6e06c5-5759-4669-b984-08d9c4ab3cd8,9eb8e94b-0f2a-45a7-84db-43d3a7e55a44,0.1716,none
f6431cec-a4da-41b8-ab71-0ce158341178,47208d22-8708-5444-834d-ac45a0deb789,0.063,none
b06374a7-b3c3-4026-a7f7-943e3703c36a,25797f65-59f4-5a0a-a579-d3667d28370e,0.1221,none
0d7ad04d-77d0-474d-b3d5-2e0c506cb8cf,c1186e81-34da-487c-83c2-e23992994da5,0.1791,none
a56f8245-9b1a-493b-9e43-6086e6babfbb,5b9902a3-7a6c-48ad-9e29-4ae8424919e4,0.1924,none
abf3dcc7-4779-4c34-856a-098d44c5af1f,34a5a518-e4fb-47ac-a1a6-6d517a926906,0.1125,none
43120c83-0a9c-471e-8a46-1d32942b034a,4a9a134e-b3bd-4e11-b01a-4febbe4403f7,0.1417,none
e1988293-110c-44eb-b371-637db35f3e96,469afc42-3bc5-5b32-b937-e05b8bdcbd2e,0.1268,none
c2183108-642f-41c4-a6e5-17e2b72698b7,4a9a134e-b3bd-4e11-b01a-4febbe4403f7,0.2598,none
399ca024-a381-43bb-9a85-1ac3389f1de4,cab9e5ee-13b2-5136-9cfb-52ca51c68a1e,0.1369,none
093ff466-58cd-4d27-8c4b-10d99e5bab86,d8c612ee-f882-4e2e-9d69-1cc4fdba39c9,0.1121,link
6464b059-7571-47ca-b648-840c704f0cb7,d08b1c0b-8cad-4215-8f8d-1e6a54dbebc4,0.1675,none
1a3a1fcc-9a29-49f0-8c95-b253b8418d9d,1493efd8-2db9-453e-af96-000a5d8b83e7,0.119,none
c64c83a5-04db-43d2-8757-6bf900ceb742,1b608fa7-1cef-470a-93cf-4f9184e64cb0,0.1168,none
b1a5c703-f2dc-4a2a-94ed-2da7f8aa5fb4,c0494f51-cff3-4380-a309-5c39efd81414,0.1167,none
f3d36c95-2f92-4670-a156-7ddf2661ef5a,8016765a-7a5f-4946-8533-d90c510b38bb,0.0973,none
608aaab0-4928-4f5d-925a-9227bbed4548,4a9a134e-b3bd-4e11-b01a-4febbe4403f7,0.1538,none
e87d0be6-61cf-4cc2-bda8-5c78fc18d6b4,bef2deba-047a-4239-8f94-2dd409b27d3c,0.1341,none
52e407e2-5cf9-4a0a-8131-8f2057e153b7,53315b8d-5e9c-40e0-b563-85e7b5ae1387,0.1961,link
5699115a-37a3-4b75-9ab1-546f4ba44ecf,3ecfa267-f8da-4f1e-ac0d-94f9a767d36d,0.1704,link
c0efc27d-8632-4dba-bfdf-8bcabfdcc9de,53315b8d-5e9c-40e0-b563-85e7b5ae1387,0.1525,link
63df89fd-9a1d-48b9-ad80-3b0362c05bd8,6babf56d-9986-4fed-84aa-ccef6ec52c3f,0.1818,none
5685afaf-f4ac-4b8e-9b35-1300aaa4c6e0,6babf56d-9986-4fed-84aa-ccef6ec52c3f,0.1928,none
ddbe133e-3587-4009-99f9-a88318c98471,ad01b531-8c31-42b7-97d2-593804f2d3d7,0.1245,none
2c139f75-38eb-4d24-84a9-9b31bb4f8049,3b4bdea0-c14f-44ee-9547-dd1eeac5ff56,0.1987,none
6c9a5fed-c5ee-469b-aef8-9cf4d32779d7,639abc76-8ddc-4064-8e9e-22462fb346c0,0.1749,none
812233e1-3e0d-4fc1-acf4-bd6875d7e528,488b5ed3-a70a-415c-9a9b-f444de87bd83,0.2055,none
038cb86c-e8e7-4363-84a0-8d95737661bf,32dd016a-8b7f-4939-bf5c-6c76e603f300,0.1118,none
d98d9a77-5a6e-4336-9816-ea5ee2b437a2,2a6d6202-ab98-4b5d-9761-8022472e4292,0.1168,none
0c452e9d-b371-45f1-b88b-b07023cc9de4,650f3a51-65fc-4004-bc40-ca60a3af1617,0.0704,link
b12cd46c-a002-413c-bb60-1e19ba0b5870,10c7a285-f952-5554-aea7-72270a22457c,0.1235,none
c98fd677-4f9d-4312-b553-44ac5f42b880,7c601672-5e9e-5720-83e3-a8be4d31f5b3,0.1419,none
9e1d74ea-1685-4565-af1d-23b9375cf9ee,408744d1-07e4-4682-9d5b-036f07c7b6d6,0.1519,link
55ba28dd-32b1-43aa-8240-19ea636bea60,39aa249f-6488-40ca-a910-fb2722c05359,0.1874,none
79e70870-1efa-4e9d-b1d6-e09fbdf88744,7ee08ff2-0f65-4dce-84a1-d5fca3aa6156,0.1579,link
5533ee2f-d9bd-45b6-a54e-214f0b586c19,09cde661-c57d-4b6e-abbc-c6b4fdf08727,0.1138,link
0413398b-40d8-4f87-9a39-3c042c05e917,0413398b-40d8-4f87-9a39-3c042c05e917,0.1766,merge
25e2f962-d609-43d4-85a3-3b7048f3a390,03a9f9a4-e38a-48b7-bb4b-bb193c884c02,0.2252,link
e68c575f-e590-47ac-8c94-7431c674f1d7,429c98ea-d4f5-4f5d-8ad0-2465a75fb114,0.1753,none
4b75f94f-f573-438a-85c9-7ee61ff4f117,139bd3ec-90ab-4a8b-bc48-a1720eb36034,0.1118,none
94b13a37-c22e-49ad-8b81-e228c7cfea66,429c98ea-d4f5-4f5d-8ad0-2465a75fb114,0.1177,none
bbfc5e55-81cc-474d-8ed3-5ceae4cfaeb4,86aef94b-56a4-4727-8f51-12e078b094aa,0.1404,none
1b81dc67-7e3b-4db6-92f1-32535474b731,b3a903f7-0366-49c8-8405-f321e04721da,0.1366,none
2a43ddba-2ea1-4d44-acf7-ce02ead0b5fc,d06bdea0-9a84-465c-a0d5-5ade9a645629,0.1828,none
3fe3ffde-8fe0-4085-9571-874d94e25286,33960da0-1d62-4707-81f0-8a72b598d580,0.1202,none
6bcbabf3-402c-4f08-8685-1cd120d6a464,e2c041dc-be4f-55ae-b02c-ac6e09b82173,0.1748,none
5ba0d6b1-e44d-4dd0-a671-7ff27372a215,385c7bba-f2f2-48bc-9592-5ddc63ce8d31,0.1902,none
fdea8487-2514-4ee3-953b-c414f7c9cb99,04ec1637-34ef-40ee-83e8-f8c38106c4c1,0.1232,none
07528794-2cdb-4942-91b8-f1a796cdd257,b502a715-d1b6-4cd1-9173-16505ee8ea3b,0.1448,none
4a6f0bec-2061-42b1-a81f-ce3faf2ae409,ca2a8c9e-ea5a-49ea-9943-acb8e6dc57af,0.1803,none
bc9d2af8-2e93-4751-b493-1423ce9d63b8,fc147482-943e-41a4-961a-730020760da0,0.1209,none
4fe30dc5-04af-4f82-bad8-313537a76bc8,0915db92-9e61-4ef0-87af-4d7ea8d7a78b,0.1208,none
b8db4f06-8fb3-490d-862d-ea93f0c13254,ab58b1e6-dbf0-42fc-b534-afc272f776c1,0.1141,none
db412fd7-d304-4bf0-b01a-045c855c5410,fc4a2ca3-1975-4dfe-8be6-20d2bb8c4f14,0.152,none
608ee6f0-720e-4679-bfda-90326fcd38cd,0582068d-617f-4d90-9d14-d48ededbc7c8,0.1327,none
7e4bbab1-5c45-4e6c-905f-ad5b4287fea6,fd7e904a-7e58-43c0-8abb-3f3992329b0d,0.2862,none
992b86c7-5a0a-4326-bae1-41924b7505ee,5bd9f9ec-29bb-433b-b1f8-7efab0f926d3,0.1895,none
452f39e2-ce72-4da6-bfc4-4276e1e015f1,562ae9c5-6471-4ad2-bf62-8f832956cb27,0.1622,none
26513a1d-b39b-4e50-80a3-812f795eef9e,6685f65f-60fb-4a03-869a-a6e324eb74d8,0.1407,none
adb8161a-a726-4447-abcb-215d2fdc5059,29d83893-8369-4976-aef1-5eae04999781,0.159,none
401c954a-7481-469f-84e6-fd96cf40fe59,075548cc-1a68-4f44-8d31-8139ceaad7b2,0.156,none
55be3315-12f4-4df8-ab78-95617dfe7925,6e14cbc7-5d05-4f3d-a44f-069d14149fe9,0.1516,none
f6f8abb0-471f-4616-b219-2fea7d5a74fc,eae10e81-b9ec-4d4e-b29c-d491277ab985,0.0961,none
c00ebf91-d4ae-4019-8d6f-0556fa22ca5a,2b51b609-0af5-4113-96ac-b39d8626c989,0.0817,none
75006240-1d5b-4bc5-a95f-e050b8de877b,fb1e85c1-4f35-49b5-b01b-a0238902c00e,0.1486,none
c4888e37-7805-4af0-b589-a99518729fd2,eedef333-699d-4b71-a2bb-39dd8e5c3be0,0.1523,none
eb55f49f-b614-4e79-9890-2b65e9e4edca,1b608fa7-1cef-470a-93cf-4f9184e64cb0,0.1315,none
4daf4733-5b33-41ed-80ae-198ec41bddb7,4bbd6905-c154-49ec-bb41-b8fc844505a1,0.1573,none
0c67f8fa-b40d-4bc7-8c12-a5317b2489e1,bb30bf82-359a-438c-97bf-56a4edb62797,0.1634,none
1e96db6e-188e-4395-9b4d-289bb6bd6b12,de7c7dcd-aa52-4e08-a72b-fa61f2d9a9d1,0.1336,none
ca42095a-7be1-413c-bf05-a2701bfc9342,49e237e5-dfbc-49e2-88c5-bc426f506817,0.1501,none
cb0ce8e3-d3d2-46ad-a2bf-6b0cddc92ecf,3504a7a9-a824-4d51-89ab-5f13983f5188,0.0874,none
977ede97-6afb-48f6-9dfd-bf4cbc8ebac6,a4d290fa-3b1d-4d6a-9742-f4cb51e2418f,0.1006,none
dcfcdf71-33fc-498e-b22d-6a1b1e9cec9d,23ae03f6-8c5f-4ab7-a272-d28924d8047b,0.083,none
91c3543d-cf29-4d89-b04f-c6f5fbad4d52,7135c370-280c-4bea-b6ee-68c7de7d0470,0.0548,none
e90b6df2-fba4-42b9-b23a-f8e9c26c08e4,aaa1d59f-a5c5-40b0-808f-be2bf816aa5c,0.1153,none
344af697-fc68-49b6-b15c-df3b9bda8661,0f3b876f-624d-4471-9bd5-4c731bbb3c6a,0.1562,none
084eeb11-acdf-4c2f-9e12-db7e698b16b8,1ac3254b-284e-435d-9e0a-199d2e2413fa,0.1679,none
58e6ca69-5bf9-4adf-bc42-b2c7bc5d779d,dd01e720-28e8-4daf-ba1a-fc4b3d8e0b05,0.151,none
74cc723f-5fa2-4e8e-81d9-95e7e78e11ad,45ccf53a-8098-446e-af7a-837c574ff62e,0.1077,none
f7d7fccb-6101-4811-b5c1-79e768a798d1,41261db0-5e95-5198-ae17-0e905db9ab53,0.076,none
a441426a-1a21-463d-851c-d203911b8e7c,27aca17b-ee93-4848-893e-6abb92fc581d,0.2192,none
aca94adb-c4e5-44d9-ad72-a21e14f7fa9e,6c17a08f-19fc-4b2c-b927-e8ed8da24a4f,0.1538,none
99a0bf0d-add5-4419-9efb-cf278e8b4e17,6babf56d-9986-4fed-84aa-ccef6ec52c3f,0.2018,none
112fdc46-d94b-4a72-9156-e9e9f75b200b,757201c6-3230-546a-bb4d-c74494de7b1f,0.1036,none
34207473-7a45-4e63-9e73-2aaddebcce7c,6313ae92-13d9-411f-b512-bbfc70fd2475,0.1696,none
808483e7-eb90-4976-a76f-d89d6787d3c0,3947c9b4-29d7-4efa-ac44-0c4c97d4f617,0.0644,none
930563ef-2216-44bb-9bf4-a1d308273350,51e2d683-9271-50f3-8bab-f3d5766156fd,0.1159,none
9a13ea96-96a1-4f4e-8728-81debaf76169,eae10e81-b9ec-4d4e-b29c-d491277ab985,0.1051,none
eb3c23af-367a-4f47-935a-6bb156a19b03,89c27b2e-bbe9-4c18-b44d-d3afb58178e3,0.149,none
e1fcab4a-cc29-41bf-9381-a61073e295c3,cab9e5ee-13b2-5136-9cfb-52ca51c68a1e,0.1371,none
27343065-eb89-406c-acd3-731b0f551447,2082b2b5-cf15-40bf-9883-75ea60257f1f,0.1965,none
8c2e2a70-581e-4c4a-b868-0a2362ba99e5,4bed2bb0-4545-4f21-adb8-6fac1add8610,0.2177,none
b3ffe17a-72de-4146-9f45-56c31f3d389a,de7c7dcd-aa52-4e08-a72b-fa61f2d9a9d1,0.1482,none
970818b5-e215-4801-9aec-7699134b39fa,1b608fa7-1cef-470a-93cf-4f9184e64cb0,0.142,none
942e88fa-4294-44a9-8347-0f7731545d67,0d054c1f-bdaf-4ca5-bdc0-8e6010ef5c80,0.2247,none
6ad07d4c-f369-42bd-8c4a-36eac26b2db3,3a7c14fb-1708-4849-b223-e99c448abff1,0.1153,none
096876b1-dc29-445e-8e61-25aeae5a760d,22081399-abe2-4e83-8ac3-fa3ee757b7d5,0.1115,none
65c55f5f-3d94-4eac-8f81-baae9fdc1cfe,8da948c3-2e8b-4fad-9563-47205fa13d7e,0.1526,none
f7117150-65df-4e39-bb50-4972fa529cd0,281a948b-9e2e-431b-8e0b-abfa7c888d19,0.2436,none
227aa117-bca3-44ab-a67b-ac5b6fc4985d,34b8657f-f688-488e-b9bb-3be733e25bfb,0.1319,none
9fd2950f-9eb6-49cb-b159-fde137443ee8,ee165aa2-ef61-4225-823f-e88ed63aa55e,0.294,none
7b6006e5-1917-4e12-9456-520c830027d6,4a9a134e-b3bd-4e11-b01a-4febbe4403f7,0.1329,none
95231234-4e14-4374-b433-3149576e1a1a,c05fba06-b8e3-40a0-a5cf-60cf7414c99b,0.221,none
02f7a96b-dc1c-40f9-8ad1-fe44e5173e65,9e51068c-6a3a-4d5b-bd3f-8f7e0f7c2b3a,0.0536,none
dfd947fa-29f8-402c-8cc7-888019dcf16c,99ebae49-3d0d-453b-9c3e-4b6d048b5065,0.2016,none
14aaec1b-2bd3-4789-884a-08794479c46a,fa5564e6-156c-4910-a119-f23a9c4e7e8e,0.1822,none
77107fb0-b521-423a-ab7e-6296692f646c,85bcacad-d1c8-5e4a-8ffe-0e23ebb13790,0.195,none
1898ce62-698f-4c8f-94f6-9d4ad93fc341,7c3afcd8-a8fd-466c-9100-fc2551900198,0.1755,link
77a2a8ca-02c3-43a0-bbe6-012f8d035186,e4fe2875-fe38-42b0-bab9-53a878e06909,0.2768,link
b16adbfa-a5de-43d2-b036-61102eea238a,eae10e81-b9ec-4d4e-b29c-d491277ab985,0.1462,link
666fc527-471d-4c00-9a07-12288017d05c,7ade445f-056d-4e6f-a384-150e82c19025,0.1842,link
9088f741-8181-459f-8ec2-abe3d91dc06e,8a24e1a6-4c46-4e52-a245-5476fe8475eb,0.096,none
6e16c830-c5f9-4c71-888e-59cf54e09bd7,8a24e1a6-4c46-4e52-a245-5476fe8475eb,0.1045,none
cf2f78b0-3e67-4d8c-be06-c41c5792db32,8a24e1a6-4c46-4e52-a245-5476fe8475eb,0.106,none
37b127b9-2d7e-4b03-8d65-6e408d9cb2ca,569cf8e7-95a8-4304-9d79-60d0a7852168,0.1417,none
a30b42ea-7e67-4c2f-8793-441a3d7ad0d4,cab9e5ee-13b2-5136-9cfb-52ca51c68a1e,0.1296,none
b7dbc753-7c28-4443-bdc5-36baca6d745f,e6e418bd-1f8f-410c-a16f-3954a67db051,0.1831,none
4e0ffd7a-690f-476b-b712-3b9d4f0e0f0c,fc147482-943e-41a4-961a-730020760da0,0.1196,none
6c39cdb2-750b-4f93-ad78-04cc23778bff,75924fc9-b2ad-5273-b21d-e7b8c262153a,0.0972,none
c6196457-1b1b-4063-b564-2c5cf3f586da,5c2dfa41-64a8-467d-a83a-c59001f82d2b,0.2296,none
45786746-d8ba-40da-88df-102baf31fbaf,6d2b8dfd-043a-4641-bdfa-b0d184078e8f,0.1536,none
2c195a25-1483-4fda-8b57-5075b0ed3a0b,472a5acb-e8f5-42d7-8dc8-f36d6070c893,0.0885,none
e2197315-7699-4027-bb9b-24111b9446f1,8a53c6f7-49c8-4540-9b46-091ea32f3e45,0.116,link_regional
032a2cf4-515f-410b-a0c0-ccf6bbcd1ee1,c594cfab-d649-4a57-befe-e38bff55a471,0.0778,link_regional
34d4aed8-83e5-449f-84ed-f6807cfffad3,acabc92b-56ac-4cf9-a219-2d8b22768b43,0.1726,link
1e28d019-86f8-4c48-a1e6-56e0fb954de9,12f5091c-0c5f-4c86-986e-fc721ea9f204,0.0662,link
bb0d474b-3c15-4d29-a1ac-089a2ee25acb,12f5091c-0c5f-4c86-986e-fc721ea9f204,0.156,none
29bdb499-eb45-42ec-819a-722f4daed604,9ba0537d-0afc-42dd-ae2e-797ab79abf5e,0.0658,none
93406d77-38b2-4dce-80cd-483eb02ed20e,3e42f15f-b5b5-4a77-b3a0-fe71d76a5e3f,0.1107,none
0c0412ee-c116-4be8-9dfc-a214219b70e3,3f78162e-d286-4e02-9fdc-ec04f8809a0b,0.1535,none
9c20e8ad-52ee-4f5c-be76-6b2d44bd22b5,b8376923-102b-4854-a265-b7ed1aa9379c,0.2084,link
e50b99e2-55d9-4d55-9efa-ab7c1fc8714d,4e5438eb-3a94-41e7-82a7-4d56922ead1a,0.0986,none
43a7cad0-74ec-40dc-bb1c-cf24c363aec9,302c20b8-c560-4b17-aeb9-31f343da96bd,0.1287,link
0082f449-12da-416f-82ec-65cca48803e1,3f62c087-7ea7-4513-99c6-a3df98c59a66,0.2256,none
01474987-7274-4805-880f-457f3a6eaa13,eae10e81-b9ec-4d4e-b29c-d491277ab985,0.1577,link
8043ab29-d4e1-459b-b51b-6bb054cf70be,eae10e81-b9ec-4d4e-b29c-d491277ab985,0.1188,link
65a684b8-38cf-4e26-8f21-3374e6047892,26953ecf-5c63-4260-9c41-70ea372bbabc,0.1597,none
fccf86a2-4f14-4ab9-a074-9b295f586a8a,4e5438eb-3a94-41e7-82a7-4d56922ead1a,0.1051,none
24a0d95a-e67f-47c4-bd17-59142afdbf92,cd330afa-386f-4d07-bbc7-45b181f41736,0.1068,none
0b666199-eb16-452e-a114-6a462da8b627,766f2377-acd7-4b63-9e36-2ae2f72ee29a,0.1758,none
6b30f281-cf03-4b50-a615-f0c7d37df62b,3d083986-4886-4975-a855-2d63c5267575,0.1178,none
49853cf6-1a43-4dd4-ac90-11a710c094b8,182c7839-f272-4509-add4-d7c19204fcda,0.1767,none
77a38d97-5af9-4f23-81a5-ac891f814049,4bd15736-d43d-417e-b481-620134115922,0.1196,link
fc597bd5-404e-47fc-bbab-30dc625565aa,26140be7-c4bc-408c-bafe-df5f7da2cee4,0.1265,link
0bcccdf6-35b6-4620-845d-fa667b072096,aa457326-3bdc-4279-8aea-317683fe7c79,0.1582,link
4bf315a1-d8e2-4099-8ce5-f78b41697e24,eae10e81-b9ec-4d4e-b29c-d491277ab985,0.2224,link
706f92d4-e1bb-4649-84a3-42979b6bb600,10ae9cab-0fc9-5585-8b12-01a90fb6f4e6,0.1771,none
e9039c4c-896f-459d-ab0c-3d027b4e989e,73039697-ab4a-4325-840c-ec44f836862b,0.1818,none
f5356824-9c9f-465c-9146-df295dd29f02,8573515b-940b-4901-babe-d073e485f91e,0.2129,link
80f5c6b0-d150-4561-b2b6-119a277b05e1,12b34dd9-c91b-4470-8a23-c0610d08ac8a,0.0936,none
7be46e41-3709-43f1-8a6b-81992b6429ce,a19972ce-8ba7-5042-9369-1c86bb517dc6,0.1177,none
c13e983a-c53c-42c7-96e3-a3be3bfbdc3e,281a948b-9e2e-431b-8e0b-abfa7c888d19,0.2353,link
49991180-56dc-4056-9bb2-f8953de62f1d,fe22b089-e467-4a38-8f0c-55b73bdebdb0,0.0797,none
f06e3adb-e3da-4fca-8d8a-cc2d57770d09,d08b1c0b-8cad-4215-8f8d-1e6a54dbebc4,0.1656,none
a33fa6b3-aac4-40ee-b6ad-f9f327b976be,187dda00-c6fe-4ed6-bbf9-ec201d0558a3,0.0901,none
dcf80f8d-ae45-4220-923a-f4cddc726d43,0db83d21-38c7-43ed-a3da-6296f1b771d4,0.1197,none
0cd0f177-15a9-4e49-b179-77a282853813,6babf56d-9986-4fed-84aa-ccef6ec52c3f,0.222,none
184c591f-ed4d-4408-a3d6-d1235ab29728,866c283d-b2db-4ddd-a94c-5bbf56b23111,0.1561,none
4068d845-d112-4d06-8c66-600632e7b03d,227846c6-4ba9-46aa-9f2e-31039d54680d,0.1215,none
e2f10443-0104-43b6-bd75-5f0537be2b76,4e0bb21e-1069-43cd-a285-5425c92ce829,0.0886,link
3caf96ad-0981-4d7e-b781-53bd39c9f927,325d9b5f-5c7b-4762-afad-c8397117d5ef,0.235,link
d3264a52-407c-4717-adbb-1fc577221dfb,eae10e81-b9ec-4d4e-b29c-d491277ab985,0.1858,none
908f3d5e-58da-4cb9-bf7c-a4352687a9eb,c1186e81-34da-487c-83c2-e23992994da5,0.1595,none
cfa2d747-a25f-4299-93b9-38e74fa76236,dc883171-ae45-515f-b66c-2efc24048237,0.0593,none
07d0f49d-efae-414d-a171-31bafc4ba860,af4b12da-86d9-4029-bd67-d98a6a23af10,0.0672,none
42ea1051-bc51-4afa-a26b-d111ee7c3469,af4b12da-86d9-4029-bd67-d98a6a23af10,0.0645,none
a5ccb7c6-6a18-4d3d-aaa4-c2542a94db4a,0b22a6ac-fc0d-4049-a8c6-56db41a130a0,0.1748,none
485a2561-2907-4337-bd8c-9a6f1a21a02b,6b6242cf-71fb-4ea9-a39b-45232f9445a3,0.0954,none
9816f829-7fd4-4b58-ba28-61edf6f42e9c,db42dcec-1f26-5f05-89fc-32209f556336,0.1135,none
3bf1f7c7-6f5c-43f6-9234-97ff167917e9,cad122bc-69eb-4df3-87af-97112d2ac1ec,0.149,link
7a36c218-6ae0-4a40-83f8-0be7380e96b6,b988eaa0-2c1c-4ba9-bc8f-9bc84dd34d95,0.0665,none
abe58813-182e-4a3d-8add-332033ed39ef,c0494f51-cff3-4380-a309-5c39efd81414,0.1507,none
6bf75c42-b70a-4176-af1d-a7ff1c3df39a,ce35ad3a-1b9b-44bf-8d95-7020301b93b6,0.0573,none
5e1d989b-4e39-45c4-80d8-5c60f9460685,afb3e099-b762-4750-aecc-dd5e2f3f5fda,0.1191,none
735ee7c3-53dd-4df1-b40c-53a73b2268b1,8ad4253a-fb16-4eb4-b4c7-3114c9fdf499,0.097,none
f059b0ee-76f1-433d-b5c2-965137624b8a,881ed8b3-7c04-441f-a9af-a6b1d20f6d64,0.151,none
b7d9fbe8-11ff-4d0b-9dba-2d0975d0fcda,f103db3c-43d1-5839-a76e-d0c41ae5a97f,0.1387,none
ae4d2dff-dcb7-4cff-9d84-287e0234f75e,eb27e2fa-c226-4c2d-9ea0-80ca526261f2,0.1586,none
888d0c79-a3f3-407b-9fc9-491e71303706,1b608fa7-1cef-470a-93cf-4f9184e64cb0,0.1483,none
cac84b90-609e-44ce-a4bb-f562c61e0a32,cc88291e-dafd-4dd7-a9ee-f5cc475d83e5,0.1457,link
a1940338-deb6-4494-8fff-4ef2b975bf69,1829cc31-6a02-4013-a478-ac2c0061b4d9,0.1539,none
fc05f743-1d42-4ea8-a883-c1e637ea5711,70b1fe89-f2db-4f52-a7e1-2be22d1af1bb,0.0805,none
1603851f-a8c4-45f1-9763-94e0a5cd17e2,c4109a68-0d16-4a23-a41b-9c207a39cc8b,0.1434,link
7b2fcef4-b5ab-4454-9866-6ce6a5aa1935,bc8aa2b7-bbd3-4a9b-baae-9f8a63edc888,0.1124,none
2d76a278-9983-4abe-9dfb-95bc2b7ffc9f,f726dc32-a8ab-4b23-96a6-faab8b070465,0.1602,link
a47a8eff-4c45-4109-9a56-9ddd190c1303,f0ba6d07-a0dc-4c9b-8740-64b7efd5b729,0.1142,none
3c555077-8c7f-4463-8525-cf8874137794,33960da0-1d62-4707-81f0-8a72b598d580,0.0575,none
26660442-93e2-4ebe-8721-3fcbef899e77,85cdae9c-ee94-4970-a7c6-9356faa27e20,0.2119,link
d939ddef-ee17-45c9-b561-14768f8071cc,1c52f470-92c1-4461-a7f8-efafabb13dca,0.1898,none
75a941d2-64e8-4052-8b27-a9b57029c5e4,5c67207d-4827-4943-bb21-0d822ca7eed9,0.0958,none
a73380c4-5e79-4bad-bd8c-c00f4fb558f4,f58dd88f-bc9a-4a87-95a1-4b79c66c72ce,0.1664,none
45d7ebb7-f9f7-476a-bfc8-5874ac0fe7dc,812c0d34-81fa-4085-9700-aadd160fe8fd,0.1554,none
357df649-735d-47e6-a011-172f2c2173b7,3694f8d6-97e3-4255-ab4a-35e0b9a6e81a,0.1418,none
e83a1f84-6b30-4318-996b-cf5721f71f6d,26140be7-c4bc-408c-bafe-df5f7da2cee4,0.1983,link
12762aef-6c1c-43c6-8698-68868a5b09fb,a4979e83-14ca-41fc-a9fd-b03e4a950da8,0.1077,none
60a50328-117a-4282-a011-56e7d9f292e2,f58dd88f-bc9a-4a87-95a1-4b79c66c72ce,0.1629,none
fba6992f-67a2-4a8b-a38d-4a74294bba01,56a2f248-f0cd-471e-9fac-278c54df917b,0.3212,link
f802d7da-dbf8-4a86-b38c-2bc2f8930923,13f41ffd-ad2a-4d12-9353-eb797b70da91,0.1868,none
7641bca3-b0da-4c2d-bff9-6ddad53aef22,d22c541a-9ed1-4cb1-a13c-3f04a184b9b4,0.1312,none
569703ad-36d7-4039-981f-04e490b109b7,56a2f248-f0cd-471e-9fac-278c54df917b,0.187,link
c442c01a-e65f-4ba7-8494-4879f8ec9999,efc3ad9e-2e8b-45d9-b16c-34f0c2613498,0.2168,none
1a0c815f-d398-43f9-9b64-e45b0b039c14,93a593be-5519-4a48-a67d-a798ffe25ade,0.1663,none
1c4b1ddb-22ee-4124-aa54-21f1093786e1,ea10389a-878c-4519-90e0-7e72fa2a22f7,0.108,none
018cddaa-65c8-4e18-9621-bb2a5e3413e7,15426ee1-97ca-42d6-be8f-602f8f344d89,0.1749,none
0cb29b99-81bb-4c6d-8c58-760986f9b608,1721e6a9-0eda-424b-830a-d7bca296e8d0,0.1664,none
dd31bdbb-1a85-47af-a547-aec8ba25f261,ccd35a30-360b-4901-94d1-82fbf8e5328f,0.1034,none
8fddd632-caf5-4466-9667-d4b1412bb929,6193d827-7517-4115-a16f-90c25144a315,0.1198,none
d9114eec-799e-422b-95b5-2182e88138dc,16990578-c68a-4220-a513-4e07fc6b0d8d,0.1286,link
1419dfbf-8bcc-4c12-bd95-9c4989c75524,d3a9d024-1a44-41bb-9da5-02e9feb1600d,0.1115,none
0480d1fa-4997-460c-bcfc-a6d381d45612,439918ca-305e-4675-af85-acc504ce1673,0.1362,link
0eb57052-0195-4d05-982a-fdf17d628cd5,2474815e-4b0c-598c-88a4-cbf10ba11108,0.1452,none
7b0d35fa-bf65-4fc2-af31-539c2e168f7d,6c53c63e-6229-4d5a-897e-2de7167f6a97,0.2641,link
ed7ba3d9-1403-48f3-be6f-552c985cc706,4a70c097-e1df-46a8-8eff-54e9e095fff2,0.2454,none
76796513-bcd3-4010-9504-8f83de07276e,2b51b609-0af5-4113-96ac-b39d8626c989,0.1365,none
679cb221-927a-4360-a9cd-dec9114c6323,eb94d885-12d4-4e65-97f5-f19618ed9cf3,0.1032,none
7cf51e31-f708-4fab-af4c-9dbf2ab7704e,483abb23-abe0-4ddc-87ab-25cb227e21b9,0.0963,link
08dc2ecb-1c75-4b9d-b2cf-3d04b838e556,8dd986af-8263-47b9-9479-cf04de98b3fc,0.1876,none
94248f65-0a6e-4870-9b05-83d92a22559d,804ca76d-7b93-4d03-bde8-8d494713cf89,0.1746,link
1227613f-eaff-465b-a44e-4281e468c332,ea90a750-0da3-480e-8670-a700f7e0b8a4,0.2397,link
458773cd-641b-4f1b-89f2-1ce6923ec3a8,4586154d-da79-4594-89f2-0c0d4f86cf42,0.1587,link
43a7f35f-7ef9-4374-9f56-7e2cb6d5b9a4,dd01e720-28e8-4daf-ba1a-fc4b3d8e0b05,0.1405,none
d9fdccfe-7847-4019-a2f0-ab4f2d8a65eb,6a82b8fd-0c1a-43eb-b45a-88234d459afa,0.1565,link
89ff0951-405b-4259-bffb-d22e898ad4e2,bc6791eb-52c5-40c8-b7cf-ee5eb5ddaf0c,0.1364,none
356c1443-635f-473a-9c25-b3313c803bc7,47f3a24c-602a-4f8b-afac-d670caed066f,0.144,link
77c1e82c-ae08-46e2-baf5-a26855717c4e,57a7c2b2-b2cf-474c-ba13-51b9d82a9458,0.1495,none
3448d944-f992-45a0-b328-a5327268edc2,358b7fa1-673b-4262-ac15-30e3219725db,0.0987,none
3ed4f5a1-9edd-474f-8090-4c2d1f9f2b26,0d315c55-2953-4bae-9638-93d987d0e4b4,0.1942,link
6f218831-2f91-457b-a843-dc5af339f30a,3eb0f361-9ff1-5511-b641-3746051b93f7,0.0455,none
62d1ba13-85ff-44e5-9d23-c55fc4ee28c0,a48c5f28-ebea-4088-b6fa-93c69096caa9,0.0638,none
760e28ad-e7fb-44e1-94b3-c87c18c7d01d,17f2c16a-fc6b-42c3-927e-80bd3b941494,0.0898,none
0d60835d-2587-4458-a740-84af51b5c977,589278ee-6716-4b89-b42f-0019f756e66f,0.1292,link
b77b53de-4f92-47a1-9dd0-e3a399c9caf7,53315b8d-5e9c-40e0-b563-85e7b5ae1387,0.2885,link
bbcbc094-0b80-4f0e-929f-8bec89190701,420f7095-401d-4699-afb7-c9dc112472c9,0.0966,none
18fe3c31-c39b-40f4-9b49-87be6e587555,dae11abc-7b74-44e9-91d4-74afd0588bf1,0.0588,none
c667bbd2-b41b-4f7b-8023-70b7d069aea6,62ce6229-c143-4956-bc15-59a185e51db5,0.1138,link
2ee26db5-b3d8-4e33-87d7-eb144826d533,1e7962fc-06b5-4841-8b48-a3a1cebd325e,0.1508,link
37550867-3025-4f01-9f13-663f5d0c1631,661ca863-4f3e-47c2-85ae-78efcedcaee5,0.104,none
8fbc0d8b-85c3-49ae-851e-965afd9c29e6,d89116fd-0be5-4e71-9c53-f36f6cf845a2,0.2276,none
c050a69e-67a3-478d-889d-37690b8799f3,ee4806a1-8259-43f5-9873-af591b99458a,0.1047,none
7d35e711-30f1-4558-b020-6c76550c96c9,b9d27304-5ca2-57b9-968d-e5c946985513,0.0689,none
630c1911-c3b7-4686-8580-68957daa8a2d,7e58ad7a-4708-4525-a3bb-9b97eb063639,0.1307,none
1b24d5e9-7ce5-420b-b8ac-36d1cf355725,7618a233-8e91-4a7d-8548-ace29b740133,0.1893,none
95ae0aa2-c070-4d9f-9435-fc4e954fffeb,eb27e2fa-c226-4c2d-9ea0-80ca526261f2,0.1676,none
dcdd8416-05d5-4bad-9d45-67b7cfcde96a,88154256-5ee1-4dd6-a6c7-80aa2351d2c6,0.0732,none
247d6b57-b203-493f-bd27-473b3aeea91b,5a97919d-1c5e-4784-be88-c5c1a66ac01d,0.1823,none
0ffbe0ca-15cb-42ed-821c-2bd384c21c74,d572e5f8-8636-4e7e-95d4-0c9081e84214,0.1214,none
3921fcf5-606d-477f-8dcd-2865dc052166,ca1c3b0c-96f9-49f3-b789-bfd9b5e80f0c,0.2104,none
e47bd72d-1d7f-4752-aef3-f20c6db02ccc,2b9c3f0b-31cf-4c6c-adc4-432669879c7e,0.179,none
fe03bad9-d565-4157-a62a-4858f5519888,7016dd42-eec1-4cc5-8e49-874e634ee451,0.4019,link
8c590a54-acec-454f-978a-fb8759143362,8789916f-1baf-4fb9-952b-2a829ba66dab,0.3497,link
a85f542e-fbad-4b18-8993-5ef04a483571,a85f542e-fbad-4b18-8993-5ef04a483571,0.3206,merge
2ae9db1f-43e0-4332-b9ee-a92faec92e85,8789916f-1baf-4fb9-952b-2a829ba66dab,0.2458,link
40fbf2e4-97f3-4ea6-b96b-30d6ba1929db,a28022fa-6869-4786-b487-36423ec346f9,0.1539,none
a85f542e-fbad-4b18-8993-5ef04a483571,a85f542e-fbad-4b18-8993-5ef04a483571,0.1591,merge
98677fb8-4f48-4d3d-a4e7-500c88c4dd32,8789916f-1baf-4fb9-952b-2a829ba66dab,0.1835,link
7ad7e25c-706a-492d-9b36-916783a170bb,4e3cbb18-9f1e-41f8-a308-3f567bab31e3,0.393,none
ab465590-1f59-42a5-8d6f-24dcf6dcef2c,edd451b9-7901-40a3-bd8c-14a7f80dc664,0.1019,link
a0713546-7f9f-4ab8-ad63-d637484536f1,0e96104d-8b51-458e-9b65-965da7f987f2,0.0619,link
c4b5de04-f25a-41ee-91bb-259ea3d8b8e8,c4b5de04-f25a-41ee-91bb-259ea3d8b8e8,0.0827,merge
4d3889d7-e504-43aa-b6ab-98356642af95,2c0cf18c-4bf8-46dd-8916-cd84e3119b89,0.245,none
2961ca61-6060-4b5d-9af8-510c9f2030e5,ca38019d-380f-4c9a-ba4f-1758f64c053f,0.1805,link
94834f54-07e8-4108-8d62-a54f4a564b7a,899cb51c-ac03-4418-b68d-bb9dd3eafd76,0.147,link
caebf377-534f-4494-82ca-c3d5d667bfcc,7de447d7-f80e-4b73-b3f4-b7e9e4b54af9,0.2656,link
174747d5-e280-4ae5-a6aa-231f09766144,7de447d7-f80e-4b73-b3f4-b7e9e4b54af9,0.3343,link
104734da-e9e0-417b-8ff4-4429d5f5f313,ac75ed9f-ce0f-5671-b71d-d202ee6dc3c1,0.1348,none
f7072335-cc84-4bf1-abd7-9b2b8546140e,cacc5e3b-042a-4742-8e0c-5d6b3fab9c18,0.1125,none
6da46702-6b3c-4401-a6f9-588652c007c9,7e3f7a9a-dc6b-5170-b00a-682e9c5b147e,0.2004,none
5fd5fb30-ca51-4693-b022-30d880a34e8a,5baed3a3-9839-4ad9-a85f-212d41120e08,0.1821,link_regional
5ee3e7b2-aa5c-475d-81ba-187e0388afca,5033b01b-d7f1-4373-90b2-63a883369eaf,0.1832,link_regional
b8cfd82f-a820-432e-a014-dad26696c2e5,90e8b33c-ad35-42a6-8389-9e9f0b857772,0.1624,none
014f5b87-df41-46c0-b84f-f9686b223026,12f5091c-0c5f-4c86-986e-fc721ea9f204,0.2088,link_regional
26d70342-edf1-4b9f-85fc-2a0b9af120d2,1a410d78-1f22-4979-82a9-148a30175e3d,0.081,none
57bcb6f7-044e-4be8-b457-706cb4b88f8d,3d6bdcb3-c1c5-4338-8fff-80322d255336,0.1311,none
aecc4b75-c0d1-41ef-91ce-22c2746c7c04,aecc4b75-c0d1-41ef-91ce-22c2746c7c04,0.163,merge
4d07b9bc-72f6-49f7-9ba1-f16c1a6dd8bb,878b107d-fdc8-42f2-a048-382edca2c92c,0.1692,none
7d8c16a6-a867-401f-897d-85d43d15c7f8,cc4722a6-2a1e-4ac7-8291-e509ec450ce5,0.2039,link
c1fb4dc5-0161-4b21-99aa-7f65e0d172d2,380cda21-50a0-4526-94e2-2338d25453ba,0.2278,none
37233550-537f-4146-823f-e0299c6e0dee,1a0a674b-8a20-4ce3-bbde-32702405093f,0.0909,link
ee5603bb-7180-4c44-8d4e-9414a91231bc,d1e2711e-b464-45f8-a3f7-59e1b9415f06,0.2192,link
55027be0-c40f-46f4-b58e-9bbdbf23cb84,1b39b200-c472-486e-bffb-bba6cab3bee3,0.277,link
279e86c1-72d4-4ae7-a120-81faf8b74bdb,47b019d0-0c33-4c13-8510-066ccf6eda73,0.2317,link
649e0f24-300b-4731-93ad-54272e08dacc,b8e1d7a8-d1d9-4b20-b26f-d3fe005c160e,0.2172,link
627df4b3-c317-4c7b-b942-969c0b5deaa6,3694f8d6-97e3-4255-ab4a-35e0b9a6e81a,0.1215,none
3ddd010d-a027-4e75-b44d-9aee447a6c3f,308fec4f-ad0e-4628-b20d-7fb713f62647,0.0865,none
f85022e7-6716-4800-bb04-6bae266fd19b,7f5b0764-3d45-4660-b60e-297e0ef17489,0.0777,none
0e3ccb1b-0edb-4c91-b9a7-eb081821396f,13f41ffd-ad2a-4d12-9353-eb797b70da91,0.1602,none
c8386876-e150-46ed-84c4-4c63f5c7487f,a5817f16-ac5d-4b15-8453-5531ba0db135,0.1093,link_regional
3b7ef996-2333-44c2-8041-02e953960e57,48a1e7dd-4650-4727-a8dd-d9a2794f4f05,0.1617,none
9e2a8f35-bc9a-4692-905f-d43705bc8b71,c2c683ad-34ba-5ae5-b56d-782a5e0efeb2,0.191,none
91f194d4-7511-498a-8577-8eb626c1524e,a4d290fa-3b1d-4d6a-9742-f4cb51e2418f,0.2063,none
1b6fe78b-88c9-4da9-a178-1dc505dc53e4,d4401a2b-31b7-4919-bcf6-b7402345a6bc,0.1261,none
a06bcad3-132b-4ad7-ac20-87d4552953b9,d07c3764-ff06-479b-825d-63af1d0e8906,0.1227,link
1a507d0f-c43b-40b3-9cc5-2f5866a76427,4be8cb64-e938-4683-b7ff-522ee640e02d,0.1377,link
8d964d1c-757a-4fe0-bd61-0317fea8cce8,cab9e5ee-13b2-5136-9cfb-52ca51c68a1e,0.1441,none
2774e8d6-5c57-44ed-900b-47b09535dcb8,2018b9c0-f67d-44ba-a602-b8ad701c25b8,0.1411,none
d4b982fc-355d-4704-af1d-10f5d16da464,9f65aa33-c239-439d-80c2-ffa39f0bfeb6,0.1163,none
784cbf9f-f3f6-4e11-97a0-23ad86ddd64b,29a4db19-3719-4ff4-b820-7b444f1ba42d,0.1641,link
344133cd-0a85-40c6-a3d2-a5943d07037b,53315b8d-5e9c-40e0-b563-85e7b5ae1387,0.1217,link
3fb33057-5108-44c5-a488-17b1f286af9d,53315b8d-5e9c-40e0-b563-85e7b5ae1387,0.1201,link
6e078b54-468b-441a-aa26-37c13b23340d,6313ae92-13d9-411f-b512-bbfc70fd2475,0.1199,link
b6f5fb1a-8229-48ef-a52b-0b2c84d7e3b8,4043065c-88b8-4494-a1f4-796adeaf8bd2,0.1293,link
e1cd3bfd-743d-4962-9916-ee05be0646b0,7ade445f-056d-4e6f-a384-150e82c19025,0.0914,link
04bbf393-57fb-4aa9-a64d-6813cf2c09e7,8a53c6f7-49c8-4540-9b46-091ea32f3e45,0.1025,none
025ad469-dbcf-4e09-8ced-cadae51eeb47,ab05816c-6e40-4105-8448-6278e19ad8a0,0.1965,none
9a8bd90a-91a7-46ef-8406-9d9b9be102dd,49e237e5-dfbc-49e2-88c5-bc426f506817,0.15,none
cba4c172-0834-4116-8fd2-bd79e67c35dd,a2ed5944-4926-4392-aae1-733e65600b1e,0.133,none
73e1788f-ae76-46dd-9410-e1d79afc6e3f,53315b8d-5e9c-40e0-b563-85e7b5ae1387,0.1043,none
facb713a-b211-4420-8859-27cea355698a,e8ada03b-f580-4056-a804-07acec7594a4,0.1673,none
e52e2bff-1a5b-4694-99a3-381956d97dbc,c16546a5-5c0b-46ba-b97d-252fa3cad9a5,0.1762,none
a5fdf68d-84e2-4979-a080-4385ac66c214,7f738203-75b6-46db-b61b-0e0ecb441405,0.1178,none
ba861e40-08fb-4e07-ae59-b1a4ab005f22,013282d0-9be0-4c56-bd05-110d5079cd41,0.308,link
90016717-9042-4f81-b088-dd94b6c5d0d9,0d054c1f-bdaf-4ca5-bdc0-8e6010ef5c80,0.2001,none
df847be3-2432-4d73-ab85-7e24e719a663,9dd0efd5-f4de-59fc-a2a4-da55fc511ccf,0.0606,none
4f870efa-8802-412e-9e90-dc2e7854a8c5,22106ee0-8d03-47ea-a9c3-458b0192e26b,0.0988,none
10701fab-272a-49c9-9256-fd9a57c246b9,67a619e3-dcff-4608-bad8-bfcf40d6790a,0.1574,none
ed08f3a5-b84a-4137-b97b-a94ee3efdb3f,881e9d95-8015-49b4-ace0-9186a03c216d,0.0858,none
74d930e0-9f2b-4306-a06e-6794cbfed59c,29a4db19-3719-4ff4-b820-7b444f1ba42d,0.1653,link
4747b804-0edd-4ef2-9b3f-6f1b57b1fdb0,53315b8d-5e9c-40e0-b563-85e7b5ae1387,0.1213,link
869a9489-89b7-4511-9292-c8c53d45fc30,58f479dd-1777-49eb-af73-b532e90e50f1,0.1085,link
56bdeeea-957a-4bbb-a719-701ffbc41ba2,7e58ad7a-4708-4525-a3bb-9b97eb063639,0.1332,none
e6772c01-3c03-4b98-a72e-3f880970430b,86fdf47d-4c32-4162-a4fb-ac14d7dfd62c,0.1372,link
347ca04f-bfef-42bb-99fd-7cef53095bff,e6e418bd-1f8f-410c-a16f-3954a67db051,0.3555,link
db7df99d-2b08-4ea9-849d-b03b879a334d,ed02e0e0-c9d9-4cd4-8b7f-ad6e6a2d0d31,0.1586,none
c9b954a9-d670-42a9-b959-62af2dbb4318,467bd3f8-7004-5618-91ed-46e1bfb4f200,0.1368,none
c137303b-1715-484f-bb45-28063676cb2c,48c6467f-9751-4808-99cc-09f8e9af6827,0.1456,none
77690af0-47cb-4be3-99f2-7bf36e92f7ff,83b42664-d46b-4d40-b5c1-77344731e382,0.1389,link
4c1abcfe-1e3e-43f7-bbab-1335a994d9d8,d35d972f-2140-4f0e-a95e-8527ac7a2761,0.1222,none
af5d25f8-7e95-4e34-a126-37eec5dd6a24,e06abd19-8d48-4ccd-a90c-15cdea7ce1cd,0.1501,none
d04b4a61-605a-45da-81ea-541a82bec447,971f4140-5336-48c8-bea3-509c90530bcb,0.071,none
6819adb5-4fff-4de7-af0d-176f05879af4,c0494f51-cff3-4380-a309-5c39efd81414,0.118,none
ffff012a-fb2a-4dad-8dff-ad49524f48b1,b1ee3d5a-28c8-4d3e-ae44-fbb5dcd83981,0.1327,none
c25f226b-0c5d-4801-9f82-2f05058fed8a,623ae54f-063c-4450-8119-03a5b8dca4f2,0.0941,none
4874193c-5671-495b-996e-b04624252b4d,b6ec99ad-c3d6-44c5-8400-d55c80a26cb2,0.0988,none
4dfa55f6-e07a-48b9-be56-d761c2827bf8,ceaf6e81-97f5-4fb7-a8d8-369067c3484f,0.114,link
5ee6cc1c-4b12-4d75-ac8e-517f48ccde18,29a4db19-3719-4ff4-b820-7b444f1ba42d,0.124,none
7848a778-ec27-4f69-a480-1627a7bb2cce,a6b9e104-0ad2-5be8-95fb-bfe98852eb01,0.103,none
71037ff0-e32b-4c33-ab7e-dee91993f826,46733976-6a9e-4355-87b5-562e09acfb3a,0.1233,link_regional
0d3c8b4a-0bbb-475a-afe3-bbbe864057b4,16990578-c68a-4220-a513-4e07fc6b0d8d,0.0816,link
6d705219-bfd4-44f1-9766-dca88caf36d0,2813c7c9-482b-4826-97c7-83c51c2956c9,0.099,link_regional
e52d4da1-aca9-453a-a307-10db25a7c95a,b478537c-0665-4b3a-8775-acb7ebc11b63,0.1591,none
86179041-4b1e-4e87-aee7-ba28ee342d85,6b7fe640-4641-4e97-8048-f1f88910cfe8,0.1128,none
4c7f45ab-3a9d-4a24-9671-842a829b5b8e,9d4e71b3-160a-5522-9c08-8291edc97d55,0.1351,none
8f0346f7-f27b-45ed-94b6-52287f2f84af,46733976-6a9e-4355-87b5-562e09acfb3a,0.1568,link_regional
1103c97b-5f5e-4ce2-b573-86457f108c20,c2c683ad-34ba-5ae5-b56d-782a5e0efeb2,0.1932,none
c21d2a42-f297-43de-ba76-1b79a2bd8ea9,16990578-c68a-4220-a513-4e07fc6b0d8d,0.0775,none
109cecb5-5f05-4066-87bb-6d3258f0ca19,c0494f51-cff3-4380-a309-5c39efd81414,0.1398,none
4e158b3a-ff91-4f8e-94e8-16c9d8465a3c,e303d448-f13d-4d92-9af6-b6d627198e72,0.0871,none
2a4b7a16-430d-4d2f-a424-fcf217502133,e79dc9d4-5d78-4dbf-8bdc-e6881056a78c,0.2071,none
9dbc8d03-e7eb-48fe-a3f5-eb3ace7b388e,594618c0-191c-4b7f-8dfe-086be318a4fd,0.203,none
8c803b9e-96ff-44c1-992a-d2ee83b94ea3,c16546a5-5c0b-46ba-b97d-252fa3cad9a5,0.121,none
ed4e4791-58f0-4db9-ae0b-54ca92ba3fd5,881e9d95-8015-49b4-ace0-9186a03c216d,0.0977,none
59fdf643-0012-4ab2-a99d-fcd42300d99c,4a720c63-f0ff-4da0-b121-cfa25061067f,0.1478,link
d0eec590-c303-4427-b827-46c11cc131c0,03ba1d8b-c89a-44c9-8add-6c2bcc97ceda,0.1406,none
9d66444c-b63d-4f35-bf2e-ef9512275adf,3d8f0f16-c4d1-459d-83c2-b2391ce92cc2,0.2046,link
78512d37-769f-4540-99ca-c8fc45fd185c,5b9902a3-7a6c-48ad-9e29-4ae8424919e4,0.13,none
3bec9033-74dc-41eb-b7d3-b8d8ae29986c,0727b2de-e1b8-4b77-9275-4cdb7ad9343d,0.1034,link
192532ba-c07f-44fd-ae51-9521109dc9c9,0c3f0437-f024-465d-a158-e75c1d4e1395,0.1495,link
ae130b56-9705-4370-b395-ca1adfa800b2,0d315c55-2953-4bae-9638-93d987d0e4b4,0.1468,link
f285c8bb-5413-4908-89fc-d5152f69db9d,b8376923-102b-4854-a265-b7ed1aa9379c,0.145,none
225c8b9f-2eca-4d9a-a04c-d28f47e3362b,45afeedf-2a96-459e-ad9e-e0e053862da8,0.0547,none
46dc7e19-96a2-477e-8fd9-873471f64658,106bac6a-08e7-4d87-bae1-12a0605b355c,0.1281,link
0fa2b04b-46c9-4fab-a6f6-fddfceb320d5,139bd3ec-90ab-4a8b-bc48-a1720eb36034,0.1139,none
25bde25b-3b39-42f1-b37e-4f9e91c962e3,fa9525ca-34b9-41d4-9485-adcab65fdd24,0.0799,none
fbae6c5d-8fe7-4822-b4d3-c6bfe3a23920,e2c52a4a-7955-4187-bd0a-ae9ce51c3a2e,0.0612,none
5e1f79b1-304f-4c98-b5c7-43ae6c6bfdf2,730a75f6-f11b-458e-af82-a4894f7eff2c,0.2032,link
fcd3bc4d-ceba-46f7-a740-39fdfc3f512e,ac776ea0-3fb8-471a-bfaa-379a3b67c132,0.1554,none
2ffc2755-29f1-4d33-b5fa-ef253346bc27,2bd953ff-4a08-4f45-bdad-93c288c262cd,0.2502,link
e5dc31e1-00fd-4a0c-8c88-1f764f7f120c,bc6791eb-52c5-40c8-b7cf-ee5eb5ddaf0c,0.1497,none
712d37c8-f4ea-42cb-944a-b6cf94afe857,76928059-e40a-4c6a-805a-1a533f8cc725,0.1575,none
1a7d2582-199f-421e-88a4-47c89e26c1cc,d0a2a647-787d-4826-94c4-f315a0000e2d,0.2253,link
c19fd9a7-78f9-43d3-8f50-2a91ea0e44b8,970d546c-18df-45c3-ae86-424d4f68747a,0.1584,none
a6978b9a-3cbd-437b-a843-1c3cc3915f66,b63da6a9-db03-442e-b278-531a0b1bb0e2,0.0948,none
04c959c1-85bf-4dbe-b51e-5ebbb4357ce4,4948bac9-9f44-4485-bbb9-b39bb431a529,0.1923,none
d75c8f2a-7152-4414-a173-79b81e58f9d7,488b5ed3-a70a-415c-9a9b-f444de87bd83,0.1605,link
3211dcd2-1492-4fbb-a1c3-baf5efff9d1a,30bc99a2-1617-4d88-ad22-718120734d59,0.1326,none
cbb5ee6a-0546-4479-9d9f-38ba58a617e0,62ce6229-c143-4956-bc15-59a185e51db5,0.2114,link
ad1c8500-d8eb-4f4c-a910-1553844ddc2c,93cc1d71-933e-425a-8e98-5dd258826eba,0.3162,link
6bc3e951-bf16-439a-94b7-855785dca613,b2beb571-939d-4066-b408-d683e9257f8a,0.0794,none
b4284585-c752-4ae0-9f2d-8298d760130e,bcc19e4c-f47b-4d90-832b-b1b8e59a43d2,0.1731,none
b1acfbed-c9e3-4221-986b-414983bb4e6f,ff1d335f-3f4b-4ed5-bebc-b60a4cf2639c,0.3059,link
5ece08b6-18b0-466f-9700-586ad2bacbea,ff1d335f-3f4b-4ed5-bebc-b60a4cf2639c,0.2945,link
a24525f6-a4e7-42d9-b108-3008a5e7a539,92bcfc9f-d691-4dac-8c54-78cd97062497,0.3239,link
3499d90c-68cc-4d48-92ad-b6d93c53a507,8dd986af-8263-47b9-9479-cf04de98b3fc,0.1569,none
2a653578-c635-430f-bf60-7238ef568f63,9d4e71b3-160a-5522-9c08-8291edc97d55,0.1402,none
da1e957f-6c82-4f9d-8d53-7775faff72ae,0376f9fd-cd7d-44cc-a81b-1a63bdbbb369,0.1411,none
66f359e1-c484-499a-b212-caeb071bf124,abb11e47-e6ac-49cc-b841-7550a7c6aab6,0.1125,none
b432314e-c814-497a-b231-f8e3be68d9aa,461991d5-ef5b-44d1-a074-d27e4c134f44,0.0797,none
7688a148-487d-4ffa-b725-d24b7a437ff0,936d4871-8b74-46e3-9886-1b219eda4de5,0.1326,none
ec2498f3-1dde-455a-9d2a-afe9301c5992,bd8254aa-8a2f-4b6f-ad25-565c8663951f,0.1136,none
ddf9ce81-681a-463c-9bdf-a60db047b267,2082b2b5-cf15-40bf-9883-75ea60257f1f,0.112,link
2d45e577-a5cb-4b4e-b38a-4e40e07b3890,5a6f3e43-a8ae-4412-8df4-44591e9e729d,0.2043,none
4560873d-15cd-4dfa-bd10-701838d7c03d,a228849e-03aa-4331-b4ab-a8a2443ceed0,0.077,none
424cef53-328a-415e-9f99-072105272f81,d938b36b-e8fa-48d4-9040-85e7e4e00d1d,0.1741,none
a322431f-2ad2-4f4e-be1c-973503afd977,9e28ea21-8a7d-4def-aa23-e36b735fe6d7,0.1302,none
81f58436-e410-4767-b365-28e445f0b543,9e28ea21-8a7d-4def-aa23-e36b735fe6d7,0.1366,none
37f6c634-0b3b-4584-8e14-64b9e75b6c5e,284a784c-de02-4afd-92fd-f1cf760592b9,0.1098,none
9c4a91bb-2986-4a09-b950-ae06613a266a,f208e697-e1d1-4d3e-afeb-78e6438154e3,0.142,none
5493e167-0e08-4cbd-918f-2fcecd93d459,e3051e7f-8ba7-4d6a-9500-01c9dfd4a673,0.1994,none
6c4288ff-15be-48b6-ac9d-f9650720b344,54136352-878d-4a03-a9e5-52963a9e7c12,0.1525,none
291f9a6b-7038-42f1-9ded-44c2944354a4,abb11e47-e6ac-49cc-b841-7550a7c6aab6,0.1024,none
b55270d0-6b37-4dfa-8922-eaac7821646a,ca412e4b-3e86-4751-9218-e00dc10157ca,0.0822,none
27c9a5b9-d529-4914-8da3-053371b1bf86,aa61cff3-9481-44b1-84ae-65244fc40d94,0.135,none
aec75557-3a15-4340-8e2c-ee2dd5821087,8bd3a000-9afe-577e-8781-dd8b8d493289,0.0795,none
d02c42da-a58c-454b-bd59-46af95017392,1372c8fb-9ce1-43d4-9d9f-e7070398dc4e,0.0669,none
4255e850-5c92-46ad-99d9-48bc0d649d40,21a0449c-d17b-4375-bf6e-af12ab8b403a,0.0673,none
9eae50f9-178e-41e1-ab83-82f1407f691b,c146c393-a324-4b09-977d-24e0bb7a4182,0.0723,none
7f175e24-1162-41a4-b4c7-d4c80767df45,b2beb571-939d-4066-b408-d683e9257f8a,0.1055,none
be25ec90-330e-4656-9481-22c15ef933fc,aff6603b-7fe7-4938-bc86-656aa374a32b,0.0477,none
505538eb-bf50-4355-879b-f877d475a02d,ddc44d64-41cc-45dc-8a54-fa532504c2bf,0.1308,none
8bc3171f-2cb9-4f33-97a8-ea0a3c62fc56,5b6345ff-9ba1-4f56-b6f0-706c38defa90,0.0967,none
2591b140-cfb3-41bb-99d3-1356acc47197,1205766d-5fb6-4802-a188-af954f2a98ae,0.1117,none
6d7496ea-a27c-40db-93f7-892792330696,03342bc5-c8e1-4ddf-bf7d-1d7ac01f9d55,0.1594,none
f9db5404-a499-47b3-ac30-a192a0546cbe,62515d85-b735-41ca-b836-63f982a8471d,0.1256,none
a40caed3-c132-41c7-b198-aa47fe9025f0,635da931-283b-48f2-806f-a28f892c6a26,0.1321,none
c6f42a35-15c1-4e34-aa3a-cf40ea9a64fd,651af950-003c-41a6-888c-fac53e7da137,0.1608,none
e3b3e1e3-d247-4800-bf07-ecd5672e715d,48a1e7dd-4650-4727-a8dd-d9a2794f4f05,0.1026,none
1a37d9dc-b51c-478e-92a1-e066e1ae92af,8859394d-5d1b-4bfb-8e91-4b693faf10c8,0.0918,link
baadebcd-6657-4e7d-98c0-7e0f453fb43e,23e8528c-1687-5088-9a16-d51bc8a145e6,0.1083,none
bab4eafa-2639-4068-8720-d591e5d937e8,92bcfc9f-d691-4dac-8c54-78cd97062497,0.1397,none
2279f1f5-4a2a-4e87-b7d2-ae33af9c2822,d96d3913-9d52-42b2-b9e9-bcfa9d5de1c4,0.1295,none
3d691e7a-f72a-48ee-b4b4-7eb1ef1298c2,139bd3ec-90ab-4a8b-bc48-a1720eb36034,0.2013,none
8afbddf9-99ad-40f8-afb0-8fa491d32a53,608bb337-d46a-42de-ae5a-37f415621175,0.1137,none
f5d4f248-74bc-483a-8628-7e30f1a473cc,812c0d34-81fa-4085-9700-aadd160fe8fd,0.1446,none
42e48fd6-710f-4f79-8bf1-abbd4d4e35e3,18f6e554-6df9-4580-be90-63e4910e9c70,0.1254,none
5bfc0a9c-4f7a-4ee2-a075-4bba163e9f6b,5d8317f1-72b0-4973-8e97-524465328725,0.1353,none
ac6fd1fa-d66f-4a6d-a568-b8ead3b5760f,f659f75b-96c0-4ded-bdc1-a391d6c20c1a,0.1293,none
050571ea-1a3c-41b7-9a68-9a1aa9faba97,62ce6229-c143-4956-bc15-59a185e51db5,0.1665,none
5d06ae64-dfa6-4d0c-a7d0-da215eb0481a,1e7962fc-06b5-4841-8b48-a3a1cebd325e,0.1667,none
87e94290-9af4-4492-827a-9c1d6e9b17a2,8ccde08d-b72e-44f6-a3fe-1b82864fa03c,0.2085,none
9009cf83-6b3d-4a15-95f9-2166225cfc63,57a7c2b2-b2cf-474c-ba13-51b9d82a9458,0.1205,link
976223b7-cf22-4e33-8008-01cecadf3436,589278ee-6716-4b89-b42f-0019f756e66f,0.2297,link
e79070ea-0bef-444e-b436-2310ae57ee9d,47eadefc-1587-4723-9229-7f53d857dac0,0.0711,link
d434c0c0-26e7-429c-bf0e-5f29cc4a9a75,9d41c25f-7e0a-4042-bd74-6427b4d456db,0.1081,link
09ec5885-4924-417c-b60d-4df59c4e07d3,e9680542-dbe9-4415-8e83-e9a31e529133,0.2129,link
ba347f9b-1bcf-427a-a6e2-e94d31680d74,8ccde08d-b72e-44f6-a3fe-1b82864fa03c,0.2064,none
fb0d853e-b082-4496-ba4b-05d5f7845ee2,cffce45e-6e08-41e4-93c7-32f5b608938a,0.1166,none
11ce6f15-3810-4ddb-b938-e13a03c80b04,f106393a-d573-4969-9649-b69513bc1666,0.1367,none
1c6735bd-afa1-41d9-919f-26b2b85c2bde,452aefc6-bea7-4c40-9b1a-fa1108b7b2a8,0.1814,none
e9152006-3a74-4794-b1dd-44dbeed36173,21a0449c-d17b-4375-bf6e-af12ab8b403a,0.0673,none
34336338-6d39-4a1e-bd3a-974030cc42d8,24f125f8-68ee-59fb-8413-f3ac03fd915d,0.1262,none
a5f4d36f-db26-4ed3-a642-9b1323df8a1d,6a06fcf1-6176-46c4-a3c9-d3b77930ea31,0.1442,none
4ba85780-deeb-4de8-98d1-60a0d90cd683,ca55e977-543f-49df-9397-f68de7cca99b,0.1158,none
3612704d-c0d8-4e93-9060-36da9ad00c3d,d080d98f-a80c-4291-a050-ba18e433fab0,0.1119,none
0aeb42d7-dcab-4549-b0c3-2f986630c6ec,eb845788-cb10-4c55-aae5-f64b5aa48be7,0.1024,none
0f8b3cd3-9a02-475e-b32c-d881e37af730,395bd3e9-644c-5663-b58e-56354ee70424,0.1414,none
dcf26ad4-2c7c-4acd-b9a6-919259d55c0e,395bd3e9-644c-5663-b58e-56354ee70424,0.1412,none
2e89f4ed-0323-4925-a808-10921b39eed7,1663bf42-45d3-462b-be62-1a0c5451b4af,0.2291,none
6d9c2db5-9960-4a0f-a6e7-02721a612912,24f125f8-68ee-59fb-8413-f3ac03fd915d,0.1398,none
ec93f3c2-7876-4b5e-b464-5a5a47e2cebe,970d546c-18df-45c3-ae86-424d4f68747a,0.1102,none
cf5f6991-372f-40b1-9a7e-659dd5b87d90,35bc1efc-c989-50af-b620-a7bd77f2f808,0.0625,none
7745bfd5-c94a-4c61-af4b-a5e338343d2d,7ab6793b-4f38-496a-bdd7-6e882015b312,0.1181,none
21d01ec9-3a2c-4a64-ae2a-cb559193af02,41a6122c-364c-49da-9e54-c43dbbe16b3f,0.1251,none
87ab3306-8a5c-4c7f-8923-731ff751e6a6,110b9a2d-6a0c-417e-bcd6-59247c389c49,0.113,none
64c82d23-1201-453b-8020-cb4b63378fef,3c1b6b1a-5e8c-491c-bb7f-8e5ef2cb331e,0.1373,none
9c2a0540-a92d-4571-ab4e-35ef3e89b36d,925cd537-9f75-4069-a420-ab5c8876921e,0.1704,none
6ea2c374-5bc5-4fb8-a76c-874858c194d7,b2beb571-939d-4066-b408-d683e9257f8a,0.1325,none
7a1d5607-6160-4ab2-a8b7-d8b3974646e8,06db8787-79dd-4bb3-9e1b-c3493c84279d,0.1681,none
34a0d4d9-915b-45c8-be7c-e3acac7e74e0,2b51b609-0af5-4113-96ac-b39d8626c989,0.1726,none
c52c0787-1f79-44a6-99d8-b2b7320a83e5,f3eef223-7d9e-4a0d-b399-f76cb34c517e,0.1721,none
4a84a876-72fe-4209-9c1d-f32a04b8b92b,887fbdcc-168e-46a8-a8b1-f8d5be7b8233,0.0997,none
462dfbfa-5294-4b2f-abdb-3ed10329379d,48a1e7dd-4650-4727-a8dd-d9a2794f4f05,0.1854,none
6ff3e8dd-0cf6-467d-a8dc-3b2ea0e0c476,41a6122c-364c-49da-9e54-c43dbbe16b3f,0.1329,none
109895bc-cd05-4474-8ad8-dda02abe9a00,ade77d9a-4526-4bd5-a276-5108e035075d,0.1446,none
ef6745b3-1cdf-4998-a89f-d6fc3398a1a3,297756fb-cc02-4108-92d4-8a837b6671e4,0.148,none
54e11a0a-aaca-49be-9723-adb135c13d79,7ad09086-ec99-4c53-8396-3c8cc36cecf3,0.1357,none
c009ed11-818b-4cb3-b02a-2508d79c106b,d080d98f-a80c-4291-a050-ba18e433fab0,0.1518,none
d436716c-e070-4f6a-9fa8-da697dbbe076,692e6b87-58f9-4593-aeb6-226d76c31e59,0.125,none
e3668a98-9e06-4bb3-a546-ba4b6fabfa66,2ea12786-ecd3-47fe-b8e7-041a2e3a38b5,0.2731,none
65ffbf6c-bd51-47c3-89c2-b980ad198b30,5784bb69-1c69-468b-888d-5e5f67e0203c,0.1126,none
6769c53a-3e15-440f-b5e3-3466a8db3e47,24f125f8-68ee-59fb-8413-f3ac03fd915d,0.1273,none
7fc0840d-5ff5-475e-abea-6670f52b4d5d,39aa249f-6488-40ca-a910-fb2722c05359,0.0735,none
2a7af90a-8efe-4f03-8f88-ce2cccc75a8c,ae19d03e-4ef5-4520-be92-31148a173fd4,0.116,none
0ce088f7-5b3a-4cec-bb79-09fa88328c20,2d18c966-b531-4be3-befc-3acbfa993d14,0.1017,none
1be540a6-e1f0-407e-8dab-90f307f0b1fc,893fbe8f-ccd3-47e9-b6c7-564de8c8a7da,0.1092,none
a67b349f-3342-47b5-b3a2-2f1a8b685968,8ade225d-0d6e-59a2-a506-62a6076aa800,0.1492,none
113fd958-d487-4092-9636-3bd5c81c9389,f208e697-e1d1-4d3e-afeb-78e6438154e3,0.1771,none
0e918564-e2fa-4619-bd20-2606bdf5774e,89e21115-3fae-4529-84f0-bc5a4bedc33c,0.1251,none
fa2ff790-387a-4cf4-bc32-4d1d4adb30f3,27324946-fd43-5f87-a290-ede8bb89d744,0.1322,none
6119e8bd-00b3-4253-9f3e-6670b382a838,6babf56d-9986-4fed-84aa-ccef6ec52c3f,0.1002,none
77059cf3-f018-4217-a819-cad82903139b,3eb0f361-9ff1-5511-b641-3746051b93f7,0.1323,none
d1b5ed01-e336-4104-9fbb-4b4f7db57498,f317f0b8-d113-4e60-97e0-2aaf821b00d2,0.0964,none
7e38c4d3-767a-4c42-8525-bc90383eb183,28c9b7c1-8811-492e-b78e-1a09009c6561,0.1202,none
4262fd4d-6a34-4813-a1ba-b0f1614027cc,2af44b9d-ef6c-4dac-af6d-df0ffccfae35,0.1728,none
ea3a1294-bde1-4c6a-97e6-1f34824a057b,63b5d865-796d-42af-a783-8775c0ab4f7c,0.0838,none
5fdd9fae-fa33-4713-9ceb-f9780eec7b2f,90e8b33c-ad35-42a6-8389-9e9f0b857772,0.1164,none
437a33a7-cb67-41f2-9b4e-9465268d0870,2ff421b5-ce2e-4e7f-9328-18441e0c3a4b,0.1128,none
146cde5e-f998-4bcb-b5af-3e7022372f97,0376f9fd-cd7d-44cc-a81b-1a63bdbbb369,0.1041,none
052a2c32-0de9-4eef-9cab-37ca873ccfa2,17f2c16a-fc6b-42c3-927e-80bd3b941494,0.1246,none
4e25d4cc-157d-4a1c-9cbc-057f8971ac3c,759d022a-b7ad-4d8a-9b6e-62e37b804503,0.099,none
36591486-5291-4293-b4af-4a7e593e1bc2,ed02e0e0-c9d9-4cd4-8b7f-ad6e6a2d0d31,0.1337,none
47f78786-893a-459b-b3f7-064c9ff0871c,26953ecf-5c63-4260-9c41-70ea372bbabc,0.1493,none
d60f047c-7f4e-474c-b1da-25f0740b8d68,daef9d13-1d05-4055-87c0-c1969f0f51cd,0.1766,none
af350877-b183-4a5c-aefa-ee1281bab498,55ac356d-f4ee-4111-a861-3fde31b39000,0.1478,none
5186ea12-b0ca-4e2a-8467-5add3349e6e3,661ca863-4f3e-47c2-85ae-78efcedcaee5,0.1108,none
1daac24c-fdb2-4e3c-bc70-2176dda99426,5d8317f1-72b0-4973-8e97-524465328725,0.1658,none
0d63fbe3-bf29-4fd8-b1b8-ea279e7346ac,c261605a-11fe-4cf3-a412-32b0f259f291,0.097,none
d106f0ce-69c8-4800-bc3f-5aa53a33b55f,faacfde2-c15d-4012-ae2f-1ac42a9aaf66,0.1306,link
86059705-3927-4cca-be62-773523b5a792,39aa249f-6488-40ca-a910-fb2722c05359,0.1515,none
5197f53a-1404-41d8-8d78-6749094120ea,85822c7e-da12-47ae-905d-b47dfb70fd41,0.1116,none
b9b3bb5c-baa3-4b5d-a09c-9755df628e70,7b63ca3d-9c49-462d-8886-35bda5ed8499,0.0617,none
26b40335-e662-40a4-8cd7-c2b28a39c4b7,7c7ea838-47da-41aa-b67e-da81881b77e5,0.1389,link
92e96e2b-39a0-4e71-a71d-78f3df5dc446,16990578-c68a-4220-a513-4e07fc6b0d8d,0.1186,link
42afb927-ea74-4c30-9b6a-d7bbb4aaefe4,647a607c-1c33-59f7-8fb7-7dd212bf884e,0.0984,none
beab3bce-2e50-4c3d-b17a-9267687e0701,3947c9b4-29d7-4efa-ac44-0c4c97d4f617,0.1006,none
4bd90400-459a-46a1-9de5-2391f02e3ebb,d5af203a-5477-43a3-b799-a1045a3ab532,0.1243,none
a5279dfe-3dc9-42f4-9fe9-126f6656be9d,20de7a9e-bd01-40d8-906b-99597105208d,0.1605,link_regional
0f7c5b7a-94b5-4e74-b3c9-87f8bcca0d90,62ce6229-c143-4956-bc15-59a185e51db5,0.1474,link_regional
0ab7e973-f92a-4600-abf8-1a5974689dfd,4d84c01d-f700-447b-ba89-908931ff59a5,0.1387,link_regional
41337daf-4bda-4b7e-a02c-a5336e40dcce,4d84c01d-f700-447b-ba89-908931ff59a5,0.2113,link_regional
492b3949-b821-4290-91f6-3c512f9e64cb,2bd953ff-4a08-4f45-bdad-93c288c262cd,0.2088,none
52643631-b830-4c66-8a6a-4ff799ca792b,cf63f101-8495-49d2-8db0-cd085cfacd95,0.1037,none
f20e70bd-8149-4b38-991d-c9719d02064b,9d4e71b3-160a-5522-9c08-8291edc97d55,0.06,none
ce899314-97da-43b9-a6fd-dd9976210ebf,e7cdb75c-feda-56cb-aaa8-36eb7c2186db,0.1011,none
8953118f-f0c6-4c93-a9fc-361b2c7c8de4,3ecfa267-f8da-4f1e-ac0d-94f9a767d36d,0.0558,none
91fe3205-e20b-43ea-bf88-888674c592a2,2bd953ff-4a08-4f45-bdad-93c288c262cd,0.1906,none
bb5871f6-68ce-4f60-96cb-91766e940559,85c14068-5af6-4847-90ff-abb2879b8831,0.0692,none
3d858bfb-041c-4486-8a7d-8f8834bd5418,0c5b4675-6fdd-4fe8-b9be-caa92ac153cc,0.1555,none
7b5ef45a-1464-42c7-97ca-17b1a41cb92b,2813c7c9-482b-4826-97c7-83c51c2956c9,0.0731,none
77bde67f-70c4-469b-a09f-850046fa7dfa,74010b9d-9cc1-46a2-ae2c-0a1c256b15db,0.1725,none
06d3864e-ef07-4805-82bc-d31043b61040,54136352-878d-4a03-a9e5-52963a9e7c12,0.1525,none
d39638f4-516b-4c5a-a9c7-87302e26b3c8,ca1c3b0c-96f9-49f3-b789-bfd9b5e80f0c,0.1104,none
0b2caa01-d263-427a-85ea-d12295ba7e3b,5edd95ce-03e9-4fb8-a12d-f52e1c1fd02a,0.2189,none
43fc600b-f737-4b5f-a076-b1f209e03461,8d110828-b13e-4845-a680-d6ef36ab700a,0.1107,none
e129ca49-a544-417b-be91-b19fc8f2153d,9d36a76f-680e-5144-9ffc-8404814c44e3,0.1182,none
a07110c6-3f8e-4cb2-8e42-6c60744d791f,309082b4-c630-47f5-b230-1adad2538036,0.1959,none
f48e5948-c35f-440b-ae5e-76e65deafde0,94727fad-b92b-454a-9c96-01e1dda2e9cd,0.1206,none
fd1cdfda-282d-4ebf-b05a-f21d9040b248,60fea6a9-11d8-4ccf-8e3f-b595f9f636a8,0.2296,none
4d46e25e-e6d4-4150-88a7-6299f5898b0f,fb8666cb-d1cd-4968-9666-957c74079d2c,0.1312,none
9e2aa9b0-f704-4280-8926-5047104e9331,1e7962fc-06b5-4841-8b48-a3a1cebd325e,0.1675,none
ef12dea4-5408-4b95-a872-fadae22b0bd4,4d84c01d-f700-447b-ba89-908931ff59a5,0.1421,none
755689ac-9dde-40a3-ab36-066fa7dc9900,8ccde08d-b72e-44f6-a3fe-1b82864fa03c,0.0902,none
cbc0c1ca-34b1-4dce-90b5-d33dbbb5cd56,5f27035a-64be-4799-8750-7b908883ae68,0.1741,none
d3b2ec61-7c63-430b-a417-6bc5ff9d333a,b2beb571-939d-4066-b408-d683e9257f8a,0.0791,none
b30f9d0e-4b22-492c-b2c6-a5ee9644b5ec,83a505ce-4ced-43b8-b224-494b2adb72fa,0.1506,none
6af184a6-2e61-4f40-942b-8edc8e8fbae9,30591f70-83c8-431a-a3e7-3a8b59bf9fea,0.1419,none
a2e661f9-a05d-4b77-b0e2-2c925bbb4d4e,e9680542-dbe9-4415-8e83-e9a31e529133,0.2051,link
0508c003-27d0-4f9d-848e-d39e7a57db83,56a2f248-f0cd-471e-9fac-278c54df917b,0.1246,link
658d0664-ac1d-4fc4-8338-890cd281caeb,474aa455-2799-4c06-8a4f-f87c67845881,0.1809,none
aa0e0e35-8c4f-4dcc-b059-2ae6ac88b283,4d84c01d-f700-447b-ba89-908931ff59a5,0.1492,none
4ccf2d9c-5e52-4bc7-8977-0e18aff6f9fc,474aa455-2799-4c06-8a4f-f87c67845881,0.1818,none
16e54f5c-e8f8-482e-a161-7961bb376de4,4721e180-bf6a-4737-b8ed-b8430f013e69,0.0542,none
25751f46-8e11-4a13-8cae-e00c1833b37a,f7731421-c574-506a-ac2d-09672132c477,0.0658,none
ad420724-e7e5-4e2e-b045-e2f1eb9ceb36,efc3ad9e-2e8b-45d9-b16c-34f0c2613498,0.1396,none
06bc173a-d538-4c9d-9f63-90ab34edacad,f208e697-e1d1-4d3e-afeb-78e6438154e3,0.1741,none
1f66bd4e-1c8f-4177-bc96-a7779c89bf61,8cda8c9c-2594-48c9-ade0-477f8f787fec,0.0727,link
bd62fb98-e12d-4579-a14f-9d6391152ae5,7cefc171-1d60-408a-a437-5bc9c79b9679,0.0916,none
3bc51120-dedc-4f77-9b86-ee821567eb1c,7da5d5bd-c3ca-48f7-be73-a4b5fbdcdd82,0.0696,none
0e1107da-7ca5-4efe-ac55-79cd64a7c724,f3eef223-7d9e-4a0d-b399-f76cb34c517e,0.1699,none
21ddc755-3f51-4ce4-a53f-97475ab3f168,62ce6229-c143-4956-bc15-59a185e51db5,0.216,link
5b825241-3473-4ac9-9cc8-4ffc7f8996fa,e77e767b-e42b-4282-9218-33b3949cea60,0.1622,none
7d3666a7-12e2-4ab0-b9ff-b7df023e2d89,c54e8f3d-ab0d-4e20-a81b-a0d1543e7b58,0.1628,none
af739eff-14a6-4359-90a6-9d0a892f4321,0f50b484-38b4-4fab-b780-cd3cd69aa786,0.1175,none
cb3d3a0a-3ded-4ac9-9255-0d86419d3482,2082b2b5-cf15-40bf-9883-75ea60257f1f,0.1904,link
28421cdf-4465-4215-a848-76df0b58a9dc,11c1397e-c630-483f-a2b3-7b3da546f059,0.1482,link
7f157e86-95f0-4785-9394-626cfaf75aab,f28cd3f7-456f-4e87-a7a8-d41c24113d60,0.2056,none
49d476ed-9521-4594-93f5-9f97bffa8954,955ef9a6-61b7-4611-b8e5-b0b10ac07777,0.1641,none
edc6ebc1-c59e-47fe-a6e5-4e3116d8e9f7,af4b12da-86d9-4029-bd67-d98a6a23af10,0.2124,none
9fc623a5-7ef4-4504-9b38-f07881eb1f0f,5c802e23-4049-4329-ade5-7e37bccc618b,0.1095,none
4ed5044b-2e7f-46b5-bd88-3add2b5adce9,325a97ca-c554-4f10-ba09-77e12065a553,0.1202,link_regional
b39380dd-9a07-4927-8395-379c65bd1cfa,788ffe7f-6a1b-47c6-bada-0810204a779e,0.1769,link
8b145c3f-33fe-4c8a-8fdd-3dbd409466dd,ff72ce66-b753-471b-9ffa-48d021483cb1,0.207,link
1e9f1148-9dcb-4264-ba35-274469fb6d97,c8e8610f-e417-4f8d-ad6c-e47355a4f093,0.4086,link
1a6606dc-4444-4345-a2f4-b27ebc97baa2,3eb0f361-9ff1-5511-b641-3746051b93f7,0.1019,none
6a418966-8eed-4e87-8fa6-a576964ecdde,7c601672-5e9e-5720-83e3-a8be4d31f5b3,0.1408,none
128c69dc-eb93-4506-bec8-68ea9d0afa52,812c0d34-81fa-4085-9700-aadd160fe8fd,0.1658,none
308929f4-1842-4102-ac92-726e5c75b280,2c1fdf04-416e-412d-8720-5680632a6c2f,0.0603,none
4bb1b83f-933b-404e-8951-8ddf58686bd5,bc2f679e-5f9c-4cac-9a04-07a40cef81d8,0.0758,none
ea5c0041-7a19-4d45-8baf-398c4738095e,7e59ad79-91b7-53a7-98ec-c85624c7fc75,0.1954,none
e840a687-4a10-49e4-b616-7e5d460bda82,23986460-69a1-4b5c-8704-a558aad8415c,0.1092,link
1e540477-1ae8-4621-9dea-05ad823a6463,0629158a-ecab-4390-85a3-334c4750fb34,0.1999,link
0a89106d-6491-47e8-92db-6fa1e77ea241,afb8f67b-8375-42a1-80c5-43781da34550,0.186,link
a0c2d065-b40e-4b7b-8c23-b3e1c30fcddc,685516a0-eda5-4a7b-810d-d0938420d3aa,0.1826,link
02729bcc-fbd8-45ca-b311-a4d06168d864,df4cefda-acf5-4541-932f-5072e1eb188d,0.1379,link
e4e83ddc-2a1a-40b3-b6a1-ff2969e8ad27,b082926c-2358-4143-95cf-5abc7a84c34e,0.1606,link
1ff24322-47f4-428e-98be-3f66dbe48f63,f75890d1-b0e2-4c97-adf4-25eed2a58363,0.1247,none
73b26fcf-8150-40db-93b0-a3002667560b,055f8517-ffa7-4747-b2ba-cc1ddd00e608,0.2962,link
283a373f-51b6-442f-8a33-919279428a0b,38074000-a4f8-4455-a60d-a828a04c9a55,0.1123,none
a0619c47-829c-4572-86a0-3a155d3c394c,fbbff3cd-ef58-5383-ab5a-94c445fcd933,0.1498,none
950fa910-e60a-456b-8446-54e08a7ab148,41a6122c-364c-49da-9e54-c43dbbe16b3f,0.2536,none
0dbfe77a-460d-40c8-b0d2-6147a5870a70,d83e523a-d6ee-4885-8a86-4aa1943ee2f6,0.1828,link
c5ca5b18-3ad5-48df-b259-31ff41cb0dcf,d3c2f896-4235-4e3a-8777-b2d8a426b671,0.1889,link
2cd2e345-2327-4644-a257-dfc0e9ece30b,3a7c14fb-1708-4849-b223-e99c448abff1,0.1446,none
65504a43-ed8b-4ba3-96d1-fea40ba3c299,7ade445f-056d-4e6f-a384-150e82c19025,0.2223,link
5deeadb3-2de7-4ed1-89da-a54da13086e8,815497b0-eb69-4303-9466-a95f39c2a7e8,0.1211,none
4da89746-f8bb-44f0-a984-2c68898609bf,8bf9e3b1-c6d6-4c6e-bef3-97a100072ed2,0.2095,link
791acd2e-4a2d-4866-8154-45943ce903dd,484de282-c65a-4eaa-b8a2-3fbabe462f9e,0.274,link
5758591d-16a3-4221-83aa-d89b890ed724,483abb23-abe0-4ddc-87ab-25cb227e21b9,0.158,link
65fd4874-58cd-49d0-b571-5b7aa12af9fb,a161cc30-927b-4498-a414-74cdbed245ec,0.1096,none
6484b651-a309-4dd9-b636-39fd905a3c2d,c5f6ebcb-24cc-4d89-8585-265c9a072929,0.2692,none
afebfb56-8c52-46c5-9640-402cc00b1f38,483abb23-abe0-4ddc-87ab-25cb227e21b9,0.0874,link
5f215b25-44f3-4c59-8ab0-2bb2f5540c24,7f063cc3-d592-4fa0-afed-2012f456705f,0.0894,none
dbd1b5b7-4894-450b-a97f-ba78fa743df9,ae0df23a-85bd-464c-a95a-d50276610c4c,0.0752,none
e98e0232-51b7-4c10-b166-945b5d0381c7,b2beb571-939d-4066-b408-d683e9257f8a,0.1052,link
d08fb58e-7d00-4d59-aaa9-243354bf16bc,127982ca-b611-4204-833a-dc7e0cd80ffa,0.0904,none
b874b66b-e2c4-48b3-b3a5-5ed63716bfca,f0e4be05-ad51-46dc-95ce-30f697031c8d,0.1747,none
74a7af02-4dc9-4619-a934-e503334758ab,297e4037-de91-4c00-8646-bd7da89f6054,0.1208,none
fb7e0d9d-f823-4c82-b9ce-bf6aead6e7c5,a5817f16-ac5d-4b15-8453-5531ba0db135,0.1016,link
1aa3fa59-eac4-48b5-8dad-0f900e490a7d,aa358de6-d985-4482-8648-587ec9f7a119,0.1271,none
e20ef93d-c3d3-415b-924c-ad0708cbf93a,8336c8ab-25d7-4e06-ac0f-cb1741d01f5b,0.1205,none
795dd199-d8c4-4591-87f3-6cdc2f310bb0,15426ee1-97ca-42d6-be8f-602f8f344d89,0.1964,none
d831b453-b376-4da6-99f1-fcdf43904431,ed02e0e0-c9d9-4cd4-8b7f-ad6e6a2d0d31,0.2345,none
652a4f94-875d-412f-a4f9-b32c88e981ac,6a2690d0-b155-4adf-aeeb-0dbea0779a68,0.2021,none
c5cec455-7f23-419d-9e6d-fcbf503ce295,510074fc-a8ea-4628-b771-8dafdbdfa7a8,0.1263,none
d0763b6f-8df2-42bd-9021-8e3952f733e7,2250cb45-a021-4b19-b648-4aea051339c3,0.2352,none
496250ef-bec1-4648-a435-b17defb62c5d,d3e7e756-8ecc-435a-9bad-2bd28c02c40a,0.1166,none
88bea9a7-19ad-4834-8471-c5c5d54edce0,030ba11c-ff7f-4743-b614-f12f84fbc648,0.1363,none
cab4a45e-0cf0-41b6-a39e-945f9b0c69a9,12f5091c-0c5f-4c86-986e-fc721ea9f204,0.2465,link_regional
18e5e5d3-50fc-478c-be93-c83964d4855f,5c177aa1-000c-4280-8b44-7d224891c3ae,0.1934,link
e0519648-5337-4abd-a838-456e588cddb9,4bbd6905-c154-49ec-bb41-b8fc844505a1,0.1623,none
3ddf9a21-1498-424e-910f-36e47120b901,345129bd-55fe-4e10-913b-4aade3d6091e,0.1859,none
22fd1ee3-b1a2-4861-8e2a-ae55e7802041,fee3eb03-30a6-446a-b55c-9730405e1f2a,0.1733,link
b947400a-a088-4bf4-9f59-2670603fc974,8856df85-e29c-4971-80e0-d795eefc4550,0.2717,link
a0bb2bc2-8d7c-4abd-a2e9-f90d6915e1cc,5a6f3e43-a8ae-4412-8df4-44591e9e729d,0.1406,link
75afc0de-343a-4779-a443-444b81b236ae,bd231971-bdec-4f1f-a23b-a7950c3092bc,0.1631,none
95c70e2b-9b12-4955-890c-7b2137a6bf3d,aa457326-3bdc-4279-8aea-317683fe7c79,0.1413,link
100c997e-dc77-4645-9b09-c8ece97636c6,eb94d885-12d4-4e65-97f5-f19618ed9cf3,0.1025,none
7892f18d-2a96-40ce-8a23-1046611dfe0a,e77e767b-e42b-4282-9218-33b3949cea60,0.1031,none
7bb25ac7-dfc2-425f-8da0-b410de3c2aa3,89e21115-3fae-4529-84f0-bc5a4bedc33c,0.1802,none
1c54dbe4-6945-45b6-90fc-6327fcfa848a,60fea6a9-11d8-4ccf-8e3f-b595f9f636a8,0.2315,none
20223240-9555-41ee-a97a-c2a1b89f709c,685516a0-eda5-4a7b-810d-d0938420d3aa,0.1691,none
91043632-fb8f-4b54-ad1d-f4b15530e4bc,7c7ea838-47da-41aa-b67e-da81881b77e5,0.1379,none
8ddf3c21-3136-461a-9ebf-e645275e17a0,a9107a34-d51a-439a-876e-ad092a7dc51d,0.1969,none
9dceb8d1-4511-4222-a69b-cbce94ef48b1,0376f9fd-cd7d-44cc-a81b-1a63bdbbb369,0.2022,link
8d2ea059-b0e2-4c14-b09f-2e6d9c7ae9f4,d4cfcc29-9360-46cc-b716-396395942f1f,0.3615,link
c1cec20f-f2ab-4ea9-822c-cc101a9e8eb3,539cab15-5fb8-5920-951d-d95e4f9d6aed,0.3458,link
b9b02ebb-5584-4d2e-9338-af023dfbe086,eed9acbf-c346-47a5-9be2-74e6e267b237,0.1516,none
f2224de7-439b-4d06-868d-8df8ee574bd7,88de053e-8d30-5976-9733-6952dfb9277a,0.1449,none
61c6ad9e-f77c-41e8-b62f-e7d4de60a99e,7c98f13c-3f99-424c-9bad-10febd428ffb,0.1608,link
545723ac-a65e-403e-b045-59c0982e364d,075548cc-1a68-4f44-8d31-8139ceaad7b2,0.1948,none
65376ad0-0c01-4fe4-91e7-4e11f64d5f85,65376ad0-0c01-4fe4-91e7-4e11f64d5f85,0.3085,merge
18b4e10c-e028-4016-8393-fd9559a596dc,304a8bf8-0cde-552d-b095-c45917bd3d1d,0.282,link
bc332ce7-88f3-4b93-8971-d7a73ee131f5,65376ad0-0c01-4fe4-91e7-4e11f64d5f85,0.1691,link
ff3b7824-3723-4e81-bd8e-376e2a26648d,fa6fd745-8337-55b1-a05b-f7f6234543a9,0.1787,link
1770cb9f-6491-4f4a-a665-3e6e4d2c16f8,e6525dd8-5e57-5c8a-abee-57f64d1c9eb4,0.3039,link
ecde7179-27c2-4977-801d-c25f33f7d31f,22c4a471-24f9-4b80-9182-a04cb1e0cd10,0.1746,link
d368a682-67bf-424a-814e-438c16a2bf20,47eb5c94-eac0-482c-8702-571565b599c3,0.161,link
36dfe046-e176-4183-afc5-43c6efb65d46,41936c77-4af9-4a76-ba90-0e95dea3d41b,0.0999,none
3fa7abb4-f358-4613-9db9-cdff4cbba14b,278ac97d-1acc-4136-8bde-988bded981da,0.0851,none
6b990ed3-ec90-46b8-b8c7-504e89d81082,69534ad4-15c1-4ef9-8af9-d7cc85ce9d32,0.2324,link
05fdaf1e-7fd3-4cfd-85c4-bbef8561335a,b944d614-941f-58cc-86f8-11385278df12,0.0956,link
70837fe6-36f0-5208-b7ca-ff1930b38fef,70837fe6-36f0-5208-b7ca-ff1930b38fef,0.2595,merge
9f6772f5-1115-58c8-b53d-b5f26ccd0c9d,9f6772f5-1115-58c8-b53d-b5f26ccd0c9d,0.2863,merge
73183fe5-cce1-4440-9d9c-5d48601f656d,70837fe6-36f0-5208-b7ca-ff1930b38fef,0.2316,link
943dc032-0583-44fa-bdbf-b98932b62403,9a476e0a-ab93-58e0-a003-91f2b161ba34,0.1351,none
16e332dc-6697-4b5d-ae43-514bcb6cbeb9,ef95113c-01d9-5f74-847f-e6187aeaf3ca,0.2811,link
c23ace2f-00fc-444e-ab3b-7722be85c09f,4fa7e2b4-ddcc-5788-b029-d3b203a81a41,0.1949,link
045b03d9-3df0-43dc-b09c-de2fa3fbf37b,eb8d0c94-fd12-5927-a25b-8b1917b1a59f,0.3112,link
b190df1c-1ac3-4eb1-ad35-51a6003330f4,4fa7e2b4-ddcc-5788-b029-d3b203a81a41,0.1896,none
985ad98c-02b9-4773-aafb-824a31c427a9,985ad98c-02b9-4773-aafb-824a31c427a9,0.5054,merge
f16d343e-7f5b-47c5-ba57-afa73e7cf1e7,404de822-a17b-48a9-8d9c-dd59ef059412,0.1425,none
ff3cd959-9206-4069-8493-2ee401039a2b,2ac52c54-da5b-4dca-a5f4-f0b96bdaf101,0.2446,link
a16ec804-939d-408b-a963-5af1063f3c68,dcfc3f7f-5956-5cce-847d-eb66270bd307,0.2818,link
be1c0d1c-c56a-4ac1-b99e-453fc5eb854e,9340a6a5-53d9-5585-890a-2e446eb4023c,0.1483,link
185d853f-4e2d-4def-adb2-5a3e709387d1,1ef413c9-09ca-4ef6-ae58-762790fd8ef4,0.1877,link
ca160517-2705-4e9f-8d9d-a2e639bb6b2d,836a87ee-b794-4d99-acaa-bf2470489009,0.219,none
00e4fb13-1907-46e3-bd4f-666a7ecd8589,de111717-ee92-4faa-b4e4-2700ac3d578d,0.1603,none
d00a7524-5f7c-45c3-9a43-73434e7dac56,aa9b7124-3da8-4828-a772-2419ab1aa0bf,0.1837,none
2ab6ac49-716f-507d-bce0-a9696013c6b2,2ab6ac49-716f-507d-bce0-a9696013c6b2,0.2811,merge
8425de9e-6457-4408-930d-77412868be10,0bd082cc-be74-564c-9cf4-941f5d959507,0.2193,link
3dab2433-b217-408d-a7ac-86bfde75c746,524bcfce-6e7e-571a-b3fe-db64d70d72a7,0.2503,link
35bc1efc-c989-50af-b620-a7bd77f2f808,35bc1efc-c989-50af-b620-a7bd77f2f808,0.2863,merge
5f61cb2a-1c2e-5a6f-9f57-47629badf7c0,5f61cb2a-1c2e-5a6f-9f57-47629badf7c0,0.414,merge
f43aece2-3f92-478c-beed-953e8bf49709,5f61cb2a-1c2e-5a6f-9f57-47629badf7c0,0.1731,link
11d42787-fed3-44b4-b948-7b6e2bf137d2,7312da09-87e4-5c12-a2e2-e3f6948b70ae,0.2299,link
bea5fe3e-b1bb-40ec-a238-8f368f4e361f,395bd3e9-644c-5663-b58e-56354ee70424,0.1395,none
f548ce1a-ef91-5a91-9d5e-1cebf7fd201c,f548ce1a-ef91-5a91-9d5e-1cebf7fd201c,0.4183,merge
1a8f7e77-d86b-4a67-b0a5-dd877fe0519d,14047f66-56ba-59f0-b582-2af921aab0e6,0.187,none
3f38099a-4835-4aa8-add0-5d96f2fa0f04,eca9bcd8-4f71-5150-9db3-50f9ac6bb0ff,0.1323,none
5acebd2e-eb13-4307-8bcc-e7667ac1baec,159b3e9c-9b91-4b9d-8d7d-ed5496d64983,0.2198,none
7c10491d-6fe1-4532-848a-ec02b3542513,15f4c56e-cfb1-45b0-a5be-b18bcd859a7e,0.133,link
ba164dd4-b4ae-4086-b8c9-140c349c2b4a,2ac52c54-da5b-4dca-a5f4-f0b96bdaf101,0.2182,link
b41e998d-c3b0-4beb-975f-9a1338c9e0cd,a8f97105-3d70-4fe7-985a-eaf3543f266e,0.1698,link
bf92ca6a-dd05-4c36-bc47-f2908f6451fe,c3f93ac2-90ea-5eaa-948f-31cf80a446a0,0.3615,none
b89c55b8-b946-4e88-9c86-d45231f25957,108ea2f2-86d5-5291-9e69-7fa4674b9651,0.109,link
9cfc3e71-8e95-4293-9ab2-a3cf68f7bed8,4f28828c-0dd5-5c91-9f0c-8044d2b44890,0.1788,link
e973a174-ce61-4eb2-b5e1-ac95a204bb2b,e973a174-ce61-4eb2-b5e1-ac95a204bb2b,0.2539,merge
74c307c7-4048-45e3-b466-173d903ddd91,40bf9336-43c3-4af9-840c-9a853b70641a,0.1383,link
6f75b3b9-405d-4ba3-ac67-be93310bd161,836a87ee-b794-4d99-acaa-bf2470489009,0.1674,link
2544f11f-f3f6-4f9b-ae18-441af6e7de76,f10e97bc-a271-5f0b-85f5-a267043949e1,0.1948,none
d5a83537-4d79-401b-a3f8-e81528e6ff4c,e797252c-c6ac-46d3-835f-80adabc13d6e,0.169,none
ecbd19b3-4314-457f-aa42-e6eba1a242b3,f10e97bc-a271-5f0b-85f5-a267043949e1,0.2696,none
42b069fb-76cf-498e-9c4f-2971753f1f5b,524bcfce-6e7e-571a-b3fe-db64d70d72a7,0.2555,link
5b5023d7-de28-4175-adee-929cde76801b,912cf934-0cdc-5c68-ad4e-133023e02d82,0.2262,link
30f1faed-1093-40cb-93f3-cd5b6cd6a433,30f1faed-1093-40cb-93f3-cd5b6cd6a433,0.2526,merge
528f97f2-c3d6-4b36-94bb-7d8dcaf311a5,6ac6e569-1c07-459b-a817-41f338e60470,0.1892,link
1bb9ca93-7fba-4a53-a19a-818b2f8ac498,0376f9fd-cd7d-44cc-a81b-1a63bdbbb369,0.176,none
70b80ee5-4a50-45bc-a8fb-1f32fb9e740d,149725fd-e837-5920-bd76-e9a8c5848884,0.1298,none
eb422a49-abef-4738-a400-1263c7805442,149725fd-e837-5920-bd76-e9a8c5848884,0.1318,none
de1c04f5-3fec-471f-9a2d-927694149f06,9dbe375b-d5bf-56e9-9980-9d21682bf1da,0.1846,link
1d7ccbfc-7d22-4a98-b604-8eb67fcf19c1,b4c01042-df5d-57ca-b398-fdc29b74abbc,0.1546,none
717dd93a-df24-4566-b981-24c26a1ce187,7e3f7a9a-dc6b-5170-b00a-682e9c5b147e,0.1366,none
845fed7c-18d1-4ebf-998e-60f60b41569f,69968254-1ac1-5430-82cf-f1ab1feaf603,0.139,none
46195f9e-50e7-48fa-8d2b-edf50a3eefad,fe68104a-2bc9-58d1-a25c-3e48737f8dc8,0.1452,none
57d9b317-c68a-4566-bbe1-001c7dd40d43,e6525dd8-5e57-5c8a-abee-57f64d1c9eb4,0.2441,link
602d50cf-216d-4b73-96fd-6d76034be945,94649c1e-5872-4c77-aa4f-489000b4b61e,0.1402,link
647a2737-b8bc-4737-b5a4-c3d0d9dcede9,8c813c05-6487-487b-8854-85148f0988ce,0.1616,link
4edd75f0-116f-4cbb-94ca-a5d176573f30,ff414985-eb52-5ea5-9f99-14b918e5d1de,0.2434,link
34f5e4b0-7a17-4b29-abf1-8e71502f9619,d95a85b2-73d4-56cf-8b20-2b7b9fa0fa1a,0.3227,link
246d8e72-d51c-4069-9ec8-bde26411a212,108ea2f2-86d5-5291-9e69-7fa4674b9651,0.4448,link
332803bc-7af5-4d4e-886d-1ae94bb72bd9,c89785be-060c-4d5b-81d4-c91965d3100b,0.206,link
a07fda7c-00eb-4e55-8e6d-18d93342cd01,ee49316b-0837-505e-9701-f8b842dc8dd0,0.3515,none
2711d39e-62bb-4d6c-8646-f4bc2d841184,18baa937-6c61-5248-93a4-1a5bfbc4e99a,0.1297,link
089d3c63-4b13-4fed-a066-ee3a06fd4c0c,88de053e-8d30-5976-9733-6952dfb9277a,0.1404,none
924ca975-15b2-59d6-9093-d59fbbc7bbdb,924ca975-15b2-59d6-9093-d59fbbc7bbdb,0.2387,merge
a6134b89-4846-52b1-8df2-7fc536318e85,a6134b89-4846-52b1-8df2-7fc536318e85,0.5208,merge
7df9b3ce-b89b-467c-b565-859de019cc10,05afb8bd-8320-5fa6-98f6-ac0be0fa5767,0.435,link
e8645e20-09c9-4ca2-9acf-85fa84c80c9d,f5556ce9-0389-547e-b256-16a6fd13219b,0.1185,none
23a3755e-03ce-407b-ab8c-74be8a47c4a2,f56c2e0b-ff61-55b2-8eac-4b069a784d31,0.2124,link
2bd92215-7261-4d42-ba77-43a8d35c1a0b,a06a71ca-4485-5c95-a6b7-7de47ae7270a,0.1936,link
13568013-c95b-4d45-b771-78b1d2a917ca,fe6330af-bd2c-513f-ba16-06bcbf391c2f,0.1954,link
d64d2670-ca26-5a42-af62-cf9df6ab31d0,d64d2670-ca26-5a42-af62-cf9df6ab31d0,0.3847,merge
70ebeedf-ff6d-479d-9e2d-580c5e6bf6c3,01603799-f30a-5408-8996-6e4269ba1ecb,0.2274,link
8678308c-1edd-4a87-9f99-40590afc5c78,492aeedd-ef70-5b41-baa2-a555a9299db8,0.219,link
ecb0f541-cb57-4a9d-a36d-bb2a9b58fd96,9443b696-1fd3-4c05-b339-327d921750ae,0.1443,none
30f1faed-1093-40cb-93f3-cd5b6cd6a433,30f1faed-1093-40cb-93f3-cd5b6cd6a433,0.2051,merge
965969c0-c198-438f-9cfb-9b4c078676fb,d98ddefd-25c4-5988-82d6-102fb496b14e,0.1696,none
eabfcb87-2e31-4bfe-b3e7-e1426344db68,4a3655e0-0275-5949-a449-f9b8088763bf,0.2186,link
0bfafde1-da4e-5c93-a19d-4469fdce39fa,0bfafde1-da4e-5c93-a19d-4469fdce39fa,0.2396,merge
d89eb07b-3f1f-4d4e-bcd2-3ee945db40f2,ff414985-eb52-5ea5-9f99-14b918e5d1de,0.1478,none
cc4919b5-cd06-4a46-910d-3a0581332efe,6a3040b7-8da5-55ab-8b46-29194e8d5143,0.2447,link
c2474e83-8e42-4f58-ae75-30748eb524e2,54110dcc-df25-5da3-95e7-b95407c0aff3,0.3583,link
f1956e72-0b96-4599-9d7a-55b39e6c1dce,836a87ee-b794-4d99-acaa-bf2470489009,0.1855,link
fa217add-db0f-4cd5-abb8-b5472196a2cd,6075778b-d005-5e18-8d71-3f5ce9662b1c,0.3043,none
35bc1efc-c989-50af-b620-a7bd77f2f808,35bc1efc-c989-50af-b620-a7bd77f2f808,0.3617,merge
0f80aa86-2c60-5a0f-bd85-7720345949d9,0f80aa86-2c60-5a0f-bd85-7720345949d9,0.2525,merge
1aa1697d-f4ee-4edf-ad5c-869a763014f8,0fd18a8e-496e-5105-89a5-17a62731dd60,0.3298,link
d48ba900-e58d-418e-bcb9-20a6f4fd9db8,0fd18a8e-496e-5105-89a5-17a62731dd60,0.2195,link
4f2507bd-7848-4b20-873d-c63bdb12c8aa,0fd18a8e-496e-5105-89a5-17a62731dd60,0.2528,link
0fd18a8e-496e-5105-89a5-17a62731dd60,0fd18a8e-496e-5105-89a5-17a62731dd60,0.3395,merge
3cff878e-8ca0-41e0-9ec1-d4d46ea8f7f6,14b00afa-2e39-538f-8562-b8e7aecd2876,0.2091,link
5c41058a-8ddf-4893-8069-da3a2d875bcd,47943e2b-fe2b-5245-8b98-5eb587151b39,0.1738,link
19cec163-412b-5bb2-bddf-f54d76cbd37a,19cec163-412b-5bb2-bddf-f54d76cbd37a,0.2509,merge
5cfb8747-f9b0-4df7-915e-e751fd7eab9d,9f5c095c-c8bb-5386-b0f7-8ffa1970f5e4,0.1884,link
f2ebaafd-d3f6-4c4d-b183-d9759d2a7cf4,1845161e-dfbc-46fd-8cf7-9adfcf70c065,0.2365,link
5c802e23-4049-4329-ade5-7e37bccc618b,5c802e23-4049-4329-ade5-7e37bccc618b,0.3591,merge
f48a977e-7014-4f12-afd5-b3e202c90dbf,06806313-cfe4-5d7d-9646-fdcf8520cadf,0.2308,link
f292bc38-a864-4d28-aa47-d06af7024d13,9a93208c-551e-58ba-98e2-db8694ff7568,0.123,none
9bf54462-5fd0-59bf-8360-cd503e45b884,9bf54462-5fd0-59bf-8360-cd503e45b884,0.3036,merge
e913286c-6be9-48d0-a896-dcac0d2e65b0,a997e206-ba00-5087-9ac7-f301f2eb9841,0.2457,none
8f63be98-d17a-4a1a-8a68-1a49a785f733,b12819c6-2869-5f6c-9810-5b54feeee60a,0.1046,none
c615e18f-68b5-4bf1-a1e4-7d553c50e3a2,6e14cbc7-5d05-4f3d-a44f-069d14149fe9,0.2927,link
cb5664c3-6109-4789-9ce5-e312baff253e,ec37d190-37a1-45b3-bf53-06b1b5dfb179,0.1674,none
e77f0348-0f2a-428f-8296-c70097d9b6b6,a8c5cd82-c41b-40b6-8b4e-06dce42cfafd,0.1876,link
b51d13df-4d20-4937-ba1b-998bfff0b326,06129a6f-4883-4028-a689-2aef95a8f2fe,0.1904,none
e23f8c2e-f346-4641-92a4-b96a672b7432,0bfe77de-2517-5eaf-878d-73a0513d3995,0.1135,link
9aacde67-d7d2-4cd8-a827-b0ec98df5ced,9dcbafef-2ff2-4a74-acba-446ff8e65756,0.1351,link
f85a6ea2-9a62-428a-806d-d0aca422b58a,f85a6ea2-9a62-428a-806d-d0aca422b58a,0.4079,merge
a92e926a-8f58-4685-8dec-8d7e803f397d,bd231971-bdec-4f1f-a23b-a7950c3092bc,0.2116,link
aa923041-dc58-4723-807a-30926c323c10,1a15b037-5506-4e26-839a-08ba54741f52,0.266,link
492aeedd-ef70-5b41-baa2-a555a9299db8,492aeedd-ef70-5b41-baa2-a555a9299db8,0.3185,merge
9dc17ff0-bb58-4870-9d5f-7760ee513fe5,82a37258-28ff-456c-8435-1e5e9651f885,0.1982,link
55eda077-8e73-49af-b92d-61798922592c,624d3620-77c5-590a-8219-19dd85ae0cef,0.1546,link
543dbbc9-3719-4cf4-9e35-3c0ad10593c9,5a546844-dc97-5d65-8b9d-da425ec24c3c,0.2154,link
1e012027-cb8d-45db-820c-d004e7702935,bf88fd38-5b34-4cb5-8364-6dd7127c800e,0.1771,none
6c649e35-b6d9-4c88-8207-77f9d6415a7b,91a4d15a-cda6-510b-ba13-56d5bf536917,0.2559,link
49d96009-6ab4-475f-8c0b-a9aae2d67a0f,8b9d97ec-b860-4c2d-b65c-818e0753cf5d,0.2694,link
2369f5ce-b746-4bfd-8f17-6d42901c76db,c7ca6f31-ac92-53a4-aa20-6cd3ccb6b797,0.2532,link
0da6f783-c043-4941-b3fc-8078b37de96a,91a4d15a-cda6-510b-ba13-56d5bf536917,0.3585,link
8fdb81a0-e40c-4a72-9e26-222f917fe6d9,647a607c-1c33-59f7-8fb7-7dd212bf884e,0.2295,link
c79de63a-e133-45aa-81a9-9885dc274826,985ad98c-02b9-4773-aafb-824a31c427a9,0.1349,link
e26b6696-1fe6-5a93-97f8-2de9dd1d07e2,e26b6696-1fe6-5a93-97f8-2de9dd1d07e2,0.2658,merge
5ca0345a-17e6-4ddf-ae7f-ec6882b74291,46fa1581-c95a-556e-9573-d6b6a1924e4b,0.2124,link
be6c0264-9d22-45b2-90ad-3885b9071d26,46fa1581-c95a-556e-9573-d6b6a1924e4b,0.1908,link
e84ee8d9-40c4-4195-8aea-ef5718a24594,133abb93-2720-50fc-a417-2fb6d67d32c5,0.2535,link
20ecd74f-7365-49be-a83f-d70ec589a12e,7eb2d4ba-ee68-42dc-b094-3e76ba507bca,0.1756,link
15cbc905-9a2e-445b-b609-3ff220bcaf2d,985ad98c-02b9-4773-aafb-824a31c427a9,0.1149,link
6ae8470b-3666-4b01-92c2-49dafcf23b13,20239e1f-6dee-41c6-a5a0-6fff82885fa3,0.2556,link
1407e5b5-d4e7-50d9-bc0c-6b3a65a95919,1407e5b5-d4e7-50d9-bc0c-6b3a65a95919,0.2083,merge
1b09736d-262e-4eaf-ba54-a16102c09a61,1b09736d-262e-4eaf-ba54-a16102c09a61,0.4547,merge
80bf5a91-06b7-4a69-bf8f-73b5366c1443,a5ffd2f3-9b5a-4551-bff9-2ea0399cf44f,0.2762,link
ceade873-f15a-439b-b3c1-7588b753403a,bd231971-bdec-4f1f-a23b-a7950c3092bc,0.3422,link
5cf3adc2-bc5e-4cbd-a282-b47450b2d15b,bc576055-fa8f-4d11-bd09-d637f01ff35c,0.2271,link
bb6567ca-fea9-4ba5-a986-dbaea1d2a259,2445741d-152c-50b2-9c29-9bf55c047418,0.095,link
7cd1af8e-a0b1-4ea9-952a-058d2c292944,60ea6d10-1a57-5d4d-a153-94b9eedb7f81,0.2663,link
ab18c8b0-d8bc-4bca-8689-0e494d4fa473,dfb46869-1407-435e-b90e-767ce336a155,0.1524,link
eca39074-3e15-47a0-a930-2bc8a8fb7771,5069fa38-0a9f-5c54-9c00-69c2d65c0042,0.1591,link
60ea6d10-1a57-5d4d-a153-94b9eedb7f81,60ea6d10-1a57-5d4d-a153-94b9eedb7f81,0.207,merge
afe9867d-8f78-4171-bab0-a701a2d467a9,85bcacad-d1c8-5e4a-8ffe-0e23ebb13790,0.1383,link
d76ac695-5b8b-5196-8019-0e4b86b3bd93,d76ac695-5b8b-5196-8019-0e4b86b3bd93,0.1969,merge
1ae29d4a-e337-4876-89d3-f7973b4afa53,ede10534-7166-5f54-a90a-aae0d43eb097,0.1565,link
8f51972b-037e-4dfd-9861-0c1ff05638e1,ede10534-7166-5f54-a90a-aae0d43eb097,0.2428,link
522dfbfa-6e48-50e2-b8eb-dd95b5302e6b,522dfbfa-6e48-50e2-b8eb-dd95b5302e6b,0.3276,merge
4207f2af-9e7d-4eca-8ada-849b53604909,52ffb8ee-c70d-5076-b2c6-8f3a1b435fa9,0.1877,none
e19c8ced-7f13-4968-a1cc-5073a22cd0d6,05afb8bd-8320-5fa6-98f6-ac0be0fa5767,0.2078,none
567c3e10-7cc7-4beb-9ee2-44b045f2954f,a997e206-ba00-5087-9ac7-f301f2eb9841,0.256,link
be10438a-7ef8-45f2-aa9a-098a7051965d,4086d386-afea-5759-9b38-0f8f6b7df843,0.5338,link
22e5445b-2ea9-47c8-add3-87d79aa790d7,54691c3d-ac1f-4522-a808-075f8023ec7c,0.2291,link
6ec22f2c-65ad-4bb9-bd00-a002120812ba,8e30f23e-7d4b-52e5-a03f-597e9cbe69bd,0.1435,link
3ecbd1c3-95e5-4cf9-813e-cbb696778742,fa6fd745-8337-55b1-a05b-f7f6234543a9,0.1413,link
724c047e-4995-4a85-a39b-306ccecb4a26,0b583d53-2d36-43eb-971d-cea2025278d4,0.4151,link
c1214d62-4d78-4bff-96bc-59331c996e95,b0d86ce9-bb8c-4d72-bd82-273755989268,0.3024,link
b9e91ee2-fd88-48fa-a28c-37c0f8652f7f,221f995d-4d50-5249-9b21-7851722ce8f5,0.1377,none
e82bf0bd-a746-4f2f-903c-2addab9b897a,b13a7aec-2577-4696-aaef-9c4d50043595,0.3147,none
6931f89d-e9be-4458-ab84-fcb3f6b60765,221f995d-4d50-5249-9b21-7851722ce8f5,0.2192,none
ca6f781b-fcb0-4223-a4b4-46f8b0d6d610,4fa7e2b4-ddcc-5788-b029-d3b203a81a41,0.2232,link
2d2fcb7a-0f8f-417c-a255-043e82685c04,08434f52-ce6d-52c1-aee7-dbace1454390,0.1871,none
305edb5e-e972-5f35-adae-d95371fb9b0f,305edb5e-e972-5f35-adae-d95371fb9b0f,0.22,merge
85297592-9916-48c1-b821-9834a2a3f571,aaaeae52-291c-5622-b287-dd397cc8ac16,0.1935,none
72ac2280-e8b2-474e-8045-0994e1730ed7,2917a820-af92-4b79-83c0-6c8770c1010e,0.1384,none
5ce4c9f2-64e2-41ff-aab7-f2e48317c6b2,6dfa5f17-5f0e-4e32-9653-6b24ea2b1043,0.147,none
2f616986-1fc1-4b18-b2bb-086f7c9c04e5,089dc286-bf41-474c-a03d-2de4bd67b84b,0.1394,none
3adc18f8-15fb-5dca-ae72-20a6dbb0b4bb,3adc18f8-15fb-5dca-ae72-20a6dbb0b4bb,0.2457,merge
c21fed01-9498-461b-a7b2-b7121c30d39e,f9c7d91a-a6f0-5754-a100-3f0f7f60ad6a,0.1584,link
6763efc9-9507-4b4c-a7ce-15315fddebfd,f9c7d91a-a6f0-5754-a100-3f0f7f60ad6a,0.2946,link
17a7f7cb-925c-4755-ae42-38a943b5b519,3adc18f8-15fb-5dca-ae72-20a6dbb0b4bb,0.4217,link
e768ef10-791e-4267-8a14-907dce01fd8f,b4c01042-df5d-57ca-b398-fdc29b74abbc,0.1885,none
f578a7d0-3872-555d-9e67-0ec54d6f90a6,f578a7d0-3872-555d-9e67-0ec54d6f90a6,0.2819,merge
e84c8430-8a88-4de8-b1f4-df13484cb558,e7cdb75c-feda-56cb-aaa8-36eb7c2186db,0.2371,none
3583f16c-1ccc-4bf8-9815-1552875e36aa,b5477362-e63b-4360-bd8c-43636b00787a,0.1941,link
929e10ef-c879-4d29-84a3-8774b6b23c96,e6525dd8-5e57-5c8a-abee-57f64d1c9eb4,0.2454,link
afc70b5b-2557-4497-95a1-9a9be5ffe5a2,027af5d2-4e6c-5a3c-8888-cdb53ea6ce49,0.175,link
3213cdb3-4559-4a6e-bb65-d424e78e9bbf,ef95113c-01d9-5f74-847f-e6187aeaf3ca,0.4839,link
ef95113c-01d9-5f74-847f-e6187aeaf3ca,ef95113c-01d9-5f74-847f-e6187aeaf3ca,0.4335,merge
98bcd3e1-70ed-429f-b26a-7906fc968fd8,9dbe375b-d5bf-56e9-9980-9d21682bf1da,0.2411,link
f6831c5f-12b0-4f02-862f-242e0c01c3d5,a7ac1663-8f0a-438a-946d-9432d4edd21c,0.177,none
9779b7a6-8c81-4b15-a78c-50ec10a15879,62c07680-3f4a-4303-ab0e-97ff97165783,0.1302,none
57c17737-8a23-4416-afe7-6fc318c2af35,7e561083-58c0-554a-8cb0-ff5621464fad,0.147,none
ab1dd9c2-5d16-4566-b556-e1009488e14c,7dfda327-0d4b-5dd0-894a-9b8a59b51069,0.1307,link
35f5fd5b-fdbd-433c-8e90-a095e6495453,8bd3a000-9afe-577e-8781-dd8b8d493289,0.1419,link
c67548da-b381-499b-9a2e-e8cae7fc6f89,4fa7e2b4-ddcc-5788-b029-d3b203a81a41,0.1169,link
6c931e4d-8074-499b-8cd6-8cfb9f350eb2,52ffb8ee-c70d-5076-b2c6-8f3a1b435fa9,0.2498,link
8bd3a000-9afe-577e-8781-dd8b8d493289,8bd3a000-9afe-577e-8781-dd8b8d493289,0.2561,merge
8bd3a000-9afe-577e-8781-dd8b8d493289,8bd3a000-9afe-577e-8781-dd8b8d493289,0.2495,merge
ebb51d2c-1261-4865-801e-d8c9f1c55856,32da252f-5957-5f9d-812c-b1ac4daf67ce,0.2491,link
175a45df-f09a-50cd-b5f3-54826ac750a7,175a45df-f09a-50cd-b5f3-54826ac750a7,0.3433,merge
94748b04-f55b-415c-b40e-fd372f9254b3,0547ded3-3b6d-58c4-96ba-e7afd6191e68,0.2667,link
00c5a7f7-c751-42cd-8494-1b0cbe5d8846,91491da3-9203-5f7b-85f2-6747ae2ae03f,0.1434,link
e9575fe0-1d90-4d6b-a777-f9c77cf3a5ee,221f995d-4d50-5249-9b21-7851722ce8f5,0.1856,none
a1edd1a1-fe10-46ef-8f94-c031ffa4311b,10bc56bd-613c-5965-823b-a4dd11ba482f,0.2028,link
28872f01-8907-45af-b8da-7f13e4a90ebb,0547ded3-3b6d-58c4-96ba-e7afd6191e68,0.1581,link
e134fe9f-7475-4424-896b-cbcd4af152c5,bc5c4af1-75d0-40d4-9f63-b37620b344f3,0.1322,link
6967e8f4-a187-4278-873e-71bf93d7ca90,6d017c4d-0a12-4e41-8ff6-c7c87f151ce7,0.1345,none
11657e4f-4199-4cb3-ba9f-10d25f32ec38,d95a85b2-73d4-56cf-8b20-2b7b9fa0fa1a,0.4574,link
5292e1b7-1b3b-42bf-9c65-cc8a1b530ebe,317f9cf3-3430-58d9-b00e-d1c2c2e23c7f,0.3242,none
f71d7f53-5151-4b8f-b023-621ef9a110d8,140c9070-138f-59f7-a1a1-ad3f1815b981,0.1195,link
1a2535c6-7a8b-415f-9ea4-9ddbca1dc1f8,d35d972f-2140-4f0e-a95e-8527ac7a2761,0.1514,none
fdfa8f64-f88f-4ebc-b62b-6cde34a588e4,f8c5deb5-1b10-469d-a3b1-5c5c4d212de4,0.1849,none
fe93b4cc-2453-485a-bd9c-9cba5681ab2a,54110dcc-df25-5da3-95e7-b95407c0aff3,0.2964,link
8119c47d-f394-50ff-b630-f4aa64763b52,8119c47d-f394-50ff-b630-f4aa64763b52,0.5445,merge
1a8b966b-299a-4a17-ba01-3a7035124191,b95e72ff-9799-4b1a-bf69-25f1d79c2a09,0.4533,link
9a673ff3-468b-412b-9201-a544c9cdba5b,1a15b037-5506-4e26-839a-08ba54741f52,0.3884,link
c8249c06-3570-41e1-b74a-63b45afefcb9,30f1faed-1093-40cb-93f3-cd5b6cd6a433,0.3572,link
67adc61b-81d3-4d12-b903-93c34ff97e74,ec41feea-d416-47fa-acf9-74b0b5d3358d,0.1769,link
3cfdc74c-60d4-4412-9987-0bf7b87da668,77d44ae0-df48-48e1-906b-0a99b2a1899e,0.3262,link
99cfa677-0bfb-4aed-aea7-c2710507a1f9,15d457bc-6f3e-5250-908b-7bd38247f237,0.2619,link
78c89c62-4540-5d54-90d3-8db8dbecc145,78c89c62-4540-5d54-90d3-8db8dbecc145,0.3111,merge
a8a8a7ce-b79c-5625-b119-889b028c386a,a8a8a7ce-b79c-5625-b119-889b028c386a,0.2847,merge
89b9ba67-0b39-403d-b075-1c7dd8740ea6,a8d19cfc-4a1a-5c05-92e5-13de4bd14501,0.2673,link
71eb79c2-0dae-4313-a0fd-e3d1ad535c21,b0d86ce9-bb8c-4d72-bd82-273755989268,0.2922,link_regional
30f1faed-1093-40cb-93f3-cd5b6cd6a433,30f1faed-1093-40cb-93f3-cd5b6cd6a433,0.1781,merge
f68e4f89-41e3-499e-bb39-5512285503f4,f68e4f89-41e3-499e-bb39-5512285503f4,0.2882,merge
76b88535-e6b1-4c3d-84fe-e9f36cac4619,75cc3a66-c153-4a41-8894-1715e0c031bf,0.132,none
e3d3c8b3-75ef-48db-ad0d-8111e76759de,91491da3-9203-5f7b-85f2-6747ae2ae03f,0.1284,link
248eb988-d7bd-447b-bf8e-9f920caa31bc,91491da3-9203-5f7b-85f2-6747ae2ae03f,0.1796,link
56f837bb-7ce3-4bdd-a813-8149d86627c3,95866cee-da95-5111-a757-301bb6af30d3,0.1056,none
bd6d804c-f6ac-5b4c-b1fb-b9b762028a80,bd6d804c-f6ac-5b4c-b1fb-b9b762028a80,0.5041,merge
bb7d7c8d-700f-40a9-8fbe-e949ce7f7bda,71dff97d-91b1-4e8e-9d17-a4c78ba046c9,0.1974,none
f2bbf6d0-4eb0-44ec-aaca-3f37b3b76b07,370f42c5-303d-5239-acb6-262fef986998,0.2233,link
b45f15bf-5baa-4be8-8d83-07d99496c3e5,ab08d067-b953-59e5-bf08-50c1afbb2492,0.196,none
b55cc450-8813-488f-a224-2851ffe8c466,bd3e69fd-bd39-59c3-97d2-32a424fb2819,0.2491,none
6f240439-a924-40a0-8423-066e42912e4e,1bff6614-a6c0-5ee1-84a5-0da4f870a38f,0.2746,none
40cc77f9-7d1b-4b0a-af0a-726c1014cd94,1a76196d-c5cd-5314-9230-fb068e899986,0.2711,none
02cbba80-f16a-4e73-b0c4-c187b021d077,0cb33278-9c22-54ed-8781-e9597a9925ea,0.2143,link
0cb33278-9c22-54ed-8781-e9597a9925ea,0cb33278-9c22-54ed-8781-e9597a9925ea,0.4674,merge
0cb33278-9c22-54ed-8781-e9597a9925ea,0cb33278-9c22-54ed-8781-e9597a9925ea,0.5095,merge
bf9b90e6-ea55-4f63-b745-260a28abf81d,f0cbeebe-a162-531a-a633-dc0bee3cd369,0.2098,link
e7908dbb-2fe3-4959-bf61-62809b3816ec,be8712d7-2539-5bdf-bd3b-291f0f83ad8e,0.2064,link
a2cc4c1f-b32f-4992-9f66-62a6de90e7fe,be8712d7-2539-5bdf-bd3b-291f0f83ad8e,0.2634,link
0b3022f4-48a6-407e-be1b-d2b394ca9df2,be8712d7-2539-5bdf-bd3b-291f0f83ad8e,0.2371,link
a2497c3d-e070-4121-8a77-d184d0f446e4,2ee8400d-3411-58e8-a98b-bcba2552bd88,0.229,link
ca028468-6a44-4ec8-982d-784805a90d84,f9c7d91a-a6f0-5754-a100-3f0f7f60ad6a,0.3279,link
d7304804-ab79-4813-a99c-fba2b129dbe5,e7cdb75c-feda-56cb-aaa8-36eb7c2186db,0.2744,link
99bee440-9a62-401b-af13-dc5a9441fb3a,28c9b7c1-8811-492e-b78e-1a09009c6561,0.129,none
e44a0a2f-53b4-4631-9161-03a6852c7895,912cf934-0cdc-5c68-ad4e-133023e02d82,0.2505,link
cc4c37f1-0c0d-413f-b157-66f9790d205e,5e0696c8-f1ed-401a-8222-43bffff114fb,0.379,link
f103db3c-43d1-5839-a76e-d0c41ae5a97f,f103db3c-43d1-5839-a76e-d0c41ae5a97f,0.3088,merge
6f14744f-0184-4daa-9521-00914703db44,f103db3c-43d1-5839-a76e-d0c41ae5a97f,0.2731,link
1eaa433f-6245-4d98-8770-9c72df991961,0af31c8a-8b82-5b02-8919-21621b5ee394,0.1227,none
2d69b821-c565-449e-9b52-352e34e9c45d,910d3329-4f0b-463e-8163-7f99d25ad66a,0.1812,none
46791ced-ccec-4b88-8c1c-3ec19d4f81e3,f106393a-d573-4969-9649-b69513bc1666,0.1175,none
d43a5c90-2d6a-5499-9389-9d5ec150021c,d43a5c90-2d6a-5499-9389-9d5ec150021c,0.1376,merge
ccddce0b-1865-4996-91da-68195f3805f8,e9caada8-124e-5265-91c5-b8d2f7571230,0.2017,link
9f5bd250-50c2-49a7-a597-0d9c61f64259,610110ea-77f4-5944-8b31-6d1f340f5722,0.1293,link
14037762-9062-4acc-b372-c8e596fe6150,f7d07fbc-10d8-53b7-a6f7-fc4396463004,0.1752,link
8f106219-1dc9-4d87-91d4-035c0257f45f,8f106219-1dc9-4d87-91d4-035c0257f45f,0.1891,merge
b0d8baeb-9efb-4ac4-b7ba-e28ed0484593,45af3dad-f365-4ec3-a0aa-219ec8651a64,0.2006,link
dfd0b5ac-fd02-47af-b3b9-078f322d49d2,8f106219-1dc9-4d87-91d4-035c0257f45f,0.2158,link
6255cf44-54b5-416e-8f0e-7ce8ed12cd93,6255cf44-54b5-416e-8f0e-7ce8ed12cd93,0.1533,merge
50c272dd-f83b-4042-8c9f-45b07b6e96fa,8f106219-1dc9-4d87-91d4-035c0257f45f,0.1528,link
6225530a-bb80-4817-add5-9cc8c783661b,45af3dad-f365-4ec3-a0aa-219ec8651a64,0.2819,link
ef57053a-7104-4d0a-bee9-5962abdc719b,272d9661-6c65-5855-a332-93571d49bda1,0.1981,none
34881c00-6211-487a-ad15-ec84f7666b3c,22f9d2c8-81ff-4eaf-b4e0-df407e7641e8,0.1887,none
8195aafb-ef0e-4c5f-8503-8977ea0ede38,9a476e0a-ab93-58e0-a003-91f2b161ba34,0.1605,none
a704d047-5fba-4bac-aad8-9a1c77b560d1,3c648f44-ea50-4f6c-b97c-6f3a8fb572ea,0.1739,none
bce565cf-f073-5e79-9fd9-408ab180d0d1,bce565cf-f073-5e79-9fd9-408ab180d0d1,0.1995,merge
8c682fec-da27-4e4b-9f90-92be4e90e4ec,159b3e9c-9b91-4b9d-8d7d-ed5496d64983,0.1963,link
00865769-879b-48a4-8319-1e0bd860f0ca,7e60e86f-6ec5-4e81-b65b-d8f3fcfcf2e6,0.2343,link
57cd37ca-2fe4-4bdb-9454-5c2fba1f85cf,57cd37ca-2fe4-4bdb-9454-5c2fba1f85cf,0.2182,merge
2dfa1d31-23dc-403b-a29b-ac2b43e5f718,0013fbee-3e76-500f-9978-42aa1a65f105,0.1457,link
7e60e86f-6ec5-4e81-b65b-d8f3fcfcf2e6,7e60e86f-6ec5-4e81-b65b-d8f3fcfcf2e6,0.4845,merge
86e8213a-10e4-4d27-9625-02de3f061253,9dbe375b-d5bf-56e9-9980-9d21682bf1da,0.3488,link
aa31e561-a9d4-4772-90f8-67c0c836903c,fd70ea61-d4b0-5e5a-aecf-82bf0aff6480,0.2237,none
6247ad83-eb04-48ea-a6bd-6bac9840a727,42bd6ba5-c571-41c2-9f16-4c681b4b1827,0.1055,none
beb7fc50-bc73-4a9b-8249-bd3ee052d313,5be0a8ca-2697-546f-bee5-0992976e4c98,0.1618,link
6bff69ef-ed6a-41e5-ac6e-cfbe07135950,505a4a25-d5e6-57f3-a35c-b12fb85c4abf,0.2624,none
2b25a63a-4e06-42d6-b7fc-b7f457f1a4d3,6809d1e7-c1b5-5653-bde4-929b532484f1,0.2268,none
f3a4a1ed-64c6-4eb8-a319-df97fbd1f489,2b3665ac-d9e0-54e1-bc8f-be3b991d7038,0.2243,none
1352f51f-30bb-42b8-992a-f9b5558bce92,f7a9f0e5-d847-5b6e-8fa1-e1d6d001cc58,0.1959,link
539cab15-5fb8-5920-951d-d95e4f9d6aed,539cab15-5fb8-5920-951d-d95e4f9d6aed,0.2191,merge
08a2822f-e7b0-4a26-a210-39927175387e,108e49e3-c3ca-58ed-a70d-95086aa90c52,0.2665,link
7bf499f6-03f9-4ded-b367-f12630e5aaa9,7e60e86f-6ec5-4e81-b65b-d8f3fcfcf2e6,0.2058,link
fad257bc-340e-4c12-a1ed-a17d97732af2,c34d178e-5417-5849-b054-e0fbf5c99ef2,0.2822,none
9d795694-10ee-5720-b042-24295517817c,9d795694-10ee-5720-b042-24295517817c,0.1982,merge
65bf0c6b-b4e7-41e8-bc72-59ede78e2fdd,524bcfce-6e7e-571a-b3fe-db64d70d72a7,0.2646,link
51d0eaaa-7cde-4518-92a6-483f2549f203,70393172-f85d-520e-86d2-27ef4b1966d0,0.2378,link
c2b2be12-f7fa-4420-9796-c6dfa9ffcc5a,c869a6c1-ffed-596f-a64f-6bffdd8faf92,0.2136,link
fe398b4c-1031-47f1-8e11-968e2ab6f01a,35bc1efc-c989-50af-b620-a7bd77f2f808,0.1969,link
82d042d0-dd1d-50d8-bea6-43361589d5a6,82d042d0-dd1d-50d8-bea6-43361589d5a6,0.2493,merge
9c52dc04-8e3b-45e7-a1af-0862fa7e71fb,6aba1b00-d247-4f2d-893e-5d6710d44004,0.1602,none
a5790838-903d-46c2-89df-cffb820c53a5,a5790838-903d-46c2-89df-cffb820c53a5,0.416,merge
f90fe970-6296-46ad-81a0-663aa06c2f9a,d8518ef2-064b-4e4a-86f6-8262de2a9019,0.1828,none
266cbcbc-39c5-4f87-adea-5b3f1a4cce77,a6f3f96d-a2d8-5ba5-95e8-33991edcecbc,0.165,none
4a714ab3-45c2-4c74-9b68-8f0a77fc53f9,996fafb5-1af9-48b4-90a4-2d8244979508,0.2053,none
e4ec9375-3ff3-4b55-b7d5-5950a46840ea,b5571b1c-aa36-42b3-824e-84ec758a6ac4,0.1286,none
9aafc477-b02b-439b-9a7c-59cf66587a89,7229c4c9-f3ee-4808-aa5d-6b908775c2af,0.1326,none
496fb33e-c06b-4d1a-b8c8-ec277829e728,4defdf30-5362-4cd9-b3d9-0802b32fda2a,0.261,link
5b022698-8c5f-45bc-be34-3192863ee067,d1e6235a-4df5-4dbe-920e-de6bdd970827,0.2608,none
353b16fe-5503-41b2-b319-49e452e90797,7ed94f34-c01d-4e70-b58a-29225ec1b2f6,0.2081,link
0eff79e7-3b99-4509-a88d-4f459e088fa3,c6cd3bce-8623-4a64-b702-0bd65c61ef47,0.1838,none
00399cc2-e598-4c1e-9234-6ce1ed9b184b,18baa937-6c61-5248-93a4-1a5bfbc4e99a,0.1609,none
be8e4f0d-7a26-49c2-8e34-88bfb54e6188,b6efe0eb-5344-4488-ac17-9f035ad088b5,0.3187,link
f57276ca-73e2-4d05-a1dd-f98ddb0ad548,5bb0a92d-6a26-5447-9ba9-3f05e70ce71c,0.1593,none
99dfb483-4a12-47cc-81f0-816dcfadd644,f68e4f89-41e3-499e-bb39-5512285503f4,0.2588,link
87d0f928-cade-496a-9eb7-f1d4a36fceb7,51005efc-b371-440b-a2a4-2f66a3f51bb6,0.2433,none
4801b371-d19a-416f-9a78-7dfa857b12d7,6296eb90-a033-4c97-8a0c-65289e926166,0.1788,none
404e9433-913a-4862-b5ab-7c7c9e7fe827,2cd4f531-6eca-5069-b41e-159525dd624c,0.2264,none
f12aabd3-edc8-423d-abfa-c45a9dffbed9,3a925711-3572-5ea7-93c7-3b5ca7ce0e5d,0.194,link
30702f9d-e9ea-4d78-9459-2d1dca7407d9,b4c01042-df5d-57ca-b398-fdc29b74abbc,0.1474,none
79045072-d60c-403c-be7e-336ff5f6558c,8b9d97ec-b860-4c2d-b65c-818e0753cf5d,0.1859,link
5c413b6b-9c68-4b0f-a902-709ad6f9df0d,44a2143c-250e-5d19-b1b2-60ffd670ea61,0.2043,link
36118b4d-34ed-4d2f-a3a4-ad61d242e044,88de053e-8d30-5976-9733-6952dfb9277a,0.1438,none
748762a5-c417-4370-a771-fa6e0cec399a,05afb8bd-8320-5fa6-98f6-ac0be0fa5767,0.2614,none
1dfba80f-91fa-461a-9b88-6c11d6e8d6b3,567ffbd5-3542-5d93-b20c-c2cc6c49fc85,0.4,link
00219fcd-9a49-478f-946a-c3b8661ce53f,14c9562d-c985-5d98-8fe5-a8551e0a20ff,0.2425,link
a7c58b73-df31-40f7-b767-9065b626701b,a275a470-8fa8-5bbe-bc69-d7d90b8b1137,0.2344,link
ce41ddd6-702e-42c2-b155-783f24c561de,ec2a48cb-e041-5d38-b392-37aedf26919f,0.2509,link
15e12442-4c5e-4504-9164-e03ba62f6702,f10e97bc-a271-5f0b-85f5-a267043949e1,0.2186,none
e26b6696-1fe6-5a93-97f8-2de9dd1d07e2,e26b6696-1fe6-5a93-97f8-2de9dd1d07e2,0.296,merge
ffc6ef6e-72bc-4d10-b1c3-2c968457e238,ec2a48cb-e041-5d38-b392-37aedf26919f,0.2425,none
32053346-cfac-4ee1-b886-bd542b10acda,f10e97bc-a271-5f0b-85f5-a267043949e1,0.2475,link
38e3c9da-f962-4b40-8a45-dd6caf252d31,751c388e-7603-528b-b730-0e6378023a28,0.3778,link
a84732de-2bae-473c-9c8b-a909e696fcc1,5d51d7bd-68e1-5d6d-bbff-b674c73bbaea,0.2151,none
f66dfb80-052a-4606-9317-dba00f65b32d,e6525dd8-5e57-5c8a-abee-57f64d1c9eb4,0.3664,link
21aa5a66-fa57-4008-8d0b-a5c0b718379e,317f9cf3-3430-58d9-b00e-d1c2c2e23c7f,0.2594,link
c3b684c1-9c44-51cd-8a52-d7812ec62951,c3b684c1-9c44-51cd-8a52-d7812ec62951,0.3451,merge
c3b684c1-9c44-51cd-8a52-d7812ec62951,c3b684c1-9c44-51cd-8a52-d7812ec62951,0.4873,merge
16c252cb-8bae-4d7f-ae12-1dc5e84f7d4b,5f61cb2a-1c2e-5a6f-9f57-47629badf7c0,0.2381,link
9489e3f6-0da4-43db-8b5c-513e25269811,f10e97bc-a271-5f0b-85f5-a267043949e1,0.2137,none
d67ee451-bb81-472a-bbee-93b0661aa509,4afb8365-8988-5ac8-81b1-ac1a39a3f65c,0.2042,link
54110dcc-df25-5da3-95e7-b95407c0aff3,54110dcc-df25-5da3-95e7-b95407c0aff3,0.3007,merge
d3c67feb-bed1-433b-a284-f739c3adad1c,13498e57-1a95-5b05-a073-f99ab6e932ff,0.0818,link
2136d7a3-3e33-4c10-942b-ada8d4783027,e26b6696-1fe6-5a93-97f8-2de9dd1d07e2,0.2272,link
f6ce51df-5546-40e5-8274-dfa6eb4ae364,040fddcf-e023-4ada-ae33-1e80492c61f0,0.1793,none
231fcdf7-44cc-49c1-9f8b-0733f5c959e9,87b3b10f-8d3a-5489-8387-6808d065bb7b,0.2633,none
677a2fa9-3131-45d5-9179-0769f12d0975,a7ca2ced-e4d9-5094-9637-286665046547,0.26,link
d989bcbe-5e94-48b7-900c-86316fc310ec,1b09736d-262e-4eaf-ba54-a16102c09a61,0.3459,link
63e2fc2a-08fe-481e-9680-64520f82bc72,2b3665ac-d9e0-54e1-bc8f-be3b991d7038,0.2443,none
e7cdb75c-feda-56cb-aaa8-36eb7c2186db,e7cdb75c-feda-56cb-aaa8-36eb7c2186db,0.1886,merge
daf75cdc-0646-439d-abda-b8e34649be83,d4d78b01-6b8c-5356-a85c-e8815501ab03,0.3423,link
2de23924-f053-4a13-b34e-28b83ceb35a3,9a69106b-bb8b-5a63-a8d4-f68a20306123,0.3038,link
df9bf5a0-b858-4f93-9cf3-c3c09b9dc46b,268b36fd-ad70-4a14-8650-ae1919971de9,0.1745,link
d0e55009-566c-4ff2-8365-75dafa4a8df9,5d4fdfb6-22ff-40c7-8378-9b1cc6a37e08,0.2493,link
0e6cf63f-55b5-4552-a071-9519e7475816,96ea2549-9c14-4845-b9e9-58a78e2b7d4f,0.1544,link
52a53073-75a3-592d-a9cf-aba403b0d018,52a53073-75a3-592d-a9cf-aba403b0d018,0.2692,merge
f7990b4f-5920-41f7-a8c9-01f64831d3e6,d76ac695-5b8b-5196-8019-0e4b86b3bd93,0.153,link
f7928c26-0275-4cbf-8ad3-1fbd36e47e8c,13f41ffd-ad2a-4d12-9353-eb797b70da91,0.1477,none
e87d5077-a89b-4715-b38d-8947df9c8deb,fbf4ba40-f02e-4d57-860d-41ab15deabce,0.2942,link
598c5524-55d5-4ed2-a100-833e055a0df0,647a607c-1c33-59f7-8fb7-7dd212bf884e,0.1874,link
21479dcc-0b2f-4e28-b539-a8f2550639db,ce1985d2-d0ab-52d6-b0c8-e23a52585daf,0.2167,link
71826b2a-d622-461c-b892-725d21269865,32da252f-5957-5f9d-812c-b1ac4daf67ce,0.2747,none
f0b6fc33-145e-489b-9a99-622736f9df6c,3ad29867-b72b-5318-9362-2a15e7ea56c4,0.1557,none
a1b7371f-4bdc-483e-bfb4-87899625662a,ebc432cb-a1ad-56c1-8f77-0eb0d6ca9e89,0.1287,none
b6b1318b-0c19-4d23-b7c4-8d73db897c7f,13cc406a-cb0c-5917-9440-9be51de9017f,0.3341,link
d4e4ec55-b3a2-47f5-994e-da2e52fae49b,d95a85b2-73d4-56cf-8b20-2b7b9fa0fa1a,0.3362,link
cc5cfb48-9330-496b-96b0-7ae6f897f069,f10e97bc-a271-5f0b-85f5-a267043949e1,0.2272,none
6dd78f99-e0d2-58ad-9247-82ad17df2304,6dd78f99-e0d2-58ad-9247-82ad17df2304,0.323,merge
f3be4332-590f-4b7f-8b0c-5306108a4777,39ec1f4b-9c2b-5579-9e66-ef364c16ac92,0.154,none
ae975d69-8c4a-580b-aba0-7d9089b3393b,ae975d69-8c4a-580b-aba0-7d9089b3393b,0.2879,merge
f6cc98df-8d45-5acc-868f-9fd3fa9f58e5,f6cc98df-8d45-5acc-868f-9fd3fa9f58e5,0.2418,merge
80dd2f81-1226-47da-a418-2affa8f808b6,dad3591d-c534-5c37-8768-47da56a149d5,0.3444,link
b6b7476a-b7dc-4587-b0c4-337bcfda93a1,31d1aa9e-8254-5472-b22c-36d17d807f58,0.2118,link
0bb95e6b-ffdf-4c6e-92ec-172ec94f8264,e4fcddff-62f9-4cda-ada6-87cc367a5a19,0.2796,link
67ae7935-dc78-4d60-8338-bc0fd2587492,87b3b10f-8d3a-5489-8387-6808d065bb7b,0.2496,none
e643fe57-9d81-4ebc-a21b-64af9b029660,f0bb59c1-4b96-51c7-ae44-7fd1f7e784e8,0.1766,none
0bbb17b0-5a74-4f37-b357-4b528d8ecee4,2faa81f9-7a96-4132-a0d1-6bc97d6d00ce,0.1056,link
8cdb3c9a-acb2-4da4-9026-f7103fa84c8c,2faa81f9-7a96-4132-a0d1-6bc97d6d00ce,0.274,link
1b56c18f-0b72-4817-890a-7fee1b1c0695,2faa81f9-7a96-4132-a0d1-6bc97d6d00ce,0.3511,link
aa4cdcda-5636-5ff9-a386-9bd5b23d58b8,aa4cdcda-5636-5ff9-a386-9bd5b23d58b8,0.2808,merge
710ff1de-3935-42c5-b5db-965f1872553e,69968254-1ac1-5430-82cf-f1ab1feaf603,0.1616,none
f9ebcfb9-f75c-478c-a00b-9f232c5395f0,677ac9ea-e253-574e-9754-46a693260709,0.2881,link
cd4f50bc-54ff-4ea9-9505-55960b1bf493,a8d3fa42-e7a6-467b-bc29-b93764e7bead,0.1282,link
836f8a55-1ede-4185-9378-7f303691fd02,684c1fc3-8eb7-44b2-a448-133e3129d30a,0.1969,link
62db1834-ceca-46b3-b8bc-d8d2ba9641a6,a8d3fa42-e7a6-467b-bc29-b93764e7bead,0.1744,link
242d14da-c01b-4b82-953f-bb7cc488a102,d518fe99-9437-4d76-a2c9-d948bedfa970,0.2044,link
be169ca7-459d-45f4-8284-d979f33fadba,eb08fb56-de82-42c7-b4ae-00da9d254086,0.1964,link
aba7d0a0-913b-45e4-8ede-855ef4e8d2a7,64563c2b-2109-4848-9949-96e613b7ffe2,0.1839,link
d16c2bdc-c278-4a48-b1e3-5d2186d77f5d,56673e84-6999-4284-9833-0973262fa65c,0.2067,link
7952f0bb-3870-4c0d-8310-f7ee7a2ce074,2013ca22-fbca-5331-93f9-0beea2dd9cf1,0.1681,none
6afd8909-39d2-466b-aa7b-c099824da110,0c2bbad6-9f60-4f71-b3f0-570c2b823d66,0.2295,link
f578a7d0-3872-555d-9e67-0ec54d6f90a6,f578a7d0-3872-555d-9e67-0ec54d6f90a6,0.1943,merge
46fa1581-c95a-556e-9573-d6b6a1924e4b,46fa1581-c95a-556e-9573-d6b6a1924e4b,0.4463,merge
405b366c-2f55-4a55-aff6-06b489acd8ae,dd8b4c11-c205-5c97-aa27-464fbcd85a9a,0.4032,link
54a463dd-df6b-5ace-afb5-b3b179799e8e,54a463dd-df6b-5ace-afb5-b3b179799e8e,0.2875,merge
b39daa6d-6ef9-5322-9331-d38a806b52ec,b39daa6d-6ef9-5322-9331-d38a806b52ec,0.3756,merge
7f339f4c-abc1-50e7-a0f3-448af44eabec,7f339f4c-abc1-50e7-a0f3-448af44eabec,0.4456,merge
13204de1-3979-45eb-8227-9aee231c2907,7cc9fb8e-d3e4-5064-a6aa-06bab4c86b92,0.1711,link
28425817-29fd-445c-9515-2cddd93a436c,0d19d91a-e434-4289-8c1e-fbb57142b1f5,0.1563,none
12bd699b-f488-4bf4-9774-0162ec141028,88de053e-8d30-5976-9733-6952dfb9277a,0.1482,none
a8be94fb-1440-4e4f-b072-979d49267a1c,a8be94fb-1440-4e4f-b072-979d49267a1c,0.2491,merge
57e58e03-551c-420c-91fa-4651b7f31c48,fc8751b8-eead-5df5-aef4-c0ada3144ce5,0.2232,link
b1703217-469d-4194-b477-dbed9db76ff2,fc8751b8-eead-5df5-aef4-c0ada3144ce5,0.2003,link
73ce38ed-91c5-4eb6-a6ae-56588d0f10fc,f22b9881-4f43-544c-be55-de8e3edc5f85,0.238,link
25a9e83f-6601-461f-a628-fea1e2da2db5,b95e72ff-9799-4b1a-bf69-25f1d79c2a09,0.2485,link
98f2b790-34c7-4703-ab29-07cc7f5d1773,f298b8b3-f332-5ac2-98c0-e1ef8eef580c,0.2478,link
93b70bbd-9d2e-4643-b455-2faa4445d936,3d028b96-3db3-5175-8bbc-74c189ae83b5,0.1233,link
a10cec5e-d8e5-4fce-b38e-4758d3b5bc66,ba4daaa8-b6f0-5c88-9a42-f668632bc9f3,0.3299,link
6bb567b5-68bc-4fe6-82bb-7985657a7969,653ba790-47f6-509a-94e4-e6e010e514bd,0.2333,link
e5b710b9-548f-4b2d-8a83-20ad54c59916,653ba790-47f6-509a-94e4-e6e010e514bd,0.1829,link
2df5e956-6c36-4f39-b017-4c15a213c961,6a0ceadc-31fe-4fb2-af30-6281faded5ab,0.1526,none
cd0ed9d4-de8b-4f07-be99-601988b0ddd7,b7848bbe-6085-4e4c-9261-2cc8190a9b4d,0.2198,link
db10796e-9b87-4fcb-aded-ef2fa7c10670,9badb6d7-407e-40c3-ae1c-e4cd2659a7a3,0.2641,none
10ec439d-8fae-4b4a-8ed4-fc3543e5220e,f9694425-15be-4272-b715-3fee473e4b4f,0.3116,link
982caee5-356a-4498-a5aa-0092d989b882,cc12d653-b7eb-4d57-a0b4-3534ec0e815e,0.1678,none
1fb66e53-bee0-4b3e-b177-16d810cf4330,fa9b8349-77fe-40e8-a1de-095c02c22f1a,0.3844,link
0137f051-2b3e-420b-bc0f-069214b2efc2,d8148e2f-b8ab-4d58-b653-99e15f44716d,0.3346,link
a66c32da-9426-45c4-87b0-bbaf58adf722,352fc3eb-2f03-4e7a-a52a-126bad6cbf38,0.1864,link
a7a146ba-ecb2-4b66-bfda-3f1b2545388a,ea0959ab-0e0f-53eb-9eb9-aa7ec5f70750,0.2327,none
93c1e987-c819-4d37-adf5-85eb499337d9,243bf83c-afa2-411c-bd49-e6e1c343d2b6,0.1564,none
c6957662-5dc4-4d6c-ae7a-9200d29ca06c,80c711ce-58ca-50a6-bb1b-3bcff46f43d2,0.1889,link
75e6286a-cc15-48bc-aea6-6370fd408862,80c711ce-58ca-50a6-bb1b-3bcff46f43d2,0.2098,link
766bd170-9545-416f-9cba-200706868a5e,aa61cff3-9481-44b1-84ae-65244fc40d94,0.2295,link
f48bdda6-192f-48e2-bbba-b199b56e6ad0,17c7558b-5701-58ff-bb53-05267aa604ec,0.1701,link
655df555-2bd6-4253-b5e2-9d487600194e,a7a046fd-0ce5-44bf-bd89-e5e8e8a8d93f,0.142,none
6dbbbf80-321e-4e88-8e9d-319cce2705f1,2cd4f531-6eca-5069-b41e-159525dd624c,0.2308,link
d94c6269-664e-5acd-9ca7-e9d6e3989a8b,d94c6269-664e-5acd-9ca7-e9d6e3989a8b,0.3205,merge
2a6fdd97-69d5-4e18-bca3-a30134b27854,09c0a448-b2dd-5cab-85eb-f99aae9f7981,0.3333,link
2ece45a9-b52b-4ca0-8c2c-29b4f5389745,09c0a448-b2dd-5cab-85eb-f99aae9f7981,0.2581,link
6a009182-cdaf-4eb8-ae03-f95f5cabe67e,d94c6269-664e-5acd-9ca7-e9d6e3989a8b,0.1455,link
ea322061-5e20-46f6-9e17-08b5d64b9f57,3a925711-3572-5ea7-93c7-3b5ca7ce0e5d,0.2659,link
3996f7e2-7f07-4586-be95-582c6c263ef2,9ed45589-f513-5dba-a598-bce4d83811a2,0.2886,link
080bf622-1d49-40c0-af51-60c36a59e0fb,633da281-0c53-47d5-8824-8d90fcd18035,0.1119,none
ba97aabc-c686-4810-a914-973809265ca7,f9ceb349-3769-5e94-bae7-fbb48f4d4737,0.2757,link
9d733299-5003-44af-bdad-6edc5b8ff368,96b4f4dc-dcd9-5aba-9cb0-97c1d5b77cab,0.2923,none
3adc18f8-15fb-5dca-ae72-20a6dbb0b4bb,3adc18f8-15fb-5dca-ae72-20a6dbb0b4bb,0.4127,merge
e7cdb75c-feda-56cb-aaa8-36eb7c2186db,e7cdb75c-feda-56cb-aaa8-36eb7c2186db,0.2501,merge
f578a7d0-3872-555d-9e67-0ec54d6f90a6,f578a7d0-3872-555d-9e67-0ec54d6f90a6,0.3063,merge
0bb93121-382a-4cea-ad19-4c3e851e17b7,3adc18f8-15fb-5dca-ae72-20a6dbb0b4bb,0.2774,link
f703c697-7bb4-5e33-9f83-56bf272768f3,f703c697-7bb4-5e33-9f83-56bf272768f3,0.2416,merge
636dbe08-2937-576c-b306-64bca3e61563,636dbe08-2937-576c-b306-64bca3e61563,0.2287,merge
04cb028a-b65d-462b-a41e-f49d51cffaa8,a997e206-ba00-5087-9ac7-f301f2eb9841,0.1347,none
67b6e6c2-5815-4bb5-86a9-37c3e3c21722,505a4a25-d5e6-57f3-a35c-b12fb85c4abf,0.2322,none
a513ff2f-dbe0-4302-b0fc-6ce2a0b768d5,f60f8666-170c-52a2-8c42-f2ba2ba064fe,0.2715,link
1806b64c-4a5c-431a-a375-b938de3e2c47,0edaa02c-0e8e-5b84-a494-665b641dba4b,0.3072,link
197b075b-584b-4577-aa7b-383bc33d9a0f,a904613a-b364-5f0b-ae0e-71ab92e51a41,0.2247,link
a35d81f0-1a2e-4247-b3a2-5e3843efe0c6,a35d81f0-1a2e-4247-b3a2-5e3843efe0c6,0.2996,merge
250f9cee-2791-4e01-89bc-50a71aa39600,708cc151-75ce-5587-af3f-a2fe5f34f94f,0.2697,link
79d8c281-8f70-4227-8f38-73d8b2ce1d05,63299dde-079a-4d6a-bb1d-f24b1955a1b0,0.2415,link
858d3fe8-05f0-43f8-a305-2b60ce0f5bec,a997e206-ba00-5087-9ac7-f301f2eb9841,0.22,none
12bc6fde-a430-4a6d-bec2-a27c7d0eb492,12bc6fde-a430-4a6d-bec2-a27c7d0eb492,0.2853,merge
9da3b8b9-a82b-43ea-af11-17ef717f38e5,d96d3913-9d52-42b2-b9e9-bcfa9d5de1c4,0.3004,link
518b860b-68a0-4e2b-8b88-5c3f8efa1702,ac9e324d-2b2b-485b-8300-7633ac60f929,0.5357,link
038d987c-3b99-47a1-a716-592ca26b3b56,9356a6dd-da0d-4d61-94c4-c896403013bf,0.2943,link
4a3a020a-04a7-4bdd-b59b-8a1e577262b5,8b9d97ec-b860-4c2d-b65c-818e0753cf5d,0.2442,link
db9dfbb2-c733-4213-893e-c3216341ff3f,bfa64bff-b888-48df-abab-9229e710f69b,0.1984,link
220a38f4-3a14-40d5-a32d-312e0b8e94b2,d4f29aa5-6c36-5c69-b6d4-d3fa66b70d22,0.2642,link
9665a70a-b484-48ef-8b07-07c57ace5f6d,b2b4888f-f150-584d-8717-31de7864989d,0.1373,none
f847ca2c-8f17-459d-a6b3-29375e0f4993,872fc7ff-a551-4080-ad89-80773fa092b6,0.153,link
7bd8e4d6-8e74-4315-959e-2529970b398c,7bd8e4d6-8e74-4315-959e-2529970b398c,0.2585,merge
5b9588b8-b65d-4c66-b95e-a314c5b9fb1e,ebf0ce41-537c-4650-8cf7-d2871e520d89,0.2546,link
834268bf-d371-4910-a888-dfa47c9ab914,dce7fabe-94c3-45f4-8f28-d30cf864f50b,0.1603,none
23bca7d2-f33e-4d3f-899e-c378ec3de3e8,23bca7d2-f33e-4d3f-899e-c378ec3de3e8,0.269,merge
a41ac4c3-85b3-471f-8858-bb0d0cd064ca,42f8680b-e3b5-46b7-a123-1a8d970c8957,0.2569,link
2ad934e1-0446-5174-ae7c-26b06e85dbc6,2ad934e1-0446-5174-ae7c-26b06e85dbc6,0.211,merge
48ed07fc-f48a-417b-a173-81e341ec2ffc,cfa58b5b-86a7-43d8-a4c9-9eaee824bc3c,0.226,none
14e0ff29-1a69-4a45-88ad-36069de80d25,30bc99a2-1617-4d88-ad22-718120734d59,0.2666,none
5dbe67bd-81a9-460c-8c71-5f2b4d9c959f,2b226ea6-3254-4310-9a8a-6f880ad69f5b,0.1669,none
eb1842a1-9296-41de-9004-b4affc7831fd,ab61aaed-db50-5b2d-8030-4f7ded710083,0.2296,link
f3b61ab1-c451-4a8a-bf65-9f1a1a251754,f10e97bc-a271-5f0b-85f5-a267043949e1,0.2371,none
bac2efb6-afa7-518d-be33-714f3a956905,bac2efb6-afa7-518d-be33-714f3a956905,0.4156,merge
9eed87fe-95a1-4c3b-be87-d99095bcf339,54110dcc-df25-5da3-95e7-b95407c0aff3,0.1452,none
71a76166-333c-43ad-b9d2-191e1fae840c,6f003d17-0dd9-52bf-a75e-56898b3750c1,0.1905,none
451bb90d-2c8d-4b82-a987-8767731a8a6c,a622aa0e-33a5-58ab-bb11-cf04a00dce0c,0.167,link
e150bd9e-820e-400c-9e57-f841249aebc5,3d937218-b8e8-409b-aeb3-1d3409585759,0.2134,none
2ae1ea65-29d8-4474-a041-bb53d57fd7b1,a897237c-b860-5647-8f41-6e1ffd3ed645,0.2201,link
4e6d7b51-b563-4bd9-b5c1-6307c7b1dd10,412a2d72-fda1-5c7d-9781-9329a5bf1f04,0.1611,link
8736780f-c6eb-49e3-af1b-55e84d61c7a7,3280abf4-84e7-5306-88cf-450d79801840,0.1368,link
48267e56-93ad-403a-953b-2b6ee05e9fca,594618c0-191c-4b7f-8dfe-086be318a4fd,0.2078,none
9bf2f558-44de-4371-8a24-526899dcde8c,f26b664c-7aaf-5f47-bd64-6bd2d7574cca,0.1094,link
07be76f0-8458-4927-88c9-06d40ba7b34f,3d937218-b8e8-409b-aeb3-1d3409585759,0.2169,none
a35d81f0-1a2e-4247-b3a2-5e3843efe0c6,a35d81f0-1a2e-4247-b3a2-5e3843efe0c6,0.2719,merge
ef7660fe-8ddd-4a04-8711-a804cc97c610,4cb1d8bf-4a65-44fb-a003-2a460f6cc970,0.2929,none
339a7db8-bc19-455d-9ff3-fb2273cc68e3,3280abf4-84e7-5306-88cf-450d79801840,0.1136,link
8415bc93-6a25-4a62-86d8-9a16d4aa38e2,3fd3c652-c7ac-5615-b8b7-50ff7718d89a,0.0853,none
6d28d3b6-c2b5-4103-aaa1-75d728689d93,1d5d37c0-a37c-4c41-ad62-9ed126265e1e,0.2021,none
234590bf-6103-47a0-9823-910d91aebcfd,a9107a34-d51a-439a-876e-ad092a7dc51d,0.248,none
59f1d8cf-bbfe-4da2-9734-5008d0235c56,3d937218-b8e8-409b-aeb3-1d3409585759,0.3055,link
74c1e05f-c68f-406a-a9d2-c4752b6c785b,1756aedc-6f52-52e3-a1c7-d46cfbba1a88,0.111,none
ad09d9a2-7e10-46a5-9d61-6cbd16988675,be8712d7-2539-5bdf-bd3b-291f0f83ad8e,0.2455,link
a809b12a-5464-4ed7-a031-8676bcf5364f,7e561083-58c0-554a-8cb0-ff5621464fad,0.1495,none
c6c95184-8107-4573-8d38-a329814663f0,7ea36125-3e29-5bbe-8b1d-cccf61b59564,0.2121,link
95a6521a-e945-576b-9934-ce4039978c77,95a6521a-e945-576b-9934-ce4039978c77,0.3571,merge
22aa2bcf-b61a-41ce-bc8c-885280464073,d6c129bf-c684-51b3-977f-4b56b2be79db,0.2937,link
a673306b-ff0e-4392-bb69-579c5e3cba28,f68e4f89-41e3-499e-bb39-5512285503f4,0.2696,link
ad7f840f-c413-408c-adf7-d21937a5b535,fbbff3cd-ef58-5383-ab5a-94c445fcd933,0.2835,link
3d937218-b8e8-409b-aeb3-1d3409585759,3d937218-b8e8-409b-aeb3-1d3409585759,0.3166,merge
dfcb0cd2-69fb-4ca6-aebd-0df4421e8d05,7bc823b9-dbd1-439f-af7d-bcb6b0d0bba1,0.1927,none
63ba620e-01c7-405c-bc55-27e9588ef836,b55b9cce-ec75-40d0-a8aa-6669155db8f8,0.1624,link
35b540eb-18d3-4e0e-bde9-60c725233474,30f1faed-1093-40cb-93f3-cd5b6cd6a433,0.1823,link
5194e528-90d6-43e4-aea3-82ddd259d6a4,a9b52ecc-7fc4-4287-bdbb-b5829eecb69a,0.1607,link
807487f3-73fc-4a0a-91ef-af18e52fe375,a6f3f96d-a2d8-5ba5-95e8-33991edcecbc,0.2086,none
124bdaaf-c052-4b19-b0a4-efaa8840f94c,8eddb579-a41a-445f-b653-eda5d499981f,0.212,none
1b94ca5e-5b54-4396-8b13-0feafdc47711,a6f3f96d-a2d8-5ba5-95e8-33991edcecbc,0.2609,link
371e3a5c-ddd3-47af-bb45-192195b04bf8,a6f3f96d-a2d8-5ba5-95e8-33991edcecbc,0.2399,link
24c4133c-9460-42d9-a982-a88abe5961b6,6dafc2ce-bf54-43c4-bd7a-f528433ebaed,0.2702,link
5f979d61-84f0-4ca3-a85c-d01e801e34f8,37f6f18a-31a6-5f8f-8955-f886a465bd76,0.25,link
4cae0aac-4930-4ae9-8762-4fb0ab9bdc3c,f480b087-8be3-58dd-b764-706d8da84d52,0.2426,link
5ecf7e26-2234-4f85-8d00-b8e88011ea77,f578a7d0-3872-555d-9e67-0ec54d6f90a6,0.2002,link
d0dc7a0d-45e1-5e0c-b941-4f8f63442879,d0dc7a0d-45e1-5e0c-b941-4f8f63442879,0.2551,merge
3e117ec0-15e3-504c-9492-f689213dd079,3e117ec0-15e3-504c-9492-f689213dd079,0.3082,merge
1b4c133e-7319-47fa-a49a-d01756b2a653,44a2143c-250e-5d19-b1b2-60ffd670ea61,0.2058,link
6fc28626-4d8d-489c-ab86-2f749eb308ba,1a76196d-c5cd-5314-9230-fb068e899986,0.2148,none
fb394c58-4680-4acf-a7b9-2329b36ff12f,ce1985d2-d0ab-52d6-b0c8-e23a52585daf,0.1586,link
ac2e1b59-a506-56f6-af9a-2f660ae6eb8d,ac2e1b59-a506-56f6-af9a-2f660ae6eb8d,0.1546,merge
567af5d9-fcac-454f-b8a2-c6f87fe0aaaf,ce1985d2-d0ab-52d6-b0c8-e23a52585daf,0.3252,link
0c96d053-c434-4e50-a4cb-1af27362d434,686b69e4-341d-544e-9191-9d0e2e71827e,0.2605,link
c2aab9aa-2568-49b8-8117-f7854232f621,7f34a6f4-8e34-5c4d-8422-3254537a1715,0.2662,link
9171bbbd-aeb8-4b7f-b735-c8becc2b88f9,1a101be5-1e3d-5e8f-bfdc-9c855ef02361,0.177,link
5f5e99a2-a87d-4132-b1af-6b7fde202cb7,bce565cf-f073-5e79-9fd9-408ab180d0d1,0.1762,link
f469c0fd-2b4c-4f30-8550-82b71c3c2673,4e0c0405-d74c-58b0-9c00-b00ac26d06aa,0.2508,none
9aa226a0-f07e-4825-9609-22d7b780138b,656c533f-a162-4079-8f43-720e9ddf488b,0.1557,link
cdd5ca94-db26-4eea-abde-ec7e7d7a67cd,24c7592d-cdcc-4c0a-856f-45989ba19b4c,0.2033,none
59861ece-854a-4fc5-813c-bb08113797e9,1ef413c9-09ca-4ef6-ae58-762790fd8ef4,0.183,link
d18c877d-1161-41fd-bd99-0b60ac67ccd5,22098a76-50b2-5d73-8c84-6c8a436a8aa0,0.2427,link
6aecfcd1-5068-56f0-93cd-b323d5032bef,6aecfcd1-5068-56f0-93cd-b323d5032bef,0.1667,merge
714db539-a0ae-4afb-aa64-5f6f470e0810,6179a7ca-c790-579f-9fd9-a1fecb065163,0.2631,link
ef463c26-ba1a-57b8-bda8-b97b517a16e9,ef463c26-ba1a-57b8-bda8-b97b517a16e9,0.1579,merge
7f15b733-d230-443e-b4ad-310cf114f232,ef463c26-ba1a-57b8-bda8-b97b517a16e9,0.2797,link
4a576a78-d0c3-49e5-8074-6264102e1ada,6aecfcd1-5068-56f0-93cd-b323d5032bef,0.2526,link
b197d4f8-a2fc-4ee3-ab39-1f58ad557a46,33b06e27-3731-5818-b818-fab4448483eb,0.2963,link
47d4d887-6a50-4831-b8c4-071f0baa655e,5fbf131c-6472-465d-b3e3-a84ffb2949d1,0.1931,none
d4b71bd8-dc66-40ae-a10d-c5c24041f96f,c2509042-cd73-5665-88f3-317d399b8e9d,0.2624,link
1a62ad2c-37b5-4dde-b610-16ec6f9e89d4,27aa7c5f-7e59-4ddd-b050-b4ead6637291,0.2596,none
29c42ed3-da20-5288-a4b1-c72989c97fe4,29c42ed3-da20-5288-a4b1-c72989c97fe4,0.1731,merge
e477cb1f-073b-4243-8d73-b33a49839383,7be9b24a-c5cc-5882-adae-ac60664a1864,0.1684,link
f09381d0-246c-4779-892c-1b4b359b8b47,984b8dc3-b5db-551f-9af5-b44b06aaa40c,0.4567,link
9210a566-780e-4f1e-b3a0-d8a48b7fd91f,984b8dc3-b5db-551f-9af5-b44b06aaa40c,0.3475,none
bab4d107-f344-4235-a4eb-90b720fbd634,1c89d10e-0f52-4595-a23b-b5699cea31bd,0.2053,none
dea7a8a3-da2d-4144-93b8-67c5af2eaada,f3bed57a-ac3f-5e4a-b50f-8395a58ba3b4,0.2209,link
79f889e6-54f7-4bd6-99f4-33c3584a90a0,1c9b3eef-86cc-5759-a4e8-257260586023,0.1405,none
414ec184-bad9-54a7-a34f-a77dfdf9c0f9,414ec184-bad9-54a7-a34f-a77dfdf9c0f9,0.2843,merge
37e21048-031c-4c0a-acae-dae1e767640b,653ba790-47f6-509a-94e4-e6e010e514bd,0.2477,link
9432b8e1-ebd3-5962-a190-080bc5687ace,9432b8e1-ebd3-5962-a190-080bc5687ace,0.2446,merge
87d50561-e7db-4f34-94a8-00656cadae56,ab61aaed-db50-5b2d-8030-4f7ded710083,0.1779,none
b737bc4c-a060-4f59-9322-51ff4cac74b0,354638aa-87ee-5083-91a8-817370e282d6,0.226,none
53b3103a-5b2a-4d2f-8f26-2182ea619f3a,985ad98c-02b9-4773-aafb-824a31c427a9,0.3172,link
888223ba-cfdf-4bbd-b1b1-18edd984b09c,306ce9f4-0018-504d-bf10-70d68c8563ec,0.1389,none
e3e0b72b-8fc0-44ff-b408-24dec242e62a,45579d63-1687-52b1-b66c-e03d1277a5d6,0.1781,link
54dbfa62-00a9-4d10-872a-8fe0e93a2702,a8d28aa9-cf2c-52e1-837b-ba7f9a5d3ecb,0.1468,link
c63a138b-345f-489b-904b-1428491608c3,b9325562-e86e-53f0-beb1-4505a42683e4,0.3752,link
68957e4e-d2df-4f4f-ad33-8757eec0a898,9483c9ac-57b6-52f8-8d48-0b5b485c03a6,0.1471,link
beff70b6-66cb-447b-91d1-83d69e984ca6,9483c9ac-57b6-52f8-8d48-0b5b485c03a6,0.1747,link
ce4a9be7-d210-4c40-bff1-442a70110457,d6c129bf-c684-51b3-977f-4b56b2be79db,0.4066,link
e1a2750c-e4d1-4462-a803-c2cde44c3795,c34d178e-5417-5849-b054-e0fbf5c99ef2,0.2689,link
0a21f8d4-e3d8-4fd2-8d48-5cb1f59e247f,d6c129bf-c684-51b3-977f-4b56b2be79db,0.3283,link
bb989280-00f6-4495-9570-5197ed70a719,d6c129bf-c684-51b3-977f-4b56b2be79db,0.2402,link
50d2d0fc-123a-4961-b928-88d38504082e,e46c60e0-1e2c-52e9-9b5d-2af68ca1a726,0.205,link
d446f63c-3600-4e48-8084-a639a14cf305,98280fd2-802d-55bd-ab63-748aecf5f667,0.2097,link
f4dec411-703c-4df9-be94-c272ff015d53,f8089618-f59a-41be-b5bb-13a8f8f38a64,0.3171,link
5eeb4ae9-b5c7-4cd1-b9d4-ca713bbf74a2,4a3655e0-0275-5949-a449-f9b8088763bf,0.1437,link
8a96ad74-808a-44d6-accb-c965fe83a272,f103db3c-43d1-5839-a76e-d0c41ae5a97f,0.3204,link
148b3055-0876-458f-9c99-d9764e35d3a0,c79557e8-8c5c-4f02-baaa-f5847a51c66a,0.1266,link
da5dc60c-602c-447a-b0f4-131bbbebd442,da5dc60c-602c-447a-b0f4-131bbbebd442,0.2861,merge
f59e7b0e-4a5e-4e31-beaa-f2c538171aa2,57a183f7-a297-41c7-b096-84eedbb8c768,0.2399,link
ec9d94d7-a5f7-4d3d-b141-853b0afc09a5,a8ac80bd-2121-492a-90e7-dc1b0568bb8b,0.2347,none
9a749421-c6d1-4ea3-992c-ee5dfb34b156,1b62db5f-091f-4dc7-9816-714528ebb986,0.1762,link
dceaf51f-c313-492c-9c9f-ec853217767b,309082b4-c630-47f5-b230-1adad2538036,0.3092,link
65f663f1-de0b-40a8-b7bc-39aad2b21d5a,a6b9e104-0ad2-5be8-95fb-bfe98852eb01,0.241,link
34fbe045-f7dc-5086-9079-2d35e254c9fe,34fbe045-f7dc-5086-9079-2d35e254c9fe,0.2565,merge
8282838b-357d-4371-ae6e-ee2ec5792449,ac75ed9f-ce0f-5671-b71d-d202ee6dc3c1,0.357,link
5fb4cdc1-c33d-4191-a838-896ed15cb8fa,b9325562-e86e-53f0-beb1-4505a42683e4,0.1708,link
dc74f958-d884-4c0d-8d7c-dd0e7eaefd91,985ad98c-02b9-4773-aafb-824a31c427a9,0.3137,link
fc1a60f7-c872-4399-88d1-c6cb439e3d0f,2ac52c54-da5b-4dca-a5f4-f0b96bdaf101,0.1481,link
52ffb8ee-c70d-5076-b2c6-8f3a1b435fa9,52ffb8ee-c70d-5076-b2c6-8f3a1b435fa9,0.1461,merge
a6aa2863-dfea-4ac0-afc0-e2e8cfdb8700,3d4b5315-4ddc-5d91-827b-58af7e0a96f2,0.1366,none
2a1ce876-d34b-4044-9802-7dc26aa94f22,d6b0c646-9457-4963-9fd2-7501f2d0d99f,0.1414,none
7bbf5458-d201-4e98-8c64-cccf8eb5024f,7dcc666d-eb07-4349-a4de-2622c418d2b7,0.1501,none
1f29dce3-d7f4-4a7c-9afe-abe0c49071fb,7f34a6f4-8e34-5c4d-8422-3254537a1715,0.1478,none
70967a95-7bf9-4051-95f8-e1570290703a,9ddaee28-59fe-5fc5-8752-07e538ce90da,0.1185,link
6c176e33-e342-45f3-9393-ceb13935599d,a8d28aa9-cf2c-52e1-837b-ba7f9a5d3ecb,0.3122,link
2b003d7c-2e77-5d81-b2f4-bd618c0c54be,2b003d7c-2e77-5d81-b2f4-bd618c0c54be,0.3808,merge
94b3a2a7-f9b9-45ec-b507-890685ccb0d0,dcfc3f7f-5956-5cce-847d-eb66270bd307,0.2627,link
adcbfd80-9738-4671-b6ed-1b5cb7fe8d33,82a37258-28ff-456c-8435-1e5e9651f885,0.3893,link
afdf1836-51d2-4d4d-8605-34972073e9f9,6cac74ab-abf2-554b-aab6-fd0f328613ce,0.3635,none
1049598d-f061-4d06-926b-7f617c0bf11b,a5dc03f6-bf53-5daf-ac19-173d97218c17,0.1341,link
fcbca273-d644-45a8-8e13-463df7d8b575,96b4f4dc-dcd9-5aba-9cb0-97c1d5b77cab,0.1786,none
3676a340-3981-4c90-a142-43629e069bc3,5fbfdbc0-b642-5426-99a6-fa4bd8711200,0.1108,none
e2c041dc-be4f-55ae-b02c-ac6e09b82173,e2c041dc-be4f-55ae-b02c-ac6e09b82173,0.251,merge
687a3a35-a0c7-4304-a6a6-9bb37b2bd246,d4f29aa5-6c36-5c69-b6d4-d3fa66b70d22,0.1544,none
0713fc98-78b8-4be6-a63d-e999277a9e4d,ceb07b7c-b1cf-52cc-97ee-192d8a291f90,0.3149,link
f2923b04-7c6a-4bd8-abca-6a87022f42d9,8d8a2f39-10bf-47ab-8382-5a189bee870b,0.1744,link
8e407095-eecd-4319-9506-91868e0109b3,988db779-dca6-453c-89c4-60c4718fd689,0.4436,link
12842c9f-66a1-4364-b53d-8e74c20f6551,9ba5a6f4-4a24-487e-8e7c-07c94f6289e0,0.1118,none
37376572-f519-4ff5-ad68-5e084cb167c4,22918a5f-c7cf-49e2-94f6-b8c6c59467fe,0.1617,none
2729ed06-745a-4030-95c9-296a8a0f3a7e,4bac271d-e7bf-4a16-8a6a-be2495cb80a7,0.1758,none
3f58c851-4f2b-4952-ae14-bafccadc726b,505a4a25-d5e6-57f3-a35c-b12fb85c4abf,0.2381,none
6cb02ce9-2e48-40c5-be99-404171d0f618,d1bd5d1e-38e5-4edb-8374-1091539c5303,0.3164,link
0c4bbabc-7c9d-4382-bb8b-26509cb786ae,0c4bbabc-7c9d-4382-bb8b-26509cb786ae,0.4122,merge
2dc2a385-cb5d-450d-9951-a513ba536f95,e3386088-e772-4914-ac30-efc25f942874,0.1353,none
31b95539-ae08-4155-9665-047bc5c44bb9,a8ea884c-a65e-55bc-aeff-ffb2a3cb9b49,0.4583,link
ff298a35-95ba-4624-b531-9fd6cca05ae4,7782ce05-1218-5a88-8d2c-ef908e4d8fb4,0.4659,link
9038b99f-1465-459e-9fea-089925c4c9f6,f1232c93-9c3c-4540-a40a-09f1ea100bf3,0.4848,link
3a8361b4-0747-4eef-accc-4af3306bb603,c7120f98-1bce-514d-9bd1-e0fcae5dae37,0.2954,link
6fc22775-66cd-4d4b-a6c8-f4e697589cdc,595d828d-b9ec-497e-adec-52382d5e599a,0.1251,link
3e67e6f3-53b3-4c27-87c5-e44ff2e34f8a,4bac271d-e7bf-4a16-8a6a-be2495cb80a7,0.1949,none
4314b33f-f16f-4074-9afe-89353ec1cb05,b5f57124-5b33-460c-b74d-2a36fd89f003,0.2426,link
a7897801-9153-41f6-b761-58a5c4a08d3b,6d21f916-c971-4be8-a25c-f8d76ae93418,0.2466,link
784741b4-a638-46e1-a8a7-6bd42e58a885,8c4ba24c-2076-442e-976e-b8c225877360,0.2242,link
e0da8002-ddc1-4d8c-bcd1-00a1b91e86ce,1f98d437-ea9b-4555-969f-f40ceba52c0c,0.151,link
78b045c9-49fa-471f-9b1f-1875bd66e91d,3280abf4-84e7-5306-88cf-450d79801840,0.2043,link
b2550c04-6994-4ac7-aacf-a1ddf46a2b07,e733b6de-573f-4484-bf08-1e37f2289acf,0.1985,link
eeb9601e-dd2f-4495-b27e-59ee820a5e09,1a15b037-5506-4e26-839a-08ba54741f52,0.1999,link
3b3c207c-2fbb-594f-bc16-aef719637e52,3b3c207c-2fbb-594f-bc16-aef719637e52,0.2536,merge
a6a5e6f6-7d0d-42e3-aa65-ad91a0bbaef6,549f3a46-d0a8-4b59-988f-6c694e886f42,0.1106,link
b515631a-0485-577f-a53d-11d0e0859b71,b515631a-0485-577f-a53d-11d0e0859b71,0.1654,merge
c6f0747b-6ee8-5e35-95d9-d25d8f5debc6,c6f0747b-6ee8-5e35-95d9-d25d8f5debc6,0.443,merge
9885c229-b3fb-4a6f-933d-ab1e42739dab,1aa26803-bacd-4e30-a063-f26af7bb1a2b,0.32,link
31623959-b25a-4c1f-86cb-e25a2f43a5c2,dd8bd13d-a9a2-4658-8021-b01e881edef1,0.2406,link
a22ff7c2-b5ac-4d4e-84e5-eee37e340a81,559a6e78-4316-5d90-95de-004872285c49,0.1687,link
9fa0c1c8-1bda-422b-bf48-a58f96f741fc,dad3591d-c534-5c37-8768-47da56a149d5,0.1822,link
148091ca-ee13-4dc7-874d-88cb14aa5d4f,148091ca-ee13-4dc7-874d-88cb14aa5d4f,0.2532,merge
9121d688-9bda-45cf-ad32-81c7dafa0e25,505a4a25-d5e6-57f3-a35c-b12fb85c4abf,0.2501,none
25113ecc-9de4-48d0-a3a2-74c1d87df2ca,9dcbafef-2ff2-4a74-acba-446ff8e65756,0.1853,link
7e3f7a9a-dc6b-5170-b00a-682e9c5b147e,7e3f7a9a-dc6b-5170-b00a-682e9c5b147e,0.3839,merge
90685f5a-a890-4a76-8cb5-610ebe3355eb,85892580-1381-4aec-81fd-d910f02167a7,0.2481,none
f45fea17-7fb9-44e2-adf5-8b3ffb51b0fd,52d34dda-0002-4291-9a3c-220e0eab9ac1,0.1221,link
35c45521-9f40-4484-a858-c5205641fbf4,930e4c6d-0d2b-565c-a6cd-97fe0f66f6cb,0.2547,link
e1b03869-98a8-486c-9146-57e592e8928b,e1b03869-98a8-486c-9146-57e592e8928b,0.2161,merge
9dcbafef-2ff2-4a74-acba-446ff8e65756,9dcbafef-2ff2-4a74-acba-446ff8e65756,0.3883,merge
6895507d-43f0-4a82-9325-06f67b8f12a6,186c0d25-bfaf-5723-b0dc-b64048f35f67,0.2457,link
a0da181d-863b-41b6-bdc2-a376df301cbe,d6c129bf-c684-51b3-977f-4b56b2be79db,0.1324,none
8a0cf180-1701-4a65-af91-be059c3a8276,d6c129bf-c684-51b3-977f-4b56b2be79db,0.1793,none
fd9828c2-8d28-4fa2-b16e-f72008b224d4,587b1b58-c338-491e-8543-49492d4c033a,0.0888,none
f9dd2cd5-62b2-4330-b183-e68d25eb2fe0,5e8521af-1033-53f2-992a-9e08287bbc9b,0.241,link
44013242-a800-4a7e-8b97-19f0d2fcb3a9,4922b13d-9604-50f6-ae74-0bc78f72a004,0.225,link
001f067b-0a3e-4f31-a81b-aad9a285bd7e,6f563dcf-251c-4997-80b0-0bb22c926e9a,0.4269,link
bf35ee57-450a-4c69-ad4e-774c39903eb1,14649f03-ea1d-4778-ad43-b70165c22ebc,0.1569,link
5db21bd4-2a24-4b29-9187-85d1ff41fdf4,e1ce9802-e05b-541d-ae86-641087a49faf,0.2696,link
da6c7ce0-fc22-49aa-86f0-aa9d80e153ee,9eda3ea4-ae93-59ef-940b-d17152c35ae9,0.3541,link
d7160e36-b1e9-4f65-a7c8-56aeb6dc942c,be8712d7-2539-5bdf-bd3b-291f0f83ad8e,0.3535,link
7af7360d-1654-4c25-881c-2db4c2d09ad2,58f43fbb-40ce-5b02-b1d9-246a95c05eed,0.2261,link
15cec169-6906-4bc7-b16f-ca30f27b6324,1d28e574-c7a6-56e8-9296-7506f8f737e6,0.1999,link
e94547aa-7b22-40a4-905b-52714ceb46cd,170ad50a-04a1-5099-948d-aebaf8279418,0.2049,link
5fd43b29-e637-4216-a999-4bc7aadec309,1ef413c9-09ca-4ef6-ae58-762790fd8ef4,0.3197,link
5ba135b7-4174-4d11-bd15-bfd244c66b6e,547ffc81-84ee-4834-9996-25071ed68b53,0.1203,none
a85513ac-e5d4-43fc-9055-58c32acc22ba,43e62a75-85e7-42a9-980f-8a718a73fb66,0.0927,none
09404ce8-7904-4fbf-a4e9-ea08cc2097c9,6eb27e91-48ef-478f-a95b-1f9726ae0d83,0.1451,none
9faffe8f-bd76-434b-86f5-8534a694c15d,0d6040b2-95a1-4eeb-a6c5-89d94c8aaeaa,0.1422,none
a2ece9eb-2c55-441e-9095-cca3ec668bf0,6d867700-f3cc-4151-a1c1-ccdfb4b23add,0.1352,none
894c936d-1618-4d1f-bc79-95d9393e3a6a,2c7a47c5-2655-4418-9b6f-61f98a79d195,0.2129,none
fcf87961-2b3f-4afb-93a1-76a567b9da0d,e17cbf7c-3560-495e-ac80-73380258ba8d,0.3727,link
fd71da7e-0c79-4e88-adcd-9d6b70c7bf01,45d3d619-bcf1-4963-9a24-f957455c7281,0.1564,link
5dd1bafe-b297-4b28-9a97-817038462a16,783e04ae-9b0c-5680-9b1a-7084998118c9,0.1314,none
3d6bfbbc-4d01-4dbc-84bb-5c1c75f76779,b5477362-e63b-4360-bd8c-43636b00787a,0.1049,link
6dc81fc2-0a9f-4640-a4b7-6deb1b361780,be489a1e-d632-45ee-937b-27eac85a5b83,0.1416,link
2d5b4ca8-47a4-4889-8ae2-2660d49a249b,395bd3e9-644c-5663-b58e-56354ee70424,0.1193,link
727918cd-65f4-4651-8aa8-57e0b16c177e,fb1e85c1-4f35-49b5-b01b-a0238902c00e,0.1158,link
f9889381-4056-4650-a453-c5d0dfa8c184,8a5a2644-55d4-4eb2-8914-5efddba3a7a7,0.1654,none
91491da3-9203-5f7b-85f2-6747ae2ae03f,91491da3-9203-5f7b-85f2-6747ae2ae03f,0.1964,merge
40f9896e-36e5-4a43-8286-d22f01e8d6be,b399ed6a-c50f-4764-b7d1-31bff41abacc,0.1538,none
eeec7643-adf1-4eea-9cc7-bc63f9c676d3,b16e239f-25d7-4f1a-8168-bdb6bd6d7e16,0.1088,none
e0113128-871e-45d7-9f7b-065c271f5c3d,323eae82-e76d-4625-b70c-de43bbda9a23,0.1657,none
7db77acd-7451-4b30-a15f-b33099088c43,76149fa2-425a-4ff8-a22c-cb671c3e8424,0.0841,none
b0f8d684-902a-4eac-9374-a0af271302d5,bfa64bff-b888-48df-abab-9229e710f69b,0.2871,link
f6f77096-5e4f-4070-bf3f-081a98812a37,8859394d-5d1b-4bfb-8e91-4b693faf10c8,0.1877,none
f881c08b-fecf-4cca-b235-fa2d61409b6b,01bafaa8-1950-4eb2-8287-47a191aa74b0,0.1669,link
9f866841-5e38-4072-af36-8b9bd9792dbe,7903373e-058f-4d1d-8a1b-0f8d0d82d26a,0.2358,link
80462945-43c5-4907-9418-2a88586ca462,18baa937-6c61-5248-93a4-1a5bfbc4e99a,0.2919,link
dbd36262-f638-4447-af84-ac4457ae5bf6,c2c683ad-34ba-5ae5-b56d-782a5e0efeb2,0.1933,link
b706abc8-e16a-4921-b0ef-5b5a9a123731,0c091e97-60bd-4416-9097-dcd86eead00f,0.2183,link
9f38cd6a-352e-434e-b20a-c47ff7582914,2c7a47c5-2655-4418-9b6f-61f98a79d195,0.3434,link
694769a6-0042-430e-9c68-fff4f8072bc5,694769a6-0042-430e-9c68-fff4f8072bc5,0.13,merge
1fd44778-8e8d-45e2-836d-e80671b16f46,2c7a47c5-2655-4418-9b6f-61f98a79d195,0.1821,none
0159ce5a-1f84-4e38-b28f-13b8a35693a8,c767ca4e-827f-4279-a68a-49925a94a075,0.1638,none
ebf7b539-b6b2-4cd2-928b-2585cc4b8cc3,e1411639-d2b5-4fb1-9a56-c5863c80fcce,0.1275,none
834c0805-50a1-4b01-b842-eef03240e0e0,f80d610c-77e7-420c-b9c2-4a826c0a11a3,0.1336,none
4e29d5c8-6156-4f6b-8669-390f9449da63,3938ec14-4750-5d0d-918c-cbdcaad95f34,0.1364,none
819d65a5-19ad-4004-9f64-9a28f8410e94,4db0c5ae-9225-4bed-ad93-ab2773544e7a,0.1537,link
7c9f3d8d-2126-480c-a9fe-4a489782d93f,296472ef-0ef4-42f9-84a9-d19adcc1e045,0.1535,none
7af0797d-b219-412b-b494-73f09d1dbe50,7af0797d-b219-412b-b494-73f09d1dbe50,0.1675,merge
7b826655-ec33-45eb-9c54-dbc83e85b7cc,b5ffeccd-a987-437d-88fe-36605c1bc11d,0.2681,link
c47c10ba-0bfe-49f7-9ebe-48b7a92b9ffc,a1837e14-5489-4a34-aa2a-ea430206ec08,0.1245,none
6d000bb7-9236-4529-a4f1-51d18c1e6b68,cd8739fe-3ac7-4f83-8c9e-3123eebcc488,0.2564,none
5db714cd-5c0b-404e-b5f9-54659f773950,51c90f2a-c79a-4f4e-bf1d-af54abfb4422,0.2376,none
e8af871f-88c7-43dc-95d2-d80275e38dd2,0c0a3c2c-d708-4f52-b975-c499a801337e,0.1416,none
8447f0f4-fb23-44cc-b130-fe27b4806fd2,a8ac80bd-2121-492a-90e7-dc1b0568bb8b,0.269,none
6e3f01e2-166b-4854-9d14-950089ca948b,9b8f69e1-f9ba-4677-a827-7be82eb9fb3f,0.1592,none
57a49666-e4db-4130-8b40-013e59625eeb,e5770188-04b9-46aa-b652-9ed2952091a3,0.1381,link
49b34f07-5f5d-4eb3-851b-05513be4561f,6d867700-f3cc-4151-a1c1-ccdfb4b23add,0.1652,none
e4c21932-03ac-4d9e-9ce4-4f64ac7c31fa,a897237c-b860-5647-8f41-6e1ffd3ed645,0.1597,link
517f0612-46bc-494c-9e9e-02876688fa9d,dc8db438-33f2-5239-8957-e25cdaa9e5e0,0.47,link
0c90b67d-4dfd-4e49-801b-2ff6094686b3,eed1bb5e-2be6-53a7-9341-2412eb7d86e8,0.2427,link
904cc076-846c-4a23-a12a-214490c2bd89,4fa7e2b4-ddcc-5788-b029-d3b203a81a41,0.245,link
e4013470-dba5-4964-88e7-07893e975b8c,33b06e27-3731-5818-b818-fab4448483eb,0.1759,link
d7f72fb7-cf73-5e6f-b121-de26302ed7cd,d7f72fb7-cf73-5e6f-b121-de26302ed7cd,0.4538,merge
43f22866-78e5-4a40-a791-aff24767d88d,9a823129-dc39-557c-8b43-c1d72ba13cb5,0.2994,link
08119d75-4179-4128-bfef-0d5db056df44,221f995d-4d50-5249-9b21-7851722ce8f5,0.245,none
751e3506-aec8-4876-ba09-0d7866c33e33,3ab84f31-bc79-44a1-b8d3-9ad8adfe7f98,0.1585,none
44c67692-c34b-47c5-913c-64d480b61442,f6b9c883-c03d-52da-bb06-db90937899ea,0.1298,none
6491cf21-0206-4d95-844e-c098c17cfc34,0fd18a8e-496e-5105-89a5-17a62731dd60,0.1638,link
78311df8-7c75-46f2-8733-e8e900a46a8c,1ef413c9-09ca-4ef6-ae58-762790fd8ef4,0.2372,link
9fd4edb2-077a-4442-8c0f-3735f3089ca9,c5c0a70e-1996-5120-8cba-28ae321145a5,0.3786,link
5dc162a0-e769-4d85-bf2b-6387b2776017,2b003d7c-2e77-5d81-b2f4-bd618c0c54be,0.2188,link
2dfcadaa-c7dc-47df-88d3-21732dc0c3f6,d01f5435-9374-5fc1-bdb2-daecf33aa4d5,0.2573,none
af74f1b6-6928-44cf-8d0e-7a0347f28bc3,17146efa-3977-58ab-b3ca-44d7d7df1f42,0.1782,link
73dfc3a2-3d2d-4657-b3d6-f0b13f27347f,d01f5435-9374-5fc1-bdb2-daecf33aa4d5,0.3255,link
9407a08d-4d47-4956-ba74-2893ce0bc5a2,e72e9e76-7f67-50db-b645-604438970566,0.1783,none
0fbf68fb-ea35-47b1-ac57-24204d1472d1,0aa48ef1-527f-5865-b2c0-315418eadb8f,0.2482,link
c75ca9e3-da09-4c73-bd5a-f38bac2ebece,e378dcff-636b-5509-ad95-cbd66c802cbe,0.2497,link
11beff65-ebdc-4ed9-bf1f-7414de82842d,e30dbc0a-a929-5846-bc1d-9c5d3b24400d,0.3552,link
eb7260c7-a091-47be-993b-17c51f721c83,82a37258-28ff-456c-8435-1e5e9651f885,0.4457,link
2b003d7c-2e77-5d81-b2f4-bd618c0c54be,2b003d7c-2e77-5d81-b2f4-bd618c0c54be,0.3808,merge
dcfc3f7f-5956-5cce-847d-eb66270bd307,dcfc3f7f-5956-5cce-847d-eb66270bd307,0.333,merge
637b4d3f-99df-439d-8032-df17322e60a0,dcfc3f7f-5956-5cce-847d-eb66270bd307,0.3052,link
dcfc3f7f-5956-5cce-847d-eb66270bd307,dcfc3f7f-5956-5cce-847d-eb66270bd307,0.3564,merge
da0d6eda-140c-4711-87dc-bebe0ec4f6de,7784a836-1833-55b2-9f06-5863a147d578,0.1561,link_regional
6422f258-5b72-4e16-8d13-795f30bb27f5,256ab6d2-2819-4dde-b9df-96c41e08478a,0.0981,none
8f17e319-7d88-4390-9407-139e4d6eaf81,7784a836-1833-55b2-9f06-5863a147d578,0.1405,link_regional
d3e0d5c8-801f-4890-a063-2687174f2734,a997e206-ba00-5087-9ac7-f301f2eb9841,0.1623,none
3292a722-16da-4895-89eb-bf751ae645c3,fbcf8355-7fad-419d-9a5e-22010b7f939d,0.1359,none
3d27a60a-09a8-45bd-aa6d-2460bc737902,f703c697-7bb4-5e33-9f83-56bf272768f3,0.1195,none
6f61f3e2-2a7a-44c5-9a01-7b8b43a3725d,b325ee74-e528-4d48-b4fb-d4c87476e68c,0.1188,none
af965af0-e42d-4eea-ac70-218907bf1404,49eb9d6a-a869-5dea-9f38-8577e21e8b91,0.1924,link
f68e4f89-41e3-499e-bb39-5512285503f4,f68e4f89-41e3-499e-bb39-5512285503f4,0.2628,merge
95f0e9a2-0f35-40f2-a719-d5db278cd0fb,49eb9d6a-a869-5dea-9f38-8577e21e8b91,0.2585,link
334e7430-71f2-4c8e-a29a-5c04860eada8,8676d43c-8ed1-5783-8229-269b360b33c2,0.2582,link
5600c27f-4bf6-4d17-8ed5-ca2c821f89b9,692e6b87-58f9-4593-aeb6-226d76c31e59,0.1977,none
97e5aede-f1a8-4a66-9dc4-680aef5913ee,f68e4f89-41e3-499e-bb39-5512285503f4,0.1447,link
71f6abc3-8ac9-45dd-905e-5044f291b9f9,0bfafde1-da4e-5c93-a19d-4469fdce39fa,0.2777,link
f457df40-9679-406d-a0f0-0ca056f3d6b0,eca9bcd8-4f71-5150-9db3-50f9ac6bb0ff,0.3224,none
f67556ef-c327-4dca-880d-3c828c5385ab,af284175-52d6-497c-a5ab-2ac4d3d492e4,0.1578,link
9747ca26-a805-43ce-b9bc-bc841171a81a,594cb378-e590-4521-8158-3861da81def9,0.1467,none
16dc26b9-6411-4c73-bfaa-116489fbf582,9954ecbb-f39f-43fd-89bb-a9a1ad749610,0.1438,link
7702fc64-1e72-496b-95b9-66272eb5ad0b,7702fc64-1e72-496b-95b9-66272eb5ad0b,0.3784,merge
15be8e40-9209-4b94-b76d-933866d5514d,927348fe-e3fb-5e94-b3d4-b5c3cb64bef4,0.2777,link
24d68dfd-11c9-4446-943e-bfd88694f72f,63299dde-079a-4d6a-bb1d-f24b1955a1b0,0.1106,none
32c4b8c8-1479-4697-b968-75c7c0580719,594618c0-191c-4b7f-8dfe-086be318a4fd,0.4169,link
80d9df09-4868-434a-97b6-92cfd131f91f,76da9d95-58e7-4ad8-b17a-3317b205a0f9,0.1483,none
0b795c98-9240-4888-b7c9-a5eb0b97eebb,52d34dda-0002-4291-9a3c-220e0eab9ac1,0.1487,none
c78933fc-3da5-4915-9ee0-544abd5deff7,864ebd0e-93c3-4a70-a565-586f7fe21a70,0.1,none
eb20aefe-81a3-46f6-9feb-45d408cef1a8,0141f25e-4447-4b85-ba96-55f17265c13d,0.2708,link
16b3a077-3c07-4b68-aa2b-a4aaec30d600,3435b2aa-520a-583e-9fbf-47110867a9de,0.3848,none
5a4612b8-f49a-4b16-b231-542c87822dff,636dbe08-2937-576c-b306-64bca3e61563,0.2697,link
5a3b3d79-cdbd-4bc9-bba1-7822a37f6011,636dbe08-2937-576c-b306-64bca3e61563,0.2282,link
28d17ee7-6813-4f2f-9676-a3255cfcc49f,ba4daaa8-b6f0-5c88-9a42-f668632bc9f3,0.3191,link
414ec184-bad9-54a7-a34f-a77dfdf9c0f9,414ec184-bad9-54a7-a34f-a77dfdf9c0f9,0.3594,merge
300ec218-10c8-4143-bd1b-1e3cf5f1be63,96b4f4dc-dcd9-5aba-9cb0-97c1d5b77cab,0.2782,link
625b6958-548c-454c-98ca-54781de49086,dc8db438-33f2-5239-8957-e25cdaa9e5e0,0.1985,link
98350d2e-c8d1-46d0-9668-738150a5528a,dc8db438-33f2-5239-8957-e25cdaa9e5e0,0.1924,link
6dbae5b6-7e2f-4657-adc7-2cb6fd2eaf72,1b62db5f-091f-4dc7-9816-714528ebb986,0.3099,link
6258dee8-13dd-4bc4-bd99-addde0dc1d55,8e51d7fd-894d-4a41-9a8c-21e4277d4283,0.2227,none
558e7c9c-ae41-4560-95e0-b1d36f43c8fd,144856f4-26da-5abc-af5f-02f1f71d0bed,0.148,none
8ecab55e-77ba-4cc6-a301-0691d2fefe39,555df2b6-7a87-5114-8ba5-398a82a7f6e3,0.259,link
080ce4e8-8435-4b6c-a764-2951f47b589d,eaa30141-1b84-5d15-ae7f-dab4709bd0ae,0.1808,link
26edca1b-4c79-4116-aeae-418b8aa4e749,b2b4888f-f150-584d-8717-31de7864989d,0.2418,link
2476b822-496f-44ee-a2dd-1e1a9ef97ea4,8b7a4579-efa3-596c-b07d-3b8a0d81079a,0.2986,link
8cecfb5c-5ea5-51bc-917c-76c043cf5ae1,8cecfb5c-5ea5-51bc-917c-76c043cf5ae1,0.1908,merge
ea430ced-4a40-4442-a09a-70958ecabda1,2faa81f9-7a96-4132-a0d1-6bc97d6d00ce,0.1731,link
f22b9881-4f43-544c-be55-de8e3edc5f85,f22b9881-4f43-544c-be55-de8e3edc5f85,0.2937,merge
c45209ae-d659-45c8-bc04-374f5328f5fa,cb82dee4-88cb-5e46-9ec3-bc05b1d5a482,0.2128,none
dc8989df-4158-45e7-9728-00088c0e8791,1e8857da-3ad2-5ec5-afe6-712b36a6ddb3,0.2853,none
b87c4aba-4886-4bb5-bfb4-87e4cf6ba354,ff414985-eb52-5ea5-9f99-14b918e5d1de,0.2527,link
7e1ef461-533a-4c33-99ee-553eca92f8fc,f22b9881-4f43-544c-be55-de8e3edc5f85,0.2141,link
b95e72ff-9799-4b1a-bf69-25f1d79c2a09,b95e72ff-9799-4b1a-bf69-25f1d79c2a09,0.2488,merge
95231c4a-2395-45fc-8302-a012a55357d3,62f8e446-9b85-5251-b904-ad35d66d29a8,0.2604,link
64563c2b-2109-4848-9949-96e613b7ffe2,64563c2b-2109-4848-9949-96e613b7ffe2,0.217,merge
c3532ee9-5bfc-4b0d-8dd0-62b69c0e2be4,42f8680b-e3b5-46b7-a123-1a8d970c8957,0.2631,link
f791218b-e603-42f1-8a51-85b55d1ecd2e,64563c2b-2109-4848-9949-96e613b7ffe2,0.1495,link
770c431c-bfc9-4c2c-8276-05ddfb7795ad,5d4fdfb6-22ff-40c7-8378-9b1cc6a37e08,0.1635,link
89674cb1-f3ec-5b43-97c7-44f8d5225bd2,89674cb1-f3ec-5b43-97c7-44f8d5225bd2,0.1571,merge
d120de0d-5ddf-4e93-96c4-b281e1343242,eca9bcd8-4f71-5150-9db3-50f9ac6bb0ff,0.2094,link
a16a9ec9-d20c-4317-8c34-e09fb2956fe6,7f314479-d500-47dc-94d5-0b5736b3ab4e,0.0918,none
b63959a0-5848-418c-a848-1b2190a62419,23e8528c-1687-5088-9a16-d51bc8a145e6,0.1246,none
66c69726-a530-40af-8645-f9e80982fb96,88de053e-8d30-5976-9733-6952dfb9277a,0.1694,none
34ab5f80-fbcd-4377-9171-ee41c64dd000,cf1426e3-bb42-5ac4-954f-b935a4f32587,0.1944,link
09aee523-d170-4bab-85ec-30e37dc7f837,c9b019b0-dabf-5b20-8033-1a455d51692b,0.2126,link
a79b98e3-ce6e-4eff-a7c4-b90d90193a31,f9c7d91a-a6f0-5754-a100-3f0f7f60ad6a,0.1404,link
af85815f-32c2-476c-9bce-22875bf930a2,49eb9d6a-a869-5dea-9f38-8577e21e8b91,0.2593,link
8753fe3a-7d18-4abb-98f1-19882458ca61,d1013e8f-56fc-5553-b839-ab5eacf5e7c9,0.3359,link
637b123c-980b-4d03-a38a-f4b876d41fe0,186c0d25-bfaf-5723-b0dc-b64048f35f67,0.3511,link
169de965-4ae4-406d-a451-aef0331e5ec1,4988158f-28a5-48ad-bc08-58429521ff12,0.2121,link
fdefd32c-ea2f-415e-951a-006c5cddee85,4a3655e0-0275-5949-a449-f9b8088763bf,0.1567,link
e9e5f989-b1cd-472a-84d1-498707775c17,930e4c6d-0d2b-565c-a6cd-97fe0f66f6cb,0.1347,link
3986c3dc-4db3-41e3-b68b-5f5144f63a97,412a2d72-fda1-5c7d-9781-9329a5bf1f04,0.1975,link
236b1078-e11b-4ad5-9d84-aa98a54abe8a,f68e4f89-41e3-499e-bb39-5512285503f4,0.1198,none
467c1fc8-34eb-4c06-86b7-2c1431db9e67,66dbae34-6a05-56c6-81cf-ed9a4208853c,0.2718,link
71b09e85-b733-42af-93da-f4f4a73235fb,eca9bcd8-4f71-5150-9db3-50f9ac6bb0ff,0.1701,link
66db1549-0132-42ea-9b0f-a5083ac25f6a,10c7a285-f952-5554-aea7-72270a22457c,0.2336,link
59748953-9508-48e0-b668-c070d0e98e26,db51aba2-bbb7-4276-92db-4cd86ce7db0a,0.1678,none
dbf75785-65fd-47e0-9268-db8d5267579c,a8a8a7ce-b79c-5625-b119-889b028c386a,0.2247,none
6fee8a41-da99-4df4-a5de-f27054ac6956,eca9bcd8-4f71-5150-9db3-50f9ac6bb0ff,0.1904,link
159be6ac-3fcc-41ff-9bc3-b6bcc52ce7d3,eca9bcd8-4f71-5150-9db3-50f9ac6bb0ff,0.2092,link
62186f73-a904-4c27-b171-b70040cf34e5,5be2e8e4-9026-56eb-b55a-5f5d6ed7d4e6,0.1795,none
8cecfb5c-5ea5-51bc-917c-76c043cf5ae1,8cecfb5c-5ea5-51bc-917c-76c043cf5ae1,0.1908,merge
c9695625-b397-4168-bc58-518c7f40becb,2aecfdc6-4f8a-522d-9798-bf9c2137a56a,0.2111,link
0119f987-f1eb-59b5-ae44-5bbc8ca9635a,0119f987-f1eb-59b5-ae44-5bbc8ca9635a,0.3922,merge
57340c5c-178d-4afd-90d1-95ea90c69e94,0119f987-f1eb-59b5-ae44-5bbc8ca9635a,0.3185,link
2938e855-7343-4383-a357-62af58e482f6,d95a85b2-73d4-56cf-8b20-2b7b9fa0fa1a,0.2751,link
7ca4d9d3-3545-4870-a0be-4705cc8ddf4c,22c4a471-24f9-4b80-9182-a04cb1e0cd10,0.2679,link
c5190773-3a8c-4716-82bf-6a574d59b55f,3c3c56d8-84cd-5743-9021-e5f1fe3eefdc,0.338,link
27b3e8c5-c6fd-40f8-a979-2b304e9ddf0d,77b11452-fd1e-4d9a-928f-037abd46f95d,0.1289,none
5f8d269e-9831-4a1f-b650-a10f963056e2,de9193f8-9bff-5cb7-9f58-8081dbcd2cf1,0.2218,link
df701815-3884-4988-b6fb-9f729e941815,f75162b7-7e3b-57fc-8ba7-336dca708ae6,0.1723,none
502ff8e1-34a2-4b69-9c4d-ee901ce789b0,221f995d-4d50-5249-9b21-7851722ce8f5,0.1607,link
9229e072-0b84-4a79-beb1-dbcbae2fd76d,221f995d-4d50-5249-9b21-7851722ce8f5,0.2432,link
bbd8e439-346e-4e38-8ef5-70c05c4e5c93,d3aafd22-0156-4b0d-ba70-04cf2ceb4fec,0.2401,none
78c89c62-4540-5d54-90d3-8db8dbecc145,78c89c62-4540-5d54-90d3-8db8dbecc145,0.2994,merge
a8a8a7ce-b79c-5625-b119-889b028c386a,a8a8a7ce-b79c-5625-b119-889b028c386a,0.2736,merge
fb80d016-7167-4cbd-9382-989a1c430d5f,e547ed2f-85c6-4326-8b53-09e9fd0d131f,0.1754,none
f9b41e7a-e7ef-411c-a5d5-843c088f6f5a,a1d833a9-1ad3-4b03-9d9e-43cef56e43de,0.2212,none
fa450d65-b5a4-418e-92b1-f11f8a5a4a33,80c711ce-58ca-50a6-bb1b-3bcff46f43d2,0.1992,link
b3e7526a-c26d-4dea-b167-14e8fbb94723,22c4a471-24f9-4b80-9182-a04cb1e0cd10,0.2996,link
bb0d81d2-5798-4bb7-80b2-b93042a6bca9,c89785be-060c-4d5b-81d4-c91965d3100b,0.2284,link
7ee7246b-9160-4e2e-9d16-f8eed250ed31,55fefca2-78da-5c72-8754-4e1dcd835f73,0.3847,link
304a8bf8-0cde-552d-b095-c45917bd3d1d,304a8bf8-0cde-552d-b095-c45917bd3d1d,0.3653,merge
8eb0f960-8050-4218-8438-ccd9ace154c7,108ea2f2-86d5-5291-9e69-7fa4674b9651,0.2,link
ea83e81b-6ab4-4940-a6f0-e9d011fe8f02,108ea2f2-86d5-5291-9e69-7fa4674b9651,0.3176,link
befd3355-fa6c-5c35-9812-84f6dd50f3b9,befd3355-fa6c-5c35-9812-84f6dd50f3b9,0.4984,merge
1dc43d2c-2fbb-514f-a2bc-49ef0d418ae4,1dc43d2c-2fbb-514f-a2bc-49ef0d418ae4,0.2001,merge
1dc43d2c-2fbb-514f-a2bc-49ef0d418ae4,1dc43d2c-2fbb-514f-a2bc-49ef0d418ae4,0.2137,merge
a8be94fb-1440-4e4f-b072-979d49267a1c,a8be94fb-1440-4e4f-b072-979d49267a1c,0.2587,merge
a7c90dbd-41b8-41d6-9b93-7a4012512218,fc8751b8-eead-5df5-aef4-c0ada3144ce5,0.203,link
84f11943-beb7-4ef6-ac4d-f1fc30f3ce7a,44a2143c-250e-5d19-b1b2-60ffd670ea61,0.2596,link
420b6000-75a2-42eb-bd9c-c671a467bd6d,317f9cf3-3430-58d9-b00e-d1c2c2e23c7f,0.183,link
df11bbe7-e679-4cd1-9320-3308167c4db0,54e86591-b40f-5d88-96fd-74fd2880ba83,0.226,link
67abe112-5a9f-49ac-8991-aa38b52047b5,54e86591-b40f-5d88-96fd-74fd2880ba83,0.2531,link
99fd773e-27e7-4ddc-91df-6d468785b06c,e1656f1d-216f-44ee-824a-0d2e63f20ac2,0.1703,none
6d54c40f-1d97-4a81-9cac-c88c7efe7e0b,6d54c40f-1d97-4a81-9cac-c88c7efe7e0b,0.3358,merge
b44f4456-e9d1-4a94-b3f7-0fa611665f54,66dbae34-6a05-56c6-81cf-ed9a4208853c,0.19,link
cb64c726-56e0-44f9-bd21-7f573b552ce1,b2b4888f-f150-584d-8717-31de7864989d,0.3304,link
eb02b2fc-0214-4b1e-be23-3cda4473fd5e,eca9bcd8-4f71-5150-9db3-50f9ac6bb0ff,0.1782,link
a745dd17-8643-4182-b739-2bc1d695bbba,186c0d25-bfaf-5723-b0dc-b64048f35f67,0.1818,none
4e88f32c-ffd9-4839-8ed5-b70eb2f01ad6,930e4c6d-0d2b-565c-a6cd-97fe0f66f6cb,0.2702,link
9da1af3d-2804-4c3a-9ea9-b13cf6462b5f,30f1faed-1093-40cb-93f3-cd5b6cd6a433,0.1123,link
020c35c8-c00f-4a9d-96d3-181dba39d3e0,f68e4f89-41e3-499e-bb39-5512285503f4,0.2647,link
fc044b8e-3eda-40cb-b3ee-236d5d32309f,f68e4f89-41e3-499e-bb39-5512285503f4,0.2506,link
8cd1a3d1-0ef4-4a2f-8854-d27dd8be4e1b,5c87fcf0-a482-4518-9562-bbff2a235eab,0.1724,none
754f84dd-6ef1-5fa2-800c-c395acbbbdf6,754f84dd-6ef1-5fa2-800c-c395acbbbdf6,0.1618,merge
9a7adad2-d1ee-48e5-8d62-795e57180627,754f84dd-6ef1-5fa2-800c-c395acbbbdf6,0.1956,link
bb1a6491-aca5-428c-a1c9-447115d45ab9,3ad29867-b72b-5318-9362-2a15e7ea56c4,0.167,link
78e9c32e-a1ea-477e-a39f-be42520b4428,eca9bcd8-4f71-5150-9db3-50f9ac6bb0ff,0.2224,none
553aa285-8a32-4c9b-bfde-0b2dd7f7d435,0c3cf534-89c6-4504-ac9b-d287b1322e46,0.1642,none
c7b7ba9b-22ec-4344-aba7-e855ebb5fa68,6c17a08f-19fc-4b2c-b927-e8ed8da24a4f,0.1563,none
96cc22e7-bfde-4a0f-8053-b3d7a964f1d6,a58a6fc4-abd0-4fd0-acdb-8cb9fd95249e,0.2837,none
bf83b2dc-c8ff-488f-bf9d-6720943d2b97,88de053e-8d30-5976-9733-6952dfb9277a,0.1601,none
e46fb8c3-319c-400e-b689-60a6f98c779c,e6525dd8-5e57-5c8a-abee-57f64d1c9eb4,0.183,link
4286a0a1-3b29-4758-962f-b398ee9c3e45,d1bd5d1e-38e5-4edb-8374-1091539c5303,0.1278,link
5651e0fc-cec3-42a1-b9ac-65234f0e25e6,09c0a448-b2dd-5cab-85eb-f99aae9f7981,0.1665,none
0791a819-f099-4a89-970f-27fd0b465e70,73039697-ab4a-4325-840c-ec44f836862b,0.1254,none
927348fe-e3fb-5e94-b3d4-b5c3cb64bef4,927348fe-e3fb-5e94-b3d4-b5c3cb64bef4,0.1441,merge
3fa81b39-708a-4252-a75d-72fcdfb05962,cea97ab0-9695-4351-86aa-4a3286310e13,0.1654,link
6eeb0a35-fdd6-41dd-98ad-226912110b14,949fa893-c8cf-4080-9b1b-b73f028aedd2,0.0994,none
10ff51f4-9934-40d8-8e7d-de9660edf3c5,23e8528c-1687-5088-9a16-d51bc8a145e6,0.1484,none
9632edd9-658b-4d65-bc73-34d6d0cfc1e2,2edd4dad-8539-4703-bb9b-376b57807020,0.156,link
2a9ae09b-32e4-483d-9464-006ae768cdf8,2a9ae09b-32e4-483d-9464-006ae768cdf8,0.2865,merge
3df03df3-935e-4ef1-9cf0-8aa9888b768d,1dc43d2c-2fbb-514f-a2bc-49ef0d418ae4,0.3207,link
4c6454e7-6f0c-470c-bfac-5264ea25b566,1ef6c318-2532-4f11-a940-8215be5a1475,0.1979,none
45aa6eab-d2d7-4a23-8236-bd207ac6fd8e,bd006244-8634-4aff-ae10-2805f0897888,0.178,none
60ff98eb-d532-4947-95bb-30fd71dcf06a,20767411-379a-5783-a81e-0bba4df4deb9,0.4135,link
083df96e-7da5-43f6-ab96-46e35169571c,1a101be5-1e3d-5e8f-bfdc-9c855ef02361,0.2271,link
2a76e00a-fccd-4184-9d76-ba7f8ca5c6dc,314d1f15-f7d5-476e-9d96-d0e0e373b219,0.174,link
f1218d6a-5329-4579-ac82-d12284e8bab9,402bf14d-6c79-44cf-8a17-4a1445b120c3,0.2055,none
7cc7dbf6-4217-4596-8c78-7fee72088dec,5cfd8c36-cc92-5c7a-9e46-2b60fd373c47,0.192,link
a0205dfb-18bc-51d1-8681-3594ee9b0cc3,a0205dfb-18bc-51d1-8681-3594ee9b0cc3,0.208,merge
67d92a6b-ab84-486b-a930-e7f6ba87d715,221f995d-4d50-5249-9b21-7851722ce8f5,0.171,none
59e3a824-d088-4ccb-8f45-d5b400bea35b,f4c93509-ef68-5e1a-bbfe-d61e21483395,0.1123,link
8ede264c-298c-4263-821a-f6fdebfde0b1,e8a0d6bd-2f37-5ef0-8d83-ee22bb68017d,0.1482,link
999726ea-9520-46e1-bd38-58ba12247c06,c69a41b7-0f98-5837-8a08-bc749f9e0a26,0.2385,link
3238fb53-9645-4ae7-a741-1aad2ecfcfa1,c69a41b7-0f98-5837-8a08-bc749f9e0a26,0.2226,link
9145b0bb-978d-4f03-b8fb-21aa8c1290ad,01778346-86f5-4e73-a9dd-dbf9e68a2e37,0.2832,none
a5e729a8-2e12-4dfb-89fc-0389eb36a577,6d07c5bb-0d5f-4cab-8134-78ebb06bb790,0.2624,link
22dd4d1b-53ea-42bc-accd-eee528b67e26,eed1bb5e-2be6-53a7-9341-2412eb7d86e8,0.3189,link
c82afee6-d9ea-4822-9e1f-07560fb42bfe,395bd3e9-644c-5663-b58e-56354ee70424,0.1921,none
9e8244d3-03dd-494b-bbcc-6613a269c0a6,b4995a45-a368-4a50-840d-59d824c0c53b,0.1129,none
60ce25a3-9c1c-452d-8336-398f0b0e84b1,c89785be-060c-4d5b-81d4-c91965d3100b,0.2903,link
10b7ec1d-8484-542d-b7d8-e556ab71ceb5,10b7ec1d-8484-542d-b7d8-e556ab71ceb5,0.2345,merge
7518535d-b7d5-411e-a98c-3e4a836548d4,29566513-d42b-43c9-ab93-f3485a0b3085,0.163,none
ff5f3077-be79-45c3-85d4-d1c91963cb58,2ad934e1-0446-5174-ae7c-26b06e85dbc6,0.1592,link
0ed68fc5-bedb-4bd3-974c-8faf33e5c39f,70453a52-6c2e-5f51-8360-d7176bee3ff5,0.3399,link
7b31f6fb-66ee-4f42-9fd1-bb7f05b5fd2e,e0295cec-49df-4dc2-bb54-73331ff82130,0.1312,none
05b48809-8268-4be8-9a21-cb6ec30020b4,f0a50a72-5f04-4661-81a9-03e04922046c,0.1348,link
1945ff80-4f21-44d2-884a-6702931a891b,f0a50a72-5f04-4661-81a9-03e04922046c,0.2209,link
facd0d21-1b24-498e-b384-314c29fd26ff,4fa7e2b4-ddcc-5788-b029-d3b203a81a41,0.2262,link
8c5601a4-52b9-42af-ac87-a6e2e180759d,0b7a8b94-d3df-4abd-82f6-f798be4b0786,0.1614,none
71bd9f42-0b95-42f5-b075-b9490bba8e43,f156f058-c920-4a53-9d06-4e28f2c7dc1d,0.1431,none
7b6e2b1a-b456-4c97-a6d3-cb2ab7462271,7c98f13c-3f99-424c-9bad-10febd428ffb,0.1918,link
c3bc9109-711c-4ca0-86d2-0783e1c5a40c,8f106219-1dc9-4d87-91d4-035c0257f45f,0.4874,link
89f0ef3c-8c41-4b3f-83e5-3472497cd07e,45af3dad-f365-4ec3-a0aa-219ec8651a64,0.1595,link
9683c92e-7843-49c2-9b01-6f07170f8074,82d18b43-416b-4f33-80a0-7d3e87e192f7,0.2043,link
828b34c7-e042-4c6b-8071-9e98d37d3378,6b987066-6eb0-4082-930c-009dbac719ce,0.1655,none
dc52ccc9-67ce-4929-a983-5f66efc005cb,b0ef50da-9008-59fc-945e-912aea50f4af,0.2709,link
82f41a47-c252-4e4c-a03a-13b1e47669c6,4a4e1096-0f2a-5fe8-abfe-feabc2558ea3,0.324,link
9bbd21cd-2407-4c5a-9daf-4ae48037cd40,fe79b1fb-3bb5-47c0-9b57-a54d70b4d548,0.2289,none
560c35fa-2a83-418e-a012-15a4704cebf5,e37c38c8-c11b-455e-bc9d-be2918bb234b,0.2982,link
b594d4c3-2aef-411b-b7c6-1f5a300280bb,a997e206-ba00-5087-9ac7-f301f2eb9841,0.0962,none
2a87a2f7-7b95-421a-a484-482e65d75baf,70393172-f85d-520e-86d2-27ef4b1966d0,0.2789,link
8b9d97ec-b860-4c2d-b65c-818e0753cf5d,8b9d97ec-b860-4c2d-b65c-818e0753cf5d,0.3428,merge
ab8b28c2-af61-4f6f-9d7f-158dbf69af2a,dbe56300-b021-4286-a560-89547c9bbcef,0.1654,none
975d8cda-cc45-413d-8818-24aa33bbd9b9,05afb8bd-8320-5fa6-98f6-ac0be0fa5767,0.1792,link
4969072f-7716-4272-8bc5-449f3fdd7c27,63f09b5b-faa8-4ebc-a057-e633cbd6b886,0.1593,none
824444bd-514e-48ae-8068-973384664f80,c75962da-9a8e-53a7-81cc-b46d56f5100e,0.1094,link
d80e5f71-a42f-4feb-9684-0c65a7b067c5,88de053e-8d30-5976-9733-6952dfb9277a,0.1613,none
db2238f5-ab99-483d-9971-0d8f360c31ff,e6525dd8-5e57-5c8a-abee-57f64d1c9eb4,0.1323,link
c1eb6d51-b8df-5ce4-ab03-314750e960b8,c1eb6d51-b8df-5ce4-ab03-314750e960b8,0.33,merge
91f8e2ad-eff8-4f9d-baca-f580050ace2f,e85b8332-c5be-4e5b-82e3-03aff619701b,0.1863,none
a08543bc-3117-4561-b5bd-f80f969144f6,de111717-ee92-4faa-b4e4-2700ac3d578d,0.1926,none
2c0ee1dc-695c-4060-913f-8d810d1369f9,de111717-ee92-4faa-b4e4-2700ac3d578d,0.1868,none
6a5d4ac2-d8bb-485a-91e5-5dd25f12b0e6,cd6be041-9994-5ea9-8228-3ac9320fc1a0,0.1194,none
3be76a26-f3e0-4192-8398-0a9233743eed,4c7520a4-3ed3-4e47-accd-1f272b842e4b,0.1994,none
49fe9974-5900-5d38-9545-7fb5761b9c48,49fe9974-5900-5d38-9545-7fb5761b9c48,0.2115,merge
2ad934e1-0446-5174-ae7c-26b06e85dbc6,2ad934e1-0446-5174-ae7c-26b06e85dbc6,0.2049,merge
521143d2-f986-493b-9ae5-f93cecfd76e5,c767ca4e-827f-4279-a68a-49925a94a075,0.1548,link
ad879ffc-f757-4f6e-83a5-f8c543b5d8c0,69534ad4-15c1-4ef9-8af9-d7cc85ce9d32,0.1723,none
2ad934e1-0446-5174-ae7c-26b06e85dbc6,2ad934e1-0446-5174-ae7c-26b06e85dbc6,0.2247,merge
f92c2b51-3096-47bd-b0ca-865f0316a307,a7328558-46e9-41c1-8864-873ed543cc06,0.1339,link
e0efc423-8511-4acb-a5f0-245d9c9b8cee,33b06e27-3731-5818-b818-fab4448483eb,0.2493,link
83112ce8-93e7-4836-b98a-48e299b0b56f,01778346-86f5-4e73-a9dd-dbf9e68a2e37,0.2247,none
1952f4fd-4089-4d55-b90b-7e1632d61f31,aaaeae52-291c-5622-b287-dd397cc8ac16,0.2605,none
814dc9b9-fbd2-410c-93b7-46b40aa421d0,221f995d-4d50-5249-9b21-7851722ce8f5,0.1377,none
c7a1e3b1-c631-4f3d-884b-614790fd9a45,0b131675-fbee-5aca-97ee-ed67d6f64697,0.1673,none
25cac19d-4c65-45a1-a3e9-16e1ea6ef167,221f995d-4d50-5249-9b21-7851722ce8f5,0.1488,none
e650344b-f932-5f85-8c6b-abfa302759cf,e650344b-f932-5f85-8c6b-abfa302759cf,0.2622,merge
d30b5938-b73b-479d-9f4a-6954a69ac59f,a8a8a7ce-b79c-5625-b119-889b028c386a,0.2583,link
1916ebe8-8074-457a-85c0-6cb25a501732,c3b65c32-b33c-4343-a2c4-1da738b53f54,0.1396,none
ef4dbab2-4db3-5955-8ae7-843fc7ee8479,ef4dbab2-4db3-5955-8ae7-843fc7ee8479,0.3486,merge
89d57dc4-7104-4b4e-9eac-a761d4873e4f,c2c786f3-474c-4fda-be8c-742419e0e1e7,0.3424,link
ff7df55b-8937-4ad9-bac4-db46919ef4f6,fbc1fd92-1211-4119-b7bb-fda83a4d143b,0.1571,link
9c13663d-fd4f-4d95-8d0e-f30d63b97b76,9f42b14b-6fda-4573-b1a3-ff7abb7a586b,0.1357,none
5bf1f50e-738b-4259-855e-18677f084645,6e684a98-1ac6-4484-a36c-6d41cd09709e,0.3018,none
f0ee983b-af8e-4f64-9267-672b6b893f48,d2c77dc2-e49f-418a-8953-b1ef1a1e0c58,0.2518,link
e2970211-2fb0-45c4-b1ba-cce89a7c4381,d2c77dc2-e49f-418a-8953-b1ef1a1e0c58,0.2522,link
f0c61a35-c80b-4d66-8481-7c7a58aa6cd4,99281d7a-9f58-46ac-b1f4-e23ded3f65e5,0.2855,link
9e1513df-3e89-41ad-b76e-af52780c13ec,d2c77dc2-e49f-418a-8953-b1ef1a1e0c58,0.1806,link
eeaae273-1ffd-41b7-a562-cc752991ee53,7784a836-1833-55b2-9f06-5863a147d578,0.1522,link_regional
8f7847fd-0271-4351-af86-b68cd744a9ce,7784a836-1833-55b2-9f06-5863a147d578,0.154,link_regional
d606317d-17b3-4630-8946-eed2fffd4549,329aa819-e65a-5889-960a-a5acfc1ba5b3,0.1525,link_regional
e9a9831c-4822-427c-924a-5b432b23aedb,80c711ce-58ca-50a6-bb1b-3bcff46f43d2,0.1428,link
393fe3bc-5c68-46a2-a1ae-684f289fdefe,fbd247f1-b812-5480-8711-a13f1ce8ed17,0.219,none
c7d15e5f-7889-4706-8dd5-f96d7aa3d72c,90e4775e-b219-5955-84c4-a51ad1f028a2,0.2743,link
d1f9dc1c-0d84-477a-83d2-7f76f1c91948,baa38680-9f6c-5684-993d-9c5a79813e04,0.2728,link
9bde953f-6e21-4c51-b60a-a7d6aac5c7a1,f07e2e99-b831-44c9-a58b-c4533db0ada1,0.1878,none
5a42801b-4bca-4a25-8225-c0dce3d2e72c,e650344b-f932-5f85-8c6b-abfa302759cf,0.2571,none
78f1202f-1885-4b99-a4d5-e1c02744e92b,57a7c2b2-b2cf-474c-ba13-51b9d82a9458,0.1682,none
9ee97060-00c0-4b98-ade2-46cc3cdfbce6,07f4ca9a-f0ef-53e5-a387-4b5d049185a1,0.1584,link
b0800835-24b9-4041-bc54-54a4f33eb21a,07f4ca9a-f0ef-53e5-a387-4b5d049185a1,0.1402,link
1ef413c9-09ca-4ef6-ae58-762790fd8ef4,1ef413c9-09ca-4ef6-ae58-762790fd8ef4,0.2651,merge
628b3b6e-d524-4ab9-a887-0a152ac1fe70,9f33e634-f86b-48ed-baab-e2b92086c67f,0.1536,none
1af80e39-59b5-4234-8eb7-af32085124a8,da70f59c-db93-5dca-86e9-72134a429d4e,0.2061,link
a879531f-fb14-45dc-8876-e91713a5d031,d6b970f9-3828-4329-bdf6-f6373df09d3e,0.2603,none
1e84f3bc-b787-41e3-9a6a-7dc6aeaa9569,0b583d53-2d36-43eb-971d-cea2025278d4,0.2423,link
4f4afb57-452b-484a-8ed8-db58d21a48c7,2d45eb0c-37a5-4269-9592-4eda3d087022,0.3972,link
3236575a-986d-4c18-b2cc-90a0eb35ac70,2d45eb0c-37a5-4269-9592-4eda3d087022,0.4139,link
2d45eb0c-37a5-4269-9592-4eda3d087022,2d45eb0c-37a5-4269-9592-4eda3d087022,0.3489,merge
5ed13512-4b81-4e3e-9f2a-4768a71c5be8,b95e72ff-9799-4b1a-bf69-25f1d79c2a09,0.3229,link
3e8eef63-2c2d-465c-9df7-bbf499586c79,c89785be-060c-4d5b-81d4-c91965d3100b,0.3596,link
442e7629-d246-4046-a115-475699a92309,e26b6696-1fe6-5a93-97f8-2de9dd1d07e2,0.2162,link
97b07f28-0cc6-4a50-b9c3-519d38d44754,a8be94fb-1440-4e4f-b072-979d49267a1c,0.1988,link
4878d8f0-9afc-41f7-bb7c-8aa7515fe7d6,a8be94fb-1440-4e4f-b072-979d49267a1c,0.1803,link
4f399dd5-3bfd-4147-83d1-367aadb98fdb,6f9775e2-cd3d-4622-902c-5de42fa1f684,0.1218,link
9e277e8a-9fac-4ae7-a1a9-764ca7202dc0,2a88d495-19fc-5c5c-a9ce-660dd4f95802,0.2554,none
d2398a84-d123-4a2d-9cb1-3d315d5e196b,14c9562d-c985-5d98-8fe5-a8551e0a20ff,0.1726,link
e62d4ebb-2d49-4795-ba9d-5032f0acc971,14c9562d-c985-5d98-8fe5-a8551e0a20ff,0.2528,link
f86121f5-4795-4fb3-abdc-6c398c56275b,6c85590d-40ff-487d-ad36-b527aa61d74e,0.2351,link
1553c71d-0c90-48cf-ba08-4e1d37549ac3,4a1b41fd-bfe4-57cf-9f92-aa2ab59f2bad,0.248,link
1c906ba0-31d2-4cef-a5bf-5d094c5bb47f,4a1b41fd-bfe4-57cf-9f92-aa2ab59f2bad,0.3078,link
394ef410-4a29-4f2e-ae4e-6506cc0a9c7b,4a1b41fd-bfe4-57cf-9f92-aa2ab59f2bad,0.3455,link
5a1fd001-a4d9-4a1c-bd0c-a528b2c7cd6c,d863f15d-b843-46a4-9603-01c313099787,0.1562,link
5a3583d0-04db-492d-91ea-521f0c08adfa,075548cc-1a68-4f44-8d31-8139ceaad7b2,0.2006,none
7066a95a-a7c5-4c37-9c26-0644e333d069,9f6772f5-1115-58c8-b53d-b5f26ccd0c9d,0.1972,none
48be62bc-2b96-41c9-8463-0ac598472020,c4892b06-961a-42d2-987a-10013c60ac5d,0.2409,link
304a8bf8-0cde-552d-b095-c45917bd3d1d,304a8bf8-0cde-552d-b095-c45917bd3d1d,0.4511,merge
b280a59f-8af3-4cf6-b2d5-fc6f2af5e066,de111717-ee92-4faa-b4e4-2700ac3d578d,0.1824,none
f0e54ae8-c6c4-4808-88f2-10cd0aba09f4,a19972ce-8ba7-5042-9369-1c86bb517dc6,0.1465,none
593e36b6-5fcf-4e79-a7b7-cd41e71b2c86,80c711ce-58ca-50a6-bb1b-3bcff46f43d2,0.1477,none
72227217-1dae-45d0-b772-d6a581bebbc1,e04f1663-58d1-4c49-9eef-2cda831f37c3,0.1879,none
4181e6ff-8001-4e56-af96-fa82b94f0ad5,860aa7a7-667d-44c5-a098-ebe2b13d2e5d,0.1927,none
25376655-0520-4c65-9d46-f0227629d3dd,aa5ef743-76a5-464c-befc-801b77e01996,0.2113,none
3fba05d8-3a8c-4f1b-9e3b-33e57c0220bd,5565c30c-22fd-4755-aa88-ba3bfc30e8ca,0.1904,none
81f396dc-8e26-4d7e-a1ff-23dfd3181d6f,baee2e35-f857-4812-94dd-7cdadb4852b2,0.1482,link
7932c990-0f23-43ba-a05f-0f175f37b537,e0ab272a-69db-4efc-b241-6ea51b30edc4,0.1353,link
54317343-1bab-4f77-a8f8-007a56e10ec1,a9107a34-d51a-439a-876e-ad092a7dc51d,0.1607,none
97bc2977-1cd8-4c33-a061-ca09b24f9c96,9943e3e9-6c63-42f3-b8e1-c713258d9563,0.1427,none
3c497c40-472e-4c5a-acd7-cfae812884b0,881f4844-4552-42ee-8d55-718b24e5ed2a,0.1221,link
3c00bd56-0748-43b8-8d7d-ab1a66509c47,632933d9-ba2d-4528-a761-eb5f1a28de1a,0.1642,none
1d016688-6ca4-4677-86fa-f126dd068550,510074fc-a8ea-4628-b771-8dafdbdfa7a8,0.2236,link
022979ae-b6bc-481e-8554-5cc1489eb2fc,d985b461-baf1-41e7-b8f8-ab6d9e053935,0.2281,link
ab7334ca-640d-4e6b-9c15-fba80b25d2c0,395bd3e9-644c-5663-b58e-56354ee70424,0.2094,none
dbb80f23-8899-4458-832f-a7e2a260be7a,4ad1c506-2a2b-4a19-be0a-6ab995fdab62,0.2032,none
ecafe001-bbbc-4ba8-a160-db6dffff88c8,788ffe7f-6a1b-47c6-bada-0810204a779e,0.2084,none
cf690672-bbae-4f88-a571-0b242c2df0e2,6cd69043-bc3d-42a9-a5cb-1ba9c2351c1e,0.1401,none
8137497c-01c6-489c-98d9-34b3179d2e3a,5a571ee0-155d-59ad-82be-de0386ce7787,0.1757,none
589a9765-0a2d-460b-af98-d3d8cc88ea5f,754f84dd-6ef1-5fa2-800c-c395acbbbdf6,0.156,link
6d284434-629a-4b55-9788-102f252019e4,e26b6696-1fe6-5a93-97f8-2de9dd1d07e2,0.1996,link
cd742a01-8ba9-4671-b464-8b7ccaae1d38,8f411df0-e179-5681-b1c9-2f16e30c8963,0.1225,link
f8616861-2dec-4213-964f-f783ed2ecccd,08434f52-ce6d-52c1-aee7-dbace1454390,0.1596,none
33326089-9d8d-4e77-9142-868387a64596,6179a7ca-c790-579f-9fd9-a1fecb065163,0.2061,none
385196a6-30c2-4a7e-a1ce-83a30854e888,08434f52-ce6d-52c1-aee7-dbace1454390,0.1286,none
5b3f5729-8036-4cad-8129-6a6f056a001e,bfa79064-fe1e-5430-81de-c4155d27d0b4,0.2307,none
68e536bd-6cf1-40ac-bbc5-abe306bb9579,54110dcc-df25-5da3-95e7-b95407c0aff3,0.2744,link
9c3edf17-98b4-4296-9027-784dd1af3600,524bcfce-6e7e-571a-b3fe-db64d70d72a7,0.2308,link
1a4da41c-60b4-488f-88f3-5b43bcecf5b9,dbe78488-3e7b-5279-abf0-c84e82cf48a6,0.2124,none
111f68b7-c308-444a-80a1-2c10df9cf392,dc34402c-b3d4-53a0-841b-102c45e42d9a,0.0951,link_regional
7d93519b-085b-4cbc-b4d5-a135977acea1,86f60c17-f57b-5b4f-8157-248c08421272,0.1561,link
ea5c9012-fe79-4af1-9f46-7e0e52163ff3,7312da09-87e4-5c12-a2e2-e3f6948b70ae,0.1842,none
7f7df308-af32-4a63-a721-0c825f939a09,7312da09-87e4-5c12-a2e2-e3f6948b70ae,0.1549,none
bc3b48c5-6778-4e2d-9f68-c2a92f77f32c,8f106219-1dc9-4d87-91d4-035c0257f45f,0.1538,link
b0667973-06be-426e-aa15-e2b91f1cea63,e3d2b02c-896e-5919-a78a-7013f2f6449c,0.1023,none
838ba91b-de7f-4020-b986-08d3ac50baf9,d76ac695-5b8b-5196-8019-0e4b86b3bd93,0.1131,link
8c073f9f-f2c9-4194-b7a0-14bb8e664ab4,694769a6-0042-430e-9c68-fff4f8072bc5,0.2022,none
fb04b29a-6d95-5584-90f4-ad8d2bf68c97,fb04b29a-6d95-5584-90f4-ad8d2bf68c97,0.3188,merge
45f97bf4-290a-4f20-9d90-13649e596234,3cfa136e-784f-4286-8af3-09887981d9e8,0.1018,link
8e35e216-b130-4e23-b3ab-f2515a715da8,b64fe24a-4e91-435d-a2c9-00d3b7231efb,0.0997,link
ed27d473-7eb3-4ff6-8ab4-d5a6ecf4c026,c16cded6-2f45-4a46-8eee-688b2ac8c7a7,0.1439,link
eb633b48-7435-4cdf-a692-7c48f1d6adf8,f208e697-e1d1-4d3e-afeb-78e6438154e3,0.1785,none
6050f1fa-1af0-4070-85fe-223cea9f3d54,15426ee1-97ca-42d6-be8f-602f8f344d89,0.1836,none
0c369010-1bc4-4397-93e2-d9fc374c0763,15426ee1-97ca-42d6-be8f-602f8f344d89,0.1804,none
43c2a754-0226-41ba-ac7c-5fe69911c296,5565c30c-22fd-4755-aa88-ba3bfc30e8ca,0.1865,none
0f9b9ba7-a1b3-4a82-83af-2e57a1e95405,c080f9f1-bb2c-4004-a882-093ae5f7e47b,0.1248,none
2480fe44-911e-4aae-ae4c-1e8f113cee9e,54136352-878d-4a03-a9e5-52963a9e7c12,0.1806,none
b1d376c7-2255-4088-9885-7b9d9cf3278f,2813c7c9-482b-4826-97c7-83c51c2956c9,0.1053,none
9f428320-69c8-449b-8810-ef63a8eac935,494a703a-7dc1-4f82-aca4-0586f60b93c8,0.2385,none
aaa302a6-3986-4fd4-80c3-ec6cf713ba0a,c2c683ad-34ba-5ae5-b56d-782a5e0efeb2,0.1806,none
c9b6cb3e-0974-49aa-8d3d-702c57d38121,785210ec-2d44-454b-b693-5f9f4eb1fbb7,0.1233,none
a7883e97-f35c-4f37-96c0-8cddb3a219c1,03342bc5-c8e1-4ddf-bf7d-1d7ac01f9d55,0.1794,none
e15ff2b9-2766-49d9-99cc-cb48444715bb,511f4e40-3705-4e73-9c17-eb7f4b37f7ce,0.1434,none
9ea9a629-cfc8-41f4-a984-f063426c3e8b,a22bdfbe-8cea-4bfd-9ee0-621cf1887d43,0.2265,link
f3083f2b-6600-4bdd-bff6-53976713f894,0c5b4675-6fdd-4fe8-b9be-caa92ac153cc,0.1609,none
4cf9ed73-b833-410a-9613-721d10744fe4,89c27b2e-bbe9-4c18-b44d-d3afb58178e3,0.1195,link
f8f46c10-8e7e-4e36-9603-8a9da881d4ee,0e45e1a9-8ee9-456c-b96a-d564ffbf8060,0.0835,none
1d211a1f-4f7d-454c-a8fd-b79b4cc78b97,3f9bb9fc-b40b-415d-bbd9-8224bc90e783,0.1358,link
6dd96e51-31c7-4107-ac13-05ce63efff5b,a9107a34-d51a-439a-876e-ad092a7dc51d,0.3636,none
22e35187-db06-4ddc-a805-5ca18bd1b19e,481f037d-6c0d-45f7-80b8-5ed1332f1be2,0.2992,link
33ff5196-803f-4d66-9653-0803d9428594,35e3316d-f160-4356-a1ab-f2b14f5b2851,0.3589,link
5025e8fd-77db-4ef9-8114-0d6b9b78b672,e403f8f1-e61f-4ce1-8f9a-7ba68c8bd81c,0.1327,none
b65646f8-bd46-4bac-8895-609bd9e75c18,12b00dbe-3dfd-4947-ba39-0de60f34477c,0.1283,link
e6c73e1c-e649-4cdc-b52c-2701a69b7b2c,73039697-ab4a-4325-840c-ec44f836862b,0.1728,link
4d5b8baa-5821-4afb-9c16-75695b539f00,2b226ea6-3254-4310-9a8a-6f880ad69f5b,0.2303,link
18a86221-563b-453d-a7b1-0853949a2cb5,98c77789-b386-4e09-8fbc-24babefec18c,0.1566,link
9c2c2a1c-c051-42c1-b442-b46c00c1119a,28296031-04d6-4de6-9700-daf31da4b0ea,0.2076,none
db6864c3-b855-4927-b8a3-48e1a2766ddb,5d8317f1-72b0-4973-8e97-524465328725,0.1386,none
9895adda-8373-454a-8203-89493ffd9e31,60fea6a9-11d8-4ccf-8e3f-b595f9f636a8,0.21,none
b88950d3-8d89-4d78-9234-51b1bba1fbb8,6b7fe640-4641-4e97-8048-f1f88910cfe8,0.1992,link
9b5c75bb-404c-4681-9ca2-f87f1a9bd55c,46662692-7691-4782-831b-06401aa0e6fb,0.3565,none
49900952-be0f-44ae-b26c-67f3bc1476bf,44adea94-b233-4e28-91ef-cec49150104a,0.156,none
59675e04-78fb-4d39-b6d0-383cf146db16,e90edb22-22a0-4112-96b5-83ac13b90782,0.1647,link
f4791d71-8985-4645-98a0-ac25f46b2bf0,2813c7c9-482b-4826-97c7-83c51c2956c9,0.0855,none
427cf4ab-5253-4d29-9f6a-2e10d7eaea0f,9d2cce30-65d9-4942-b568-da72ff71972b,0.0944,none
46b59884-f644-4cac-9215-cbf8d98bc283,510074fc-a8ea-4628-b771-8dafdbdfa7a8,0.1353,none
207d7aec-9569-4616-a06a-621cbd60a83e,85c96ed3-b682-41b6-89fe-05671c45a44d,0.1195,none
459ebf5e-1ab1-44a7-a7cf-16f4d1613aaa,30f1faed-1093-40cb-93f3-cd5b6cd6a433,0.1625,link
aabab4f9-cbfd-447b-81c9-a1064df52510,eb08fb56-de82-42c7-b4ae-00da9d254086,0.1483,link
04526952-e0cf-40af-86df-c0bbf28d6ab3,f208e697-e1d1-4d3e-afeb-78e6438154e3,0.1822,none
a6e653ce-b8fe-462d-bd3e-178a91ae7103,1663bf42-45d3-462b-be62-1a0c5451b4af,0.2073,link
d984493b-38bb-4a93-b061-eb6826317dbd,73039697-ab4a-4325-840c-ec44f836862b,0.1369,none
88d8f1cf-3af6-443d-8bcd-1a4e298e585b,1663bf42-45d3-462b-be62-1a0c5451b4af,0.155,none
e025d7af-afe1-4a98-92e2-7dc695c0c02c,a8012098-e967-4866-aab2-fe48a9105bac,0.1269,link
8a9543d7-02b2-431d-810e-9c2f63043df3,a83880cd-466c-425b-a9a2-6d89000e0b57,0.0749,none
3b9c840f-7de4-4428-9856-ff668eafc6e0,9db54233-12a5-463c-98a5-333872df8a65,0.209,link
f36bee36-ab87-40d3-9e26-0c374a7ad34a,38d9172f-c69c-4507-b843-e411e69c4839,0.2188,link
4352a373-46a8-40ec-922d-5efe889ffd11,569cf8e7-95a8-4304-9d79-60d0a7852168,0.2287,none
640149fc-9321-4e5c-bdc8-23896b64f1b1,d572e5f8-8636-4e7e-95d4-0c9081e84214,0.0697,none
93668270-52d4-4536-9622-88fe21967865,46d65607-e7ea-4b48-8f5a-2b5dce43f159,0.1072,none
ea168aec-e9fa-44d7-b5e8-474d85fdb7e6,878577ab-245a-4fbf-8ee6-73a5cafe9f24,0.1741,none
b6cc0e37-f88b-4ffa-aa6d-9899e3408e98,684c1fc3-8eb7-44b2-a448-133e3129d30a,0.0972,none
e5cb42bd-765c-4eee-9ca4-e198d54eed24,57a7c2b2-b2cf-474c-ba13-51b9d82a9458,0.0825,none
7e57951a-8aae-4b81-a3e6-84c11e3986ca,661ca863-4f3e-47c2-85ae-78efcedcaee5,0.0995,none
5f390e37-239f-4b20-8594-a0f367849f94,d06bc5c9-e04e-4cd3-b360-053537e45341,0.1263,none
1eed0c83-d9c8-49ae-bd64-b16184285a50,9d1c9b0c-32b5-456d-9152-694a51fe4c6a,0.1205,none
d59de146-4fb2-44d7-8f29-c592c07e9e30,89e21115-3fae-4529-84f0-bc5a4bedc33c,0.2023,link
f1796a11-f750-48f6-a519-1859c312154c,79563247-6bb7-4dfc-8673-b8664097e3aa,0.1363,link
7633bdea-db13-4306-8a1e-217b5d00e9c5,5565c30c-22fd-4755-aa88-ba3bfc30e8ca,0.2171,none
5af6ca8f-e636-4963-a168-104e23280f51,8a53c6f7-49c8-4540-9b46-091ea32f3e45,0.0494,none
b7697c1d-cbac-4d61-a204-d818c2d06ef5,1a855175-db9c-4f71-b7b3-6473a027010e,0.0657,none
a363ff76-bce7-47ab-a463-ffd0332ec1fb,a83880cd-466c-425b-a9a2-6d89000e0b57,0.1008,link
dca57fa4-8f9b-4e92-ba99-3aed34689cd5,20a5c587-6546-493b-8eb1-0913e34e288f,0.1222,none
5df3c868-1fb9-4334-adc1-6b91cbac8064,1782cf9a-359b-5120-aa10-06b5107ec8d0,0.2053,none
db340aaa-76eb-4ae9-bfe7-383b8b99613d,ed02e0e0-c9d9-4cd4-8b7f-ad6e6a2d0d31,0.1223,none
330350e1-f0f3-4d1b-bf26-a9eadfdb5ac7,85822c7e-da12-47ae-905d-b47dfb70fd41,0.1332,none
dbaf7f52-43c1-4219-bdfc-f0d917640387,40851465-0398-4da4-8c14-2a6ffff0ad1a,0.2501,none
4c02be17-8464-4657-8c1a-d3018f8e67b0,5e6c6f97-eea8-4e6b-8810-e6c81a6d8bf9,0.1663,link
d2819bf5-b2b2-4a8d-b3ec-14a56ce31aef,c251ba85-e804-48fc-9e6c-2aa81b9df684,0.1692,none
b5523231-3053-43ab-8e16-a3edb3aadb5c,4b65ee97-5377-4d0c-9c29-3d28f37c1bc8,0.1785,none
eb212dc4-7484-4237-a342-3d473784868c,30e892a6-1262-4eb3-9e3f-058d3b5e473d,0.1586,link_regional
f953be7f-0b38-4987-bc96-17620fa9cb99,35eae267-9f12-46ee-80a3-17a6dd8f1f34,0.0958,none
320152c5-de53-4ac8-bf15-afcc921ef952,e90edb22-22a0-4112-96b5-83ac13b90782,0.1753,link
0d3d7f58-533d-4338-8952-81d1ec737542,b6b71ce1-7342-4b9b-a9bf-6d6863fef174,0.2115,link
e28d7df1-84e4-4884-9f17-9e05000c5172,608bb337-d46a-42de-ae5a-37f415621175,0.1797,none
92576eef-88d2-4fcc-9716-338cfbcce368,38d9172f-c69c-4507-b843-e411e69c4839,0.1389,link
dfb05621-24b6-4e8d-9bd8-ba73582b7662,beb02ab5-765f-4e63-a0f2-5cf484e64ecd,0.1458,link
c8ad9cd9-8ba8-486f-ae57-eee24b5af1b3,f3a6f972-08b4-4467-8a63-cdd18c3a9a88,0.2212,link
29e0a81c-97dd-40aa-b083-9b60724c5e3c,5459d776-fb2f-427a-9b2f-0c16afbf4b93,0.1318,none
865cb793-af03-4fa0-a33e-1702c82c2357,ad28daad-85d1-4175-a24c-644c117e446b,0.22,link_regional
bb0e998e-ee61-4cd2-b06e-1b81a51fd110,2609912a-8af8-4d89-ad6e-732aed6d0228,0.1616,link_regional
1b4214b4-9539-4c5f-a4c3-333273f9a955,28296031-04d6-4de6-9700-daf31da4b0ea,0.1016,none
0fb1e5cc-638c-4d6c-980b-8743ef9394b9,5d8317f1-72b0-4973-8e97-524465328725,0.1519,link_regional
604345a0-76d9-4a5c-a53a-ddb61061539f,2796ddb7-c526-44b4-ba55-8891d7708b04,0.1635,none
1c68d48a-784a-48f3-9ac3-3b5aa53ee4be,53315b8d-5e9c-40e0-b563-85e7b5ae1387,0.185,link_regional
f541231e-0dee-40fe-99f6-02b69ee8ef0a,3f99d30e-7c89-44cd-a493-e1b94d0a059c,0.228,link
0ec8a32d-0128-4e94-ba54-fa5194de2f57,7c98f13c-3f99-424c-9bad-10febd428ffb,0.1282,link
09492a4f-8670-4e25-9137-ea044504c9c8,e1b03869-98a8-486c-9146-57e592e8928b,0.0872,link
e94ab311-bd60-4f21-98a4-6bf4f41c3967,3cfa136e-784f-4286-8af3-09887981d9e8,0.0876,link
c88759c2-8a13-420b-a372-842e6ba05f40,be332bcd-a08d-40a5-8feb-e03fabb9500c,0.1694,link
b4893f53-7ff6-48a8-8eff-1bc5a5d9ca99,18baa937-6c61-5248-93a4-1a5bfbc4e99a,0.1904,link
01998c79-0836-4f28-8885-e6619050b609,f96c9336-5cef-4477-bde4-c50209db7d37,0.1364,none
afd37829-baaa-4767-a5ce-0534378a6295,c251ba85-e804-48fc-9e6c-2aa81b9df684,0.1745,link_regional
9ceb12a8-1094-4b33-8a8e-2fd54d23503d,c777a62a-8c77-4551-a6c9-500fde1af7bd,0.2204,link
38e96068-588b-4ad5-ba26-49f3b5be36a6,e814fb89-8cbb-4cdf-9af7-6b279c6d7264,0.112,none
fc9078ff-be88-4580-b064-02e1d32c8c76,41c570f7-36dd-47a8-9145-7785c43b783b,0.0628,none
883750fa-1775-4131-8129-59f35d2a2b0b,1c3de850-3bb4-449f-a33c-640641356fc0,0.0794,none
3b169049-8597-44a0-bf7b-bacaa3e88d26,20a5c587-6546-493b-8eb1-0913e34e288f,0.1168,link_regional
3254be79-8cba-47e8-abf6-1b89fa82ba0a,1663bf42-45d3-462b-be62-1a0c5451b4af,0.1378,link
81e8e2c5-7135-4521-a978-d00cc936b7da,1663bf42-45d3-462b-be62-1a0c5451b4af,0.1456,link
9f84922b-9ee4-476c-9962-43a9a25d4365,afbdf7a6-ea03-4604-afdb-f896ef8ae830,0.1594,link
88d5e328-fd03-4ccc-87d1-e90f4ef98afd,88d5e328-fd03-4ccc-87d1-e90f4ef98afd,0.3241,merge
1528d2b0-a9a1-4aec-b392-64186dbe937e,a7266a0f-09de-441c-a27e-0db5be8b8e41,0.1245,link
3bdca1ec-cdac-4b9e-8495-dbd8e5352816,1d6d5274-3283-4fbe-ad27-37f97a3b4e63,0.1007,link
03bfbeb6-3cf8-4df5-a6e2-8df0fd4a8c98,2f047a90-21ba-4306-91cb-74e790b54ffa,0.0966,none
ed08152e-99c9-43fb-bdc1-e9b4cddf49c8,b552b09c-beff-446a-8292-f961663562af,0.1493,none
f65ae840-1441-4702-bfbd-5150c7c021a7,87b980c4-69e2-4186-ad15-e4e56569a946,0.2102,none
57a761fa-9a5c-467a-9ad0-615544088c53,57a761fa-9a5c-467a-9ad0-615544088c53,0.4095,merge
7834f79d-475d-4595-b09e-36f02597e6d1,be6e4757-2dbc-46f4-b69d-72efca5b776b,0.2694,link
9dd76d9f-e40a-4e81-bed0-c0a73f3f8159,a9107a34-d51a-439a-876e-ad092a7dc51d,0.1907,none
ddf1b046-20f1-46c7-86da-70488e7429e5,6dfa5f17-5f0e-4e32-9653-6b24ea2b1043,0.1492,none
193d9477-f30f-4212-ab3c-6241e14ef620,453680f8-e477-4ab1-ae8f-2bc4ab509509,0.1593,none
9b634626-7c00-4821-86d1-0432f44acaf6,2813c7c9-482b-4826-97c7-83c51c2956c9,0.121,link
1049452a-c272-4460-b72f-28de841af696,815497b0-eb69-4303-9466-a95f39c2a7e8,0.1481,none
cd3f3dc2-a265-44bf-babb-54f332a460c8,b6b71ce1-7342-4b9b-a9bf-6d6863fef174,0.1683,link
7a57e9df-8952-469b-acdb-5378387b137e,7ade445f-056d-4e6f-a384-150e82c19025,0.1348,none
afe20061-1e59-423c-b41e-d920f111d927,18f6e554-6df9-4580-be90-63e4910e9c70,0.1275,none
d15b7a42-2d2a-41bd-bb8e-9249660481ac,6babf56d-9986-4fed-84aa-ccef6ec52c3f,0.1313,none
acaf0a43-7f78-4b7d-aa01-3ba67b157d91,6e8d4e3c-4afe-41bb-8c92-81ec97974726,0.1064,link
b12f026d-f9c7-43a3-982a-146ed296530e,589278ee-6716-4b89-b42f-0019f756e66f,0.2732,link
eb77386f-8a58-41b4-bde5-43fdb7dc0c6e,3d90e81f-7710-4a77-8bd4-503ae5e7b9ab,0.1351,link
b9d39d5d-13c5-41ba-9d55-947a2f5522c8,4a88e676-0b7b-4228-9d73-883a6f95208a,0.1736,link
0b18e122-4bf2-4792-a95c-04e56a29d0e2,f2c9aa0f-c932-4dcf-80d2-3b15b8f19cd6,0.2163,link
b866dc2a-faf3-474b-8f26-ee4d5701ede5,3ccfb057-40f7-48b7-9e31-cd27aa0cf0f0,0.0785,none
95f2e4fa-fb2f-4bdf-bc5a-e3e1dfd1072c,e7c71bef-5be6-43cd-958c-b82359a88ecb,0.1467,link
082b3b3b-d801-4327-aef6-58a3abd3ab50,bb718087-33b5-4473-a816-b81b7745149c,0.1519,link
fd44489e-d991-4edc-a298-b44732bf841f,f8250fb3-5b04-498f-8e6f-180032b0cfcc,0.203,link
f997318f-5c60-4f72-bad0-155d25f4f33e,1c52f470-92c1-4461-a7f8-efafabb13dca,0.2358,none
f7aedb2f-b733-4664-bb86-f344c8f9d0e4,1c52f470-92c1-4461-a7f8-efafabb13dca,0.2009,none
ec9e029c-b40c-44ef-b904-64a6328428da,1c52f470-92c1-4461-a7f8-efafabb13dca,0.2034,none
e450905c-c4f0-4228-b908-1e63a8c6698f,2813c7c9-482b-4826-97c7-83c51c2956c9,0.1428,link
59c6d7d6-d743-46ed-b0cb-7449f40be6e4,8a5a2644-55d4-4eb2-8914-5efddba3a7a7,0.1848,link
7fceca7a-5441-4725-9c0f-507ecacb7290,d2be9f9e-4dfd-4c81-b72f-17bb166b6329,0.2497,link
1aea0f0a-a43e-4299-8aef-2fa7c5fce02b,a3ca83b2-0106-4242-8de4-1c8fd7356c77,0.2191,link
f0e4d4ef-56e0-4689-9559-3e88463c0494,45fa2eb0-66f1-4444-bfe9-64ba4206442a,0.1887,link
46fe461b-e959-4054-8d9b-f0c2caf73fea,2910f5fd-ee12-4aa8-b978-93a9799c8ca8,0.3274,link
3d4769f3-9947-4bb9-b576-786d942f299f,a11333c1-57c8-449f-8044-1084917c90f4,0.1108,link
73b11ce0-8496-450e-b06c-f9b224a09d83,01d2ab9b-bbb1-4ede-aba3-039ed9f1efcd,0.1556,link
aa0d5b8b-cc62-4822-b3ed-6003bee253b8,c4b557b4-b631-424a-ba87-f0d8af3641e1,0.2454,link
a667cd65-09bd-45d1-8944-55a6014e7a80,b1870bc3-819f-48d6-a4f5-7642c7e0cd72,0.214,none
c57b6ebc-e7ac-41c0-800d-ea2faaa7d468,67199923-e346-4741-9d81-cca65afe2358,0.1644,link
4867d00c-237d-4889-95dd-a618eb27ff92,79f6fd11-aaab-4798-9b20-057c87b20c52,0.1636,link
7a069c26-94d4-4390-aeda-c28e62cd4af8,7a069c26-94d4-4390-aeda-c28e62cd4af8,0.3225,merge
ba43083c-a048-45f8-af9e-26d8d9e369f4,2ac52c54-da5b-4dca-a5f4-f0b96bdaf101,0.2899,link
2df6cd22-fae5-455f-9510-7b88747f4273,4c9ba20c-7c5c-4fb7-b594-9688b9c31d5f,0.1598,link
004d089e-fd1d-4b50-8d17-0a7490bd2aee,9fc6b24f-6025-43ae-89a6-694089877407,0.1616,none
4a3e48fe-3a7b-4088-9ce5-62192019d41a,2ac52c54-da5b-4dca-a5f4-f0b96bdaf101,0.16,link
96f5c0fe-f649-4083-ab8c-ca62f82d6ad9,96f5c0fe-f649-4083-ab8c-ca62f82d6ad9,0.4216,merge
bad78efb-9a4e-4d2a-ad65-6c3af5d8806d,18468cb8-e4f7-439b-b826-a1ea0c96d6d6,0.1636,link
40cf1f1a-d6ba-40bc-9ca6-9e37c930c34f,9c7b2e1c-7291-5d0b-95d4-c56bd68de24a,0.2427,none
779a4d0d-ace2-46cb-8fef-7b470fb460ae,395bd3e9-644c-5663-b58e-56354ee70424,0.2433,none
00c806e6-4750-4926-b003-2c4a2df2877f,1e9638da-41f6-40d8-acc9-f98c93968cfd,0.1785,none
274f017a-3f62-4bd9-9471-9253ea020be4,a5db4e79-430d-48d7-b302-0fd68d608aef,0.2015,none
2243b6e7-71cb-44b4-ba4b-cb81a7afbee4,06e98900-ed09-4832-b0ee-874bd59caff8,0.2162,link
b1f2a466-186e-4853-a65b-e87d61e8424f,755f16f4-088e-5f11-bd81-06674000ca1e,0.1329,none
1370ed36-1ade-41cc-ab79-cbb334091b5a,03ba1d8b-c89a-44c9-8add-6c2bcc97ceda,0.1144,none
bc4da3c8-3394-4080-97a8-e2722a81bccf,62ade465-c08d-4bdc-8b79-55c66338906a,0.1312,none
9c1f21e7-5214-4f21-b78e-ab350195d7d3,c2b88103-2b13-48f0-a98d-092e8a27eb8d,0.1622,link
ff7aa38d-804d-46a9-975e-42337cc899a4,ff7aa38d-804d-46a9-975e-42337cc899a4,0.2787,merge
f29badd9-d2a5-4aff-af18-1b27a0eba81b,563d896a-75d0-4fb0-8d5a-9e70361d774b,0.1932,link
19d2982b-eba8-4733-8e86-8682bcb5e199,da690792-5aac-407b-88ef-e04f20d5aaa2,0.2544,none
3500dc58-8e07-4ea7-aebf-56d9f9c2cbee,0f8bc8f0-1484-4bfa-a7ad-b8e37b2fe538,0.306,link
77dd4254-7887-48ff-a6fc-3a2c2a89b68d,3a7c14fb-1708-4849-b223-e99c448abff1,0.1443,none
dfef666e-2807-4eff-8be5-15e73c7f9d56,c535a77c-97a8-47df-8e17-44e3b237b272,0.1135,none
bc09458f-5cab-4a67-8e17-72be13f9adb7,856dc8ae-6c4a-4dfb-be81-c6175f909c60,0.1538,none
8446501a-0778-4e46-a28e-422213c50afa,a1a885e5-6289-5833-b7f4-52345fd10d54,0.2411,none
8be274d0-56ea-4efc-b1b2-78f6838626ac,a40929ab-a165-5749-a989-044afa0448d0,0.1376,link
59df384a-d3d6-4109-b916-5eefe37a96fc,2d717121-60a3-4fc4-8ac2-6b560295730b,0.2354,none
15803151-909a-4106-8b9a-14d46b1f5639,a1a885e5-6289-5833-b7f4-52345fd10d54,0.2359,none
d1cd388b-649d-4b5c-bc9f-be5dbc735ef2,aabc5418-5ee7-4f2e-b189-2315e160a08b,0.1265,none
bc135fd0-f296-433b-9a15-bbac414fa9f9,2d717121-60a3-4fc4-8ac2-6b560295730b,0.2488,none
b633be2f-5033-4fc4-9544-29a30f8ed952,2ac52c54-da5b-4dca-a5f4-f0b96bdaf101,0.2224,link
e6911938-1b8e-46f9-a5bf-0b4f21d5feb8,922b0c8f-7e6d-4e01-8df9-8f5c9a703745,0.4219,none
d9bbf081-e918-480d-8ed6-1cc471835953,b7d718c4-c043-4a19-b4b0-baf418d1e732,0.1111,none
e74fc285-abc2-4386-9216-0dfa33e16b3f,2ac52c54-da5b-4dca-a5f4-f0b96bdaf101,0.1622,link
c80f57ee-d19c-4f6b-86ba-65e2cdbfb733,7df3b4db-3bda-4597-98f4-3f402ef8438c,0.1512,link
8594ab9d-e284-4535-87de-bb71ac8b69e5,259fff8f-f225-4203-9d08-6d94149373b0,0.2815,link
bff5ac71-cbc1-446b-9f11-c0217e196008,413158d7-65fb-430d-af24-be80c1ae9b02,0.2914,link
da41091f-3565-4b5f-8873-dda3386ea82d,6abe3e62-2002-40cd-828b-267a46440983,0.1853,none
d92ef69f-16ec-472f-a1a3-e8e6f0fb143d,cede9b66-5216-44f0-96c0-4e8839d6f4c6,0.2302,link
2ad934e1-0446-5174-ae7c-26b06e85dbc6,2ad934e1-0446-5174-ae7c-26b06e85dbc6,0.1891,merge
1079a995-7ed7-4931-87b3-4a146f30b354,f07e2e99-b831-44c9-a58b-c4533db0ada1,0.1097,none
589a1b16-42a1-4611-8bbb-2c4c277ad35a,2ad934e1-0446-5174-ae7c-26b06e85dbc6,0.2681,link
c61b4b5d-8eec-491d-9c78-15cf6210bded,7feff3cd-9d20-422b-bf1f-c66f97a5d003,0.1404,none
5c3c4652-8162-443e-ba99-7c3e3104b926,587e5f4a-6ac6-4cce-98bd-72fcb983bcb9,0.1653,none
6588c18d-b639-4287-ad83-a66c041fcf2e,8a5a2644-55d4-4eb2-8914-5efddba3a7a7,0.1782,link
9d0211bd-5632-4109-a836-f840fc213067,13ece3f6-8e8a-4909-be34-3aa82f952dde,0.1282,none
e5f582aa-4da4-44dc-91c6-c26f348543a2,2bd953ff-4a08-4f45-bdad-93c288c262cd,0.1977,none
865f3155-1cb7-42c0-b97d-8c5fd869cec1,b5f57124-5b33-460c-b74d-2a36fd89f003,0.1087,none
d0ac911b-9efe-4684-b9a7-70ca153b89d8,86c8d41e-c850-49f8-be3b-4abb0cd3c61d,0.1263,none
a32ecf8b-babe-4262-945d-789739d7bb71,f11bba8d-0b8c-4509-87f5-b83061d2cd88,0.1359,none
6505a2e1-a4ea-4494-8cd6-af76672fc431,00f1e508-a4fa-4e0f-b8ac-1c7fc3c04ae9,0.1309,none
fd817954-21a3-4026-be2c-bea21521560b,f659f75b-96c0-4ded-bdc1-a391d6c20c1a,0.1106,none
1eefde17-c473-483c-bc69-2c0cee24223a,35eae267-9f12-46ee-80a3-17a6dd8f1f34,0.1013,none
2c482ca8-a4e2-491a-b783-d0963812a8a9,4cc1921c-003d-59bb-89e5-903826594253,0.1767,none
7d07fa96-724d-40b0-afa9-602a4b75be43,92bcfc9f-d691-4dac-8c54-78cd97062497,0.1805,none
751aae2e-c627-4309-a52a-13236b87d8f4,0d92cb2c-468e-416c-abf6-cc03abe0e818,0.1934,none
5cf1b72c-c485-4667-9164-a680e8ccba39,c6cceba3-e484-416a-a3a0-fc8ed666d05e,0.2488,none
b6fcc1bb-a588-48b9-a71d-90d7fd35533a,c6cceba3-e484-416a-a3a0-fc8ed666d05e,0.1707,link
216dd7d2-476c-4fc1-9071-6aa1d173c3fe,40e373c8-965e-49e4-83ea-76d3affb5032,0.2239,none
89eeeedb-9d59-4179-9cb2-8fd3ba087df6,cbcfbd9b-c5ca-40b9-a6c4-59f76b8be4d7,0.1889,link
460cf7d2-f373-4ed2-9272-e8f57641c1bc,41c570f7-36dd-47a8-9145-7785c43b783b,0.171,link
48f9e1f7-8fb6-4cfd-a3ff-1224c9607c02,48f9e1f7-8fb6-4cfd-a3ff-1224c9607c02,0.2513,merge
d9634b4e-e94c-4765-b84b-74c5d23e47f5,3ed007bd-10a3-432d-8daa-b286e8bfea53,0.0695,link
de8a9b39-0ae7-420d-9a04-5c3edf547094,73c0bffb-d5cd-4b1e-9487-cc0b096ab684,0.1767,none
3b3e5f3e-9907-440c-bbdf-396d647f0f43,273f6b80-f792-4584-a370-8650916570ed,0.2338,none
fd64110f-5c04-4122-8b1f-12dc806dcac6,cff470f8-92ea-4a44-8a0b-c7be91ec4595,0.0759,link
a5399798-2329-4aa5-a3ac-7261a209ed83,2582acbc-dfcc-434f-863f-a431d2659b42,0.2016,link
314a7705-d4e0-4fc8-8181-aa4e41ed5f67,2af44b9d-ef6c-4dac-af6d-df0ffccfae35,0.1492,link_regional
a4f341ff-7cc9-47d3-aaad-b6265ec143f7,a4f341ff-7cc9-47d3-aaad-b6265ec143f7,0.4473,merge
98d02fd2-6b7c-46e8-b966-24839982d652,a4f341ff-7cc9-47d3-aaad-b6265ec143f7,0.2321,link_regional
9e8ff9d0-9964-4f97-8e49-ef9d2eeaa20e,67bb52d2-a5e5-4958-a8a6-a5208a90ce00,0.1732,none
07696345-5f97-44d9-98fb-10fb36dea80e,07696345-5f97-44d9-98fb-10fb36dea80e,0.1547,merge
ed02e0e0-c9d9-4cd4-8b7f-ad6e6a2d0d31,ed02e0e0-c9d9-4cd4-8b7f-ad6e6a2d0d31,0.3475,merge
a4923e84-8f49-473a-919e-45641e77c861,d8c612ee-f882-4e2e-9d69-1cc4fdba39c9,0.0424,none
023c8d9c-d3ee-4092-95da-4579c422059d,435f9a53-44e9-4b6e-ba02-138d569122fa,0.137,none
38d8b5ba-61cf-4824-8cce-e065fbb58036,bd8254aa-8a2f-4b6f-ad25-565c8663951f,0.1045,none
68fe74cf-dad2-4912-a13a-14e01526000a,c2c683ad-34ba-5ae5-b56d-782a5e0efeb2,0.1291,none
31c8b7c6-458b-4114-866f-fb00182c01b6,31c8b7c6-458b-4114-866f-fb00182c01b6,0.1667,merge
2ab1c896-9c53-431a-8ec6-a419e78c73d9,273f6b80-f792-4584-a370-8650916570ed,0.1551,link
d526fe40-c561-4fff-8586-ee6644996c45,2c87dc39-3493-45e3-a301-bc29b5261487,0.1354,link
a90b5e2d-34a4-4ceb-8c0c-8efa003fbd50,0d4aadcf-a294-4bec-98e7-c66f5740700b,0.1868,link
2f9587cd-1f89-457a-9ee0-35a01ca2efc5,4c9ba20c-7c5c-4fb7-b594-9688b9c31d5f,0.1263,none
d845bf13-b71d-415a-95a7-269626dbd7a1,6d02ed53-664b-4436-a4b2-c63b88fc2038,0.1286,none
a6e57ab8-bbf1-4841-a0be-c1524b2b08fa,c967e4da-5a45-4bfc-baaa-5a3df8d2d003,0.2521,link
d61fe002-22c1-474f-82a3-0956387d47dc,b5f190de-e5c7-45e3-be1e-afd711655ece,0.1409,none
953a2fa3-4faf-431b-a7a7-88b34a600578,e85b8332-c5be-4e5b-82e3-03aff619701b,0.2219,link
8b1592a9-521c-425b-a5c5-dbc5f0342a0d,7b8672c9-5a4f-4d25-82f1-2c0acf4fa83c,0.1239,link
e1ac2cd3-6449-4c3c-8f4b-559ab9222efc,e7685d3a-afa8-48c9-a83a-e5dbad16fcfc,0.1224,none
6069e032-128a-449e-b7d0-0efda7104993,7b8672c9-5a4f-4d25-82f1-2c0acf4fa83c,0.1868,link
1f593c56-ed4a-4189-aec1-2dd2e42d8004,aa5ef743-76a5-464c-befc-801b77e01996,0.2499,none
5fac5ca1-b032-4ca2-a2a7-b5947a2bb723,f1e5ecf6-fa57-4f72-b611-642921a66639,0.1126,none
d4fd701c-f32e-477c-867d-99e8304cdd63,4e2a8bda-9852-47b0-b1b3-bfc874d2e80e,0.157,none
83e036d9-e9ee-4de1-bcd0-b6228887db01,50e80b33-1c0f-5235-a050-ad43976cf7bf,0.1315,none
5786beb8-81cb-4290-b605-fa431d11d5a5,32458a68-9a3b-5f62-afa1-99e3e31b9c19,0.2133,link
047b38b4-f3c9-439c-bb49-acb9bbaf83eb,def1b949-f306-4d71-8c8d-0328c50d9c99,0.1192,none
55a2f838-dacb-420f-90e9-eeb49691f03b,064971b4-6719-4599-9e2a-5d7d882680b5,0.1419,none
a4f97e85-7811-4380-9440-a66eb7effa9e,072805d8-5a2b-4173-b256-cbdda880dad7,0.1445,link
42bcea89-0bf3-4dfd-a0ba-da94749c3071,f2c9aa0f-c932-4dcf-80d2-3b15b8f19cd6,0.2759,none
3c594cd2-c0ad-4c96-af08-fbd5d162a013,bc6791eb-52c5-40c8-b7cf-ee5eb5ddaf0c,0.1018,none
46361cd7-23b6-4999-9c53-0dc4fdd17acc,2ea12786-ecd3-47fe-b8e7-041a2e3a38b5,0.1992,none
15dc8686-cd48-4b98-9a28-f9d995d26930,d833a918-0ef3-4534-89e2-9a19666a7e4a,0.1056,link
6bd6ba15-5228-4a14-ba93-7fe0ac937b3c,d08b1c0b-8cad-4215-8f8d-1e6a54dbebc4,0.1297,none
9a9922d7-658e-4b94-a994-09cfeb01822e,d31166ab-a46c-4ca6-b4c6-19eb8e299444,0.0977,none
a5785a45-fb18-48b2-9a81-e899fbe2436b,46242c1d-bd24-4bb2-9c69-973de95072e3,0.168,none
ef80170f-d2ac-4ce7-af70-e07254fbf995,d822a3cc-0e07-5871-9344-0b1a3d830c43,0.112,none
439bda2f-f73c-46ce-a14c-79cf779608a8,101bf6f3-af5b-4a1a-9a51-b40923c42a35,0.1981,none
ee067261-fc6f-4fc2-ba2f-52a50a824b39,325a97ca-c554-4f10-ba09-77e12065a553,0.1088,none
c195b7bc-8c5e-4fa8-9954-06d11e352629,3f309797-5bf7-4ae4-bb18-75432d76d73a,0.1212,none
81036b21-fd61-4e80-9971-b546648ff5c8,17f2c16a-fc6b-42c3-927e-80bd3b941494,0.2087,none
8b3e3128-373a-47d0-9689-30cc99975da3,8a5a2644-55d4-4eb2-8914-5efddba3a7a7,0.1998,link
288d1644-4ef1-4599-80c5-702fdcc91c20,c251ba85-e804-48fc-9e6c-2aa81b9df684,0.1656,link
5ccbd41a-01ff-4952-a1ee-0840a60c661e,b8769ad1-58af-43de-bb14-e8c5a860e12a,0.1129,link
d2166400-dfc5-48c5-8119-3b5e9cf9d1f9,b8769ad1-58af-43de-bb14-e8c5a860e12a,0.1142,none
17279a48-4398-405b-a3fd-58297fedbab4,97366231-d916-4575-b142-7535afcbe3f5,0.1435,none
20adb075-2d95-476b-8e9b-7905ac96af83,e308a0ba-fd28-4a25-8443-50f6cadb74c6,0.1455,none
9644b6e8-a80c-4c1c-b11b-9a90c245d68d,d4401a2b-31b7-4919-bcf6-b7402345a6bc,0.1711,link
e3ead426-e17b-4906-9438-b3934c88ffc6,4bb95b95-b4e3-4ae5-b401-d02a67d7b81e,0.1346,none
d17ea67c-11e8-48e7-ada8-7c3b3ce613ca,3a7c14fb-1708-4849-b223-e99c448abff1,0.1439,none
5de7546d-6bf7-471d-9f01-a23934fefe42,1e53f571-ff7a-4ec9-8643-94a08fc840c9,0.1144,link
43060f15-75e9-4d42-97c1-e1cbaf346146,3d90e81f-7710-4a77-8bd4-503ae5e7b9ab,0.1466,none
2e832718-92d7-4b9d-af05-52ef476d1382,2e832718-92d7-4b9d-af05-52ef476d1382,0.3226,merge
ac2396a4-f6ce-404b-87d2-332b29b39f8d,395bd3e9-644c-5663-b58e-56354ee70424,0.1642,none
d2026045-6292-453a-81ad-71ca84d28a47,694bb2ab-5058-4bc9-832c-33dc12cc2b3c,0.1387,link
5c67207d-4827-4943-bb21-0d822ca7eed9,5c67207d-4827-4943-bb21-0d822ca7eed9,0.4556,merge
ecb37911-fb74-4494-9a60-7b9c16b3c897,694769a6-0042-430e-9c68-fff4f8072bc5,0.2011,link
113b13a3-c2c3-46c8-9602-d3ec9d7f171a,f34739f6-c02b-45c8-9bf9-fe359e89c1b4,0.2813,link
47c47100-b96d-4bfc-a059-fdcd69b60b3f,47c47100-b96d-4bfc-a059-fdcd69b60b3f,0.1803,merge
12c6fdd7-2069-40db-ad42-96d032bc417c,b5fc5cb4-fd9f-4a5d-be99-d86d65047e13,0.1478,link
327fdb82-5b11-46d4-887c-8b9b61b0ee96,eb8d0c94-fd12-5927-a25b-8b1917b1a59f,0.2793,none
189ba446-9da2-4e0e-bdb2-b2bf012f4837,b4cb7742-16c6-4a88-9c71-76f61ee1efa6,0.1091,link
85404413-2ebb-4e30-a029-c46926999f6b,7f738203-75b6-46db-b61b-0e0ecb441405,0.2609,none
13fff658-291f-48a6-8bad-3b14fe47b985,2b668a7b-4ad8-46c6-b892-35df3cfb6a33,0.1503,link
b4e582b6-4fa0-4ba4-b9a3-ef13ffb0ae4a,ed02e0e0-c9d9-4cd4-8b7f-ad6e6a2d0d31,0.1129,none
190395b5-9885-46dc-82e3-093c401e1815,8a5a2644-55d4-4eb2-8914-5efddba3a7a7,0.2399,link
db5a7a08-b83d-4bcf-8dcd-633b76c520a4,0ca0980e-8438-4562-9652-d651270c8a5b,0.2042,link
59711381-f43a-49c7-8819-64801e1d5cb4,bfa146a0-a474-5084-8e1a-f45b5e6b7387,0.2636,none
cf73a3ba-d503-41a3-bfea-94e0f5837913,1ea6246f-351a-4f1e-a9ca-c092ca0bf5b0,0.193,none
c7c436b0-125b-400c-8e34-046c509ba508,edac1d8d-76ca-4879-bf79-e591f68d0377,0.1356,none
7d1df705-b5d4-4273-8532-ca79585fab7c,8cccbf76-fd83-4718-968b-cd3e09b84b6d,0.0993,none
4903034e-7ae6-4f5c-be4f-6a900bff34ec,eeab9bed-bd05-4fa7-bd1f-11d74a332e5c,0.1685,link
bb221464-b3ec-49f8-8800-201c904bb12c,dee8672e-274c-432b-a934-6f6f9a853117,0.1789,none
27445cdb-b5cb-4603-93ce-8d85b92a5eb4,dbe56300-b021-4286-a560-89547c9bbcef,0.2232,link
74b9bc67-ef5a-4fb7-b8fb-a4b9a0ac59d1,dc883171-ae45-515f-b66c-2efc24048237,0.1911,none
2311985f-4809-436b-b7b5-cd1c453fab97,45afeedf-2a96-459e-ad9e-e0e053862da8,0.2071,link
1baa2869-c4a5-40b1-b491-2f65ff583e71,34598a1e-14b8-4a76-8321-9d31aab4ccd9,0.1294,none
c958bd34-cea4-468d-baef-38c79578e7ff,34598a1e-14b8-4a76-8321-9d31aab4ccd9,0.1199,none
93d70caa-ed9e-49be-ba75-805c397f0e9a,608bb337-d46a-42de-ae5a-37f415621175,0.1569,link
309c73a6-c28d-44a8-9451-d4c9b01bb147,987e97d1-2195-449d-9b95-8ee0f4b52189,0.1803,none
52d798d8-0a20-49b9-a473-f02d3fb1868e,4d256cdd-a53f-4e87-ae54-1df3c4744021,0.1115,none
0f37b073-66e8-4177-b9cc-d11c2d2ed5de,eae10e81-b9ec-4d4e-b29c-d491277ab985,0.1947,link_regional
98479ed4-46f7-414e-9d92-b98001c5d127,eae10e81-b9ec-4d4e-b29c-d491277ab985,0.1852,link_regional
35f9fe8c-f66f-44e0-b6ee-45c04421a05a,2ea12786-ecd3-47fe-b8e7-041a2e3a38b5,0.2207,none
c642d479-4413-4193-806f-a7a255a464c7,7aeb0508-87b7-42cc-b34a-f1a0d9e23d9f,0.3855,link
d4fb203d-74e5-416f-975b-bd2b3b776087,c5d6663f-cb2f-493f-9ee3-85155249be44,0.2826,link
b50c5d04-8e77-4565-9ea6-0c474dbcba05,b50c5d04-8e77-4565-9ea6-0c474dbcba05,0.3277,merge
375b69f9-ff0c-4590-bcae-157665a3e5a4,71d8046b-fde6-4b26-bf31-184b34e5f827,0.3915,link
750357ba-d2ee-496b-a0a2-1197c1964ff2,750357ba-d2ee-496b-a0a2-1197c1964ff2,0.1639,merge
957b3a57-feef-4e58-9120-88937a62b289,7a069c26-94d4-4390-aeda-c28e62cd4af8,0.1529,link
8b00bf4c-e29d-4180-8a53-da871ad02124,6c42bdf6-e753-46c6-8ffb-b4090b9602ab,0.2548,link
a0053c46-803e-4998-ac56-56ec55861938,2fd5359a-947c-404c-80e4-2112f56869d0,0.1863,link
34b3860f-ca23-4abf-8163-27278d7dd21a,c76c35af-bf46-4465-ab77-7aa1fe98f2e9,0.1148,link
6a5a712a-56e6-4037-997b-5501205a4ab7,6a5a712a-56e6-4037-997b-5501205a4ab7,0.2482,merge
5314c06a-fb6c-4d0e-89dc-721746efa8b7,8a5a2644-55d4-4eb2-8914-5efddba3a7a7,0.1524,link
ffd57736-7b9f-4b36-b94b-3bfe6737875c,471ba2eb-0c79-44f2-9364-778bf9bfb449,0.1387,none
69bb24ed-dc55-4d2b-b850-034951d2dda1,ddda8e59-8cdd-48c3-a089-74f2ea791bfb,0.1953,link
2faa20c6-efd6-4e6a-9bb5-85cb687133e6,57a183f7-a297-41c7-b096-84eedbb8c768,0.2278,link
6cd24127-7964-47d4-a5aa-786a26e0b6b9,e12817fc-55e5-4451-9bd2-962a1439c973,0.2235,link
6361f651-1be5-4734-9f8e-61d1d95fecc9,2d1881d2-a327-4dda-b910-66b8e2aeebb0,0.1217,link
36fa756f-958f-4721-b37f-e0faa4bb6d72,43eee6b1-c4db-42f9-8151-8153ac2b9610,0.2056,none
013f37ef-3cfb-46ec-8ff8-276f59929873,5e4edb51-a0b7-4f1f-a55f-cedea1da73a0,0.2299,link
a4f6ee62-bff3-4cde-a5c8-6061b37e7891,ac0e268e-d741-4f31-80f6-44ea0363a193,0.1662,none
e03bc511-3cdf-4f65-bb3a-7d32ed3b734c,2d1881d2-a327-4dda-b910-66b8e2aeebb0,0.1197,link
c1af48f8-7e15-46c3-b7c4-5cd8a84da306,89c27b2e-bbe9-4c18-b44d-d3afb58178e3,0.1864,none
14a06603-c6c3-407a-8579-ee7dae6341f7,711591c1-84f4-4da2-bb77-055b74b8896f,0.1331,link
1faa2f0b-0758-4566-8863-dcc302ef2d46,b2beb571-939d-4066-b408-d683e9257f8a,0.1168,link
0f7a62be-55f3-4a58-ac47-291165ca5178,0e995f37-09b6-455e-b467-490776d387e7,0.1251,none
73603f80-173a-48c7-884f-32f56fd63904,260b8534-53fb-4f0d-95fd-63e8c0f1f618,0.1652,none
4d6eb5e9-d77d-4acd-9b7b-25f657c82780,be6e4757-2dbc-46f4-b69d-72efca5b776b,0.201,link
9d390c2e-3e59-4143-ac14-54366c98e71f,51b1fb59-c220-4917-b591-522e75a607f7,0.2652,link
aa0cd4ac-4900-403e-817f-fbe891366542,e9b9b178-4bf7-44d9-b0be-e5a0d18ba629,0.1875,none
e653fa65-21af-4aee-a33a-1b0078361b1b,4bb95b95-b4e3-4ae5-b401-d02a67d7b81e,0.2459,none
06546029-9701-4f1c-a52a-1a4883d593b4,5ce097d9-fd49-417d-8b2c-06b4b1867741,0.1906,link
6f5f0b74-9130-4649-8316-87e0a75327fa,df08e93f-6beb-4f7b-b68f-984949648d3d,0.2498,link
92886824-00b3-41ad-a453-6defe060a2d0,3e2ac31a-e465-4db5-a869-cb0246871a5a,0.1814,link
6531fe59-3a69-4de8-8f1f-c2be30d25e88,126c2839-a561-4b19-9ab9-a1fbd52b7297,0.2073,link
9df428fd-fcb9-482b-b05d-5f91f2d0a2a2,9df428fd-fcb9-482b-b05d-5f91f2d0a2a2,0.512,merge
36af1dd0-e744-4c87-b2a0-1fdfc1aefd44,36af1dd0-e744-4c87-b2a0-1fdfc1aefd44,0.3452,merge
280165ca-95f0-42a4-abac-1bebc7cce364,c41e8b55-eee8-43b6-92c1-f37cd46e1119,0.336,none
47d9eed5-553b-430d-a3d5-405bbfdb6349,06ab8ef1-a37d-4771-9b94-5d0aff2810be,0.4122,link
963435cb-737b-4d4e-b91b-136182ef8bd9,e5419887-4bd0-49d3-b774-ae2fa66415e9,0.1866,link
3f99d30e-7c89-44cd-a493-e1b94d0a059c,3f99d30e-7c89-44cd-a493-e1b94d0a059c,0.5289,merge
80ada446-206c-477d-aa58-27f98a86782e,957cc3f8-2ebd-4506-bb68-4a1962dbc60f,0.1625,none
f02fcc61-f160-4f3e-a70e-4dc14501514b,1cc53208-035b-4170-bd8e-f7b6e33c93d1,0.1241,none
4c4f0d16-0676-4eab-a5e5-9bc21795b7fa,bed60999-f2d2-4f92-ae81-fa9c082c428e,0.2427,link
85451123-aeb1-442f-8650-cfd47dec486d,6b79e326-8164-4241-ac84-dc50c9cd7ebc,0.3208,link
a7be5000-8ce6-411a-b772-50066934bf1f,f6db3caf-e874-4987-a97a-4657c598394b,0.1459,link
4eb9508d-abca-4b56-a676-213c6e536992,f6db3caf-e874-4987-a97a-4657c598394b,0.1925,none
d0234daa-cc4e-4d8a-abac-d44d75bba1fe,64f18313-9006-4d1d-a83c-eafba221455e,0.1525,link
e9368ab5-fc32-4b9a-93be-9f0c4139bafe,5c67207d-4827-4943-bb21-0d822ca7eed9,0.15,none
364720b3-1ac4-483c-9ec2-69af3aa3df2a,85cdae9c-ee94-4970-a7c6-9356faa27e20,0.1965,none
cee1bdf3-ae63-4b02-b98b-88921e4c1df8,58484f41-cf6e-48c1-9482-5a9f21092e35,0.1615,none
0f943d65-9861-4242-9621-4c32af4de0b3,2c4428ca-d2de-46a3-8947-5c7e3857fcbf,0.0961,none
81219714-e2d4-413f-be28-81c9b7607468,0256bb03-b25f-4c48-bd53-fd481b10dd25,0.1805,none
6acd0bba-f59e-440f-b5f3-3dab8df17726,455e0c62-cfec-48b5-8e5b-677aac81f37a,0.1391,none
7ed4578a-f1c7-4391-9020-3c728f70768a,92a60ce1-fbf8-4de4-b617-cca7a9acfc5d,0.1277,none
3ec5999d-8e2a-46b6-8af5-8a56893e207d,beb02ab5-765f-4e63-a0f2-5cf484e64ecd,0.1457,none
025e7325-333a-4d95-a161-a7401029409b,ee55bf31-d667-47a1-bb68-0bb6ec0face2,0.1029,none
7449d873-3d01-458e-ac46-e2af4fdacb8c,dcdbfdc8-8bf0-4108-8f28-98572d60c3d8,0.0928,none
4d90af6b-2491-4889-8836-cbdbb4bb4e89,cb034aba-049f-45bb-a8cf-55cf3fa7d110,0.1212,none
36a09a96-92a5-4090-a81f-aa548932eff5,67b40ec3-86ec-44f9-95dd-918d6097119a,0.368,link
67b40ec3-86ec-44f9-95dd-918d6097119a,67b40ec3-86ec-44f9-95dd-918d6097119a,0.4071,merge
d7be9129-af7e-4807-9403-609e682f166f,54d4e0b1-2179-4c2a-b2eb-07727540876b,0.2151,link
4cae8cfe-0acc-48de-bf0e-5517ac549baa,d5c20254-2556-4a3c-b8bc-dd27157f398e,0.2626,link
996ab3c3-0a7f-4c28-9b27-7d2b736dae75,aaaeae52-291c-5622-b287-dd397cc8ac16,0.2005,none
5d7d7037-5890-40a8-ac28-ec159c2cd616,d4e575ec-041f-4551-b4cd-7c574af89dc4,0.1801,link
c61339c0-7e61-46b5-8ca1-97d1378683cb,85239981-23ec-43dc-8808-90d94ed6ebe3,0.1977,link
af3e2fbc-300e-4572-ad7c-e88d896128d8,a089ad9f-5cf7-4c85-bb81-265d49571e3e,0.3212,link
80efab12-b4a6-425f-af17-a816b09294fc,fb9d42df-6c70-4519-8166-581129dd4b5a,0.2016,link
e48b73bb-23c4-4845-8262-68509cd7e4b8,694769a6-0042-430e-9c68-fff4f8072bc5,0.2976,link
5a94ad04-5370-4424-b72c-f16aba13b15f,07a5900e-04fc-4d23-b59d-8d471758d63f,0.195,link
62c18619-25fe-4308-8a51-4d542996023c,0b22a6ac-fc0d-4049-a8c6-56db41a130a0,0.1968,link
0c766b8e-4c76-4841-814f-94d53d2e5c45,5e6c6f97-eea8-4e6b-8810-e6c81a6d8bf9,0.2569,link
87b5bc0f-ed8d-43db-a682-af39a498da0a,ad42867d-eda3-453e-b30d-f538da50614d,0.0999,none
81aae49b-71ff-4c4c-ad6e-26fcfec17606,1cc7a20b-3914-46e5-b55d-808acfff5c17,0.2815,link
f840b414-de9a-4f8c-b642-5299b5497dc0,aa78c38c-91ff-441d-bc2f-92c4b5240792,0.2586,link
b5db90cf-43e6-42ed-9872-3456f44a420c,0c5b4675-6fdd-4fe8-b9be-caa92ac153cc,0.1444,none
bbf54282-1505-4c40-ab65-7020e19bc317,a0d06729-851a-49e0-a39c-bf0cbb08cd50,0.1532,none
b78c52e7-5399-4049-b0c5-462a9f7ca21d,f1e5ecf6-fa57-4f72-b611-642921a66639,0.0962,none
c64dff59-4fb7-44f5-a6cc-b842f6b18c41,4ad1c506-2a2b-4a19-be0a-6ab995fdab62,0.1373,none
b9940363-e3dc-476d-8f19-502e14f36f24,2c7a47c5-2655-4418-9b6f-61f98a79d195,0.2007,link
7609b8e3-2c68-46d7-b18a-ba76a885aaf1,5b9902a3-7a6c-48ad-9e29-4ae8424919e4,0.2191,none
847af5b8-f5fb-4d85-a1c3-f5b8271d2c1b,28f21d57-3365-4eb6-9c90-881ab29d94b8,0.1748,link
af113d65-b02a-4b16-80ba-a17233c0eafa,af113d65-b02a-4b16-80ba-a17233c0eafa,0.1787,merge
fc5b8fc9-8a39-489e-b537-ba2e50743be2,b4cbeeb2-c965-4623-9f65-7ec25c2d1652,0.1784,none
dae31632-c73e-4391-8d59-6050f37bfd0b,4b67978b-29cc-47c0-842d-4d4348a198d8,0.1798,none
9c4dac2b-c35d-4e04-a1a4-9991878f1c60,d2c77dc2-e49f-418a-8953-b1ef1a1e0c58,0.1701,none
3ea06895-0f60-42cd-b9c9-12893f50da99,b4cbeeb2-c965-4623-9f65-7ec25c2d1652,0.2878,none
dd9ac522-5798-441e-9ebd-f62b54e1b4c1,7bdce70f-93be-4e71-845d-25e164d509c3,0.1482,none
a09a4e3f-b940-4a09-b0b2-ccd40019b884,2aaa1ea7-9529-458a-8430-dff16e61dbb9,0.3254,link
f238acd6-a951-4443-9459-0d058a80f93d,e3845f54-380b-4d05-89af-30f364e4f264,0.1056,none
bb93817e-cf6d-420b-ac90-164e53780fc8,5b9902a3-7a6c-48ad-9e29-4ae8424919e4,0.2109,none
bcdc8baa-97c0-4e03-be3a-2320e8fb4f22,ab05816c-6e40-4105-8448-6278e19ad8a0,0.2259,none
aa78c38c-91ff-441d-bc2f-92c4b5240792,aa78c38c-91ff-441d-bc2f-92c4b5240792,0.257,merge
534ab042-d203-4f76-abd4-6593110f6464,56688a79-efac-4b56-9886-f0e6608f14fa,0.2242,link
af696e2b-9d37-47d7-a0a8-8cb0f5ead81f,f34739f6-c02b-45c8-9bf9-fe359e89c1b4,0.2176,link
a613e7f2-1cfb-4964-8155-5d396c58138c,91bf9d18-bc3c-46c2-b74b-8143a519f42f,0.0745,none
93556ac4-7739-4244-a054-a5e3d0f47800,b8e1e828-5804-512c-bce2-2cf189e03eeb,0.1196,none
a26a11b0-b5ee-492e-818f-2e06d7a33930,35adbf5e-13d6-473e-8409-36312e2b4113,0.1255,link
01ced0c7-8b77-43e4-81dd-6974eada232b,367b519c-05bb-456a-b5e4-4b01df5b20a0,0.255,none
b68d642a-d806-4246-af87-bb3a81a8d914,a24aa7de-8e9a-41a3-806f-f26f0f6ac74d,0.2126,link
1f136ca7-9421-4e26-82b6-0249b6722233,eedef333-699d-4b71-a2bb-39dd8e5c3be0,0.2257,link
b280089a-c967-45fd-ad26-a1f0aae2995e,9418e51f-9a77-4956-b7e7-e3b2a00c4e91,0.1926,none
027975b0-b1e9-474c-9415-628e85e73add,4142a0b3-82b7-4e10-b1a4-07e1764c48ea,0.2384,link
43e591dc-a823-430b-a0d1-5afb9ca21023,43e591dc-a823-430b-a0d1-5afb9ca21023,0.3547,merge
a3780f3c-429e-4adf-9ac5-d95919f8cbef,cd9988bd-7d9b-45a8-ae7e-ebf32df1be07,0.1651,none
3cd2f7d9-9047-4c83-b29a-80a4c3a0a7c8,3cd2f7d9-9047-4c83-b29a-80a4c3a0a7c8,0.2209,merge
3c648f44-ea50-4f6c-b97c-6f3a8fb572ea,3c648f44-ea50-4f6c-b97c-6f3a8fb572ea,0.2774,merge
6262cff9-b30c-43ce-bca3-dcf30e01e9e1,9662ea77-4826-49b2-aca4-a25215d46d0e,0.4506,link
6a7c97ca-34a8-478c-aa04-1f1c3fce026f,a993dece-e779-49b1-89e5-a1c8658b90da,0.2276,link
bc015383-73c3-4464-9460-6bc9e0540986,1a410d78-1f22-4979-82a9-148a30175e3d,0.1417,link
0f1a213a-36c7-4c64-82a8-27a1b4ac8277,1a410d78-1f22-4979-82a9-148a30175e3d,0.177,link
24448377-b52b-4d3c-a90e-d1b052fb8907,24448377-b52b-4d3c-a90e-d1b052fb8907,0.486,merge
7184fa24-300e-4dd9-af88-124caa839903,7184fa24-300e-4dd9-af88-124caa839903,0.3211,merge
43a74504-21b3-4c33-a19a-2c74cbb67032,43a74504-21b3-4c33-a19a-2c74cbb67032,0.3818,merge
11df15d2-c756-410e-b4c1-a105d4d3f869,2ce00cbc-10fd-4f61-9f0a-3ee91fe98856,0.3251,link
571c4a81-8a1b-43d3-952d-5218bf0a0102,0c0a3c2c-d708-4f52-b975-c499a801337e,0.1529,none
7b4ccb18-a1fd-4dad-8d29-1c785c147d5f,c4b557b4-b631-424a-ba87-f0d8af3641e1,0.1632,link
772cd258-369b-4b5d-9ce6-6f23154fe110,21a0449c-d17b-4375-bf6e-af12ab8b403a,0.2407,link
6845d646-7a0f-43d1-8184-f2596a86c6fb,46662692-7691-4782-831b-06401aa0e6fb,0.3923,link
46d844e4-a83b-4b55-92d6-6b2848d97c99,46662692-7691-4782-831b-06401aa0e6fb,0.175,link
97476c14-d9c9-4d54-81ec-ac0f5df50593,46662692-7691-4782-831b-06401aa0e6fb,0.1562,link
a88d0b67-dda0-4825-b8b9-2fdef7bbbd10,a88d0b67-dda0-4825-b8b9-2fdef7bbbd10,0.2359,merge
c7c46bcf-f7a6-403d-a7e7-9ebd25a7238a,560b04f1-4204-4d5e-a794-897b47b8c9fd,0.1321,link
fa9b8349-77fe-40e8-a1de-095c02c22f1a,fa9b8349-77fe-40e8-a1de-095c02c22f1a,0.158,merge
80c67788-7389-4fc4-af22-f7626e325064,9bb744a8-aff3-4e78-8811-74ddfcdb8561,0.3275,link
477ee8d3-6716-4ed7-bfda-b8861e2c6e2d,e0dba48e-8049-4d24-96f4-cf396f0dbb51,0.2419,link
1eb2a535-dc7d-4ade-aa2b-1dceea03e3ac,94b0a726-a299-48cb-845e-8a84116ce9d7,0.1627,none
73d09c17-a84a-44d4-a289-a9335020147d,2bd953ff-4a08-4f45-bdad-93c288c262cd,0.1672,none
6fcf0325-0565-41e0-8497-f77c61d85171,661ca863-4f3e-47c2-85ae-78efcedcaee5,0.1647,none
158e26b6-63ee-4011-a054-2e0fbb001196,661ca863-4f3e-47c2-85ae-78efcedcaee5,0.1474,none
c0caaf30-5181-4f28-a557-5c6a2ec8da92,6313ae92-13d9-411f-b512-bbfc70fd2475,0.1083,none
23ce6252-2f15-498d-b88f-abb65a4737e1,7dd4fc77-5957-4b29-8ee7-bdc387965e68,0.1349,link_regional
0d5be322-e575-4fc5-b1a3-e4b476e279be,e516a179-ce46-4b16-8c33-20f749eff7b9,0.1093,none
38e35c56-46fc-4ece-8c15-b18df7cffd43,315d04c8-1379-4adb-a425-e5a9063214dc,0.1532,link_regional
b32a5170-29c2-451e-90f9-5581102996b2,4e6e85b5-0f1d-4339-a62e-3c263fbab0ce,0.2236,none
344e4688-5f5f-48e4-a78f-625df017de5b,f208e697-e1d1-4d3e-afeb-78e6438154e3,0.1753,none
5668cf0e-3b67-4b15-9a94-23f3bad6f1d1,c0494f51-cff3-4380-a309-5c39efd81414,0.1268,none
83f25381-d1c4-4cfe-b38e-8248d4d717ba,d8fdc6e4-aa0d-4977-b49a-84534e41c73e,0.1809,none
fb13b92e-8338-4a0e-b4cb-b1174bdbf2af,5e6c6f97-eea8-4e6b-8810-e6c81a6d8bf9,0.1742,link
c3b62dbd-f799-44db-bd14-e7351695e531,52a4f546-f347-4734-80df-6129ae59d49d,0.2529,link
b3d630ad-4cd6-4f2c-87a6-23102dc218f0,729d9421-ed0b-4a8a-8802-dda9a2a33e22,0.1812,link
93f51e0c-5323-4dd2-bf21-e7e9c3d3c3fd,2b51b609-0af5-4113-96ac-b39d8626c989,0.3888,link
8d99386d-3580-4fcf-a6a9-5ab993d03b3d,d08b1c0b-8cad-4215-8f8d-1e6a54dbebc4,0.1903,link
a00b5432-6dfb-4081-a325-81e6b7f0cc01,beee345d-8781-468f-af5e-5165197fc1bb,0.1252,none
f0e7402d-249e-4ba4-9838-7763a9d434a9,2edd4dad-8539-4703-bb9b-376b57807020,0.1429,link_regional
b2b59337-a407-464b-9cb9-e6ac58fd8c76,cafe9600-2239-4bb1-84e1-a78933cfbc57,0.1164,none
1875f8fb-4e11-417c-bd2d-5d64d809667d,1663bf42-45d3-462b-be62-1a0c5451b4af,0.1243,link_regional
dfea2e72-3035-42f9-9b34-e55e96f0570b,9f9e0e0e-8ede-4c2c-a44f-38631b2d2eb6,0.2025,none
62726144-f04e-4dd9-9ea8-aefab54d4921,910d3329-4f0b-463e-8163-7f99d25ad66a,0.1505,none
7010db7e-a064-430a-99a9-e076777432ee,7010db7e-a064-430a-99a9-e076777432ee,0.2433,merge
2c7a47c5-2655-4418-9b6f-61f98a79d195,2c7a47c5-2655-4418-9b6f-61f98a79d195,0.2656,merge
75a1c4cc-39f1-45b7-aa47-aed7e286eb4a,961ef842-e204-45fc-9819-c9aab5f3b9bb,0.343,link
108337d9-f1d0-4aea-8aa1-4975aca36277,785210ec-2d44-454b-b693-5f9f4eb1fbb7,0.2129,link
7a96dfb2-976d-492c-8c70-20c939760c9c,88d5e328-fd03-4ccc-87d1-e90f4ef98afd,0.2636,link
f89d8d0a-6a0a-498f-8e45-5bc2e3825602,65dde88b-ba93-42b9-a67b-b62e37f5888c,0.2384,link
958af13c-1dea-4acb-b5ef-1d56c96178c0,e0f4a961-9f08-4b4c-a9ce-75dc6ef14221,0.204,none
356106ec-21fb-4ba8-ae88-2031bc47f2a8,e0f4a961-9f08-4b4c-a9ce-75dc6ef14221,0.2515,none
0a5c198f-fb57-4777-a8d2-6cd6fedef7ce,d08b1c0b-8cad-4215-8f8d-1e6a54dbebc4,0.2904,none
9ceb6c24-0b18-4e94-9cea-e788d24b5f3a,be639df8-b841-4a32-93c5-57ba65c84070,0.1733,none
8b1fa8c6-0f8b-4613-b3cf-2d82546119b1,657b3c65-9188-4bf5-ba16-e85eb42a81cb,0.1214,none
54885bc9-c32c-411b-b85c-02a75bf26e4e,48a1e7dd-4650-4727-a8dd-d9a2794f4f05,0.149,none
dd0ded22-9f3e-402b-b7b5-d105a76862c9,e47c778d-9b4e-467a-88d9-178f0833df0f,0.1476,none
9f3f1e03-87e7-4184-a72e-40b06d63a866,30e892a6-1262-4eb3-9e3f-058d3b5e473d,0.1695,link
c6efcf31-4a86-4700-95df-ea2cc2288815,06e6fbcd-2516-49fe-ab4f-0f63665879f7,0.1454,none
55406fba-d4ac-4ee1-a303-dd76ec838976,8a5a2644-55d4-4eb2-8914-5efddba3a7a7,0.271,link
6f76b508-0137-4f85-9ac2-486e6188deb6,0256bb03-b25f-4c48-bd53-fd481b10dd25,0.1454,none
f92555e5-3d24-4322-851e-b8a79b1a6fb1,6e8d4e3c-4afe-41bb-8c92-81ec97974726,0.2294,none
a87621d7-4400-49d8-86be-9a996454ac11,8a5bbdd0-83f4-4358-8ed0-4d77dfbcc837,0.1297,link
2706c7d7-ca29-4f01-948b-ec36d57b227a,7b4b5bc6-90dc-5ac7-ae2f-b23bc4232bc8,0.1687,none
638573de-eb99-421c-a614-985b1457ef2f,b1870bc3-819f-48d6-a4f5-7642c7e0cd72,0.2692,link
2122a117-788d-4d36-9841-2f6b7b40736c,6871fc72-9190-47b1-a136-cce10572b80a,0.135,link
6946db3c-d2c9-4da5-a8c7-ebc039f3d5d4,6b7fe640-4641-4e97-8048-f1f88910cfe8,0.2273,none
6708cfc2-0f86-4b5b-a2f2-3faf9dcb627c,f659f75b-96c0-4ded-bdc1-a391d6c20c1a,0.1611,link
80e6270f-79a0-4696-ade8-20f0b74d29e2,380abee3-49fd-4828-a25e-1520d996ef11,0.1245,none
4f6a0b0e-696e-4269-8ef2-64dfb55f932e,c3fe8c84-cf14-45dd-826b-e108de12dfbc,0.2365,link
0fadb38b-7b6a-4781-b3bb-5624685ec23a,6d42c88d-dea4-4e01-aa2a-645ab26fdead,0.0983,none
8099a8e0-8f81-4b33-adfb-d4cd56db0e4c,0727b2de-e1b8-4b77-9275-4cdb7ad9343d,0.0525,none
7ad21ecb-27e2-4d4c-b8cb-0fa1433defc8,35adbf5e-13d6-473e-8409-36312e2b4113,0.1236,link
b8312c81-b917-4159-bc3f-9b1c4e3ec550,0c90f035-84e4-400b-bace-b9f40cc70860,0.1704,none
0134fea7-7ce7-4a53-8d94-86917a3b137f,9662ea77-4826-49b2-aca4-a25215d46d0e,0.3149,link
3e1b8faf-fce9-45cc-9e25-3245862f27cc,9662ea77-4826-49b2-aca4-a25215d46d0e,0.248,link
3786bce5-c678-45fd-acc1-1e49671966ae,805aa8cc-83b2-402f-954b-5c350d2fe8ab,0.0833,link
f2031322-3327-4cc3-9e9e-5559d8454d40,8fc323dc-f889-456c-bfb5-74e4056b935b,0.0659,none
1d7f40ed-b3d6-4c3d-8645-fa6836b66b55,cd631284-e036-4846-b91b-d7f7d9ee85b8,0.1794,none
19d16b5f-17b7-4d8a-898a-370b2b4cb486,f560d3d7-6442-449c-9b6f-be57a9e56331,0.1678,link
1da7f69f-48d5-4e45-a2b6-5c92e7e98556,1da7f69f-48d5-4e45-a2b6-5c92e7e98556,0.1806,merge
35751267-962c-4fb3-a8f9-812e65d1a9eb,dd8bd13d-a9a2-4658-8021-b01e881edef1,0.1146,none
31fe638a-06e8-480b-9a08-cf3c40c5f66e,133abb93-2720-50fc-a417-2fb6d67d32c5,0.1624,none
65c844a3-251d-4518-8eb8-ba974ae22fa9,73039697-ab4a-4325-840c-ec44f836862b,0.13,none
aa78c38c-91ff-441d-bc2f-92c4b5240792,aa78c38c-91ff-441d-bc2f-92c4b5240792,0.2103,merge
2d0ea073-cdc8-48ed-9402-f508cd77d83b,fa751a3d-22e4-4621-b036-1c31fca8712c,0.1461,none
ea8887b7-44d1-4b7d-94e1-86cb3bc44dc6,6d867700-f3cc-4151-a1c1-ccdfb4b23add,0.1729,none
eade9b45-7a3f-4c0f-adf8-bb20851fc27c,45ea90db-4490-4552-b2dc-d144f8b4f363,0.1686,link
61c5adc8-6acf-4a51-ad5f-72189e71a19d,fb9d42df-6c70-4519-8166-581129dd4b5a,0.2502,link
e49840a4-7da2-4fe7-9b21-998787d07cd0,6a06fcf1-6176-46c4-a3c9-d3b77930ea31,0.2386,none
856891a6-b9eb-4cd2-a579-dd72dcfa7c39,fb9d42df-6c70-4519-8166-581129dd4b5a,0.3334,link
e47def2e-f6c0-44ac-b8c0-f67300ddbd04,5838b643-38dc-40f3-b2f2-0f0745e0e076,0.135,none
7ab5a809-38f9-4cd0-a297-16a956bbdb80,6c17a08f-19fc-4b2c-b927-e8ed8da24a4f,0.1104,none
0cdf9e41-5fce-4abd-b4aa-ebb4f71c19c7,c257f18a-5223-4f3e-9277-ce71acabe13d,0.1342,none
223012e6-afa4-48a1-bafc-2a125988847c,37261162-d3f7-4a01-9347-5d4c5c7808e3,0.1059,link
f3f92201-901d-4e4c-b393-df55320f9cdd,4c975388-0779-5402-ac2e-eda40bc3a324,0.1228,none
fc5310f2-47b6-4ded-a3f2-ae7986c7e446,4a70c097-e1df-46a8-8eff-54e9e095fff2,0.2624,link
c1903900-950b-4c54-bccc-95d4890de29e,395bd3e9-644c-5663-b58e-56354ee70424,0.1562,none
66724ae7-e1bf-4758-bd31-9a23a943995c,3694f8d6-97e3-4255-ab4a-35e0b9a6e81a,0.1189,none
d64f45c5-ab95-445c-8b4b-c0c0dc53c662,c51a44aa-ad96-4756-b32f-0809674c0038,0.0768,none
86d36023-2679-407f-bd53-f863f5c01e5c,a1f9ab1e-d224-4d57-a9bb-8b8233782c2e,0.1226,none
cd892b70-a57e-4b9d-b86b-aabea5649be9,586a6f5e-9e3d-464b-872a-69884d9c24bc,0.0719,none
58c68d66-5a74-427c-a6a9-87990b9b26d2,086fbe9c-572c-407d-b43d-c8c0fbe3b1b0,0.2034,link
8d82f83d-00d7-46a0-bae6-44921875191d,20f6888e-7d31-4eab-8b53-643cc9d224c4,0.3442,link
b71c9430-d700-4b9b-bf26-c465c93156fe,88a9c642-3e0c-449b-9ea8-783e8f9722ab,0.0923,none
436e8a6d-cb78-4013-b181-9a271dada4cb,564c9084-ffdb-5d17-b162-e5208b6a6df9,0.1073,none
1ef3c913-71d2-42f9-a96d-d1e0bdb4a447,403dd961-19b1-4f9d-9c50-b6701903e4ef,0.2203,none
59eac472-5034-4a49-8a9f-11abcf90f502,2e832718-92d7-4b9d-af05-52ef476d1382,0.111,none
fa9f2ef0-1f9c-43aa-bb4d-dceacbbb97a3,d4441425-85bc-4aa0-b32d-2ab52df7f03c,0.1442,link
1d7b14e9-aa5a-403f-be82-5f8ada8f5b98,2d1881d2-a327-4dda-b910-66b8e2aeebb0,0.1339,link
1fec0bb7-5d4f-458c-ba8e-09780238c249,614f4b41-172b-4d57-bbd5-5655eff4aed3,0.1096,none
82b6a068-7a8d-445a-82fa-768f6e9ea187,a9107a34-d51a-439a-876e-ad092a7dc51d,0.147,none
b4059be9-8eb4-4667-b788-6fb73f121d2a,b2beb571-939d-4066-b408-d683e9257f8a,0.199,link
d69a26ef-a109-4def-9bc1-d76b76ba6d0b,86d037d8-74b4-4b77-9587-da1f1853227f,0.1277,link
4305a16e-e664-428d-a762-1abc768b1191,367b519c-05bb-456a-b5e4-4b01df5b20a0,0.3581,link
2edf5a74-2464-4429-8e00-49ca3fe4c631,2edf5a74-2464-4429-8e00-49ca3fe4c631,0.3429,merge
50cb83b7-5da3-4a14-89ce-406311c8e5ce,367b519c-05bb-456a-b5e4-4b01df5b20a0,0.4122,link
34319cf4-49c7-430c-b2b7-fc75960f8541,4ad1c506-2a2b-4a19-be0a-6ab995fdab62,0.1822,link
ac772f62-505a-4569-a15a-46f9bb8c5c05,4234affc-50f9-4462-9278-9afe38f64830,0.2635,none
2ca0a9a9-4201-41e1-81a5-0de9a8d2715a,5c2dfa41-64a8-467d-a83a-c59001f82d2b,0.1503,link
266a5c4a-e44f-4f8d-b561-fc4474d6b2a4,5d84869a-87d2-4312-9a45-dbf6e1e90815,0.2173,link
fbae4f28-b122-4cba-8974-5c976dbb3a8b,5d84869a-87d2-4312-9a45-dbf6e1e90815,0.209,link
54ef402f-97b6-4f40-b4d0-7100c0f48b99,30f1faed-1093-40cb-93f3-cd5b6cd6a433,0.1837,link_regional
ac8147ae-4367-4f27-94db-c44613d4f1c8,755f16f4-088e-5f11-bd81-06674000ca1e,0.114,link_regional
a25e1183-cfa6-4a6f-80a3-41eb24a53afb,7702fc64-1e72-496b-95b9-66272eb5ad0b,0.155,link_regional
6b7b46c4-5b60-4602-9e3f-10ca5bcdf4f5,561227cd-50ee-48d4-9269-40ee4b26a815,0.1163,none
60836c86-c1fb-4765-af22-5b18d6321055,03b30be4-c5a1-48da-b397-bb14f16e533f,0.0743,none
b8a21d00-b1e1-420d-9175-838b286385ca,d20b64df-5d7a-43fb-ac8f-9f54ed295a5a,0.1104,none
36e4de7a-2fbc-4ceb-9099-df25284aadff,ca55e977-543f-49df-9397-f68de7cca99b,0.1439,none
ba8ebeec-68e6-48d9-9e60-9e2ef5f4ceb6,3ca745a6-90d1-4d0f-bf82-f76c994ca711,0.1497,none
a2370280-fee8-416e-b853-eeacda77dcf7,561227cd-50ee-48d4-9269-40ee4b26a815,0.1023,none
94e25281-a4be-40a7-be26-d776afc0bb76,e7ef50d3-0236-4f87-b57a-c67bf62a48fa,0.0524,none
5db3f71d-476a-4910-ae1a-ce1f7d988514,f55000be-530c-46f8-a61c-7d70019d3bf8,0.3018,none
0a8a4170-a1d7-4264-abc5-be229c8d0fb9,8254c442-26b5-4f20-845f-d67d42424365,0.1076,none
03935393-2b55-4860-a3f2-47bdb0243181,03342bc5-c8e1-4ddf-bf7d-1d7ac01f9d55,0.1339,none
0045dcaf-0b29-4ac0-9013-fc698cb45444,7756b7c9-b75f-44c7-9290-04fd95e325a4,0.0932,none
34128826-3043-4d5a-aa6a-c5ecd862bb7f,15426ee1-97ca-42d6-be8f-602f8f344d89,0.216,none
77d99dbf-2f91-48e4-b61a-0563a128116b,bf39ca85-4906-4a41-b676-8cf291ef4087,0.1256,none
01409fdd-b441-46aa-b1af-72291b2f1690,255ac465-fa9c-4d33-9022-c18cf18e8156,0.1888,none
8b77fb83-2383-425f-9b73-022ade5f6dc5,8a5a2644-55d4-4eb2-8914-5efddba3a7a7,0.1682,link
8e22ca88-ac1d-4b52-9ba1-bf19c8435423,5e1d8bd0-852a-4861-a813-de93abc45985,0.1608,link
052a650e-9e8f-41fe-9d68-e4d4453bf43f,8bb747ae-0eb1-452a-83c9-3fbf026d7ce6,0.167,link
41b74f42-3ac2-43b0-b489-56a606a03087,657b3c65-9188-4bf5-ba16-e85eb42a81cb,0.1072,none
c51ef7bc-fdd6-4c7f-8b10-60ea51832a59,b6848bf6-77e8-4682-ac93-6f31b932a31e,0.1446,link
cd9e1f75-bb95-4fd4-9477-efcc2eda1d35,03342bc5-c8e1-4ddf-bf7d-1d7ac01f9d55,0.1918,none
3dc0c0bf-a4df-4672-b8bd-4583eaab6fa7,16990578-c68a-4220-a513-4e07fc6b0d8d,0.1761,none
aa918bd6-df32-4763-a053-c7914b32a8af,eb08fb56-de82-42c7-b4ae-00da9d254086,0.2064,link
489e6bdb-386a-4b4c-aada-f131fd5137d0,883c5d28-8b25-49ff-ae25-2d00e80fa793,0.1557,link
ca841d2a-2e7c-464d-a7bc-740e850d1169,576afddc-c138-4870-9262-faf08587b3a7,0.0922,none
bf9080b5-a49b-42fc-be93-9571966356ab,2d18c966-b531-4be3-befc-3acbfa993d14,0.0879,none
30c49b8a-322a-426b-b7b5-5fbf757373f0,ee02e5a3-3829-4072-ac28-2971ee31241f,0.1544,link
e9407ed7-e8ad-4c2f-b382-9292048eba7c,80ba7fe3-4f6a-4cec-8ed2-e5dd12c6ac6c,0.2804,none
0c8f7975-6665-4653-919d-deb4c4c7d8a2,9441a55e-dfbf-4324-8b79-ca03e0d126f7,0.281,link
7b4734f7-393b-4419-95f3-0f1e39574100,9441a55e-dfbf-4324-8b79-ca03e0d126f7,0.1852,link
605ceda8-3294-4238-af4e-e8c3bb90917a,605ceda8-3294-4238-af4e-e8c3bb90917a,0.4844,merge
ed025abf-d638-4218-aa25-97c4796a7797,2a5755f4-72e4-488f-8da8-2afd5fa82da8,0.1071,none
a762f95e-35fc-4270-82e9-bc420b39b3ce,2813c7c9-482b-4826-97c7-83c51c2956c9,0.0978,none
e3b17838-ca13-42cc-ba52-df082efde62c,df1ae296-30eb-42db-9e37-7c443a902006,0.1523,none
6f91501b-ad55-4497-8ad6-d50b20bbaee6,e90edb22-22a0-4112-96b5-83ac13b90782,0.225,none
e0b783f5-dc15-49ba-b712-21aca3174575,cc49359f-4e0e-4eb4-9c11-60350f026569,0.2274,link
33209737-5528-40a0-aa14-94b177b1b07a,cc49359f-4e0e-4eb4-9c11-60350f026569,0.1508,link
3f92c0a3-1b70-47d1-af97-2acac9cf0234,3f92c0a3-1b70-47d1-af97-2acac9cf0234,0.1936,merge
cc49359f-4e0e-4eb4-9c11-60350f026569,cc49359f-4e0e-4eb4-9c11-60350f026569,0.3247,merge
109c91b0-6f9b-4bb1-8807-220e14f5d915,79c8793b-b514-41df-a14b-3cae7eb46b5e,0.1715,none
b10a0fe1-64c7-4476-b7bd-ae3a1b19e018,6babf56d-9986-4fed-84aa-ccef6ec52c3f,0.2149,none
7bade1c4-d07d-4819-970e-5025e6708f7e,25cb67ee-d4e1-4359-a340-cae88efa7f02,0.1488,link_regional
e7bf2e7a-8613-4f3f-854a-13e2e6d85d77,6b7fe640-4641-4e97-8048-f1f88910cfe8,0.3951,link_regional
1ad8c3a4-f26a-4c7e-a1be-18363c3ef846,406c2180-c2ea-4bef-84c1-74b0585b143e,0.1638,none
75be7215-257e-463f-a0cc-c6cfa026cddf,bf860c55-1f44-4c43-b318-2f64357b0448,0.0902,link
b074da00-57f0-430c-a1b9-1fffe7d0f952,13f41ffd-ad2a-4d12-9353-eb797b70da91,0.1024,none
80372022-8ded-4a6f-a837-105c41071b31,09c0a448-b2dd-5cab-85eb-f99aae9f7981,0.1355,none
2ca1d871-89da-4cf0-9bdc-45e50fb1c509,98c77789-b386-4e09-8fbc-24babefec18c,0.1278,link
ef3bf257-be2a-4ce8-8ade-148f3b04ea12,ccd35a30-360b-4901-94d1-82fbf8e5328f,0.1094,none
5815ab8c-81c7-4369-b13d-110087f21808,5e4edb51-a0b7-4f1f-a55f-cedea1da73a0,0.0873,none
eb5f280f-be70-428e-88ec-d5222b0596df,e90edb22-22a0-4112-96b5-83ac13b90782,0.0998,link
02029ab6-6248-45e0-85bb-ba0b9f822f77,ed7b2973-1108-48f4-abfa-5ac60e5c8722,0.1331,none
c59efd82-5297-4e79-9206-01f36e4df12c,9e19d086-4161-4741-97b5-e36c203bba52,0.102,none
6e168a25-044c-41d2-b196-dc98961c5302,bc5c4af1-75d0-40d4-9f63-b37620b344f3,0.1999,link
deac6435-9360-4682-8618-60f1b754778c,2edd4dad-8539-4703-bb9b-376b57807020,0.0902,link
32146781-0088-4312-8d50-9498828565ad,a8012098-e967-4866-aab2-fe48a9105bac,0.1815,none
95cea181-8158-462e-8ff8-37f8bfedf917,98e0d086-5eae-45e4-9d80-f3ffc3eb7ada,0.1497,none
75269295-4fd5-44f7-9140-7a426c266aa8,22918a5f-c7cf-49e2-94f6-b8c6c59467fe,0.1818,none
899bc7e2-11be-4e8c-ac90-d4df7adb6331,fb1e85c1-4f35-49b5-b01b-a0238902c00e,0.1491,none
7b23c960-5108-4e15-ae13-f6ecb8a4d0d1,6215cc18-bc65-43c6-a960-8b7b15facc29,0.1248,none
94ee969d-0aa9-498a-b886-cc0b0f933e4f,9a79f97c-41cd-460d-b8df-71caf680628f,0.1152,none
af362ed5-d86e-4ff4-ade7-668068d21719,eea8017f-2767-44b4-ba8a-a40b8c1c4993,0.1463,none
02fa7d3e-4bb5-4dc6-9bb4-eef2a2aef698,999c52df-5e33-4bec-a1f2-9cfc93edd3d9,0.0964,none
9956f819-7c87-4d2b-a88d-2bc0bffe54c5,eea8017f-2767-44b4-ba8a-a40b8c1c4993,0.1405,none
9f7a5f68-6385-41d5-8b3c-9c177e26a9d7,f71dcf8c-8cb9-4458-a906-8522ae7488c1,0.0666,none
5455adaa-f3af-41cf-a62a-ebfbca16c254,90e8b33c-ad35-42a6-8389-9e9f0b857772,0.1568,none
b437491b-257f-4d6a-9e63-733da186a4ac,eea8017f-2767-44b4-ba8a-a40b8c1c4993,0.1593,none
7d1ceeb0-a04e-4241-b178-15f01d3cfac2,7560b55c-f94f-48b0-8118-b8bd614d1b8e,0.0999,none
683c47d5-86c6-4383-aa86-1e65c4a8dfc7,395bd3e9-644c-5663-b58e-56354ee70424,0.1867,none
ba5a6700-cba0-4f8b-a7b0-1de6421b9811,3f9bb9fc-b40b-415d-bbd9-8224bc90e783,0.1197,none
0aa7a5b3-fdfb-41ab-ae00-790b0628a809,b478537c-0665-4b3a-8775-acb7ebc11b63,0.1687,none
a19f4a58-d20e-4cbf-b450-1d2c79d9c92c,9f77ae34-3c3c-4794-9271-4dc65d359b09,0.1183,none
8466e65e-8ab8-4aca-868f-61573e6bc0ce,641b6c6a-5194-4b28-b459-af86bc1ecbcb,0.1262,none
959bb011-7f0f-4a6e-89d9-505e563948dd,936d4871-8b74-46e3-9886-1b219eda4de5,0.1918,none
837d5bb9-eba7-460c-b342-235a206c4900,7e58ad7a-4708-4525-a3bb-9b97eb063639,0.0649,none
4e017f1c-bc22-4451-a143-c4cd470f2759,90e8b33c-ad35-42a6-8389-9e9f0b857772,0.1335,none
96ed737b-d605-4c74-9f94-d298862507ad,47f3a24c-602a-4f8b-afac-d670caed066f,0.1505,none
82064edf-0744-44e5-81a2-528c4079fd98,bbbc4956-8b93-4017-881e-2207d82ee381,0.179,none
47f570e7-417e-4964-8c28-3c2eec1a9784,8d4c9516-f9c3-49d2-ac73-947e81324bdc,0.1136,none
aaca3248-9691-4710-ab80-0400c16bdf1c,b68d7402-492d-4077-9164-2e415504fa3d,0.1058,none
fc0acc6e-842b-40e9-90fe-c9f7231d6fb8,0256bb03-b25f-4c48-bd53-fd481b10dd25,0.1329,none
0f44b988-d750-4049-8014-38bb95004124,639950c5-5e1a-48e9-815d-86f155e81a90,0.1417,none
fa4349fd-22ac-49d6-b665-c31b08f6ecf3,e90edb22-22a0-4112-96b5-83ac13b90782,0.2932,link
62949691-104f-4824-82b6-2cfd6276d914,794677b9-1d73-465c-8b3d-0cff534ed212,0.1302,none
1917378f-e656-46ea-8609-ea5e4d8638dc,f26b664c-7aaf-5f47-bd64-6bd2d7574cca,0.0705,none
c9ad5207-8ffa-4509-955f-cb15d6ac4fc5,6babf56d-9986-4fed-84aa-ccef6ec52c3f,0.1404,link
fed14214-2c36-4bdc-ba3e-00d415614ce7,ff166eb0-bfcd-48ab-a355-f4758f36e2c5,0.1369,link
2a3efaca-41ea-4cea-af26-5b71c28d7cd4,6babf56d-9986-4fed-84aa-ccef6ec52c3f,0.1235,link
cd04fa4d-e7ea-4dc7-938b-893832703f42,e90edb22-22a0-4112-96b5-83ac13b90782,0.1379,none
c3a48063-cbc4-4c07-b7b3-86e0d1ecc793,dd8bd13d-a9a2-4658-8021-b01e881edef1,0.1297,none
9a98d2e1-4cae-4f07-a24a-8b4711d24763,897f521c-429e-4687-a066-ca8a4ce2dd27,0.1597,none
34043644-d65d-4c2f-ac4b-fef499a51aa0,f94eb05d-90cd-4b8d-aca0-e13f7e9ae889,0.1791,none
527ad0df-81bc-4685-8d97-b74025e63fe4,c2c683ad-34ba-5ae5-b56d-782a5e0efeb2,0.0957,none
04aca22f-1f23-48f2-81fd-661e20f9cee4,b0d86ce9-bb8c-4d72-bd82-273755989268,0.1405,none
5e6d3034-3e29-4160-83bb-4f9fbbe591cf,7cc5d7db-60b7-404b-8d64-03199b3947e8,0.1428,none
3c6d6155-f1b7-4c44-a28f-019b60ba4a69,ee7501cd-3428-5e0b-944e-8ccaba003efd,0.0989,none
cdbb82c3-4d6f-489a-afa9-1f617038852d,4dee4263-a374-44e8-bcad-a52f78e29831,0.1824,link
88d7a808-2185-41fc-877d-3098742f6d96,76fd38ab-7bed-4e56-93a9-1c06fa32b767,0.094,none
b8fb3c66-dc22-4ff1-b0b1-4a61216ba784,589278ee-6716-4b89-b42f-0019f756e66f,0.1291,link
2aeb440e-b7db-4d57-b1ca-38ff7a8e8068,03342bc5-c8e1-4ddf-bf7d-1d7ac01f9d55,0.1094,none
dd6749d8-d701-4474-835c-8e5359e124c3,9b6b40cd-846d-4f6b-b73a-d2e1b9f78714,0.0935,none
e2a6aa73-2010-4981-a845-a279fc166a80,472ba8c4-3bde-4d06-886b-aa2079c445b2,0.1228,none
c489ee2b-ef8a-4c05-b816-dfc1b03516a8,9314bc49-4e59-4273-ab32-915231ebbdf1,0.1139,none
1bc3ac84-950e-497c-82a9-4c26abba2db6,474aa455-2799-4c06-8a4f-f87c67845881,0.1584,none
7ffb0b85-8ae6-4b4b-97f8-8b23d416c6c1,ccd35a30-360b-4901-94d1-82fbf8e5328f,0.1881,none
ae948049-2f53-4272-90c3-fa041febaf54,d9aca177-7e7c-4a80-a8b1-bc28f971a558,0.0864,none
1476d365-0c3d-4b00-8519-f0c089d5f337,f07e2e99-b831-44c9-a58b-c4533db0ada1,0.0947,none
c0bd51bf-b827-4364-8649-7d75a420f2f4,474aa455-2799-4c06-8a4f-f87c67845881,0.1662,none
67bc4f98-6a1e-4fe0-be85-ca677f7bb42f,474aa455-2799-4c06-8a4f-f87c67845881,0.1723,none
d573ce39-7497-4346-93dc-864ba0a24d97,474aa455-2799-4c06-8a4f-f87c67845881,0.1945,none
40ec9a94-bfe8-41dd-9505-1cd250a01f0d,0e84e7f6-039b-4744-8eec-e51dc4fdde9e,0.1096,link
d2f289c8-1b05-41f0-b3a0-9bcfe4b911c8,474aa455-2799-4c06-8a4f-f87c67845881,0.2125,none
2397bef7-8a4e-4691-9061-6965a3e82b8f,7e58ad7a-4708-4525-a3bb-9b97eb063639,0.157,none
80c38de3-704d-4650-8f84-65b5aa18c70e,ae19d03e-4ef5-4520-be92-31148a173fd4,0.1287,none
14557e06-afa6-4871-871e-9b018daf3a52,6313ae92-13d9-411f-b512-bbfc70fd2475,0.1006,none
38e3c9ad-377c-451c-9bd6-92d657e27cba,6babf56d-9986-4fed-84aa-ccef6ec52c3f,0.1568,none
855c1f0d-955a-49bf-aa0d-aaec2330049e,e1807c1d-d48b-4755-88db-73852d706692,0.1438,none
9cbf55e3-3cd0-4544-910f-5ad47cc7d8d9,61315345-0f15-4e07-b277-2cc9737fe7dc,0.0699,none
c2fa7199-1b71-4f39-bd27-5f6f1e3e0a92,8c8477f0-3817-4734-a53e-f3f95a0b53cb,0.1087,none
8695a40c-57ff-464a-bd42-1dc245696580,2780491b-ea58-4451-be6f-990d9837bcd4,0.1315,link
4179f955-51b7-4229-a031-8caecf1a3daa,e516a179-ce46-4b16-8c33-20f749eff7b9,0.1785,none
a9876186-7b06-4625-94b6-35bbd3290813,3fc34d15-fa75-4b5e-a819-e2ff130ff44c,0.2118,link
e1ffaaa7-93a1-4b93-9d50-9a1fc46c69ff,510074fc-a8ea-4628-b771-8dafdbdfa7a8,0.2345,none
e1e8f7dd-4d4e-49be-b040-bd9cc4f2e9b6,f659f75b-96c0-4ded-bdc1-a391d6c20c1a,0.1609,none
d21273fb-b224-4f74-b0cd-d3ec43664bed,f659f75b-96c0-4ded-bdc1-a391d6c20c1a,0.1407,none
d341a3b7-a2e3-4c18-a6f9-a7fc7711f069,d341a3b7-a2e3-4c18-a6f9-a7fc7711f069,0.2206,merge
1e5be15a-9015-44d3-9485-988da7e371ed,50d70d16-0731-4804-b78b-4d0f25b4a319,0.0738,link
842f9284-f6ab-4a5d-9f1a-b4fc1495a2da,50d70d16-0731-4804-b78b-4d0f25b4a319,0.2784,link
237eab24-36df-41d2-ab56-991ba77d3ab9,dcdbfdc8-8bf0-4108-8f28-98572d60c3d8,0.114,none
01d03d5d-1112-4fc4-9710-f09fc1b3c6c8,661ca863-4f3e-47c2-85ae-78efcedcaee5,0.1214,link
cef14c55-c191-4312-bdba-90d6ef73317f,7c14c08f-3934-4eab-9f8d-f9add6773a72,0.1152,none
5ff8c3bb-0813-4515-beaa-63424df8e0a3,788ffe7f-6a1b-47c6-bada-0810204a779e,0.1683,link
36b43a32-f9b7-4579-ba16-7a06c9508e3d,e797252c-c6ac-46d3-835f-80adabc13d6e,0.2279,link
7ba973a1-c732-4e74-a694-3b1a7b0a1855,7e4c839f-8a2f-489a-a11f-2a98de9291d2,0.1423,link
d6001f34-f273-4af1-8635-434e76fdcefb,6c53c63e-6229-4d5a-897e-2de7167f6a97,0.2827,link
9b8747bb-52a5-4795-9105-097ce100a515,51e2d683-9271-50f3-8bab-f3d5766156fd,0.0891,none
d29677ca-98cf-479c-996a-a1a369ba4cb3,461991d5-ef5b-44d1-a074-d27e4c134f44,0.0809,none
e69e011c-9666-4626-89cf-8d24747f2b62,a7f19637-94b6-4648-9e3f-41afedcd039b,0.0666,link
a01d7f79-cd51-45fd-83c5-813e9f76a579,788ffe7f-6a1b-47c6-bada-0810204a779e,0.0811,link
dcd55960-8f0f-4b0a-9dd9-ec10d59a6f84,a2ecdd8f-65c4-4aac-a911-918da21bc3a8,0.1536,link
33292c61-f5c7-4585-aad2-1ce17215a5a6,614f4b41-172b-4d57-bbd5-5655eff4aed3,0.1298,none
c811439b-ae7c-4a7b-bae3-aa4767b6d790,26e63dcf-7c42-40f0-82aa-684a924e39ce,0.1018,none
a29a970b-a947-426c-8c70-9b8ea01954ef,c2c683ad-34ba-5ae5-b56d-782a5e0efeb2,0.1888,none
78683165-7afe-492b-90a0-39deab7eae7e,881b7966-b65b-45af-8227-2e4709482abd,0.1192,none
38443130-1c4f-47fe-b251-be75c29fc10c,2082b2b5-cf15-40bf-9883-75ea60257f1f,0.1433,link
40a8c2a6-1ec1-4f19-8df0-d0633533e8e0,3adc18f8-15fb-5dca-ae72-20a6dbb0b4bb,0.1229,none
bf300b84-a9c1-4212-8487-ed4fa58b4af3,93043690-9154-412c-9f0a-2d39ab799784,0.1411,none
c5205d36-b4f3-48bc-8031-fbd46e1edc80,f482a304-c72b-4ba1-99ad-e993c9482863,0.1112,none
15731607-8d69-47db-8852-6b7c8bbe4c47,fbbff3cd-ef58-5383-ab5a-94c445fcd933,0.1861,none
a722c76f-2cb4-4907-b185-dbf2436e3d14,86c8d41e-c850-49f8-be3b-4abb0cd3c61d,0.0964,link
f8be7783-9625-4cb5-9b78-76df065d7c99,2e9239f1-a8a2-4592-97f1-67ee69519580,0.1276,none
a2463a17-7560-4dba-8138-26fc1e1be11c,1553ae01-ef1e-4f24-9974-f24825b0754d,0.1515,none
1699f1df-109a-4d24-95b6-19ef062afb3a,78c6fd7f-3783-4022-8923-d68c3a4ac0e8,0.2369,link
e66c9ae6-ad5c-4b39-a330-27b321833baf,93131698-d331-494b-b8de-9f3f026987ec,0.2308,none
50d0a1e2-611a-4fe3-9d6b-6a162295bb68,2ea12786-ecd3-47fe-b8e7-041a2e3a38b5,0.2339,link
ebe73aef-1943-4e2b-88ac-4c15acc902c0,6c53c63e-6229-4d5a-897e-2de7167f6a97,0.1353,link
782b62dc-223f-4918-b2e9-fc6aade172e9,69a8cae3-3e77-4560-bd88-47334604b251,0.1089,link
6abf162c-0ecc-41af-9ca4-a19da570e3ed,a5817f16-ac5d-4b15-8453-5531ba0db135,0.1876,none
bd74cd5e-a735-4f94-80d0-cc32dca7d9d4,b96203a0-af25-422a-894c-1ad561b71386,0.2649,link
469875ba-e366-4147-b88a-9a3928eab874,f94eb05d-90cd-4b8d-aca0-e13f7e9ae889,0.064,none
0eae4b1c-64d9-4cf9-a0b9-4b20be3449c1,1aac87d6-f344-4aff-b10b-ca9f5714a2f7,0.1238,link
73aad2c1-62c0-452e-b2b0-624aaaf3df94,ed3b6553-bbe2-4275-9b77-3668367a9d39,0.1313,link
1b3a2b53-5119-43cb-88e2-3bc6cd0a7e90,b2beb571-939d-4066-b408-d683e9257f8a,0.1589,link
0193f4a9-2e32-4370-ba80-234b68e70bb8,a0d06729-851a-49e0-a39c-bf0cbb08cd50,0.2193,link
0653b83a-3640-4898-8daa-7911a200be60,e15e7107-73cb-4541-9213-4c7730d6e624,0.1307,none
c9b8cd3e-22ea-4c0a-82fa-5afb4d23bfb6,8a5c3e65-fe60-4b92-99be-148fb824a9ac,0.1111,none
12b34dd9-c91b-4470-8a23-c0610d08ac8a,12b34dd9-c91b-4470-8a23-c0610d08ac8a,0.2664,merge
8a1eeaef-2565-4164-ae78-ae2388c24500,2ff421b5-ce2e-4e7f-9328-18441e0c3a4b,0.1377,link
da73ed16-90c1-4f23-89af-04e6f49ba8e5,45ea90db-4490-4552-b2dc-d144f8b4f363,0.1943,link
be128627-bda9-4285-9328-f7ac74ea04e1,4a08dd9a-e8fa-4fa5-b540-153622a10070,0.1374,none
58f47832-e922-436b-9048-96af08ae26cb,d6b970f9-3828-4329-bdf6-f6373df09d3e,0.2884,link
32132996-3bc5-42c9-80e4-3bfc085148c7,19e8cf3c-9b9d-4282-beba-4b40138b13c6,0.1978,none
708db17e-49ab-41e8-baa2-246fc123dc3c,e434626b-6087-4a56-8f2c-ea29fe120cfc,0.2699,link
e6f7364d-0ccb-4af4-b974-807a9e2aaeb7,6b7fe640-4641-4e97-8048-f1f88910cfe8,0.163,none
881f4844-4552-42ee-8d55-718b24e5ed2a,881f4844-4552-42ee-8d55-718b24e5ed2a,0.2832,merge
e2cb4c24-8e69-446d-a1e2-084613135ff0,06caee60-3dda-452f-ab52-79c5075c8f35,0.1448,none
9f44fdd9-df47-4a6a-8a0f-2d1faf9c13e0,9f44fdd9-df47-4a6a-8a0f-2d1faf9c13e0,0.2143,merge
98e6d5e0-daa0-4c03-ac58-0f882d9e2f7a,7d99596e-16e4-4f5a-adf6-7d7124f133d2,0.1698,link
8086794f-86f8-4608-8bc6-0a978a91f94f,5fa3ef48-2d07-49a7-817e-96eaf5328c5f,0.1313,none
51b23ce7-71ab-4372-a22c-081125f296fe,5fa3ef48-2d07-49a7-817e-96eaf5328c5f,0.1479,none
a76da77c-44ba-4219-a52c-020df82c7068,60f9cdbd-38f6-42e1-805e-9944fc98db3b,0.1665,none
4bc3a398-73c4-40f4-a053-c533ea2ebb26,d3bfcaf1-a87e-4277-b7d6-7a1f9860d235,0.1675,link
40e57f22-9310-4e1e-9d33-f3e7e2a12c5f,657b3c65-9188-4bf5-ba16-e85eb42a81cb,0.1063,none
ee4d3caf-1f48-493a-8dac-4a755a2923dc,f99bee0b-842a-4ac3-a3b1-7a5cf3b34397,0.1747,none
aa001ed9-dede-4760-baca-0073524680a5,5585e636-385e-4e45-89d7-4e83da685e5b,0.171,none
b637bdce-6306-4c35-b0b1-f7b77921b55b,a9107a34-d51a-439a-876e-ad092a7dc51d,0.0997,none
d9372cc9-4e89-4f60-b6df-fbfb65db2868,7c7ea838-47da-41aa-b67e-da81881b77e5,0.1024,none
05e90c3a-556f-48a6-b502-51d655b1b61a,2ee8400d-3411-58e8-a98b-bcba2552bd88,0.1566,none
69b521dc-e390-4190-a1f5-368f1205f4ba,2ee8400d-3411-58e8-a98b-bcba2552bd88,0.1541,none
a9e8d710-657a-4042-832b-dc746ad548e5,2725fb06-c681-4bba-884d-7cb75d8b355f,0.1988,none
11170a4d-a9c2-40bd-9d35-0d4b35fce176,f37045bc-dc48-4f8a-a037-52b15751de0d,0.0634,none
c26567b7-ad34-46e4-b17d-417d6d266ce2,06224a1b-3e37-4d3d-85ef-a83b3c34423e,0.0641,none
12e7fe87-01b9-4f61-8507-15196f6511fe,8e8a09a0-e633-44cf-a23a-c9f4f6bc5d0a,0.1102,none
f6627036-1dcf-4f90-b906-10cbfec49c0a,aaa1d59f-a5c5-40b0-808f-be2bf816aa5c,0.109,none
bc90bd55-4f63-411b-98ba-d20a7b207265,42f8680b-e3b5-46b7-a123-1a8d970c8957,0.1059,link
d4b94125-2158-4fb8-8d69-1fad0a0b6ddd,d5c20254-2556-4a3c-b8bc-dd27157f398e,0.3381,link
6d8e4a99-d80b-421d-b7a5-31c949b33f8f,770e4493-ed91-4b6e-83e0-5496ccb79c35,0.2248,link
06c80903-b434-45ff-805d-e4ffb3c49103,06c80903-b434-45ff-805d-e4ffb3c49103,0.3628,merge
885c2c98-3a5c-43bc-97a5-629806241c7d,885c2c98-3a5c-43bc-97a5-629806241c7d,0.4037,merge
8143ba37-f5ef-460b-9d7a-fbe616333194,4055810b-c6b5-4f9c-865c-24593cc7348a,0.1191,none
1a3c59bf-4eaa-4d85-90bd-e1b353f7210b,b748d2cd-3e8a-487f-8821-e556f47ee0e1,0.2688,link
cc7db5ef-58ee-478d-8ab9-9046d2a4f806,5d84869a-87d2-4312-9a45-dbf6e1e90815,0.2588,link
c87459ae-e9e5-4e4f-8d5b-1231cb7e1dd5,5d84869a-87d2-4312-9a45-dbf6e1e90815,0.2258,link
0cea9269-060f-470f-8f44-de8ddfc28f32,6c8ac538-334f-46ac-a1b2-38f493969795,0.1279,link
9835dce3-99ae-42a1-9603-4f1abe43dcae,f659f75b-96c0-4ded-bdc1-a391d6c20c1a,0.1556,none
3f9fe479-4664-4ea1-bd6c-268b2271ee04,cbc25684-26fd-4667-8a8c-a9b14b6cdc0c,0.1365,none
9bc2a64f-6eb0-427f-846b-b2034ac53a4f,693b06af-1eb5-4114-9159-93be251404d0,0.1722,none
348a7b78-a9e7-4a1e-9119-b90a82c6265c,27aca17b-ee93-4848-893e-6abb92fc581d,0.2017,none
6c6126a1-194d-451e-9199-fc964d0aba5f,b2f807e5-089c-45a1-b426-a5f0afba9d54,0.1457,link
959bdd16-163f-4475-a909-fee1daa4ed51,3b64b15a-4e2a-4708-919b-98a5c559ec2f,0.1074,link
4dfb6793-e58d-4d70-a789-60b6ef5d4999,5d84869a-87d2-4312-9a45-dbf6e1e90815,0.1991,link
8a0c9dc3-5cc8-4b0e-b0d4-66452ff80f53,1782cf9a-359b-5120-aa10-06b5107ec8d0,0.1596,none
d4ee9dc2-adb9-43f8-a4d2-bbd5e183a828,d985b461-baf1-41e7-b8f8-ab6d9e053935,0.164,link
a228849e-03aa-4331-b4ab-a8a2443ceed0,a228849e-03aa-4331-b4ab-a8a2443ceed0,0.2067,merge
d78d81e8-d0be-46e0-a159-b83765d9e77b,ea25c59d-cf67-436f-a75d-12ace0995361,0.2543,none
7416d4a3-0406-444b-9776-b8eb0c4fac22,ea95e25e-c4ff-4724-a202-c800e1ac631a,0.1857,link
1064f6d6-caae-47a3-8b10-8843b2ff1050,6a2690d0-b155-4adf-aeeb-0dbea0779a68,0.2785,none
13c1a6ec-89f3-4a90-b601-3f428ca4fab8,35bc1efc-c989-50af-b620-a7bd77f2f808,0.1513,none
10174408-cdcb-42a4-a0a8-ae94a5e1709e,9954ecbb-f39f-43fd-89bb-a9a1ad749610,0.2733,link
72d64044-78b5-49c6-b76e-41e8b9d02ea9,2780491b-ea58-4451-be6f-990d9837bcd4,0.2469,none
bb26f3b6-d250-433a-b259-09cf96faf5e8,5164c300-d7c9-4a15-be50-fe8e468d24be,0.1622,none
92b4a5de-5ada-42ce-beb1-558c8272b858,df2dc505-e116-4d91-880a-748a2a42cb8b,0.1923,link
bc9c783e-91fd-4bd3-82cf-6178c67794d4,f6b991bd-d534-5502-9a22-b0bc2f095797,0.2031,none
602983ac-6190-43f0-b14e-5d3b2324f6d2,718dd811-8202-4688-8261-d742feb710a1,0.1257,none
d0e1c05c-ecb1-40ba-87a4-8c6dcff310a0,cab9e5ee-13b2-5136-9cfb-52ca51c68a1e,0.1565,none
bd516382-3559-4b63-84f2-08a978e7e484,cab9e5ee-13b2-5136-9cfb-52ca51c68a1e,0.1439,none
c77dc4ef-afd8-4f3f-a21e-0cf16482ead2,18bd57cd-db52-4b6c-b2a4-49ff39419dae,0.1129,link
959705df-0eb7-4274-987d-8de55b988e5c,c2b88103-2b13-48f0-a98d-092e8a27eb8d,0.2181,link
8b039e04-5637-4f11-bf27-4f0d8a8e41fd,9dcb3090-e077-45fe-89ee-1ae9b71993ce,0.2324,link
ff42973e-f8af-41cf-9a91-0360b07847b9,ff42973e-f8af-41cf-9a91-0360b07847b9,0.307,merge
53a9942b-5382-4022-b6d1-138ee1ee9744,075548cc-1a68-4f44-8d31-8139ceaad7b2,0.1627,none
da2dfa81-6cfe-49ef-82b2-100eff5b2f26,7f063cc3-d592-4fa0-afed-2012f456705f,0.1092,none
34cc298b-148c-4736-92a1-7cf13c578c43,8ffadd9e-6250-4cff-bc2e-e14745a9a88f,0.1947,none
75b6aa69-0c46-425e-bf48-971e16e7880b,d822a3cc-0e07-5871-9344-0b1a3d830c43,0.1156,none
716ba8db-095e-4e18-aae0-1bbcf0eba129,51e9234e-212f-418b-a39b-a8b94e986bbc,0.152,none
7545ac12-5332-4053-86ef-2b1449af710e,15426ee1-97ca-42d6-be8f-602f8f344d89,0.2145,none
df627c5b-d164-476a-81c8-e07cfbd9f42b,9e18d5e6-e715-544b-8aed-9e37b3b7a463,0.1614,none
20ade18f-812d-4f0e-96e1-2191f2f995ca,06e98900-ed09-4832-b0ee-874bd59caff8,0.2343,link
cb9220ec-d070-48b5-99c0-ae787f91a7e5,03342bc5-c8e1-4ddf-bf7d-1d7ac01f9d55,0.1492,none
5ad16a24-6fad-460c-bef8-640403a0b8aa,f75f123d-b740-579c-aafc-18b926765598,0.1353,none
1b084ca5-c696-4cd3-acd6-a5c48fd3de94,3947c9b4-29d7-4efa-ac44-0c4c97d4f617,0.1081,none
a2dfeac6-6f01-4109-89c8-29204ccc5f99,0e84e7f6-039b-4744-8eec-e51dc4fdde9e,0.1582,link
15db0d85-85a6-4679-9522-98285b872ef5,cc88291e-dafd-4dd7-a9ee-f5cc475d83e5,0.1865,link
87eb5370-500f-43e1-9a05-6f16dadc19cf,b2ebb5b0-737d-4bbe-b23d-aba3b63234bf,0.14,link
8bf71bf1-e588-41ba-bdd5-1e53ef6b3278,2d18c966-b531-4be3-befc-3acbfa993d14,0.1037,none
a507a771-6bc4-44a8-bc6e-36894889a287,eae10e81-b9ec-4d4e-b29c-d491277ab985,0.1585,link
0888844f-8e1c-4d8c-9efd-ab4ea033237f,8da948c3-2e8b-4fad-9563-47205fa13d7e,0.1595,link
d5759f62-c39c-4792-9f3e-aa29687c3625,89954743-b6af-4806-8dde-ecf09af1a6dc,0.1563,none
2473cc65-3903-456b-8e33-b46c4cbd628f,51c90f2a-c79a-4f4e-bf1d-af54abfb4422,0.1076,none
f6894d3e-924e-41d3-809f-fcfb5effdb0f,d8c612ee-f882-4e2e-9d69-1cc4fdba39c9,0.1351,link
8a12b15e-1fe6-4113-a0aa-ae980b5b2d36,27aa7c5f-7e59-4ddd-b050-b4ead6637291,0.1603,none
80eb5159-b7b5-40ff-98e7-1409aa512531,88154256-5ee1-4dd6-a6c7-80aa2351d2c6,0.1127,none
381c4080-2418-4fc1-a0ba-f41122905c09,e3051e7f-8ba7-4d6a-9500-01c9dfd4a673,0.1946,none
087761b6-ae9f-4756-b4df-f845e770dac9,2250cb45-a021-4b19-b648-4aea051339c3,0.3389,none
9757943d-be07-4ce7-b0c0-b16b533fc22a,ec3b0b75-754e-4e28-8d40-c0375669d294,0.1497,link
c642f901-f04c-4ba0-bc76-28befbbf6b7a,f18b3478-37b0-4e72-bdbe-307d964c2c1f,0.1416,none
026b4c5d-5b42-435d-bf66-69722f73e43c,a9b75edf-29ff-4b3e-b533-765adef1984c,0.0663,none
30f13530-0419-4b48-890e-0812d8e5b78c,30f13530-0419-4b48-890e-0812d8e5b78c,0.1307,merge
cafae920-d9a4-4ddc-9608-3d1109ed4031,a2d71e6c-81c9-4c1e-a932-1e1cb6e0b913,0.1447,none
4fdf8848-1800-4f81-aade-264f782904a8,4fdf8848-1800-4f81-aade-264f782904a8,0.1656,merge
8c6728c7-781d-4347-b1d0-bce8c6d53dcd,e8dcd8b0-61ad-49e2-8f1c-fbec7197f02e,0.1622,link
690eaa57-ceac-4582-8593-1cececc0739e,67536975-7eb7-4949-b8a1-a61690dac009,0.1207,none
e8924dd3-d83c-49fc-b6bc-1bf3e5940da0,4c14cdab-dd6a-43a3-b946-5d925a5331fb,0.1649,link
c0055523-9f29-4be0-8fb0-25668d21e3d8,a1a885e5-6289-5833-b7f4-52345fd10d54,0.257,none
02218d6e-3fac-4ed9-af11-5b26dfc67dd1,9f6772f5-1115-58c8-b53d-b5f26ccd0c9d,0.1204,none
de8daf49-0f19-4e05-aeb2-e20ccc247b84,49d75f89-9280-4364-a9e7-d5c6c7c1d081,0.1477,none
9312c0d4-5874-459d-bc9b-ad0ac6296b60,1699cb47-f7cb-434b-9897-29dc7ec4909e,0.2582,none
fb654f0a-05ea-4ae2-b0f9-f0709b74c558,2702bb64-57a2-4dd1-8e5f-0d911ea2d528,0.3279,link
68098a99-1c38-4e2f-8709-78f1832ae332,f4a5c60d-fb19-475e-bb93-e970cebe1cc9,0.3054,link
87108a9a-bc4e-44f0-a693-764ac6897291,a1a885e5-6289-5833-b7f4-52345fd10d54,0.2257,none
a04f53e0-0cdd-4e31-bb6e-e9881a7ef438,a1a885e5-6289-5833-b7f4-52345fd10d54,0.2677,none
f9110eea-17b8-4386-9fe9-6351182d35a3,6d81db77-12a6-5365-964b-662704c00685,0.0891,none
54456e6f-7040-40bc-88f5-ae29155f2ccf,49d75f89-9280-4364-a9e7-d5c6c7c1d081,0.1508,none
374138b4-e0e1-4166-bab8-d401709492d5,5d2ed8f0-95cd-5086-abd6-54ce74e789e2,0.1017,link
af24f6aa-404b-45eb-aee1-eba309b4f60a,24eb4aaa-8598-4967-9bb9-ff0cf377f036,0.1396,none
45f8ccbb-1338-4271-be19-0415060edaa5,2ac52c54-da5b-4dca-a5f4-f0b96bdaf101,0.2823,link
05038898-e5ab-4162-822b-1fe91a34049d,2ac52c54-da5b-4dca-a5f4-f0b96bdaf101,0.2325,link
d6b5b3d2-740b-4c68-9fd1-443bdd04956f,b7d718c4-c043-4a19-b4b0-baf418d1e732,0.1379,none
c2af2157-3cfa-4229-948f-8a09ef7b451a,5721ff0a-6ca1-4203-b131-f22f4a8f134c,0.3005,link
441d6063-06a2-40b9-a358-fd70e062240d,2702bb64-57a2-4dd1-8e5f-0d911ea2d528,0.3257,link
85cd74ac-f59e-47b3-bc65-b96ceee600b8,5c65c869-dfbe-450a-88a5-1a31c1450207,0.1885,link
45565368-259a-40ee-8433-23bff5c16622,5721ff0a-6ca1-4203-b131-f22f4a8f134c,0.1991,link
85902cb6-48b4-4a9a-9d23-d9a9a0b9b67c,b4d48d96-7b3c-4f2e-92bd-47ada730c836,0.1328,none
cc63de86-8e8e-47bb-96c1-8e1658943c9b,5721ff0a-6ca1-4203-b131-f22f4a8f134c,0.2145,link
f0cb0fdc-f498-497d-9372-476a34f1795d,5721ff0a-6ca1-4203-b131-f22f4a8f134c,0.1789,link
49199a85-14cb-475c-8e2d-816183403584,47eb5c94-eac0-482c-8702-571565b599c3,0.1356,link
6fdd638e-1ead-4532-892a-95c3c7a9f916,7e58ad7a-4708-4525-a3bb-9b97eb063639,0.1621,none
8ed77a02-ae86-4dff-8a94-af5cb1f15df2,416dc498-a279-41a9-a7e8-f1af216f56e2,0.13,none
52af4dcc-8d52-4ad2-a50c-dc6ca943e40e,108ea2f2-86d5-5291-9e69-7fa4674b9651,0.1044,none
9f04365a-c2bb-4f82-a7ec-ee2b13045661,d20b64df-5d7a-43fb-ac8f-9f54ed295a5a,0.1395,none
f9967db4-5fa1-447f-805d-5d5bbf3dc840,7dd4fc77-5957-4b29-8ee7-bdc387965e68,0.1923,none
7b26b630-6136-4f8a-8730-47dd4bc36413,aa457326-3bdc-4279-8aea-317683fe7c79,0.0878,none
7d94b686-7d29-4a8c-85b6-f19df74a1b79,c2c683ad-34ba-5ae5-b56d-782a5e0efeb2,0.1808,none
ff70eeba-b8c6-4848-ac10-19840edccda0,881b7966-b65b-45af-8227-2e4709482abd,0.113,none
095a906a-41ad-4226-b8f9-8bdbdf058c54,f18b3478-37b0-4e72-bdbe-307d964c2c1f,0.0962,none
5f2b2db0-d247-4748-a0fc-9cce5cc40823,f18b3478-37b0-4e72-bdbe-307d964c2c1f,0.1031,none
304c1e74-fab8-4c66-8d87-79104b1c7e55,1e53f571-ff7a-4ec9-8643-94a08fc840c9,0.1212,none
a97fa816-f0b1-404a-ab58-4f1e92a953a9,472a5acb-e8f5-42d7-8dc8-f36d6070c893,0.2206,none
815b598b-f2a2-4978-a2f5-1c3c77c3db58,8a5a2644-55d4-4eb2-8914-5efddba3a7a7,0.1827,link
9fffb9d1-4021-41bd-9c30-c871b7bdc878,87b980c4-69e2-4186-ad15-e4e56569a946,0.211,none
3f934494-3782-4eef-a561-be5742a2b838,b2beb571-939d-4066-b408-d683e9257f8a,0.1171,link
4e9c3de7-a146-4c3f-9b00-5cc672203306,c2dc4a78-2fb4-4e93-b67d-0f95dea9bc66,0.1257,none
e09654f3-e250-408b-af73-e77b232c8c78,e09654f3-e250-408b-af73-e77b232c8c78,0.1815,merge
51dad052-38dd-464a-8291-e927a9cbee62,da690792-5aac-407b-88ef-e04f20d5aaa2,0.1835,link
2738dd3e-f742-4e69-b604-11b9dbc62c1b,aa5ef743-76a5-464c-befc-801b77e01996,0.1842,none
9b6955f0-4d78-4fba-a4be-75a7ef3b848d,5721ff0a-6ca1-4203-b131-f22f4a8f134c,0.3075,link
31c3ce30-c010-4c3d-a76a-e4fa9347092b,5187e41b-6afb-4cdc-b999-cd754b959ba1,0.1377,none
327828d5-963a-4f0e-a580-ee7da18c1e8b,06e98900-ed09-4832-b0ee-874bd59caff8,0.2393,link
d1466425-0a85-4f18-ad75-96c1e2aa30b3,67007687-b0c7-4d80-8ca6-dce379cee3c6,0.1452,link
f42c1e19-e1ba-428a-bd67-c051e6692173,06e98900-ed09-4832-b0ee-874bd59caff8,0.1288,link
b7213140-2690-456f-ab6c-4518fc9c814c,5721ff0a-6ca1-4203-b131-f22f4a8f134c,0.3436,link
c5296804-e723-4862-afda-7321f8172129,54e86591-b40f-5d88-96fd-74fd2880ba83,0.1113,none
d85c4cd8-b876-4f88-951a-b928a7cb3fcd,1a76196d-c5cd-5314-9230-fb068e899986,0.1715,none
1a380e49-ce65-43bb-a2e9-f2382ad89f82,ae35f38a-ffa3-4d90-a620-5ba6508d2fab,0.1225,none
54131aa1-def5-4ef2-83f0-9cac660c0d2f,44754b24-d404-462c-87aa-ec31962d9b41,0.1208,link
515494ac-5130-456b-9ba2-c7c979d5458a,ca2cc37b-fbc0-4d67-aa01-605fc04b89bf,0.219,link
dc36049c-a43d-4dba-abf8-11d371bda8ea,5c2e13e1-fce7-4fdb-a46c-158a58eca283,0.1159,none
10cf5d7a-d1e7-4de3-8ff5-d7560fef785f,c378d283-09e8-4376-981f-10619cdef800,0.2116,link
0de10186-ebcd-44b2-b68b-e57d67241c36,0afd1da3-9dab-4d66-b701-d78f59ad43e5,0.1588,none
c2a1c49d-53ee-4443-a84c-d320894cf674,dd8bd13d-a9a2-4658-8021-b01e881edef1,0.1016,none
91def388-d76a-4ff6-8e55-87614f642287,8ed86789-3075-4b21-9847-e171334fd53b,0.1515,link
1532ac25-4a89-4217-aa73-51dd57ec3a95,3a6c2402-e9e2-4310-b1ca-91601486c367,0.1754,none
14b04561-9c2a-48c2-86f2-c2ca51c4a8ad,da690792-5aac-407b-88ef-e04f20d5aaa2,0.1653,link
006b670f-5f20-4bc2-a29a-a125c0ce0162,67007687-b0c7-4d80-8ca6-dce379cee3c6,0.1366,link
5f24b200-10eb-4421-ab0f-9f195b0d45af,b24dd41d-58bd-4439-968b-b85974004a2c,0.1135,none
821e72b2-6696-4924-88b9-cfdebd4b44ef,f9953712-2a16-41d6-9598-c781fbea852c,0.1009,none
7a9a39eb-149e-4917-99e8-202ac8fe8801,a625bb75-a24b-4302-89ed-b0ad9f9edca8,0.2,link
2ae1df55-c5f1-4f77-b676-d233f2fd1b3f,69e3d663-6164-478d-b9d5-920db51a54c7,0.1784,none
0deb9ae2-ac00-4f7c-8be5-33020a9b2f2e,3dc6349b-b61a-4fc3-98de-584f609ab8cf,0.0548,none
8fcced04-71ff-4740-89d3-72cae1ac1ac7,5353176c-8988-4113-ab77-b96e466d1e76,0.1056,none
34812012-18ad-403e-bffc-37a56eb94179,661ca863-4f3e-47c2-85ae-78efcedcaee5,0.131,link
e13cc051-cce5-4fdd-a3ce-e981169dac68,f3d06266-e2c4-4544-8d7c-833abd5515a9,0.1033,link
5562b237-a24c-488d-845c-2c07afdea945,a5815d12-19f1-46e7-9c60-ca603a271f59,0.1253,none
609902af-cddf-4885-9004-48e68acfae51,c0405427-409e-492e-8399-2a3c2d624e84,0.0834,none
df898c3b-2370-4417-9ad8-526af57cb6a6,7dd4fc77-5957-4b29-8ee7-bdc387965e68,0.1331,none
2963b1c5-ac2d-434d-8697-9a07c245f984,a9107a34-d51a-439a-876e-ad092a7dc51d,0.1717,none
e745d383-ae41-4107-948a-5f2edf915655,3d083986-4886-4975-a855-2d63c5267575,0.1169,none
baef6c79-7090-46f8-8408-a8c71c56fd67,962c0271-36f1-4c22-ae50-d6848876026d,0.0682,none
d35ca7e5-87a8-4bbd-afa9-52b9ea01f7cd,f3f67491-3773-48c3-a872-d980fff7f328,0.0627,none
0734d255-9430-4d42-94ed-a3f1967b43f9,feeaefac-b277-4f93-8dac-444539d7237f,0.1356,none
3b230176-b656-480c-9c25-e0d054d167eb,ed02e0e0-c9d9-4cd4-8b7f-ad6e6a2d0d31,0.2133,none
44122aa1-9b85-4e32-8c33-9ec07c3fcab8,1f157f5c-d346-4d40-a0af-ba7da7e7a500,0.1073,none
ae69b6fe-0979-44f2-a638-16048c08d18f,69e3d663-6164-478d-b9d5-920db51a54c7,0.1866,none
e797252c-c6ac-46d3-835f-80adabc13d6e,e797252c-c6ac-46d3-835f-80adabc13d6e,0.2917,merge
7d4e3911-13f6-4373-9743-10f1ad2b0c05,108e49e3-c3ca-58ed-a70d-95086aa90c52,0.144,link
96f5c0fe-f649-4083-ab8c-ca62f82d6ad9,96f5c0fe-f649-4083-ab8c-ca62f82d6ad9,0.2469,merge
32805178-e3a2-4185-9c54-712f5640a96a,01dfdc28-b915-48ec-99d4-33f842fd76b8,0.1916,link
ac6e54ab-cec6-4b10-a3b9-33627e603229,ac6e54ab-cec6-4b10-a3b9-33627e603229,0.2206,merge
0e0b4ca8-0970-4fa3-abc8-8fca24628c48,ac6e54ab-cec6-4b10-a3b9-33627e603229,0.4576,link
184ada07-4af5-4f3c-a566-e54de11e6d4a,d37fc186-0516-5779-9949-4b14f28cafa2,0.2329,link
0ef877fb-ec66-448e-8bfe-6ecf6ae54a67,c649daf8-1cd1-4ce8-ad9f-92b6b86d4274,0.1401,none
96f5c0fe-f649-4083-ab8c-ca62f82d6ad9,96f5c0fe-f649-4083-ab8c-ca62f82d6ad9,0.4682,merge
80c1cfcf-a370-4b29-a6b0-69947ec806c6,5721ff0a-6ca1-4203-b131-f22f4a8f134c,0.3158,link
d126f34e-6b60-420b-9168-5f131aa4a6d3,5187e41b-6afb-4cdc-b999-cd754b959ba1,0.1347,none
08afd7e6-e4c4-4668-9945-7a0313f0ad06,ae6f85bf-a0b1-42a9-a9f7-00ac75ea23ee,0.1432,none
7a6db5f7-a0e3-409b-a06a-7d2da54cf9d4,64f89c91-7468-4b88-860c-8c3d61739ac8,0.1247,none
dc283988-4db1-4724-9e11-46d638f2fa36,db4f699b-e39e-42d2-90b6-86ca9ad2724d,0.0966,link
d3e678a6-91f4-4a3f-9503-96b78af8dc84,dcdbfdc8-8bf0-4108-8f28-98572d60c3d8,0.1304,none
770eca80-e5e7-4afb-a07d-6d6755d832d0,d67832d1-f759-4803-8397-d05905311aeb,0.3058,link
0a7b5fdc-c172-46df-afa9-19f45f829b27,252f7b08-9101-41e6-b330-8c7e2e669706,0.2655,link
40acdfa8-641c-4217-8f60-5edc819ec5ff,0326de50-4d23-4872-945a-66a49f9e2819,0.222,link
32b9fe7a-d530-4aeb-bced-347778db13d9,a5817f16-ac5d-4b15-8453-5531ba0db135,0.184,none
d1019807-dbe8-4e5b-acd4-2b0aa31a3dfe,40c32a35-6780-483a-908b-1771376a2755,0.2131,none
46429249-7ac4-4ec6-8988-1abc94474544,ab2cf901-4c48-4c65-8cfc-d3065b45d627,0.1514,none
6268e470-823a-48f7-a698-1ea7320c8df9,a6b9e104-0ad2-5be8-95fb-bfe98852eb01,0.1497,none
cc547fa2-2c53-4d40-88cb-a575e4b2499a,661ca863-4f3e-47c2-85ae-78efcedcaee5,0.108,link
f0978b43-0cce-431d-946f-07df54dd5cfc,d1fdfe72-981c-4f08-82d9-0532a95b8b2c,0.1641,none
9767a45b-5575-4948-b2c7-bef2769c6f50,d6b50a4f-d2b9-4dfe-9c89-527b14526442,0.1103,none
425055bc-d993-4fc5-8dba-8203880ffb39,a5817f16-ac5d-4b15-8453-5531ba0db135,0.1731,none
78e82caa-82e5-4696-a03d-9e181a172b59,2702bb64-57a2-4dd1-8e5f-0d911ea2d528,0.2718,none
c0d25641-b623-4fc8-8c4f-8f20b14e5099,09c0a448-b2dd-5cab-85eb-f99aae9f7981,0.2428,none
8edd7b28-6c66-4c30-b31c-54b781f1202f,9dcb3090-e077-45fe-89ee-1ae9b71993ce,0.2465,link
92971f29-e565-4ebe-a8cf-b91864df1d0d,12bbd7c9-2728-4646-8ad3-19740cf888af,0.1362,link
1a7de5d3-1a46-4c8e-9235-831c33d6a044,9954ecbb-f39f-43fd-89bb-a9a1ad749610,0.2387,link
afc8e468-5671-4b1f-b414-6f57e5bc51da,86c4847f-b28b-4eba-851a-a1c7681aabba,0.0917,none
3d295abf-2bc8-4f67-b4c9-f26918d15a79,56514983-4388-5971-bad0-595dbec5e266,0.0665,none
2e734473-1b16-42be-8749-7a0c9cdfbcd2,a9107a34-d51a-439a-876e-ad092a7dc51d,0.1386,none
a7dfa8c9-3f2b-45b1-a3f7-bab98dc1e414,43eee6b1-c4db-42f9-8151-8153ac2b9610,0.1289,none
580973dc-460b-4411-a0be-e0612d9df322,d7d9f2cd-e168-43c7-99a8-b4d334062ca2,0.1051,none
7fe6d60c-a838-4ad0-9f6d-cb44b1545e00,3c68130c-8f75-4b38-896f-0699ca900f47,0.1534,link
a79d9d0c-8351-440e-9215-eab02921414c,86c8d41e-c850-49f8-be3b-4abb0cd3c61d,0.1071,link
85282223-b666-4d31-aa50-5e0a9d41727b,35eae267-9f12-46ee-80a3-17a6dd8f1f34,0.0967,none
39e042ee-a0cf-45e1-b117-19ecff32d9d6,c27b2b67-6a8a-4bff-a88d-603da6c1853c,0.1173,none
672b54a7-f356-491b-92bd-126e83ad9ffd,8c8477f0-3817-4734-a53e-f3f95a0b53cb,0.1229,none
3ab978ad-fdfe-467b-9ff9-aafae7cd0e71,8692f8d8-004f-49c5-add4-eb81753024fd,0.1315,none
b46bb729-ba7c-4d29-8f5a-a0043bd6a6b6,6b7fe640-4641-4e97-8048-f1f88910cfe8,0.2325,link
28944cab-e919-4ea1-afd9-97ab5c4becf7,ae0df23a-85bd-464c-a95a-d50276610c4c,0.1921,link
985abb3e-6f1a-4619-ae45-db08b3f6b5a8,76485257-eecf-4ca2-849c-4709d1e35047,0.0922,none
638d9492-796d-4dfd-9f1e-e041c265b070,900aa8b0-e996-40cb-aa9f-eceaa5e2f90c,0.1887,none
2d8d93ea-59e5-4677-acdb-2deb1a0784f9,79630f35-21b8-45f8-a145-d3eb142f3363,0.1701,link
aa05b480-abd3-4a8d-ad57-dc518904e1d2,550ceae1-3770-4c86-a78f-07e6caa09a8b,0.2827,none
645c2bb7-d795-49eb-b3d3-dbc8d5f3a932,4e96f780-2811-404d-b7c9-ee50aa37b1d1,0.1302,none
7a3a2b2d-28f4-4275-8b67-192273ae99b0,8d8fbba9-1a8d-4f8f-9700-721d34eb45c9,0.218,none
ae00f449-0a45-49b9-8025-f94cb9a9601b,def1b949-f306-4d71-8c8d-0328c50d9c99,0.1518,none
4e33d2b8-eee0-4d72-96f1-9b5da9d017c6,f659f75b-96c0-4ded-bdc1-a391d6c20c1a,0.1537,none
e6a4cc51-28a6-42c9-9c4e-229d1910c6ad,cae63784-4d73-4fe1-83be-b7dd5b182b2c,0.164,none
b25df33a-059a-4766-955d-879747c122c8,3cdf245e-2e61-4c86-bd44-9e04c862adfe,0.1259,none
677c22b7-86c2-4070-8539-44d099e56af5,469afc42-3bc5-5b32-b937-e05b8bdcbd2e,0.2789,none
741ba2ac-4946-445a-a6a0-2684a0a5b36d,7d99596e-16e4-4f5a-adf6-7d7124f133d2,0.1307,none
794118c4-4f6e-4544-b196-637df2663b2c,65737e9c-1785-4fcc-b3b6-855e9073be95,0.1692,none
13edf886-8bf3-438f-b66d-6d06c398973f,bfb77177-9d4f-50b0-b7c1-373e301e8471,0.1285,none
a26a1a5c-1984-41e0-9de2-bf2fe3fd3eed,9f44fdd9-df47-4a6a-8a0f-2d1faf9c13e0,0.1276,link
92b0cd58-2eaf-4b64-8a44-e2154b701049,314d227d-8e5f-498e-9199-df59299a9c51,0.1231,none
403cd76b-8f68-458d-827f-dbcda60b2f10,3622cee5-28b0-404b-8b30-0afa2cfa19c2,0.1227,none
81e7a9d4-4614-4981-b76c-f8f4016a706e,25db128a-085f-45b1-ae6d-588f3be59e8a,0.232,link
979db1ed-3a69-47d5-a0d3-1af5e3240035,22a07963-573d-404f-a725-c3b856e66dc4,0.1646,none
7c26d24c-0ec0-4635-974d-b70ad8276dfc,2374ba73-a0a9-457f-b905-ceb0f18683f4,0.1697,link
628ebe4c-9b4f-445e-8e0b-8d1bdd9ee7b1,cce0a792-a76d-46dc-8402-ad8c33d3b0a1,0.2761,link
14761ba5-89a9-4a5c-8acc-75d74a4558b1,ac6e54ab-cec6-4b10-a3b9-33627e603229,0.4587,link
7a1609cf-f0d6-4eb0-b48f-3c2180f46ae5,ac6e54ab-cec6-4b10-a3b9-33627e603229,0.1928,link
57690b8f-e78c-465c-9b1e-1269e19a71c2,1d72f8c0-9a60-410a-a685-aea1f6662f0f,0.1959,link
ce24f6fb-2cd2-4927-a76d-4af18752622b,5187e41b-6afb-4cdc-b999-cd754b959ba1,0.128,none
2081dddb-71d2-4cb1-83d5-feb253e77662,8cd57107-cf37-483a-ac63-70f8801f4681,0.1082,link
ce200878-16ee-4f38-aaef-73eb8cf2532e,dba2910e-e046-46ae-8aa9-5ff56b8f61fa,0.1141,link
76242991-d218-4abf-8de5-6ca2f3e3b7cf,06e98900-ed09-4832-b0ee-874bd59caff8,0.2106,link
7e63fa4b-a4fc-4967-860b-22e088e1261f,5bd96d19-98f9-4c76-95bb-1cd97f376db2,0.2397,link
3242551f-0718-4d2e-9a6c-96b5c7a97679,2a6cabdd-6b8f-430d-8693-8f543dd9da43,0.2271,none
2b00af61-116e-4c2b-9fae-8128566587d0,5c65c869-dfbe-450a-88a5-1a31c1450207,0.1885,none
9984758f-3ac6-4ac4-97be-1140386a31f6,cae63784-4d73-4fe1-83be-b7dd5b182b2c,0.179,none
043ee581-9b36-4fe2-91f6-2466e4885b20,510074fc-a8ea-4628-b771-8dafdbdfa7a8,0.1941,none
d402ce19-28c5-439f-a618-48d1ca21a504,65dde88b-ba93-42b9-a67b-b62e37f5888c,0.1103,none
e4c7151f-ddb6-40e9-9f38-54eb13f7f5b7,88ffa8d5-267d-4524-a7f1-5c7f9848b5dc,0.2335,none
018d97d2-f993-4864-9c0c-721be13db051,86d037d8-74b4-4b77-9587-da1f1853227f,0.1495,link
8722b144-f03e-43fd-9abb-cb93ce28199c,44a575c8-54ad-49ea-9e6a-29ed026afb61,0.1388,none
21abb038-bbac-4d35-9161-80dda59ab93e,718dd811-8202-4688-8261-d742feb710a1,0.2079,none
55de5f1b-e780-43c4-b17f-a0ee0a1eca88,bd231971-bdec-4f1f-a23b-a7950c3092bc,0.0867,none
584bc9ea-5da4-4460-b559-bcc741c2ab53,d20a384e-e8cc-5c06-acd5-9c829e5c9042,0.101,none
29e883d6-b1f2-462b-a402-c6ef8acef339,4c8ada79-cc2b-45eb-acdd-b6affead6c2d,0.1672,link
baae8396-177e-48ec-8b78-847a8c95ece7,248b4963-52c7-4ea2-a250-a5b57c2e7351,0.2003,link
a6fc8809-3b06-470f-8b5d-ce75886f2f89,9dcb3090-e077-45fe-89ee-1ae9b71993ce,0.2193,link
435ee8bb-54fc-4997-a236-a3a698055d7f,06e98900-ed09-4832-b0ee-874bd59caff8,0.1586,link
dd45e297-a240-4278-928a-f99a02e7874c,5721ff0a-6ca1-4203-b131-f22f4a8f134c,0.1892,link
f00936e2-d33a-4a53-bfc3-2d24d3d8c0e9,5164c300-d7c9-4a15-be50-fe8e468d24be,0.1614,link
4a049d96-110b-4c6c-8ade-5b1af84ee925,c378d283-09e8-4376-981f-10619cdef800,0.1467,link
bd6dc518-a615-4303-998a-7305ce619e03,d0589965-6caf-494e-bd81-cd7e060cc8ca,0.1362,none
cf0674fc-24e2-46f5-8300-335e8626de94,1d72f8c0-9a60-410a-a685-aea1f6662f0f,0.3177,link
4b410e5f-5d70-4270-9986-537938a9129f,5721ff0a-6ca1-4203-b131-f22f4a8f134c,0.1633,none
bad6b5c5-b6cd-4c07-933f-32a88d24f955,5164c300-d7c9-4a15-be50-fe8e468d24be,0.148,link
3c7107e8-a4b4-49f0-87a1-f73944718bba,af284175-52d6-497c-a5ab-2ac4d3d492e4,0.1694,link
16cb26e6-258c-4c08-a151-af8dad39b872,a8f97105-3d70-4fe7-985a-eaf3543f266e,0.1826,link
deecdd1e-d848-4a2d-9674-eef65d9f2fa9,9e18d5e6-e715-544b-8aed-9e37b3b7a463,0.1713,none
0b60b341-e136-4e21-b852-8aedc35829fd,06e98900-ed09-4832-b0ee-874bd59caff8,0.2499,link
3e10f468-c0fc-4b8c-89b6-c071607aff5d,af284175-52d6-497c-a5ab-2ac4d3d492e4,0.1832,link
4babb09b-e32f-465b-a3b5-cd5736e5f129,683c8f97-752f-4fb6-9849-fc1e426b312f,0.1779,link
db7ecbf1-f9c5-4f97-bd85-941b5006ac4d,e8ada03b-f580-4056-a804-07acec7594a4,0.1889,none
8f9ee03a-779e-4517-9d28-8b75d5494894,9418e51f-9a77-4956-b7e7-e3b2a00c4e91,0.1643,none
c3666b74-cdb3-4c2d-9a42-d5b61932ce5b,c2b88103-2b13-48f0-a98d-092e8a27eb8d,0.1281,none
700e19cc-a134-459f-8165-7258fccd7bd9,fa4908e4-b668-4c7c-a27a-4c829d8610ac,0.1285,none
e145e440-5ff6-4312-ab81-0eafd934e927,dcdbfdc8-8bf0-4108-8f28-98572d60c3d8,0.1519,none
f2bdf79e-b43d-455e-8b31-f275c6bb24be,7e2a056f-3040-4ec3-b424-de43bf45ede3,0.116,none
f45bb65b-35d1-40c7-aea6-4ea97cf995cc,7e2a056f-3040-4ec3-b424-de43bf45ede3,0.114,none
f54a1e78-679d-4d2a-9f34-e26e27142a2a,cdb07eff-dcdf-4338-a9bb-174ad7b265fe,0.1147,link
01d39aa4-f722-4635-ac0e-157572304c89,6654dee6-6bd4-464e-8ab6-1f2fa208c0dd,0.3557,link
eb713fd9-83b3-4b70-943f-2f56e72a6816,f00ad575-1e2d-4ccb-b795-081002b3d524,0.1351,none
7775ced9-d1c9-4922-bb65-8daf8dae4e42,a22bdfbe-8cea-4bfd-9ee0-621cf1887d43,0.1953,none
3d7ed2d4-cb10-414b-8e5b-2d1bd5cfecfd,7e862f86-1ef2-40a1-a317-f27ec67447c3,0.1875,none
739269b9-1fe4-42bc-b0ce-aa36b5b4adc8,02bac600-d375-4cab-b6a8-27c25ee978c6,0.1699,none
05406dd2-de49-4d6b-bd2b-53b98cc2a1ca,2082b2b5-cf15-40bf-9883-75ea60257f1f,0.0755,link_regional
881c4407-e4da-415a-b01f-97903b0044d9,eae10e81-b9ec-4d4e-b29c-d491277ab985,0.0963,link_regional
4770021a-952a-419a-b7e3-cfeed3fc3afb,962c0271-36f1-4c22-ae50-d6848876026d,0.1474,none
87e5dc71-4c20-4d5d-ac93-3e07fc529b1f,b9b94f31-b58b-5e26-9efe-680b167046ba,0.1056,none
971b4d07-70ed-4fed-9ac5-d7f048196b74,2a8c1ebd-2eaf-402e-bee1-de8ddb41fcad,0.124,link_regional
e2b9232d-2766-4b58-8942-139d28c2974c,d8c612ee-f882-4e2e-9d69-1cc4fdba39c9,0.2862,link_regional
b27e68ef-b448-42b0-8e6d-da72e096c6ed,c8e8610f-e417-4f8d-ad6c-e47355a4f093,0.101,link_regional
dbda64be-aaf8-458a-b5d0-32cfb549e2d2,6a82b8fd-0c1a-43eb-b45a-88234d459afa,0.08,link
ecb8b85e-f17a-4ced-8126-77f9cb935bf4,7b6c6e1a-65a9-4f75-ba54-9cee9abd19aa,0.0915,none
ac631d4e-69a8-4830-9fc1-7dfdf82a9344,a8f14113-65f8-4935-81b8-88ede5c65728,0.083,none
15ca6c4c-3b45-443a-b1a8-db656c3a9e27,7db47f51-7c69-4b2c-b619-fc8cf9956c8e,0.105,none
78fbda57-f3dc-49ad-9887-60cefd527718,88de053e-8d30-5976-9733-6952dfb9277a,0.1472,none
7397c1dc-d6f8-4734-915e-527974d34665,69968254-1ac1-5430-82cf-f1ab1feaf603,0.1264,none
037f5c44-6162-424a-85e0-c078eeb7e86c,788ffe7f-6a1b-47c6-bada-0810204a779e,0.2474,link_regional
de70eebb-05d2-44e9-8a17-94f60b91a685,a089ad9f-5cf7-4c85-bb81-265d49571e3e,0.077,none
a716ed93-c580-41b3-8481-9c3f4dc2b6a9,8692f8d8-004f-49c5-add4-eb81753024fd,0.1162,none
1ed95d38-b614-4962-997e-97609fd33965,ee07a3b1-3b1d-438b-ab94-ccd9f0395631,0.1137,none
f4e33572-0257-42cf-a105-adc052d06449,86c4847f-b28b-4eba-851a-a1c7681aabba,0.101,link
a09ce1d4-00c6-4b4c-a596-a2c55588c32a,064714df-7855-42d3-a0a7-cb5daf2ec7f7,0.3136,none
19819cdd-efd2-4fca-9379-38ba9b41b604,9657ccb8-e033-47ad-bd6c-3fdbc264eb5d,0.2124,link
a0355d66-3822-43f7-b860-ca10b45b0478,76ac1857-91e1-4238-a630-e9ca725430c4,0.2757,link
c4122615-cb39-498a-a5d6-c20faaddd036,e64b7de9-436b-4dd9-87bf-4538f1361bc3,0.2452,none
e17add09-8fb8-42c4-b193-e0d478dc4bff,8692f8d8-004f-49c5-add4-eb81753024fd,0.1251,none
1f1e6d62-f4fb-481e-9aef-732ede073f65,b992a1bc-e3a8-4837-9d63-3b23a6651d9e,0.1296,none
5a3833de-a06d-4d2e-82f4-db026eac2f1d,5ff7ef46-1fde-4650-a3e5-49b053082843,0.1316,none
8edf3d65-4462-4fbb-aae8-55c4a04c0193,270da5c5-1f9a-5fb6-a4c6-687ad3b3683d,0.1302,none
70b8db8b-861b-4cd5-a0bd-00944e1f2695,c426a4bc-ae20-42ab-9588-0cb8d9d8381f,0.1528,none
6288c3ea-1fdd-463f-b9ef-89948f5d5f27,4e2a8bda-9852-47b0-b1b3-bfc874d2e80e,0.123,none
465e565a-76a4-4292-9e6d-75fa3bebd96c,a1e0f7e5-5f25-4412-b8a0-b17958526399,0.1544,none
4317f869-3124-4c27-81b5-faba867cb6ea,19cad0eb-d411-4075-9f67-e9e1b96b6a92,0.138,none
e56616af-22ee-4ad4-86d3-49d4d7f9b520,19cad0eb-d411-4075-9f67-e9e1b96b6a92,0.1366,none
e7f83cd8-ca8c-4fdf-b912-a060cc39f311,2680703f-a3b3-4be7-8104-19a0acac643a,0.1677,none
3b3b69de-2f77-4005-8672-bebe900db967,7c14c08f-3934-4eab-9f8d-f9add6773a72,0.1168,none
458d53ec-54e1-4e7d-989b-42709e853293,d94178cf-8b1a-4f0c-959c-6ba2c472a6f0,0.0967,none
3919eb03-e05e-4f28-ad0c-e3a0fa4dcd51,7877b807-727c-5912-add5-9e367cddb56a,0.112,none
c852c3f5-6580-4cda-bcfd-b038c143ec16,c19e4949-a076-406a-a3dd-f35429e79797,0.1542,none
2b40128e-762e-4dfe-8c99-8aaee8b416d2,30ef8b64-4533-40e2-ab61-df3534d57ace,0.187,none
22d7923d-7ad2-460d-b3e0-372b0be0f230,d94178cf-8b1a-4f0c-959c-6ba2c472a6f0,0.1617,none
370c53b2-ba17-4c1c-8bd6-067d4fbe4207,ed02e0e0-c9d9-4cd4-8b7f-ad6e6a2d0d31,0.2362,none
f617defc-29c7-4174-aed6-15866101cca2,3ca745a6-90d1-4d0f-bf82-f76c994ca711,0.2929,none
6e2f5ea1-bfea-4cf2-b152-e7228168d65f,22ad4488-7e48-4d8d-b952-46097f56a2b0,0.1939,none
b9c08a4d-a4da-40b9-8ac8-dadc1186cde6,802771dc-286f-4a59-9260-9f2f43d1ca6a,0.1391,link
df166555-64af-4760-8dc1-eff03df80400,925cd537-9f75-4069-a420-ab5c8876921e,0.3879,link
c9c2e1d0-ff51-4f04-98cd-3add515a6630,cfe68889-8a7b-4aab-ac8c-cd14c181c3aa,0.3093,link
b9a08b87-f474-485b-acc5-644420deb98d,8efd97d5-1fdd-42b2-906d-07f4146923d0,0.2447,link
db5b8940-a1b4-43e3-a5df-92d52497806b,db5b8940-a1b4-43e3-a5df-92d52497806b,0.1835,merge
8f7ce799-1d74-4c49-8474-0330b9ba69f2,8856df85-e29c-4971-80e0-d795eefc4550,0.2124,none
951bea94-e11a-4916-b735-c34c3f719c8d,4ea4893b-bc46-413a-be81-9958afcacf60,0.174,link
1840fa6d-423f-4854-86fd-926bd6232391,ee55bf31-d667-47a1-bb68-0bb6ec0face2,0.1926,link
1b92671e-ae93-4bc8-9ee1-b47e785723e5,70b1fe89-f2db-4f52-a7e1-2be22d1af1bb,0.1376,link
de40c320-a213-45a8-8b84-57d136826d66,8856df85-e29c-4971-80e0-d795eefc4550,0.2415,none
d693bfbb-e4af-44bf-b4fd-3a637e3294a7,7bab192e-0d74-408f-8727-2f1cf2f3dc11,0.3797,link
46b4ec0a-0f75-48dd-8f9a-2d13db7b079b,cad943f8-855d-48ea-a82c-eee95dcc2a3d,0.152,link
34becf1a-7b12-445e-a16c-a3a27c26decf,c70a1296-574a-4071-b325-916e49fa9941,0.11,link
bcca9fb5-15fd-45d1-abd0-d1a348ca4bee,79f6fd11-aaab-4798-9b20-057c87b20c52,0.2328,link
11dace7c-ee1c-48a4-8073-ee753abd1c76,d572e5f8-8636-4e7e-95d4-0c9081e84214,0.1466,link
43c8be40-60cc-493c-a94e-eaffbcae07c8,4290a450-6fa7-465d-9849-f358fe1a4e30,0.2086,link
dde86f6f-1158-4b4b-9b9c-d38bf928448c,d572e5f8-8636-4e7e-95d4-0c9081e84214,0.2757,link
9e6bc90d-4514-4487-8e15-a03c2bfcb8f3,9e6bc90d-4514-4487-8e15-a03c2bfcb8f3,0.3521,merge
8636fee4-12fb-422e-8a61-48a21b071da1,db61cf12-18fd-4a8f-b806-d66ec8df23d1,0.174,link
3b27fa08-338e-4a98-84ff-4cf79ecbf1d5,858ae3d5-b438-44d0-aec6-0ba7b05199bc,0.3237,link
74fdb8de-7a36-4f81-a038-e32d10d109f5,af5ac1f9-631b-583e-a202-f436b2c6065f,0.1078,none
729dca8e-06d8-4df3-b243-3cdf93e5cda9,e7294316-7408-4943-8349-1627e587e1eb,0.1035,none
43c007fb-9d4e-44a9-850b-15865e4e126e,7db47f51-7c69-4b2c-b619-fc8cf9956c8e,0.1067,none
9ae3ea5b-4930-4531-9a25-67041a7cc0a8,31632a52-38dc-5125-a5df-47e4bf17e976,0.1194,none
0ae0633d-bc77-4638-84b9-4db92ca3c9d1,86c8d41e-c850-49f8-be3b-4abb0cd3c61d,0.1201,link
84052a2e-2ca7-4c02-a359-d38c8b466d54,b5d7700c-9ee9-455f-b064-bda08b0f93ed,0.1752,link
3289cfd4-3d53-476b-8ffc-f3b83d2d4135,559ad3e7-5de6-4609-a054-67b786ffb684,0.1262,link
9bf6ecd4-c5db-4a30-867c-3b69b81db201,0e0178c3-5189-4bbe-bed0-d6e13b6036a8,0.1037,none
0a22ff58-252e-4639-869c-f97fec143699,4218989d-a0ad-4705-ae6c-062a068f6b69,0.0845,none
dfc9e998-7228-4838-b0fd-fcfaa49e2faa,82249737-fac2-419f-a93b-42bc0b78c083,0.162,none
05d5f364-ba06-41e6-99d2-47b278d5e0c9,d98ddefd-25c4-5988-82d6-102fb496b14e,0.1159,none
32fbb9b3-d7a6-4376-be5f-9e32aa0cf7d4,7b492615-0db0-46ca-a19f-5e36378c87b8,0.1879,none
e256b6b3-f1b2-4a65-82fe-30fd930692ef,7537dcac-d2f6-4f49-bf76-f86e32f75528,0.1126,none
19c2121f-b40e-4b35-84d9-2cc3c32efc56,075548cc-1a68-4f44-8d31-8139ceaad7b2,0.2207,none
671f19a9-9df3-4efd-8bdb-b225e7861530,aa61cff3-9481-44b1-84ae-65244fc40d94,0.1687,link
f76e5617-5329-4bbc-857e-7119f919ded8,182c7839-f272-4509-add4-d7c19204fcda,0.1318,none
89529cfb-25de-4430-9d62-2668b6d3e72a,f482a304-c72b-4ba1-99ad-e993c9482863,0.0889,none
f709be37-a3a3-472a-8f9e-5fa4687d5cdd,d4923fcb-ad32-4dcb-b73f-9e8369eaaf21,0.1918,none
f066ad03-98d3-41d0-aa79-ffa0381e2207,f18b3478-37b0-4e72-bdbe-307d964c2c1f,0.109,none
5e8b7880-93c4-47a4-be42-a9e707c894df,598d64bb-44ae-44be-b9a6-de5f0e54ce13,0.0979,link
4fdf8848-1800-4f81-aade-264f782904a8,4fdf8848-1800-4f81-aade-264f782904a8,0.2832,merge
4cb27cfc-fade-4901-aa77-75f2c69cd110,982c7a1f-098b-48a9-af2c-86107b67a6be,0.1533,link
9dcb3090-e077-45fe-89ee-1ae9b71993ce,9dcb3090-e077-45fe-89ee-1ae9b71993ce,0.2037,merge
2c46db92-44d3-482a-a9a1-abd7f209bef7,b2beb571-939d-4066-b408-d683e9257f8a,0.1812,none
0ce2a69c-373c-4667-bcd8-07936ceba071,ff57bed8-f142-437b-8176-cd32a93b068d,0.1933,link
e4b18756-817b-4e45-9bc0-982996aaad8e,d0a2a647-787d-4826-94c4-f315a0000e2d,0.1891,link
2481fdf1-7cb8-4054-9025-3e75189c18f0,da690792-5aac-407b-88ef-e04f20d5aaa2,0.1544,link
53dbdddb-89f5-4ee4-b1f7-2147f242dd41,c7c8c3f3-1b0c-4eed-aceb-d5359645c86d,0.1062,none
e08a2762-c3b3-4ac2-9975-9fd3839d287d,dcdbfdc8-8bf0-4108-8f28-98572d60c3d8,0.1194,none
af482b50-c4fa-4bd6-9f7f-d157d6fbd44e,6dafc2ce-bf54-43c4-bd7a-f528433ebaed,0.1289,link
84391339-e4db-4742-aa14-d8ee34518f8a,4638d5d3-81e7-46a2-a632-c020180d380f,0.1471,link
ce6f8701-3437-4d4a-8791-cb593a266ba9,eb89676d-26c4-4620-bd1a-7f75d267116e,0.22,none
d0d27212-9159-4999-a26a-7f3cd52365be,be639df8-b841-4a32-93c5-57ba65c84070,0.2075,none
be451ed7-23ba-408f-ba11-61373f8a16ce,9aeb36e6-782f-42bc-af00-aa219a0dd362,0.1363,none
aa03bddb-d33e-4634-b346-184586d31acc,86d037d8-74b4-4b77-9587-da1f1853227f,0.2122,none
9dcb3090-e077-45fe-89ee-1ae9b71993ce,9dcb3090-e077-45fe-89ee-1ae9b71993ce,0.2795,merge
028194b2-0e22-4654-b96b-d696542bffa7,e093c41e-b858-4a1f-b825-b03ae355a7a2,0.2044,none
88fe0e58-a9da-4e2b-aaf0-21ba9704f16f,ed02e0e0-c9d9-4cd4-8b7f-ad6e6a2d0d31,0.2508,none
278bfadf-effc-401d-9ca5-701b705e76e4,9565c7b5-3936-4024-ba79-8497e2e105cc,0.1975,link
6c582060-6de2-4815-85b3-1e9bf939c0c4,9dcbafef-2ff2-4a74-acba-446ff8e65756,0.2551,link
a40159c0-e02b-40cf-a6a8-1f351dc21746,c907501e-cada-49d2-a1f3-c3834ddf47ea,0.1418,link
9eea3471-7983-48b1-902d-4964d40b5a76,98bc78fc-73df-4e8e-a33a-a72dc6be458a,0.2657,link
df00f226-a2e7-4743-bfed-54938c0dcd44,12bbd7c9-2728-4646-8ad3-19740cf888af,0.129,link
a744c3f5-b46d-4eff-8b3e-894ec12240a2,0971380e-52ac-4fd4-b948-80ed0bf50111,0.268,link
7a069c26-94d4-4390-aeda-c28e62cd4af8,7a069c26-94d4-4390-aeda-c28e62cd4af8,0.3496,merge
e422c532-1f08-425f-b6fd-7d30acbf3da4,dd01e720-28e8-4daf-ba1a-fc4b3d8e0b05,0.1737,none
c05dd875-2ad0-4e14-a8b3-44414f87125a,9418e51f-9a77-4956-b7e7-e3b2a00c4e91,0.1611,none
7c8439d9-3ea4-4aec-8374-129c2bf66849,cf9ae033-d263-4791-af44-95db6c11b28d,0.1297,none
efe925ea-75b9-483c-ada5-166f62fa2aa0,f0e4be05-ad51-46dc-95ce-30f697031c8d,0.1959,link
6049d2f1-75db-44c2-9c0a-2b52226c19cf,7e2a056f-3040-4ec3-b424-de43bf45ede3,0.1722,link
c2216614-e4d2-4d91-8d72-dbc5ec2e1409,7e2a056f-3040-4ec3-b424-de43bf45ede3,0.1694,link
a0961c98-ce65-486e-9771-494bbec26992,9044134d-905e-4a5f-b4f6-e44df20b16c3,0.1211,none
fd51cc77-75e8-4b62-adda-1831a19d1ab5,73c0bffb-d5cd-4b1e-9487-cc0b096ab684,0.2237,none
dcf3d6c2-066c-40fc-9ed4-da903ac3c89c,5c8a1933-bb66-451f-8b2f-5b641e1719d0,0.1629,none
1c684fc8-cc34-4713-b9e3-35ec8705a73f,8758c0ad-0edd-4312-b299-59708d068956,0.1421,link
aa2c8bf1-9b1d-437a-8da1-a007a344df21,7cc5d7db-60b7-404b-8d64-03199b3947e8,0.1752,link
6b4c8ea7-39bd-4651-a3b2-f38f27b89b8c,0c0855de-a504-4922-99eb-4a9ea2495761,0.1864,none
273ccd82-45c1-4251-a8d1-3d082e9a768d,c9f8a645-763f-42c4-8833-0f300069dd42,0.1646,none
b5b3049b-39e6-48fd-a892-8c5bdb9f0fa7,184ed662-b10c-4071-8254-6dcf4b97c0fb,0.1229,none
9aa24ce5-658d-47ef-9096-e922905254d8,db4f699b-e39e-42d2-90b6-86ca9ad2724d,0.1248,none
f0f9ce9c-4fa0-4615-a4e6-0867908cafc6,6e0eebf6-a11b-4087-9b12-c947b43e04b5,0.1405,none
88416e8b-3612-472b-b53e-fbaac2155559,dcd4a6d2-cf34-42db-b9d0-16b6db773db7,0.1165,link
b6ea481a-acd3-447a-ad9a-e77e56fc13cb,03342bc5-c8e1-4ddf-bf7d-1d7ac01f9d55,0.1666,none
3be8216b-fa1b-4f53-8060-363843b8922b,8758c0ad-0edd-4312-b299-59708d068956,0.1169,link
d44ec926-c3d3-4860-a851-af53371de8a8,bf12cddb-9f5c-4597-928f-c6bc118214fb,0.1392,none
9b02f447-382d-4230-af58-c5ec62f2da80,57c999b9-ac2e-4493-bf7b-55a5a9fb16d3,0.1332,none
0e2c6c8f-f173-4acc-8698-da8c1c70cc23,e3f68d76-9b34-4b75-a3aa-08d7ef0e1553,0.1711,none
8e0571bb-924a-4573-8c9e-0d69f79070be,a677bb8c-8b4a-4195-b161-b718c46c0f4a,0.1091,none
bb560373-ca58-41fa-94e8-2f6b0be37dc4,a4942d61-4b1f-44d4-8724-e4b084c5c9ea,0.1495,none
93d4970a-b3a6-491e-9ad5-c8d1587357ca,b2294e63-db27-4d6b-b5cf-fefbe1aeaef3,0.3702,link
91bd974e-ad46-4f68-8900-2379a2fe9309,a44c8348-c4ad-4289-8a35-4dc69a2decd7,0.149,link
34ee9464-c7c6-4fa1-888c-8ee5f1033f7c,df1aff0a-20e6-45f5-b6c1-5f05f92750e7,0.191,none
f46a0ab9-a3a5-44f8-b0db-db75d22fd530,f08f69dd-14e3-499c-bc64-eaa9f4dc845e,0.1214,link
7388936f-2f42-49ca-899e-84b9aaf6d19a,92f6f9d0-a034-43a7-be70-a152a509b70e,0.1458,link
9fc28c12-c3d1-475a-8e20-a592881e9e29,606272ee-5682-41b8-a57d-07b627c3844e,0.2161,link
051cd0e5-37cb-42f2-b44b-8f2a3fc74839,9e6212e7-94ab-44d6-a7ab-53ba80ebcce0,0.1713,link
a0e56f0a-b955-4ad4-8e65-e171005ea0c9,ed02e0e0-c9d9-4cd4-8b7f-ad6e6a2d0d31,0.1443,none
2a71a75d-36c4-4cb0-8bd4-7c662418a472,02fc558d-141a-43d7-a970-d475421b1933,0.1996,none
66d19651-d395-4600-92f0-b3f959afb2dd,73039697-ab4a-4325-840c-ec44f836862b,0.0682,none
374e905e-f584-4d6f-8550-e80fd2c81c42,e06abd19-8d48-4ccd-a90c-15cdea7ce1cd,0.1136,none
bf9e64d3-ca91-46c7-a2db-b9eb45022248,99e008db-eed8-4724-b5f9-82b20f015915,0.1636,link
18468cb8-e4f7-439b-b826-a1ea0c96d6d6,18468cb8-e4f7-439b-b826-a1ea0c96d6d6,0.2818,merge
c7918899-3d8a-40f8-9550-15413afaed4e,318f0585-1077-4ab3-8211-1ba196abe085,0.1017,none
f9f6963c-0ffc-4cee-ad0b-a0a9a9eb82ac,24eb4aaa-8598-4967-9bb9-ff0cf377f036,0.1443,none
f98bffca-06ee-42fd-a038-753ad07d52c0,2ac52c54-da5b-4dca-a5f4-f0b96bdaf101,0.1665,link
eb86a67e-2501-46bb-879d-af71a4ba4c6a,a8f97105-3d70-4fe7-985a-eaf3543f266e,0.1482,link
7dee0a8d-d11d-45a9-9a80-30486c37d255,692e6b87-58f9-4593-aeb6-226d76c31e59,0.1531,none
1561ba71-eb03-4344-9658-bd4d1cad2e14,182c7839-f272-4509-add4-d7c19204fcda,0.1481,none
4bbd6905-c154-49ec-bb41-b8fc844505a1,4bbd6905-c154-49ec-bb41-b8fc844505a1,0.2672,merge
73a84e34-de31-4b1f-90c5-85b615fd2388,73a84e34-de31-4b1f-90c5-85b615fd2388,0.1945,merge
516cdf32-f5cf-44ec-8f7f-d68d2b31e7c7,7d10f448-74f8-4fda-b11f-7546110e44cf,0.1835,link
c130e14e-fae5-4a4e-92b2-a81d7aab9784,b2beb571-939d-4066-b408-d683e9257f8a,0.1846,link
282d54bf-8e20-4e12-81e4-a2eea10c31a1,0cddd208-ddca-4792-9724-a702b91c4cac,0.1502,none
26e4b38e-0859-4551-a953-5e6b1f1d60ae,4ffa2915-0f33-464d-9a73-5d1686e9300a,0.1043,none
087cacd6-88df-4b16-afd1-0ea959c95f7b,35eae267-9f12-46ee-80a3-17a6dd8f1f34,0.1028,none
61c09040-2baa-4435-b8e5-9ffcfdca46aa,3fc7e644-ddc8-447c-8e27-5c7e48a1373f,0.1518,link
85a45a80-9d6b-40d6-aa60-d3a0324e98bb,3fc7e644-ddc8-447c-8e27-5c7e48a1373f,0.1597,link
7d7aaf4d-e2b7-4d10-85f9-eeca469c286d,c0e49ae4-d166-5cd2-ab0b-eca93c657eb7,0.1267,none
3b1377ae-8719-43a9-8f6f-a4972639535b,7e2a056f-3040-4ec3-b424-de43bf45ede3,0.1112,none
10a44d4e-a74e-440d-a6da-c1101ee16ecb,2de685be-cd2e-40ba-bf32-12eb4829bab2,0.1061,none
51c76ed1-81c8-4dc3-9d1b-bbf60f82a5cc,f8b2cfcc-a4ed-40da-b514-d75ea47b3d3e,0.0584,link
0b469101-6b96-42b5-88d2-2aaa6d7a2390,69a8cae3-3e77-4560-bd88-47334604b251,0.1349,link
24aa12d3-7c77-41ee-91ee-3dc07298573a,54136352-878d-4a03-a9e5-52963a9e7c12,0.1327,link
5be7a229-eaba-430e-a04a-1960da971e4d,e9680542-dbe9-4415-8e83-e9a31e529133,0.5473,link
2dd0f07c-a593-4bbc-a41b-b2be8981dcf8,2d1881d2-a327-4dda-b910-66b8e2aeebb0,0.2188,link
8005fb73-de0e-4ff4-a544-523275304e19,9feaf2f1-6ffb-4499-932f-c88ce6ae86be,0.2938,link
ed349ccb-1066-458d-bf0e-1821d6e88d53,de15d26a-b9a3-4a8d-b02b-ec1a2b67d0a3,0.1909,link
c3489c04-8291-4133-a2d3-6240e7560312,de15d26a-b9a3-4a8d-b02b-ec1a2b67d0a3,0.3463,link
ccf91647-0971-49ac-9fa6-e2cec8ce054a,2d18c966-b531-4be3-befc-3acbfa993d14,0.2379,none
1c2b0017-db86-4f46-b02b-9f65a9929c36,1bff6614-a6c0-5ee1-84a5-0da4f870a38f,0.1836,none
4375c59e-b171-45f0-86cc-750fb07cf0e5,4375c59e-b171-45f0-86cc-750fb07cf0e5,0.2178,merge
281c9306-dd0b-455d-bb6c-430d9957b688,1372c8fb-9ce1-43d4-9d9f-e7070398dc4e,0.1936,link
2277d79d-c131-47bd-8ec5-ee50cbc41262,96d46b3f-e30c-49e8-a850-1178a868d4f1,0.1948,link
d0589965-6caf-494e-bd81-cd7e060cc8ca,d0589965-6caf-494e-bd81-cd7e060cc8ca,0.2354,merge
77d44ae0-df48-48e1-906b-0a99b2a1899e,77d44ae0-df48-48e1-906b-0a99b2a1899e,0.405,merge
cfdd15e9-be2d-4b06-a317-da0d9eded57d,f0badbb0-3546-4b01-83ba-cf519a182a1c,0.1596,none
b55816ef-b5c0-40be-8cf9-8edbc6a527bb,f7731421-c574-506a-ac2d-09672132c477,0.0743,none
9d81e0fb-8959-4df4-92e5-a728da5a3479,54f44922-0410-4d88-9862-b111627c1a97,0.0984,none
ef432f23-223f-4416-a0c5-4f4ee85d2230,49d75f89-9280-4364-a9e7-d5c6c7c1d081,0.2426,link
897af0df-84bf-4779-a608-122120946e8e,3d083986-4886-4975-a855-2d63c5267575,0.2498,link
0f8bc8f0-1484-4bfa-a7ad-b8e37b2fe538,0f8bc8f0-1484-4bfa-a7ad-b8e37b2fe538,0.1831,merge
b417c201-01bb-462d-971c-b5854a0f6a68,cec5e44b-3612-44fd-856f-d46d95714a68,0.1143,none
01110c89-8a06-4c4f-9427-8e172e213158,b253641d-6bb5-4209-a01b-7de5bcc3fa67,0.0969,none
1cd99731-ef55-46ba-9c18-7ae8e8d2ecf8,1e2c23bb-7108-4aae-9f42-4546210e4602,0.3619,none
b78de4f4-b40d-463e-bab5-16dd838fc078,ef1e0f4f-8f59-4408-b959-2c0fb95e47b9,0.1824,link
632d0ea6-60cc-480f-8e4f-f11f9f9e9c61,ad638780-b062-4009-bd8a-9f0195314515,0.0946,link
1069ff37-8dc2-47c7-8cd3-65c14e441250,0c688fe4-2704-44b7-9c99-2d7c8ac7a1ff,0.1511,none
d32bee00-b8f3-4fa3-a613-5cf1f12aa083,367b519c-05bb-456a-b5e4-4b01df5b20a0,0.104,none
4ad1a023-88da-4b4d-b9b4-06a6b76867a2,5353176c-8988-4113-ab77-b96e466d1e76,0.2212,none
013f5e74-eb10-4b72-b9d6-fc5e8383347e,aa61cff3-9481-44b1-84ae-65244fc40d94,0.1341,none
3de5f170-c223-4065-8922-aca1dcd119d3,586a6f5e-9e3d-464b-872a-69884d9c24bc,0.0713,none
e5f352ff-a605-44c6-bb9e-84ec3fa29e16,9feaf2f1-6ffb-4499-932f-c88ce6ae86be,0.1989,none
98eeb385-fe1b-4d79-85d5-bd0106192cff,2b6e7906-96e8-445b-8545-cad9968061d4,0.1918,link
e145fd03-b59a-4a9c-ba7c-ba19c7d0105d,2bd953ff-4a08-4f45-bdad-93c288c262cd,0.1223,none
0f6270cd-5f75-4841-9fab-85eef953bd8e,a0b46a6d-6250-44a1-a088-0b1561c322c0,0.1947,none
b4dd111f-faa5-494d-a7d8-d458737028a1,970d546c-18df-45c3-ae86-424d4f68747a,0.1059,none
5b0899f0-dbb4-43ad-93e0-b1401f09c216,d61bad7e-37ce-44dc-97a8-c0d215003a7b,0.1751,none
56b50331-e0c7-4b65-942f-13eb584fa50b,a9107a34-d51a-439a-876e-ad092a7dc51d,0.15,none
c892ca09-7c9c-4cd9-92a3-2d1602238827,3f46c380-b352-4d94-b6b4-4d57b3d6593d,0.0858,none
3c225adf-efc6-4b63-af17-42b8e5473764,10ae9cab-0fc9-5585-8b12-01a90fb6f4e6,0.1689,none
1085d4f3-36c5-4f7d-8024-34a1f6e8e5a0,296472ef-0ef4-42f9-84a9-d19adcc1e045,0.1536,none
37e1e445-0190-458e-ac8a-16cb9f2799f3,992c506e-56ea-4770-9424-089e4b5fc126,0.1399,none
e0a1ecaf-ac3c-4a58-8386-fea7e6103f45,056c6b51-39c7-52a5-904d-82ad889b069c,0.1226,none
90e769b1-909f-47a2-b437-a06505988ea8,6f1948fe-6b46-4786-befb-65b69ebadad9,0.1686,none
ddc9b9eb-93b8-4ab8-93de-d467451cd796,aa0a9660-7dfd-43ff-9acc-aac0f86fe000,0.1365,none
4565def7-c0a7-4c1f-9520-3d767ab12efa,b24dd41d-58bd-4439-968b-b85974004a2c,0.0986,none
f2c6085b-8173-4dff-b071-4320e31bf65d,41a6122c-364c-49da-9e54-c43dbbe16b3f,0.2024,none
315f3137-436c-4a5a-b991-0e504d1d67f1,c1006238-0414-4141-859e-2dd33f9c78c8,0.1332,link
18d4252d-6715-4bc1-ac8f-27f53440c653,86d18136-a09a-4731-b345-dc2191063e00,0.1948,none
fdc10739-9229-4495-bdee-f8534484254a,6babf56d-9986-4fed-84aa-ccef6ec52c3f,0.1887,none
d400a6b9-d084-4692-a9f0-7c7bb8064746,2a01f8c5-d1d6-4722-91cd-b13648f86cb4,0.1606,none
d1feba2c-bfed-4b77-8467-82e844079298,ece738a0-5d14-4621-88c6-0281a43c3bf3,0.1363,none
d2786fcb-4b9e-4e97-b5b4-3da940fd78a1,1c52f470-92c1-4461-a7f8-efafabb13dca,0.1299,none
c0151c49-c4c1-43fd-bc49-187b0b01d846,eb08fb56-de82-42c7-b4ae-00da9d254086,0.1645,link
b7ce9f9c-3821-4c09-85c4-27a31255e973,c403e589-7d09-47c2-ab54-b5924dfecf3d,0.1199,none
7d4be021-4041-4c95-b0dc-fca2dbe7a44c,cbf2dfaf-3613-4b11-ba45-ac569a0f1e03,0.1291,none
5f7f62dc-952c-49be-babe-50fdd8d513ba,de9fb629-5b48-44dc-9efd-b95129efb7cd,0.1108,none
8a649c89-f262-4d2d-b086-aed9c7244496,8650b433-086e-427a-a689-af3a0e92131c,0.1039,link
b73826ce-5bbc-4b0c-86aa-c90afa7fb5ca,12b34dd9-c91b-4470-8a23-c0610d08ac8a,0.2252,none
9bcd40aa-03e2-4f58-8ecf-fdcb66ab9b55,881b7966-b65b-45af-8227-2e4709482abd,0.1286,none
0ebcd64b-2a0f-4a0f-a0e2-e705c6ff1ba3,2082b2b5-cf15-40bf-9883-75ea60257f1f,0.1348,link
9eb2a9e3-4698-4ec1-bbbf-97af5f47b29c,41261db0-5e95-5198-ae17-0e905db9ab53,0.1371,none
9161f630-b693-482b-9817-ccc560534ed7,14b3bcdd-1892-461f-87b4-a201d1f0146d,0.0963,none
19f534a3-51ce-48fb-8fe1-9331b3ba6566,4defdf30-5362-4cd9-b3d9-0802b32fda2a,0.1702,none
9498a4e2-fea4-4f47-91a0-cef6467f25ee,340c2d51-1e80-4418-af07-4ed9f94e640d,0.118,none
d3af5dd5-3082-453d-9f5c-25ce68f4cbbd,3d6bdcb3-c1c5-4338-8fff-80322d255336,0.1598,none
5af7a865-2a94-4a5b-82ed-bd6def65623f,661ca863-4f3e-47c2-85ae-78efcedcaee5,0.2998,link
3d621119-2298-4964-8a08-8b0be9d4f929,64f89c91-7468-4b88-860c-8c3d61739ac8,0.1119,none
3946e504-47c6-472e-b485-ba15a0e71632,26140be7-c4bc-408c-bafe-df5f7da2cee4,0.0977,none
2a304c60-70a1-4718-8fc0-ee5291ba6c16,7bf96090-a938-4205-b933-fe023dacbdff,0.14,none
845fda23-4e8d-441a-aba4-b0c126b2209d,6f1948fe-6b46-4786-befb-65b69ebadad9,0.1434,none
b7095bb9-cbc7-4ddc-8363-7ff30d07a60e,73039697-ab4a-4325-840c-ec44f836862b,0.1806,none
add81d18-1339-4b25-901f-3301103378d5,d4401a2b-31b7-4919-bcf6-b7402345a6bc,0.1068,none
569432f8-a030-4c7d-89ec-f1a9766343ab,c3fe8c84-cf14-45dd-826b-e108de12dfbc,0.1533,link
bd89cd8a-cb5e-4d61-ac2b-f42df0e6dedf,69a8cae3-3e77-4560-bd88-47334604b251,0.1625,link
3cb1e9b6-f558-4140-a930-19a9b0cfaed3,bd984cac-1437-4a4c-90d4-cce9231f9ac9,0.1886,none
fa705b21-1429-4609-bbfc-cf938a7670e5,baee2e35-f857-4812-94dd-7cdadb4852b2,0.1232,link
02168ff6-f4fc-4485-9e51-a9a2c5a278ba,aa457326-3bdc-4279-8aea-317683fe7c79,0.1576,none
8fcc87e0-a211-45ed-ab67-3253fbfb88c1,f00ad575-1e2d-4ccb-b795-081002b3d524,0.1743,link
529e94a1-0da6-47c3-88e6-8003678852ff,0e8412da-69d9-41b2-8bd7-2e06e79e086d,0.1886,none
723328ea-9a1d-478a-aa30-b59e1c7ac01f,12606610-6da8-4ee2-9d1d-c754b07cb7c5,0.2454,link
8c4ebc79-77ce-4c09-8991-9267d3fe629f,8c4ebc79-77ce-4c09-8991-9267d3fe629f,0.2693,merge
2ecd98f3-b6c0-4845-9199-c62311e9cfff,12606610-6da8-4ee2-9d1d-c754b07cb7c5,0.1758,none
84bac00d-33a7-4991-9fa3-0e865a8bb9a9,a9ba7c42-d9fa-4474-b089-08a85e38e5be,0.1725,link
6aef60de-a233-43bc-9b1d-eb9a7e62995f,eb35dca2-5930-491c-97d6-6a531b96fddf,0.154,link
9a83ac15-ee2b-4896-aa72-afa61ca93251,1d72f8c0-9a60-410a-a685-aea1f6662f0f,0.2116,link
75a85786-4121-403e-9ae9-b1595e86fc9e,262998ad-0d25-471c-ac62-cd86cf8aaef1,0.1611,none
8c0b655a-3124-4c82-ab98-85d82ba49af7,12327dc0-6ac5-4e64-87e9-0435c5f1f06e,0.1687,none
9a49a6e8-f6c3-4184-991e-2bec8e06d842,e15e7107-73cb-4541-9213-4c7730d6e624,0.1419,none
a3a616fa-3f40-4286-904b-c60963e1bdd7,b80d43a0-965e-4ec9-8902-9fa9ddc70066,0.08,none
a5f0dc87-1d7c-4392-86e4-8d779fbff492,5ce097d9-fd49-417d-8b2c-06b4b1867741,0.1954,none
c07920ce-36de-4698-b9e9-e841ae55b8f9,7f833c5e-53e4-47cd-b56c-681f713b5497,0.1268,none
f3ad22c4-1c53-4c71-97f5-83da0e5d7597,07696345-5f97-44d9-98fb-10fb36dea80e,0.1646,link
f1256520-596a-4d06-82a7-dba0b81b3b72,ec84db1a-05fe-42d5-a759-cf610edf4a68,0.1871,link
4fe87223-93d2-4658-95bf-31391b47ead1,38d9172f-c69c-4507-b843-e411e69c4839,0.1302,link
f188c90d-989b-4892-bb1a-0db697c4aa9f,2b6e7906-96e8-445b-8545-cad9968061d4,0.1376,none
2afd31af-32b1-4d73-a99a-982cb7ebbd86,d985b461-baf1-41e7-b8f8-ab6d9e053935,0.1927,link
45ca7150-cce9-4e76-9b35-67cbd0d29798,087d83f5-3ca8-43ac-899d-361ef3d0d293,0.1771,none
3b30d5f1-cd08-4d1e-900a-8497cdf6fc0f,3b30d5f1-cd08-4d1e-900a-8497cdf6fc0f,0.4092,merge
9f33e634-f86b-48ed-baab-e2b92086c67f,9f33e634-f86b-48ed-baab-e2b92086c67f,0.3048,merge
2a50362b-aac5-4862-ac9f-246a8b682eb8,2a50362b-aac5-4862-ac9f-246a8b682eb8,0.1093,merge
278309be-d2b6-4b8e-8a90-fc50d8b851ae,6654dee6-6bd4-464e-8ab6-1f2fa208c0dd,0.1109,link
68609d59-2c28-4d82-96cd-16b295071029,89c27b2e-bbe9-4c18-b44d-d3afb58178e3,0.1783,none
7257264c-6498-4ffa-880e-af5987df0fb9,f0ba6d07-a0dc-4c9b-8740-64b7efd5b729,0.1114,link
dc305eae-83ae-4ab0-85dd-d65f07f6e5ba,5b9902a3-7a6c-48ad-9e29-4ae8424919e4,0.2222,none
ec7eaf36-11f2-4a57-8c5b-ba1dc62dfd48,6dafc2ce-bf54-43c4-bd7a-f528433ebaed,0.1924,link
7c0da82e-b376-4f39-ae75-ff12a00cda3a,53315b8d-5e9c-40e0-b563-85e7b5ae1387,0.1557,link
79ca2d32-2d32-4c40-a02f-ebbcb5eeb0ec,ef1e0f4f-8f59-4408-b959-2c0fb95e47b9,0.1376,link
ab22a9da-835b-4c87-997c-0b57e0cc3b34,e8e551fe-b6f1-43e1-9dce-8ec18d8faa4a,0.1385,link
23f67c94-20ca-4d1b-b67b-b350ad0851ad,cb491fde-a332-4ef5-a129-03352da9a5c8,0.2182,link
2355ad50-9fad-4236-954a-d414e889c5d7,802fe380-6629-4b02-b0ee-57f82df22b72,0.2461,link
25f55251-64b3-4cf9-8f6a-e4e58ce7a42b,403dd961-19b1-4f9d-9c50-b6701903e4ef,0.2352,link
c75c2ce2-7aab-49b9-9e20-2425f6105dc6,227846c6-4ba9-46aa-9f2e-31039d54680d,0.1188,link
58c6aee9-d4f1-4e30-980a-7881cdd3b3c9,dc6c8b78-21f2-4dee-a952-6983880f9998,0.1646,link
f5c9130b-235d-445e-a5a1-52d2714315ee,8856df85-e29c-4971-80e0-d795eefc4550,0.2141,link
4aa54e01-5c05-48ce-ae8d-818574e01e96,989690e4-6637-4c7e-8f24-f33de582aa5c,0.2023,none
4106e6c8-417e-423c-b5a5-49c99ae7e91f,7bc823b9-dbd1-439f-af7d-bcb6b0d0bba1,0.2354,none
0865c520-0323-4abe-b2b4-ffbd869f68b4,2ac52c54-da5b-4dca-a5f4-f0b96bdaf101,0.1775,none
284471c4-e70e-4f1c-8a0d-10b35fd0ebb0,976bb5ad-91c8-4ad2-b9ca-17ded9e0176a,0.1199,none
9bf00c1b-a897-4911-a113-a366f5c434b6,38d9172f-c69c-4507-b843-e411e69c4839,0.1978,none
890a018f-ea66-4aa1-bc5d-8a726054dff2,eeab9bed-bd05-4fa7-bd1f-11d74a332e5c,0.1494,none
d2671e98-e2f7-4af5-9296-dba840a17d13,c594cfab-d649-4a57-befe-e38bff55a471,0.1115,none
26b0d2e7-7a34-4730-b19c-d8890c16ee79,f18b3478-37b0-4e72-bdbe-307d964c2c1f,0.1074,none
51e8dfb1-abac-4bf6-8f61-7edb38e802ff,108ea2f2-86d5-5291-9e69-7fa4674b9651,0.1126,none
2da37ae6-bbdb-4162-9e4a-c8a2fa76f0bd,694769a6-0042-430e-9c68-fff4f8072bc5,0.3063,link
a54f026c-deec-4583-8dfb-f08773ab5741,e797252c-c6ac-46d3-835f-80adabc13d6e,0.1511,link
1eb473de-82da-494e-8f13-502595a2fa7f,505ed9ec-f970-47cd-a068-ca3d08b1da8a,0.1549,none
63c403cd-29c5-4aa9-a63d-5717f111f186,a5790838-903d-46c2-89df-cffb820c53a5,0.3944,link
8a30a865-2ce2-440e-aee1-8108cba0f65b,6e24e456-14a3-4944-b5c1-a71f41367a2f,0.1876,link
a439ee12-6b8a-4859-bd50-b0e3555375ba,deefcc9e-5cc8-41f6-afdd-3e26dfe92bae,0.1842,link
2fcc0667-f635-4b0d-8942-e414bf168eab,d96d3913-9d52-42b2-b9e9-bcfa9d5de1c4,0.2157,link
416ff1bd-b97d-48e7-9385-29be67582f43,6e24e456-14a3-4944-b5c1-a71f41367a2f,0.1565,none
4c535256-6c22-4cb6-a74f-ae6c7660048c,6e24e456-14a3-4944-b5c1-a71f41367a2f,0.2183,none
3b1e943f-3519-4ccb-9695-b4b5c5a2b7b0,f6b991bd-d534-5502-9a22-b0bc2f095797,0.1707,none
c0d17ec9-6485-4f40-a525-62a00f15682e,d07c3764-ff06-479b-825d-63af1d0e8906,0.2672,link
95978d18-8ee8-437c-86c0-2ef149f7cebc,d3bfcaf1-a87e-4277-b7d6-7a1f9860d235,0.2301,link
200bdddd-d46a-4228-83dc-96bd90477e91,22ad4488-7e48-4d8d-b952-46097f56a2b0,0.1771,none
4c4f923d-ac73-489f-ba49-fd13b80b28e6,a8639135-5095-4daa-80e2-3e8fa2d3ea33,0.1593,link
a7550678-0b20-461e-9b88-6ba2e59e81ed,cd18d12f-afc9-4216-9dcb-f41d4c9200e8,0.1828,none
9516cc42-e26a-497b-ba4f-5c30a4065051,e948809c-544e-51a2-ae5e-f72ef38b150b,0.1534,none
2a004e0d-8766-4aaf-9398-103fb16dcf69,bfb0c8b2-d0c0-47d6-9fac-3e0f69af6c8f,0.188,none
eacf539b-9020-4b88-a76a-87b96ddf6797,48a1e7dd-4650-4727-a8dd-d9a2794f4f05,0.1558,none
2982a976-5e13-4751-931a-54b80c2a4c18,ae19d03e-4ef5-4520-be92-31148a173fd4,0.1354,none
371a9e96-a2e8-4bd6-b283-b3e5e710c012,9eb8e94b-0f2a-45a7-84db-43d3a7e55a44,0.1428,none
3b52f676-666a-4c2c-b2ed-e189b7cd7163,554f8717-9714-4397-a62b-194208c1ee32,0.1254,none
56ee3896-435e-47cd-81f0-bf84c17afbf6,992c506e-56ea-4770-9424-089e4b5fc126,0.0952,none
e2ca8690-f0b7-46f1-b8b3-1e91a62dab3e,a9a7dcf9-dcb7-4b22-acc4-d09e5ba6a5a8,0.1544,none
d5c49809-0dcb-4803-9ebe-60b6206b7d50,e923aefb-84a8-46d1-833a-02879c8661af,0.1204,none
2a31a839-56e7-4a43-bb77-53d39d897086,2a31a839-56e7-4a43-bb77-53d39d897086,0.1556,merge
1594d42e-b3df-480a-9e82-fb319ecb535f,dee8672e-274c-432b-a934-6f6f9a853117,0.1417,link
411fa9f4-aa83-41d3-b708-26eb3a3128df,a5878594-b33d-421c-af5a-9fe85271964a,0.1398,link
569cf8e7-95a8-4304-9d79-60d0a7852168,569cf8e7-95a8-4304-9d79-60d0a7852168,0.2212,merge
3c70ffe5-b1dc-4f3d-9ce1-9ce56d92acb6,a278d5f2-d74a-559a-bbee-734b8ccd214c,0.1773,none
45cc6107-40b4-4fdd-a604-fef9e79e7f3e,64f18313-9006-4d1d-a83c-eafba221455e,0.1549,none
f4d32435-4c7d-4aa5-934c-7634a515cc73,885545c9-7c65-41c5-af3d-0324dceed80e,0.2951,link
770bd6ff-cff7-4e7d-abab-3a3dcb47ba66,efc3ad9e-2e8b-45d9-b16c-34f0c2613498,0.1378,none
464acdad-0602-4dd4-9109-876ee5f71109,464acdad-0602-4dd4-9109-876ee5f71109,0.217,merge
17b27a47-f652-401f-843a-ea5549e3a615,17b27a47-f652-401f-843a-ea5549e3a615,0.1705,merge
606272ee-5682-41b8-a57d-07b627c3844e,606272ee-5682-41b8-a57d-07b627c3844e,0.2078,merge
a4d57a97-7c77-4709-826d-15fee6b980a8,a9107a34-d51a-439a-876e-ad092a7dc51d,0.2639,none
35aa5062-15af-4af4-9040-dea407cc185e,d6356883-4933-4817-a2ca-34076ec1ac0a,0.0984,link
930087b3-51ec-45cc-a22c-e8133fe9aa42,748d88ea-d326-427d-897e-683dd88d608a,0.1595,link
0c0a3c2c-d708-4f52-b975-c499a801337e,0c0a3c2c-d708-4f52-b975-c499a801337e,0.2189,merge
1864dc82-4229-4f22-9ca9-9d6944682c1a,2c7a47c5-2655-4418-9b6f-61f98a79d195,0.19,link
781e58a1-2afb-4f76-b3e3-c8b1fa897f56,781e58a1-2afb-4f76-b3e3-c8b1fa897f56,0.4513,merge
215670e5-b73e-41f1-9825-c7b04f0f21d2,30ef8b64-4533-40e2-ab61-df3534d57ace,0.1226,none
bf095f4c-b15b-4f11-812e-ce0b2a9feae0,e79dc9d4-5d78-4dbf-8bdc-e6881056a78c,0.1646,none
778e7920-e6de-41d1-b24b-c637379a7b8e,2bd953ff-4a08-4f45-bdad-93c288c262cd,0.1187,none
1d11fdd5-f3ac-4dbf-95dd-47e22a23ba43,2ea12786-ecd3-47fe-b8e7-041a2e3a38b5,0.2535,none
7eac723f-27ee-4376-84ec-765495e37a58,8f911f9e-c50e-45d8-b782-98001fdcdcc3,0.0693,none
9b9d5772-6678-492c-bcd9-0d2cddf21a00,aa457326-3bdc-4279-8aea-317683fe7c79,0.1833,none
e6ead034-c345-4339-8e96-e2f36e7070e0,8c8477f0-3817-4734-a53e-f3f95a0b53cb,0.1057,none
27637e78-b95d-4586-afed-090fb255469c,0c688fe4-2704-44b7-9c99-2d7c8ac7a1ff,0.1582,none
b2582fa6-6523-4bf0-8e63-8d5d5850ed3d,367b519c-05bb-456a-b5e4-4b01df5b20a0,0.1033,none
37151c34-3fdc-4747-9eb2-c6293e273de8,1bd84c4f-e858-4de0-a1f3-ac013370c7c6,0.0614,none
e5f0d6f0-0d6b-4bba-b1fb-69fedf9fc182,554f8717-9714-4397-a62b-194208c1ee32,0.1178,none
4fe12c44-7190-413d-bcf5-0d36db76f9b9,45ccf53a-8098-446e-af7a-837c574ff62e,0.0889,none
521a237a-15c3-4d01-9da4-d5646904d862,944d9ba6-f097-4450-aae7-09337e3dca18,0.0817,none
9632a8f1-14c8-4129-b5c4-17b1bc4ce054,2d18c966-b531-4be3-befc-3acbfa993d14,0.0935,none
92261aaf-17e1-4a14-8667-18353d0b5188,819db76e-ad6f-4907-a187-da18f160618a,0.0983,none
667e1603-aa28-4bcb-9c1d-cc0151bf8d64,36d7d10b-183a-44e5-a2ce-0dc3cbe99369,0.1833,link
b415d2d6-ade7-487e-a640-985edbae5603,54136352-878d-4a03-a9e5-52963a9e7c12,0.1274,link
9b09cc58-12c9-4e07-908b-9a37133d5306,c2c683ad-34ba-5ae5-b56d-782a5e0efeb2,0.1818,none
934ca60c-4ad8-45a5-a5c1-f702a2344fa2,9feaf2f1-6ffb-4499-932f-c88ce6ae86be,0.1376,link
3c5d3c39-bb31-4d91-a1fe-da59b225dbaf,2d1881d2-a327-4dda-b910-66b8e2aeebb0,0.1439,link
d28a2b19-acd6-4eb1-99e0-11863983ff95,b3bdccd8-babd-4d78-984d-651d77783947,0.1373,link
099c01d7-9534-4159-a23b-21fb0b20e9c6,93dd535f-167d-466e-8263-ccff24c42924,0.1231,none
5bb5a20b-ae06-4021-8b9b-5bb4c1b1bf6c,605ceda8-3294-4238-af4e-e8c3bb90917a,0.1488,link_regional
ce1319e4-aa0b-48d6-8d57-297dac3fbf22,fbdd1bb0-bdc6-4fd8-9d08-d730dcdbc0ac,0.2043,link
3a619783-b190-4883-85e6-805112c14cfe,d3c2f896-4235-4e3a-8777-b2d8a426b671,0.1431,link
9090b997-7ced-42db-ae28-244385442765,baf03f1d-99b8-4c06-9b8d-3ba16ce6d48d,0.1404,link
790a4889-5f3a-497b-ab16-9226bab375f3,1d5be1aa-6790-4a6a-8409-dcb0ba41b855,0.16,link
ff4cc474-ea5d-4f04-b73a-4938cce44377,3f78162e-d286-4e02-9fdc-ec04f8809a0b,0.1635,link
613f1a67-f450-4ce3-86d7-b60c12b6a09e,fad60225-df84-450c-a285-24318dcedf7e,0.1691,link
96f5c0fe-f649-4083-ab8c-ca62f82d6ad9,96f5c0fe-f649-4083-ab8c-ca62f82d6ad9,0.2307,merge
c38de981-e093-4e7b-9ca7-74452750e3c0,ede2bc59-7095-4ed0-bde3-cc81e89fe763,0.2123,link
fb62e18c-4009-4591-ad95-d9e694023be5,5b6345ff-9ba1-4f56-b6f0-706c38defa90,0.4398,link
17792a86-f4a0-4ff5-8be0-541436b643d0,7afc900e-051c-4168-b34d-470a9d108078,0.1023,none
0c8ebcf2-8c15-405c-a626-ea8052864850,ea95e25e-c4ff-4724-a202-c800e1ac631a,0.1805,link
28d9b23a-0e9e-4703-986a-05a5e607e2e3,0c0a3c2c-d708-4f52-b975-c499a801337e,0.3446,link
a2c60ee6-8eaa-40be-8c5b-3a1a0848fe8d,dcdbfdc8-8bf0-4108-8f28-98572d60c3d8,0.1179,none
878f3583-3d40-4ecd-9fe8-c837f64c76d0,ea10389a-878c-4519-90e0-7e72fa2a22f7,0.1339,none
ae5f7360-8dab-41e1-94da-39bf5040e64b,f4e5b134-5bba-40dc-9b2c-1f89b174a364,0.161,link
8a60132c-92dc-4471-abf1-51cdfa20ffe5,8a60132c-92dc-4471-abf1-51cdfa20ffe5,0.4948,merge
614d6740-3db4-45f7-af1b-a474e4652f5b,dbdeb75f-6e82-4e55-a5b8-091e5b2555b4,0.1978,none
4b07c191-b7f1-4f5c-9ac7-d34eb60c9f47,5403c7b6-f71e-56e8-85a5-8f74d52e2471,0.1962,none
af7e7d92-231c-4de9-b681-f63f2f34ea61,348d2a96-911f-4449-ac84-bd360c692ed6,0.1387,none
d0bc8865-d052-4e08-a2f7-8b9eeff0fe7c,6af7b82d-eafa-4fec-aaf5-9fbb6663f0b2,0.1185,none
164a991f-e87d-485b-8c87-5dcbf75d4163,48a1e7dd-4650-4727-a8dd-d9a2794f4f05,0.1629,none
14af446c-91a8-4b27-a8b0-c1c437953d7e,bf12cddb-9f5c-4597-928f-c6bc118214fb,0.1956,none
51d6a76b-b9b4-41bb-9e6e-3a64ba81442a,7d99596e-16e4-4f5a-adf6-7d7124f133d2,0.2849,link
fa54456f-ab49-4937-aae8-a97a0c5a7e27,c25186e7-c4d5-40d5-8373-efb78e7fdc41,0.1669,link
59763f5e-5cd2-450a-8615-e382d3a7bb67,ab2cf901-4c48-4c65-8cfc-d3065b45d627,0.1524,none
76d2d502-80ce-4d87-91dd-0016ee817fd6,4e96f780-2811-404d-b7c9-ee50aa37b1d1,0.1484,none
91b2edbd-8d4b-4e3f-8fa9-23445759718d,5353176c-8988-4113-ab77-b96e466d1e76,0.1576,link
8682f138-461d-4eb2-bb77-df492fcdae20,bf39ca85-4906-4a41-b676-8cf291ef4087,0.1083,none
66a17fc7-08c4-4509-a52c-3c6f9c5f320d,6babf56d-9986-4fed-84aa-ccef6ec52c3f,0.1543,none
6c109dac-fde2-4e68-93e3-ff0af3c50713,989e255a-b1fd-46be-9dbb-8c844a08f436,0.1278,none
53000b3b-1353-4daf-af1d-b1a1ae1919c8,425f1a2f-bb49-49c1-b380-db65de15658d,0.1491,none
086e7e65-b255-4109-8c0b-dc752515524d,2250cb45-a021-4b19-b648-4aea051339c3,0.2179,link
55cbcad8-ca23-45b5-9f37-1ab0a8900fd3,66e5e9b9-a5f4-4241-9ceb-59bc7265f53d,0.2578,link
284972eb-41f4-463f-867c-708eccca73a3,1c112567-5772-485c-aff1-e8c79cd2ae92,0.2085,none
49fecf6a-5bba-40e9-ba14-15787e994653,eae10e81-b9ec-4d4e-b29c-d491277ab985,0.1699,link
604474b8-c961-4dd7-ba1a-98dd978c88ae,7829e94a-2451-57ee-96cb-0b590fa68b40,0.167,none
8663e571-e885-4605-81a0-13927d88cdb6,c9820c68-b237-47c7-9295-9c9e4d750a73,0.1724,link
ed1302fa-d896-41ca-97dd-caaa34f419e1,92d9e4f0-6171-4833-9526-ac312d0f022a,0.1153,none
86b0f95f-6529-4bad-be0b-4ccb1d9a3d1c,6babf56d-9986-4fed-84aa-ccef6ec52c3f,0.1491,link
677c132e-365b-4538-ac16-82261e233c8c,eae10e81-b9ec-4d4e-b29c-d491277ab985,0.1627,link
2ce0d94f-f396-462f-b836-dc5b1652faa7,4b65c68a-acdb-4f77-bc26-77564e9b5056,0.2399,none
b83d889c-0a7d-42b4-a05c-2133a5ce4ed8,306264ba-c7a6-4dd3-9fe4-256e5a25b7df,0.1049,none
b0271571-55f5-448f-a67d-366090d030c5,5bec66e4-7d58-4af2-aae6-4a886102afd7,0.3236,none
532e3259-7583-4d86-bd51-e75dc57426ca,93a593be-5519-4a48-a67d-a798ffe25ade,0.1733,none
8ff50cd8-0d9c-45db-9126-a1b0652bb0d3,5e4edb51-a0b7-4f1f-a55f-cedea1da73a0,0.213,none
a6e73118-55df-4264-8b48-0724262f02cf,108ea2f2-86d5-5291-9e69-7fa4674b9651,0.0845,none
1d8a40dd-e25a-43c1-9ecb-15c6ecff7878,feeaefac-b277-4f93-8dac-444539d7237f,0.2387,none
391f13da-e002-494b-b1b7-3b39cac0ca24,139cf6a8-c71d-4d3e-95c7-5fa061db4da1,0.2302,none
9190df47-7b7a-4d5d-88c7-e73d51576e4c,d43dae16-49f6-4ca9-8769-3daa434c0a53,0.1056,none
a594955f-048b-466f-94fd-93806d33ba74,2d1881d2-a327-4dda-b910-66b8e2aeebb0,0.1817,link
6f327cda-0fd5-4bcf-a78f-b76a4a8537cd,ac475485-b94d-4564-88cd-6e4e9505c27b,0.1352,none
01174a6e-4fb3-4209-ae56-8962534f9fb6,c9820c68-b237-47c7-9295-9c9e4d750a73,0.1715,none
265c6346-f4af-4675-a8e7-4f1bef5e0db5,fc4a2ca3-1975-4dfe-8be6-20d2bb8c4f14,0.1258,none
40cb15b8-7e3c-45da-8a49-de32abd8e49c,c1495a21-a6e0-43ae-b21a-498e67607924,0.2294,link
865079c2-e984-42f5-84a1-22d01be07e77,a9107a34-d51a-439a-876e-ad092a7dc51d,0.2447,none
a92a5e30-83eb-44a6-b85d-af498889af2b,c1495a21-a6e0-43ae-b21a-498e67607924,0.1742,link
15199c27-8c0d-45d8-a7a5-c548885cad58,8da8d33a-6a4d-4792-ac17-adbf6e3078f5,0.1685,link
9de193a2-229e-4610-ab88-f4d749e58de4,4f727d55-0a78-473f-b70c-843ce40324e1,0.1598,link
2035aa98-95ce-4c89-8180-b6b9674dc542,b4a8b267-2234-4ce7-a291-d54a3677f20b,0.1371,none
853eb6aa-c369-4d1c-8f31-277e0bcfe6c9,98c77789-b386-4e09-8fbc-24babefec18c,0.2142,link
bf6ab91f-489f-4782-b0cd-681ef06500ca,1829cc31-6a02-4013-a478-ac2c0061b4d9,0.2111,none
b061bc3e-90ec-4851-8a78-9c448a40f09c,ed02e0e0-c9d9-4cd4-8b7f-ad6e6a2d0d31,0.1669,none
65a5bbea-2d45-4f11-9ec0-615393b59919,20239e1f-6dee-41c6-a5a0-6fff82885fa3,0.1532,link
5c864304-26d3-46b6-93c7-dff37075e2b7,85d71165-8d3c-45e0-beff-fef9b590fd5c,0.1882,link
e2729351-5ec7-4215-a37c-be149ed8548e,a9107a34-d51a-439a-876e-ad092a7dc51d,0.1452,none
4e5a5c85-5562-4ef0-a202-a9c6b93067e2,50b943d8-4ab4-4d9a-9d0c-6b3b94db85fd,0.1353,none
be7c5356-9fde-410c-a91b-d1801bb3e1d6,694ee8a1-a479-4fd8-868c-33f6ac13f84b,0.1972,link
3e502672-c5cd-419b-a249-8da303afed97,2aaa1ea7-9529-458a-8430-dff16e61dbb9,0.237,link
3c6e8403-8c77-4413-a725-98e5e5b7559e,547ffc81-84ee-4834-9996-25071ed68b53,0.1047,none
c027ffa7-d7c1-47a6-9393-ca199985bc3d,b4cbeeb2-c965-4623-9f65-7ec25c2d1652,0.2284,none
97576eeb-8b2a-4172-8850-91206c331122,b2b4888f-f150-584d-8717-31de7864989d,0.1496,none
bafff464-71c0-41d4-b544-da8864d7455e,255ac465-fa9c-4d33-9022-c18cf18e8156,0.1624,link
3b6ef886-e6c1-4240-9ed4-59a84f9473b7,1d5d37c0-a37c-4c41-ad62-9ed126265e1e,0.2245,link
45f7495b-9778-4313-93c4-cc70d2ce1e55,0376f9fd-cd7d-44cc-a81b-1a63bdbbb369,0.2599,none
620f33cc-45f0-49c3-8f2f-ecb8da4fcba9,f11bba8d-0b8c-4509-87f5-b83061d2cd88,0.1179,none
930a0417-54bf-4097-a5b0-21350a774c60,4e2a8bda-9852-47b0-b1b3-bfc874d2e80e,0.1408,link
b08e6359-bb6e-4cce-91e8-f7731fd126db,b2beb571-939d-4066-b408-d683e9257f8a,0.2346,link
bce21cbe-9b4f-4d40-bb4a-82f1acdc4ecf,9feaf2f1-6ffb-4499-932f-c88ce6ae86be,0.1272,link
9526da79-576f-4c4e-9d48-c090756e28ac,ec9196bc-e7d2-4da9-9207-c8bbccd526e8,0.2399,link
124db9e4-4ee3-4df2-99b6-8523f80caa06,baee2e35-f857-4812-94dd-7cdadb4852b2,0.1779,none
890fc75c-58ff-4f43-91b2-a54477691277,cce0a792-a76d-46dc-8402-ad8c33d3b0a1,0.1283,link
38557df5-fc64-4d03-a473-281178da05aa,1d72f8c0-9a60-410a-a685-aea1f6662f0f,0.3147,link
065b5e31-a67c-4970-8929-315c84f3af08,1d72f8c0-9a60-410a-a685-aea1f6662f0f,0.2657,link
c4fb9853-d0a4-4c26-9de7-e1cfd7805881,3d937218-b8e8-409b-aeb3-1d3409585759,0.2818,link
2e319a28-987f-4254-b238-afc6434902be,4a0e836e-3d7a-481e-b50f-ed6443bcaeda,0.1343,none
00ad215e-e6dd-4bb4-bc3e-7691129cc8c9,f9181e41-9461-42fb-8adb-c25c52347cac,0.1225,none
69ce0bba-5792-4f58-b8d3-78a3c0718ad5,d9a09e8b-8d7c-44ef-bc90-cb62b30236de,0.2054,link
aaee04eb-1282-415e-b922-a4ee0fc9dba4,5721ff0a-6ca1-4203-b131-f22f4a8f134c,0.1938,link
dc84adc1-78df-42cb-b534-c05a70648a67,a7779198-0df2-4470-9e49-d37f33adf183,0.1475,link
b01c8b6f-570d-4062-a689-47f18fe0fd6a,262b5b58-3041-41fd-bbd5-5da6e80e9355,0.3212,link
286c3aee-ec1d-4d17-8ace-c3a2c2e48f2d,594618c0-191c-4b7f-8dfe-086be318a4fd,0.2819,link
0cc7bf57-202f-46bb-9570-90f03dfd9f0e,7b8672c9-5a4f-4d25-82f1-2c0acf4fa83c,0.1605,link
48b2a810-afac-4926-8ca8-c9f109504848,3e2ac31a-e465-4db5-a869-cb0246871a5a,0.2172,none
7d3389b7-721b-423e-8c81-ce2bd80c0401,a1837e14-5489-4a34-aa2a-ea430206ec08,0.1023,none
68799ed9-a972-41d8-91d5-51520c4ed21d,f945dfa2-f9e7-4dab-84eb-fa50426ea783,0.1894,none
6ee682ff-c5d4-4127-bb9e-1e558251a7e9,1663bf42-45d3-462b-be62-1a0c5451b4af,0.0978,link
2ad934e1-0446-5174-ae7c-26b06e85dbc6,2ad934e1-0446-5174-ae7c-26b06e85dbc6,0.1427,merge
047ff7af-915d-4223-b286-01006af94066,69534ad4-15c1-4ef9-8af9-d7cc85ce9d32,0.1793,none
be8557be-1115-44a7-b621-cd92cf56dbbe,ffdefe1f-e62c-5137-89c4-ef901293bfe8,0.1911,none
b1fdfb2f-f5ef-4a05-9a14-b3b26606535c,ea25c59d-cf67-436f-a75d-12ace0995361,0.196,link
e279745e-c6bf-4551-b677-105ee24e4672,b17bdcb5-020f-49db-93c1-e4613df8014b,0.2368,none
a2518573-c9b9-44a9-b2a5-930bf5582dcc,20239e1f-6dee-41c6-a5a0-6fff82885fa3,0.1317,link
74f34c15-7e2e-4479-8d7f-002bc45366d2,fbc1fd92-1211-4119-b7bb-fda83a4d143b,0.1391,link
ee8e604d-c39a-46b4-a214-65b05e031d5a,8a5a2644-55d4-4eb2-8914-5efddba3a7a7,0.151,none
f9530b3b-3fa0-4023-9b09-896f68de14a8,7dd4fc77-5957-4b29-8ee7-bdc387965e68,0.1922,none
b7b9cab4-edca-48d8-a510-00842b060733,1961a2f7-5be9-4feb-afaa-15d04003490c,0.1389,none
98e82449-ad82-4eb1-9167-26a41a2e42d1,a9107a34-d51a-439a-876e-ad092a7dc51d,0.2,none
bee76009-3f91-449c-b32b-176151a272ad,ab3aec8b-a011-48f8-89d1-f9fa8a03a8e3,0.2307,none
b19eb869-7408-4557-8304-aa2db742bf99,2aaa1ea7-9529-458a-8430-dff16e61dbb9,0.2295,link
72f49a75-a355-45d4-bf16-17caa562c787,ccba0a1c-e92c-47ce-a5b6-46a62433aaa9,0.3446,link
a81ef742-e1ef-450a-bfd6-9550d9ccb41b,447cade5-a399-41ed-80cd-07e8b11c4dd1,0.1716,none
ffccc704-785d-40b0-88a4-7339ae2255d5,3db52dc1-1a44-4620-9b5e-20b64d1e662b,0.1376,none
3364264c-c0dc-4c5d-879f-6cafeccf09b4,30f1faed-1093-40cb-93f3-cd5b6cd6a433,0.1668,none
b4c5e843-0be1-4a52-a5f1-5399fd9063aa,d1bd5d1e-38e5-4edb-8374-1091539c5303,0.3427,link
c16d380a-afb0-486e-aca1-f91707833039,bc5c4af1-75d0-40d4-9f63-b37620b344f3,0.2341,link
34f89d53-1de5-42d1-8a47-1d5b0beefbd4,34f89d53-1de5-42d1-8a47-1d5b0beefbd4,0.344,merge
5707e6cf-0bc0-471b-a3da-d43ff9a07449,109c8be5-e928-4b2a-8316-a4fb1be7fddf,0.2084,none
9854ee06-d7dd-4c31-aaba-95c0bcd22946,a022e798-9b0f-41ce-84dc-787c729f02d5,0.2462,link
c8cbc3d2-fec4-47b0-859b-c57127127827,ae71dd7f-29a2-4701-a011-dce6426246cd,0.1645,link
