habilidade_code,component_id,description
EF04LP13,3a572a46-b345-4cc8-b735-1a3f36093489,Identify imperative verbs used in instructional texts such as game instructions
EF04LP13,adbf7431-ec43-45e7-b1f6-09edd5ae9bf5,Recognize sequential steps as a structural convention in instructional genres
EF04LP13,0909a0fc-6795-430e-a999-535308b5bc05,Distinguish the materials list section from the instructions section in game texts
EF04LP13,a94643ce-6c5a-46e2-921b-0fb4a29283de,Reproduce formatting conventions of instructional texts when writing game instructions
EF04LP11,86f7cd6d-f2e6-4fc3-8230-00fae635d937,"Identify the structural components of a complaint letter: problem, opinion, and supporting arguments"
EF04LP11,5d5627d0-10b8-4f61-9d11-d5f481465f9a,Apply letter genre conventions when planning a personal complaint letter
EF04LP11,714d4157-0baa-40b4-af45-c9411506deea,Construct supporting arguments appropriate to the complaint being addressed
EF04LP11,8566e00c-5034-4125-afc2-0738fb438a0a,Produce an independently written complaint letter adapted to its communicative situation
EF05LP04,08dae30e-d7d8-4e6c-9d5d-b57cc18576d2,"Distinguish the functions of the comma, semicolon, and colon within a text"
EF05LP04,d763dfc7-2598-4aa6-a0da-62bc2c153e76,Recognize the effect on meaning produced by ellipses in written texts
EF05LP04,b1caa30d-4ee0-4cd3-b49e-b49636d27683,Interpret the effect on meaning produced by quotation marks in written texts
EF15LP05,139cf6a8-c71d-4d3e-95c7-5fa061db4da1,Plan writing with attention to purpose and intended audience
EF15LP05,5e5914b7-9498-45b3-aa3d-b47d4a2fbc80,"Select appropriate language, organization, and form based on where a text will circulate"
EF15LP05,b482d4f7-f53f-41d5-86c5-006f05902dd6,Research information needed for text production using print or digital sources
EF15LP05,eef40c62-c30a-43fc-a794-ae4c47942c1d,Organize gathered data and sources into notes to support planned text production
EF15LP07,1c9a6292-36dc-4ae8-97ce-3dc6b7795ff3,Revise a text collaboratively with peers to produce a final version
EF15LP07,c8956ebb-8bce-45d9-9e70-618304906ece,Add illustrations where appropriate to complement the meaning of a final text
EF15LP07,465b23d2-e36a-48ff-a46c-ac06dc2331d6,Select a suitable print or digital medium for publishing the edited text
EF35LP27,f0dda911-ba7e-4842-994a-18d8e984f653,"Identify rhymes, sound patterns, and wordplay in poetic texts"
EF35LP27,c13a69ce-7026-4411-95f6-fdaea05ee47c,Distinguish the literal and figurative meanings of words and phrases in text
EF35LP27,79335231-e0ff-460f-9cef-f13d7cb390ab,Recognize visual and sound devices used to create meaning in poems
EF35LP26,1d39e23c-7c72-44be-9d6e-ea70ec57c6d2,Identify setting and characters within fictional narrative texts
EF35LP26,c3405583-2dd6-4b85-a9f9-658640b59f11,"Analyze the elements of narrative structure: plot, time, setting, characters, and narrator"
EF35LP26,0e77bc60-8a94-4859-95db-5f52238295d5,Distinguish between direct speech and indirect speech in fictional narratives
EF35LP26,51ca1449-06a0-4625-bbf8-203ee867d6f1,Explain how narrative elements contribute to the construction of meaning in a story
EF35LP25,728fdc27-5a4c-42a7-aaef-fff55d511bb9,"Construct a story with a theme or problem, resolution, and sequence of events"
EF35LP25,7b3dd9d3-0b06-471e-8690-032877e2c412,"Use markers of time, place, and character speech to organize a fictional narrative"
EF35LP25,5dedb8a1-d061-4a66-8d19-86cdc3e92e9e,Incorporate appropriate images or descriptions that sustain the meaning of a narrative text
EF35LP24,cd1388c5-105b-48f9-b33b-d015c4892431,Identify dramatic texts as written specifically to be performed
EF35LP24,f468a7f2-9e3f-4a93-bca1-a9a2df8826cd,Recognize dialogue between characters as the primary organizational structure of dramatic texts
EF35LP24,11c1397e-c630-483f-a2b3-7b3da546f059,"Identify structural elements of drama such as dialogue, stage directions, and cast of characters"
EF35LP23,52f73b9c-7380-4979-80a6-7a47be53ab4b,"Identify sound devices such as alliteration and rhyme in a story, poem, or song"
EF35LP23,6764875a-ede2-4e28-b7ba-e01a0cbbc0a8,"Recognize different ways of organizing verses, stanzas, and refrains in poetic texts"
EF35LP23,e3d72b7c-f713-4391-8dde-a3c69bc1af33,Explain the effects on meaning produced by sound and structural choices in poetry
EF35LP22,d0567088-3aca-498d-84ea-d56542c01a40,Identify dialogues within narrative texts
EF35LP22,28c640b9-d3cd-42a6-b79c-e9cd3ec91678,Explain the semantic effect of reporting verbs used to introduce direct speech
EF35LP22,d72795d5-9d40-426b-ad15-04e474934047,Recognize the use of linguistic varieties in direct speech within narrative texts
EF35LP21,0f78d271-a53e-4746-a3c5-7b7681a69fd3,Read and comprehend literary texts from a variety of genres independently
EF35LP21,974f9d0e-88e3-4d5a-9729-e1ef35fc61f3,"Engage with literary texts of varying lengths, including those without illustrations"
EF35LP21,d7ccbca2-d1f6-4c8b-b028-d59f562d4e43,"Identify personal preferences for genres, themes, and authors based on reading experience"
EF35LP20,da5728e4-cf93-40ff-a8e4-dfbad2c330d1,"Use multisemiotic resources such as images, diagrams, and tables to support an oral presentation"
EF35LP20,f02ab28d-c6b1-4831-9c94-0e5957ca0297,Follow a written outline to organize and guide a class presentation
EF35LP20,27d88de6-5463-4061-866f-0bba2bf4be1f,Adjust language register between formal and informal based on context and audience
EF35LP20,df5a35eb-248f-4321-b4a1-39c20189276a,Manage speaking time appropriately during a class presentation
EF35LP19,39406590-b6e7-4ee6-8d13-49f09c631bfb,"Identify the main ideas expressed during lectures, presentations, and talks"
EF35LP19,df5121c5-00fc-47b5-ab01-ff2fba40f388,Distinguish primary information from secondary details in formal listening situations
EF35LP18,8b88a741-1238-45c1-8e48-f250d7e564c7,Listen attentively to others without interrupting during classroom discussions
EF35LP18,afc8fbfd-58a7-401b-88e6-0eaae356f6e0,Ask clarifying questions about information presented by a speaker
EF35LP18,4c69eafa-6851-4746-85b6-0bdabb1d1ec7,Request clarification when something heard or presented orally is not understood
EF35LP17,6a7328eb-433c-4cb7-9abf-bb7733b5b37f,Search for information about social and natural phenomena in print or digital texts
EF35LP17,6a7e22c3-e5ee-4a93-9fea-ed814503cb66,Select relevant information of interest from multiple sources with teacher support
EF35LP16,b998afaf-7c73-4142-93a3-3770137305ce,Identify the specific formatting and layout conventions of news headlines and leads
EF35LP16,7e7c6e07-c52f-4d86-b366-fd59faca3207,Identify the formatting conventions of simple news stories written for young audiences
EF35LP16,3cbbdb17-8a11-442b-bd01-a4ab3888dd0d,Identify the formatting conventions of complaint letters published in children's magazines
EF35LP16,43b58b96-ef0e-4edd-bed6-d44b48c289f8,Reproduce the layout and structural conventions of these genres in written or oral form
EF35LP15,d62c0c9d-4386-42e5-bc07-b574f9cce4cb,Express a clear opinion or central claim on a topic using formal register
EF35LP15,3acc0fad-12f0-4099-a21c-e9253ec2fed3,Defend a point of view with an argumentative structure appropriate to the communicative situation
EF35LP15,f26e5ee1-a489-46f9-ae6b-a36f80d8d0d5,Identify relevant arguments connected to situations experienced at school or in the community
EF35LP14,dddddad8-85ec-4921-84a4-d951de06ec3d,"Identify personal, possessive, and demonstrative pronouns in texts"
EF35LP14,3d198392-775e-4760-852d-92268bcb7dc0,"Use personal, possessive, and demonstrative pronouns as anaphoric cohesion devices in writing"
EF35LP13,a4d290fa-3b1d-4d6a-9742-f4cb51e2418f,Apply conventional spelling for common high-frequency words in writing
EF35LP13,4dc373d8-8b6d-42ad-839e-a442c9074f92,Memorize the spelling of words beginning with a silent ⟨h⟩
EF15LP11,43a50b01-eed0-42ed-9294-70b46d8f31cb,Identify characteristics of spontaneous face-to-face conversation
EF15LP11,eaa7d8f4-e14d-4ac0-8d90-a4d66cb88609,Respect speaking turns during oral exchanges with peers and teachers
EF15LP11,6c8ea260-3cf4-4b18-a4d2-40dd0b092bb1,Select forms of address appropriate to the interlocutor's role and situation
EF15LP11,5c11e818-952c-4c41-a6ef-2e6e4efc289b,Use appropriate forms of address consistently during conversation
EF15LP10,8b88a741-1238-45c1-8e48-f250d7e564c7,Listen attentively to others without interrupting during classroom discussions
EF15LP10,677cbc12-025e-4894-bd22-1813c17e52fc,Ask relevant questions about the topic being discussed
EF15LP10,4c69eafa-6851-4746-85b6-0bdabb1d1ec7,Request clarification when something heard or presented orally is not understood
EF15LP09,c009d3a8-6222-414c-ad93-5036f52c8e82,Use an audible tone of voice during oral communication situations
EF15LP09,74b1bacf-6813-489c-b1fd-1acfe0b4e328,Articulate words clearly to be understood by the listener
EF15LP09,85a0905f-b411-4fbc-988c-7e09dc2dc42b,Maintain appropriate pacing during oral exchanges
EF15LP09,8b69f69c-debb-41d1-9df2-85579c88a9c4,Communicate a message clearly enough to be understood by the listener
EF15LP08,e6412c88-ec5e-4ece-87a0-a223273fdaf4,Use word processing or publishing tools to produce clearly formatted writing
EF15LP08,46e88182-5c96-4504-99bd-e5fa7ba6703c,Explore multimodal resources available in digital tools when producing texts
EF02LP09,a5b0aaca-1857-484e-920b-9fc71a400ddc,Use the period correctly in written texts
EF02LP09,6839d7c0-ec5f-4ff0-99f0-07bbba800eb4,Use the exclamation point correctly in written texts
EF35LP08,7599f29e-e226-408f-ba69-f5e040624911,Apply lexical substitution strategies to maintain referential cohesion in produced texts
EF35LP08,8af31bce-2d52-46a6-a716-cc0fb10c043f,"Use personal, possessive, and demonstrative pronouns for anaphoric reference in texts"
EF35LP08,2943b0de-64d0-4033-b154-aff1bdec6c5c,"Select transitions that accurately reflect logical relationships such as cause-effect, comparison, or sequence"
EF35LP08,164a6b8e-33f7-4957-9bf9-e1c526ffa330,Use genre-appropriate vocabulary with an adequate level of informativeness when producing texts
EF02LP10,e52b7bd2-6869-40b9-be51-7e3946555f67,Identify synonyms of words found in a read text
EF02LP10,54ac6be9-fc1e-4aa2-9d18-cc0a4c4d4598,Distinguish subtle differences in meaning among words with similar denotations
EF02LP10,b4322eb0-516f-47c6-8202-1b8bc32d1bda,Form antonyms of words by adding the negating prefix in- or im-
EF02LP12,75ea17fe-af4f-4b6e-afc6-9beaf0f246e5,Identify the communicative situation and topic of folk songs and song lyrics
EF02LP12,5069fc8b-f5a8-4ccb-a68c-d7f0abc6f65c,Relate the organizational form of folk songs and song lyrics to their communicative purpose
EF02LP12,c4073ab6-560b-40f9-9e9d-d9f927f97bb3,"Read and comprehend folk songs, song lyrics, and everyday-life genres with some independence"
EF35LP06,18dbed75-20e3-4f1c-8af1-d052d9ffb10d,Identify lexical substitutions that contribute to textual cohesion
EF35LP06,d04a2437-ecd6-4b03-94aa-651621a6ee56,Identify anaphoric pronouns used as pronominal substitutions in a text
EF35LP06,15d11800-afd8-4809-9256-2de96c0adb57,Trace referential relationships between parts of a text using lexical and pronominal substitutions
EF35LP05,6f1948fe-6b46-4786-befb-65b69ebadad9,Identify unknown words encountered in an informational text
EF35LP05,5804d310-a546-495b-8519-1c2bbfac758c,Use sentence-level context clues to determine the meaning of an unknown word
EF35LP04,44444d1e-6ca1-4c40-8553-c90bedf4e9d1,Identify information that is implicitly conveyed in a text
EF35LP04,89899e92-2e50-4c5a-baab-7a5382cc57d2,Make logical inferences based on textual evidence from a reading
EF35LP03,893fbe8f-ccd3-47e9-b6c7-564de8c8a7da,Identify the central idea of an informational text
EF35LP03,6629a31f-291c-4357-a5d7-f92401d572c0,Demonstrate comprehension of a grade-appropriate informational text through guided discussion
EF35LP02,510973e3-09ee-48fe-9ebd-c233ac667bc8,Select books or digital texts for independent reading from available sources
EF35LP02,bc691736-981d-4e37-a08d-c4bf1554e03f,Justify the choice of a book or text selected for independent reading
EF35LP02,855425d7-fd80-42c8-9620-43bf73e07b3a,Share opinions about independently read texts with peers
EF02LP24,ec761141-c2f9-4729-9f81-9dbfe341dc90,Plan experiment reports or interviews for oral delivery using digital tools
EF02LP24,65ba2278-82e7-406c-892d-b73e2e54b685,Produce oral recordings of investigative-field genres in audio or video format collaboratively
EF02LP24,f6667bd2-afa2-4dea-8a45-c351da0951fc,Adapt content of investigative texts to the communicative situation and purpose of oral delivery
EF02LP23,24819a10-8dca-4c30-8890-f9ea96d38d03,Plan a brief observation log coherent with an investigated topic
EF02LP23,4203ae41-c8ce-4aff-9ef9-f12820038964,Produce a brief observation log of research findings with some independence
EF02LP22,88f6300e-ac99-4f76-9b7d-522caf1b1d4a,Plan brief investigative-field texts such as experiment reports or encyclopedia entries collaboratively
EF02LP22,554cec9b-c113-4f15-8979-d5527a759225,Produce brief investigative-field texts in digital or print form considering communicative situation and purpose
EF02LP22,45b44545-f952-4c5d-ad31-9355a21ef500,Select content appropriate to the topic and purpose when producing investigative-field genres
EF02LP21,938224ef-4ed2-484c-b531-6ad81a04f3fb,Navigate informational texts in different digital research environments with teacher mediation
EF02LP21,45461b8a-db67-40cb-9425-aeffc22d16a4,Identify possibilities offered by digital informational text environments
EF02LP20,6697ee45-62e6-467f-af29-fb5f4ad33e8d,Recognize the communicative function of texts that present research findings
EF02LP20,862c3fe9-793b-4da6-a235-795c60a64dc8,"Identify genres such as surveys, brief interviews, and experiment logs as vehicles for presenting research information"
EF02LP19,27c62683-d56d-4eca-8e82-c5f02a8495cc,Plan a short news story for a child audience to be included in a spoken-news broadcast
EF02LP19,a8b921c1-8029-41ae-92e1-4f1bc48e8171,Produce a short news story for oral or digital delivery considering the communicative situation
EF02LP19,dbdf7b78-43e8-42e6-90dc-9a3ae9b1c9fa,Adapt journalistic content to the topic and audience of a children's spoken-news broadcast
EF02LP18,d3392c15-9343-480f-9176-47ba2fd8253b,Choose language style and tone appropriate to a specific audience and purpose
EF02LP18,09035375-772d-4d90-88a4-e6f3d926a026,"Select visual and textual elements such as font size, layout, and images appropriate to the genre"
EF02LP18,c1c1d96f-2495-47c5-8844-8f16175d3ec7,Plan and produce a poster or flyer considering the communicative situation and topic of the event
EF05LP16,d3bfcaf1-a87e-4277-b7d6-7a1f9860d235,Compare how different media or formats present the same information and assess their relative effectiveness
EF05LP16,8e5635f3-24e2-4e6a-9fbf-3fbb291d3be3,"Identify differences in facts, emphasis, or framing across news sources"
EF05LP16,a910a27b-7244-4df1-a897-3e32568ce85e,Evaluate the reliability of a news source based on textual evidence
EF05LP16,b2edcd45-1bd8-436c-82fa-db0e42ae605e,Justify which source is more trustworthy and explain the reasoning
EF12LP01,46db32db-f95c-4c3c-b250-16a85590f709,Apply letter-sound correspondences to decode unfamiliar multisyllabic words
EF12LP01,c5b57cc4-0d39-43fe-a232-ff9bf8497e60,Recognize and read irregularly spelled high-frequency words by sight
EF12LP01,e4f3dfc3-cc02-4f26-b564-6cc1286e5323,Distinguish between words that require decoding and those recognized by sight
EF09LP12,f84a230e-4a2e-4886-9a49-388acf1da6ab,Identify loanwords and foreign borrowings in Portuguese texts
EF09LP12,d6df1b3f-81b6-43c6-b35e-2708d2f138dd,Classify borrowings according to whether their original graphic form is preserved
EF09LP12,399546de-22c9-4175-98b0-ec13185c471b,Evaluate the appropriateness of using a loanword in a given context
EF08LP07,72e68e64-cbc2-45eb-a601-19fc9d517537,Differentiate direct objects from indirect objects of transitive verbs in texts
EF08LP07,8db9041c-73b8-4f4d-b84a-7fd4337f0faa,Identify the complementation patterns of frequently used transitive verbs
EF08LP07,9cf6a1a3-c885-4b80-8424-96c69cf5dc72,Distinguish between direct and indirect objects in self-produced texts
EF08LP06,f80cdf48-64c9-4195-a6a2-9c7608c26e72,Identify the subject and its modifiers within a clause
EF08LP06,88fdb39e-8c61-4d69-b82a-d9d4c7aa8094,Identify the verb and its complements within a clause
EF08LP06,2bb10da9-ba7e-4b6b-bdc6-84276b437ef9,Identify adverbial and other modifiers that expand the verb in a clause
EF08LP06,1361c64c-19e3-42d6-89db-fe1bb5830e75,Describe the constituent elements of a clause in read or self-produced texts
EF08LP05,a8a96636-c918-4ef7-a2b7-be75ce62c02b,Distinguish between compound words formed by agglutination and those formed by juxtaposition
EF08LP05,e6a2bbc3-8714-4ae2-8207-cd752b32843f,Analyze the word-formation process used to create a given compound word
EF08LP05,a0e2b966-dd90-4103-bf49-710c0219638c,Apply basic rules governing hyphen use in compound words
EF08LP04,12f10265-0c6f-4fa8-94b9-9103713a58d5,Apply correct spelling conventions in self-produced texts
EF08LP04,b084b603-e20a-472f-97e9-db74a244e236,Apply rules of nominal and verbal agreement in text production
EF08LP04,e6e3b1d7-891a-4401-b56e-38e51bab17d3,Use appropriate verbal moods and tenses in self-produced texts
EF08LP04,7c8cf153-0156-4e02-89c7-512a78aa6f67,Apply verbal and nominal government (valency) correctly in written texts
EF08LP04,186d7a43-d5a8-4003-8ab7-66e974cd922c,Use punctuation conventions accurately in complex sentences and formal writing
EF08LP03,74f100a2-5488-4b87-9615-e68d92e2327c,Defend a clear point of view in an opinion article
EF08LP03,7b68db90-9e43-454c-9ccb-db93587b662c,Use arguments and counterarguments to support a position in an opinion article
EF08LP03,40c63807-415e-4e79-8517-fcbc9b3cf038,"Apply cohesive connectors signaling opposition, contrast, exemplification, or emphasis"
EF08LP03,5c8796c7-710f-465f-8fb7-0870fc5c561f,Produce an opinion article adapted to its specific production context
EF08LP02,d3bfcaf1-a87e-4277-b7d6-7a1f9860d235,Compare how different media or formats present the same information and assess their relative effectiveness
EF08LP02,85231772-3fa8-4792-8880-f4fe4502e3ff,Justify similarities or differences in treatment of information across texts
EF08LP02,1d749a2b-635c-4f44-b6bd-1ad716d4f22e,Consult fact-checking websites to verify the reliability of information
EF08LP01,de0952f4-1003-459c-88d1-b5313b4d1760,Identify the different editorial sections of print and digital newspapers
EF08LP01,a8ace160-7879-4b79-ae60-3698e4b23a21,Compare the types of events reported and commented on across news outlets
EF08LP01,f9287867-14c5-4dbc-ae11-c3c205592ce8,"Analyze editorial choices regarding what is covered, omitted, or emphasized"
EF08LP01,6f8055f2-2b6b-460c-9d03-9e47ea5d365a,Evaluate the reliability of information based on its source and framing
EF07LP14,dff20354-4302-4bcf-8bba-dc86b46e47f7,Identify modalization strategies used in a text
EF07LP14,4d7e776a-3402-4069-ae1d-1fcb3fe8cf5e,Explain the effects of meaning produced by modalization in context
EF07LP13,e4aaa7ed-7d3e-4188-b123-4cb3542e3768,Identify lexical substitutions that replace nouns with synonyms in a text
EF07LP13,3538e057-145a-4ed6-8b86-07d1d9ba82c4,Identify pronominal substitutions using anaphoric pronouns in a text
EF07LP13,684873b2-e943-49eb-ba7e-89f45c7ca08e,Explain how lexical and pronominal substitutions contribute to textual continuity
EF07LP12,e819148b-a23e-4305-8cd7-22205e9dd533,Recognize lexical substitution as a referential cohesion device in texts
EF07LP12,d8c9c5a9-84cc-48f0-aa12-6594bb9119d3,"Recognize pronominal substitution using personal, possessive, and demonstrative pronouns as a cohesion device"
EF07LP12,4bd9e1ac-8d35-470e-a918-e9afcbc333fa,Identify the noun referent that an anaphoric pronoun replaces in a text
EF07LP11,7c5f7017-afb7-491f-8f6b-8437d221ccb4,Identify compound sentences whose clauses are connected by a comma in texts
EF07LP11,2ad593d5-1a39-48b9-9850-5672ad68175b,Identify coordinating conjunctions joining independent clauses in compound sentences
EF07LP10,d30adc09-d0e4-4c2f-bf0b-336f2e5b3b0b,Apply appropriate verbal moods and tenses in self-produced texts
EF07LP10,4cd0fccc-24f2-44ab-aa58-617fb93aa9b8,Apply nominal and verbal agreement rules in text production
EF07LP10,03bc3fb1-0cca-4c49-82d6-f681029d656a,"Use punctuation conventions correctly, including commas, semicolons, and ellipses, in writing"
EF07LP09,021d08cf-64c1-4ce2-a2dd-ac1341a5b992,Identify adverbs that expand the meaning of a verb in a clause
EF07LP08,6a0d2fad-6353-423c-a052-52cbf79563d9,Identify adjectives that expand the meaning of a noun functioning as subject
EF07LP07,ad266e3e-c7cc-46c6-ab98-9cf30bbc5a8d,Identify the subject of a clause in read or self-produced texts
EF07LP07,92e7837f-1ddb-4bba-aeea-c57d1b06fb68,Distinguish direct objects from indirect objects within a clause
EF12LP02,025c5fd7-e1c2-46d1-bff0-dd069283e024,Search for texts in print or digital media according to personal needs or interests
EF12LP02,6bbc3041-2442-4cef-aa0a-2b7e5cb163bb,Select appropriate texts to read based on a specific purpose or interest
EF12LP02,5d8deafa-5906-45bc-a1e6-2e665ec28f55,Participate in shared reading activities with a clear purpose set by the teacher or group
EF07LP06,c6487949-b71d-4800-903f-bbd7baad103f,Apply subject-verb agreement rules in complex sentence structures
EF07LP06,2b3b90d8-b154-4c00-8f4f-24f8289de1ea,Apply noun-modifier concord rules in communicative situations and text production
EF04LP09,a93e1119-b5dd-40f1-82ee-358b26577328,Identify the structural fields and layout conventions of utility bills and payment booklets
EF04LP09,48638817-6e2e-4843-b4b0-5e68cf4d0d66,Interpret consumption measurements and listed items in everyday billing documents
EF04LP09,dd136a0e-4e90-4376-907c-115bc32d2281,Recognize the function of barcodes in utility bills and invoices
EF04LP09,132a37f0-d90b-4f9f-bf99-b907d40423cf,Read utility bills and invoices considering their communicative purpose and situation
EF07LP04,641b1639-918d-4de8-8817-1b76b90bbca0,Identify the verb as the nucleus of a clause in a given text
EF07LP04,b5d47cfd-5464-479a-bc45-92295be22718,Distinguish the verb from other constituents within a clause structure
EF07LP04,1cd1f57b-54f2-4d66-8f1f-f1ff28451349,Analyze clauses to locate their verbal nucleus across varied sentence types
EF04LP10,c879bd24-477f-4632-b082-f3c69280a8cb,Identify the structural conventions of the personal complaint letter genre
EF04LP10,6225e0ec-3dcb-42a1-b5b2-f37e623f17a5,Recognize the communicative situation and purpose of a personal complaint letter
EF04LP10,76ceeabe-e014-4202-aa7c-0445bf8895b1,"Read and comprehend the topic, subject, and intent expressed in a personal complaint letter"
EF04LP10,c871d478-adff-4f53-a07b-d605c7f4af2b,Distinguish the complaint letter from other everyday letter genres based on its conventions
EF04LP12,70de2f85-1073-44ca-9900-8d130007ff28,Identify the structural and language features of instructional digital video programs for children
EF04LP12,6c454930-d855-47df-8ef7-98293a0f17e7,Plan a tutorial in audio or video format based on a viewed instructional video
EF04LP12,193be4ed-cab7-4597-ae3f-b2846ee54ba1,Produce a tutorial in audio or video format following the conventions of the genre
EF07LP02,d8e35819-15d0-4d8a-8013-9fd76a46876b,Compare the details emphasized across two different media accounts of the same subject
EF07LP02,53fe1853-4346-45d6-9882-7cc928fa6e5f,Analyze specific characteristics of each medium in multisemiotic news stories
EF07LP02,ba98514c-286f-49bd-b123-13ee69f23a16,Identify processes of elaboration and re-elaboration of texts across different media
EF07LP02,53bb8a63-d129-40f7-adae-f33443df7ded,Recognize media convergence in multisemiotic news stories and reports
EF05LP01,6f95b504-23d1-4797-b749-730e6a3bf413,Apply regular phoneme-grapheme correspondence rules to spell words correctly
EF05LP01,b5987a9f-c80d-4e1e-a3c3-b56c406d3e81,Apply contextual spelling rules to write words with context-dependent correspondences
EF05LP01,41d39c21-59ef-4252-817d-f7c162b47625,Apply morphological rules to spell words with predictable morphological patterns
EF05LP01,18a5a5ae-e5d9-49b8-a726-c647d63defbc,Spell high-frequency words correctly in written work
EF04LP27,0c3aec75-e738-42d8-ae38-8bf34f63f7c1,Identify markers that distinguish characters' speech from stage directions in dramatic texts
EF04LP27,5f03d280-96dd-4d1b-b13a-9a931264a501,Differentiate between dialogue lines and stage directions using textual markers
EF04LP27,84f82c8d-44c5-4594-936a-668251552981,Recognize the formatting conventions used to present characters' speech in dramatic texts
EF04LP26,555e8ea2-f5cc-4ccb-884d-a650b2e9f9d5,Observe the visual layout and typographic distribution of letters in concrete poems
EF04LP26,5e3e7782-3b60-4f7f-b996-5140a63dc426,Identify how the arrangement of text on the page contributes to meaning in concrete poetry
EF04LP26,f6c4c9cd-297b-431f-b6a4-a455b3c1a8e1,Recognize the role of spatial organization as a compositional element in concrete poems
EF04LP25,7afaf05d-e7d5-4e39-ad8b-c11c89a1bb41,Explain how stage directions or descriptions in a drama are reflected in an oral performance
EF04LP25,2a6d6b9d-6f83-4a6e-a673-720208dd5735,Follow movement stage directions indicated by the author when performing dramatic scenes
EF04LP25,eabf61f5-a1d6-4919-a314-5f037d16de9f,Perform scenes from dramatic texts respecting the author's theatrical indications
EF04LP24,ea50a72d-9fd9-478a-899f-b8cc972e2f76,"Identify tables, diagrams, and graphs as means of presenting data in observation and research reports"
EF04LP24,879e20f6-943b-45ed-b730-ca9373cfa981,"Recognize the proper format of tables, diagrams, and graphs within research report genres"
EF04LP24,5d6e1a58-4913-46aa-81a0-29ce876a4f83,"Reproduce tables, diagrams, and graphs in their appropriate format in research reports"
EF04LP23,2e37e9a1-ea0a-48aa-aa3b-d18e5c7f1b8e,Identify the formatting and layout conventions specific to children's encyclopedia entries
EF04LP23,92a56a33-8e06-41e4-a37f-72283e06ad33,"Recognize the structural components of an encyclopedia entry: title, definition, elaboration, and curiosities"
EF04LP23,c3cfc110-3228-4116-8b2d-170f2902251b,Read children's encyclopedia entries considering their communicative purpose and topic
EF04LP23,a4073e47-d176-4939-aeb0-87c8e61f9f68,Reproduce the format and layout of children's encyclopedia entries in written production
EF04LP22,89086ceb-f159-4172-8ca6-333a5cb7648a,Plan a children's encyclopedia entry considering its communicative situation and purpose
EF04LP22,cda3e61a-53a7-4a49-bf40-e1822291e903,Produce a children's encyclopedia entry using genre-appropriate structure and language
EF04LP22,99739eab-488d-4439-afca-e84bd94fab52,Select and organize relevant content to examine a topic in an informative/explanatory text
EF04LP21,7e59fb32-84c2-4677-907d-ae8d811f0a94,Plan a text on a topic of interest drawing on print or electronic research sources
EF04LP21,a8c251fe-a692-47ee-9c42-1f062fe289aa,"Integrate textual descriptions with visual formats such as diagrams, graphs, or tables"
EF04LP21,d74ec066-d112-4acc-ab9c-629ac871c740,Produce a research-based text considering the communicative situation and topic
EF04LP20,32b9525a-90b9-4195-b86b-b22a3eaf2c8b,Recognize the informational function of graphs within expository or research texts
EF04LP20,1926bef0-0210-46eb-8890-c5e5b7fbfeb1,Identify the function of diagrams as visual means of presenting data and information
EF04LP20,50ca5921-4e98-47ea-ac53-d9f6337ff8be,Distinguish the role of tables in organizing and presenting data within texts
EF04LP19,7cc1c5bf-b0c0-498f-921d-72910ce5e560,Identify the topic and subject of expository science popularization texts written for children
EF04LP19,a7dcf91d-09db-4e9f-88ed-d470759c266e,Comprehend information presented in children's science popularization texts
EF04LP19,4dc6b118-e4d2-482b-9e03-2a765e3a10b8,Recognize the communicative situation and purpose of children's science popularization texts
EF04LP18,cc282268-a554-4aa0-95de-347735cbb190,Analyze intonation patterns used by news anchors in radio or television broadcasts
EF04LP18,6bcb0b68-eae8-480e-937f-17c1b081dfdc,"Identify facial and body expressions of news anchors, interviewers, and interviewees"
EF04LP18,1f896a59-9773-4b84-bb51-7edfd9d2f320,Recognize how non-verbal and prosodic features contribute to communication in news media
EF04LP17,59a9fd1b-a42f-4ac5-bf57-66d06c6f9b08,Produce a radio or television news broadcast guided by a script or written text
EF04LP17,c3f82135-0e47-4483-a55d-57e753b7b97c,"Produce an interview for radio, television, or internet guided by a prepared script"
EF04LP17,65fcafd4-ab94-4944-b64f-0f0feb468573,Demonstrate knowledge of the spoken news broadcast and interview genre conventions in oral production
EF04LP16,64245651-b4fc-4f5c-a378-83962a61dcea,Report on a topic or text using appropriate facts and relevant descriptive details
EF04LP16,ab724be4-5b53-42f4-a46d-c854f1fec011,Produce a news article for the school newspaper following genre conventions
EF04LP16,82df6e1f-e2c6-42ad-8cb0-8579b41ddf76,Comment on the consequences of reported events within a school community news article
EF04LP15,f4bbfe1e-0964-4e89-b1f1-6a8799b8bb17,"Distinguish facts from opinions in informational, journalistic, or advertising texts"
EF04LP15,a3f9bd70-30e3-4426-8cb1-db7b536e2630,Identify suggestions as distinct from factual statements within a text
EF04LP15,da1ddcfb-88fa-4ea2-b461-4a588bd0f482,Recognize evaluative or persuasive language that signals opinion rather than fact
EF04LP14,c4c66123-7cd9-4679-ba98-3702148831c9,Identify the facts reported in a news article
EF04LP14,cb6377c1-12c9-498b-b083-a016a40e8b47,Identify the individuals involved in the event described in a news article
EF04LP14,dd238a7a-4579-441d-8543-2208122aec36,Locate the place and time of the reported event within a news article
EF15LP04,ab6086c6-cd04-4f77-9b72-d0fab7ecd0af,Identify graphic-visual expressive resources used in multimodal texts
EF15LP04,51540c94-6b2f-42d8-9b56-9f2c7963acff,Explain the meaning effects produced by color choices in multimodal texts
EF15LP04,46dbe236-6c9d-4ff1-b1c8-b1b94553e1e9,Interpret how typography and layout choices influence meaning in multimodal texts
EF15LP04,62c876ce-8aaf-4ae4-a51c-183298e4c880,Determine how images and representations add meaning to narratives in multimodal texts
EF07LP05,14176474-a684-4d76-9683-87af94d4bef9,Distinguish between verbs with complete and incomplete predication in a clause
EF07LP05,9d44c6a1-9f90-41a5-bdf2-5bd4657099af,Identify intransitive verbs in sentences from read or self-produced texts
EF07LP05,19cb4186-1ac3-423f-81d2-a653a99063ee,Classify a verb as intransitive or transitive based on its predication in context
EF07LP03,2499202d-03db-4c3a-8fc7-77ad3890d03a,Identify the base (primitive) word from which a derived word is formed
EF07LP03,4e308bff-6233-4454-87ed-317a5a299e5d,Form derived words by adding productive prefixes to base words in Portuguese
EF07LP03,3c9dcc53-08c4-4684-82c1-2c92b3a7ffe5,Analyze how affixes and word forms alter the meaning and function of a base word
EF05LP21,1fc20c85-c019-47a6-8087-5c1dcfcc582d,Identify intonation patterns used by vloggers in opinion-based vlogs
EF05LP21,ab9aef82-8db7-4afb-8976-a6d7cfdbf08b,Analyze facial and body expressions used by vloggers to convey meaning
EF05LP21,17d7e107-d9af-4cdd-9628-8332bfa29dd7,Identify the linguistic variety and register chosen by vloggers in argumentative vlogs
EF05LP21,8a7d629d-b0db-4ea5-a49d-3a1c72db48ca,Explain the effect of register and intonation choices on the communicative purpose of a vlog
EF05LP20,c87a3bbd-2ca4-4a67-9ee1-4ec1789b2361,Identify arguments presented in oral argumentative discussions about children's media products
EF05LP20,37e56bd1-cf3a-41d5-a481-5e4fd77d4070,Evaluate the validity of an argument in a discussion about a children's media product
EF05LP20,857656f0-0778-4b0c-95b7-b12c7a101d20,Evaluate the strength of an argument based on substantive knowledge of the media product discussed
EF05LP19,8cefc2ea-ab10-40b8-848a-bdc2603b1f48,Argue orally about events of social interest using facts from media sources
EF05LP19,be3550e4-d4e4-4517-b495-e14a3bc93587,"Support an oral argument by drawing on information from television, radio, or digital media"
EF05LP19,4b62763b-0537-4c7b-8494-1197261a485f,Respect differing points of view during oral argumentative discussions about social events
EF05LP18,a292f20a-f8d1-4a1f-bdf4-656845224f75,Script an argumentative vlog about a children's media product following genre conventions
EF05LP18,48f4a995-ea9a-45d4-9574-c626a43af536,Produce video content for an argumentative vlog considering communicative situation and purpose
EF05LP18,b26ea6c6-1bd1-4639-b9cc-b14bb3a6ef25,Edit a recorded vlog to align with genre conventions and the intended communicative purpose
EF05LP18,bfad9e76-67f4-4261-ab00-2288dcfe4882,Apply substantive knowledge of a children's media product when constructing vlog arguments
EF05LP17,467420c0-54ad-4b29-86ed-1dbc131cc4f9,Use effective search terms to locate relevant information from print and digital sources
EF05LP17,2e21a6e2-fa83-459c-918d-f246e12e5c08,Organize researched content into a script for a digital news report following genre conventions
EF05LP17,22666998-6fcb-47a5-9ba1-bc64bd199a9f,Produce a script for editing a digital news report considering communicative situation and topic
EF69LP20,96452cc7-5c73-4f1f-90cc-de364533fe02,"Identify the organizational structure of normative and legal texts, including opening, body, and closing sections"
EF69LP20,56403fb7-1528-47f9-bf5d-513ca3bef790,"Explain the hierarchical logic governing parts, chapters, articles, paragraphs, and clauses in legal texts"
EF69LP20,dea9b0b1-3132-4465-a956-277f29b46496,Analyze the meaning effects of technical vocabulary in normative texts
EF69LP20,038bda15-f6a1-40a5-93a1-65fbcebc9aa3,Analyze the use of the imperative mood in legal texts to convey coercive character
EF69LP20,4ac6b3e9-61d9-4104-a4a6-ffd793b0524e,Identify words and expressions indicating generality or circumstance and explain their effect in legal texts
EF05LP15,53e23575-3fd2-45b0-b3ac-c2ae6ee905b1,"Read and comprehend news articles independently, recognizing genre conventions and communicative situation"
EF05LP15,25c26945-d906-4f8b-b605-5774af844a70,"Read and comprehend feature reports independently, considering topic and communicative purpose"
EF05LP15,e7fb690f-f36f-42ac-b3e0-3af304f779a1,"View and comprehend argumentative video vlogs independently, recognizing genre conventions"
EF05LP14,13a01b6d-ef7f-42b6-98f1-f41e06b9b598,Identify the formatting conventions of critical reviews of toys or children's literature
EF05LP14,f20bd949-78d3-4292-86b5-2e4e7bbb3b04,Distinguish the presentation section from the evaluation section in a critical review text
EF05LP14,49ceb8e8-0bbf-4f98-bd53-9cde687f0c18,Reproduce the formatting conventions of a critical review when producing one's own text
EF05LP13,af1d4c68-1ee8-48d2-8b8a-ac1b0ac61672,View digital video posts from children's vlogs reviewing toys or children's literature as models
EF05LP13,aae3fc10-810e-448a-807a-394df8d20069,Plan digital review content in audio or video format based on vlog models
EF05LP13,b7cc05d5-8f3f-4c6e-86d9-80b44a96c315,Produce a digital review in audio or video format following the conventions observed in children's vlogs
EF05LP12,2db121b7-94da-401d-9399-c031cd8e26ad,Identify genre conventions of instructional texts such as game rules
EF05LP12,5f7570d7-a4e9-4c5c-8a12-8de0e2177a29,Plan an instructional text considering communicative situation and purpose
EF05LP12,d5ea301d-709e-4ee5-9a4b-2d89de508624,Produce an instructional text independently following genre conventions
EF05LP11,fe2f76eb-9a11-4fed-9efd-3eba7565a256,"Identify the genre conventions of anecdotes, jokes, and cartoons"
EF05LP11,adafb62e-a63a-43cd-986e-9a0eb8731130,Produce a written anecdote or joke independently following genre conventions
EF05LP11,72394a3d-33af-4c7b-9c78-d9bc7fb903f0,Produce a written cartoon independently considering communicative situation and purpose
EF05LP10,717d57be-3ccc-4671-8252-78c7da3b90c4,"Read and comprehend anecdotes independently, recognizing genre conventions and communicative purpose"
EF05LP10,a07ef861-5672-4b6a-979a-2ea2bae9d2b4,"Read and comprehend jokes independently, considering communicative situation and purpose"
EF05LP09,ff8c1c8b-6a50-4ffc-80bc-c3603dd044d7,"Read and comprehend game rules independently, recognizing genre conventions"
EF05LP09,42bd57cf-63f7-4d2f-bf6c-89f9f7ed62cb,Identify the communicative purpose of instructional texts from the field of everyday life
EF05LP09,378c55e9-e842-4da7-9cbc-1d97bdb7120a,Comprehend the sequential and procedural structure of instructional texts independently
EF05LP08,5add7df0-eb63-40f1-b7e2-f7729f0b9a25,Distinguish primitive words from derived words
EF05LP08,186ee783-5163-4ebd-b618-a8ef4ada8547,Distinguish derived words from compound words
EF05LP08,418ae901-1be4-44e9-bb6f-86176788f8cf,Identify words derived through the addition of prefixes
EF05LP07,9655fa5e-471f-4bdd-ae22-2999048ba8e8,Identify conjunctions in texts and classify the logical relationship each establishes
EF05LP07,0c4c0f4e-4d79-44e3-b6c5-81630943c610,Distinguish conjunctions expressing addition from those expressing opposition in a text
EF05LP07,d1d5f90a-d125-4d1c-bb9e-b7b0aa72a018,"Identify conjunctions expressing time, cause, condition, or purpose in a text"
EF05LP06,97334fbf-7d66-404d-96b4-2ad996870869,Inflect verbs correctly to agree with personal pronoun subjects in written contexts
EF05LP06,024bee7a-b171-4bdf-a48d-fae7cbb55457,Apply correct subject-verb agreement with personal pronouns and noun subjects in oral contexts
EF05LP05,82318b3c-3be6-4940-86b7-ecfcf2a96e73,Identify verb tenses in the indicative mood that express present time
EF12LP03,4c4a45b9-e885-4a4d-9910-d11c83099988,Copy short texts while preserving their original spelling accurately
EF12LP03,d42928bc-3848-4360-a428-75664352ad08,Reproduce the graphic layout and word spacing of a source text when copying
EF12LP03,06ac2dc0-4cc1-4459-9d6c-8ac0b43f7864,Maintain original punctuation of a source text during copying
EF12LP03,ce7e3f44-dd2a-4a4f-ad99-1a679c44895e,Refer back to the source text to verify uncertain graphic or orthographic features while copying
EF12LP05,8d0a2512-c552-41c3-ac93-70c5af57ce1b,Plan collaboratively a retelling or versified text appropriate to its communicative situation
EF12LP05,18da0f1b-3c4e-448d-9bef-be0bb5d44ecc,Produce a collaborative retelling of a story preserving key narrative elements
EF12LP05,a16d4466-a973-49b2-9252-7cb3f5a5c1e0,"Produce collaborative versified texts such as poems, quatrains, or song lyrics suited to their purpose"
EF12LP05,5369f36f-6f3f-4ac5-9b30-a85d3d96dd1b,Create collaborative visual or sequential narrative texts such as comic strips or graphic stories considering genre conventions
EF15LP03,aa8584cc-ab17-4d4e-9363-c7691e2f48ab,Locate information explicitly stated in a text
EF15LP03,e2b8cbfb-f7b0-4ae2-99a8-85f31f02aa0e,Identify the specific section or passage of a text where explicit information appears
EF15LP02,6936b881-e441-43c3-b4cc-7cfb6ee23bb8,Use prior knowledge and paratextual elements to form anticipatory hypotheses about a text's meaning and form before reading
EF15LP02,b1d42eec-43b8-4c3e-8578-5b4b1f8174dd,"Identify textual cues, graphic features, and images to predict a text's social function and thematic content"
EF15LP02,24010523-27fd-4a49-8da8-693bc85000b9,Confirm or revise pre-reading hypotheses by checking them against the text during and after reading
EF15LP02,2b7ba9fb-c044-4099-89fb-3634c8ff2a12,Evaluate the adequacy of inferences made before and during reading in light of the full text
EF15LP01,c82952e0-5cea-4c93-a559-ce64098fb21a,Identify the social function of texts encountered in daily fields of social life
EF15LP01,07660475-3007-45ed-8710-50b57554ace2,Recognize why a given text was produced and where it circulates
EF15LP01,6fc7a617-2ef4-46a5-9859-972f133b07df,Identify who produced a text and who its intended audience is
EF12LP19,c32d0e31-58f8-46dd-b2be-739b94f04331,Recognize rhymes and sound patterns in versified texts
EF12LP19,b1dc3309-10c4-4a66-9e1a-ba5b9c908622,Identify wordplay and specific expressions in versified texts
EF12LP19,1521bd44-e923-416a-b112-48171c2d6e8e,Identify comparisons used in versified texts
EF12LP19,96dd7a6a-356c-4de3-a868-218193da4ae6,"Connect rhymes, sound patterns, and comparisons in versified texts to sensory experiences and associations"
EF12LP18,a2d8200b-c2a1-488e-9d57-ecaba7ea0b04,"Identify rhymes, sound patterns, and wordplay in poems and versified texts"
EF12LP18,04b0c6be-fda0-4d47-a748-cc87641b06b8,Recognize poems and versified texts as belonging to the realm of imagination and aesthetic enjoyment
EF12LP18,b1942c43-d858-4b98-bcf0-604d72e5f04b,Appreciate the playful and enchanting dimensions of poems and versified texts
EF12LP17,3bd51aec-85eb-4c6f-8b5f-71ecfd02dc8b,Read and comprehend collaboratively school task prompts and diagrams considering their communicative situation
EF12LP17,cee4b11e-77a5-4e06-a488-d3db5d1dab8b,Read and comprehend collaboratively brief accounts of experiments and interviews considering their topic
EF12LP17,87e76779-d30d-4ead-845c-77b7dedc5aa3,Read and comprehend collaboratively children's encyclopedia entries and fun facts considering their subject matter
EF12LP17,35c8cf8c-b381-4c4d-ad76-da711b0c053a,Identify key information in investigative-field genres suited to young readers
EF12LP16,2d047df8-732d-4d81-bd75-63414671bb94,Identify the specific formatting and layout of advertisements aimed at young audiences
EF12LP16,d07b3648-968e-4a8d-85ad-081ec1345174,"Reproduce the formatting, layout, and image use characteristic of advertisements and awareness-campaign texts"
EF12LP15,24d61c6b-3dbe-4cc5-a3cf-aad8b44b2eee,Identify the compositional structure of advertising slogans
EF12LP15,415c46c8-4377-40d1-9ce1-8e1982950851,Recognize linguistic features that characterize advertising slogans
EF12LP14,bcca7f86-418d-435b-883b-82cd8741856b,Identify the specific formatting and layout of news photo captions and digital news photo albums
EF12LP14,7dbd1ecd-8b45-4709-86a9-fe72d9072305,Identify the specific formatting and layout of reader letters in children's magazines
EF12LP14,bd1dfa94-a12e-446b-ab38-d35117ed86fd,"Reproduce the formatting and layout of news photo captions, digital news photo albums, and reader letters"
EF12LP13,50cef3c7-6425-47fb-9311-4b0a7718edc3,Plan collaboratively an oral slogan suited to its communicative situation and purpose
EF12LP13,8596b04e-1ce6-4122-b87a-642b69310a4e,Plan collaboratively an awareness-campaign piece for delivery via digital audio or video tools
EF12LP13,67ecdc44-aaaf-4062-8241-c70d4273b3cc,Adapt the language and content of planned slogans and campaigns to a young audience
EF12LP12,90c5d821-e482-4185-855a-ddb7f53d4647,Write collaboratively a slogan suited to its communicative situation and purpose
EF12LP12,3315fff2-eaba-4ae5-a6bd-62f6045d6b71,Write collaboratively an advertisement aimed at a young audience considering topic and purpose
EF12LP12,1657ee1f-cd60-4f09-bb8d-ab8ec2af2858,Write collaboratively an awareness-campaign text aimed at a young audience considering genre conventions
EF12LP11,f9362e87-ad2e-4702-8840-4d4367fb34e7,Write collaboratively a photo caption or headline suited to a news story's communicative situation
EF12LP11,99bce476-9895-4693-bffb-7826f8aade5b,Write collaboratively a lede or short news article for a young audience
EF12LP11,5274e925-74e8-4a7c-b4d5-3d29e18b1d00,Produce collaboratively a digital news photo album considering its topic and communicative context
EF12LP10,27605d2d-07fa-4c43-9b2c-8770f6799a99,Read and comprehend collaboratively posters and notices that organize school community life
EF12LP10,df09e6f6-4fe9-4e70-ad33-924f95043583,"Read and comprehend collaboratively flyers, rules, and regulations from the civic participation field"
EF12LP10,ba4ec83a-efc6-4019-8e8c-fee48361253f,Identify the communicative situation and topic addressed in civic-participation genres
EF12LP09,4d761913-f14e-4589-8712-d462acb8031f,Read and comprehend collaboratively slogans and advertisements aimed at young audiences
EF12LP09,d2da9436-7eb3-4dae-9c65-29e08c5461d0,Read and comprehend collaboratively awareness-campaign texts aimed at young audiences
EF12LP09,59bc445b-7b6a-4a40-9d2e-161fe6644a8a,Identify the communicative situation and purpose of advertising-field genres aimed at young readers
EF12LP08,e0c1276d-16cc-47b7-a7f7-d119c461d931,Read and comprehend collaboratively photo captions and headlines in news stories
EF12LP08,907e8333-7124-4610-909a-717193d5901f,Read and comprehend collaboratively digital news photo albums and short news articles for young audiences
EF12LP08,c57584a7-c7cb-4e7a-990f-1402093c99de,Identify the communicative situation and topic addressed in journalistic-field genres for young readers
EF12LP07,d4825a9b-5559-4dd8-86ed-15cf2d76d5ef,"Identify instances of rhyme in cantigas, quatrains, nursery rhymes, tongue-twisters, and songs"
EF12LP07,52f73b9c-7380-4979-80a6-7a47be53ab4b,"Identify sound devices such as alliteration and rhyme in a story, poem, or song"
EF12LP07,c5b4e15e-ad7e-46ca-b2c5-86c9b0813003,Connect speech rhythm to the rhythm and melody of music in versified texts
EF12LP07,b478537c-0665-4b3a-8775-acb7ebc11b63,Analyze the impact of rhyme on the meaning or effect of a specific poem or stanza
EF12LP06,7bd3cc84-7c2b-4603-a00e-c7fd06bb002f,"Plan collaboratively everyday-life texts such as messages, notices, or invitations suited to their communicative situation"
EF12LP06,1d3ac9de-95ca-4fc5-86e8-7d8ff52331af,Plan collaboratively procedural texts such as recipes or assembly instructions suited to their purpose
EF12LP06,61848094-2bce-4e9e-87ce-e339b2fe669d,Adapt planned everyday-life texts for oral delivery through digital audio or video tools
EF12LP04,2196dec6-2c7f-4489-a516-468063b7a04a,Read and comprehend collaboratively list and agenda genres from everyday life considering their communicative situation
EF12LP04,b46c37f0-bac7-40f6-90a6-814e940f48df,"Read and comprehend collaboratively notices, invitations, and calendars connecting their structure to their purpose"
EF12LP04,4d1bd914-0b02-4383-a817-4cfab07631ee,Read and comprehend collaboratively procedural genres such as recipes and assembly instructions considering their topic
EF12LP04,7ccc01fa-089b-42ef-badb-310a5a5690a2,Connect the organizational structure of everyday-life genres to their communicative purpose
EF35LP12,d463b030-4b76-41a2-ae23-730600b01928,Consult a print or digital dictionary to verify the correct spelling of a word
EF35LP12,0ebc94a2-4fd9-48e9-9e0e-6c9a09ce7543,Identify irregular phoneme-grapheme correspondences in written words
EF35LP12,66d9e7bc-e9d0-45f8-8230-f6e0d54a9e27,"Spell correctly, consulting reference materials to resolve spelling uncertainties"
EF35LP11,35ea74f3-dbf1-4c22-806c-23f0ff1ef2bc,"Identify regional, urban, and rural speech characteristics in recorded spoken texts"
EF35LP11,9908eed2-43e5-4533-825f-2c0919a5fc70,Distinguish linguistic varieties across different regional and cultural groups in audio samples
EF35LP11,d00ff2da-e024-4e73-93c2-4a68d3776bed,Demonstrate respect for linguistic diversity by rejecting linguistic prejudice toward regional speech varieties
EF35LP28,9a003474-6dc2-4c31-a7ac-451093c672da,Read grade-level text with appropriate rate and expression to support comprehension
EF35LP28,3651e93d-7481-4388-9e82-a31ea3a3f01a,Apply suitable posture and interpretive expression when performing a poem orally
EF35LP28,7ce4342c-ffde-4483-8590-5de11a6bcac8,Use vocal expression and pacing to convey meaning in an audio recording
EF35LP10,10674905-2577-4846-93aa-0957ab4e7f32,Identify oral discourse genres used in different communicative situations and contexts
EF35LP10,78fc082a-ab34-4188-8b72-1815e83a6ccf,"Distinguish linguistic and compositional features across oral genres such as interviews, debates, and news broadcasts"
EF35LP10,49660fc8-f18c-41b4-8775-7ead5190a361,Describe expressive characteristics that differentiate spontaneous conversation from formal oral discourse genres
EF35LP29,f7a40aac-f0df-44df-9546-1c21ba3a7438,"Identify the setting, main character, inciting conflict, and resolution in a narrative text"
EF35LP29,a4056048-4edc-47f5-951f-c2a15df9a6cf,Contrast how first-person and third-person narration affect a reader's experience of a story
EF35LP29,f156f058-c920-4a53-9d06-4e28f2c7dc1d,Identify whether a story is narrated from a first-person or third-person point of view
EF35LP31,52f73b9c-7380-4979-80a6-7a47be53ab4b,"Identify sound devices such as alliteration and rhyme in a story, poem, or song"
EF35LP31,ca586e66-9959-444e-9e05-c454b00695c2,Interpret meaning effects produced by rhythmic and sound devices in poems
EF35LP31,1eea979a-c084-487f-bdf8-ecfae74e3b79,Identify similes and metaphors within a given text
EF35LP31,187dda00-c6fe-4ed6-bbf9-ec201d0558a3,Interpret the meaning of metaphors as used in a specific literary context
EF08LP14,762642d3-cd6f-4c0d-8f61-a23147e9cd68,Apply sequential cohesion connectors appropriately when producing texts
EF08LP14,8a67f826-e5dd-42a9-9343-970f33b31a60,Apply referential cohesion resources — lexical and pronominal — when producing texts
EF08LP14,288e0bb4-64f8-46a2-8a6c-814234ac4322,Use passive and impersonal constructions appropriately in text production
EF08LP14,88feb7e9-2a52-488a-9fb6-6db9aaa59fbe,Incorporate direct and indirect speech correctly into written texts
EF08LP14,909fd359-5b08-4ff5-9819-aa052d3cbe74,Select expressive resources appropriate to the text genre when producing texts
EF08LP13,dca29719-2709-4d0c-ad03-ca25265f7fd3,Identify sequential cohesion devices such as conjunctions and textual connectors in texts
EF08LP13,eab71e52-f862-4649-a49c-42685dbc84ac,Infer meaning effects produced by specific conjunctions and textual connectors in a text
EF08LP12,9f0572a8-0626-43a0-9ff4-96598c53b715,Identify subordinate clauses containing frequently used conjunctions in read texts
EF08LP12,c961c6cd-12c9-47b6-bc1a-ff84e9beaf7d,Incorporate subordinate clauses with appropriate conjunctions into one's own writing
EF08LP11,c1013b55-f909-4aa2-8b35-b280ccf7a846,Identify the grouping of clauses into sentences in read texts or one's own writing
EF08LP11,da858056-66ff-418c-8ff9-57469b2194d3,Distinguish coordinated clauses from subordinated clauses within a sentence
EF08LP10,f37c06d6-b065-4bb5-a1f7-571ebc52a748,Identify adverbial adjuncts — adverbs and adverbial phrases — functioning as verb modifiers in texts
EF08LP10,fd5abff1-dcf0-4514-a209-2f5fa645ec6f,Interpret meaning effects produced by adverbial adjuncts in read texts
EF08LP10,d6abb2ca-9766-4373-bb45-b1c3c4e2112e,Apply adverbial adjuncts to enrich and add precision to one's own writing
EF08LP09,de26a09e-a637-48b4-aed9-f1b72e05de02,"Identify adnominal adjuncts — articles, adjectives, and adjectival phrases — modifying nouns in texts"
EF08LP09,f644ea04-a180-4dab-810a-fa7249f2ced5,Interpret meaning effects produced by noun modifiers on subjects or verb complements
EF08LP09,f3ebac8e-8239-4c81-927e-3ae48cd22691,Apply adnominal adjuncts to enrich noun phrases in one's own texts
EF08LP08,23743a3a-b24f-49f7-9622-4d96e4006c90,Identify whether a verb is in active or passive voice in a given sentence
EF08LP08,713c39a9-842a-4b8d-a975-fb35c32a8367,"Interpret meaning effects of active and passive constructions, including the agent of the passive"
EF08LP08,329e9477-d510-4de5-b98b-a4584c7d0a01,Distinguish the roles of active subject and passive agent in sentences
EF67LP10,2f946b55-f8d2-4b6b-acb0-16de1563aca7,"Produce a print news article with structural features including headline, optional subheadline, lead paragraph, and descending-order information"
EF67LP10,12a14de3-9eec-4d14-a068-9fb8e3e8dec5,Apply third-person language and precision-conveying devices in a print news article
EF67LP10,e77ef2e0-c8d2-44d3-af5d-ddc3199b2b63,Use appropriate cohesive devices when writing a print news article
EF67LP10,571adf9a-34e7-478d-a52a-40c1fc836aab,"Produce a news story for TV, radio, or the internet attending to media-specific resources and genre characteristics"
EF67LP10,fa578a88-e282-42b9-9f37-0dfc881e0959,Handle audio and image capture and editing tools when producing a multimedia news story
EF67LP09,6cf54145-df5c-459a-ab3c-f3000f4f9fba,Select a newsworthy event relevant to a school or community context as the basis for a news story
EF67LP09,fb546abb-cbb8-4a36-8c62-94ae3f57f4be,"Gather data and information about a selected event through interviews, source consultation, or document analysis"
EF67LP09,1aca0ab0-ba31-4c35-a9c9-3c83da6ab920,Record and organize information and data collected for a news story
EF67LP09,1e3f62ce-85e8-4381-a0c6-26345e3fb5ce,Plan the hypertextual structure of a news story for publication on a website or blog
EF67LP09,a012d663-632a-41b4-be5b-5e742be7facb,Select or produce photographs and images appropriate for a planned news story
EF67LP08,04a7db4a-c9cc-4832-a4b7-7f90fbcfe1df,"Identify how visual elements — angle, focus, color, and figure/ground — produce meaning effects in multimodal texts"
EF67LP08,abeb23c1-37b6-41ba-a98b-6159d74ad239,"Analyze the relationship between images and written text as reiteration, complementation, or opposition in news and promotional content"
EF67LP08,7cd2d735-44bd-4c22-8fa4-73ca26d84a49,"Interpret meaning effects produced by image sequencing or layering in news articles, memes, GIFs, and advertisements"
EF67LP07,39e00d51-7131-45b8-8404-f8f2affc1dca,"Identify persuasive strategies — such as lexical choices, headline construction, and metaphorical constructions — in argumentative texts"
EF67LP07,e9c48ecb-deba-4c93-9663-ecabe4df21da,Analyze the disclosure or concealment of information sources as a persuasive strategy in texts
EF67LP07,3e5970cd-af3e-458c-961c-4782dd45cb72,Evaluate meaning effects produced by identified persuasive strategies in argumentative texts
EF67LP06,e895dcbc-cc50-4ebd-9286-b68eb5f86ce9,Identify meaning effects produced by specific lexical choices in a text
EF67LP06,aef12bdd-6c0f-4226-960c-6ca5dc5741d2,Identify how topicalization of elements and hierarchization of information shape meaning in texts
EF67LP06,cffe3178-84b0-44a6-b4b1-67110a9ff690,Interpret the effect of using third person on the objectivity or stance conveyed in a text
EF67LP05,66d58890-b235-409f-ad48-2e41de8ec162,"Identify explicit theses, opinions, and positions stated in argumentative texts"
EF67LP05,9bb031b2-23cf-4dc1-9723-739542b8a2d2,Evaluate the arguments presented to support a thesis in argumentative texts such as letters to the editor and opinion articles
EF67LP05,dab73b98-d503-4139-9739-dc7fa3b4eee8,Indicate agreement or disagreement with an argument by citing specific evidence presented
EF67LP04,238dae2f-a9b4-4133-bc6c-1fd4374a5119,Distinguish opinion statements from factual claims in an informational text
EF67LP04,7b164195-55a2-426c-9d61-db2909125c66,Identify linguistic markers that signal opinion versus factual information in a text segment
EF67LP03,a5613234-e385-41ba-8042-67a100fbaf0b,Compare how different authors interpret the same facts about a shared topic
EF67LP03,1b98ae24-da68-4e06-99dc-74ce55dfcb60,Identify differences in point of view across multiple accounts of the same event
EF67LP03,1843cd77-c7d5-49d6-ad10-eab194147ab7,Evaluate the reliability of each news source based on evidence and criteria
EF67LP03,b5c19c09-dad6-472c-90a8-8828b7fe97f6,Analyze potential biases or perspectives present in a given news report
EF67LP02,b7354394-29f9-427e-8cdb-dd8f46845de8,"Identify reader spaces in print and online newspapers, magazines, and news sites"
EF67LP02,91991590-f14a-4e6b-8377-f38ab300e4fd,"Distinguish among genres found in reader spaces, such as news stories, interviews, and editorial cartoons"
EF67LP02,bfd924ad-3f9a-40a8-b3c2-6a6d11379c72,Engage with published texts and opinions in an ethical and respectful manner
EF67LP02,943bd47b-3c43-4291-8b3b-90b226e5250d,"Publish news articles, journalistic notes, or photo essays in reader spaces for a general audience"
EF67LP01,b0043842-bd25-42ec-9bda-7f5ad09b8c15,Identify the structure and function of hyperlinks in web-based news texts
EF67LP01,ea576272-aff4-4ab3-8b66-fb84cceec289,Analyze how hyperlinks expand or connect meaning within a digital news text
EF67LP01,0e1e1a5a-114b-4f36-9bb5-6cc9de229007,Explore possibilities of hypertextual writing by connecting content through links
EF35LP30,61b43bf5-662a-484d-b23f-0608318134ad,Differentiate indirect speech from direct speech in written texts
EF35LP30,eae8ee68-c466-4f38-8f44-e1348c40738b,Determine the semantic effect produced by the choice of reporting verbs
EF35LP30,c9c21fbc-1761-4bb3-8a3d-23c2af325515,Explain the use of linguistic varieties represented in direct speech
EF15LP06,8bf7b4f5-4376-4148-872f-f8dd698927ea,Reread a produced text to identify passages needing revision or correction
EF15LP06,d6668b3f-5545-4747-b404-2ce70045f019,"Make cuts, additions, and reformulations to improve a written text"
EF15LP06,b77914b0-15fa-4718-9be6-d8e40c62d312,Edit writing for mechanical errors as part of the revision process
EF15LP06,52eed962-c70c-4bdf-9c20-36019c50223a,Revise a text collaboratively with peers and with teacher guidance
EF35LP09,07468fba-b7ab-4b78-9f92-2c9429a2d0e5,Identify units of meaning as the basis for dividing a text into paragraphs
EF35LP09,7b144162-e2ea-4a92-879f-effcf2d53bd9,Organize a text into paragraphs following graphic conventions of the genre
EF35LP09,4d580bb8-2296-4493-a9c4-1078a981f89c,Apply paragraph division appropriate to the characteristics of a specific text genre
EF35LP07,9009c261-6854-4d46-8f37-d4881ed33b29,Apply spelling conventions when producing a written text
EF35LP07,61784f92-07f7-4311-83ba-f008e6bcddec,Use correct noun and verb agreement in written and spoken sentences
EF35LP07,b0a384f4-511b-4c66-b45d-df690efe5ed4,"Apply punctuation marks correctly, including period, exclamation point, question mark, and commas in lists"
EF35LP07,741a695f-a537-4293-83b9-3ff5715e728a,Punctuate direct speech correctly when producing a written text
EF02LP08,cbf0b343-31d2-4d61-9620-a1ba1e9c14f4,Identify correct word boundaries when writing sentences
EF02LP08,9430543d-0d30-4cc1-89a1-f05bfa85b0ca,Correctly segment words from one another when writing a continuous text
EF02LP08,4ced63df-2df1-43f9-b3e6-913f1cfd21be,Recognize and correct hypersegmentation and hyposegmentation errors in written sentences
EF02LP07,1f2b0f78-3158-425c-8e05-44b7e7b9e6f1,Write words legibly in print form
EF02LP07,0b21e916-f956-4b58-8285-8a0f3c9b8d46,Write sentences and short texts in both print and cursive handwriting
EF02LP06,4ecd36a9-b8bb-4ba9-babf-fd44266b4199,Identify the acrophonic principle by which letter names begin with their corresponding sounds
EF02LP06,ca0f26eb-d97c-43fa-8222-734859ca4ffb,Recognize that the initial sound of a letter's name corresponds to the sound that letter represents
EF02LP06,bc5c39e0-4192-4b9b-bc32-2c692e9e8600,Apply knowledge of the acrophonic principle to identify letters by their names
EF02LP05,5d73586c-6cca-47f9-a419-97b6753d2b37,"Identify nasalization markers, including tilde, ⟨m⟩, and ⟨n⟩, in written words"
EF02LP05,c6b1efa2-1632-4603-8bb2-93618ab244fb,Read correctly words containing nasalization markers
EF02LP05,1ea521a2-eb38-4d79-8df4-600fedf07168,Write correctly words that require nasalization markers
EF35LP01,62ad832a-9370-4c3a-a65b-2c290f895506,Read grade-level stories independently with sufficient accuracy and fluency for comprehension
EF35LP01,296347e3-c8ae-4574-8c74-5e78c73126fd,"Read on-level text aloud with accuracy, appropriate rate, and expression"
EF35LP01,b621c890-c411-49a4-b84d-6048aba201e2,Demonstrate comprehension of emergent-reader texts through retelling or response
EF15LP19,8ebfb3af-9db8-486f-a0e9-4fe910b8c015,"Retell orally a literary text read aloud by the teacher, using picture support"
EF15LP19,09cde661-c57d-4b6e-abbc-c6b4fdf08727,Describe key events in a narrative in sequence with prompting and support
EF15LP18,cb366ea5-533b-4458-8957-00f398ebed67,Identify how an illustration and its accompanying text together describe a story event
EF15LP18,e6e418bd-1f8f-410c-a16f-3954a67db051,Explain how visual or multimedia elements contribute to the meaning of a literary text
EF15LP17,44c92862-8915-4573-a3cf-ff76dc9739df,Identify visual and typographic elements used in concrete and visual poems
EF15LP17,71f67652-8433-4e4e-87fe-5762bed0e168,Interpret meaning effects created by the spatial arrangement of text and images on the page
EF15LP17,ef3f647e-b40d-4df8-94f0-985479cd3dad,Appreciate visual and concrete poems as aesthetic objects with deliberate design choices
EF15LP16,faf224f1-bbfa-4c76-addb-a9c6ddb21142,Read longer narrative texts collaboratively with peer and teacher support
EF15LP16,d9cf7fad-729d-465b-b2f5-fa4a6fd1de10,Read complex literary texts independently with comprehension at the appropriate grade band
EF15LP16,62bcc1d9-7860-4686-8d80-f61bab08d564,"Comprehend narrative texts from genres such as folk tales, fairy tales, and chronicles"
EF15LP15,5bdb570c-89c1-4ae8-b95a-2027c4f21401,Recognize that literary texts belong to the realm of the imagination
EF15LP15,a4786174-5cc9-4a2b-b290-49ed6ca82baa,Identify the playful and enchanting dimension present in literary texts
EF15LP15,9b55cc9c-56ab-4cdd-b5f3-1c14ac172df8,Value literary texts as part of humanity's diverse cultural and artistic heritage
EF15LP14,c672ea91-7a18-4ce8-986c-0d1de6a639f4,Connect images and representations in stories to deepen shared meaning
EF15LP14,7783105a-4b1a-46ff-b513-abdcbb6f49a5,"Interpret graphic conventions in comics, such as speech bubble types and lettering styles"
EF15LP14,ccc06c90-422e-4c7f-98e6-84647fe9f4d1,Recognize the meaning and function of onomatopoeia in comic strips
EF15LP13,90d504d2-c5e8-47ee-bd4e-db8ff983a825,Identify the communicative purpose of an oral interaction in a given context
EF15LP13,b87614a0-31c3-4caf-9189-024462e8e224,"Distinguish among purposes of oral interaction such as informing, requesting, and recounting"
EF15LP12,d746e7a3-4d20-4e1f-9397-edb3fe6a1eed,"Identify paralinguistic elements in oral communication, such as gestures, gaze, and body language"
EF15LP12,b430b6ac-b882-491d-a340-a6b89aec3411,Interpret meaning conveyed by tone of voice in spoken interactions
EF15LP12,0dd9aaba-8194-414e-aa7d-30eeb908bd2e,Explain how paralinguistic cues such as laughter or head movements contribute to meaning in speech
EF06LP04,2a0550a4-f0d6-4f3c-9b10-60ee9b9a6dcc,Identify the grammatical function of nouns and adjectives in sentences
EF06LP04,d3e2ea57-8b18-4224-a741-25c559485b13,"Analyze inflections of nouns and adjectives for gender, number, and degree"
EF06LP04,4dc39b7d-8c9e-4c8c-a295-811d3a5ba6e6,"Identify indicative, imperative, interrogative, conditional, and subjunctive verb moods"
EF06LP04,0754bdd5-31c2-4a47-bd19-c7d2f63650f6,Identify affirmative and negative forms of verbs across the three moods
EF06LP04,d583f088-f623-40f4-98fe-787f4585629f,Recognize and correct inappropriate shifts in verb mood in writing
EF06LP03,fc438fef-b04e-4753-9e01-442e796a718d,Identify words that belong to the same synonymous series
EF06LP03,54ac6be9-fc1e-4aa2-9d18-cc0a4c4d4598,Distinguish subtle differences in meaning among words with similar denotations
EF06LP03,fb193ce8-19f1-47b7-ac0e-44e6017c517d,Select the most appropriate synonym for a given context based on meaning distinctions
EF06LP02,3e0d12fe-6e74-4229-b9b3-1ceb69e06c7c,Identify the defining characteristics of the news article as a journalistic genre
EF06LP02,5b670797-447d-4beb-8641-919b43bfd09f,Distinguish among different journalistic genres by their purpose and structural features
EF06LP02,0ef7777b-6d72-4f79-a633-a7aaf3125128,Explain the central role of the news article in relation to other journalistic genres
EF06LP01,d594c596-b579-4820-9661-182faa60c82b,Recognize that absolute neutrality in journalistic reporting is impossible
EF06LP01,d924596b-523a-4347-a260-37ba6581a6ab,Identify editorial choices that introduce varying degrees of bias in a news text
EF06LP01,0537e24d-714d-4ef3-adcb-bb24b4fd103b,Analyze meaning effects produced by an author's language and framing decisions
EF06LP01,f6f762c4-6d01-4cc9-adf9-a9438d531567,Evaluate a journalistic text critically by identifying its degree of impartiality
EF06LP01,e821b9ff-c3dc-4378-bb21-bdbdd6a0942e,Reflect on one's own choices as a text producer regarding bias and point of view
EF05LP28,374af1a1-d939-4316-b125-9d45f9641424,Identify multimodal resources present in cyberpoems as digital texts
EF05LP28,3c01e1ae-a444-402e-942c-7fb612d67beb,Identify multisemiotic resources present in short digital stories for children
EF05LP28,e6e418bd-1f8f-410c-a16f-3954a67db051,Explain how visual or multimedia elements contribute to the meaning of a literary text
EF05LP27,5fdee5bf-0b92-43e8-bf26-ce5512b0c871,Apply anaphoric pronouns to establish pronominal cohesion in written texts
EF05LP27,543454ce-f500-485f-9be5-a023bc94961d,"Use connectives that express time, cause, contrast, conclusion, and comparison in texts"
EF05LP27,225690d3-f54b-4496-a59b-46d2d6d2c9aa,Maintain an appropriate level of informativeness when using cohesive resources in writing
EF05LP26,8bd22266-4fd3-4be9-a296-dd02c49db66c,Apply nominal and verbal agreement rules when producing written texts
EF05LP26,9399e2fe-fa4c-4dff-b32e-43bb8929f0c0,"Use punctuation marks—periods, colons, and commas in lists—correctly in writing"
EF05LP26,6d7286b2-9fee-4db9-837b-0e4cd2f33831,Apply spelling rules and patterns to spell unfamiliar words accurately
EF05LP26,c701910b-ad91-43c0-b911-331f7c64b213,Use conventions for writing quotations correctly in written production
EF05LP25,80db8d88-8667-4049-b988-f8de1bdc6549,Plan a dictionary entry considering its communicative situation and purpose
EF05LP25,34f1c11e-f4f6-457d-bcbb-0af660c7b0b3,Produce a dictionary entry in print or digital format following the genre's conventions
EF05LP25,e645245c-97aa-46b5-add1-e23c29084a77,Organize the semantic and grammatical information required in a dictionary entry
EF05LP24,8b770fbb-d2b4-45cc-8d0c-50cfefa1df6e,Plan a text on a topic of interest by organizing research findings from print or digital sources
EF05LP24,b8d8609f-a528-4f96-af7b-e3abe77fbb28,"Incorporate images, graphs, or tables from information sources into a written text"
EF05LP24,46602863-0fbb-4473-9480-77a3e666c4db,Produce a written text that presents research findings suited to the communicative situation
EF05LP23,1a15b037-5506-4e26-839a-08ba54741f52,Interpret data presented in graphs or visual scientific displays
EF05LP23,79ddc701-2117-4674-a2a0-cec955cfea39,Compare information across two or more graphs or tables
EF05LP23,9dcbafef-2ff2-4a74-acba-446ff8e65756,Analyze data represented in tables or graphs to draw conclusions about observed patterns
EF06LP12,f57c9fb6-46e5-4b24-b45a-2d3daeb78057,Apply referential cohesion using nouns and pronouns in written text production
EF06LP12,b91b7de2-e5c8-4c78-8f21-be4373f5b7b0,"Use synonymy, antonymy, and homonymy as semantic cohesion resources in writing"
EF06LP12,9d000bd5-c1a3-43f8-8747-a9ec7434ea27,Use quotation marks to indicate direct speech or a quotation from a text
EF05LP22,653c8133-9c45-4726-9989-466f7e865fa4,Identify the structural components of a dictionary entry
EF05LP22,9d86c958-f83f-4621-aa7d-7a5a5042a4bd,Interpret grammatical abbreviations found in dictionary entries
EF05LP22,e2c9c3d0-c449-4734-afc8-cd353fbd9d8c,Use reference materials such as dictionaries and glossaries to determine word meaning
EF07LP01,edb2729c-93d7-4271-b31e-139fad6e0e84,Distinguish between sensationalist and investigative journalistic approaches in news texts
EF07LP01,842ff1eb-6be0-42b1-b5b1-0e176717c5d3,Identify devices used in news reports to impact or shock the reader
EF07LP01,c702b2a6-c5ba-441d-9946-07ed43d59f1b,Analyze how sensationalist devices may compromise a critical reading of a news event
EF07LP01,5959041b-79ae-44f5-ba27-a5c8703db6dc,Evaluate the editorial approach of a journalistic text to develop a critical stance
EF03LP17,03c26cd5-3947-4679-b1d0-fbd36592ea24,Identify the formatting conventions characteristic of letters and diary entries
EF03LP17,83d4e888-f4f2-4bff-9f7c-f6b5703b3bcd,"Recognize the specific layout elements of epistolary genres—date, salutation, body, closing, and signature"
EF03LP17,9c46ed09-bf42-40af-aad2-73edfa180f8a,Reproduce the structural and layout conventions of letters or diary entries in written production
EF04LP07,0a945e27-e1ec-488f-87ec-d74a6e4ce02c,"Identify agreement among articles, nouns, and adjectives within the noun phrase in texts"
EF04LP07,06bc8710-f5e7-40d2-980a-f87f7fb80b1c,Apply nominal agreement rules correctly in written production
EF04LP06,81e4be28-4729-410a-b42d-6bd33f6845ab,Identify subject-verb agreement errors in written sentences
EF04LP06,c6487949-b71d-4800-903f-bbd7baad103f,Apply subject-verb agreement rules in complex sentence structures
EF04LP05,30291368-8373-4c96-b728-546b2c5a04c6,"Recognize and name end punctuation marks including periods, question marks, and exclamation points"
EF04LP05,5ac86e85-d1d5-4ef2-9cea-3503dd53b913,Identify the function of colons and dashes in dialogue (direct speech) while reading
EF04LP05,aeecd9a4-5e3a-4a94-bf11-8f7feea4bb2d,Use commas correctly in enumerations and to set off vocatives and appositives in writing
EF04LP05,a2b8be2e-8f34-456a-aedd-2ffde0d9ecbb,Apply punctuation marks appropriately in written production
EF04LP04,25a9c695-c559-4bc4-9e7c-76cae941cfa5,"Identify paroxytone words ending in -i(s), -l, -r, or -ão(s) that require a written accent"
EF04LP04,273b860c-b7da-4dd5-bb77-8484c1bc1b68,Apply acute or circumflex accent marks correctly to paroxytone words with those endings
EF04LP03,6f75dc5f-66db-400f-83e0-93bb41edfd10,Locate a word in a print or digital glossary or beginning dictionary
EF04LP03,7dcef716-5865-4fed-8e64-2b307b86759e,Confirm a preliminary word meaning using a dictionary or glossary
EF04LP02,54c2c832-cf89-4b96-a0d2-5462da709419,Recognize VV and CVV syllable patterns containing diphthongs reduced in spoken language
EF04LP02,6217a75a-0498-443f-8671-7525d712cbf1,"Read words correctly that contain the diphthongs ai, ei, and ou"
EF02LP17,755061f8-3ef6-46c3-91fb-b0d9144a40e4,Identify temporal expressions that mark the passage of time in narrative texts
EF02LP17,d40cb1b0-5f1c-416e-81dc-6cc82c836b5d,Use temporal words and phrases to sequence events in a narrative
EF02LP17,ebf0ce41-537c-4650-8cf7-d2871e520d89,Apply transitional words and phrases to order events logically in a narrative
EF02LP17,4bd15736-d43d-417e-b481-620134115922,Include descriptive details to develop experiences and events in a narrative
EF02LP16,af5c91ca-c286-4919-8085-a37b7346d2a3,Identify the specific formatting and layout features of everyday textual genres
EF02LP16,b27a276f-6904-40f2-8997-1e732da77045,"Distinguish the structural elements that differentiate notes, letters, emails, and recipes"
EF02LP16,e26181b1-27e3-445d-a24d-74e1c2d000e7,Reproduce the correct layout of a given everyday genre in written production
EF02LP15,8fd114ed-b32d-484a-8934-b49f23fec4af,Recognize the rhythm and melody of folk songs and songs
EF02LP15,dece1645-cd34-482c-a5b0-3e934507ff8c,Sing folk songs and songs following their established rhythm and melody
EF02LP14,64ea597e-e405-45ea-ae17-d6c289cbf124,Plan a brief observational account by selecting relevant events or experiences
EF02LP14,0de1e38b-9361-496d-865a-3da08049af1c,Produce a brief observational account maintaining the characteristics of the genre
EF02LP14,a4b63e34-d40b-429f-bfbf-0cd5f3d92d67,Adapt the content of an observational account to the communicative situation and topic
EF02LP13,f498b24a-bf6f-4fdd-8be6-5819ef1f8780,Plan a writing piece by considering the purpose and intended audience before drafting
EF02LP13,f498b24a-bf6f-4fdd-8be6-5819ef1f8780,Plan a writing piece by considering the purpose and intended audience before drafting
EF02LP13,87ffd168-f389-4e6a-81ea-c59f1aacbd03,Produce a note or letter in print or digital form maintaining genre characteristics
EF02LP13,797cae65-2824-4734-a8ba-c7e3864dacac,Apply the appropriate format of everyday life genres when writing messages or letters
EF02LP11,3107e552-6bb5-4782-ab5a-1ab41a207a10,Form the augmentative of words by applying the suffix -ão
EF02LP11,f22d8c75-ccbb-4b34-9157-25c97617dcdc,Form the diminutive of words by applying the suffixes -inho or -zinho
EF02LP11,fef6b3cd-96ff-4875-b763-58657c6b2d8e,Distinguish the meaning change produced by augmentative and diminutive suffixes
EF08LP15,2348acf4-44b0-4df8-b795-7f4fd13d349d,Identify the antecedent noun or noun phrase that a relative pronoun refers to
EF08LP15,a899fa3e-5138-4247-9348-df6f07ac9e61,Recognize lexical substitution chains that share a common referent within a text
EF08LP15,0b132118-25ff-45c2-b6ed-85e504640301,Establish cohesive relationships between text parts through pronoun and lexical reference
EF05LP03,26afb4ca-c77d-4da3-a389-7eda1b8cb662,"Identify whether a word is oxytone, paroxytone, or proparoxytone based on its stressed syllable"
EF05LP03,1a17e316-f3dc-4b3b-940e-f13a6cf41640,Apply accentuation rules to place correct written accent marks on oxytone words
EF04LP08,f8ad758a-5da6-493c-b13e-3e4907e3692d,"Recognize derived words formed with the suffixes -agem, -oso, -eza, and -izar/-isar"
EF04LP08,cc995e68-1a5a-4a9c-b086-1ae9c2eb7a1a,Apply correct spelling to derived words formed with the suffix -agem or -oso
EF01LP04,241199b0-b995-45aa-9963-f561d9d80f3f,Distinguish letters of the alphabet from numerals and other graphic signs
EF01LP04,d308ab9a-c4cb-4270-b449-6f6ce7fdc651,Identify letters of the alphabet among a variety of graphic symbols
EF01LP03,cdeea3b6-5396-42ca-b7a6-f564c60d329f,Compare own written productions to conventional written forms
EF01LP03,0d741e78-eda3-4916-af1b-58951173389c,Identify similarities between own written productions and conventional written forms
EF01LP02,2618d9b8-b1ea-4dfc-9a6e-d4017368e234,Write words spontaneously using letters that represent their corresponding phonemes
EF01LP02,e0cff01c-e3c3-4c82-9f84-36b5240b3935,Write words and sentences from dictation using alphabetic form
EF01LP02,e0a130e8-0445-4be0-9cdf-fe406c69bd37,Map spoken phonemes to their corresponding graphemes when writing words
EF01LP01,9c804bb0-44b8-4e30-a300-03462bd85ef9,Recognize that print is read left-to-right and top-to-bottom on a page
EF01LP01,9c804bb0-44b8-4e30-a300-03462bd85ef9,Recognize that print is read left-to-right and top-to-bottom on a page
EF01LP01,365d95e5-0776-44d6-8459-263568ae3236,Identify that print is read left to right and top to bottom on a page
EF09LI19,7bd69d9e-e128-4f16-ace3-5b77f21b7e7f,Discuss how using English as an intercultural communication tool enables personal empowerment
EF09LI19,f8660fdc-d6a0-4ae2-b457-ab4235c194d2,Analyze how intercultural communication in English contributes to identity construction
EF09LI19,689e4ac0-eedd-402d-8c6b-5f1df07d9ac6,Evaluate the role of English as a global language in shaping individual and cultural identities
EF09LI18,82cd8756-bc43-4182-9121-74d9a3aa4b5c,Analyze the role of English in the production and dissemination of scientific knowledge
EF09LI18,9ae61241-473f-476a-b7aa-ac3cb3f1e9a5,Evaluate the influence of the English language on global economic interactions
EF09LI18,c6395663-62a4-488b-8769-581e08a2f45a,Discuss the importance of English in international political communication and decision-making
EF09LI17,393f911f-e4a4-48fe-b327-122d82c3256d,Identify historical colonization processes that contributed to the global spread of English
EF09LI17,a7bb2aa5-ea0d-4391-86fc-d04e98ff9dca,"Discuss the relationship between colonization in the Americas, Africa, Asia, and Oceania and English language spread"
EF09LI17,448d2971-4729-41b5-b2be-f66adfa7b058,Analyze consequences of English linguistic dominance resulting from colonial history
EF09LI16,9866d6e4-5ce3-435a-8482-c9de5f907460,Use the modal verb should to express recommendation in intelligible English
EF09LI16,12d5b5c9-926a-4772-9623-8dd0667b1c2d,"Use modal auxiliaries to convey degrees of possibility, necessity, or permission in writing"
EF09LI16,6ba27cfe-6ed3-495f-8248-b66fe2d70461,Use the modal verbs may and might to express probability in intelligible English
EF09LI16,3e252b19-51bc-4298-a25c-07123ca18354,Distinguish the conditions conveyed by different modal auxiliaries in context
EF09LI15,2c5e2797-5b26-4924-8d84-68090d72b2b3,Identify the structure of Type 1 conditional clauses and their associated verb forms
EF09LI15,1f5126fb-950f-4129-9590-d1d9d0f20e71,Apply verb forms correctly in Type 1 conditional sentences in intelligible English
EF09LI14,6587adcd-2f38-472f-a290-64f8d93e3685,"Select connectors that indicate addition, condition, or opposition to build argumentation"
EF09LI14,bd6e7a43-dabe-4291-8be7-c627e6d68531,"Use connectors of contrast, conclusion, and synthesis to organize discursive intentionality"
EF09LI14,6330815d-cdb5-4fa9-952e-08fd5ca1dc60,Use appropriate transitions to clarify relationships between ideas in an explanatory text
EF09LI13,54c2727a-7956-4311-9afc-e9ccbec44528,Recognize word abbreviations and alphanumeric combinations used in digital genres
EF09LI13,afe75ad8-4f09-4d18-9de1-bff033798558,Identify pictograms and graphic symbols as constituent elements of digital messages
EF09LI13,923e29e4-c701-479c-a5ea-0975f037dc8a,"Analyze new forms of writing found in blogs, instant messages, and tweets as genre features"
EF06LI03,4c69eafa-6851-4746-85b6-0bdabb1d1ec7,Request clarification when something heard or presented orally is not understood
EF06LI03,6b08db0a-7c26-4725-b87f-9936e8609881,Request the meaning of an unfamiliar word or expression in English
EF06LI03,4d618e8f-2691-4ba5-b994-6e7fbe3027c3,Use appropriate English phrases to signal a communication breakdown
EF06LI03,a00d84fd-b466-409c-8527-db9002669145,Apply polite formulaic expressions to ask a speaker to repeat or rephrase
EF06LI02,a01ec737-02a0-4b5a-90cf-63ffea05367c,"Ask questions in English to collect information about family, friends, school, or community"
EF06LI02,637044db-01c6-437b-8b64-b7a8ea48331f,Answer questions in English providing personal information about familiar topics
EF06LI02,1bfac6bb-43fb-4333-a380-0c24f61128a4,Use appropriate question forms in English to gather information from peers
EF06LI02,c7061fed-f433-43f8-8ac5-492cd010075b,Organize collected information obtained through English oral exchanges
EF06LI01,756cec73-79c7-4d85-8790-f28757f4f268,Initiate oral interactions in English without prompting from the teacher
EF06LI01,8869ef64-1645-4bfc-81e3-030c0fc5ca1f,Sustain participation in an English oral exchange beyond a single response
EF06LI01,f7a2d96b-6aab-4643-a21e-a12eaa52e43e,Use English to express ideas or reactions in spontaneous classroom situations
EF06LI01,5ca9116d-d576-4abd-b849-cf805ad22428,Demonstrate willingness to take communicative risks when speaking English
EF09HI36,08faa5c0-4832-4c5e-96cb-ea75e50e3edd,Identify forms of identity diversity present at the beginning of the 21st century
EF09HI36,5ed23357-bdbc-45ea-b8d2-56ddb0788367,Explain the historical significance of identity diversity movements in the contemporary world
EF09HI36,58e6c9b9-d643-4bd6-ab05-49b7acc0456e,Analyze how prejudice and violence are historically rooted in identity-based discrimination
EF09HI36,edbc844d-654b-461e-bc17-7e79ea6de07f,Discuss strategies and movements that challenge prejudice and violence in contemporary societies
EF09HI35,fc3efde6-190c-40d3-b5dc-3fc41064ec03,Define terrorism and identify its main manifestations in the contemporary world
EF09HI35,f6f0303c-107e-4c1d-8500-c990fe4b58b2,Analyze causes and consequences of contemporary migratory movements linked to conflict
EF09HI35,48529c02-37f5-4b4c-9411-bfaf416318ac,Explain how cultural and ethnic tensions contribute to conflicts between different groups
EF09HI35,0276fbb6-64b2-41ac-bed7-52440c525166,"Evaluate the relationship between terrorism, migration, and intercultural conflicts in recent history"
EF09LI09,ddb7bf21-1258-4da4-ab30-a3355cf977c4,Share a written text produced by the group with classmates in English
EF09LI09,65ee2b98-d2c4-4aef-a840-8c0ebec3084b,Evaluate peers' texts acknowledging different viewpoints with respect and ethics
EF09LI09,a55a701c-f516-4380-8abe-21331aea3bee,Respond to classmates' written work using constructive and respectful feedback
EF09LI08,39e94a8c-f18a-4ed1-aacc-ee0a7809bf51,Locate information in virtual environments and social networks
EF09LI08,517f983b-038c-477d-990c-dafda7955d43,Evaluate the quality and reliability of information found in digital sources
EF09LI08,6cc8268b-63a2-4c7c-8df5-833e2b410486,Distinguish valid from invalid or misleading information in online contexts
EF09LI08,bd9cd28c-c821-466a-bee4-eae97687f75d,Analyze how social networking environments shape the circulation of information
EF09LI07,4abe7310-f9a8-47fb-9f62-f759b921e300,Identify the main argument in an argumentative text
EF09LI07,79e630fc-9a23-4a58-9058-7008d74cc8fc,Identify evidence used to support a main argument in a text
EF09LI07,5e435233-b571-4ed7-9ccf-b995b416a154,Identify examples provided to reinforce arguments in a text
EF09LI07,681e99f6-c632-4642-9d77-e403d1606f5b,Explain how evidence and examples relate to the central claim of a text
EF09LI06,7aead04b-d5b4-4af7-b497-b5dcf1a86fb0,Distinguish factual statements from opinions in journalistic argumentative texts
EF09LI06,2840d346-ec56-4d6a-b2de-b35dec0016e7,Identify linguistic markers that signal opinions in journalistic texts
EF09LI06,a0cb053e-4cc1-40af-a7f2-3b809ef2ddaa,Classify statements in a journalistic text as fact or opinion based on textual evidence
EF09LI04,5386f3e6-8a6e-45e7-a94e-8b979feda32d,"Select and organize notes, graphs, or tables to support an oral research presentation"
EF09LI04,4fd8de1b-1bc3-4f67-9d98-08271cd0b278,"Adapt the organization, style, and substance of a presentation to suit its purpose and audience"
EF09LI04,ff0e027b-c283-4c44-9946-1e904587c6c3,Present research or study findings clearly and coherently to an audience
EF09LI04,d6776fc6-f17b-40ca-99ff-60c2653c2a63,Use visual resources such as graphs and tables to enhance an oral presentation
EF05LP02,6d1a4348-dfb7-4e24-85ee-d4064d8d1794,Identify words that carry different meanings depending on the context of use
EF05LP02,47cf50cd-aa10-4905-b8ce-0ed1c1ab24bf,Compare the meaning of a term used in a scientific field with its everyday meaning
EF05LP02,c03e2373-eeef-4e77-9b7a-1c8219e7fdfb,Interpret how context influences the meaning of words and phrases when reading or listening
EF08LI06,a676c7e2-0dcf-4011-9f40-f35923fb56d2,Read narrative texts in English such as short stories or novels
EF08LI06,d1c7b6be-9314-42b8-bf07-03e71f7ede0e,Identify cultural elements present in English-language narrative texts
EF08LI06,5b1fe6fe-ad9f-4a1b-92b9-3c6e0cd07c4b,Recognize the value of English-language literary heritage through engagement with narrative texts
EF08LI08,fa4908e4-b668-4c7c-a27a-4c829d8610ac,Contrast differing information or perspectives presented in two texts on the same topic
EF08LI08,a5613234-e385-41ba-8042-67a100fbaf0b,Compare how different authors interpret the same facts about a shared topic
EF08LI08,a8fffaac-170b-4a83-abe0-6156d072d681,Critically evaluate the content of a text by contrasting it with an alternative viewpoint
EF06LP11,018981ea-3e7b-4b20-8cf4-50d15d4f9361,Apply correct verb tense consistency when writing or speaking
EF06LP11,6b61147d-c158-4e6e-bf3d-b9d5384f0cc6,Apply nominal and verbal agreement rules in written text production
EF06LP11,5c1f2699-b375-48e5-a579-dc3c21a48f34,Apply spelling rules correctly in written text production
EF06LP11,fb6d5b7d-bc9a-40be-9daf-1d1df955dda7,Use punctuation correctly according to the norms of written Portuguese
EF06LP10,b728a6a7-e462-410a-a5cd-ec6824b24e62,Identify the noun phrase as an immediate constituent of the clause
EF06LP10,c6781c7b-95f2-4456-ac92-0c56d22a6d86,Distinguish noun phrases from verb phrases within a given clause
EF06LP09,aedc4316-6305-4a85-ac52-a59e20c7464c,Classify a sentence as simple based on its syntactic structure
EF06LP09,c4ce9c1f-813d-4b2c-b32b-3782a000aa03,Distinguish simple sentences from compound sentences within a text or textual sequence
EF06LP08,aea71adb-0208-4bee-b24d-cd0dd377d842,Identify a clause as a unit organized around a verbal nucleus in a text
EF06LP08,de37f3b4-7c36-48ce-9415-d23c55cac212,Identify a sentence as a set of connected clauses in a text
EF06LP08,b25bc936-103f-49a2-b706-acf195d57fec,Distinguish clauses from sentences in a given textual sequence
EF06LP07,8f76843c-653f-4ec9-8d3e-4ff466d66277,Identify compound sentences formed by clauses separated by commas without conjunctions
EF06LP07,55a38352-a4b7-4885-8936-f18539fa8164,Classify asyndetic compound sentences as formed by coordination
EF06LP07,aaa58d3b-4b1f-4b41-b68b-d0e82b1970d3,Distinguish coordinated clauses linked by commas from those linked by conjunctions in a text
EF06LP06,b1ec64e8-b23a-4048-9acc-46205fc54cdc,Apply nominal agreement rules between nouns and their determiners in written texts
EF06LP06,50977cbd-c4ba-4753-a2de-395814134379,Apply verbal agreement rules between the verb and a simple subject
EF06LP05,796d3363-7cfa-4668-8e88-af6036d065a6,Identify verbal moods used in a text
EF06LP05,51df47eb-de8c-4138-88d1-0d40b754cc98,Interpret the meaning effect produced by a specific verbal mood in context
EF06LP05,0a6ebb03-d2ef-4386-98bf-55a1c17fa324,Relate the choice of verbal mood to the text genre and communicative intent
EF08LI12,332d901c-43a4-4983-8cb5-b8d61d00bb57,"Identify vocabulary related to future plans, predictions, and expectations in English"
EF08LI12,8e41b965-a68b-432c-9320-d6cfe565428b,Use future-oriented expressions to describe personal or collective plans
EF08LI12,87f0e012-bb55-46da-93a4-5fa5f86ae8c4,Apply lexical items about predictions and expectations in context-appropriate sentences
EF08LI12,07f7bf04-bc0c-4413-b6d0-b9de739137eb,"Distinguish between vocabulary expressing plans, predictions, and hopes for the future"
EF08LI11,ca7cad5a-6c2d-4a07-92e5-61e3d7df19fb,"Plan a written text in English by defining audience, purpose, and content about future themes"
EF08LI11,d330cda5-858e-4dad-8840-4db6b216c619,Draft a text in English expressing dreams or future plans using an appropriate genre
EF08LI11,0cbd1b62-14f0-4004-815c-afbfbb594626,"Revise a draft to improve clarity, organization, or development of ideas"
EF08LI11,b9d8f095-8f61-44a8-ac10-a39865dfe5a5,Edit and prepare a final version of a text in English for publication or sharing
EF08LI10,742e4a85-20a6-4ca3-ac8e-4b43a5baac2c,"Identify sections of a text that require cuts, additions, or reformulations during revision"
EF08LI10,cb67704d-4d7a-406b-8c69-14e3c5f5f14f,"Apply revision strategies such as cutting, adding, and reformulating to improve a draft"
EF08LI10,48a7c4fc-9640-4ead-bbe6-ba08f34810a3,Correct language errors in a text to prepare it for final publication
EF07LI12,24c3ef0a-1680-4118-9d97-ca9d985604af,Identify the task and purpose before beginning a piece of writing
EF07LI12,130eaadf-ea54-46a6-a5bd-a35e3c657c88,Select an appropriate layout and medium for a planned text based on contextual factors
EF07LI12,64c9ed2b-e76d-4861-a930-15779100e8b1,"Organize ideas for writing by considering audience, purpose, layout, and medium together"
EF07LI11,569f2f5d-f856-402b-8256-4ceab957e55f,Express an opinion about a text read in or outside the classroom in English
EF07LI11,af1919b1-ecf2-4de3-a1e3-068ff723d493,Respond to peers' opinions about texts during classroom discussion exchanges
EF07LI11,b1cdfe90-a36d-47f6-bf25-7111699fca71,Share relevant information about a text read in an appropriate communicative context
EF07LI10,8a223e6b-a674-429d-a1d1-acdda4b814de,Evaluate the reliability of an English-language online source for academic use
EF07LI10,fb8e7186-c5b5-44d9-90a4-74c7d5a60778,Select appropriate English-language digital texts to support school research projects
EF07LI09,f089238c-2fec-4d6d-9be7-6f9a31a59027,Apply a given reading purpose to locate specific target information within a text
EF07LI09,4193f7a6-83a9-485e-9941-147d73136201,Use scanning strategies to find particular information in an English-language text
EF07LI09,c8a3505a-f157-40ce-a5e5-6d6e9b0449aa,Distinguish relevant evidence from irrelevant information when supporting a claim
EF07LI08,9faacf1f-eead-4af7-b0d1-fb664df20314,Determine the main idea of an informational text
EF07LI08,369f6469-6c2e-4761-8fd5-31a5361df227,Connect ideas across paragraphs to construct the overall meaning of a text
EF07LI08,ec6bc1b1-a842-4d00-8890-2f2165151442,Recognize cohesive devices that link paragraphs within a text
EF09LI02,3e00b05c-9e19-4666-b955-94bdd689e454,Identify key ideas in a text while reading or listening
EF09LI02,653a010d-c8d8-4e8b-be76-ba2a9ae27ddf,Record key ideas from a text using concise note-taking strategies
EF09LI02,aa04e160-dfbf-42d5-be55-c3805b2ce006,Organize notes taken from a text to reflect its main points accurately
EF06LI13,89ae9ab9-d72c-4e64-91e8-1b8693f30370,Generate ideas related to a given theme before beginning text production
EF06LI13,56a655a3-bfbd-4cde-a5df-8240fed1facc,Select relevant ideas for text production based on the specified subject matter
EF06LI13,0ecae841-7f6d-4718-8174-65820267befc,Organize generated ideas to plan the content of a text
EF09LI03,df43a970-71fc-4682-9e10-357a6448f3b6,Identify positions defended in an oral text on a topic of social or collective interest
EF09LI03,e72d7c5d-f3a2-49fc-a652-b835b7c29ad1,Analyze how speakers support or challenge positions in oral argumentative texts
EF09LI05,c3ad3ca1-13f1-4f94-bf34-cbdb42b52933,Identify persuasive word choice and wordplay used in advertising or propaganda texts
EF09LI05,48f81bba-5a64-4f96-90ed-8e0c79d54f8c,"Recognize how color, images, and font size function as persuasive elements in advertisements"
EF09LI05,6add49a4-d63d-4437-8384-73e2a80a44e9,Analyze how specific persuasive techniques combine to influence an audience in a given text
EF06LI11,10b36a4c-9319-40f9-82a0-f5cfab5e25e0,Navigate digital environments or applications designed for English vocabulary learning
EF06LI11,5f46a0e1-5c85-40b7-b6fb-03a5252d6b56,Use digital tools or apps to discover and record new English lexical items
EF06LI11,29475b03-ddb0-4dfe-80a8-e7c3ad19aa69,Expand English lexical repertoire through exploration of digital language resources
EF06LI10,f5fa19bc-8b8b-4509-8348-34371261051b,Identify the organizational structure of a bilingual print or online dictionary
EF06LI10,fa1c1651-4f25-4568-b451-90f0cb89b6e4,Use a bilingual dictionary to locate the meaning of unfamiliar English words
EF06LI10,b2a1c84e-71c3-406e-afa4-5133fd2e0795,Apply bilingual dictionary conventions to build English lexical repertoire
EF06LI09,390bba91-18a8-47d7-8792-e405297ac8e4,Use scanning strategies to locate specific information within an English-language text
EF06LI09,bacfc7d8-5249-4baa-a631-5a7a67a432ea,Distinguish the specific target information from surrounding text content
EF06LI08,e72f20e0-abdc-44dc-bd9d-88fed99dc782,Recognize cognate words in an English text to infer its topic
EF06LI08,15f28937-9bb6-4154-a802-6e1481586acb,Identify textual organization features that signal the topic of an English text
EF06LI08,9410d537-19b7-4ad0-b1c1-bedae551ff39,Determine the topic of a text by combining cognates and organizational cues
EF06LI07,148180cf-0bfc-4de7-8047-4fc8b1cf1b05,Recognize structural and graphic cues in an English text to formulate purpose hypotheses
EF06LI07,365b5ba6-027a-4970-8381-44ff0ada9054,Use textual organization features to predict the communicative purpose of a text
EF06LI07,18406e9d-cd59-4672-8c72-614352c470c2,Formulate and justify a hypothesis about the purpose of an English text based on visual and structural evidence
EF06LI06,5986b59e-bd47-4847-805f-e96d80b5f24e,"Plan an oral presentation about family, community, or school for a specific audience"
EF06LI06,8e720b8b-54b4-4c18-84f2-39732955fc31,Organize content for an oral presentation about personal or community topics
EF06LI06,43eca0f2-85e8-4759-bd60-fa579ec11f34,"Deliver an oral presentation in English about family, community, or school to the group"
EF06LI05,71ae5148-5268-438e-a392-e639c91b2613,Describe oneself and others using English vocabulary related to personal characteristics
EF06LI05,c85598d4-5af4-4aa9-a061-1b9438295e80,"Express likes, preferences, and routines in English using appropriate language forms"
EF06LI05,5f1bf8d8-4b76-4d69-8fbc-5a4ff1f7d53e,Convey personal information about oneself or others in an English communicative context
EF06LI04,958f02fe-0116-4980-8c96-bc505089ff2c,Identify the topic of an oral text on a familiar subject using cognates and contextual cues
EF06LI04,52deb3d2-8881-4a8c-ac3f-09490cb82408,Recognize main information in an oral English text on a familiar subject with contextual support
EF06LI04,33c72e34-a51d-45b8-9cec-038bcd0613f6,Use discourse context cues to support comprehension of oral texts on familiar topics
EF09LI12,acc10325-41da-453f-8396-8526553f8952,"Identify the communicative purpose of multimodal texts such as infographics, memes, and photo essays"
EF09LI12,82e383fe-7cee-46bb-9f81-954ac442e879,Select a text genre appropriate to communicate a position on a local or global collective issue
EF09LI12,69035a3d-4f85-444a-9438-16e5ea78ace6,Construct a multimodal text that expresses a clearly defined critical stance on a collective topic
EF09LI12,cc804414-0544-40c8-bbc1-b2ae43048fdb,"Integrate graphical, audio, or visual elements to clarify evidence and reasoning in a presentation"
EF09LI12,d246b5a2-76ea-4373-80ba-d0a77c486249,Evaluate the relevance and impact of a produced text for its intended audience and context of circulation
EF09LI11,5049435f-2d40-42ff-a54a-bf5cd702af9a,Identify verbal resources used to construct persuasion in advertising texts
EF09LI11,ef9f6661-ccfe-4e42-b270-52aa2d040f53,Analyze how verbal and nonverbal resources work together to persuade a target audience
EF09LI11,2646ee57-8a1f-4278-b306-038815ae1971,Produce an advertising text using verbal and nonverbal persuasive resources appropriate to its context of circulation
EF09LI10,28c18da3-fd37-48db-abde-7a9995f3d6e2,State a clear point of view or opinion on a topic or text in an opinion piece
EF09LI10,2573f768-6b2f-43a6-8fbc-d0d89804df5a,"Research data, evidence, and examples to support arguments on a proposed topic"
EF09LI10,05c61e81-9767-42e5-9a63-29a74c8a2432,Evaluate the relevance and sufficiency of evidence used to support an argument
EF09LI10,10f8fa7f-ab5b-4e85-9a2a-9d2378255578,Organize reasons and evidence in a logical sequence to support the claim
EF09LI10,8348e295-7a66-4225-a78c-69636375fc7a,Produce a written text that presents and defends a point of view using well-supported arguments
EF06LI18,17926c6d-9fb0-4910-87a8-05926869e805,Identify sounds present in English that differ from sounds in one's native language
EF06LI18,29e31f24-d6f6-407c-970c-233f07291de9,Compare pronunciation patterns of words in English with those in one's native or other known languages
EF06LI18,a4171832-d0b1-4ece-9e7a-8360d6e2083a,Recognize similarities in pronunciation between English words and words in one's native or other known languages
EF06LI17,49bced04-8914-4ea4-b2ef-e1c579d6d7df,"Identify vocabulary related to familiar topics such as school, family, and daily routine"
EF06LI17,16c74043-79b9-4f82-b649-2169f57670de,Use surrounding sentence context to infer the meaning of an unfamiliar word
EF06LI17,bd3b6580-8373-4ca5-8cbc-0a0784899b2b,Use vocabulary acquired through conversations and reading in oral and written responses
EF06LI16,e2133500-f94a-4c5b-8dea-d930d9893e90,Identify common expressions used for social interaction in English
EF06LI16,84ed95da-18d7-4fe9-996e-34a5f1c5e998,Recognize expressions used for classroom routines and instructions in English
EF06LI16,1879a8ce-e671-415f-9794-68b0c60c6829,"Use fixed expressions appropriately for greetings, requests, and classroom interaction in English"
EF01LP05,b7d718c4-c043-4a19-b4b0-baf418d1e732,Recognize that spoken words are represented in written language by sequences of letters
EF01LP05,b7d718c4-c043-4a19-b4b0-baf418d1e732,Recognize that spoken words are represented in written language by sequences of letters
EF01LP05,72d99206-d410-4708-8628-b6a30b480ee7,Distinguish alphabetic writing from other writing systems based on its sound-symbol correspondence
EF06LI15,fc02218c-0e9a-4a24-858c-391f3f0f753d,"Identify key features of written English genres such as comic strips, blog posts, and chats"
EF06LI15,5d41d456-bc14-4543-9b69-6b2e87f5dee7,"Write sentences in English describing oneself, one's family, friends, and personal preferences"
EF06LI15,46b1711e-5742-4fc2-8122-07b1d4c89d77,"Produce a short written text in English about one's routine, community, or school context"
EF06LI15,a6a5c638-b8bf-4a3b-a53f-2e92d1a5df1b,Select an appropriate genre and format to present personal or community-related content in written English
EF01LP06,07a3c733-b23f-4bee-a8c7-d2e8464b84a1,Segment spoken words into individual syllables
EF01LP06,dd60925f-f2d6-4800-8e3d-fb4681deb36c,Count syllables in spoken words
EF01LP06,f2602cdd-f417-4b88-a010-a2fc82b4e519,Identify syllable boundaries in words of varying lengths when spoken aloud
EF01LP08,353e7e04-45ce-47ae-b239-e1e633b61d32,Match spoken syllables to their corresponding written representations
EF01LP08,333a6abd-78a4-43a9-a8c4-b6373102b529,Identify the written representation of individual phonemes in simple words
EF01LP08,12105356-e333-42eb-8e73-dfc5ba62d57d,Map sound segments of a spoken word onto letters or letter groups in its written form
EF08LI04,c97e8129-8d6e-4605-8e4c-582110cbf09a,"Identify linguistic structures used to express future plans, predictions, and possibilities in English"
EF08LI04,fe21fa66-1199-4a0d-919e-9e38f4afa22f,"Distinguish between linguistic forms used for predictions, plans, and probabilities about the future"
EF08LI04,b87d99c8-973b-4796-8ea7-3e454270a464,Use appropriate linguistic resources to express future plans in oral or written English
EF08LI04,862c1b32-0879-449c-aef6-3e05f7df009d,Use appropriate linguistic resources to express predictions and probabilities about future events in English
EF08LI03,db989a8b-f82b-4663-ba1e-993e7f806f89,Identify the main topic of an oral text by connecting its key parts
EF08LI03,31f5d901-d0e7-4939-846d-4e478d622480,Extract relevant information from an oral text to construct its overall meaning
EF08LI03,89b9b99a-53a8-4d78-a4c2-633ae8283c51,Connect different sections of an oral text to build a unified understanding of its content
EF08LI02,eeaae653-d81c-4dfc-8d4a-c83dfa27c4cc,Identify linguistic resources such as hesitations and incomplete sentences in oral interaction
EF08LI02,6e9e6666-e461-45d4-8022-4996b337aca5,Recognize paralinguistic resources such as gestures and facial expressions used in oral interaction
EF08LI02,fa8ed08f-d375-4973-94b6-6ff4d2a4492f,Analyze how linguistic and paralinguistic resources contribute to meaning in oral communication
EF08LI01,95f68ac8-db38-48f4-9696-17017f4179f6,Use paraphrasing in English to clarify or resolve misunderstandings in oral interaction
EF08LI01,fe19ad7e-5ad7-4fa8-8f52-b9ae74cc570f,Share and justify personal opinions with reasons during collaborative interactions
EF08LI01,1a3e246e-cf9e-46e6-b878-a79bdcbc27b4,Clarify information in English by providing explanations or justifications when needed
EF07LI23,3ff5d4f5-257c-4acc-9173-87bdf6ff263e,Identify examples of linguistic variation as expressions of different cultural worldviews
EF07LI23,b46ed294-1325-47f3-91cc-c1d1a14e21c8,Recognize that different varieties of a language reflect distinct ways of thinking and expressing the world
EF07LI23,42a289c6-7cf6-42db-b378-32b1b20d67e9,Analyze how linguistic variation manifests differences in cultural perspective and expression
EF07LI22,4828b8a3-613a-4b5e-a603-a5f53ce05356,Identify different varieties and accents of spoken English across contexts and communities
EF07LI22,b4a98361-7f10-4c21-89db-113d8f0ec042,Recognize linguistic prejudice related to non-standard varieties of English
EF07LI22,2b2c81fd-b8ed-473d-9636-20f501b50eed,Explain linguistic variation as a natural and inherent phenomenon of any language
EF07LI21,c88e88ea-a58b-447e-a70b-d983a297dd3f,Identify contexts and domains in which English is used as a global language
EF07LI21,56e90b61-2acb-4711-9cf0-c43bc929daf4,Analyze reasons for the widespread reach of English in a globalized world
EF07LI21,899313e3-cff4-4aa0-91df-9d59b7214385,Recognize the diversity of communities and purposes for which English is used internationally
EF07LI20,074a2573-cb63-4576-bd34-dd34b7cee31d,Use the modal verb can to describe abilities in the present
EF07LI20,d674c38d-5c20-4deb-a1d0-ace2c9efbfae,Distinguish between the use of can and could to express present and past abilities respectively
EF07LI19,bf7130b6-8711-49bc-b676-9eda162bb171,Distinguish between subject pronouns and object pronouns in English sentences
EF07LI19,64f1defc-e812-437f-b237-808d5e8e03ff,Use personal pronouns correctly as subjects and objects in sentences
EF07LI18,4f2704b8-a474-4483-890f-b8374dea6d4a,Form the simple past tense of regular and irregular verbs correctly
EF07LI18,0e3fa710-3131-4a74-bbc1-7a06ba6aae59,Use past progressive tense to describe ongoing past actions in writing
EF07LI18,39b45b5a-8398-4ceb-bba3-533e36bd85fb,Distinguish between the simple past and past continuous to express relationships of sequence and causality
EF07LI17,1000aa2d-21e7-4b1b-b4eb-fc39fddbd1b6,Distinguish between multiple meanings of a word based on its context in a sentence
EF07LI17,3a9ed4bc-439c-4543-b9b4-514985bb32ca,Distinguish between different senses of a polysemous word in a given sentence
EF07LI17,627b1c82-0ee9-4c4c-8590-4b9ff5c02e37,Determine the meaning of a word or phrase based on contextual clues in surrounding text
EF07LI17,df67cb86-da5a-4519-af7a-12dda33eb87e,Interpret the meaning of words with multiple meanings within their specific textual context
EF07LI16,42ba18e5-ed1a-4995-ab95-ae5fa27d9fc1,"Recognize the three pronunciation patterns of regular past tense -ed endings (/t/, /d/, /ɪd/)"
EF07LI16,90abf142-2a6c-4278-8558-baacf4b6cabc,Classify regular past tense verbs according to their -ed ending pronunciation
EF07LI16,2bf4b0af-4841-42c0-b968-426c7e2b68b6,Apply correct pronunciation of -ed endings when reading regular past tense verbs aloud
EF07LI15,c257f18a-5223-4f3e-9277-ce71acabe13d,Distinguish between regular and irregular past tense verb forms in context
EF07LI15,05563457-ce26-4df8-8a68-07c48202ebac,"Use prepositions of time (in, on, at) correctly with past time expressions"
EF07LI15,6c846ffd-6ed3-443c-b387-c394f325a3ea,"Use conjunctions such as and, but, or, so, and because to connect ideas in writing"
EF07LI15,4207ed09-8458-41c2-8f63-dab82e14433d,Produce sentences using past verb forms alongside appropriate time prepositions and connectors
EF07LI14,82c41ac0-3cb4-4ac2-958c-ffc93f6d9825,"Identify key features of texts about past events and historical figures (timelines, biographies, encyclopedia entries, blogs)"
EF07LI14,77fafdba-dd85-48dd-ae36-eb800c1cf710,Use past tense verb forms to narrate events and describe historical figures in writing
EF07LI14,62d394bc-48f1-438e-acbb-34998172f356,Produce a structured written text about a past event or historical figure in an appropriate genre
EF07LI14,28809e59-45cd-4df3-925c-6cfd0f13c054,Select genre-appropriate language and organizational features when writing about past events
EF07LI13,5203bf0e-97b0-4214-85ba-23ae072a41f0,Group related information into paragraphs or sections in an informational text
EF07LI13,0cc59e95-896e-4933-91a6-a9b02d4ac926,Introduce a topic clearly and organize informational or explanatory content logically
EF07LI13,f943cd6f-a3a2-499a-85e3-3dabbe00f2b7,"Select graphic organization, medium, and format appropriate to the text's purpose"
EF07LI13,d9981689-d513-453d-b0bd-001fca3876fd,Explain how a paragraph's organizational structure supports the overall meaning of a text
EF01LP10,900ed6dc-b44e-43e8-b951-6b2c98a420c3,Name any upper- or lowercase letter of the alphabet when shown it in isolation
EF01LP10,58cfae1a-5a70-46bc-b33b-8d8702723cbe,Recite the letters of the alphabet in correct sequential order
EF01LP09,12af0f28-c72a-4288-9cf2-804331292389,Compare two words by listening to the sounds of their initial syllables
EF01LP09,57a746c3-280b-4f9e-9b61-da7324f7a51e,Identify similarities between the initial syllable sounds of two or more words
EF01LP07,0f3b876f-624d-4471-9bd5-4c731bbb3c6a,Distinguish spoken words by identifying individual phonemes within them
EF01LP07,5e6fb641-f81d-4745-bbfd-5d4dff0030bf,Identify the letter that corresponds to a given consonant sound in spoken words
EF01LP07,e12b4774-ed28-40ba-a13d-0629a4d7237a,Distinguish between different phonemes and their corresponding written representations
EF08LI05,9479cf95-7fb6-484a-8839-37507ee3e278,Distinguish between explicitly stated information and inferences drawn from a text
EF08LI05,27815c1f-c89a-48ba-8f50-586968306453,Infer relationships between ideas that are not directly expressed in a text
EF08LI05,adf587b0-4f38-4e58-81d5-c397e3c3ad06,Select textual evidence to support an inference drawn from a literary text
EF08LI05,89899e92-2e50-4c5a-baab-7a5382cc57d2,Make logical inferences based on textual evidence from a reading
EF06LI14,fef37d2d-ad7b-40d3-a518-f65af8148f0d,Identify the structure and purpose of a given text type
EF06LI14,fd079d2d-4ec1-4a89-b3a0-1f1eb8092d1c,Select ideas relevant to the structure and purpose of the text being produced
EF06LI14,cd135a5c-3894-4564-bf3e-20cf60ee4704,Organize writing in a structure appropriate to the task and purpose
EF06LI12,f208e697-e1d1-4d3e-afeb-78e6438154e3,Identify the main topic of an informational text
EF06LI12,7d2a3068-f96b-41a1-a4ab-42472618d95e,Share personal ideas about what a text informs or communicates
EF06LI12,eaf5cb26-69c7-4fae-96ca-2ad2632e7eb6,Respond to peers' ideas about a shared text during discussion
EF09LI01,437246a6-8af8-436b-a601-deee2182b627,Express a clearly stated point of view in English on a given topic
EF09LI01,62f26e18-dc0c-4125-88c5-519b5a2f835c,Construct arguments in English to support a stated point of view
EF09LI01,3df261cf-870f-4e13-afa2-6adbf88c842f,Formulate counterarguments in English to address opposing positions
EF09LI01,5316d9d4-bfec-48d0-91ad-dc2eef839f62,Select linguistic resources in English appropriate to context and communicative effectiveness
EF09LI01,f2103187-4d5d-4bf1-b467-8e201346fb9e,Evaluate the clarity and persuasiveness of arguments presented in English
EF08LI20,90fb7438-adde-4844-8a48-7899f62a132e,Identify cultural factors that may cause misunderstandings between English speakers from different backgrounds
EF08LI20,3d43d9dc-de0f-4eef-b115-d94c7232063d,Explain how differences in cultural norms can hinder mutual understanding in English communication
EF08LI20,66332b42-a09a-4e3c-b844-4dc9efe95571,Analyze a communication scenario to detect potential cultural barriers to understanding
EF08LI19,50b70ad6-db85-4220-a7dd-48314033aa34,"Identify expressions, gestures, or behaviors that carry culturally specific meanings"
EF08LI19,2417b455-c34c-4f6e-99d0-b5a18c2e413d,Explain how cultural factors influence the interpretation of gestures and expressions
EF08LI19,71e3ad3e-12fd-4a0e-8565-c8dfde7b15e4,Compare how the same expression or behavior may be interpreted differently across cultures
EF08LI18,8fbefbda-412b-4f82-8ee3-581faf1ba87f,Identify artistic and cultural expressions associated with the English language across various art forms
EF08LI18,bb211d63-5180-483a-8c79-52c2ed82418e,Describe cultural practices and values reflected in English-language artistic or cultural expressions
EF08LI18,53794405-aef4-4b8f-a7f2-83b79683660c,Compare cultural expressions from different English-speaking communities to recognize diversity
EF08LI18,b4cb7978-82c0-4cf1-a2f1-2e43440f8edf,Evaluate the importance of valuing diversity when engaging with English-language cultural expressions
EF08LI17,52065278-f318-4cdd-a980-6c0f49e44e43,"Identify relative pronouns (who, whose, whom, which, that) in sentences"
EF08LI17,16dc807f-56ba-4476-9d4d-6c9c5faa1310,Construct a complex sentence by combining two clauses using an appropriate relative pronoun
EF08LI17,389758bd-78f7-4abf-acad-99bd27e20637,"Use relative clauses with who, which, that, and whose intelligibly in written and spoken production"
EF08LI16,2314b204-c799-42ae-8b0f-41bbd0414350,"Distinguish between the uses of some and any in affirmative, negative, and interrogative sentences"
EF08LI16,cffbca39-ad6c-4e62-b23e-299f28c9a1ab,Distinguish between the uses of many and much with countable and uncountable nouns
EF08LI16,2af0ba44-3094-422d-aa56-74bf87bab036,"Use some, any, many, and much correctly and intelligibly in sentences"
EF08LI15,38da6400-23b4-4281-9b53-c1d89a028a75,Form comparative and superlative forms of regular and common irregular adjectives
EF08LI15,cb9d0a83-492e-4b76-aa56-6646b193c7b8,Use comparative adjective forms to compare two qualities or quantities
EF08LI15,bed7c934-523e-47eb-a4f2-d53dcbb389b6,Use superlative adjective forms to express the highest or lowest degree among three or more items
EF08LI14,50492e47-74fc-40ad-ae74-30505fa78fc8,Use will to make predictions about the future
EF08LI14,5345b646-f303-4489-a666-4e122a2b0b0b,Use going to to describe plans and expectations about the future
EF08LI14,78d95ed6-3322-4ca9-abc6-3ee80cb83a1e,Distinguish between will and going to based on communicative context
EF08LI14,44e2c172-05d7-4354-b269-1cede78778e9,"Produce sentences using future verb forms to describe plans, expectations, or predictions"
EF08LI13,c55e02cc-c91c-4aa4-a966-5660289efce4,Identify common suffixes in English and describe their effect on word meaning or grammatical class
EF08LI13,b6407e0a-a7f1-447e-80a9-057a8f15857c,Apply knowledge of prefixes and suffixes to clarify the meaning of unfamiliar words
EF04LP01,92e3fb95-2b3e-4439-90ea-b3c5273d3b86,Apply direct phoneme-grapheme correspondence rules to spell words correctly
EF04LP01,c1314361-e947-4164-8268-b3a3c105e4c1,Distinguish between direct and context-dependent spelling rules when writing words
EF04LP01,7d422d9b-24df-48c9-9029-b6c80a96caf1,Identify the appropriate spelling rule required by a given phoneme in context
EF03LP27,662994cd-c9e4-4f92-bbcc-3dabb4ccba55,Recite cordel literature texts observing their characteristic rhyme schemes
EF03LP27,538a1f18-2cbc-4d6d-99b4-4751d7cd67a1,Perform repentes and emboladas adhering to their improvised vocal rhythm and melody
EF03LP27,de7a6c4d-0bdc-47a0-b90b-4399b08719a5,"Identify and reproduce rhyme patterns in cordel, repente, and embolada texts"
EF03LP27,0a660d4b-cb20-47c0-973f-30f0f7f5edee,Maintain appropriate rhythm when performing northeastern Brazilian oral poetry genres
EF03LP26,a9e88edd-c1c8-4c63-ba45-1f830d0aa983,Apply formatting features such as headings to aid reader comprehension
EF03LP26,502080c4-da74-4b7d-b03c-708a675ffc84,"Reproduce layout elements of research reports, including steps, tables, graphs, and illustrations"
EF03LP26,3e550bb7-6b5a-4a0b-961b-19b9e886be92,Recognize how genre-specific layout elements are adapted in oral versions of reports
EF03LP26,048bcb12-58d3-4b96-bdb1-d561b3ba961c,Distinguish the structural organization of observation reports from other informational genres
EF03LP25,b89d9ea9-23e5-467e-a27a-b51a263d23a6,Plan a text to present results of observations or research for a specific communicative situation
EF03LP25,a277183f-b51b-4522-b70d-c58a81419905,Produce a research or observation report incorporating relevant visual elements such as images or graphs
EF03LP25,c2d98125-76a6-42f1-9de5-eec847ad286a,Select and integrate graphics or multimedia to clarify complex information
EF03LP25,f268696a-38fa-4336-8477-bde9bbf1930a,"Write for a range of audiences adjusting tone, content, and format appropriately"
EF03LP24,b99fe7e3-d9d6-42ca-9264-5a8e78db0dba,Read and independently comprehend observation reports considering the communicative situation
EF03LP24,d29f663b-a555-493a-8114-6554080fc8e4,Read and independently comprehend research reports drawn from informational sources
EF03LP24,246159e4-d9de-489e-82f5-76d00e24ed49,Identify the main topic and key details in an informational text
EF03LP24,56d360d6-413a-44b1-83d3-3acadc300652,Distinguish between relevant and irrelevant supporting information for a given topic
EF03LP23,73007a22-489c-4db0-b959-d69865c2e7a4,Identify adjectives used in reader letters or complaint letters addressed to media outlets
EF03LP23,541dcd0b-e38d-4fbd-bc33-22122f50f252,Analyze the persuasive or expressive function of adjectives in letters to print or digital media
EF03LP23,e2f064d0-1b8e-48f2-afca-20dcdf32dae7,Explain how adjective choices contribute to the writer's opinion in media letters
EF03LP22,57bbca1f-b3d5-4f14-8d7a-1954c22cc8d5,Plan a children's television news broadcast considering genre-specific speech organization
EF03LP22,e0f37398-5760-4e7d-a45e-65f9a2f7c802,Collaboratively produce news segments suitable for oral or digital delivery to a child audience
EF03LP22,95b7c12f-6737-44cc-b303-d2582afd1458,Incorporate campaign texts into a children's news broadcast appropriate to its communicative situation
EF03LP22,f4d07232-b15f-4619-a218-c5ad9a7952be,Adapt spoken language to suit a specific communicative context or audience
EF03LP21,0252c0e4-8a78-43a0-b5bf-9ceb856bc969,Produce advertisement texts aimed at a child audience using persuasive language devices
EF03LP21,d1194272-659f-45e9-b812-9a37df10a894,"Apply visual and typographic elements such as colors, font size, and layout in awareness campaign texts"
EF03LP21,75627b86-1922-4b52-8f8b-beba6865a091,Use slogans and wordplay as persuasive devices in promotional texts for children
EF03LP21,2ff8afe1-fa3e-4ba2-8f79-ec03d64710b9,Select appropriate images and word choices to reinforce the persuasive purpose of an advertisement
EF03LP20,af125b12-ec00-46d7-bba0-b71ac316fe90,Produce a reader letter or complaint letter to a media outlet expressing opinions or critiques
EF03LP20,3339a2bc-3342-4bb4-8ab3-617b7615699e,Apply the structural and formatting conventions of the letter genre in civic-political writing
EF03LP20,100534f0-efa7-4e83-a5fe-67452a182f95,Adapt writing style and tone to suit a specific audience
EF03LP20,36a89326-9cf1-4f70-b4f7-efead3cb7368,Express a personal opinion or critique clearly and coherently in a letter to a newspaper or magazine
EF03LP19,02e9ce21-472c-457e-b154-ca82e76bc512,"Identify persuasive devices such as colors, images, and word choice in advertising texts"
EF03LP19,786dd7d5-1de9-404d-a53a-3c418e4b6d69,Explain the persuasive function of font size and wordplay in promotional materials
EF03LP19,ac589a35-77e5-43c7-80f6-f9def30bf352,Discuss how specific visual and linguistic elements are used to persuade audiences in advertisements
EF03LP18,ab3d0dd7-604f-43cf-9f99-c285b57ffc68,Read and independently comprehend reader letters and complaint letters addressed to media outlets
EF03LP18,08e5c225-f241-43dd-a0d2-39f6f54189c3,Read and independently comprehend news articles considering the communicative situation and topic
EF03LP18,869c4ec0-d974-49c8-8d66-703f1d7d7e2f,Identify the communicative purpose and main argument in a letter addressed to a media outlet
EF03LP18,59c4f7d3-2db0-449b-9187-b4c662f34f48,Recognize the structural conventions of the letter genre in journalistic and civic contexts
EF03LP16,9d98f958-483a-4638-a8ad-4403ca866d07,Identify the use of imperative verbs as a formatting convention in instructional injunctive texts
EF03LP16,b28a4f8e-9acb-44e0-bf80-5763ac29fb53,Recognize the sequential step structure characteristic of recipes and assembly instructions
EF03LP16,515a735d-cc6f-4f5a-8e49-9f1e6c9980e9,Reproduce the layout of instructional texts distinguishing the materials list from execution instructions
EF03LP16,51f06c3c-8e70-42ea-b932-d82c20af7bac,Identify formatting conventions that differentiate digital from print instructional injunctive genres
EF08LI07,970e762e-dcfe-46c1-8af5-07dbd38ab0b5,Navigate digital environments or applications to locate English-language literary works
EF08LI07,11e3acc0-75f3-4b96-a6d6-3ffeab4f791a,Engage with artistic heritage content available in English through digital platforms or applications
EF08LI07,2f095886-de70-4c6d-bdb7-2e0da95d6198,Explore English literary and artistic resources using digital tools for comprehension and appreciation
EF02LP04,9f33cf39-b43f-4e8f-8285-020acf3ad180,"Read words with CV, V, CVC, and CCV syllable structures correctly"
EF02LP04,638b1af3-4d79-422f-a5cc-4af2524e9e3d,Apply the rule that every syllable contains a vowel sound to count syllables in a word
EF02LP02,3254c233-f098-4477-ae05-bf41ddc0ebb4,Segment spoken words into individual syllables
EF02LP02,7c837115-0e69-4dc2-8382-b635407dca11,"Remove initial, medial, or final syllables from a word to form a new word"
EF02LP02,ff1a6d9b-0c23-4b56-8533-c0b6307ac030,"Substitute syllables in initial, medial, or final positions to produce new words"
EF03LP11,0f5cec02-133c-42c8-b1a7-6a09f1ee12ae,Read and independently comprehend instructional injunctive texts such as recipes and assembly instructions
EF03LP11,4cee6b33-359a-4426-9c71-63128ff0eeb9,Identify structural features of instructional texts including imperative verbs and sequenced steps
EF03LP11,0780565d-4a87-4862-af32-0e30a9a4d33f,"Interpret how words, images, and graphic-visual resources combine in instructional injunctive texts"
EF03LP11,7eea7992-986f-4dda-8858-d96c879465a9,Apply understanding of the communicative situation and topic to comprehend instructional genre texts
EF03LP10,de1fb035-f7ca-4efc-bb54-d6e973301d28,Recognize common prefixes and suffixes used to form derived words in Portuguese
EF03LP10,b6407e0a-a7f1-447e-80a9-057a8f15857c,Apply knowledge of prefixes and suffixes to clarify the meaning of unfamiliar words
EF03LP10,4922eea7-e28d-4f39-b77d-e64ba9ede7c2,"Form new words by applying productive prefixes or suffixes to known nouns, adjectives, or verbs"
EF03LP09,9a1c4351-cf49-4ae1-ac6a-e4863e2cb0fe,Identify frequently occurring adjectives in spoken or written language
EF03LP09,2fa4237a-3f63-4eaa-9365-3ec3caf210f2,Explain the function of adjectives as modifiers that attribute properties to nouns
EF03LP09,ddf9c2e1-8f66-4162-82cb-43a503d0e9e1,Distinguish adjectives from other word classes based on their function in a sentence
EF03LP08,ecaf8e50-8f30-465d-a238-ef18c12fcab7,Identify nouns and their function as agents or objects of action within a sentence
EF03LP08,b33e631b-3ab4-4a5c-8b10-3ce784dfa5d8,Identify verbs and their function of expressing action within a sentence
EF03LP08,18e9a53d-1141-48c7-bddb-54eb75d8b6d1,Identify frequently occurring nouns and verbs in simple sentences
EF03LP07,30291368-8373-4c96-b728-546b2c5a04c6,"Recognize and name end punctuation marks including periods, question marks, and exclamation points"
EF03LP07,d8e3d994-024b-4e85-9c13-d516f52eaea9,Use end punctuation correctly when writing sentences
EF03LP07,a2945477-e5c4-4ff8-9908-2a950f11f4b1,Identify the function of the colon and em dash in written dialogues using direct speech
EF03LP07,63917c64-848e-4d53-a4fd-13ab090b6f64,Use the colon and em dash correctly to punctuate direct speech in written texts
EF03LP06,89da3523-b5ee-48db-9bae-6e63190296f6,Identify the stressed syllable in a given word
EF03LP06,56741c1e-e99c-4670-94c2-defb22f15b18,Classify words as oxytones based on final-syllable stress
EF03LP05,dd60925f-f2d6-4800-8e3d-fb4681deb36c,Count syllables in spoken words
EF03LP05,fb942c65-5875-4daf-b208-82d59f021469,"Classify words as monosyllabic, disyllabic, trisyllabic, or polysyllabic"
EF03LP05,3254c233-f098-4477-ae05-bf41ddc0ebb4,Segment spoken words into individual syllables
EF03LP04,2cfd19e6-04e9-42d6-9122-69b18a50b17b,"Apply the acute or circumflex accent to stressed monosyllables ending in a, e, or o"
EF03LP04,76564fb5-0ede-49b8-91c1-c82094138c82,"Apply the acute or circumflex accent to oxytone words ending in a, e, or o followed by s"
EF03LP04,d2e564db-5bbc-4ffe-9dae-2788941606a0,Distinguish when to use the acute versus circumflex accent on stressed final vowels
EF03LP03,27a4e053-fc73-423e-a8c0-66d8c877c80a,"Read words containing the digraphs lh, nh, and ch"
EF03LP03,4e9b3121-fe4a-442e-97ef-d615029cc8d9,"Identify the digraphs lh, nh, and ch as single phoneme units within words"
EF03LP02,638b1af3-4d79-422f-a5cc-4af2524e9e3d,Apply the rule that every syllable contains a vowel sound to count syllables in a word
EF03LP02,b00be93c-d69b-4d77-9fde-c489ecb01eaf,"Read words with CV, V, CVC, CCV, VC, VV, and CVV syllable structures"
EF03LP02,03359758-0e78-4fc9-b87f-807ce1674336,Classify syllables in a word according to their phonological structure
EF03LP01,1378097d-be8f-479b-a2ee-9e0c5489af5f,Apply context-dependent correspondences for c/qu and g/gu in reading and writing
EF03LP01,90bf724b-f659-48df-9a8d-4e552b35fa1a,Write unstressed final syllables using o (not u) and e (not i) correctly
EF03LP01,d578d45a-1936-40ba-9553-e31ada0f85cd,"Read and write words with nasality markers including tilde, m, and n"
EF02LP29,ae9b0e88-0106-435c-8b0a-b6f2ba9604bc,Observe the visual layout and arrangement of text on the page in visual poems
EF02LP29,b4262cc7-9df5-42d1-8435-94e3c8de579c,Identify illustrations and visual effects used in visual poems
EF02LP29,e6e418bd-1f8f-410c-a16f-3954a67db051,Explain how visual or multimedia elements contribute to the meaning of a literary text
EF02LP28,961e934a-a803-4be8-b2fc-a7633a1c832b,Identify the central conflict in a fictional narrative text
EF02LP28,fd0fa5b1-1961-4c1b-bf1e-bbdf12814f36,Recognize words and expressions that characterize characters in a narrative
EF02LP27,09d9e976-300a-440a-a26b-d7222efa4577,Rewrite a literary narrative text previously read aloud by the teacher
EF02LP27,2862ea1a-c306-4551-adc6-b1f8ba7a8ce9,Maintain key narrative elements when rewriting a teacher-read literary text
EF02LP27,f0c098ff-56a6-492a-953d-1cf04e80bea6,Use appropriate vocabulary from the original text in a written retelling
EF02LP26,9d3c89ca-d9fc-4ba1-8bca-e2abcce015fe,Read literary texts from a variety of genres with a degree of independence
EF02LP26,71abeb43-209f-428b-bb36-39496582cd26,Demonstrate comprehension of literary texts at the grades 2–3 level through retelling or response
EF02LP26,5f3a67e0-db9d-4e30-ac41-39fd93c4893b,Develop reading habits and appreciation for literary texts across different genres
EF02LP25,26029953-62bc-47a8-82c9-62790c68b12e,Identify the specific formatting and layout of experiment reports for children
EF02LP25,3da538bc-1792-4b71-bae5-d9dcf8184ec8,Identify the specific formatting and layout of interviews and encyclopedia entries for children
EF02LP25,61d02112-ac60-4af4-ab17-d250b9a7fe9a,"Reproduce the formatting conventions of experiment reports, interviews, and encyclopedia entries in writing"
EF02LP25,4bf90d91-7900-46df-b918-dcc5f994f9d4,"Recognize the oral versions of experiment reports, interviews, and encyclopedia entries"
EF08LI09,887a0588-a1d4-4b71-8da0-37b3c460b711,"Produce writing with development appropriate to the task, purpose, and audience"
EF08LI09,c3cc03ca-96ac-4301-86e1-bc0163e182cd,"Evaluate and revise writing to ensure clarity and coherence across development, organization, and style"
EF08LI09,ddad68d9-022b-4037-b582-ee9472153ad5,Evaluate written production for legibility and sentence structure
EF08LI09,614bad22-49d1-4c8e-b449-b3ac304cb7a5,Provide feedback on peers' written production using established communicative criteria
EF03LP12,eb7e058a-f4b1-4a09-af10-341ad2c0d16b,Identify the structural conventions of the personal letter genre
EF03LP12,b916e57f-e252-42b6-b3c6-e04b578bcabe,Identify expressions of feelings and opinions in personal letters and diary entries
EF03LP12,8024f9c2-ee27-4d30-a1f3-3c456d5303d3,Read and comprehend personal letters and diary entries independently
EF03LP12,6b051f3f-35e6-428d-b544-f62a3de75d5c,Interpret personal letters and diary entries considering the communicative situation and topic
EF02LP03,c039626a-28aa-4724-9408-4b7448e6cb9e,"Read words with direct regular correspondences for f, v, t, d, p, and b"
EF02LP03,f62c33d4-7906-468a-b99b-2b38e1b234ab,Apply context-dependent correspondences for c and q in reading and writing
EF02LP03,d0f2d8a5-332b-4a2e-95a1-5e3b8b5b26e8,Write e and o correctly in unstressed word-final position
EF03LP13,01b016dc-29e1-4ede-a28a-e4d7df99f96a,Plan a personal letter or diary entry considering the communicative situation and topic
EF03LP13,bc1eeb8f-2d6d-4e86-b39b-c4d1504dd7bd,Produce a personal letter following the structural conventions of the letter genre
EF03LP13,7e1206a0-6079-4729-beed-a63f726db201,Produce a diary entry following the structural conventions of the diary genre
EF03LP13,a605ff88-c32d-47e6-9b56-ad25516a17c4,Express feelings and opinions appropriately in personal letters and diary entries
EF03LP15,0597aade-7ef4-4e75-b5ee-0f866586bb3c,Identify the structural and language features of a recipe genre by watching a children's cooking video
EF03LP15,5dd3050b-4c13-4a6f-8eaa-c4151784f4a5,Plan a recipe in audio or video format drawing on a children's cooking program
EF03LP15,58cefc44-0316-43e9-99cd-2c3178a19738,Produce a recipe in audio or video format using appropriate genre conventions
EF02LP01,7f8fb3a5-0db2-4cdc-b0c3-100fb2556aa9,Apply correct spelling of familiar words when producing written text
EF02LP01,a7788f51-3682-44cc-ad3d-bbce302e875f,Apply correct capitalization rules for proper nouns and titles in writing
EF02LP01,40a99ad6-067d-4bba-9f8a-140100195031,Apply correct word spacing in written text production
EF02LP01,30291368-8373-4c96-b728-546b2c5a04c6,"Recognize and name end punctuation marks including periods, question marks, and exclamation points"
EF01LP26,b4071107-6ca7-4746-9874-11668b97f6e2,Identify characters in a story with prompting and support
EF01LP25,44736054-5e16-4003-994c-7781c197931d,Dictate a retelling of a teacher-read story for the teacher to transcribe
EF01LP25,7782285a-bf07-44fe-8a95-99fb5572107b,"Compose an imagined story with teacher as scribe, including characters, plot, time, and setting"
EF01LP25,87eb7e03-b048-45da-a7ad-23d540cea59b,Compose a story based on a wordless picture book with teacher as scribe
EF01LP25,1c887cc9-ebc7-4d8e-a1da-080f1ff41657,Include key compositional elements of narrative texts in dictated story productions
EF01LP24,42c8bcd4-a26f-403e-b850-a105951dfec6,Identify the specific formatting and layout of school task prompts and diagrams
EF01LP24,ad858d11-cdac-4d5e-be15-08dcb3470dbf,Identify the specific formatting and layout of interviews and curiosity pieces in print or digital form
EF01LP24,347064ea-0e3d-4a10-a453-31b92ea45819,Reproduce the formatting conventions appropriate to each identified genre
EF01LP24,ba7b3d35-64b9-4faf-a645-7f01f5b28722,"Recognize the oral versions of school task prompts, diagrams, interviews, and curiosity pieces"
EF01LP23,700a11f4-419c-40b6-a361-3bcd5140d75c,Identify the communicative purpose of oral investigative genres such as interviews and curiosity pieces
EF01LP23,f498b24a-bf6f-4fdd-8be6-5819ef1f8780,Plan a writing piece by considering the purpose and intended audience before drafting
EF01LP23,c5d5220c-c5f7-4516-b1ff-466c886140ed,Produce an oral investigative text using digital audio or video tools with peer and teacher support
EF01LP23,2039c6d9-9d2f-4d5c-a373-3e3495bc5408,Adapt presentation style and language to suit a specific audience and purpose
EF01LP22,72f1728a-5220-4f92-87ac-0b77e941bcc9,"Identify the communicative purpose of investigative genres such as diagrams, interviews, and curiosity pieces"
EF01LP22,a2eae2e7-d355-490e-918e-0135e7c1231a,"Plan an investigative text collaboratively, considering the communicative situation and topic"
EF01LP22,fbb0cd11-e9ae-4b26-bac8-1ad9079014d1,Produce a written or digital investigative text with peer and teacher support
EF01LP22,24e36f0d-c1c6-4f10-8610-f6be1bf06605,Select appropriate genre format (digital or print) based on communicative situation
EF01LP21,1fc7ff8c-7bec-4015-9ada-3cd592e64a84,Identify the communicative purpose of civic participation genres such as rules and regulations
EF01LP21,dcf9d5df-6e9f-49cc-b4d1-38fcb379dc11,Recognize structural features of written rules and regulations appropriate to school community contexts
EF01LP21,8a9e22a3-3603-4215-ba2d-1a8ab82c3e65,Write a list of school rules collaboratively with peers and teacher support
EF01LP21,dffbaf0a-4c62-4b56-b29c-bde5ef707b84,Adapt content and language of rules to the communicative situation and subject
EF01LP20,5cfbf218-312d-48c7-8295-f28e1c4970ef,"Identify the specific formatting and layout features of everyday-life genres such as lists, agendas, and recipes"
EF01LP20,124ad870-b727-460c-aa91-106f8684c67d,Distinguish the visual and structural organization of different everyday-life genres
EF01LP20,272555ad-0455-42c8-afc9-15e048f84b62,"Reproduce the appropriate formatting of a given genre such as an invitation, notice, or caption"
EF01LP20,380c6610-bbde-46de-ac25-2423f3f6b6a3,Match layout conventions to the correct genre from a set of examples
EF01LP19,4283a477-54ec-454a-b37f-dff8192236c1,"Recite parlendas, quadras, and tongue twisters with appropriate intonation"
EF01LP19,79bc2256-e0d2-4712-ba22-b6c53943d592,Recognize and produce rhyming words in spoken language
EF01LP19,8cf197df-e180-4070-bce9-e74404a43a01,Perform tongue twisters with attention to rhythm and sound accuracy
EF01LP18,f3d4c8bb-fba7-4f0f-820b-89292118f489,Identify the communicative situation and purpose of everyday-life oral genres such as cantigas and parlendas
EF01LP18,cfd9cdf3-2f56-49b3-9337-a5d33217f72e,"Record a cantiga, quadra, or tongue twister collaboratively with peer and teacher support"
EF01LP18,3102e029-482b-4d02-837c-3a899739d729,Adapt language and form when recording an everyday-life genre to suit its communicative purpose
EF01LP17,910d06a0-d538-4b68-b62b-2e81ac66e46f,"Identify the communicative purpose and structural features of everyday-life genres such as lists, invitations, and recipes"
EF01LP17,d275d578-ff75-435d-a56a-52140b2a5f1f,"Plan an everyday-life genre text collaboratively, considering the communicative situation and topic"
EF01LP17,d9c61cc1-3de4-4c00-b30a-222dc2edbc6e,Produce a written or digital everyday-life genre text with peer and teacher support
EF01LP17,b5b701ef-f318-45c2-93de-d6cdef9eb4d0,Select the appropriate genre format based on the communicative situation and purpose
EF01LP16,45fe81e8-9a42-4e99-ab1b-41207b610f15,"Read quadras, parlendas, and tongue twisters with peer and teacher support"
EF01LP16,75460b07-353b-4f67-826f-a8c63b3572a6,Identify the communicative situation and topic of everyday-life text genres
EF01LP16,31d3f6d9-b7b8-49ad-a93c-c5063b8d5d4a,Explain how the organizational form of a text connects to its communicative purpose
EF01LP16,322917f3-f188-4e09-9651-5d96424a06c9,Comprehend the meaning of short everyday-life genre texts with contextual support
EF01LP15,03edfa3a-d217-4446-a653-b894d067cc8d,Group words that share similar meanings as synonyms
EF01LP15,4fcb3c41-2a41-4f90-9caf-349391f0d215,Distinguish pairs of words that express opposite meanings as antonyms
EF01LP14,30291368-8373-4c96-b728-546b2c5a04c6,"Recognize and name end punctuation marks including periods, question marks, and exclamation points"
EF01LP14,67ddc7b6-0c77-432e-a316-15ce1dd5de1b,Recognize that punctuation marks are distinct from letters in a text
EF01LP14,5e1b955d-81d5-456b-8a26-0e07db52c741,Explain how punctuation marks such as question marks and exclamation points affect reading intonation
EF01LP13,9290e34c-3fd6-46f5-b726-3c487829dece,Identify similar sounds in the medial syllables of different words
EF01LP13,f7f683fa-dc44-4ce4-81e5-ee97b9e9383c,Compare words by describing differences in their medial and final syllable sounds
EF01LP12,8c198ee1-c7b7-4b8f-b773-86360d4fd85f,Recognize that words are separated by spaces in print
EF01LP12,b87f791d-d6ae-40d9-b51f-0f904d2eb2d9,Identify word boundaries in a written sentence using spacing as a cue
EF01LP11,62702b96-9ae5-46ba-8b86-db2c27757898,Identify letters in both print and cursive formats
EF01LP11,8efe7170-9c83-4218-b320-6712de482d0d,Distinguish between uppercase and lowercase forms of each letter when printing
EF01LP11,becaef2c-028b-4365-b703-e9506238de68,Relate print and cursive versions of the same letter to each other
EF03LP14,de1c181a-c67f-49c2-945f-715f769f458d,"Identify structural features of instructional injunctive texts, including imperative verbs and sequenced steps"
EF03LP14,22f69779-ca58-45ee-a37d-318419321543,Plan an instructional text by organizing steps in logical sequence with peer support
EF03LP14,45fb6223-8599-4b08-bc22-e5de1d32840c,"Produce an instructional text combining words, images, and graphic-visual resources"
EF03LP14,adc7463c-d53a-4594-bcdc-7409605d03a4,Use imperative verb forms appropriately when writing instructional steps
EF03LP14,7f9eeab6-02bf-4d13-ae14-22174ce6daf0,Adapt the content and structure of an instructional text to the communicative situation and topic
EF08LP16,bf7ddaff-6eb9-44bb-96d7-cb7d5e60d8fd,"Identify modalization strategies such as adjectives, adverbs, and verbal periphrases used in texts"
EF08LP16,f5da5a4d-9168-468a-8134-c7758d75b2d2,Identify argumentation strategies such as punctuation marks and degree expressions used in texts
EF08LP16,3d37bdb6-85d5-4e33-9dc6-9bafbb4b8b79,Explain the meaning effects produced by modalization strategies in a given text
EF09LP01,5d705342-adfa-40b4-be7e-ddbbdd5d9e9a,"Identify indicators of fake news by evaluating source, authorship, publication date, and URL"
EF09LP01,a8793d69-a9ab-48d2-b448-3b855f6e248d,Analyze the formatting of news content to detect potential misinformation
EF09LP01,ad28daad-85d1-4175-a24c-644c117e446b,Assess the accuracy of information across multiple media sources on the same topic
EF09LP01,a8bca3a9-2c43-4937-a11c-b89ce686ee55,Assess the credibility and accuracy of print and digital sources
EF09LP01,c0221614-a5ae-42f9-a269-264ce1d245eb,Explain how fake news spreads on social media and strategies to recognize it
EF09LP02,48703d72-320c-401d-a9fa-d5806040de71,Analyze press coverage of a socially significant event using curation tools
EF09LP02,8173bbaf-89ee-4909-9628-c53d10b8ec54,Compare editorial perspectives on the same event across different news outlets
EF09LP02,1c81be10-5954-470d-adf6-45b81cf30eb5,Evaluate how different editorial choices shape the presentation of a news story
EM13LP07,e51d003b-7ff8-4260-b671-d39eefef21b0,"Identify markers of epistemic, deontic, and appreciative modality in texts of different genres"
EM13LP07,69f5a8a8-3a5f-46e9-a52c-32e1d2921656,"Analyze grammatical resources functioning as modalizers, including modal verbs, adjectives, and adverbs"
EM13LP07,acebeea9-b752-41eb-b3b1-cc91c0282150,Explain the effect of impersonalization strategies such as passive voice and third-person use on a text's stance
EM13LP07,51090bba-385e-4edc-b044-aa47eefecbff,Evaluate the enunciator's stance toward content based on modalization and impersonalization choices
EM13LP07,f36ebe50-a4d4-4601-96ba-ae04549b57db,Apply appropriate modalizing resources when producing texts to manage stance in context
EM13LP06,f7b77883-a37e-4a71-90cc-658ae2bae859,Analyze the connotative meanings of specific word choices in a literary text
EM13LP06,20430ae2-caef-44b6-bc7e-04fe68893bc4,"Analyze meaning effects produced by the ordering, combination, or juxtaposition of words in a text"
EM13LP06,c4ba0d68-ea1e-45fb-a204-81d02fc1529c,Evaluate how expressive uses of language expand possibilities for meaning-making
EM13LP06,caab9a8d-caba-4e22-8f81-8a4afedcadc6,Select precise word choices to achieve intended meaning or stylistic effect in writing
EM13LP05,d1aacdf4-71cd-4510-b46f-a461f7a287f9,Identify the positions adopted by arguers in an argumentative text
EM13LP05,0dcb8e98-35bf-4dc6-87d6-0dc39f2bcd32,"Distinguish argumentative moves of support, refutation, and negotiation within a text"
EM13LP05,deac507b-1104-4fd4-9e11-3dcc5941452a,Evaluate the force and effectiveness of arguments used to sustain a position
EM13LP05,028a25ec-281a-4e7c-9f47-ee77857eb039,Take a critical stance toward an argument by analyzing its logical and linguistic construction
EM13LP05,b58472b2-9794-4acb-8018-09ac289b7b53,"Apply appropriate linguistic mechanisms to support, refute, or negotiate a position in argumentation"
EM13LP39,248b4963-52c7-4ea2-a250-a5b57c2e7351,Evaluate the credibility of sources used to support claims in an argument
EM13LP39,391419b2-d86b-4241-85e3-dfee3a9d86a1,Cross-reference a reported news story across multiple independent sources
EM13LP39,ea8b752c-5de1-4fce-8360-0ea2091bad11,"Evaluate metadata elements—date, location, authorship, and URL—to assess news authenticity"
EM13LP39,bf61d350-a808-4738-88aa-4e93b617d8f6,Use fact-checking tools and websites to identify false or misleading information
EM13LP39,442902d2-c741-4844-bd16-f96215afbf52,Detect digitally manipulated or miscontextualized photographs using verification procedures
EM13LP38,d08c6b2d-ac05-45c1-b204-578a2f30d4c5,Identify markers of partiality and impartiality in journalistic news texts
EM13LP38,d8e35819-15d0-4d8a-8013-9fd76a46876b,Compare the details emphasized across two different media accounts of the same subject
EM13LP38,5aceefa0-bfcd-48b9-82d0-1808fcb181e9,Analyze how framing choices shape the meaning of reported facts and data
EM13LP38,6f465444-09c2-48e0-8343-2ac3339d8df8,Evaluate the meaning effects produced by an author's linguistic and editorial choices in news texts
EM13LP37,29145739-c7fa-4956-8a35-51eb44b76130,"Distinguish among institutional, private, public, funded, and independent editorial projects"
EM13LP37,0f73d442-2f5f-404a-bed6-c285e2ceb24f,Analyze how a media outlet's editorial project influences its information and opinion content
EM13LP37,829466f5-41bb-4115-92e9-efdf54812502,Evaluate the role of a pluralistic media landscape in consolidating democratic practices
EM13LP36,1a69fad5-a778-46b5-9ec3-e99698cad6a7,Identify the economic and political interests that drive the journalistic field
EM13LP36,209695c9-e196-4fd9-97ef-917d73261ea3,Analyze the impact of Web 2.0 and digital technologies on journalistic production and circulation
EM13LP36,a42e5fb0-1c3e-49e5-b181-d7a50596ce32,Explain the conditions under which information becomes a commodity in the digital media environment
EM13LP36,4c948f22-7b19-49ee-98a4-be5ada0c391d,Justify fact-checking as an essential practice given the commercialization of information
EM13LP35,f9953165-b693-49e8-aee0-04f349d7f193,Select font types and sizes that ensure legibility in presentation slides
EM13LP35,773156a6-7506-483c-8f3a-f30ad11cb83c,Organize slide content into topics or bulleted items appropriate to an oral presentation
EM13LP35,cb7502b9-04f1-4bd0-a092-3a59eb838751,Integrate visual displays such as graphics or images into a presentation to support key ideas
EM13LP35,cf3d9db3-940e-4071-a4c8-70cd1dbea03a,Balance the ratio of text to images across slides for effective visual communication
EM13LP35,ac8ce9bc-059c-47f3-89fe-49fd2f039497,"Apply presentation features—transition effects, master slides, and custom layouts—coherently"
EM13LP34,ccf1ebca-5293-4f9e-8943-35ce90ec45b1,Select a science communication genre appropriate to a given production context and audience
EM13LP34,303260ba-022d-4956-95be-8f86f4562f97,Produce a knowledge-dissemination text applying the conventions of the chosen genre
EM13LP34,3f2e1ffb-7256-4c57-a105-d3ce2aad441c,"Integrate data, research results, and references accurately into a knowledge-dissemination text"
EM13LP34,455cc1cf-01f3-4e1b-83ae-99196f1dca68,Adapt scientific content for public audiences using accessible language and appropriate format
EM13LP33,b6077dc3-183d-40bd-9a75-af5232b35e1b,"Select a data-collection instrument—questionnaire, survey, or opinion poll—suited to a specific research objective"
EM13LP33,4589b608-5556-4724-854b-0a34838d5db8,Design a data-collection instrument that adequately addresses defined research objectives
EM13LP33,02e5c878-5c65-4db2-acb1-43e531d270b6,Apply methods for processing and analyzing content obtained from data-collection instruments
EM13LP32,779bd8e7-42d3-4a56-962c-416749e722ce,Select only the information necessary for a given research project from multiple source types
EM13LP32,fbeb3a6d-95a7-4b71-a39d-b75782bb217b,"Evaluate sources by analyzing production contexts, authorship, and reliability indicators"
EM13LP32,9b47e192-bb14-4240-8d5a-6ba7044a5d9b,"Compare content across sources to identify coincidences, contradictions, and factual inaccuracies"
EM13LP32,2083008b-9601-4004-afe0-826c5b69d507,Establish an analytical frame based on critically positioned synthesis of research sources
EM13LP31,b3088b20-ccdf-49fc-afcc-a43f23776f89,Identify the topical organization and hierarchical ordering of information in science communication texts
EM13LP31,ff42973e-f8af-41cf-9a91-0360b07847b9,Distinguish between reliable and unreliable sources of scientific information
EM13LP31,f9feb13b-c96a-4675-b727-9e95f47bdfa6,Problematize biased or superficial approaches in science communication texts
EM13LP30,a3ed0922-4a68-439f-a7a6-a8f9dd4fa428,Select open and reliable sources appropriate to a specific type of research
EM13LP30,b0ef61a6-ffcd-44ab-9688-e213b5a99eca,Document the research process in accordance with the intended objectives
EM13LP30,c7d4b88d-066f-4a5b-81f0-492cb91b8b89,Communicate research results using textual genres appropriate to the type of research conducted
EM13LP29,8f3fd862-932f-4374-96ce-30b25e0144d8,Quote or paraphrase source material while avoiding plagiarism
EM13LP29,0f164fe1-cd39-4cb1-95cd-a1ced96db5e8,Integrate direct quotations into texts that report studies and research findings
EM13LP29,e16e6b7f-ea55-4391-92ec-ecf680e4b78f,Use reported-discourse markers to attribute ideas accurately to their sources
EM13LP28,36a09849-65bd-4131-9a3d-f46243eae932,Apply appropriate reading strategies to comprehend texts of increasing complexity
EM13LP28,c0ceb4d3-ff0a-4acb-afb3-df653cbbe861,Apply reading procedures suited to the nature of the knowledge being studied
EM13LP54,cc922612-87ea-445c-b4c2-5204be4e5513,Select and appropriate textual and expressive resources from an artistic repertoire to create original works
EM13LP54,8c5937bd-810d-4359-8c3b-61a4748c8165,"Produce derivative works—parodies, stylizations, fanfics, or fan edits—based on literary source texts"
EM13LP54,2a463be1-14df-4e35-ad97-8ff0778e3617,Engage critically or subjectively with a literary text through creative production in a chosen genre or medium
EM13LP53,72a51619-4530-4a6f-85cf-a3496c28d879,Produce an appreciative and critical commentary on a cultural work in a format such as a review or vlog
EM13LP53,d7ec5fec-d965-42d6-a4ee-c4b93b3eab8d,Apply evaluative criteria appropriate to the cultural form being commented on
EM13LP53,d1a25627-e99e-403c-9d83-d7c451c92977,"Select a publication format—review, podcast, annotated playlist, fanzine—suited to the target audience and context"
EM13LP52,96560ef3-34d7-4a62-9b6a-0e4e8fd18b91,"Analyze a literary work using tools of literary criticism—compositional structure, style, and discursive aspects"
EM13LP52,11b47f0f-34c1-4d9b-973b-67f80ce85bca,"Situate a literary work within its context of production, including aesthetic and cultural movements"
EM13LP52,d68a7f07-6a00-445e-a809-5930ee142fda,Interpret the ways in which a significant literary work from Brazil or another country speaks to the present
EM13LP52,a00308b4-fdd2-47f3-b51a-c5c72a0e2842,Compare literary works from different national traditions using culturally appropriate analytical criteria
EM13LP50,05d7174b-93a5-4842-8322-4dd74ef22da9,Identify intertextual relationships between works from the same and from different historical periods
EM13LP50,dec48944-1c1c-4906-89b3-c946908d0066,Analyze how literary and artistic works enter into dialogue with and mutually inform one another
EM13LP50,b81181d6-af5c-47f1-965f-03a223751a12,Explain how intertextual and interdiscursive relations contribute to the constitution of literary genres
EM13LP42,be24e348-0773-439d-a562-4c1a0fc05a4b,Monitor media coverage of a socially relevant event using content aggregators or curation tools
EM13LP42,4b0615b4-1746-4e59-b9ed-b39b4fe16045,Compare different outlets' approaches and perspectives on the same event or issue
EM13LP42,474c5da1-7097-4c2e-94a8-09a65ffa0715,Identify the predominant media framing of a specific event or issue across sources
EM13LP42,7b63b935-97dd-46e9-8fc9-f50d2d5b16dd,Consult fact-checking and information-curation services to deepen understanding of a news event
EM13LGG403,062bb2f4-3176-46f2-b8d3-7dcd3e7a6851,"Identify the multiplicity of users, uses, and functions of English as a global language"
EM13LGG403,848e1d83-3cc1-46b4-b1ca-c771d95a09e3,Use English appropriately in communicative contexts reflecting its variety of global functions
EM13LGG403,bf310a48-f5f3-4013-b74c-0088d8322480,Analyze how the global spread of English shapes contemporary communication practices
EM13CHS401,4c5dc360-d4d9-4ec6-9590-d5b2a8f8fd3a,"Identify relationships among individuals, groups, and social classes facing technical and technological transformations"
EM13CHS401,8d05626c-0153-46c0-871e-809e7b0d4856,Analyze how informational transformations and new forms of labor affect different societies across time
EM13CHS401,04ee76bd-32fb-4b40-9498-2eec0b2007bf,Compare the impact of technological change on urban and rural spaces in different historical contexts
EF89LP34,393c7dd7-2e05-4daa-a858-391e99fef537,"Identify the structural elements of dramatic texts across theater, television, and film formats"
EF89LP34,fcd77f62-8714-4549-8cc6-f6446ad31551,Analyze linguistic resources in a dramatic text and interpret the meanings they produce
EF89LP34,df35524f-eaa4-49be-bd4e-754f67d5d504,"Analyze semiotic resources—staging, sound, image—that sustain dramatic realization in different media"
EF89LP34,c6ed3d80-704a-4615-a031-63d3adb30b4f,"Interpret how the same dramatic text generates distinct meanings across stage, screen, and television formats"
EM13LP45,de40960f-8fd6-4726-85f3-d2a215de2eaf,"Analyze informational and opinion genres such as news reports, documentaries, and infographics for their communicative purpose"
EM13LP45,c5a914f0-382e-45c8-ac11-1d4c57bf1437,"Produce written or multimodal texts in genres characteristic of journalistic and critical discourse, such as opinion articles or reviews"
EM13LP45,da386aa6-01ed-4322-929f-103058b65eea,Evaluate media coverage of local or global events using criteria appropriate to media criticism
EM13LP45,8915562d-c2fa-4620-af19-62c199a63a2e,"Share digital content in youth-oriented genres — such as vlogs, podcasts, or gameplay — meaningfully adopting roles like vlogger or booktuber"
EM13LP45,b74c54a7-592e-4a44-9097-de3c7826241f,"Discuss the social and ethical responsibilities of roles such as reporter, columnist, and critic in public discourse"
EF07HI15,9ea1e265-d824-46cf-9cfe-97d3cf5a9fa9,Define the concept of modern slavery and its defining characteristics
EF07HI15,b1bc04a6-61dd-4274-b603-b9cab89a9d3e,Distinguish modern slavery from ancient slaveholding practices
EF07HI15,7d65b991-eab9-48e3-9c64-37a80a2d506a,"Compare medieval serfdom with modern slavery, identifying key differences"
EF07HI14,1fb7229d-0268-4679-9782-bddcdc8ff263,Describe the commercial dynamics of American societies before and during early modern contact
EF07HI14,7eda54f3-4c0d-4233-9831-9c344a9e360d,Describe the commercial dynamics of African societies in the early modern period
EF07HI14,0aa53b8b-5e46-4958-9002-493d162da095,Analyze interactions between American and African societies and those of the Western and Eastern worlds
EF07HI13,45c68802-83cc-478a-bc87-bbe31b226c17,Identify the main actions taken by Europeans to establish dominance in the Atlantic world
EF07HI13,6b41909c-7515-42ab-8a65-1fa20a1a89c5,Characterize mercantilist logic as the economic framework driving European expansion
EF07HI13,2bda6ea9-c1b4-423b-874b-4ac4d2674efd,Explain how mercantilist strategies shaped European competition and colonization in the Atlantic
EF07HI12,1c7852f7-4aa5-46bb-bc01-b037a98b6eb3,Identify the territorial distribution of the Brazilian population across different historical periods
EF07HI12,b8cadaf4-a527-4ed3-a4c6-97e2b8ba452c,"Recognize the ethnic-racial groups — Indigenous, African, European, and Asian — that compose Brazil's population"
EF07HI12,50a9c973-64ab-4a8d-8473-dd7c490e67fe,Analyze how ethnocultural diversity is reflected in the geographic distribution of Brazil's population over time
EF07HI11,0ebfa4cc-ddd3-4350-b523-159f443c3eb2,Interpret historical maps to trace the territorial formation of Portuguese America
EF07HI11,0abd51a3-a026-4ad9-9a3c-1478d10e17ad,Analyze the geographic expansion of colonial Brazil across different periods
EF07HI11,bd969be5-9a23-4eab-b6d4-75989553edfa,Explain key factors that shaped the historical-geographic configuration of the Portuguese colonial territory in America
EF07HI10,a86cc4eb-9c09-42f7-8c9a-4e885b89a856,Identify primary historical documents related to American societies during the colonial period
EF07HI10,d8a248d1-8f60-43de-82f8-c13823c19a5a,Analyze different historiographical interpretations of colonial American societies using primary sources
EF07HI10,4adf7ce3-da89-4dc9-9fcd-c41c54a60561,Compare divergent perspectives on the dynamics of American societies in the colonial era
EF07HI09,523618c7-b58e-4ff0-906e-70f5b16d2de2,"Analyze the demographic, cultural, and social impacts of European conquest on Amerindian populations"
EF07HI09,b39c99a5-c545-41d8-8f78-36332f585d4e,Identify forms of resistance employed by Amerindian peoples in response to European conquest
EF07HI09,2ba8b79a-e9a3-4a9f-9ece-50dde487312d,Compare the varied impacts of conquest across different Amerindian groups and regions
EF07HI08,4b76dbfc-8ef3-4cca-8333-33344c153731,Describe the social organization structures of major American societies at the time of European conquest
EF07HI08,0dff4537-699e-4200-af19-0a220d62b8f7,Explain the mechanisms of alliance formation among American societies during the conquest period
EF07HI08,07432db1-afbe-434e-93da-420325f25bd2,Identify strategies of confrontation and resistance used by American societies against European colonizers
EF07HI07,0be5f40d-f206-4001-9a0c-6304c1f0be96,Describe the historical processes by which European monarchies were formed and consolidated
EF07HI07,54f29768-466a-4507-99e9-6ea9c8ae6637,Identify the principal characteristics of European monarchies in the early modern period
EF07HI07,d337897e-9258-45a4-8203-071a0bae068d,Explain the political and social reasons that drove centralization of power in European monarchies
EF07HI06,08f93e15-8a82-478e-9176-522a4ca2b06a,Describe the main features of Atlantic navigations between the fourteenth and sixteenth centuries
EF07HI06,ed2e6a22-00aa-4039-918a-c7cf4234e5f0,"Compare Atlantic and Pacific navigations in terms of routes, motivations, and consequences"
EF07HI05,7b1c84ce-cac0-44c7-9c97-ace78a45463f,Identify the principal Protestant and Catholic reform movements of the early modern period
EF07HI05,cdfa4cef-08db-428b-8580-e0e086dc4ee6,Explain the connections between religious reformations and cultural transformations in early modern Europe
EF07HI05,1ad7d4ec-cb59-4a58-8495-6fc3d8ee6c00,Analyze the social and religious impacts of the reformations on societies in Europe and the Americas
EF07HI04,96e403ae-6e47-47d7-a749-3e25de849a20,Identify the principal characteristics of Humanism as an intellectual movement of the early modern period
EF07HI04,80fc011b-ceb3-4e78-9319-266e9cd8fc1a,Identify the principal characteristics of the Renaissance as a cultural and artistic movement
EF07HI04,84ef385f-eb35-4bcb-9f7f-1cb7473a4154,Analyze the historical significance of Humanism and the Renaissance for early modern European society
EF07HI03,49f44eaa-b017-48ac-8679-6ef01c1f24f3,"Identify specific features of African societies prior to European contact, including forms of social organization"
EF07HI03,57c7ed60-ebc4-48ff-8eff-99d4686ad2a9,"Identify specific features of American societies prior to European contact, including knowledge and technical development"
EF07HI03,e365cc3f-4a74-4f57-a7ea-f3b5ac8deded,Compare forms of social organization and knowledge production across pre-contact African and American societies
EF07HI02,8a58e8f2-5707-4324-890c-72570af63db8,"Identify connections and interactions among the societies of the New World, Europe, Africa, and Asia during the Age of Sail"
EF07HI02,ae56c133-c6bd-4853-b291-674d4a51ce53,"Describe the complexity of exchanges occurring across the Atlantic, Indian, and Pacific Oceans in the early modern period"
EF07HI02,9ef65a12-31b5-453e-966d-ea2849339a00,Analyze how oceanic trade routes shaped interactions among distant societies during the Age of Sail
EF07HI01,cfc1d197-4c4e-4c13-9a13-3b9049e6f2d0,Explain the European-constructed concept of 'modernity' and its historical meaning
EF07HI01,99ad93a2-cc46-4882-a49c-0c99514fee21,Identify the logics of inclusion embedded in the European notion of modernity
EF06HI19,b4b620a9-b7c7-47c2-83d2-d50eb4dc2a4e,Describe the social roles assigned to women in ancient world societies
EF06HI19,3492e723-38df-4b1e-b679-9da74d23890c,Compare the positions and roles of women across ancient and medieval social contexts
EF06HI18,95ce150a-3035-468f-9d6d-7330e9ab63e0,Analyze the influence of the Christian religion on the culture of medieval society
EF06HI18,4bb900e2-44de-4953-bde2-00ec829426d9,Explain how the Christian Church shaped modes of social organization during the medieval period
EF06HI18,283ce1d3-c373-4e5a-94ee-3d48a730a6a6,Identify the institutional role of the Church in medieval political and social life
EF07HI16,b39bcf2e-ecea-48f9-9e1e-2cf4b8769bc5,Analyze the mechanisms and dynamics of the transatlantic enslaved-persons trade across its different phases
EF07HI16,3cbe3904-dd4f-4852-893e-7746c18ffa5a,"Identify the agents — individuals, institutions, and states — responsible for the traffic in enslaved persons"
EF07HI16,b9dcde18-f5e1-4c0f-bce3-3dee0a6273ac,Identify the African regions and zones of origin from which enslaved persons were taken
EF69LP52,1c890b18-a900-432d-848c-9815455e5aab,"Perform dramatic texts attending to linguistic and paralinguistic features of dialogue such as intonation, timbre, pauses, and register"
EF69LP52,0b80bf24-79a3-4720-8ace-def4b9ce1d59,Use gestures and movement within the stage space to characterize a dramatic character
EF69LP52,7afaf05d-e7d5-4e39-ad8b-c11c89a1bb41,Explain how stage directions or descriptions in a drama are reflected in an oral performance
EF69LP52,346a6371-4036-4a27-a4b1-855cfa7afc48,Incorporate soundtrack and lighting to support the expressive style of a dramatic performance
EF69LP52,cefa1eb1-7627-4c2b-9e61-723cbe2f1d4f,Interpret a character's voice and expression using appropriate linguistic variety and emotional register
EM13LP04,00071715-437c-435f-9c60-0a554e7cf565,Identify intertextual and interdiscursive relationships that support a position or argument in a text
EM13LP04,690a22c6-993d-49c7-94c4-075dc4522603,Integrate quotations from credible sources to substantiate claims about a topic
EM13LP04,6b76c064-a787-4edb-978d-0f244fc0f331,Quote or paraphrase source material accurately while avoiding plagiarism
EM13LP04,1ed1e50d-5c2d-4f26-9d1b-c21d669534ae,Distinguish between paraphrasing and direct quotation when restating information from diverse formats
EM13LP04,b669cf46-a36e-40e8-bde3-f73fa9fc7058,Evaluate the consistency and coherence of positions supported by intertextual and interdiscursive references
EM13LP03,0b538588-f42a-40e7-b9bd-0000e86a207e,Identify dialogic relationships between texts through intertextuality and interdiscursivity
EM13LP03,921ce81e-9d3c-41c3-8ca4-f95828b65823,Analyze how intertextual references reveal the stance or perspective of an author
EM13LP03,2d80840b-8b03-4515-88a7-b05513e51fb0,"Distinguish among paraphrase, parody, and stylization as forms of intertextual relationship"
EM13LP03,a56b4eac-25c3-4fbc-82f9-14c4dcc302b5,Interpret the effects of meaning produced by intertextual and interdiscursive relations in a given text
EM13LP02,a5f24296-d297-442c-b115-bb34ab4f9b71,Identify cohesive and coherent elements that structure complex multimodal texts
EM13LP02,c649daf8-1cd1-4ce8-ad9f-92b6b86d4274,"Identify the overall organizational structure of an informational text (e.g., chronology, comparison, cause/effect, problem/solution)"
EM13LP02,9ea8f359-caeb-47fb-b22a-4de8f928a01a,Develop coherence and cohesion across an informational text using linguistic resources
EM13LP02,830d6682-c18b-45f5-b5f8-8818329723d7,Analyze the compositional structure and style of a genre to guide reading or writing choices
EM13LP02,a98144d2-faa4-489e-a384-03272312809f,Organize textual information according to the conditions of production and the logical-discursive relations involved
EM13LP01,e1981562-5cf3-4f7d-9796-7ec9cfbb9473,"Identify the conditions of production of a text, including intended audience, author role, and objectives"
EM13LP01,bbf498d3-8e16-40f8-bf96-1d8ffbf3df41,Relate a text to its socio-historical context of circulation to expand meaning-making possibilities
EM13LP01,73a9f479-5004-433d-a8e4-b1592f8d369e,Analyze how the discourse genre and historical period shape the perspectives expressed in a text
EM13LP01,dd10065d-8be7-47d0-944c-337715445f7f,Produce texts appropriate to different situations by considering their socio-historical and discursive contexts
EM13LP01,456c3263-f94c-46a4-a2b4-53a6cedda6ee,Evaluate the points of view and perspectives of a text in light of its conditions of production
EM13LGG704,ce6eb3b1-69be-4371-b905-fc7695db1de9,Evaluate the credibility and relevance of information from multiple sources in diverse formats
EM13LGG704,61132f2c-44cb-4b77-9d51-33b9ad0f24e6,Apply critical research strategies to navigate knowledge production and distribution in networked culture
EM13LGG704,389a3961-c797-4077-9e9b-419920180bae,Compare different digital formats and tools for knowledge production in terms of their credibility and purpose
EM13LGG704,ce81bf23-763c-4f18-8c65-20b416a6719e,Appropriate digital research processes critically to support informed knowledge construction
EM13LGG703,692f92fc-9d00-4bc0-b822-75ea5278279e,Use different languages and media to contribute to collective and collaborative digital productions
EM13LGG703,eb64067e-f230-4dc9-807f-ab9526b0a32e,Apply digital tools to develop original authorial projects in digital environments
EM13LGG703,21788f63-c269-4b6d-b332-d23a37a333f8,Evaluate the role of each language or medium chosen in a collaborative digital production process
EM13LGG702,bc81a4d7-332b-4748-a15d-6df9e8460ad5,Evaluate the impact of digital information and communication technologies on individual formation and social practices
EM13LGG702,4cd76943-9807-430c-b72e-0860e2461fa6,Analyze criteria for selecting and comprehending discourse produced in digital environments
EM13LGG702,8860d353-2d10-4273-b503-b5038698fa13,Critically assess digital media content to engage responsibly with information in digital spaces
EM13LGG702,9e37752a-b023-4572-9fc4-582cd65d539b,Identify how DICT shape social practices and influence discourse production and consumption
EM13LGG701,086f1f0a-aaf8-4725-92e9-11ce5e195c4d,Identify the principles and functionalities of digital information and communication technologies
EM13LGG701,d05cbe59-8b23-4650-8780-596efccd83a8,Apply digital technologies ethically and responsibly across different language practice contexts
EM13LGG701,2344ff06-9671-4ebf-89a7-c0bceb80ee9e,Use digital tools creatively and appropriately to engage in diverse language practices
EM13LGG701,8e19c341-9e3e-4ea0-a544-64fe9139ecbe,Evaluate the ethical implications of digital technology use in different communicative contexts
EM13LGG604,dd14beca-e293-4929-a4eb-9fa7a2012faf,"Relate specific artistic practices to social, cultural, political, or economic dimensions of life"
EM13LGG604,f73a01b3-0691-49f0-8be7-5acb0ac21397,Identify the historical construction process of a given artistic practice
EM13LGG604,3f3aa9b7-e5ca-4129-9a76-531e55371914,"Analyze how social, political, and economic contexts have shaped the development of artistic practices"
EM13LGG603,abbc4813-bf07-4b7b-a6c8-a148230db9f6,Express original ideas through individual or collective creative processes in at least one artistic language
EM13LGG603,69ad0777-73e7-4ba8-b02f-e8d27427def4,"Draw on aesthetic, cultural, and historical references to inform original artistic production"
EM13LGG603,b5719ef3-51c6-4e4d-afff-f1793a33cabf,"Engage in creative processes that intersect different artistic languages such as visual arts, music, dance, theater, or audiovisual"
EM13LGG603,4050ccca-37cc-47a3-9e99-a70657762ba6,Incorporate individual and collective experiences into original artistic productions
EM13LGG602,5d96daa6-f473-446a-9e5f-03d07cedd815,Appreciate diverse artistic and cultural expressions from local to global contexts
EM13LGG602,f50cb75f-fe9f-473c-a87a-cb9cc71102ca,Respond aesthetically to artistic expressions in ways that develop sensitivity and imagination
EM13LGG602,88d3bf7a-c306-45a2-91bf-5b0858c7bfee,Participate actively in artistic and cultural experiences to cultivate creativity
EM13LGG602,d7f58128-df87-44c5-884f-de499c96aa72,Compare artistic and cultural expressions from different contexts to broaden aesthetic repertoire
EM13LGG601,ee4fdd38-08d2-44ce-9394-27e2dbd45520,Identify artistic expressions from different times and places as part of a diverse cultural heritage
EM13LGG601,1fb3e40f-3975-4228-8776-e90c826e2d6e,Analyze the processes by which artistic expressions are legitimized in society
EM13LGG601,9f319c32-0ebf-4c85-9293-8038d2506027,Develop a critical and historical perspective on the artistic heritage of different cultures and periods
EM13LGG601,5b00e467-7e53-4122-b502-e676514b5dc2,Compare artistic expressions across historical periods to understand their diversity and legitimization
EM13LGG503,2725ffeb-d35c-4d57-93a7-f20256c79b68,Integrate physical practices meaningfully into a personal life project
EM13LGG503,55d79f54-cf81-40fb-8762-b71525bc683e,"Identify physical practices as means of self-knowledge, health care, socialization, or entertainment"
EM13LGG503,d823f55a-eca5-47c1-885f-ce0df0e14fda,Evaluate the role of physical practices in promoting well-being and social engagement
EM13LGG502,f1213d5c-e045-4154-81e9-540c1bc04f56,"Identify prejudices, stereotypes, and power relations present in physical practices"
EM13LGG502,d0f74593-c4cc-42e7-bab9-7020fd2c017a,Analyze how manifestations of injustice operate within physical practice contexts
EM13LGG502,5dc3edfb-83fa-41f7-9573-241c3e578d7e,Adopt a critical stance against violations of human rights and democratic values in physical practices
EM13LP48,af5c2b03-89de-4d03-a821-d68a5c060888,Identify assimilations and ruptures between Brazilian literature and foundational Western canonical works
EM13LP48,c9410c66-3fbb-49f1-9f68-6e550b0684b6,Trace continuities in aesthetic models across the trajectory of Brazilian literary formation
EM13LP48,8250e204-4042-4ea1-89b1-404374550a39,Analyze foundational works of Portuguese literature to understand their influence on Brazilian literary history
EM13LP48,200b1756-1efe-4241-b18c-dcecb0d1b9c0,Recognize the historicity of aesthetic procedures by comparing canonical and Brazilian literary texts
EM13LGG501,4376d8cf-3ba4-4cd6-9f45-753fcfb1c13f,Select bodily movements consciously and intentionally for use in physical practice contexts
EM13LGG501,09c9b9c1-a16c-4765-9381-ba27bc65ec9c,Apply bodily movements to interact socially in ways that are empathetic and respectful of difference
EM13LGG501,9f89ec93-e18a-49b3-927e-1265bb6b81cb,Evaluate how chosen bodily movements contribute to constructive and ethical social interactions
EM13LP49,2eedf698-f331-46b9-89fe-12912fa5440a,Recognize structural and stylistic particularities of the chronicle as a genre capturing everyday life
EM13LP49,084ced54-f03e-4a95-9e7a-091432edfd9d,Identify the free and subjective expression of the lyric self as a defining feature of the poem genre
EM13LP49,c0b56cb1-e0e2-4f0d-94a1-14e5cfb63d9e,Analyze how novels present multiple perspectives on human and social life
EM13LP49,886fdd4f-33b7-4e0a-8ab9-6bc241a00357,Describe the political and social dimensions characteristic of marginal and peripheral literature texts
EM13LP49,74668562-8efb-41bc-880b-f027163220d6,Compare the angles through which different literary genres capture the individual and the world
EM13LP51,7b11e60e-6b28-4273-8271-43ebb0abfc7a,Select contemporary literary works based on personal preferences to build an individual collection
EM13LP51,3320389a-9bba-4667-88ac-1868237799cf,Use a personal literary repertoire to engage autonomously within the cultural sphere
EM13LP51,856be9c6-0681-4f5a-af23-00b557e1990d,Evaluate contemporary artistic-literary works to justify their inclusion in a personal collection
EM13LP41,c98beb03-c787-4c71-af03-06496ae7200b,Identify human and automated curation processes that operate on social networks and internet platforms
EM13LP41,233c6af4-d52e-43a7-a2e6-4da253ed71e3,Compare content feeds from different social media pages to analyze the effects of curation algorithms
EM13LP41,e3ec00bb-dee7-4c01-9dd8-47edb6ac4ef8,Analyze the filter-bubble effect as a consequence of automated content curation models
EM13LP41,69285415-e506-4bf2-ab53-90a7f13db50c,Evaluate strategies for broadening engagement with diverse perspectives to minimize manipulation by curation algorithms
EM13LP40,e67a6568-4dfa-4907-9dc3-ed909e75fb86,Define post-truth and identify the conditions and mechanisms behind the spread of fake news
EM13LP40,9ba59dae-4a21-4cc8-bb00-ee438a9d3373,Analyze causes and consequences of the prevalence of beliefs and opinions over verified facts
EM13LP40,72a592b3-5580-47b4-bd58-46031570c6f9,Evaluate specific examples of fake news to identify their mechanisms and effects
EM13LP40,90f25f74-8f7a-412f-8acd-15bb35400b01,Adopt a critical stance toward post-truth phenomena by distinguishing verified facts from unverified beliefs
EM13LP40,0040b039-2da9-4a84-a07b-3d02c7cd0f81,Apply flexible reasoning to revise beliefs and opinions when established facts contradict them
EM13LP44,d04e8495-b2fc-4ac7-a5ae-eeaa0b400e4e,Identify values and social representations conveyed in contemporary advertising and political campaign materials
EM13LP44,64ac9ff2-2bed-47b8-b97d-a35082afae2b,"Deconstruct stereotypes present in digital advertising formats such as advergames, unboxing, and branded storytelling"
EM13LP44,fa5db113-d2cc-4837-9c2b-24dc48fbf057,Explain persuasion mechanisms and engagement strategies used in digital and traditional advertising texts
EM13LP44,05cab894-9b61-4995-acd3-7c568561d959,"Analyze meaning effects produced by linguistic, visual, sonic, gestural, and spatial choices in advertising materials"
EF69LP51,562fe4b3-67c8-4c40-8d77-0a734c289d6c,"Plan a literary or creative text considering thematic, compositional, and stylistic constraints of the intended genre"
EF69LP51,ced14e20-3168-4569-8deb-3c0bbdc1d42f,"Draft a literary or creative text with attention to imagination, aesthetic sensibility, and verisimilitude"
EF69LP51,a37fa07c-f497-4170-9114-f9369f7a571a,"Revise and edit a literary or creative text considering intended reader, medium, and context of circulation"
EF69LP51,ae6f85bf-a0b1-42a9-a9f7-00ac75ea23ee,Revise writing by incorporating feedback from peers or adults
EF69LP49,c97906a1-6e70-417f-958f-51f4dd88f1e8,Demonstrate engagement with literary books and other cultural productions through sustained reading practices
EF69LP49,9953f031-b9c9-46ec-a9b9-faa0c2aad39a,Remain receptive to literary texts that present difficulty or differ from prior reading experiences
EF69LP49,c49efa0e-c6a1-4761-9e82-b08e526a1434,"Use linguistic cues, genre knowledge, and thematic familiarity to approach challenging literary texts"
EM13LP22,3f69a53b-f796-4753-be2b-2738f4cea7d6,"Collaboratively construct dynamic records of professions including fields of practice, educational requirements, and activities"
EM13LP22,d9862a16-ce8b-46a0-b61e-c89377da660c,Incorporate professional testimonials into collaborative occupational records such as maps or wikis
EM13LP22,2d004e75-cda2-4949-953f-1391160f5977,Use collaboratively built occupational records to envision personal and professional trajectories
EM13LP21,4ceade78-4260-47e3-8e7a-19b7ef6596de,Collaboratively produce annotated playlists or cultural publications featuring reviews of cultural works
EM13LP21,a37efdc8-61e0-4f52-b349-259755a1b591,Share cultural and entertainment preferences through digital publications such as fanzines or e-zines
EM13LP21,a61cdd93-db44-4e85-a116-d263dce9f128,Use collaborative cultural publications to identify affinities and foster communities of shared interest
EM13LP20,b6dcd8aa-252e-4346-b41f-df6cba46f73f,"Share personal tastes, cultural practices, and topics of interest while respecting differences among peers"
EM13LP20,247c5723-a894-4e71-b3b4-2649c7669645,"Identify affinities and shared interests as a basis for participating in groups, clubs, or similar communities"
EM13LP20,33df1afa-0300-4102-9784-44519c007e7c,Recognize the value of cultural and personal differences when engaging in community-oriented sharing practices
EM13LP19,459d0f9a-a7aa-4361-9b1c-3c21912718f7,"Represent oneself through diverse multimodal texts such as profiles, biodatas, and video résumés"
EM13LP19,4fdf8848-1800-4f81-aade-264f782904a8,Select appropriate digital media formats to enhance a specific presentation's purpose and audience
EM13LP19,17be3e7b-ed2c-4d2e-b34a-0e0c4927b10f,Adapt self-representational multimodal texts to varied communicative purposes and audiences
EM13LP18,385705e9-1515-4225-859f-b6be5a475b4d,"Use text, photo, video, or audio editing software to create multimodal productions for diverse purposes"
EM13LP18,43370f3e-cd15-4c89-8f1f-0a6e4b8b3059,Explore available digital resources and effects to expand meaning-making in multimodal text production
EM13LP18,f955b075-6139-4df2-b1cb-9d359e0e404c,Engage in collaborative writing and collective knowledge construction using collaborative digital environments
EM13LP17,a0a1a806-a482-4992-996b-0381a12d0a76,"Develop scripts for varied video formats such as vlogs, documentaries, or one-minute videos"
EM13LP17,deefd53e-cc38-4a29-a243-36831f5eb44b,Write scripts for audio productions such as podcasts or annotated playlists to guide authorial choices
EM13LP17,adf9a45e-7122-4aec-bef8-1c72256b93d0,Design transmedia or multimedia narrative scripts to expand meaning-making possibilities across platforms
EM13LP16,a15779c2-bc28-46c6-a0af-45218184da65,"Produce oral texts appropriate to their context of production, genre, and linguistic variety"
EM13LP16,fff0a5ff-25fe-4c90-aa9f-734d06ec31a9,"Analyze speech elements — including voice modulation, intonation, rhythm, and breathing — in oral text production"
EM13LP16,307a822c-8e7a-46e6-b64e-f5037bdbe54d,"Analyze kinesic elements — including posture, gestures, facial expression, and eye contact — in oral presentations"
EM13LP16,50d85fea-1015-43c7-822f-ddeb9634b1fc,"Evaluate oral texts for clarity, thematic progression, and appropriateness to the communicative situation"
EM13LP15,1ca1e90f-ab86-4af6-bf75-5efbf5e2df07,"Plan a written or multimodal text considering genre regularities, intended reader, and sociohistorical context"
EM13LP15,7b3d0daa-dc80-427b-b57b-33e936d2866f,Revise and edit a written or multimodal text for appropriateness to the linguistic variety and social role required
EM13LP15,eabb9af8-7a39-4971-83e6-b8de89ec167a,"Apply notational conventions — including spelling, punctuation, and agreement mechanisms — in text production"
EM13LP15,046bffea-8003-44a2-818b-1096326660a6,Evaluate a written or multimodal text against the conditions of its production to guide rewriting decisions
EM13LP14,ae002083-1e2e-4b95-aecd-2840b9f1b1f7,"Analyze meaning effects produced by compositional choices of images including framing, angle, focus, and color"
EM13LP14,b3603ee6-6c8f-4ba9-997c-b990ae6cbe99,Analyze meaning effects produced by sound elements and performance choices in video and multimedia texts
EM13LP14,71972863-822a-4699-8678-ddc6c069ab4a,Apply analysis of image and sound composition to produce videos that expand meaning-making possibilities
EM13LP13,5deddf75-646d-402a-a85d-832ceda951ee,"Analyze meaning effects produced by sound element choices such as volume, timbre, rhythm, and synchronization"
EM13LP13,0650ec25-9cbd-4885-887b-64e0eb67910d,Explain relationships between sound elements and verbal language in audio productions
EM13LP13,524e45ab-c90a-45e5-aabc-346fde65f0c9,Apply analysis of sound choices to produce audio texts that expand meaning-making and appreciation
EM13LP12,d341a3b7-a2e3-4c18-a6f9-a7fc7711f069,Gather relevant information from print and digital sources for a research task
EM13LP12,28c3e6d3-920d-4f81-b84d-de5bd7b7e92f,"Avoid plagiarism by paraphrasing, quoting, and citing sources appropriately"
EM13LP12,3ad310f2-b350-4e0b-9853-2cb2de471af3,Use sourced information to support defended positions beyond common knowledge in a text
EM13LP11,580f5be7-5c5b-4ba4-bfce-f94de2ce341f,Select and organize information from multiple sources in relation to a specific discursive purpose
EM13LP11,62af942f-c1d9-48df-b5b4-e6299ba67e7c,Curate information strategically to support varied discursive projects and communicative goals
EM13LP10,33865433-9619-4dc3-bed2-4f9e59792cbd,"Analyze linguistic variation across phonetic-phonological, lexical, syntactic, semantic, and stylistic-pragmatic levels"
EM13LP10,890f4293-ab63-40e2-a48d-dd8a5299b577,"Identify regional, historical, social, situational, and occupational dimensions of linguistic variation in Portuguese"
EM13LP10,e6b05d7d-153e-4c71-9a3f-23a1b122638e,Explain the processes by which prestigious and stigmatized language varieties are constituted
EM13LP10,061bdabe-81ce-4382-9c21-b32a0e6e985a,Ground rejection of linguistic prejudice in understanding of the dynamic and living nature of language
EM13LP09,2128d7b0-6af3-41a0-af63-548d87234c91,Compare treatments of grammatical topics offered by traditional grammar and contemporary usage-based grammars
EM13LP09,7d95a779-d7d7-49e6-bdda-327a6946142f,Recognize differences in approach between traditional and usage-based grammatical descriptions
EM13LP09,a3c4f90d-6611-41dd-b400-0d82b0a36dc1,Analyze the motivations underlying the predominance of standard-norm instruction in school contexts
EM13LP08,6cde3876-6edb-4b5e-86cf-ff91d5781cd2,Analyze the ordering of sentence constituents and the meaning effects produced by their inversion
EM13LP08,221436ed-428a-480c-a602-9b7c62de7c53,Analyze processes of coordination and subordination and the effects of their use in texts
EM13LP08,085df02d-3be1-481f-97e1-0e1f667fae93,Analyze syntactic agreement and government including verb and noun valency in Portuguese sentences
EM13LP08,f2926395-14a3-4f95-b8d1-193e34c5298a,Apply syntactic analysis to strengthen reading comprehension and make appropriate choices in text production
EM13LP47,8e13ee59-d87a-49ba-8d2e-2bead3b69d79,"Participate in literary and cultural events such as slams, reading circles, or cultural fairs"
EM13LP47,7b92d7eb-7b51-4f66-a629-01066ad03d55,"Share works of personal authorship — such as poems, short stories, or scripts — in public cultural events"
EM13LP47,4a5f71ec-af80-4810-b8de-d302c735d4ac,Perform works by other authors in cultural events engaging with diverse contemporary cultural practices
EM13LP46,402650b3-75b1-4eb0-9670-b03a7a2248c4,Share meanings constructed through reading or listening to literary texts in dialogue with others
EM13LP46,0b965a66-4dfb-4f8a-9d0e-fd16c4d77233,Recognize differences and tensions between personal and collective interpretations of literary texts
EM13LP46,20a8f1e9-c42e-4356-8b84-86e377ab394e,Engage in cultural dialogue around literary texts to sharpen critical perspective
EF07HI17,37ea2186-0880-41ad-b269-cc795c741999,Identify the key economic characteristics that define mercantilism as a system
EF07HI17,baaef411-175e-4937-a79b-0674258c43bd,Explain the social and economic factors that drove the decline of mercantilist practices
EF07HI17,5a80ea42-e079-460e-a21b-dbb49be73c87,Analyze the role of commercial expansion and emerging bourgeoisie in the rise of capitalism
EF07HI17,5a31666e-54ef-49a6-a0cc-8e90ec9a76dd,"Compare mercantilist and capitalist economic models in terms of trade, labor, and state control"
EF69LP13,3f2a4be0-c8be-45b3-8f62-d2b5e8bc1c7c,Engage respectfully in collaborative discussions about controversial or socially relevant topics
EF69LP13,a0dc4fda-1629-4245-b00d-59008e7c01e9,Contribute arguments or evidence that advance a group toward a shared conclusion
EF69LP13,0861ed14-01ce-4749-a663-1ee86af31ce0,Evaluate peers' contributions to refine a collective position on a debated issue
EF69LP21,213515cb-8746-4645-a16e-51fb686c908a,"Identify the social problem, denunciation, or call to action expressed in a non-institutionalized cultural production"
EF69LP21,5ceb92c1-758c-4eef-bcd7-51e7eec1f830,Relate the context of creation of an artistic or youth cultural production to its intended meaning
EF69LP21,956a4362-f506-4966-81f4-1b3131837741,"Analyze how semiotic modes (visual, verbal, gestural) work together to construct meaning in a cultural production"
EF69LP21,983f04c4-9a1d-4e97-9708-6f13be523057,Evaluate the effectiveness of a cultural or urban intervention as a form of social participation and critique
EF69LP22,ff130b1b-b766-4e66-9770-d8b90b82cd42,Produce an argumentative or proposal-based text that addresses a real problem affecting school or community life
EF69LP22,96f68918-ba08-4c3b-a4ef-11163d53660b,Justify a viewpoint using relevant arguments appropriate to the chosen genre and production context
EF69LP22,984c5f16-4c6f-432c-adf8-969f00aa71a7,"Elaborate the components of a proposal, including rationale, objectives, and planned actions"
EF69LP22,62e8d1fe-1632-4215-b98f-f4b476815ff5,Revise and edit an argumentative or proposal-based text to improve adherence to genre features and context
EF69LP19,9fddfd59-ef69-4ccc-88b4-ccf7ddb1d874,"Identify elements of spoken language — such as pauses, intonation, rhythm, and hesitations — in oral argumentative genres"
EF69LP19,aca25e8e-1b53-46eb-85b7-e890063d897d,Analyze the effect of gestures and facial expressions on meaning construction in oral argumentation
EF69LP19,84cc5d37-5250-46e7-b055-ea704e5def71,Interpret how prosodic and paralinguistic features reinforce or modify the speaker's argumentative intent
EF69LP32,ff1d335f-3f4b-4ed5-bebc-b60a4cf2639c,Determine the quality and relevance of primary and secondary sources
EF69LP32,af97b67d-4043-4a26-9247-3f44d27bb6b0,Select and extract only the information necessary to address a specific research question
EF69LP32,af284175-52d6-497c-a5ab-2ac4d3d492e4,Organize a data set into tables or graphs to make patterns visible
EF69LP31,c2b5a293-88b5-4512-82bf-6af151893f08,Identify linguistic cues that signal hierarchical or logical relationships between propositions in a text
EF69LP31,0b546e0b-1499-4432-a316-82d6cfe577a6,Use connective expressions to understand the organizational structure of an expository or argumentative text
EF69LP31,c5bd82ca-8274-4438-8778-c5ac3644400b,Synthesize the main content of a text by recognizing the relationships signaled by discourse markers
EF69LP30,563d896a-75d0-4fb0-8d5a-9e70361d774b,Compare information presented across two texts on the same topic
EF69LP30,8c97abbd-242c-472a-a4c8-36b2e1e67f67,Identify potential errors or conceptual inaccuracies by cross-referencing multiple sources
EF69LP30,d579e3d6-903f-4999-b5b0-0f912ac45f0b,Evaluate sources by considering their production contexts and referenced authorities
EF69LP30,5682ce18-7b1e-48b0-b426-8e4075ee101c,Develop a critical stance toward content by analyzing complementarities and contradictions across sources
EF69LP29,c0d03fc4-ef34-4e90-b1f0-4a5ae67acbf3,"Identify the compositional structure characteristic of science communication genres such as popular science articles, infographics, and science videos"
EF69LP29,545ffb4c-accb-428c-8c7c-6f0282f75a37,Relate the context of production of a science communication genre to its linguistic and structural features
EF69LP29,1d02c0af-664a-4105-b4b0-327de1cb4081,Explain how specific linguistic features of science communication genres contribute to text comprehension
EF69LP28,8c1fd254-002b-4d9d-8cf8-c2e15ff051a0,"Identify deontic modality markers (obligation, prohibition, permission) in legal texts"
EF69LP28,26ce6a9f-ff5c-471f-b809-2d4bcd85c89d,Interpret the effect of deontic modality on the regulation of conduct in normative or legal texts
EF69LP28,3d638219-bb03-402d-8fbd-b299f57230c1,Identify appreciative modality markers through which a speaker expresses positive or negative value judgments
EF69LP28,62cb62ea-9c3f-4865-837e-d8edcd0ed723,Distinguish between deontic modality in legal texts and appreciative modality in political or propositional texts
EF69LP27,a03c426e-023f-412e-a0d6-22bf719343a5,"Identify the compositional structure of normative and legal genre texts, including proposals and political platforms"
EF69LP27,7098efa8-b901-44c3-823f-dd117dbdc898,Analyze the characteristic linguistic features of genres from the normative and political spheres
EF69LP27,68c5f89b-a25a-413c-bb23-6d1e44ae4261,Relate structural and linguistic features of advocacy texts — such as complaint letters and petitions — to their communicative purposes
EF69LP26,1d47c297-0647-40e8-bde7-f2f4f7f51553,"Take notes during oral events such as debates, lectures, or meetings to document key information"
EF69LP26,e310689f-7c3f-47f0-946a-b8a23fd5e880,Use notes taken during an oral event to support one's own contributions within that event
EF69LP26,ead970ef-4d6c-4fa1-8cec-e126253f3e5f,Organize notes from an oral event to enable revisiting addressed topics in subsequent public contexts
EF69LP25,8aa6d9a2-af0e-421f-a468-b240ada85edb,Articulate and sustain a consistent position within the allotted speaking time in a discussion or assembly
EF69LP25,2772ec81-b7c2-4f11-a399-dcd489cc808c,"Ground opinions in clear, well-justified arguments when participating in collegiate or deliberative contexts"
EF69LP25,7851deb3-f047-4a16-9895-19c23d98ce87,Respond to opposing viewpoints respectfully while maintaining a reasoned argument
EF69LP24,650fd985-06af-459f-a438-8b2d9861ff35,"Analyze real or simulated legal cases involving alleged violations of consumer, traffic, or child protection codes"
EF69LP24,46816b0c-19bf-4b81-b0b9-21013bf98d63,"Identify vocabulary, organizational structures, and stylistic features characteristic of legal language"
EF69LP24,22900af2-5f92-4a70-bffd-6f073504072e,Interpret legal texts by recognizing that laws are subject to multiple perspectives and readings
EF69LP23,09d93dba-9fb5-48b7-9c97-0bac437a71d2,"Identify the characteristic features of normative texts such as bylaws, statutes, and regulations"
EF69LP23,872bf0ac-c320-41b0-b935-5b6e361c0549,Contribute to drafting normative texts — such as school regulations or club bylaws — appropriate to the production context
EF69LP23,da7be29c-048d-4020-acda-6d5dfba4ccc5,Apply genre conventions of normative texts when collaboratively writing rules or codes of conduct
EF69LP17,f742523f-d7d3-47d4-a2e5-9e786a025c09,Identify lexical and stylistic choices that construct an effect of impartiality or persuasion in journalistic texts
EF69LP17,ae934eae-564c-47ef-a182-268082fc0309,"Analyze verb morphology (tense, mood, person) and its function across different journalistic and advertising text types"
EF69LP17,0ade35d6-8cc9-40d0-b3e7-dedc550ad89c,"Examine persuasive devices — such as headline construction, metaphors, and source disclosure — in argumentative texts"
EF69LP17,b6805dca-cb0d-46ac-b86a-5ad8fb3ff24b,Analyze linguistic and discursive strategies used in advertising to appeal to consumption
EF69LP16,7c30725f-d78a-45d5-b0ec-747ad21ec54b,"Identify the compositional features of journalistic reporting genres, including the inverted pyramid and hypertextual structures"
EF69LP16,2e6fecce-4d58-4324-8de7-aaa4249e1209,"Analyze the structure of argumentative journalistic genres, including thesis statement and use of supporting arguments"
EF69LP16,99d30bf7-9585-4965-95a3-241502067b88,"Apply structural conventions of interview genres, including interviewee introduction and question-and-answer format"
EF69LP15,c70796b6-b1e9-4c64-96a1-4388b0946d64,Formulate coherent arguments in support of a position on a controversial topic during a discussion
EF69LP15,73d9035c-9710-4c46-a356-ea921e895f61,Present counterarguments that directly address opposing positions in a structured debate
EF69LP15,d879fe4b-e160-48b6-a542-10f019c7e57c,Respect turn-taking conventions when participating in discussions about contentious issues
EF69LP14,5733ba6c-a73e-412c-bd24-5774f264fc45,"Formulate a focused research question, including self-generated questions, to guide inquiry"
EF69LP14,64f2c02d-d001-4075-8076-d10b7f0e0e62,Break down a complex controversial topic into more specific sub-questions for detailed analysis
EF69LP14,9c503851-a4fb-439f-8267-9d7f44fbf9e9,Seek information from diverse sources to examine a specific aspect of a debated issue
EF69LP14,5c397a0a-e6d9-4354-8113-46d09a16f970,Share research findings with the class to contribute to collective understanding of a topic
EF08HI01,0c81f68b-5c95-41f4-9a1a-e3c14a36a135,"Identify the principal conceptual features of Enlightenment thought, including reason, progress, and individual rights"
EF08HI01,e7a1db01-6813-42ad-9faf-ae3e0bffa4e1,Identify the key tenets of liberalism as a political and economic doctrine
EF08HI01,b12ac835-85c8-4e17-91e0-cb4b03c85a2f,Explain the relationship between Enlightenment ideas and the emergence of liberal political structures
EF08HI01,5aa6e5aa-9875-4c8a-b322-9983930bd480,Analyze how Enlightenment and liberal principles contributed to the organization of the contemporary world
EF89LP33,4dc22424-7b59-49a7-92d3-6a9615bba814,Select reading procedures and strategies appropriate to the genre and purpose of a literary text
EF89LP33,2884ae4a-2a74-4dce-8cac-9fc84bf72fc1,"Demonstrate comprehension of complex stories, dramas, or poems at the high end of the 6–8 text complexity band"
EF89LP33,3b235539-e337-4c60-95c6-f3faeecee50e,Distinguish among structural and stylistic characteristics of different literary genres and media
EF89LP33,f41304f5-7141-4284-81b8-c555e1168dd5,Express evaluative responses to literary texts read independently
EF89LP33,bf2d957c-0e29-48a4-9e6f-dddce51c889d,"Articulate personal preferences for literary genres, themes, and authors based on reading experience"
EF89LP32,48aaf6dd-06f8-4fdd-b826-944cf1804c49,"Identify intertextuality mechanisms — references, allusions, and callbacks — within and across literary texts"
EF89LP32,92c5ee56-1bd8-4c06-aa0e-8ada6d19f0f2,Analyze the effects of meaning produced by intertextual relationships between literary texts and other artistic expressions
EF89LP32,8f0c8bc5-d38c-44e5-8111-da1b069fdb33,"Compare an original text with derivative forms such as parodies, paraphrases, and pastiches to identify transformations of meaning"
EF89LP32,937ad21b-a587-485f-bf4c-a351b87baef4,"Evaluate how intertextuality operates across themes, characters, styles, and authors in literary and artistic works"
EF89LP31,934d8418-059d-4d0e-a89e-2c64ce32f88e,Identify epistemic modalization markers that express agreement with a proposition in a text
EF89LP31,0c701e70-dfab-435c-8e5b-8e2eac4ccff1,Distinguish assertive expressions from quasi-assertive expressions based on their degree of certainty
EF89LP31,dd341aa4-6afc-4267-88dd-6672afab7b72,Analyze the effect of epistemic modalization on the speaker's positioning toward a proposition
EF89LP31,3097893a-3a5d-4df3-b7c3-2a02b76a626a,Employ appropriate epistemic modalization expressions to indicate degrees of certainty or doubt in written and oral production
EF89LP30,d38b2e90-dece-43cf-a1cf-dc9d2bbb03ba,Identify the hypertext and hyperlink structure of science communication texts published on the Web
EF89LP30,5b41700e-f328-410a-af06-9ae22edf4014,Analyze how hyperlinks establish relationships between concepts in digital science communication texts
EF89LP30,36d90e3e-d762-453f-ab67-cf596c74d082,Use hyperlinks strategically to refer to related concepts when producing or navigating Web-based texts
EF89LP29,c3f9c55f-91fa-4e52-a105-a1899b4f270c,"Identify anaphoric reference mechanisms — including relative pronouns, personal pronouns, and coreferential nouns — used for thematic progression"
EF89LP29,8cc44c4c-a830-4783-9a75-45f6dc2b03f8,Identify cataphoric reference as a mechanism that points forward to content not yet stated in a text
EF89LP29,8437df71-0c6c-460c-a28a-b7d0271711e7,Recognize textual organizers and cohesive devices that structure thematic progression in knowledge-dissemination texts
EF89LP29,faedb074-215c-4bcc-88ce-fba9c842bd69,Analyze reformulation and paraphrase mechanisms used to clarify or expand ideas in knowledge-dissemination texts
EF89LP29,8d73d6e0-0cc6-4175-af6b-520e9f2bce6c,Employ cohesive reference mechanisms to ensure thematic coherence in written production
EF89LP28,d1c8cda9-618b-45b3-8525-d59c82f998f5,"Identify key information in video lectures, documentaries, and multimedia presentations based on learning objectives"
EF89LP28,aaff6a27-cf9f-476b-9680-35022c761706,Take organized notes from sources and categorize information by topic or subtopic
EF89LP28,6aaa5a91-7b22-40b1-b270-fd5c2d9e25ee,Produce a summary that highlights and reorganizes the central points and relationships from notes taken
EF89LP28,bdd9ef2f-ee58-43e0-ab74-1f92fcd57764,Incorporate personal reflections — such as questions and uncertainties — into study notes when appropriate
EF89LP27,592fb76d-8ead-4dd6-ab62-c8e5d18b8a39,Respond to others' comments with relevant observations that advance the discussion topic
EF89LP27,e21326c2-ed74-45ab-8944-ae17d1185c84,Pose pertinent questions at appropriate moments during oral presentations and class discussions
EF89LP26,7e9e51e1-030d-44b3-971d-6e419dff0821,"Manage multiple voices — reviewer, reviewed author, and cited authors — appropriately in a written review"
EF89LP26,39db94c8-8fc3-478a-977f-3d0cd36385f3,Use paraphrase and markers of reported speech to attribute ideas to their sources in a review
EF89LP26,cc22f162-5b9a-4e27-80a7-7c76053a0dc3,Incorporate direct quotation correctly to support evaluative claims in a written review
EF89LP26,c210c76d-5ff5-4ed8-a481-1eed7ac51e6e,Produce a review drawing on previously made notes or outlines
EF89LP25,735a5161-c89e-4ba0-acae-e9bfd30230e8,Organize and present research findings through oral presentations in academic contexts
EF89LP25,6944d805-2026-4f05-b374-3dcfc90bff06,Disseminate research findings through written formats such as science communication articles or collaborative encyclopedia entries
EF89LP25,16c3b79f-403c-4ef7-b77d-babe16201af6,Disseminate research findings through digital formats such as science vlogs or videos
EF89LP24,0ac758db-a683-4065-af06-83ca0127b202,Formulate a focused research question to guide a short or sustained inquiry
EF89LP24,1056e4f6-6ae5-4589-acc6-c9ec7740576f,Select open and reliable sources appropriate to the research focus
EF89LP24,7baff1fb-32c6-40ee-a801-4ffd093b9375,Assess the credibility and accuracy of print and digital sources used in research
EF89LP23,d291eaec-a04f-48f3-95fd-6a33f0a705fc,"Identify argumentative moves — support, refutation, and negotiation — in argumentative and proposal-driven texts"
EF89LP23,a247570c-de1e-480b-98b1-d4304abda1fc,Analyze the function of each argumentative move within the overall structure of an argumentative text
EF89LP23,1047708d-286e-446f-ad24-16523a09d2c2,Evaluate the strength of evidence used to support specific claims in a text
EF89LP22,c02341e4-d299-4efa-a0e7-e741eeb455d4,Compare different positions and interests presented in a discussion or proposal
EF89LP22,fe06a615-2b06-4e4b-97f0-77a847f38f7b,Evaluate the validity and strength of arguments used to support competing positions or proposals
EF89LP22,74407c62-f901-4003-a66a-60b65fe31f3a,Evaluate the potential consequences of proposals addressed to collective interests
EF89LP22,fcb563d4-312b-4997-8326-3999e88c0666,Formulate and negotiate proposals that address collective interests of the school or community
EF89LP21,472fc20a-2b70-4b1c-9360-f01660a22661,Conduct surveys or opinion polls to identify priorities or problems within the school or community
EF89LP21,7e170cdf-b06b-4586-a8bc-36d8d34e80b4,"Document a community demand or need using multiple genres, procedures, and media"
EF89LP21,ee0b1749-aaef-408a-a8a9-93bfde629a85,Select relevant and accurate evidence from credible sources to support a claim
EF89LP21,55517bc6-bca9-4a6f-af99-7a7d37da8374,Evaluate the quality and usefulness of sources as evidentiary support for proposals or cultural projects
EF89LP20,dbf2153c-e191-459e-8e3c-785f66eba536,"Identify the key elements of a policy proposal — what, why, for what purpose, how, and when"
EF89LP20,c3ea5667-513d-45cd-b50d-0fe03f277796,Compare policy proposals or problem-solving solutions by contrasting data and information from different sources
EF89LP20,86582631-3618-4195-bfc0-e48074d0bce8,"Identify points of agreement, complementarity, and contradiction across competing proposals or solutions"
EF89LP20,35273f7e-bd07-48b0-b495-c290fbc2dd04,Evaluate the internal coherence among the elements of a proposal or solution
EF89LP20,21c45f58-32c9-49d3-b5c7-585da83782bb,Make well-informed decisions based on critical evaluation of data and proposals
EF89LP19,2fdc47f2-59c6-4f3e-bffc-e38bec039ca6,"Identify the organizational structure of open letters, petitions, and online signature campaigns"
EF89LP19,e163a90d-3990-4095-95b1-250a03c64c8a,"Recognize the linguistic markers characteristic of petitions, open letters, and digital participation proposals"
EF89LP19,7a45cec8-55ae-4757-9aba-093484cabcdd,Analyze the context of production of open letters and petitions to understand their communicative purpose
EF89LP19,1f0bd347-8e49-4d41-bd8b-0c9bc4c8ee44,Critically evaluate proposals for policy initiatives or solutions presented on digital participation channels
EF89LP19,e4228d20-3a4c-45b6-9652-15db907e6adf,Draft or sign petitions and similar texts based on informed understanding of their structure and purpose
EF89LP18,ebeaae64-827d-40a6-a347-ffb255d56481,"Identify participation forums and channels available at the school, community, and national levels, including digital platforms"
EF89LP18,2cd7eadf-472c-4181-a9ba-e2d5e430d5fd,Analyze proposals and initiatives circulating through civic participation channels
EF89LP18,3e876366-a30f-4174-ac9b-ac1cad19c797,Use digital civic engagement tools to track elected officials' work and the progress of legislation
EF89LP18,29693260-03ca-4bd5-b282-555f8b8db163,Engage in the exchange of ideas and proposals in public forums to seek solutions to school or community problems
EF89LP35,89fce313-d972-4aa9-8689-d89f41c6c2a9,"Identify the structural components and expressive resources characteristic of target narrative genres such as short stories, chronicles, and science fiction"
EF89LP35,d816369c-fdc8-4d19-be4a-7ac893dd3925,"Create narrative texts — such as flash fiction, lyrical chronicles, or adventure narratives — using genre-appropriate themes and structures"
EF89LP35,3a09fc77-0741-487a-b325-ddb6c70e7695,Apply expressive resources characteristic of a chosen narrative genre to produce intended effects of meaning
EF89LP35,244a6084-db3c-4705-ae18-72e08f17463b,Use collaborative writing tools to co-produce narrative texts in group settings
EM13LGG402,776235c6-d9ef-4a19-b229-03178625615e,"Choose language and style appropriate to the audience, purpose, and context of communication"
EM13LGG402,9a2c9dc4-40bf-42b5-83fe-ae11edc7dfdf,Employ appropriate language variety and register in social interactions according to genre and context
EM13LGG402,c519fa9f-7ba4-48cf-8d98-fd6b82ec1211,Respect the language uses of interlocutors without expressing linguistic prejudice
EF89LP36,de22aea3-d3f3-4dfc-8a9b-16f8969d50b7,Compose a parody of a well-known literary poem by transforming its original elements
EF89LP36,030df8b5-0920-4193-94a7-5ac49abb9479,Experiment with sonic and semantic resources — such as figures of speech and wordplay — to produce poetic effects
EF89LP36,25dff751-8814-4a24-b1ef-7e235020a1b3,Experiment with visual resources — such as image-text relationships and text arrangement on the page — in poetic composition
EF89LP36,7bafba13-8f29-4973-abdd-7105f7a78850,"Compose verse texts in a variety of poetic forms, such as haiku, concrete poems, or cyberpoems"
EF89LP36,2da63d0e-2722-408f-ab15-3821e0c7e714,"Analyze how choices of sonic, semantic, and visual resources generate different effects of meaning in a poem"
EM13CHS101,3f333e44-2cea-4556-a231-2104f2285b88,Identify different sources and narratives expressed in diverse forms of language relevant to human and social sciences
EM13CHS101,12b21a27-d906-4998-9b67-d564e88c04f1,"Analyze philosophical ideas, historical events, and social, geographic, or political processes using primary and secondary sources"
EM13CHS101,cc88291e-dafd-4dd7-a9ee-f5cc475d83e5,Compare how two authors' perspectives shape their interpretations of the same historical event
EM13CHS101,d82319d9-330d-4b66-a49e-9f2c24e750c1,"Evaluate the perspective, context, and reliability of sources used to interpret human and social sciences content"
EM13CHS306,6ff927ea-ed33-468a-8e1c-5d61c376daf0,Compare socioeconomic models based on their use of natural resources and environmental impact
EM13CHS306,b03163e2-0684-4ea9-967f-7d12c824a4c6,Evaluate the sustainability outcomes of agrobiodiversity and agroforestry systems adopted by different communities
EM13CHS306,8ce4776e-7405-4cde-846e-dc84c3af04a3,Contextualize how different economic models promote or undermine socio-environmental sustainability
EM13CHS306,21918c25-e42a-45c2-b396-5e7bf550ef9d,Analyze the relationship between modes of production and long-term ecological sustainability at local and global scales
EM13CHS305,945809d6-2545-4a5f-98ea-81ff200f4046,Identify the legal authority and functions of national environmental regulatory and enforcement bodies
EM13CHS305,c333e44a-b16e-42a2-b465-c48c9e95b25e,Analyze the role of international organizations in establishing and enforcing environmental standards
EM13CHS305,2db55411-c06c-4b43-a600-acc483c5c326,Evaluate the effectiveness of international environmental agreements in promoting sustainable practices
EM13CHS305,536c673e-0892-4d30-b74e-a51cc149da0b,Compare the mandates and limitations of national versus international environmental governance institutions
EM13CHS304,cbddbeb3-d6b5-4933-8554-e3d9e511b939,"Identify socio-environmental impacts of practices by governments, corporations, and individuals"
EM13CHS304,de9e7a3b-e3b9-42dd-a391-2744470b7f8c,Analyze the historical and structural origins of harmful socio-environmental practices
EM13CHS304,c1bfc091-ecef-42b6-a563-48a4ac6b1e5c,Evaluate practices that promote socio-environmental ethics and responsible consumption
EM13CHS304,5ee7e5cf-84ac-422f-a25c-5b9579d727d2,Select and advocate for practices that foster socio-environmental awareness at individual and collective levels
EM13CHS303,579265f4-9c8f-4fb3-921c-c3541c7be0cd,Analyze the role of the culture industry in stimulating consumerism and shaping consumer needs
EM13CHS303,f38ee4d5-8978-4d21-83dc-0e9d34a34e67,Evaluate the economic and socio-environmental impacts of mass consumption driven by media and popular culture
EM13CHS303,96d1fd3f-a980-4ebb-9215-d5509379d834,Develop critical awareness of artificially created consumer needs promoted by mass culture
EM13CHS303,bb50c710-43ab-4819-9bb3-c51e8ffe1127,Identify sustainable habits that counteract the effects of consumption-driven cultural pressures
EM13CHS302,ec82805b-9966-44f6-929c-e41f08244819,Analyze the socio-environmental impacts of natural resource extraction across different environments and scales
EM13CHS302,422fd838-0082-47ff-b1c0-2c37d0907255,Evaluate the environmental consequences of agricultural and livestock supply chains on local communities
EM13CHS302,c4c761f1-2dea-4828-9341-1e265e3eae9a,"Recognize the agroextractivist practices and sustainability commitments of Indigenous, Quilombola, and traditional communities"
EM13CHS302,542bb0e9-5a30-4ad4-bc24-a407930c6041,Compare the sustainability outcomes of industrial versus traditional community-based resource use practices
EM13CHS302,4bcd896d-0ca9-4106-aa64-7a8c96b4abce,Critically assess how supply chain decisions affect the ways of life of local and traditional populations
EM13CHS301,1ca7545f-d3b6-45ab-acec-2929d30179f8,"Examine waste production, reuse, and disposal habits in metropolitan, urban, rural, and diverse socioeconomic contexts"
EM13CHS301,d8232171-ab23-40c1-9e3b-43f6db148998,Compare waste management practices across communities with varying socioeconomic characteristics
EM13CHS301,cb4fadf4-8811-40e3-90eb-05415846a521,Analyze the relationship between individual and collective habits and systemic pollution
EM13CHS301,e46694c3-00c6-4476-8121-e7996bb9086e,Develop or select action proposals that promote socio-environmental sustainability and responsible consumption
EM13CHS206,ebf0107f-a706-406d-bfaf-fb5237d4106e,"Apply geographic reasoning principles such as location, distribution, and causality to analyze spatial phenomena"
EM13CHS206,beda13ba-f1f2-49b7-bc24-020b01ff081f,Analyze human occupation and space production across different historical periods using geographic concepts
EM13CHS206,365844d1-4bc7-4b86-80d8-cc7e0c3fd5d2,Interpret spatial arrangements and connections resulting from human occupation over time
EM13CHS206,a29f8d23-2b03-4447-a43c-5448b4b4bfb9,Use geographic reasoning to explain patterns of territorial organization and spatial change
EM13CHS205,3421b7aa-41e2-4649-89e4-fdc221841cb4,"Analyze the cultural, economic, environmental, political, and social dimensions of territoriality production"
EM13CHS205,6bc8b3f6-60d1-4037-8f83-ace9d48a0af5,Compare different territorialities produced in Brazil and the contemporary world
EM13CHS205,65d05503-e92b-4c8e-aa1a-cdbdaee3788a,Identify characteristics of youth cultures as expressions of distinct territorialities
EM13CHS205,acabdc41-7f58-4444-96a9-7b199c347fb6,Evaluate how territorial identities are constructed and transformed in contemporary society
EM13CHS204,ebb34a2c-1826-4829-88cc-6d5f75c1f4c4,Compare processes of spatial occupation and territory formation across different historical and geographic contexts
EM13CHS204,ca59b904-4818-4052-8b80-363bea99f3d0,"Identify the roles of social groups, empires, nation-states, and international organizations in shaping territories"
EM13CHS204,023e6345-ab23-4ebd-a4be-5fb6adf3c31d,Analyze how population conflicts and ethnic-cultural diversity influence the formation of borders and territorialities
EM13CHS204,631996d3-13ef-41cb-bfb1-c54f91bddd0d,"Evaluate the socioeconomic, political, and technological factors that shape territorial boundaries and disputes"
EM13CHS203,a8713870-e0bd-438c-8857-4a594cb874a0,Compare the meanings of territory and borders across different societies and historical contexts
EM13CHS203,a4668e53-6746-44a0-99cc-f2dafc114123,Contextualize and relativize dualistic frameworks such as civilization/barbarism and nomadism/sedentarism
EM13CHS203,1252276e-fd8f-428e-89b0-72d68fd317cd,"Analyze the concept of spatial, temporal, and cultural void as understood by different societies"
EM13CHS203,dce89e3b-c1f2-428e-ab2a-0b89061ef2f7,Critically examine how binary oppositions oversimplify complex social and spatial realities
EM13CHS202,d994778f-a662-4c0e-8df1-656a6d7edbaf,Analyze the impacts of technology on the structure and dynamics of contemporary societies
EM13CHS202,d4d15ea3-4a66-4b79-84f0-11e2038f31be,"Evaluate how digital and technological flows (financial, informational, cultural) reshape social groups and peoples"
EM13CHS202,0e1641c1-9bef-4065-b44d-ac103690d9c8,"Assess technology's influence on political, economic, environmental, and cultural decision-making processes"
EM13CHS202,f95a264e-9321-46c4-970c-9692201612b0,Identify ethical and cultural implications of technological change for contemporary social dynamics
EM13CHS201,7d9587c4-5232-4b20-a86e-21dbcdd4dad8,"Characterize the dynamics of population, goods, and capital flows across continents"
EM13CHS201,df50e345-e8c6-4224-bfdc-72cd0d8771c1,"Analyze the natural, political, economic, social, religious, and cultural events that drive human migration and settlement"
EM13CHS201,0333586a-d785-4321-9a26-aa083a3699e2,"Compare patterns of mobility and settlement of individuals, groups, and peoples across different regions"
EM13CHS201,3d4f671d-4537-44fc-a277-0e44818174f7,Critically evaluate the interrelations between migratory processes and their social and geopolitical consequences
EM13CHS106,98284fb4-cabf-4480-9cef-a1932bddf00c,Apply cartographic and graphic languages to communicate and analyze social and spatial phenomena
EM13CHS106,c0ffff6b-d438-4404-8b66-de12cb1c8961,Use digital information and communication technologies critically and ethically across social and academic practices
EM13CHS106,139f36ce-a993-4689-8e3d-24109e610167,Produce and share knowledge using diverse text genres and iconographic languages in a reflective manner
EM13CHS106,00133af4-bfcc-47ed-b33d-b1e4d27d9cf3,Exercise authorship and agency in personal and collective life through ethical use of digital tools and media
EM13CHS105,12eeefb9-b4fe-4b2e-a4c2-2eb3eb0440c4,Identify and contextualize evolutionary typologies such as nomadic and sedentary populations
EM13CHS105,955cb8e0-7ccf-417f-bd7d-05512a71e93e,Critically examine dichotomous oppositions such as urban/rural and culture/nature for ambiguities and limitations
EM13CHS105,d4017a7f-2c15-4448-abad-5d69e9dbeae2,Analyze how binary conceptual frameworks oversimplify complex human and social realities
EM13CHS105,ca315aa7-3955-4173-8b5e-51bad655f16b,Evaluate the ideological functions served by typological and dichotomous classifications in social thought
EM13CHS104,e4faf663-4c28-4b67-95c2-b9caf4cb0099,"Analyze objects and traces of material culture to identify knowledge, values, and beliefs of a given society"
EM13CHS104,c71f38e7-6756-45cb-8cb0-d3e568b20762,Interpret immaterial cultural expressions as evidence of identity and cultural diversity across time and space
EM13CHS104,585f90fe-a16d-4b84-bcb7-e44d675666ed,Compare cultural artifacts from different societies to understand their distinct worldviews and practices
EM13CHS103,5c2e13e1-fce7-4fdb-a46c-158a58eca283,Select and synthesize research-based knowledge from multiple sources to support arguments
EM13CHS103,26b0d75d-1711-4d51-be05-6f3797e45ace,"Formulate hypotheses about political, economic, social, or cultural phenomena based on systematic data analysis"
EM13CHS103,6b5b1516-6ef7-4cd1-aff3-141fd5c737d0,"Construct well-reasoned arguments using data from artistic, philosophical, historical, geographic, and oral sources"
EM13CHS103,4c8ada79-cc2b-45eb-acdd-b6affead6c2d,Evaluate the reliability and relevance of information across sources to inform a scientific or engineering practice
EM13CHS102,c57c479c-86d8-436d-89de-136c7543834c,Identify the historical and social circumstances that gave rise to conceptual frameworks such as ethnocentrism and racism
EM13CHS102,fc1a697e-55e8-440d-a71c-0e12bd071065,"Analyze the political and epistemological significance of concepts such as modernity, evolution, and development"
EM13CHS102,86230058-037c-44dd-a86b-7eece0ffff83,Compare dominant conceptual narratives with alternative perspectives that center marginalized agents and discourses
EM13CHS102,56598fb3-4d10-42f2-9da1-f5c650a84f5d,Critically evaluate the historical significance and contemporary implications of key social science concepts
EI03TS03,ccde8534-fbff-417d-ab76-77cacdd51bac,"Identify properties of sound — intensity, duration, pitch, and timbre — in musical and environmental contexts"
EI03TS03,76a1b31a-b648-4d86-b3d5-a9534e354e47,Distinguish between sounds based on their acoustic properties such as pitch and timbre
EI03TS03,4437c110-e3f2-4abc-a618-3850323e35cb,Apply sound properties intentionally in self-directed sound and musical productions
EF89LP17,341b9961-2477-45b4-93ba-6ffb182a7e19,"Identify the contexts of production of legal and normative texts such as constitutions, declarations, and statutes"
EF89LP17,d66663a2-bf1e-4b3f-8cf5-16fc6e0712b9,"Analyze the motivations, purposes, and historical circumstances behind key rights-based legal documents"
EF89LP17,dd13d61a-18d3-459e-ab43-63e4b213db09,Relate universal and national legal documents on rights to concrete human experiences and social events
EF89LP17,2f9a72fb-b983-4854-bafa-c8c40afc6f53,Evaluate the principles of democratic responsibility and ethics embedded in legal documents such as the ECA and the Brazilian Constitution
EF89LP17,c734b19c-3ac9-431f-9c03-75b6e0b46722,Connect school regulatory documents such as bylaws to broader frameworks of rights and collective responsibilities
EM13LP43,04bd07ec-db6b-4a87-99c2-80bd0ba8b5cd,Identify ethical responsibilities involved in producing and sharing content on social networks and digital environments
EM13LP43,55b88cc5-ea6c-4382-97b1-4e235fb4dee3,"Analyze the potential impacts of sharing comments, memes, remixes, and news texts in digital spaces"
EM13LP43,e7c73ff1-f473-4ce8-b85a-fed799d56335,"Produce digital content such as comments and opinion texts in a critical, informed, and ethically responsible manner"
EM13LP43,e0cf09b5-8c08-44d9-9793-50b6052b8c82,Evaluate the credibility and relevance of informational sources before citing them
EF69LP06,c26260fa-46a3-43d2-8383-285722dea723,Identify the conditions of production that govern the circulation of journalistic and media texts across various media
EF69LP06,88d8a308-ec9e-47d5-bd87-5bc864df70af,"Produce journalistic or media texts — such as news articles, reports, or opinion pieces — adopting appropriate genre roles such as reporter, analyst, or op-ed writer"
EF69LP06,2d113620-be0b-4520-a3a7-7f90cb908438,Publish multimodal texts for social campaigns or cultural commentary using digital platforms responsibly and ethically
EF69LP06,e94d62bb-8076-48e5-b436-f762edc2aeef,"Explain how the Web 2.0 context merges the roles of reader and author, consumer and producer in media participation"
EF69LP06,20914deb-7c69-4c67-be97-fd8a46ebca98,"Apply genre conventions of journalistic and media formats — including infographics, podcasts, vlogs, and reviews — to target audiences and publication contexts"
EF69LP05,341e3a58-a75d-4d63-b6a7-01241114fa19,"Identify linguistic and visual devices — such as wordplay, clichés, punctuation, and iconographic resources — used to produce humor or irony in multisemiotic texts"
EF69LP05,b138e09e-82a1-4cca-9b86-2979d960342c,"Infer the effect of humor, irony, or social critique achieved through ambiguous use of words or images in comic strips, memes, or editorial cartoons"
EF69LP05,8b90e878-1b35-4b78-ae6b-4b58690c28b2,Justify how specific semiotic choices in a multisemiotic text construct a critical or ironic meaning effect
EF89LP06,a84cff20-62e9-4e95-b012-a7ee366123d0,"Identify persuasive devices — such as title construction, lexical choices, and metaphorical constructions — in argumentative texts"
EF89LP06,f713ba16-5e21-4704-a429-e7e71101c5e4,Analyze how the explicit citation or concealment of information sources functions as a persuasive strategy in argumentative texts
EF89LP06,0ea8689c-04f1-41a9-8129-fe7a33ed11c5,Evaluate the meaning effects produced by specific persuasive devices in a given argumentative text
EF69LP04,bc40132c-e223-49c0-8175-dfcd61960c50,"Identify linguistic-discursive resources — such as images, verb tense, wordplay, and figures of speech — used in advertising texts"
EF69LP04,a433d2ef-c150-4442-a31d-3f55cbe618ab,Analyze how persuasion and consumption-appeal strategies are constructed through specific linguistic and visual choices in advertisements
EF69LP04,4854e2df-5f53-42fb-a76e-c9e3ea6e2181,Evaluate the meaning effects of persuasive strategies in advertising texts in order to develop conscious consumption practices
EF89LP07,77b534b6-6dd4-4c50-a046-ae76e472d536,"Analyze the meaning effects produced by editing choices — such as rhythm, duration, and synchronization — in moving-image media texts"
EF89LP07,7069ea19-ff03-43cd-b90f-4ebc05ef5602,Identify how the treatment and composition of visual and performance elements generate meaning in news reports or advertising pieces
EF89LP07,e4663443-cfb6-4da7-9a21-b856ee5445e8,"Evaluate the meaning effects of musical and audio elements — such as melody, instrumentation, sampling, and sound effects — in media texts"
EF89LP09,001e613a-10b1-40ed-a16e-6ec3db8a678e,"Produce a print feature report with appropriate structural elements — including headline, optional deck, and thematic progression — consistent with genre conventions"
EF89LP09,e4063c8a-c364-4458-b22a-47717c1934ea,"Select expository, interpretive, or opinion-based compositional organization suited to the conditions of production of a feature report"
EF89LP09,ba1090af-d802-4cd9-8fa5-a27ad153daf8,Produce a multimedia feature report using hypertextual organization and appropriate audio and image capture and editing tools
EF89LP09,35b798d3-9dc1-46c9-9f13-ae8b849d8d91,Apply linguistic resources and standard language norms consistent with the genre choices made in a feature report
EI02CG05,02096d09-26e3-470d-a857-f5be4672af8c,"Develop fine motor control through activities such as drawing, painting, and tearing materials"
EI02CG05,06e0a0b5-99bd-41a6-b588-e9f5a9dfc722,Demonstrate increasing precision in fine motor tasks such as turning pages and manipulating small objects
EI02CG05,165a97e1-9b02-413e-b878-b027e6519085,Apply progressively refined hand-eye coordination in creative and everyday fine motor activities
EI02CG04,329bef25-34cf-49bf-997a-bc2afb617700,Demonstrate growing independence in performing personal body-care routines
EI02CG04,db83ba38-2ba6-4a9c-ae4f-d8c642a43fa6,Identify and carry out basic self-care actions with decreasing reliance on adult assistance
EI02CG03,20dad87f-120d-4425-8f75-6824ac3b40d1,"Explore different forms of locomotion — such as jumping, leaping, and dancing — in play contexts"
EI02CG03,aa3d099e-9f18-49f3-bc57-371641472463,Combine multiple movements in sequence during physical play activities
EI02CG03,721b166c-b09e-4934-a324-720d905a8c05,Follow spatial and directional instructions while moving through the environment
EI02CG02,2ad934e1-0446-5174-ae7c-26b06e85dbc6,"Describe the relative positions of objects in the environment using terms such as above, below, beside, in front of, behind, and next to"
EI02CG02,fd19696c-5594-4609-b176-164c746a30b9,Demonstrate understanding of positional relationships by locating themselves or objects in space during activities
EI02CG01,731373d3-4553-476f-b95e-214288907743,Reproduce culturally specific gestures and movements observed in everyday self-care routines
EI02CG01,0fb041e9-e765-43bd-8172-9c7f0e7553cc,Incorporate culturally familiar movements and gestures into games and play activities
EI01CG05,5d6203ed-c159-469f-b73c-85810d3f845f,Use grasping movements to hold and manipulate a variety of objects and materials
EI01CG05,48d1a3f7-9e9d-4817-894f-eb5b0c76f959,Apply fitting and throwing movements to interact with objects in play contexts
EI01CG05,8f99d509-fb22-4b52-b87f-960fa10f01eb,"Expand the range of materials and objects handled through exploration of grasping, fitting, and throwing"
EI01CG04,f2637afc-e836-4273-a550-8c130e376907,Participate in basic body-care routines with adult support
EI01CG04,157f6b35-2b61-4456-827b-fdb413c75871,Recognize simple well-being practices as part of personal body care
EI01CG03,1e6dd357-dd15-4875-af3a-fe65032cfea1,Imitate the gestures and movements of other children during play interactions
EI01CG03,102fd881-ef15-4799-bc59-336d82b2b37e,Reproduce the movements and gestures of adults or animals observed in the environment
EI01CG02,dd9c5715-3d3f-47c9-9c09-5e9985878c77,"Explore a range of bodily possibilities — such as stretching, balancing, and crawling — through play"
EI01CG02,74d4c840-5b0a-43cf-904d-14ca5be31f63,Engage with nurturing and challenging environments to discover new ways of using the body
EI01CG01,8b137aae-7660-464e-bbc7-977672917ebc,Move specific parts of the body to express a felt emotion
EI01CG01,52253abb-d02d-4bf8-a62b-dd506ee795ed,Use bodily movement to communicate a personal need or desire
EF89LP16,a3a7fe89-87af-4b30-9124-943cc972aabd,"Identify grammatical structures — such as adjectives, adverbs, and relative clauses — that realize evaluative modalization in news or argumentative texts"
EF89LP16,e2dd6779-20b9-4382-b293-548f95b4638d,Analyze how modalizing expressions signal the ideological appraisal of reported events in a text
EF89LP16,26e69f85-0e46-4010-9b91-911782e41f6c,Interpret the implicit or explicitly assumed position of a text's author through the modalization choices identified
EF89LP15,e464abbd-ade4-4666-8a98-acdb61028ccd,"Use argumentative operators that signal agreement, disagreement, or partial agreement in oral debates"
EF89LP15,d31c1b09-70f1-4d59-8b96-cda087561cc7,Apply expressions of position and perspective — such as 'from my point of view' — to mark stance in a debate
EF89LP15,f6a9d4d1-1123-49d2-abde-712d8a383744,Use linguistic markers of engagement with an opposing thesis during argumentative exchanges
EF89LP14,9ee94e50-b1c0-4f93-8516-d83490648608,"Identify the argumentative moves of substantiation, refutation, and negotiation in argumentative or propositional texts"
EF89LP14,84e9efd5-a763-4df4-893b-10aa257c5d3d,"Classify the types of arguments used in a text — such as appeals to authority, evidence, or analogy"
EF89LP14,f0a69844-e6be-41e6-aa98-4fdbeeacd031,Evaluate the strength and nature of arguments presented in an argumentative text
EF89LP13,f48b1644-e9b8-405b-83fb-f5465ff74e13,Plan an oral interview by researching the interviewee and topic and drafting a question script that ensures thematic continuity
EF89LP13,9d674365-4d1f-4409-84fa-737e352ebe64,Conduct an oral interview with a subject-matter expert or eyewitness to obtain relevant data for a report or study
EF89LP13,c5a3ddce-a6c0-4f4c-ba71-c682d2708c3b,Edit audio or video of a conducted interview — including an opening contextualization and closing statement — for standalone or integrated publication
EF89LP13,3102378d-8108-4f27-98a4-cf68f96182cc,Adapt a published interview to its specific publication context while preserving the relevance and thematic continuity of the retained information
EF67LP26,cee473c9-3701-4b39-9d9d-1b47a90c3d67,Identify hypertext structural features in popular science texts
EF67LP26,4d0dbd1c-1935-465d-8202-2709c818e47c,Recognize how footnotes function to cross-reference concepts in science texts
EF67LP26,884d0979-efc9-4ffe-ad8c-e4a3b98a11ca,Recognize how sidebars establish relationships between ideas in informational texts
EF67LP26,93113ee1-8a14-44e4-a8c4-01da01f5069a,Use cross-references to connect related concepts across sections of a hypertext
EF67LP25,17573a82-d7d9-4562-b75e-3b1fe8081bc5,Identify topical organization patterns such as general-to-specific and specific-to-general in texts
EF67LP25,d83338bc-a951-4acb-8e9c-432b787693a3,"Recognize linguistic markers of ordering, enumeration, explanation, definition, and exemplification"
EF67LP25,5a94029a-8bff-4477-b9d3-74b1db8c90b4,Apply appropriate topical organization criteria when structuring one's own texts
EF67LP25,2dfe1e39-afee-4ea2-a1fe-336037af3e30,Use paraphrasing mechanisms to maintain cohesion and thematic progression in writing
EF67LP25,65786631-2dcd-4b80-bca5-07e88125c48a,Select precise linking language to signal logical relationships among argument components
EF67LP24,88b26388-9a02-4667-8a85-3d09e80a718d,Identify the main idea of information presented orally or through diverse media formats
EF67LP24,99262f1d-80d2-4f4c-8d2d-948978663778,Rank information by relevance while taking notes from oral presentations
EF67LP24,aaff6a27-cf9f-476b-9680-35022c761706,Take organized notes from sources and categorize information by topic or subtopic
EF67LP23,04508db7-c34b-4b7d-9b2b-3255d67350c3,Follow agreed-upon rules for taking turns during group discussions
EF67LP23,3528efec-a186-4735-9a18-90820f215b8f,Formulate coherent questions at appropriate moments in oral presentations or seminars
EF67LP23,d5bc79e2-8683-4c3f-a245-020a9638834d,Produce questions that are contextually appropriate to the topic under discussion
EF67LP22,f9f8918d-7d19-4e68-9298-2b66f45054b4,Produce summaries based on notes or outlines of source texts
EF67LP22,f536a78c-5265-4ed0-aacc-8eea4690e9cb,Apply paraphrase appropriately when writing summaries
EF67LP22,9d000bd5-c1a3-43f8-8747-a9ec7434ea27,Use quotation marks to indicate direct speech or a quotation from a text
EF67LP20,279e1fba-7238-4557-9b78-f1f88c2c3df3,Define a research scope and guiding questions before conducting research
EF67LP20,cb39880a-71ef-49d1-bbff-dfbca4db0537,Gather information from print and digital sources for a research topic
EF67LP20,19924bab-b5d8-434c-8b6a-ba41f291edb8,Locate and evaluate open sources relevant to a defined research scope
EI03CG02,955140b6-5a98-4395-8f9c-721c65f95c22,Demonstrate bodily control during play and games
EI03CG02,cc7ab3e6-312d-4f02-8686-e0a8295d30d6,Use the body in a coordinated and appropriate way during artistic activities
EI03CG02,0fbd3890-a9fa-4df8-8f0e-0004c0432776,Demonstrate appropriate body use while listening to and retelling stories
EI02EF09,804e4b94-2439-4c54-8717-20c6cfe28bbd,Handle different writing instruments to produce drawing and tracing marks
EI02EF09,94f3ec26-d88e-4089-9749-20391f477319,Trace letter forms using appropriate writing instruments on varied surfaces
EI02EF09,aea0bd32-b7ce-4a81-8a14-8faa189276d5,Produce diverse graphic marks by exploring different instruments and writing surfaces
EI03EF01,7c1dae6d-709d-4e11-8466-ca130b4eb4ee,Express personal feelings clearly when speaking about an experience or event
EI03EF01,4d3d5528-5e02-401c-89ac-e2023107e97b,Represent ideas and desires through emergent writing or drawing
EI03EF01,a842fbc6-1873-49bc-a1e8-56a71afc2163,Communicate personal experiences using photos or other non-verbal forms of expression
EM13LGG104,5e0c71d5-69b6-4bb7-9690-5e5ce748377b,Identify the functional characteristics of different languages and modalities
EM13LGG104,db0f5c3e-8ced-449e-bafa-a5ad4f9b38dd,Comprehend texts across diverse social practice fields using appropriate language modalities
EM13LGG104,6c50aa8f-90eb-41e1-926d-ee6953ea35b5,Produce texts across diverse fields by selecting suitable languages and modalities
EM13LGG103,a92ceb76-58f8-4bd5-9458-1c6b3f95ba63,"Analyze how visual, verbal, sonic, and gestural language systems function in texts"
EM13LGG103,c278cd03-c5ee-4e22-9d52-f748e2680790,Critically interpret discourses in multimodal texts based on semiotic analysis
EM13LGG103,d3fcee10-2568-4800-ba20-0056da859807,Produce discourses in multiple semiotic modes drawing on analysis of language systems
EM13LGG102,21c96a72-e06c-4cd6-9e34-ea9df78006e5,"Identify worldviews, prejudices, and ideologies present in media discourses"
EM13LGG102,054d9304-9fe4-4858-8033-87fed4c20848,Analyze conflicts of interest embedded in discourses across different media
EM13LGG102,0bc79887-19a3-42b9-ad45-567bf6592e18,Critically explain and interpret discourses that convey ideological positions
EM13LGG101,93ef5fac-5e22-40e0-ab5a-a45ab53a069b,Analyze processes of discourse production across different languages and modalities
EM13LGG101,e36af5d1-cd8d-4a5d-9f1a-6698bb2b2925,Analyze how discourses circulate across different media and contexts
EM13LGG101,d5e3c034-8197-49c6-8023-36ed9f5f78f0,Make informed language choices that serve personal and collective interests
EI03TS02,ea259c79-7ccd-4aa9-8c7e-ae0da95f657c,"Create two-dimensional works using techniques such as drawing, painting, and collage"
EI03TS02,0b9b6f71-0d7c-4d04-92f2-bf75c64cc8bb,Create three-dimensional works using techniques such as paper folding and sculpture
EI03TS02,5091fb31-1dd2-4176-ac2e-9fd15817f2c3,Express ideas freely by choosing and combining visual art materials and techniques
EI03TS01,298a436b-bcaa-4514-a87c-d322b728ddb6,"Identify sounds produced by materials, objects, and musical instruments"
EI03TS01,678688fb-1a27-4cc0-b7fc-b053c505397a,Use sounds from instruments or objects during pretend play and dramatizations
EI03TS01,5104c641-7238-453a-999d-5c7989ff8710,Incorporate self-produced sounds into musical creations and celebrations
EI02TS03,06a2ea11-e2c3-4374-81ab-3e5450069ee6,Identify different sound sources available in the environment
EI02TS03,4ab483df-a36f-465e-a6d6-73d0358615b5,Use environmental sound sources to accompany singing games and songs
EI02TS03,0d83286a-7cf1-4528-be3e-9c005a1fd75b,Explore environmental sounds to participate in music and melody activities
EI02TS02,aa78c38c-91ff-441d-bc2f-92c4b5240792,"Describe and classify matter using observable properties such as color, texture, hardness, and flexibility"
EI02TS02,1d93995a-fab2-4fb9-98c1-cfe5d08b0955,Explore shapes and volumes by manipulating clay or modeling dough
EI02TS02,c24504ef-1421-4d22-9a0e-55abcbc16859,Create three-dimensional objects by working with varied manipulable materials
EI02TS01,41aa9748-0098-4573-aee9-7ff8fe0affaf,"Explore sounds produced by materials, objects, and musical instruments"
EI02TS01,72dfb3bd-6880-4732-9861-fd5f713fc2b3,Create sounds using materials or instruments to accompany musical rhythms
EI02TS01,3e2617bd-a5da-48a3-b5ea-92fd79c6fe18,Match self-produced sounds to the rhythm of a variety of musical pieces
EI01TS03,4c6475b0-e8cd-47b8-a4b6-ac67cb5fb0db,Explore different sound sources and materials available in the environment
EI01TS03,2cbf401f-be36-4987-8adf-e4d55f042c5a,Use sound sources to accompany singing games and songs
EI01TS03,97ce7d72-00af-40ce-b8bb-7b299aa3867c,Participate in music and melody activities by experimenting with sound-producing materials
EI01TS02,40f186b8-03fa-4d72-99f2-3df8ef03ce60,Explore different drawing instruments and paints on varied surfaces
EI01TS02,19f0b44f-8bb8-49f7-b652-31d369146c18,Produce graphic marks on surfaces using drawing instruments
EI01TS02,285484a6-7121-43a7-9a21-0494b6233fd7,Experiment with paints to create marks on different surfaces
EM13LGG401,b50f2aff-3ad5-44f9-aec3-a9bd6007360e,Analyze texts to identify how languages reflect historical and sociocultural contexts
EM13LGG401,be1bd719-bcf4-4f79-8664-c8dad444a428,Characterize languages as variable and heterogeneous phenomena shaped by geopolitical forces
EM13LGG401,c805e67b-b749-4a8c-a964-59ba3a84b85e,Evaluate how contexts of use influence the meaning and function of language practices
EM13LGG401,bf61abe2-9ad9-4d40-9800-4445bfad86e7,Interpret textual features that reveal social and cultural dimensions of language
EM13LGG305,e87d0c00-6878-4eec-9f92-e5ca394691c3,"Identify opportunities for social, political, artistic, or cultural engagement through language practices"
EM13LGG305,07db7e4d-b16a-49b1-9180-74cd52d939c1,Create language-based proposals that address contemporary societal challenges
EM13LGG305,4580b949-0f0c-40a8-858a-d0879206a9de,Evaluate the principles and goals of civic engagement initiatives critically and creatively
EM13LGG305,311ad8b7-3fed-473d-a886-42669bb60078,Apply ethical responsibility and solidarity when discussing collective engagement actions
EM13LGG304,43933567-6531-4e63-a315-cb940253b4cc,Formulate proposals that account for Human Rights and the common good
EM13LGG304,f2771af9-d66f-4ea1-93c9-25036c7c2671,"Evaluate decisions related to socioenvironmental awareness at local, regional, and global scales"
EM13LGG304,a847f270-d8f5-4d6d-8f9b-75c305cc894d,Apply principles of responsible consumption when intervening in real-world contexts
EM13LGG303,3ecfa267-f8da-4f1e-ac0d-94f9a767d36d,Analyze multiple perspectives on complex social and historical problems collaboratively
EM13LGG303,2dfa7ef2-ec7c-4d9a-8bc5-6fd6b5cb38f6,Qualify or justify a personal position in response to compelling evidence from other speakers
EM13LGG303,cb4954b5-806d-47c7-b851-a38c8a2fcba5,Negotiate divergent perspectives to reach reasoned conclusions in discussion
EM13LGG302,3e5a8aaa-ab35-44dc-8d0c-18fd795d95e2,Identify worldviews present in discourses across different language modes
EM13LGG302,c580e05f-23c9-437c-a1c1-5f4a30664fbb,Analyze the contexts of production and circulation of diverse discourses
EM13LGG302,dc8f7ff3-7eea-42c0-af02-42a0f1dace59,"Evaluate discourses critically, recognizing underlying assumptions and ideological stances"
EM13LGG301,b60c5ecd-3b3b-42af-8ce5-cd61b6d44f8f,"Identify the forms and functions of artistic, bodily, and verbal languages in context"
EM13LGG301,059698af-88aa-47f3-b741-4e976c4a9249,Produce texts or expressions in a given language mode to generate meaning
EM13LGG301,7d8eb58e-1095-443d-a6b7-a383750ec7e8,Collaborate in collective language production processes across different modalities
EM13LGG204,8e39c064-5f14-4258-a739-046348e0878c,Engage in dialogue across diverse language modes to build mutual understanding
EM13LGG204,0d553ce6-b6a9-4cc2-81c7-d93b20981658,"Apply principles of equity, democracy, and Human Rights in communicative interactions"
EM13LGG204,21892372-e4a3-4311-94f4-788701712335,"Interpret messages in artistic, bodily, and verbal languages in pursuit of the common good"
EM13LGG202,215b7932-cc39-4314-af26-59c3396228b7,Identify power dynamics embedded within narratives using full multilingual repertoire
EM13LGG202,8e7b0c78-19e6-4366-88df-c0941e3caa1f,Analyze how discourses circulate and reproduce ideologies across different contexts
EM13LGG202,2836a3aa-426c-4e8f-afbb-68617a1ed6cd,Evaluate how worldviews are constituted and (re)produced through language use
EI02EF02,d3cee6d8-a907-4919-8d1b-68e104f4e352,Identify different sounds present in singing games and poetic texts
EI02EF02,b38c9508-c5ff-457b-a279-b349addb3423,Recognize rhymes in cantigas de roda and poetic texts
EI02EF02,26d10937-5cb2-4d4b-9ec9-b01f43fe8f9c,"Produce sounds, rhymes, or alliterative patterns through singing games and poetry"
EI02EF01,e5e53033-9697-4465-8ea8-e84431a4efc1,Express personal desires and needs through dialogue with peers and adults
EI02EF01,82c83a4b-4317-451f-b164-03929ea2f8e2,Express feelings and opinions in conversations with children and adults
EI02EF01,4c14cdab-dd6a-43a3-b946-5d925a5331fb,Build on others' talk in conversations by responding to peers' comments
EI01EF09,b48dea3a-ab54-4fd4-bcdd-05d108931c61,Explore different writing instruments through handling and experimentation
EI01EF09,eb28efa9-ae2e-4a5c-9837-6178b5dec257,Explore different writing surfaces through hands-on interaction
EI01EF09,c486a8e2-d1f2-4a78-96a5-22f323dfdcd6,Experiment with mark-making using varied instruments and surfaces
EI02EO03,6c77c792-8745-423d-87a7-96ab9ef92c32,Share objects with same-age peers and adults during group activities
EI02EO03,756ef657-2b48-4859-97ab-88bf67e3d4d6,Share spaces cooperatively with peers and adults in social settings
EI02EO02,a145d4ed-912d-4ef1-874e-97c3a1da6c0e,Demonstrate a positive self-image in everyday interactions and routines
EI02EO02,6014a4fc-cc49-4b49-a3b3-5e51e8c9b3eb,Show confidence in their own ability when facing difficulties or challenges
EI02EO01,651b285a-c5e1-4a15-88c2-f63e4a4106a7,Demonstrate attitudes of care toward other children and adults during interactions
EI02EO01,0f4e3cb5-7fa7-4a9a-a516-a1df88365ef2,Show solidarity when interacting with peers and adults in group situations
EI01EO06,66c02cd4-42be-404d-b31c-bd014ee91e3b,Interact with same-age peers and adults in shared group settings
EI01EO06,1df5375a-6886-47d1-9365-4b34afacd669,Adapt personal behavior to the norms and dynamics of social group life
EI01EO05,f156bbc5-218d-44e8-8392-b1ed3a61c509,Recognize parts and features of their own body through daily routines
EI01EO05,9c105b72-2c31-493e-94b7-9b0bb83319b6,"Express physical sensations experienced during feeding, hygiene, play, and rest"
EI01EO04,9a553c4f-4ec7-43fa-a8c9-0a18a3da7a02,"Communicate needs and desires using gestures, babbling, or words"
EI01EO04,b2b882c8-3ae8-4671-9925-a023be9a25d0,"Express emotions through gestures, babbling, or early verbal communication"
EI01EO03,8e474e90-a565-4b5c-bd77-e7c7aff16f4e,Interact with same-age peers and adults while exploring spaces and materials
EI01EO03,beccc52f-af4f-4268-8277-bb3605df01ce,Explore objects and toys through interaction with peers and adults
EI01EO02,72b5d126-615e-456e-b011-f5ac069c2489,Recognize possibilities of their own body during play and interactions
EI01EO01,55924f86-0317-4aa5-979a-0f04f7ed8268,Recognize that their own actions produce effects on other children
EM13LP23,240b94af-aaf2-4180-847a-0baefcdb0e0a,Analyze the political history and public discourse of electoral candidates
EM13LP23,a42299ca-e197-4ab4-bb4b-ac47cfde65a8,Evaluate the rhetorical strategies used in political advertisements and campaign materials
EM13LP23,ba97de71-f816-42dd-85b2-82b5379d6344,"Assess the goals, scope, and effectiveness of public policies and government proposals"
EM13LP23,a62eeb57-50b8-4431-89fa-c1207a43fe13,Formulate well-grounded positions to participate in informed political debate
EF69LP50,82234d0b-db13-40cd-b27a-fd8d22600af2,"Compose stage directions that characterize setting, space, and time in a dramatic text"
EF69LP50,eb157974-3456-47a3-82c9-ddd00d806b7d,Adapt direct speech and narrator types from a source text into dramatic dialogue
EF69LP50,f634db1c-8fbc-4642-8c26-5faebfa2e16d,Incorporate explicit physical and psychological characterization of characters into a dramatic script
EF69LP50,79df1f0a-9570-4833-9af3-6ba0a1fac2d1,"Mark linguistic variation — dialects, registers, and jargon — within a dramatic adaptation"
EF69LP50,836c34e4-6bde-4b2b-9a19-deda25cc1f0e,Retextualize the thematic treatment of a source narrative into dramatic form
EM13LP24,b1e2b8c4-cff2-4a96-8b38-ad21047ad9da,Identify non-institutionalized forms of social participation linked to artistic and cultural expressions
EM13LP24,61582558-71d3-43e0-8032-8194c1745d31,Analyze how urban interventions and youth cultural expressions expose social problems or provoke reflection
EM13LP24,763916d8-fe05-4848-bd7e-6e206e92cc93,Evaluate the social and political intent behind artistic and cultural manifestations
EM13LP24,609f48ce-e74c-47df-aacd-26e880a8111b,Articulate a reasoned position in relation to non-institutionalized forms of social expression
EM13LP26,5356f443-7cf7-4422-86c8-9445f6d85b6d,Identify the context of production of legal and normative texts addressing adolescent and youth rights
EM13LP26,3790d3f6-e09f-4905-8e64-5f322497b665,"Infer the motivations and purposes behind legal documents of universal, national, local, or school scope"
EM13LP26,bb1b9c9f-d0d5-4ba6-8900-0446c12f417a,Relate legal and normative texts to the rights and duties they establish for adolescents and young people
EM13LP26,0fbe975a-fd04-4722-a75d-9ded304168cb,Interpret how the production context of a legal document shapes its content and application
EF69LP48,6c074f8c-7e19-4f3d-9ba8-1ef4c605ed78,Interpret the expressive effects of sound-based resources such as rhyme and alliteration in poems
EF69LP48,0a42bb95-44c4-4d52-b669-8359d1a1678d,Analyze the semantic effects produced by figures of speech in poetic texts
EF69LP48,d80997e8-52ed-4017-b83d-c73a533e0111,Interpret the meaning effects created by graphic-spatial arrangement of text on the page in poems
EF69LP48,62c876ce-8aaf-4ae4-a51c-183298e4c880,Determine how images and representations add meaning to narratives in multimodal texts
EF69LP47,18452d12-9e0c-42e8-9cb4-d87a91f55dda,Identify the narrative point of view and explain its effects of meaning in fictional texts
EF69LP47,f78523c1-58ff-48eb-8fdd-dc8de7ef1fd7,"Analyze how verb tenses, types of discourse, and verba dicendi produce meaning in narrative genres"
EF69LP47,2151b7d9-1cdf-4cb2-a48c-6cc30aa50654,Explain how cohesive devices construct the passage of time and connect parts of a narrative text
EF69LP47,ca41a67b-1037-4aba-acd3-3159fb2c17a3,"Recognize how lexical choices, figurative language, and expressive punctuation characterize settings and characters"
EF69LP47,537feeb8-718c-4ca2-af14-32386c4f228f,Compare compositional structures and narrative focuses characteristic of different fictional narrative genres
EF69LP46,4b05b787-6fb2-47d2-8f07-95fb2964dee5,"Participate in literary and artistic sharing practices such as reading circles, slams, or film clubs"
EF69LP46,19090918-d2ba-41da-b79c-fabed17b0ad6,Offer aesthetic and affective commentary on literary works or artistic productions shared in a group setting
EF69LP45,0ee54ea7-11be-4357-92c9-387d24c5f6bb,Distinguish descriptive sequences from evaluative sequences in texts such as synopses and critical reviews
EF69LP45,dacc65e9-4225-480e-8fc6-12aeab79ab35,"Recognize genres such as back-cover copy, programs, and cultural blog commentary as tools for selecting artistic productions"
EF69LP45,f887808b-ffed-4f8a-9d7b-1844bf93e697,Evaluate the reliability and usefulness of a critical review or synopsis when making cultural choices
EF69LP45,000480b1-0ecc-4829-b0d9-7b61f3b155a0,Use cultural commentary texts to inform and justify personal selections of literary or artistic works
EF69LP44,08903987-6877-4324-9a5c-bee05a4d9061,"Infer social, cultural, and human values present in literary texts"
EF69LP44,53c92b55-ac2a-4798-ac0c-16647ce32584,"Recognize how literary texts construct multiple perspectives on identities, societies, and cultures"
EF69LP44,267f5cc5-7ccb-4e1c-bbfd-9df59e4f86f1,Analyze how authorship and historical-social context of production shape meaning in literary works
EF69LP43,230b71da-9616-4d95-b122-66e192b14548,Identify direct quotation and paraphrase as modes of introducing other voices into a text
EF69LP43,1e03be32-6b2f-4200-8911-38a94fa2a4db,Recognize linguistic cues that attribute positions to the author or to cited sources in academic texts
EF69LP43,18051616-567f-4849-bec8-2cd6cbeeaa18,"Apply normative conventions for formatting quotations, paraphrases, and bibliographic references"
EF69LP43,5886ed67-266b-4314-98cf-76707205ab5a,Analyze how intertextuality and retextualization operate in scientific texts
EF69LP42,0809226c-f68a-4e46-9f74-1e046bfa9d35,"Identify the compositional structural elements of science communication texts such as titles, sections, and illustrative images"
EF69LP42,b6ccc9f0-19d1-4e0b-a997-d49ca40efc5a,"Recognize linguistic features of science communication texts including depersonalization, timeless present tense, and technical vocabulary"
EF69LP42,e2aefba1-16ae-4c29-a96c-b01012cf6691,"Analyze how definitions, descriptions, comparisons, and examples function within knowledge-dissemination genres"
EF69LP42,bd9a804d-987f-49ed-bdbd-b360dd26fc25,Use conscious strategies of language personalization or depersonalization appropriate to a given science communication genre
EF69LP41,2c4d511e-fafe-4ed0-9c82-1d1f5a64dddd,Select font types and sizes that ensure readability in presentation slides
EF69LP41,262eae3e-03d1-42c6-8752-16b9ee4d1281,"Organize content using topics, bullet points, and appropriately sized images in a digital presentation"
EF69LP41,05be294e-5c74-4afe-a3b1-58e8cedfe76a,Calibrate the amount of text and images per slide for clarity and visual balance
EF69LP41,741ae0d9-07a6-4d97-a902-79a8a47d93eb,"Apply advanced presentation features such as transition effects, master slides, and custom layouts appropriately"
EF69LP40,98aee906-45c9-4ce0-be28-f63532efa771,"Identify the compositional structure of oral presentation genres including opening, development, and closing"
EF69LP40,0aa3471a-32cc-433c-954b-a675b4f7faae,"Analyze paralinguistic elements such as vocal tone, volume, and modulation in recorded presentations"
EF69LP40,f0a33abc-e14b-4b09-8986-8f4ef11bb6dc,"Analyze kinesic elements such as posture, gesture, facial expression, and eye contact in oral presentations"
EF69LP40,7cd932b5-278c-4640-b327-384d7063b905,Evaluate how synchronization of speech with supporting materials affects audience comprehension
EF69LP39,21b139ca-13cc-4026-8cae-dbec11ffc1fd,Define a thematic focus and identify an appropriate interviewee for a planned interview
EF69LP39,95159325-b141-4b40-b32f-02ee4c3f1fb4,Develop a question guide based on background research about the interviewee and topic
EF69LP39,0b13519a-4fb0-47bc-8249-c6178bc4cade,Conduct an interview following the guide while asking relevant follow-up questions when appropriate
EF69LP39,08fc2716-da37-470f-8895-5fab7bf55d2f,Record or take notes during an interview and use the information obtained in accordance with established objectives
EF69LP38,854645fb-a0b7-43af-99ed-256d2c9f249a,"Organize researched data into presentation slides considering genre conventions, multimodality, and available media"
EF69LP38,9942b345-ae0f-4d46-866f-1407d25e4763,Rehearse an oral presentation considering paralinguistic and kinesic elements
EF69LP38,4a4bd565-4cad-460a-8831-b48ac1f0c615,"Deliver an oral presentation within the allotted time using memorized, reading-supported, or spontaneous speech as planned"
EF69LP37,80e9b4fc-acf1-4aea-a31c-dbd6f5e872a9,Identify the compositional structure and elements of scripts for science communication videos or podcasts
EF69LP37,cad04fc2-a448-4f0a-a8db-ce8bc35f776b,"Produce a script for a science vlog, podcast, or short video adapted to its production context"
EF69LP37,3088f0db-ab1f-4708-9fad-0f8cb5e1e2aa,Adapt writing style to suit a specific audience and communicative purpose
EF69LP36,a22ad651-2635-48c7-84a7-c524d733cb2c,Produce a science communication text such as a popular science article or infographic suited to its production context
EF69LP36,b3805090-9500-499d-a0c0-b573997b4c8d,Edit written work to ensure conformity with the conventions of a discipline-appropriate style manual
EF69LP36,c79aa2ae-7869-4ce6-9f5c-3c82eceb5ece,"Select the appropriate science communication genre based on the data, findings, or knowledge to be shared"
EF69LP35,a101834a-6994-4b74-8894-80cc3299bf3b,"Develop an outline for a science communication text drawing on research notes, summaries, or field records"
EF69LP35,52a2f11b-b7cc-48a1-a2f6-ae5f619c0251,Produce a science communication text — such as a popular science article or encyclopedia entry — adapted to a specific audience
EF69LP35,48a5e045-bf44-42d6-a0d4-c11bb5f95cf7,Revise and edit a knowledge-dissemination text with attention to production context and genre conventions
EF69LP35,2f9d24b1-2030-4be9-8478-08cd83d11c09,Transform knowledge derived from bibliographic research or scientific experiments into an accessible communicative format
EF69LP34,91f8f284-01b4-4dd2-9966-9cc6564327bc,Highlight essential parts of a text in light of specific reading objectives
EF69LP34,e960949a-a403-4ee5-84e6-f06e738da8ef,Produce marginal annotations or reading notes that record key ideas from a text
EF69LP34,c8cb80cf-b693-4d1a-b49b-59984d77adae,"Compose organized summaries in formats such as outlines, synoptic charts, abstracts, or concept maps"
EF69LP34,4b7feee8-0212-4c19-be09-63fc5259ce6e,Select the summary format most appropriate for systematizing the content and purposes of a given text
EF69LP33,a8c251fe-a692-47ee-9c42-1f062fe289aa,"Integrate textual descriptions with visual formats such as diagrams, graphs, or tables"
EF69LP33,816b7a9b-033b-4b39-8dc7-b52017052987,"Retextualize information from discursive format into schematic formats such as infographics, tables, or diagrams"
EF69LP33,292e3b6b-90da-4711-9b4c-f5a9bde0a15b,"Transform the content of tables, graphs, or illustrations into discursive written text"
EF69LP33,66f3e8d8-c3b7-4aa0-8f54-8856346eed83,Analyze the characteristics of multisemiotic forms used in science communication genres
EF89LP12,1d5d37c0-a37c-4c41-ad62-9ed126265e1e,Establish rules for collegial discussions that include procedures for decision-making
EF89LP12,2bf36ab4-9921-47c1-8b72-a78602a84b3f,Research and gather information to support a position in a debate
EF89LP12,c36b3e0e-0336-4ea7-ba80-fae58e32b846,Evaluate the persuasiveness of arguments relative to a specific audience and debate context
EF89LP12,a4d7c1cf-571c-4929-b2df-96317f3a9062,Assign and fulfill individual roles to ensure productive group deliberation
EF89LP12,8650b433-086e-427a-a689-af3a0e92131c,Apply established rules for respectful and productive collegial discussions
EF89LP11,6d241356-1253-4f8a-a9ec-ac05c61b7830,Identify the persuasion and conviction strategies appropriate to a specific target audience
EF89LP11,4c0bce70-1b69-4758-911b-64c3357a8f7b,"Select advertising formats suited to a given issue, audience, and circulation context"
EF89LP11,94269b08-73a0-49c7-87c4-17a44ead9e0c,Produce an advertising piece using coordinated verbal and visual elements
EF89LP11,2380923e-3c2d-446a-8d60-2b7d2ae07514,"Edit writing for clarity, coherence, and correctness based on peer or adult feedback"
EF89LP10,afd06e42-6097-4c0e-ac60-fb1b53dd2e1e,Select a relevant theme or issue appropriate for an opinion article's audience and outlet
EF89LP10,ef331b1b-7725-4a95-b540-e9041a3edee6,"Gather data, arguments, and counterarguments from diverse sources to support an opinion article"
EF89LP10,a2a17f6c-854b-492b-8ff1-3d41b98b9013,Define persuasion strategies and argument types suited to the readers of an opinion article
EF89LP10,b15f4119-d891-4a5c-8348-daf679398e72,Plan the structure of an opinion article based on its production conditions and rhetorical purpose
EF89LP08,630b597a-2318-4b96-bdc1-933e140619eb,Select a relevant event or topic to investigate for a print or multimedia feature report
EF89LP08,a7b5491a-0852-4458-a5f5-a752a1fdcd93,"Collect data through interviews, source consultation, and document analysis for a feature report"
EF89LP08,1808d6c6-77e2-4bab-bf0e-57c079ba9b38,Select or produce images and infographics appropriate to a feature report's topic and format
EF89LP08,9f71b7d3-d5c7-4f38-8911-a91bf2ccbcc3,Organize feature report content hypertextually for digital publication or structurally for print
EI03CG01,4ccb1ff7-2f15-47d9-9526-08fef1b09627,Express feelings and sensations through diverse forms of bodily movement
EI03CG01,aed0e23d-a2f7-497c-9edc-b45ebb17d300,"Use bodily expression to communicate emotions in play, dance, theater, or music contexts"
EF69LP03,41b0dd31-71e5-4864-aeb5-811a95522181,Identify the central event and its main circumstances and consequences in a news article
EF69LP03,8e1f706f-f70e-486f-a8e7-4274b112e64c,Identify the theme and angle of approach in a report or photo-essay
EF69LP03,e591d669-97ae-449f-879a-cecc93ccb6fa,Identify the main topics and theses addressed in an interview
EF69LP03,a3064243-0eb7-467d-ac9c-e8217b216e25,"Identify the critique, irony, or humor conveyed in comic strips, memes, or editorial cartoons"
EF69LP01,c4b1d160-f80a-43ec-bc95-4f28bb0b1f92,Differentiate freedom of expression from hate speech in real or simulated contexts
EF69LP01,ca70ec2d-c5a9-405d-8538-728391504306,Identify appropriate reporting mechanisms for instances of hate speech
EF67LP17,ab33b9e9-351f-4efa-b78c-8faf9ee8553c,"Identify the organizational structure of request and complaint letters, including their key sections"
EF67LP17,1d27a01a-ec1c-4eff-be91-63a2749d0374,"Analyze linguistic markers related to argumentation, explanation, and narration of facts in letters"
EF67LP17,9bbbde1b-be83-4bc8-adbc-542ae52c0c04,Evaluate how the tone and closing formula of a letter vary according to its type and context
EF67LP17,258503f7-d386-4841-9077-4701710de27a,Produce a request or complaint letter appropriate to a real situation involving the school or community
EF67LP16,e9c23550-185d-43f5-8812-a43cacd0d372,Identify channels and platforms used for filing rights complaints and submitting requests
EF67LP16,e85b30b6-33f5-409b-8dcd-e81653bb0f48,Analyze texts from complaint and request genres that circulate in rights-defense spaces
EF67LP16,0700a8a1-da66-4cbd-8658-717fcaee5499,Produce a complaint or request text appropriate to a real situation involving the school or community
EF67LP15,9ba9788f-37fe-43c6-bac4-34cc2393e76f,Identify the prohibition or right stated in a legal or regulatory article
EF67LP15,86806519-80f3-4831-80f6-03a7426e7382,Identify the specific circumstances under which a legal prohibition or guarantee applies
EF67LP14,bfb77a86-f105-40f9-a214-ce693aaa1e03,"Define the objectives and rationale for conducting an interview, including interviewee selection"
EF67LP14,d1694617-523d-421e-ac2e-9559dceeaf14,Prepare a question script based on research about the interviewee and the topic
EF67LP14,02b0f562-69c6-4831-84e8-21327e35bd31,Conduct an oral interview using a script while formulating follow-up questions from responses
EF67LP14,9dd7fd75-1f60-4365-aba4-fabf059f5da4,"Select, transcribe, and edit interview excerpts for written publication in an appropriate genre format"
EF67LP13,1b7bfc7a-ae54-42f2-8304-63d150936569,Apply discursive strategies of persuasion and conviction in advertising texts
EF67LP13,847e5e1a-5c3b-4662-b301-71695094c237,Integrate verbal and visual elements cohesively in an advertising text
EF67LP13,33d7e2da-4eba-4499-a492-cae1aecf2878,"Create titles or slogans designed to attract readers to a product, idea, or service"
EF67LP13,98914674-f8a4-4534-abc5-03756cc50c65,Revise and edit an advertising text to ensure alignment with its production context and genre
EF67LP12,27ddbd0b-f2f6-4636-9115-41e4f1cbb168,Produce a critical review or multimedia production evaluating a cultural product or event
EF67LP12,df31f33d-dc19-4a99-b6c4-b798656275cf,Apply characteristics of the chosen genre and media to structure a review or youth-culture production
EF67LP12,d1f0b5c9-afbc-471e-a3c7-c51421cbba0a,"Textualize content appropriately for the specific medium — written, audio, or video — being used"
EF67LP11,cef2a830-4599-4103-aa51-b0f8d71a1f1e,Gather relevant information from multiple sources to answer a research question
EF67LP11,694d977e-2ece-4c69-a0ac-4d5e9a3cc343,Synthesize information about a work or event to highlight its positive or negative aspects
EF67LP11,a8b9447f-7a6a-44ff-88b1-4404a1354174,"Plan a review, vlog, podcast, or youth-culture production based on its audience, purpose, and medium"
EF67LP11,a8383f94-569a-4b44-bb47-60ed6bb0cada,Script a step-by-step walkthrough or structured commentary for subsequent recording or publication
EF89LP37,3f7f0f4b-5a54-4383-908b-91232fbc0220,"Identify figures of speech such as irony, euphemism, antithesis, alliteration, and assonance in texts"
EF89LP37,8254c442-26b5-4f20-845f-d67d42424365,Explain how a specific figure of speech contributes to meaning in a text
EF89LP37,0eefc9dc-038a-480a-b054-91c002a8b946,Interpret how a figure of speech contributes to tone or meaning within its context
EF09LP11,61f96dd2-f472-4779-afbc-d0374b3e40b0,Identify sequential cohesion resources such as conjunctions and textual connectors in a text
EF09LP11,40fca0d0-b150-417c-99bd-01858c00e98c,Infer the meaning effects arising from specific cohesion resources used in a text
EF09LP10,93344bc1-0520-4779-b90f-ed63dccce4b1,Identify the rules governing clitic pronoun placement in the standard written norm
EF09LP10,5ae0efe8-6d64-43b8-a3ad-7a6303fde174,Compare clitic pronoun placement in standard written Portuguese with colloquial Brazilian usage
EF09LP09,58ce4e29-6530-476e-a221-205318bbcd13,Distinguish restrictive relative clauses from non-restrictive (appositive) relative clauses in sentences
EF09LP09,8ee562ed-a713-40fe-86e6-184c5dae5d74,Identify the meaning effects produced by using restrictive versus non-restrictive relative clauses
EF09LP08,a7078c7f-e2d1-4367-bfab-36687dbb026c,Identify coordinating and subordinating conjunctions linking clauses in a complex sentence
EF09LP08,c9320503-1f5f-4a19-96cb-36fd36c8a031,Identify the logical relationship established between clauses by a given conjunction or conjunctive locution
EF09LP07,c280e752-d9cc-4374-a391-369515914b02,Identify verbal and nominal government patterns required by the standard written norm
EF09LP07,6cd229a4-1191-4c35-844f-445d26d2de9a,Compare verb and noun complementation patterns in standard written Portuguese with colloquial spoken usage
EF09LP06,2bcc312a-6888-4a6d-998e-09935a64fc86,"Identify linking verbs ser, estar, ficar, parecer, and permanecer in read texts"
EF09LP06,fb6370b7-67b8-455d-999a-0df3c280fc7d,Distinguish the specific meaning each linking verb contributes to a sentence
EF09LP06,c0b7d309-56c2-4a81-9840-ee811b19366a,Explain how substituting one linking verb for another alters the meaning effect of a clause
EF09LP06,2e240234-060a-4c18-9882-3698d4ca5a9e,Apply the appropriate linking verb in one's own writing to produce an intended meaning effect
EF09LP05,0a6a85ef-85f5-4980-8c3d-c1796acb9946,Identify the subject in a clause with a subject–linking verb–predicate nominative structure
EF09LP05,10d0fc9c-a5c5-4ca8-b9ae-4a3dd930370f,Recognize subject–linking verb–predicate nominative clause structures in read texts
EF09LP05,a4e1eb0a-3251-4270-b395-fc7b55257df6,Apply subject–linking verb–predicate nominative clause structures correctly in one's own writing
EF09LP04,bb559d3c-861a-454d-af68-826901bc99d1,Apply complex syntactic structures at the clause level in written texts
EF09LP04,ab1ed0a9-0028-49dd-9b49-dd4cfe3c47fc,Write texts in conformity with the standard written norm regarding orthography and punctuation
EF09LP04,3192f857-ed32-43a6-aaf2-d9d67eb5e15d,"Edit writing to correct errors in grammar, mechanics, and style"
EF09LP03,dbadfa0b-1ffb-45a5-ad1a-87c1eded6a96,Take a clearly stated position on a controversial topic in an opinion article
EF09LP03,1406b321-44ff-48c0-9d5f-2438bb66e2bc,Construct arguments aligned with the structural conventions of the opinion article genre
EF09LP03,3f9627d2-30ee-4f66-8754-c865a1eaad05,"Apply argumentative strategies — such as appeals to authority, evidence, exemplification, and principle — in an op-ed"
EF09LP03,776235c6-d9ef-4a19-b229-03178625615e,"Choose language and style appropriate to the audience, purpose, and context of communication"
EF09LP03,28340175-bb68-4270-92dd-04cc6628f99a,Evaluate the coherence and persuasive effectiveness of argumentative strategies used in an op-ed
EF67LP18,9abd5edc-5ab1-4c0f-9718-b0218b77d46b,Identify the subject of a complaint or request in a read text
EF67LP18,27511b68-e7d1-4869-8af3-0188764539cf,Identify the explanation or justification supporting a complaint or request
EF67LP18,97dfdb7c-dbda-4cf6-8f4b-693ce40f3c07,Analyze the relevance of the justification provided in relation to the complaint or request made
EF69LP02,3a79df38-d433-4b60-9ebb-ac52f904b39e,Recognize how individual advertising pieces work together within a broader campaign
EF69LP02,67480988-69b4-425d-9347-0e5771dc7507,Compare the specific characteristics of different semiotic modes and media used in advertising materials
EF69LP02,3a7f5ecb-e484-44df-a77f-9b817adfc60e,Evaluate the appropriateness of a given advertising piece to its target audience and campaign objectives
EF69LP02,5491f91c-5afa-45f8-87d6-6d928ef4193b,"Analyze the compositional structure and stylistic features of advertising genres such as posters, spots, and jingles"
EF69LP02,26643c23-7ad5-432e-ba80-96d368314732,Apply knowledge of advertising genre characteristics to support comprehension and production of such texts
EF67LP19,0f724ba6-41f2-4468-9416-598409ca8a1c,Survey issues and problems in the school community that require denunciation of rights violations
EF67LP19,1872f0bd-dec9-43df-8bd5-dadc101242bc,"Identify claims, complaints, and requests relevant to the school community or its members"
EF67LP19,8a7c1430-acaa-44e3-af6d-e2664fd17625,Examine rules and legislation applicable to the identified rights violations or community problems
EF67LP21,99f67973-647e-48ec-a748-92abef978912,Select a format appropriate for disseminating research findings to a given audience
EF67LP21,9a13ab6a-532e-4f48-bba5-2b4b9689f788,"Organize research findings for presentation in oral, written, or digital formats such as panels or podcasts"
EF67LP21,8edf2b62-2723-4b67-a20d-bbc198065690,Disseminate research findings clearly and accurately through a chosen popular science format
EF67LP38,c9c6fa52-e68d-4233-85d2-a0afb6d6cf93,"Interpret figurative language, including simile, metaphor, and personification, in context"
EF67LP38,8254c442-26b5-4f20-845f-d67d42424365,Explain how a specific figure of speech contributes to meaning in a text
EF67LP38,603492ed-5535-4532-89fc-c034a801ab02,Compare the meaning effects produced by different figures of speech within or across texts
EF67LP37,58724d97-22e7-415a-bce5-76a7a15b30cd,"Identify linguistic-discursive resources of prescription, causality, descriptive sequences, expository sequences, and event ordering in texts"
EF67LP37,9799bb9c-71e7-4e8e-aff7-ea1cb6c7c9f7,Analyze the meaning effect produced by a specific linguistic-discursive resource in a given text
EF67LP37,572841a2-54ff-41fc-acab-b22dca770921,Compare meaning effects produced by different organizational resources across a variety of texts
EF67LP36,d1420a32-3d3e-4ade-a2e4-f40b46126a69,Apply lexical referential cohesion resources appropriately in written text production
EF67LP36,3d54d34d-0225-43fb-8a78-0e347c590b81,Select expressive resources suited to the text genre being produced
EF67LP35,59b34399-289c-4555-80fc-42cdf0a5b25e,Identify words derived through the addition of prefixes or suffixes in a text
EF67LP35,d2243736-ca42-4be5-b30f-be6cac525b57,Identify compound words formed by the combination of two or more base words
EF67LP35,b149ca06-5890-4a79-aa61-d13456d32785,Distinguish between derived words and compound words based on their formation processes
EF67LP34,f76b0921-0de7-4ce1-becb-d288d3167456,Identify prefixes that express negation in Portuguese
EF67LP34,91ff268c-4ba5-4b2f-94b7-c76565989952,Form antonyms by adding negation prefixes to base words
EF67LP33,8ddbbe35-426b-4df8-8007-de934901d478,Identify punctuation marks and their functions in written texts
EF67LP33,714f7233-5faf-4809-99f8-0e57a4074802,"Use punctuation marks correctly, including commas, semicolons, and apostrophes, in writing"
EF67LP33,fb20eaad-84a7-485e-8213-8d6db2a86a08,Revise punctuation in a text to conform to written language conventions
EF67LP32,a9713ac6-aed7-4ab4-b3a3-ae30bd0312e9,Apply spelling conventions of the written language when writing words
EF67LP32,0e0748ec-f4ce-442a-a298-17244c48dabc,Identify and correct spelling errors in written texts in accordance with orthographic norms
EF67LP31,e1fe15b7-d006-4cff-a76a-83fb2e1cf3f4,Compose poems in free verse using sound resources such as cadence and rhythm
EF67LP31,98d4f949-3eb8-48f2-9efc-c624b3c129b0,Compose poems in fixed forms such as quatrains or sonnets observing their formal conventions
EF67LP31,f6ed9e79-b659-4b75-9e5d-7aa4f2ccdccc,Apply visual and semantic resources in the composition of visual poems or video poems
EF67LP31,f6d74504-2a9a-4210-bd6d-48031e02c413,Explore the relationship between image and verbal text in the graphic layout of a visual or video poem
EF67LP30,0b7cea16-25b8-4190-b791-49df023f2f70,"Construct a fictional narrative that includes structural elements such as plot, characters, time, setting, and narrator"
EF67LP30,8c5b9a00-eb5b-41dd-aac1-3d44bbf9254f,Apply verb tenses appropriate to narration of past events in a fictional narrative
EF67LP30,47b41144-fafb-4516-a735-7dbd724187f1,Incorporate direct and indirect speech appropriately within a fictional narrative
EF67LP30,5d4a22c0-2178-4cf5-9c74-4cb04c715b38,Select narrative opening strategies suited to the intended fictional genre
EF67LP30,95c621e6-0751-4344-bc2a-703ff2e04035,"Adapt fictional narrative conventions to the specific genre being produced, such as folk tale, mystery, or comic book"
EF67LP29,11c1397e-c630-483f-a2b3-7b3da546f059,"Identify structural elements of drama such as dialogue, stage directions, and cast of characters"
EF67LP29,d6f7a817-c881-4b4b-ad81-89e0d8200fdd,Analyze the plot and conflicts developed across acts and scenes in a dramatic text
EF67LP29,483d5f70-d999-4dd7-9307-5e937edff54b,"Identify main ideas, points of view, and frames of reference present in a dramatic text"
EF67LP28,daa65cc6-9f4c-4bf6-9131-155c9cd87f67,Select reading procedures and strategies appropriate to the purpose and genre of a literary text
EF67LP28,4c093c3b-2043-4fca-a464-29627503e3b9,"Comprehend independently literary texts from genres such as novels, legends, myths, chronicles, and poems"
EF67LP28,222ffee5-4bdb-4af6-b0f1-1255e876b1a8,Express evaluative responses to independently read literary texts
EF67LP28,53d5861f-2394-4838-97c9-f11dce199e38,"Establish personal preferences for literary genres, themes, and authors based on independent reading"
EF67LP27,436c4849-79a4-4f8a-a665-f036cd135c91,"Identify explicit intertextual references to themes, characters, or literary resources across texts"
EF67LP27,87e9e8c6-ffc0-4a3b-9dff-12e68a61675b,"Analyze intertextual relationships between literary texts and other artistic expressions such as film, music, or visual arts"
EM13LP27,c636bb03-c0b7-4aa8-9ae2-c5ec0d66e11a,Identify problems affecting the collective that require civic or political action
EM13LP27,812bce0b-b200-4ad8-bd94-989794bb5e47,Produce advocacy texts addressing violations of rights or social/environmental issues
EM13LP27,b4e1da41-b385-482d-8ab6-27a27510e902,Participate in campaigns or debates aimed at promoting democratic principles
EM13LP27,d2de726e-0d71-4e25-b304-ff1e70488720,Evaluate proposed actions for their alignment with ethical responsibility and social awareness
EM13LP25,96b9cec4-3528-4f3d-b3e3-5bd2158f35ca,Practice attentive listening and respect for speaking turns in formal deliberative settings
EM13LP25,947ca07e-48b3-4031-876a-d77a171bbada,"Use linguistic negotiation strategies to acknowledge, challenge, or build on others' discourse"
EM13LP25,9aba4a4d-3c97-4641-b63e-6041c83ed225,"Defend positions with reasoned, respectful, and ethically grounded arguments in debates"
EM13LP25,2dfa7ef2-ec7c-4d9a-8bc5-6fd6b5cb38f6,Qualify or justify a personal position in response to compelling evidence from other speakers
EM13LP25,c5c179d0-844a-468f-a6fe-dda1eb603a52,Apply discourse strategies such as requesting clarification or restating another speaker's words
EM13CHS606,85bb73b6-8a3a-4dd7-9688-09e15664b4d5,"Analyze socioeconomic characteristics of Brazilian society using data, tables, and maps"
EM13CHS606,7c1d9de5-5aa2-4150-95dc-99513c66bc36,Interpret documents from multiple sources to identify social inequalities in Brazil
EM13CHS606,d22588bb-7b89-442b-9747-a883bc2e7bef,Propose measures to address socioeconomic problems toward a more just and inclusive society
EM13CHS606,a4b768c3-fede-4a8e-97eb-220cfc6cd72a,Evaluate the role of citizen agency and self-knowledge in social transformation
EM13CHS605,84685266-feb9-48b9-b209-1830bc30246f,"Analyze the principles of the Declaration of Human Rights using concepts of justice, equality, and fraternity"
EM13CHS605,7d75bad1-54db-422b-92fc-13570683299b,Identify progress and obstacles to the realization of human rights in contemporary societies
EM13CHS605,33984a9a-422a-4f37-9208-f671e5d13462,Compare the realization of human rights across different contemporary social contexts
EM13CHS605,84c6f726-b79d-48cd-a64c-fae1f4b82da4,Propose concrete actions in response to inequality and human rights violations in specific living spaces
EM13CHS604,598d9e8f-1247-4b0b-896a-8c4cec3d0255,Identify the roles and functions of major international organizations in the global context
EM13CHS604,b9e26439-f6fe-4a3a-a203-8dd596493eb0,Analyze the limitations and modes of operation of international organizations in different countries
EM13CHS604,38e705d3-e45b-4f8f-bba1-743610d68c9d,Evaluate the positive and negative effects of international organizations on local populations
EM13CHS604,4240520d-c4ad-46df-b853-af86f76a6e78,Develop a critical perspective on the influence of international organizations on national sovereignty
EF89LP05,ae5f8601-7ab3-47d8-8913-66478fe5c960,"Identify forms of textual appropriation such as paraphrase, quotation, and direct and indirect speech within texts"
EF89LP05,ea85d3ad-9951-4ec2-b11b-8cf98b46cfbe,Analyze the effect of meaning produced by the use of direct speech in a text
EF89LP05,0f8beed9-6f5e-45b5-97cb-33dca7936872,Compare the rhetorical effects of paraphrase versus quotation in argumentative contexts
EF89LP04,8a393f37-fffe-4dc9-a55b-f7aaddc5d437,"Identify explicit and implicit theses, opinions, and positions in journalistic argumentative texts"
EF89LP04,69c5e4aa-5a61-4c41-8b14-068d84059aec,Distinguish arguments from counterarguments in texts such as opinion articles and letters to the editor
EF89LP04,f79f3aed-8ef4-4022-b5fe-572defc13ba9,Evaluate the strength and relevance of arguments used to support a position in argumentative texts
EF89LP04,c754a74a-d8ef-4c36-921c-ef8df887fe14,Take a well-supported stance on a controversial issue addressed in an argumentative text
EF89LP03,78715d99-3244-4f82-9fe7-a4c9a06dfdc3,"Identify the opinion or position defended in texts such as editorials, memes, and political cartoons"
EF89LP03,b14dd3a9-5365-409c-8797-672976d66de3,Distinguish between fact and opinion in a social studies source
EF89LP03,4fe31f5f-31c6-4ce9-970d-92d10681533d,Analyze rhetorical strategies used in opinion texts including blog posts and social media posts
EF89LP03,7b2d7686-67fc-4115-8aea-45acf327eb56,"Evaluate opinion texts from a critical, ethical, and respectful standpoint"
EF89LP02,7da6016f-ef7e-42d3-a858-c70f2839a558,"Identify digital practices such as liking, sharing, commenting, and curating and their social functions"
EF89LP02,773c6e19-a6f0-4e55-80ee-1b6052b9ecb8,"Analyze texts from digital culture genres such as memes, GIFs, and digital political cartoons"
EF89LP02,69633d1e-cbec-4294-b011-c2a7f7c1edc5,Evaluate the role of digital practices in shaping information and opinion circulation online
EF89LP02,8fc89374-bb5b-47d9-8f75-d37326d9d6b6,Develop a critical and ethical stance toward one's own presence and behavior on social networks
EF89LP01,357218d9-a979-4bff-a4b1-d305b57b9af4,Identify the economic and political interests that drive the field of journalism
EF89LP01,3b1131ed-1e71-4ca7-9a3b-822f258f6152,Analyze the effects of new technologies on journalistic production and circulation
EF89LP01,7b42d08c-638b-4f1c-8d9e-ea805eb0eafd,Explain the conditions under which information becomes a commodity in media contexts
EF89LP01,faab2c6c-794c-4377-a619-5836f9cd8777,Develop a critical stance toward journalistic texts based on analysis of their production context
EF69LP56,23c138ff-a96b-41be-b2a3-d35e35ab66b2,Identify speaking and writing situations that call for the use of the standard language variety
EF69LP56,39011455-9b59-498b-900f-024583483ae4,Apply grammatical rules of the standard norm consciously in formal writing contexts
EF69LP56,7b89ce57-025c-468e-ba3e-e64615e7c4d6,Apply norms of the standard language variety consciously in formal speaking situations
EF69LP56,714595f3-e1b4-4398-a2ee-a762b2445a28,Reflect on the social and communicative reasons for using the standard norm in specific contexts
EF69LP55,89a081cb-3ce3-441e-b07e-1a288e244784,Recognize the existence of varieties of spoken language across different social and regional contexts
EF69LP55,fb527830-aa3e-4e5d-99b6-7acbf6d33d46,Define the concept of the standard norm as a socially constructed linguistic reference
EF69LP55,de105a06-4bce-4a35-93eb-b60e84b825aa,Identify examples of linguistic prejudice and explain its social basis
EF69LP54,1196b28a-8846-48dd-80e1-04a19d33d0fb,Analyze the effects of meaning produced by paralinguistic and kinesic resources in oral and poetic genres
EF69LP54,e785615e-8a02-4937-a161-a08081a700c3,Identify figures of speech such as euphemism and oxymoron within a text
EF69LP54,65cc1556-1612-4c71-b2a7-504a30244db6,Analyze the effects of meaning produced by figures of speech in specific textual contexts
EF69LP54,f3c5692a-efb4-4e75-859c-bdef25363aab,Distinguish the connotative and denotative meanings of words
EF69LP54,f45c9cb6-272e-447f-9272-20481490e3a5,"Analyze how modifier expressions characterize settings, characters, and actions in narrative genres"
EF69LP53,b2a86e63-cd67-4994-9508-ee4d2b5560bc,"Read aloud literary texts fluently, conveying rhythm, intonation, and pauses indicated by punctuation and graphic features"
EF69LP53,b5a14567-1be8-4ba2-988f-45f3295cc56f,Retell stories from oral and written literary traditions with expressive delivery and interpretive accuracy
EF69LP53,e0e8b654-19c6-4588-85b7-0e9b18dbaa59,Recite poems deploying paralinguistic and kinesic resources appropriate to the poetic genre and context
EF69LP53,7112f472-30d3-4b68-80d6-1ed5c805edcd,Produce recorded readings or retellings of literary texts for formats such as audiobooks or dramatic podcasts
EF69LP12,45a3417c-28e8-48d1-8785-702d086d42e8,"Plan oral texts by considering genre, audience, context, and linguistic variety"
EF69LP12,73d29220-9542-4e79-8d09-856e28e6ecd5,"Revise and edit oral, audio, or video texts for clarity, thematic progression, and genre appropriateness"
EF69LP12,86ab40cd-8f17-4c80-b75a-bb24bf48561a,"Evaluate oral texts for effective use of voice modulation, intonation, rhythm, and kinesic elements"
EF69LP12,6b60ee3d-70d1-4b01-b7d3-db71af253fdb,"Apply speech-related elements such as volume, pitch, and breathing to enhance oral text delivery"
EF69LP11,7de7848e-ffcc-4497-8041-5da83bbb7249,Identify positions defended and refuted in contentious exchanges such as interviews and debates
EF69LP11,e9d12d83-ffe7-4209-95fa-cae559a6ad6e,Analyze the argumentative strategies used by speakers in televised or in-class discussions
EF69LP11,1a6a4b13-7418-4936-9427-5ab9b507df2e,"Articulate a personal, reasoned stance in response to positions heard in a debate or discussion"
EF69LP10,565107d6-a5fc-439b-815a-23b14b0df6c8,"Produce oral news or opinion content for radio, television, or video platforms from a written script"
EF69LP10,eba387a0-7c67-4f8f-ade8-570e2ed5dc92,Select appropriate format and genre for oral media production based on context and audience
EF69LP10,b128e55e-cd10-411a-8f7a-f1458bb20a3e,"Demonstrate command of genre conventions in formats such as podcasts, vlogs, or news broadcasts"
EF69LP10,cf5b52f6-ee56-4846-8007-0dd6a8326977,"Address events or topics of personal, local, or global interest in oral media texts"
EF69LP09,ebf36c53-35f3-406f-a49f-e0c16c6b8035,"Define the target audience, objective, and persuasion strategies for a public-awareness campaign"
EF69LP09,3d88ba9e-8d10-4d7e-9edc-27a4673bf0e6,Select appropriate text format and medium for a public-awareness campaign based on context
EF69LP09,801ad893-a639-4e87-867b-08e37a34a672,"Plan the production of a campaign piece such as a poster, flyer, or public service announcement"
EF69LP09,dc7da121-903e-43cf-b89e-685cd6a01a85,Identify a relevant community or school issue as the focus of a public-awareness campaign
EF69LP08,2a6545d0-1fa4-4676-b478-0576f6995dfc,"Revise writing to ensure clarity, organization, and stylistic appropriateness"
EF69LP08,e2850447-1af3-4f3a-95c1-77a0c1ee7bf8,Edit a text for aspects of textuality and the relationship among different semiotic modes
EF69LP08,0aee4ea2-35b0-4527-bce4-5afd10783bd0,"Proofread writing to identify and correct errors in capitalization, punctuation, and spelling"
EF69LP08,1144abff-49f2-4adf-9dc4-12e24ff043ea,"Apply appropriate editing tools for text, image, audio, or video as required by the genre"
EF69LP07,da9b1df6-53ab-4da6-8b48-20a2759f5d0c,"Plan the production of a text by identifying enunciators, objectives, genre, medium, and audience"
EF69LP07,955c2932-dd42-4af1-8b06-938c5dbcaabe,Draft a text selecting the appropriate linguistic variety and mode suited to the production context
EF69LP07,3bda089d-af44-4efe-b560-6ada5ce461b8,Revise vague or imprecise word choices to improve clarity and accuracy in writing
EF69LP07,2b1c242d-2bce-4d37-b901-31de2ed9dece,Evaluate a completed text against genre-specific properties and production context requirements
EF69LP07,0aee4ea2-35b0-4527-bce4-5afd10783bd0,"Proofread writing to identify and correct errors in capitalization, punctuation, and spelling"
EI01TS01,e994cbd6-915b-4563-afee-908df6544f18,Explore sounds produced by the human body in the environment
EI01TS01,fcc2ace9-a5da-4b66-b70b-ec0b47f3b59f,Identify different sounds produced by objects in the surrounding environment
EI01TS01,b3df3fbd-d29b-4eff-9bdc-674407ff8dde,Distinguish between sounds made with the body and sounds made with objects
EI01TS01,0dc8cdc3-dd28-4301-8580-fe749fab5ddd,Experiment with varying the quality of sounds produced by body and objects
EI02EF08,99630679-4690-4fc9-8604-2eebe5670db4,Identify different text genres encountered during read-aloud experiences
EI02EF08,2743392f-acda-4d1f-9a30-ea7624e8e4cf,"Handle physical texts from diverse genres such as rhymes, stories, and menus"
EI02EF08,7d9f0af7-68a9-4b5b-8b9d-9b46bf6c79b8,Recognize distinctive features of different text genres during listening activities
EI02EF08,0a35b118-12d1-404f-981a-ad38f2aa03bd,Participate actively in listening experiences with varied text genres
EI02EF07,7c32d577-354e-4025-8c20-fe2ca22a824e,"Handle different text carriers such as books, posters, and menus"
EI02EF07,30f44a3f-b9d8-4cf0-b53b-3f4b8623a1bc,Recognize the social purpose of different text carriers
EI02EF07,6073aa59-c7d5-49bb-a296-52f65d33d9c1,Distinguish between text carriers according to their everyday uses
EI02EF06,32505179-ae29-4743-9b3d-646ad160126c,Create an original oral story based on provided images
EI02EF06,33ec2789-8654-4140-9ed6-cb045feb58b7,Create an original oral story based on a suggested theme
EI02EF06,788348c3-786f-41a1-94df-740bece14394,Organize a narrative with a logical and clear sequence of events
EI02EF05,84ff321c-18de-4b0d-a9ce-39212ca57063,"Recount a personal experience or story in a logical, coherent sequence"
EI02EF05,267db487-630f-4efc-bd11-3f0f06c07ab0,Retell the key details of a familiar story with prompting and support
EI02EF05,042facb9-7939-4c72-b702-efa902bbb1e6,Retell the plot of a film or theatrical performance attended
EI02EF05,97f26205-ddd5-4923-837a-38f51c5a22dd,Sequence events accurately when retelling a story or experience
EI02EF04,f009c3c3-e72f-400d-b978-12d13158dcae,Identify the setting of a narrated story
EI02EF04,bf4ca6fa-3edc-495d-b1a0-ecb6c49a39d2,Identify the characters present in a narrated story
EI02EF04,ec750a94-3826-4d0d-a5eb-4a0ea12957f5,Identify key plot events in a narrated story
EI02EF04,f9dc0886-7003-4d1e-bc02-632e08e5182a,Formulate questions about events in a narrated story
EI02EF04,843b0ff6-e190-4eab-9912-9da0c20b0d4c,Answer questions about key details using evidence from the text
EM13LGG105,c3a766a9-ecd3-46f1-952c-9d600f1c74c4,Identify remediation processes across multisemiotic and multimedia productions
EM13LGG105,7e71451c-61ba-4256-8653-d7c561295386,Analyze how transmedia productions transform meaning across different platforms
EM13LGG105,e232dfc1-9ef1-4a90-92da-7bd6fdfb5d6c,Evaluate the social participation possibilities created by multisemiotic productions
EM13LGG105,73bc2603-cc9d-4e52-bd5f-5d7e6841bd90,Experiment with creating or adapting content across different media and semiotic modes
EI02EF03,489e674f-88ef-4ae4-912a-99e1dc6d546b,Distinguish written text from illustrations in a book during read-aloud
EI02EF03,92717b62-9c38-4816-9df1-5adb66348176,Demonstrate attention and interest during read-aloud of stories and texts
EI02EF03,145e8b0f-667a-4df8-8f04-53840520f0d3,Track print from top to bottom down a page of text
EM13LGG201,c26726c5-47e2-4658-9ff9-e287dfd09147,"Use artistic, bodily, and verbal languages appropriately in different social contexts"
EM13LGG201,a85958b6-0447-4603-8847-9abb61b9aa31,"Recognize languages as social, cultural, and historical phenomena"
EM13LGG201,360cdf59-8ec0-4ec7-bb73-481a72e99d70,Explain how languages vary and are heterogeneous across different contexts
EM13LGG201,36daf63d-fc4f-4f5e-b120-107b6d68c26f,Analyze how context influences the use of different language forms
EM13LGG203,7f6a0942-6b05-4be8-abe0-9d2da53cce49,Identify dialogues and power disputes over legitimacy within language practices
EM13LGG203,2941302e-2697-46bb-8f9c-5d5c0f2ebeca,"Analyze processes of competition for legitimacy in artistic, bodily, or verbal productions"
EM13LGG203,57c0e3c0-a977-4ffe-b205-c5b14fb26d52,Evaluate how social and cultural factors shape the legitimacy of language practices
EM13CHS603,e7035ada-fbaa-46af-9486-ffdb42e49f94,"Apply basic political concepts such as state, power, and sovereignty to historical cases"
EM13CHS603,20eadb2e-9728-447a-866e-6a20bafd4adf,Analyze the formation of different countries and peoples using political concepts
EM13CHS603,8c8e68f7-a4f2-4e2f-bbd6-aa5302411713,"Compare forms, systems, and regimes of government across different nations"
EM13CHS603,f50b983f-9b46-4927-a891-fee18b76445e,Evaluate the political experiences and citizenship practices of different nations
EM13CHS602,c8588a93-623b-4709-94b7-ceff5062ed36,"Identify characteristics of paternalism, authoritarianism, and populism in Brazilian and Latin American politics"
EM13CHS602,3c5eae44-557f-49ce-b3d2-4574333a0b54,Analyze the presence of authoritarian and populist practices during dictatorial and democratic periods
EM13CHS602,ccc5d23c-2b81-4f3d-b01b-7cf53a7e3f17,Relate forms of social organization to collective action in defense of democracy and human rights
EM13CHS602,a67ea0fe-0f41-4083-8158-d15e74670d7e,"Evaluate how autonomy, freedom, and dialogue have been defended against authoritarian practices in Latin America"
EM13CHS601,59a1ad78-2adb-471f-b5c4-914725202c98,"Identify political, social, and cultural demands of indigenous peoples in contemporary Brazil"
EM13CHS601,fa51622d-3ab9-419a-90f4-8ac768e3c0a6,"Identify political, social, and cultural demands of Afro-descendant and Quilombola populations in contemporary Brazil"
EM13CHS601,89c8ac99-1d6f-4887-b1b4-1514b554d9d1,Analyze the history of exclusion and precarious inclusion of these groups in the social and economic order
EM13CHS601,e3ce3793-af17-4712-9253-9790d06f5850,Evaluate actions aimed at reducing ethnic-racial inequalities in Brazil
EM13CHS504,3540e0c2-037b-4c00-ace6-0e3eeb1209e4,"Identify ethical-political dilemmas arising from contemporary cultural, scientific, and technological transformations"
EM13CHS504,e67c490a-7b76-4fde-b0e4-f16fea70f2c2,Analyze how technological and social transformations affect the values of individuals and groups
EM13CHS504,54bf5bc0-7670-4631-b5e4-f4491a0dee38,Evaluate ethical-political dilemmas and their consequences for social attitudes and behaviors
EM13CHS503,428b2c0d-3955-45a0-96a0-3d80efd7a32c,"Identify diverse forms of violence including physical, symbolic, and psychological"
EM13CHS503,617c743a-e3ef-4d0d-9ae2-dc283c2c38ed,"Analyze the social, psychological, and affective causes of different forms of violence"
EM13CHS503,9c51e2cd-89a8-4e80-8d4e-dde603f3c28e,"Explain the political, social, and cultural uses and meanings of violence"
EM13CHS503,895a4985-b085-433e-a4f7-5c33471f9bcd,Evaluate mechanisms to combat violence using ethical arguments
EM13CHS502,20a7f19f-68d4-426a-9a6c-421d5dfc0f4a,"Denaturalize everyday forms of inequality, prejudice, and discrimination through critical analysis"
EM13CHS502,e3b36892-cd6c-45ca-8e37-6ef9eafeb29c,Analyze lifestyles and values to identify manifestations of intolerance and prejudice
EM13CHS502,b5bf1dcf-885e-4d10-8a46-a10de81af3ea,Identify actions and practices that promote Human Rights and respect for individual freedoms
EM13CHS502,90f5f37d-34fb-4638-838e-b2af20467961,Evaluate how solidarity and respect for differences are expressed in everyday contexts
EM13CHS501,df5159fd-8662-4a95-9230-9e1019716e99,"Analyze the foundations of ethics across different cultures, time periods, and spaces"
EM13CHS501,9210eb77-cf38-451d-8e04-acbb3e730711,"Compare ethical frameworks that value freedom, autonomy, and democratic coexistence"
EM13CHS501,2263ce7f-e03f-47cb-aed1-70779d2e8885,Identify processes that contribute to the formation of ethical subjects in different societies
EM13CHS501,25b88c52-4e4b-4479-b4f7-e9c81ff883a8,Evaluate how cooperation and solidarity function as ethical values across cultures
EM13CHS404,70a8e181-cf86-4675-bcb6-6f57adafaa7a,Identify multiple dimensions of work across different historical and geographic contexts
EM13CHS404,896e03b9-d8f3-4799-9327-6500f6a25933,Analyze the effects of technical and technological transformations on labor for youth
EM13CHS404,099b74e5-d761-4188-aad3-e2b4d144e360,Compare conceptions and conditions of work across different time periods and spaces
EM13CHS404,216057f8-c4d0-4314-b34f-89eacc9b6df1,Evaluate how informational transformations are reshaping work for current generations
EM13CHS403,bb8d0b08-2cb6-404f-b441-b13d88c8ec96,Characterize the impacts of technological transformations on social relations in contemporary society
EM13CHS403,0f5deb22-3784-43b2-895b-663e7ba765dc,Analyze how technological change affects labor relations and working conditions
EM13CHS403,08340e2c-c9e7-42a7-8e35-0da489e1dc23,Evaluate actions aimed at overcoming social inequalities generated by technological transformation
EM13CHS403,e5fec20d-72e9-42ff-969a-8d8a68f592bd,Identify violations of Human Rights associated with technological changes in labor
EM13CHS402,ce1b5998-2738-4bdd-9995-5e2a4d30781c,"Analyze employment, labor, and income indicators across different spaces and time periods"
EM13CHS402,34b5af50-069b-4ca9-b8bc-ec4c257043e5,Compare socioeconomic indicators across different scales and geographic contexts
EM13CHS402,6672143c-5dc9-424b-abe0-08e2fb78969a,Connect labor and income indicators to processes of socioeconomic stratification
EM13CHS402,e2c18ae8-8ae5-4158-9fd1-bf6fe02311f4,Interpret patterns of socioeconomic inequality using employment and income data
EI03EF09,c568a062-33a1-4782-a580-a4d8522acafc,Generate hypotheses about how written language represents meaning
EI03EF09,2b6553af-7c67-47cc-8bc7-30cb7eb0ee39,Record words using emergent writing to express intended messages
EI03EF09,b7270131-affc-4aa2-8e52-acaaa8ef84ea,Produce written texts through emergent writing in purposeful contexts
EI03EF09,d2414715-9eca-45ed-8ae0-c66b7f5267df,Reflect on the relationship between spoken words and written marks
EI03EF08,c41b7ef5-3bad-4a7e-ac68-b91bff4630a7,Select books and texts from familiar genres for independent reading
EI03EF08,7f7a631a-32ce-40f1-843d-26365f0cf845,Use memory recall to identify previously encountered texts
EI03EF08,fe0cce96-14f0-4b70-a13f-c58a7cf38195,Use illustration reading as a strategy to choose texts for reading
EI03EF08,d4ca92c0-ea59-49de-b532-b186b9ec36a2,Draw on prior knowledge of familiar texts to guide book selection
EI03EF07,23cb771a-b31f-49de-9dd1-53026641a7f0,Identify text genres based on graphic features of familiar text carriers
EI03EF07,4271feed-c193-4e9d-8f45-c6e3729260d4,Generate hypotheses about a text's genre using visual observation strategies
EI03EF07,dafd079e-635e-4ed2-9a64-78f91498cc2c,Use reading strategies to infer the type of text presented in a familiar carrier
EI03EF06,62d924af-f435-4695-94bd-fafc41859d7f,Produce original oral stories in situations with meaningful social purposes
EI03EF06,ff776cdc-8535-44f9-8d66-2448e41295e9,Produce original written stories using emergent writing for social purposes
EI03EF06,91150422-95b5-4f4c-94d2-ea4f41e1d226,Sequence narrative events to create a coherent and engaging story structure
EI03EF05,375a144d-572d-4b71-8247-0799928d9c3b,Retell a story's key details in sequence using own words
EI03EF05,9f4169b2-e879-4648-865b-0c87eb4e662a,Dictate a written retelling of a heard story to a teacher scribe
EI03EF05,48365624-5c66-4556-9d15-58ff9c9d5cd5,Identify key story elements to include in a retelling of a heard text
EI03EF04,e9a91d3c-92f1-4577-a58b-1da60cbc05ef,"Retell heard stories preserving characters, settings, and story structure"
EI03EF04,84206fd2-d14f-4e7c-a8a9-ef5ac63a23c2,Collaboratively plan a script for a video or dramatic performance
EI03EF04,b45e3375-eb99-41ac-966f-d5f7585e4bd0,Define characters and settings when planning a dramatic performance
EI03EF04,a6afc35c-d681-4642-a8a5-2fe0c9cd209c,Organize story structure when scripting a collaborative performance
EI03EF03,a9f476cf-ee55-4ea0-87dd-1f195f3fd475,Browse books by navigating themes and illustrations
EI03EF03,1ec96a11-71ae-489b-ae88-213ace57cc9e,Attempt to identify familiar words while exploring a book independently
EI03EF03,bdcf3998-2088-4846-9b3d-dfcd052c5ada,Use illustrations as a strategy to make meaning while browsing texts
EI03EF02,debc5957-6ba4-4bcf-8858-ab3aceed4051,Invent singing games or songs with rhythmic patterns
EI03EF02,97a90db3-20e9-4d9d-a8c6-150e3152f98c,Create rhymes and alliterations in self-invented poems or songs
EI03EF02,9177c51f-9658-48a0-8128-f31dc6221e27,Produce rhythmic patterns through invented oral language play
EI02EO04,395f4faf-9722-4085-9280-9a35c9658b56,Communicate ideas clearly using complete or coherent oral expression
EI02EO04,28dd4324-6ce5-473d-9faf-69129ba5b919,Use listening strategies to understand messages from peers and adults
EI02EO04,e093a1d8-959a-415a-9610-3496d586821e,Adjust communication attempts to make oneself understood in context
EI02EO05,56d8836c-407e-45dc-97be-29e5746a6f85,Recognize that people have different physical characteristics
EI02EO05,015df00c-c533-4880-a1e2-2999c8a72c4c,Demonstrate respectful behavior toward peers with different physical characteristics
EI02EO06,037f71c8-93b6-424c-9bc1-f6350a3acf34,Identify basic rules of social interaction during play and group activities
EI02EO07,6aed75db-1aa4-4d0b-9509-6659f55c3766,Identify conflicts that arise during interactions and play with peers
EI02EO07,6f7e36dc-70a1-42e9-9137-535823fc0793,Resolve interpersonal conflicts during play with adult guidance
EI02EO07,2c3edc03-bb90-4042-a0a0-716e1512b873,Use adult-guided strategies to negotiate solutions during peer conflicts
EI01EF08,0fda62ab-b2b0-45c7-933b-393e79f4f671,Participate attentively in listening experiences with diverse text genres
EI01EF08,8e1dc710-98a4-4e4f-898f-147863bfd1bf,"Recognize different text genres such as poems, fables, tales, and recipes through listening"
EI01EF08,8f271c49-7d90-48f6-a3f6-50f6b1676546,Respond to texts from different genres heard during shared listening experiences
EI01EF07,22b4d5a4-fc7c-4da4-9c09-4f7aedfad109,Explore print materials across different text carriers such as books and magazines
EI01EF07,62c4c5e2-20a9-40a0-a269-f9facf1d4773,Handle audiovisual materials across different carriers such as tablets and CDs
EI01EF07,6fff3440-37c5-4865-85b0-cfe4baaecb20,Distinguish between different types of text carriers encountered in daily life
EI01EF06,b0c4a381-60a6-4b01-8b62-d8541811cfb5,Use movements and gestures to communicate with other people
EI01EF06,56c633ac-969d-4e31-ac16-dfe9d283091b,Use babbling and speech to communicate with other people
EI01EF06,b9df31ba-c30f-49ae-818b-6143e0892b76,Use varied forms of expression to convey messages to others
EI01EF05,e8d14dc5-0a23-4d34-aaa2-b2297d4033ff,Imitate variations in intonation used by adults during read-alouds and singing
EI01EF05,cc0ecddd-e9aa-43f5-8a63-83c1fd934495,Imitate gestures used by adults during story reading and singing
EI01EF04,73bfc959-dda3-487f-979b-a9b4b90576e0,Point to named elements in story illustrations when prompted by an adult
EI01EF04,b4071107-6ca7-4746-9874-11668b97f6e2,Identify characters in a story with prompting and support
EI01EF03,3e3ff2a7-0ba6-404e-940b-bd351c3ebc1a,Demonstrate interest while listening to stories read aloud or told orally
EI01EF03,a0e581d7-02fd-4185-b74d-ede2e924ffdc,Attend to illustrations during a story read-aloud
EI01EF03,290a006e-a28a-4563-90f1-53779fb701ac,Observe adult reading behaviors such as holding the book and turning pages
EI01EF02,0b78edd5-c271-4b37-97fc-32603a0f83ff,Demonstrate interest while listening to poems read aloud
EI01EF02,98f9cdbe-c418-438b-8f31-7c197006fecf,Demonstrate interest during the presentation of songs
EI01EF01,c6617321-abb7-457f-907a-23a4a0125751,Recognize one's own name when called in daily contexts
EI01EF01,3eb9dd3d-6855-4e5e-adb3-0c5853f43374,Recognize the names of familiar people in one's daily environment
EF15AR24,e07be781-9f6c-46ab-b8c9-c3cd51f80df8,"Identify toys, games, dances, songs, and stories from different cultural traditions"
EF15AR24,dee5e403-5ac2-4228-94ae-d89b9ee6e658,Compare aesthetic characteristics of play activities across distinct cultural contexts
EF15AR24,a3475671-dfcd-4d70-8f34-3958cb98296b,Engage respectfully with cultural and aesthetic traditions different from one's own
EF15AR24,f5971ae6-3a8b-409c-a847-b22c368e7f3b,"Describe cultural meanings embedded in games, dances, or stories from diverse traditions"
EF15AR23,13d03df8-39e5-4459-a8d2-45ab19bb7dd7,Recognize connections between two or more artistic languages within a thematic project
EF15AR23,87b31ea7-09eb-4e94-9a6b-7e86e309b7c3,Explore how different artistic languages relate to one another in a shared theme
EF15AR23,0c9ecea1-5d5e-43e0-a340-700305420431,Describe processual relationships among diverse artistic languages in a project context
EF15AR22,b40c08ce-2389-4329-b55a-8df2c28a80be,Explore movement possibilities in constructing a theatrical character
EF15AR22,0ed4ab7e-5470-4bb0-bf4f-106d1b44b2be,Identify and critically examine stereotypes present in theatrical character representations
EF15AR21,636df024-334e-4d1d-b6ec-16571d30c053,Practice imitation to reinterpret objects or events from another's perspective
EF15AR21,65ad8641-aa2a-4b51-bca7-8bc3249b525b,"Compose theatrical situations using music, images, texts, or other starting points"
EF15AR21,2e2d3003-2db2-48b0-874b-7f9635e05740,Stage theatrical situations in an intentional and reflective manner
EF15AR21,de9da0bf-ac96-4f2b-ba35-f80d4f161eef,Engage in make-believe by placing oneself in another's perspective during theatrical play
EF15AR20,c99fad21-34a3-4cef-b783-1d3b83230efc,Experiment with collaborative and collective work in theatrical improvisations
EF15AR20,d3b22662-efe4-4b69-8cda-e7a96a489272,Engage in authorial creative narrative processes in theater
EF15AR20,471d9282-1b55-41ce-a19c-9958544e2f05,Draw on theatricality of everyday gestures and actions in theatrical creation
EF15AR20,6bd5f2ae-ad1d-47bd-9cfc-e3e72b7cc222,Incorporate elements from diverse aesthetic and cultural traditions into theatrical work
EF15AR26,cc1acbe7-1c2c-4b7b-948d-fa9da2d08c5e,Explore digital and multimedia technologies as tools in artistic creation processes
EF15AR26,4cb73e13-f841-4d54-905d-2fc3a5555886,Use audio or video recording techniques within an artistic creation process
EF15AR26,0c2552a8-1b81-4734-bbf3-43ec074054a1,"Apply photography, animations, or electronic games as resources in artistic creation"
EF69AR08,b01f5694-268c-4eed-a211-233ca15248b3,"Differentiate among the roles of artist, craftsperson, cultural producer, curator, and designer"
EF69AR08,60d54921-3291-4c01-bf01-8914f2231bb3,Identify the specific function of each professional role within the visual arts system
EF69AR08,c6086c49-6c5c-44b8-9296-b0deb2d4c703,Establish relationships between different professional roles within the visual arts system
EF03HI07,cbec07f0-6e7b-44c9-8d52-014d7ae8f323,Identify similarities among communities in their city or region
EF03HI07,6a5107f5-2ffe-457a-bd16-179e2552e296,Describe the role of different social groups that constitute local communities
EF03HI09,032a32c8-2a2a-47b6-b3ad-2612e10da61c,"Map public spaces in the local area such as streets, plazas, schools, and government buildings"
EF03HI09,6fd84ff6-1c1a-4aed-a305-ab07dcb7776a,Identify the social or civic function of each mapped public space
EF03HI09,bcd5633a-6b49-4711-b57d-1c24c6531f2f,Describe how different public spaces serve the needs of the local community
EF15AR07,4aa46811-cace-4d15-a2de-73b65aebfe07,"Recognize key categories within the visual arts system such as museums, galleries, and institutions"
EF15AR07,69edb658-1cae-4369-8fe7-1f0838feee4b,"Identify the roles of artists, artisans, and curators within the visual arts system"
EF15AR07,cdc4ba4d-220a-4e19-a0f4-334c2f0a0958,Describe the function of each key category in the visual arts system
EF15AR08,b27a6375-5cba-4b14-bd19-363b91b505ce,Identify distinct forms of dance present in different social and cultural contexts
EF15AR08,844e8dc9-a799-429b-8054-b374942be0cc,Appreciate diverse dance forms by cultivating perception and imaginative engagement
EF15AR08,3068ae42-14f4-49d6-bc92-828508fefec4,Expand personal movement repertoire through experimentation with different dance forms
EF15AR09,3e8fd67c-4638-4424-a986-daa5553a9688,Identify individual body parts involved in the construction of danced movement
EF15AR09,f79443bf-d74e-4e01-9d97-cf442529665d,Establish relationships between specific body parts and the body as a whole in dance
EF15AR09,1c78c965-c293-457a-88df-f00e6d809934,Describe how coordination of body parts contributes to a unified danced movement
EF15AR10,8093decd-0784-4466-b1b0-c977b1c7db80,"Experiment with different spatial orientations such as levels, directions, and pathways in dance"
EF15AR10,540b95f0-7d69-465d-a1dc-c9db2a8666ba,Explore locomotion as a form of spatial organization in danced movement
EF15AR10,4d3a64db-ace1-4ed5-ae32-732533d03149,"Experiment with slow, moderate, and fast movement tempos in danced movement construction"
EF15AR11,a773957f-0eae-4dda-80e3-93f867d5528c,Create danced movements individually using structural and expressive elements of movement
EF15AR11,cba24e35-2103-415b-9e3a-c61dc4a86836,Improvise danced movements collectively using dynamic and expressive movement codes
EF15AR11,360216ac-5b48-4ab6-8743-bbe47e5f3712,"Apply dance codes related to structure, dynamics, and expressiveness in collaborative movement creation"
EF15AR12,b15def2b-8680-4579-8ad1-1cded33c9bc2,Discuss personal dance experiences at school with respect and without prejudice
EF15AR12,7f919c60-0c2e-4f58-8831-d587adfc3849,Discuss collective dance experiences as sources for building shared movement vocabulary
EF15AR12,040c5d82-e859-428f-bd42-286d7b911662,Use shared dance experiences to expand individual and collective movement repertoires
EF15AR13,49de9554-532a-4c5d-b0fc-9aba9ce99c88,Identify diverse forms and genres of musical expression
EF15AR13,695e59b3-421b-474a-8482-1af8dd78ed5b,Recognize the uses and functions of music in different everyday contexts
EF15AR13,9221ad6c-46df-4f26-b44e-1d75218de607,Critically appreciate musical expressions by analyzing their context and purpose
EF15AR14,1d17a7ad-914d-4eae-869f-983b3cc917a6,"Perceive constitutive elements of music such as pitch, dynamics, timbre, melody, and rhythm"
EF15AR14,d12c1a18-b30e-4144-9b7d-84dc4d02b23e,"Explore musical elements through games, songs, and playful composition activities"
EF15AR14,9e1d0407-27a2-42b9-97e1-d8d6cfe7d93b,Engage in music appreciation activities that develop awareness of musical elements
EF15AR15,7303bdf6-1684-4173-aa8d-369b6d04e8bd,"Explore sound sources found in the body such as clapping, voice, and body percussion"
EF15AR15,bd24d36d-6047-40f4-b418-31ae2a6428ef,Explore sounds from nature and everyday objects as musical sound sources
EF15AR15,c3b105bf-1fc4-476d-adf6-1485a93d767d,Recognize constitutive elements of music through exploration of diverse sound sources
EF15AR15,a1ea99bf-3799-472e-ae50-d3e24d82ba30,Identify characteristics of a variety of musical instruments
EF15AR16,47fdd25d-89c4-4326-8f88-1572c1f82b5c,Explore non-conventional musical notation such as graphic sound representations and creative scores
EF15AR16,7c06761e-8d60-4bf9-9136-aa45fe74e7de,Use audio and audiovisual recording procedures and techniques in musical practice
EF15AR16,cdf13657-78a5-4f91-80e8-b3bcc2f1318a,Recognize conventional musical notation as a system for representing sound
EF15AR17,5e0413a4-2e3b-4bdf-b60c-6e1b8f02106e,"Improvise using voices, body sounds, or instruments individually or collectively"
EF15AR17,dfe945bb-a73a-4dc9-bdde-cdbb24d17da3,Compose sound designs for stories using conventional or non-conventional instruments
EF15AR17,54e0ef53-1d45-4bba-99fe-9f7f4a7b8f58,Experiment with collaborative sound composition using varied vocal and instrumental sources
EF07LI07,ac5552b0-71e3-4b54-a6c6-6e4d42ce22a5,Determine the main idea of an informational text
EF07LI07,2c542028-4403-4e5d-a098-59a78cf45397,Distinguish the main topic from supporting details in a text
EF07LI07,17de05dd-2eff-4a2f-bff6-e80a86ef8e7e,Summarize the central point of individual paragraphs in English-language texts
EF07LI07,06d6b023-311a-4716-8dfb-3bd81f59458b,Locate specific key details in a text to support answers to comprehension questions
EI03CG05,ac5187a0-8f6a-42c0-97c4-637262e66122,Coordinate fine motor movements to accomplish self-selected tasks
EI03CG05,a50ab3df-5eee-4020-9541-773093248bb5,Apply fine motor skills to meet personal needs in everyday situations
EI03CG05,e805067f-f64d-4de2-a459-afe1bf139c25,Adapt fine motor actions to varied contexts and practical demands
EI03CG03,1891a874-09fc-4068-b6ed-360ded48e4fa,Create original movements and gestures during play or games
EI03CG03,0717a12b-f9c2-48b9-8d55-f9f3286422bc,Express ideas through mime and facial expressions in artistic activities
EI03CG03,36734fa9-4941-4350-8cff-a55bbd13094f,"Combine gestures, gazes, and body movement in dance, theater, or music contexts"
EI03EO07,da20d0be-bc1d-460c-a6d2-c7a1bea365e2,Identify a conflict arising in interactions with peers or adults
EI03EO07,9f1bb0a5-893d-4f09-8e07-24659edb9b0b,Apply mutual-respect strategies to navigate interpersonal conflicts
EI03EO07,dc36e2bc-7ed5-4054-9020-e809379a9b9f,Evaluate the outcome of a conflict-resolution strategy used in a social situation
EI03EO06,c127e813-271a-4c89-946d-e58dbb2ec9ab,Express curiosity about cultural practices different from one's own
EI03EO06,1356cd26-487f-4c7d-aa1b-a5fcc5b8487c,Demonstrate respectful attitudes toward diverse ways of life and cultures
EI03EO06,099f6436-6589-48a8-b237-ede28e44f850,Recognize that different cultures have distinct values and traditions
EI03EO05,fd9c9c62-f048-48f3-b5d3-d02cd4b58d03,Describe positive characteristics of one's own body
EI03EO05,be31bda7-f176-40c6-997e-85c8c9617291,Demonstrate appreciation for the physical diversity of peers and adults
EI03EO05,457d163a-aed6-47f7-8abd-3d136cd5d585,Recognize and respect the physical characteristics of others in one's daily environment
EI03EO04,e45c21ce-eee5-4965-8854-8d9e28ab32da,"Express personal ideas clearly during one-on-one, group, or teacher-led discussions"
EI03EO04,e3b8f701-1301-479e-8888-9910591fa843,Communicate feelings appropriately to peers and adults in varied contexts
EI03EO04,ed87719f-0b2c-4e82-8450-d92c4097fab5,Adapt communication of ideas and emotions to different audiences
EI03EO03,fb2855b4-74b3-4907-986d-dfc9d5914dfb,Demonstrate cooperative behavior during group activities
EI03EO03,14d70a69-203a-4ebf-84c2-4b6dda04027e,Initiate participation in collective interactions with peers
EI03EO03,006026a3-9fd7-4ae8-8c29-f41ec6bd8e8f,Expand social relationships by practicing attitudes of inclusion and cooperation
EI03EO02,0f027504-9d32-4785-868c-15f69ddc728c,"Complete tasks independently, demonstrating confidence in personal abilities"
EI03EO02,abb00e12-2b75-4aac-9550-119bd5c5ffb4,Acknowledge personal accomplishments resulting from one's own effort
EI03EO02,df014aec-7c88-4cfe-a5cc-0d8b8613951d,Recognize personal limitations without losing confidence in one's capabilities
EI03EO01,e825cbc3-1c74-4485-9304-bb08c1a9be46,Recognize that others may have feelings different from one's own
EI03EO01,7b458f89-4d98-49fd-afef-269ce6fd31dc,Identify the different needs and ways of thinking of people around them
EI03EO01,1be86764-9496-4e5b-b9fc-7be5c3540b9c,Demonstrate empathetic responses toward others in social situations
EI03CG04,744cd27a-594f-41a6-8d05-351e73d3dd52,Practice personal hygiene habits consistently in daily routines
EI03CG04,2fd97397-f530-4327-9171-22bb12f40152,Make appropriate food and nutrition choices aligned with self-care
EI03CG04,76093453-be61-4ea6-a84c-486e6f0b882d,Adopt habits related to comfort and personal appearance in everyday situations
EF07LI06,3418e501-4319-4976-8d98-9ff11b9977d7,Use titles and headings to infer the overall meaning of an English-language text
EF07LI06,13e5d250-ee04-4bcb-b749-fbe057e3f497,Apply skimming strategies by reading opening and closing sentences of paragraphs
EF07LI06,b022b946-508b-48d4-ad10-26ff758d1f8a,Identify repeated keywords to anticipate the topic of an English-language text
EF07LI06,37baf1c3-7c2a-4915-93c5-a76ee6ad4e49,Predict the general meaning of an English text before reading it in full
EF69LP18,7ae7ff62-9eda-4ea4-b956-ece1d98f1b1d,Identify cohesive connective operators appropriate to different types of argument in argumentative texts
EF69LP18,01e9b3f5-2868-4300-b264-66f922f107c6,Use transitional words and phrases to signal relationships between claims and evidence
EF69LP18,8201d501-973f-471e-8913-a7fe93bcdc5a,Apply connectives that ensure thematic progression within an argumentative text
EF69LP18,4542d27e-b8ab-4aa8-9f5a-270d1ad3f07d,Revise argumentative texts to improve coherence using appropriate linking expressions
EF69LP18,fd0e3d08-c207-4a28-84db-4dc73c4787e7,Select connective operators suited to the compositional structure of argumentative texts
EF07LI04,f38705c1-e338-4886-bac7-a43fc8dc1cfe,Identify the context and setting of a spoken English text from media sources
EF07LI04,67dd0880-07af-41c4-9ab9-d9a5a36bb92a,"Determine the purpose of a spoken English text encountered in film, television, or online"
EF07LI04,2b72a5ff-9734-4df4-af88-4ad0063f38e3,Recognize the interlocutors involved in a spoken English media text
EF03HI05,f1eb9593-0e57-4e7a-b47e-99cfde163c2f,Identify historical landmarks located in the place where they live
EF03HI05,2de39449-2eb5-4a45-85d2-b9576f8726ae,Explain the historical significance of local landmarks to the community
EF03HI05,28973f22-7cc9-4eff-97cd-d096ce09776e,Connect specific local landmarks to events or periods in regional history
EF03HI04,9f095f3f-1fb9-4276-9531-b722d6265d2d,Identify historical and cultural heritage sites in their city or region
EF03HI04,93dd8016-f930-446b-ade7-153629772dc7,"Explain cultural, social, or political reasons why a local site is recognized as heritage"
EF03HI04,0d43fca3-aa65-477e-81d9-b868ff4a78e5,Compare the significance of different heritage sites within their city or region
EF03HI03,13d7a43f-a98e-4a40-84e6-a2f41335a93a,Identify different social and cultural groups present in local history
EF03HI03,676c090c-0329-4fac-bafe-db0d55121ce4,Compare perspectives on significant local events from different social groups
EF03HI03,fa7cabd8-b27f-400c-8136-9baf3e32efbc,"Recognize the contributions of African, Indigenous, and immigrant cultures to local history"
EF03HI02,df7c03c9-a5cf-48bf-a48f-9b2264a318a3,Consult sources of different types to locate events that occurred in their city or region over time
EF03HI02,e408d030-08d8-41f2-b873-9f1b3d283c02,Select relevant historical events related to their city or region from multiple sources
EF03HI02,53787970-0529-4e50-ad37-e0571de81633,Record selected historical events from their city or region in an organized manner
EF03HI01,4c48952d-ab2d-43f8-9a59-df4f3e19a072,"Identify the population groups that make up their city, municipality, or region"
EF03HI01,df7a7773-50b7-4d48-afb4-5597267687c6,Describe the relationships established among different population groups in their region
EF03HI01,65db9bd3-d22d-4f5d-94b1-d0e7f4e89008,"Explain events that shaped the formation of their city, such as migration or deforestation"
EF03HI01,f7be8a23-c3b2-46f5-bb35-4cfd2f0bab47,Recognize the role of migratory phenomena in the development of local urban and rural areas
EF02HI11,014c1105-d04a-451e-8a5b-f77ac3cc264f,Identify forms of work that exist within their community
EF02HI11,d460555b-504d-4137-b0ef-a0d9ad6e2c1d,Describe environmental impacts caused by specific types of community work
EF02HI11,a2655aaf-4397-4944-8295-2cbc3af7f0e0,Connect different work practices to their corresponding environmental consequences
EF02HI10,cdb07bcd-3cf7-443f-a588-ef722c2b96bc,Identify different forms of work that exist in the local community
EF02HI10,e47f72ba-9213-402a-b42c-b8e89b83f793,Describe distinguishing characteristics of various types of work in the community
EF02HI10,71a54c97-c3e5-4efd-b7f2-aff5da9b3832,Explain the meaning and importance of different forms of work to community life
EF02HI09,9a1166bc-be63-45c4-b993-9cdf6761c365,Identify personal objects and documents connected to family or community experience
EF02HI09,fcc88125-4c8e-4048-8bf7-4576c7bb8587,Distinguish between objects that are preserved and those that are discarded
EF02HI09,ff86a65b-ef91-4c19-ae2b-8d91508585b5,Explain reasons why certain personal or family objects are kept or thrown away
EF02HI08,b0bc5550-d000-4f0b-bd3e-3f244e643315,Identify different sources that record family or community stories
EF02HI08,f614930d-d33f-48de-8795-ace37ebe760f,Compile stories from family or community using a variety of recorded sources
EF02HI07,26f162fa-e1e0-4476-b2a0-07f2cf6f7d0c,"Identify timekeeping tools present in the community, such as clocks and calendars"
EF02HI07,de9193f8-9bff-5cb7-9f58-8081dbcd2cf1,Tell time in hours using analog clocks
EF02HI07,ff122018-06f6-4f1d-ab60-77281ea843d9,Use calendars to locate and organize events in time
EF02HI06,6ec4e9c0-035d-4e2f-ad63-202b7092d3b5,"Apply temporal concepts — before, during, at the same time, and after — to daily events"
EF02HI06,2c0a0d1d-035e-4a3e-ac0c-fb67044a27cc,Organize events from daily life in chronological order
EF02HI06,9488b252-cfaf-4583-a95c-ca40d6474720,Identify the sequence of events using appropriate time-related vocabulary
EF02HI05,5e839ee9-e947-498a-a7fc-50fa43e0c44f,Select personal objects and documents belonging to individuals or groups in one's immediate social circle
EF02HI05,2d4e8aca-b5c1-4663-93cf-2855502a111c,Describe the function and use of selected personal objects and documents
EF02HI05,534bcce7-3415-453b-a85a-63f57960994e,Explain the significance of personal objects and documents to individuals or groups
EF02HI04,41493ced-0413-4a05-b954-dd7e20d98c9a,Identify personal objects and documents as sources of memories and histories
EF02HI04,a35bdab1-356c-45d1-b2da-dfad9e1d6a38,Explain the significance of personal objects and documents in personal and family contexts
EF02HI03,957665c7-80c7-4bf5-b047-94a3b594c33d,Identify everyday situations that relate to the perception of change over time
EF02HI03,e9a2df35-6ed3-4576-be10-86f62a6c3809,Recognize everyday situations connected to a sense of belonging
EF02HI03,e6670414-a609-42dc-b2de-b22b02efa2b0,Select everyday situations that relate to the concept of memory
EF02HI02,4f458928-cea1-4627-88f9-f96247395c17,Identify social practices that people carry out in different communities
EF02HI02,22ce80bf-28c4-4045-947b-002d7e3b3415,Describe the roles that different people fulfill within their communities
EF02HI02,b2b48103-de6e-43af-8fe3-7ce1a802f2ca,Compare social roles and practices across different community contexts
EF15AR18,fe14ca4d-b66d-44b8-8009-5ebf0f07554a,Recognize distinct forms of theatrical expression present in different contexts
EF15AR18,1026eef7-3e45-4944-83c2-7afd0042f070,Appreciate dramatized stories by engaging perception and imagination while watching and listening
EF15AR18,c534aabc-5b33-4001-b40e-ce8e77321ab8,Identify how theatrical experiences cultivate the capacity to symbolize and expand fictional repertoire
EF15AR19,eaf8d06d-a3bd-454e-a51c-1430439aa0e5,"Identify theatrical elements such as vocal inflections, physicalities, characters, and narratives in everyday life"
EF15AR19,11f9703d-2422-4533-82c6-8a49a89f9f19,"Recognize theatricality present in ordinary, everyday situations and interactions"
EF15AR19,7c48f9ec-d595-4dc7-a654-12a9e6c1aa26,"Distinguish specific theatrical elements — vocal, physical, and narrative — as they appear outside formal performance contexts"
EF69AR07,c3818e7c-53cb-4e77-adad-111941ac9665,Apply conceptual principles to one's own visual art productions
EF69AR07,fedb9edd-7722-4db9-9d2f-11516aa91ea6,Incorporate thematic propositions and visual repertoires into personal art creation processes
EF69AR07,09d17796-1a8c-4ded-9734-bc4c90e46d9c,Reflect on and articulate the creation processes used in one's own visual art works
EF69AR06,9c85cc46-86d1-46da-989e-a982a581d906,Develop visual arts creation processes based on personal artistic themes or interests
EF69AR06,6caeb0ad-3af1-47b2-8d8f-9b7304a4b1ed,"Create visual artworks individually, collectively, and collaboratively"
EF69AR06,0babeab1-6799-442c-bfb8-8d08ec9df62c,"Select and use conventional, alternative, and digital materials and tools in visual art production"
EF69AR05,3cd5804d-b268-44a4-b752-9fc8fe326fb3,"Experiment with different forms of artistic expression such as drawing, painting, sculpture, photography, and performance"
EF69AR05,0fe20ca9-b115-4bc5-8917-523cc4c48d7a,Analyze the characteristics and possibilities of distinct artistic expression forms
EF69AR05,1570fcfa-341f-4dd8-b32f-77561f395b52,Compare various artistic expression forms based on experimentation and analysis
EF69AR04,66c38606-8fd7-49fc-8069-b4e6cc190eff,"Identify constituent elements of visual arts — point, line, shape, color, tone, scale, space, and movement — in artworks"
EF69AR04,d8312121-e2e7-4465-a4ef-fd888fd1c08e,Analyze how visual elements function and interact within different artistic works
EF69AR04,53fa28e5-8a60-4ce3-9289-e78688c042e5,Evaluate the use of visual constituent elements in the appreciation of diverse artworks
EF69AR03,8d5f474e-7cb8-40a3-b2a0-012820ea4714,Identify situations where visual arts languages integrate with audiovisual languages such as film and animation
EF69AR03,e5bb45e0-157b-4934-ae09-ea988fdf9dcd,Analyze how visual arts languages integrate with graphic languages such as illustrations and book covers
EF69AR03,0175d625-f215-4a17-a3ae-87e51cfd4f02,"Analyze how visual arts languages integrate with scenographic, choreographic, or musical languages"
EF69AR02,57a0b274-3a60-442f-a613-4f50f10d4383,Research different visual styles from various periods and cultural contexts
EF69AR02,9417ea19-550d-49b9-bed7-d99f466851f5,Situate visual styles within their historical and spatial contexts
EF69AR02,d8512e3e-cf6b-45bd-93e6-193b816c7aa7,Analyze characteristics that distinguish one visual style from another
EF03HI06,2f881c1e-d671-4bcd-bd0c-c661ac4e61f1,"Identify markers of memory in the city, such as street names, monuments, and buildings"
EF03HI06,81e9b4a5-e866-4a0a-a89e-7033b5f84b5c,Explain the criteria used to select names for places and monuments in the city
EF03HI06,f2866357-a6de-4ce6-8e51-cf379537b044,Discuss how markers of memory reflect choices about history and identity in urban spaces
EF69AR01,927603cb-938a-4ecb-8781-4f74010d92b7,Research distinct forms of traditional and contemporary visual arts by Brazilian and international artists
EF69AR01,847a1974-793a-4910-b547-21243c7dcdd7,"Situate visual artworks within their historical, aesthetic, and cultural traditions"
EF69AR01,e8e9454f-1647-45d4-b3f9-034a97c7dea1,Appreciate and analyze visual arts works from different periods and cultural contexts
EF69AR01,baff476f-259e-41d1-a062-293b8ec47a19,Expand visual repertoire and the capacity to symbolize through contact with diverse artistic-visual practices
EF15AR25,e48fc923-1211-46e8-8978-9fd8bc52e65f,"Recognize tangible and intangible cultural heritage from diverse cultures, particularly Brazilian Indigenous, African, and European traditions"
EF15AR25,028158ad-516e-4bf0-84bc-963cd5ef84db,Appreciate cultural heritage expressions across different historical periods
EF15AR25,17a076ed-e5ea-4274-947b-e96d05493390,Build vocabulary related to different artistic languages through engagement with diverse cultural heritage
EF05HI07,0a0dbc90-beb8-4313-814a-a64bc15938d9,Identify the processes by which sites of memory are produced and hierarchized in society
EF05HI07,ec38a005-337c-4c8e-a2e1-65b46f67d419,Explain how sites of memory are disseminated and given cultural significance
EF05HI07,bc9c803b-507d-4392-9c80-01fc9f5b9716,Analyze the presence or absence of different social groups in the naming of sites of memory
EF05HI07,004b555f-8fc6-4804-ace6-094273111a1b,Discuss how the selection of sites of memory reflects power relations within society
EF05HI06,a484c3ce-a980-4c01-8e10-9619a2d7b37a,Compare different languages and technologies used in communication across historical periods
EF05HI06,5b9f3f94-2552-41e3-a933-5b28a40e033a,Evaluate the social meanings attributed to specific communication technologies
EF05HI05,7aca186e-1c24-4e9a-9b7e-ddd92174b85e,Define citizenship as a concept connected to the struggle for rights
EF05HI05,6fe07436-0194-4218-b7ab-6e16512d4738,Identify historical examples of peoples and societies fighting for rights and citizenship
EF05HI05,88d4ef8c-0a05-41f3-97df-c2aa95452e07,Explain citizenship as a historical achievement rather than a natural or fixed condition
EF05HI04,8c8cf4e4-c602-4cb7-bb5d-f28868b7cd0b,Define citizenship in relation to principles of respect for diversity and pluralism
EF05HI04,b311e23d-6fc2-4c89-9ffc-508a6f079c8b,Connect the concept of citizenship to the protection of human rights
EF05HI04,11847faa-8d86-4970-88e5-9d80f5a718b1,Identify how respect for diversity and pluralism strengthens the exercise of citizenship
EF05HI03,dfa46f89-de90-4a03-bd67-d85f4d3def3a,Identify the role of cultures in shaping the identities of ancient peoples
EF05HI03,412a775c-83ba-4f19-842f-32f021564383,Analyze how cultural and religious practices defined collective identity in ancient societies
EF05HI02,fece4b37-eb5c-4146-b4db-769ac5a17639,Identify mechanisms by which political power is organized in different societies
EF05HI02,c853ad51-3370-445e-8998-e36be3c11855,Explain the concept of the State as a form of political and social organization
EF05HI02,6e15e788-dcf7-4f53-9124-568518db7318,Compare the State with other forms of social order found across different societies
EF03HI10,20a2ab12-f2ec-4824-b44f-79b22f3c1de2,Identify characteristics that distinguish domestic spaces from public spaces
EF03HI10,6c751688-1d4c-42fb-ae29-5ccc09e37dc8,Identify characteristics that distinguish public spaces from environmental conservation areas
EF03HI10,0885d2b4-1f30-449a-a083-20090be90954,"Explain the importance of maintaining distinctions among domestic, public, and conservation spaces"
EF03HI11,0b808675-391a-44fd-948e-456e889a0569,Identify differences between forms of work carried out in urban settings
EF03HI11,f6ae8239-b104-4fed-8046-45ec57d4d60f,Compare the use of technology in work practices across urban and rural contexts
EF03HI12,5a978321-3347-43be-9b6e-08d8677a3e90,Compare work relations in the present with those of other times and places
EF03HI12,883e9c73-89db-42a9-9f14-fa3f3761d944,Identify continuities and changes in work and leisure practices across different historical periods
EF04HI01,5636a38a-329e-46df-9d6c-1262a9258c73,Recognize history as the result of human action in time and space
EF04HI01,668ed243-598a-440b-bc4d-75b593eab857,Identify changes that have occurred across different time periods
EF04HI01,17c9bda9-8b96-4e62-a1a8-34607f594f33,Identify continuities that persist across different time periods
EF04HI03,32e4f8f8-2920-4906-a475-a3f8b68293f1,Identify transformations that have occurred in cities over time
EF04HI03,1c5477b6-8388-40dd-80ca-cefa68c53786,Analyze the effects of urban transformations on the ways of life of city inhabitants
EF04HI03,79418754-b9ed-4fb1-8220-c618f23c1bee,Use the present as a reference point to examine past changes in urban environments
EF04HI04,b9ae235a-0807-4a5a-9a45-398128943173,Identify relationships between early human communities and the natural environment
EF04HI04,61f5bcfd-3a02-4c82-bd1c-5cb12ac624e6,Explain the significance of nomadism for the first human communities
EF03HI08,f145e26a-d75a-48e8-b0ba-637d490d65b4,Identify ways of life in the city in the present
EF03HI08,8434c4aa-6c9e-4518-95f7-6944ca2ab98a,Compare present-day urban and rural ways of life with those of the past
EF04HI05,c3e8befb-e9e0-41f8-b011-434d9b89a200,Relate processes of rural settlement to interventions made in the natural environment
EF04HI05,74c21237-ee2d-475a-a929-d184426503f4,Evaluate the outcomes of environmental interventions resulting from rural settlement
EF04HI07,4840ca38-29cf-4725-81c0-985a7844d88c,Identify the importance of overland routes to commercial life dynamics
EF04HI07,cd18c8c5-60f6-4203-8a94-3d73d19d0989,Describe how trade routes shaped economic and cultural exchanges between societies
EF04HI08,0717aa2f-7848-4492-8309-9a4ad4fad0b0,Identify transformations in means of communication from oral culture to digital technologies
EF04HI08,7f9cef10-3d86-48b6-8e09-b43b8d50a239,"Describe the significance of key communication technologies such as the printing press, radio, and internet"
EF04HI08,547ab003-7945-4ec2-a701-3b971d586577,Discuss how changes in communication technologies have affected different social groups
EF04HI09,d703f3ec-cba4-4b17-be11-80561d8febae,Identify motivations behind migratory processes in different times and places
EF04HI09,744c1b92-a164-454b-b92a-a8c9d0bbd1db,Evaluate the role that migration has played in shaping destination regions
EF04HI10,62a31528-c546-4317-ab3a-e8dfc409f42e,Identify different population flows that contributed to the formation of Brazilian society
EF04HI10,00c079af-bdcf-4bb3-ba79-dc32d395f41b,Analyze the cultural and social contributions of migratory flows to Brazilian society
EF04HI11,5491fcb5-fa62-4a15-959f-616e3df12d6a,Identify changes associated with internal migration in the society in which students live
EF04HI11,f6e94bf5-9e87-4425-8f34-8d555e4a655f,Analyze whether migratory changes are present or absent in students' local social context
EF05HI01,e3b9371d-4e48-4d99-acf8-bebff314cee7,Identify the processes by which different cultures and peoples were formed historically
EF05HI01,ea6d0c25-69ec-4bef-8d04-6cf42cde9edc,Relate the formation of cultures and peoples to the geographic spaces they occupied
EF05HI01,b93ebc89-61b2-48c9-82e2-d6d503433b7d,Describe how geographic context influenced the development of distinct cultural identities
EF05ER04,23b711a0-0d7b-4df9-8f2a-11c041be58f8,Recognize oral tradition as a means of preserving religious memories across generations
EF05ER04,c63dc4a8-c358-4637-93dd-83ad9b7624c9,Identify examples of religious events transmitted through oral tradition in different cultures
EF05ER04,a25177bc-17f5-4651-b549-8ae430490d8f,Explain the role of oral tradition in maintaining collective religious identity
EF05ER04,f3e376e6-cc65-4fa8-8736-5848ad1a15c0,Compare oral tradition to written forms of preserving religious knowledge
EF03ER03,8ea910c0-07fc-47a1-bfbf-a9902e050541,"Identify celebratory practices such as ceremonies, prayers, and pilgrimages in different religious traditions"
EF03ER03,a998e81e-e417-4609-854e-ce4639c48127,Distinguish among types of celebratory practices found across diverse religious groups
EF03ER03,cbbfe556-4e90-4346-b11e-7ca8722331c7,Demonstrate respect toward celebratory practices from religious traditions different from one's own
EF03ER04,42a46faf-2349-41f8-a82b-b21e9824ff14,Characterize celebratory practices as integral components of religious expression
EF03ER04,8510299c-37a2-4414-92f0-2f2daa689089,Connect celebratory practices to the broader set of religious expressions within specific cultures
EF03ER04,01ee8c18-1655-4f69-850f-2aee3060c671,Explain how celebratory practices reflect values and beliefs of different societies
EF03ER05,f4ec40d6-4aa3-4875-8eeb-982363c4f19d,Identify vestments and adornments used in different religious traditions
EF03ER05,93fdcf33-528e-4d7d-871c-87763a76369b,"Recognize symbols, body paint, clothing, and accessories as elements of religious manifestations"
EF03ER05,8c6e06c5-5759-4669-b984-08d9c4ab3cd8,Distinguish the vestments and adornments associated with specific religious traditions
EF03ER06,f6431cec-a4da-41b8-ab71-0ce158341178,Characterize vestments and adornments as markers of religious identity
EF03ER06,b06374a7-b3c3-4026-a7f7-943e3703c36a,Explain how specific clothing and symbols communicate belonging to a religious tradition
EF03ER06,0d7ad04d-77d0-474d-b3d5-2e0c506cb8cf,Connect the use of adornments to the expression of religious identity across cultures
EF04ER01,a56f8245-9b1a-493b-9e43-6086e6babfbb,Identify rites present in personal and family daily life
EF04ER01,abf3dcc7-4779-4c34-856a-098d44c5af1f,Distinguish everyday rites from formally religious rites in familiar contexts
EF04ER02,43120c83-0a9c-471e-8a46-1d32942b034a,Identify rites found across different religious manifestations and traditions
EF04ER02,e1988293-110c-44eb-b371-637db35f3e96,Describe the functions that rites serve within religious traditions
EF04ER02,c2183108-642f-41c4-a6e5-17e2b72698b7,Compare the roles of rites in two or more different religious traditions
EF06ER06,399ca024-a381-43bb-9a85-1ac3389f1de4,Recognize the role of myths in structuring beliefs within religious traditions
EF06ER06,e1fcab4a-cc29-41bf-9381-a61073e295c3,Recognize the role of rites and symbols in organizing different religious movements
EF06ER06,27343065-eb89-406c-acd3-731b0f551447,Identify sacred texts as structural elements of diverse religious traditions
EF06ER06,8c2e2a70-581e-4c4a-b868-0a2362ba99e5,"Explain how myths, rites, symbols, and texts work together to shape religious identity"
EF04ER03,b3ffe17a-72de-4146-9f45-56c31f3d389a,Describe initiation rites found in diverse religious groups
EF04ER03,970818b5-e215-4801-9aec-7699134b39fa,"Describe rites of passage associated with birth, marriage, and death in religious traditions"
EF04ER03,942e88fa-4294-44a9-8347-0f7731545d67,Compare initiation and rites of passage across two or more religious groups
EF04ER05,6ad07d4c-f369-42bd-8c4a-36eac26b2db3,"Identify religious representations in artistic expressions such as paintings, sculptures, and architecture"
EF04ER05,096876b1-dc29-445e-8e61-25aeae5a760d,Recognize icons and symbols in artistic works as elements of specific religious traditions
EF04ER05,65c55f5f-3d94-4eac-8f81-baae9fdc1cfe,Connect religious artistic expressions to the cultural identities from which they originate
EF04ER06,f7117150-65df-4e39-bb50-4972fa529cd0,Identify the names of deities within family and community religious contexts
EF04ER06,227aa117-bca3-44ab-a67b-ac5b6fc4985d,Describe the meanings attributed to deities in different religious contexts
EF04ER06,9fd2950f-9eb6-49cb-b159-fde137443ee8,Recognize visual and symbolic representations of deities in familiar cultural settings
EF04ER07,7b6006e5-1917-4e12-9456-520c830027d6,Recognize diverse concepts of deities found across different religious manifestations
EF04ER07,95231234-4e14-4374-b433-3149576e1a1a,Compare conceptions of deities present in two or more religious traditions
EF04ER07,02f7a96b-dc1c-40f9-8ad1-fe44e5173e65,Demonstrate respect toward different understandings of deities across religious traditions
EF05ER01,dfd947fa-29f8-402c-8cc7-888019dcf16c,Identify sacred events from different cultures and religious traditions
EF05ER01,14aaec1b-2bd3-4789-884a-08794479c46a,Explain how sacred events contribute to preserving collective religious memory
EF05ER01,77107fb0-b521-423a-ab7e-6296692f646c,Demonstrate respect toward sacred events from religious traditions other than one's own
EF05ER02,1898ce62-698f-4c8f-94f6-9d4ad93fc341,Identify creation myths present in different cultures and religious traditions
EF05ER02,77a2a8ca-02c3-43a0-bbe6-012f8d035186,Distinguish features of creation myths across two or more religious traditions
EF05ER02,093ff466-58cd-4d27-8c4b-10d99e5bab86,Recognize creation myths as narrative expressions of diverse cultural worldviews
EF05ER03,6464b059-7571-47ca-b648-840c704f0cb7,Recognize the functions of creation myths within their religious traditions
EF05ER03,1a3a1fcc-9a29-49f0-8c95-b253b8418d9d,Identify religious messages about the world and nature conveyed in creation myths
EF05ER03,c64c83a5-04db-43d2-8757-6bf900ceb742,"Describe conceptions of humanity, deities, life, and death expressed in creation myths"
EF04ER04,b1a5c703-f2dc-4a2a-94ed-2da7f8aa5fb4,"Identify forms of spiritual expression such as prayers, chants, and meditation in religious traditions"
EF04ER04,f3d36c95-2f92-4670-a156-7ddf2661ef5a,"Identify physical forms of spiritual expression such as gestures, dance, and worship"
EF04ER04,608aaab0-4928-4f5d-925a-9227bbed4548,Compare forms of spiritual expression found across different religious traditions
EF69AR10,e87d0be6-61cf-4cc2-bda8-5c78fc18d6b4,Identify constituent elements that differentiate everyday movement from danced movement
EF69AR10,52e407e2-5cf9-4a0a-8131-8f2057e153b7,Describe the historical development of dance forms across traditional and contemporary contexts
EF69AR10,5699115a-37a3-4b75-9ab1-546f4ba44ecf,Analyze how dance forms have transformed throughout their cultural and historical trajectory
EF69AR10,c0efc27d-8632-4dba-bfdf-8bcabfdcc9de,Compare traditional and contemporary dance forms using critical examination of their development
EF06ER07,63df89fd-9a1d-48b9-ad80-3b0362c05bd8,Provide examples of relationships between myth and rite in celebratory practices of religious traditions
EF06ER07,5685afaf-f4ac-4b8e-9b35-1300aaa4c6e0,Provide examples of relationships between rite and symbol in religious celebratory practices
EF06ER07,ddbe133e-3587-4009-99f9-a88318c98471,"Connect mythic narratives, ritual actions, and symbols within a single religious tradition's celebrations"
EF07ER02,2c139f75-38eb-4d24-84a9-9b31bb4f8049,Identify spiritual practices that people use in response to accidents or illness
EF07ER02,6c9a5fed-c5ee-469b-aef8-9cf4d32779d7,Identify spiritual practices employed in response to climatic or natural events
EF07ER02,812233e1-3e0d-4fc1-acf4-bd6875d7e528,Describe the relationship between specific life situations and the spiritual practices people adopt
EF69AR12,038cb86c-e8e7-4363-84a0-8d95737661bf,Investigate improvisation procedures as a source for building individual movement vocabularies
EF69AR12,d98d9a77-5a6e-4336-9816-ea5ee2b437a2,Experiment with movement-creation procedures to develop personal movement repertoires
EF69AR12,0c452e9d-b371-45f1-b88b-b07023cc9de4,Generate individual movement solutions through improvisation-based creative processes
EF04HI06,b12cd46c-a002-413c-bb60-1e19ba0b5870,Identify transformations in the ways people have moved from place to place over time
EF04HI06,c98fd677-4f9d-4312-b553-44ac5f42b880,Identify transformations in the ways goods have been transported across different historical periods
EF04HI06,9e1d74ea-1685-4565-af1d-23b9375cf9ee,Analyze patterns of adaptation by communities affected by changes in movement and trade
EF04HI06,55ba28dd-32b1-43aa-8240-19ea636bea60,Analyze patterns of marginalization resulting from transformations in the movement of people and goods
EF07LI05,79e70870-1efa-4e9d-b1d6-e09fbdf88744,Compose an oral narrative in English about a significant historical event
EF07LI05,5533ee2f-d9bd-45b6-a54e-214f0b586c19,Compose an oral narrative in English describing a notable historical figure from the past
EF07LI05,0413398b-40d8-4f87-9a39-3c042c05e917,Form and use the past tense of frequently occurring irregular verbs
EF07LI05,25e2f962-d609-43d4-85a3-3b7048f3a390,Organize oral narratives in English with a coherent sequence of historical events
EF69AR09,e68c575f-e590-47ac-8c94-7431c674f1d7,Research different forms of expression and representation in dance across periods and cultures
EF69AR09,4b75f94f-f573-438a-85c9-7ee61ff4f117,Analyze staging elements in dance compositions by Brazilian and international artists
EF69AR09,94b13a37-c22e-49ad-8b81-e228c7cfea66,Recognize dance compositions by Brazilian artists and groups from different historical periods
EF69AR11,bbfc5e55-81cc-474d-8ed3-5ceae4cfaeb4,"Identify the motion factors of time, weight, flow, and space in bodily movement"
EF69AR11,1b81dc67-7e3b-4db6-92f1-32535474b731,Experiment with combining motion factors to generate different bodily actions
EF69AR11,2a43ddba-2ea1-4d44-acf7-ce02ead0b5fc,Analyze how combinations of motion factors produce danced movement
EF06ER05,3fe3ffde-8fe0-4085-9571-874d94e25286,Discuss how the study of religious texts influences adherents' practices within a tradition
EF06ER05,6bcbabf3-402c-4f08-8685-1cd120d6a464,Discuss how the interpretation of religious texts shapes the living of religious teachings
EF06ER05,5ba0d6b1-e44d-4dd0-a671-7ff27372a215,Identify connections between textual interpretation and practical conduct in religious traditions
EF06ER04,fdea8487-2514-4ee3-953b-c414f7c9cb99,Recognize that different religious traditions use written texts in diverse ways
EF06ER04,07528794-2cdb-4942-91b8-f1a796cdd257,Compare how various religious traditions employ written texts for distinct purposes
EF06ER04,4a6f0bec-2061-42b1-a81f-ce3faf2ae409,Identify examples of diverse uses of written texts across multiple religious traditions
EF06ER03,bc9d2af8-2e93-4751-b493-1423ce9d63b8,Identify teachings related to ways of being present in written religious texts
EF06ER03,4fe30dc5-04af-4f82-bad8-313537a76bc8,Interpret how written religious texts convey norms or values for believers' conduct
EF09ER08,b8db4f06-8fb3-490d-862d-ea93f0c13254,Identify ethical principles and values that can guide personal life planning
EF09ER08,db412fd7-d304-4bf0-b01a-045c855c5410,Construct a personal life plan grounded in chosen ethical principles and values
EF09ER08,608ee6f0-720e-4679-bfda-90326fcd38cd,Evaluate the coherence between stated ethical values and the goals within a life plan
EF09ER07,7e4bbab1-5c45-4e6c-905f-ad5b4287fea6,Identify familial ethical principles that can serve as foundations for life plans
EF09ER07,992b86c7-5a0a-4326-bae1-41924b7505ee,Explain how selected ethical principles from diverse sources inform the construction of life plans
EF09ER06,452f39e2-ce72-4da6-bfc4-4276e1e015f1,Recognize coexistence as an ethical stance in human relations
EF09ER06,26513a1d-b39b-4e50-80a3-812f795eef9e,Explain how coexistence expresses respect for life and human dignity
EF09ER06,adb8161a-a726-4447-abcb-215d2fdc5059,Identify examples of coexistence as an ethical posture across different social contexts
EF09ER05,401c954a-7481-469f-84e6-fd96cf40fe59,Identify the concept of ancestrality as a form of immortality in religious traditions
EF09ER05,55be3315-12f4-4df8-ab78-95617dfe7925,Analyze differences among concepts of immortality developed by diverse religious traditions
EF09ER04,f6f8abb0-471f-4616-b219-2fea7d5a74fc,Identify conceptions of life held by different religious traditions through funerary rites
EF09ER04,c00ebf91-d4ae-4019-8d6f-0556fa22ca5a,Identify conceptions of death held by different philosophies of life through funerary rites
EF09ER04,75006240-1d5b-4bc5-a95f-e050b8de877b,Analyze diverse funerary rites as expressions of religious and philosophical worldviews
EF09ER03,c4888e37-7805-4af0-b589-a99518729fd2,Identify meanings attributed to living in different religious traditions through founding myths
EF09ER03,eb55f49f-b614-4e79-9890-2b65e9e4edca,Analyze how founding myths communicate a tradition's understanding of life and death
EF09ER02,4daf4733-5b33-41ed-80ae-198ec41bddb7,Identify expressions of reverence for life across diverse media content
EF09ER02,0c67f8fa-b40d-4bc7-8c12-a5317b2489e1,Discuss how different media portray contrasting attitudes toward the value of life
EF09ER01,1e96db6e-188e-4395-9b4d-289bb6bd6b12,Identify principles for the care of life found in diverse religious traditions
EF09ER01,b16adbfa-a5de-43d2-b036-61102eea238a,Identify guidelines for the care of life found in diverse philosophies of life
EF09ER01,666fc527-471d-4c00-9a07-12288017d05c,Analyze how different religious traditions and philosophies articulate the care of life
EF06ER02,9088f741-8181-459f-8ec2-abe3d91dc06e,"Recognize written texts belonging to Buddhist, Christian, Spiritist, and Hindu traditions"
EF06ER02,6e16c830-c5f9-4c71-888e-59cf54e09bd7,"Recognize written texts belonging to Islamic, Jewish, and other religious traditions"
EF06ER02,cf2f78b0-3e67-4d8c-be06-c41c5792db32,Appreciate the diversity of sacred written texts across different world religions
EF06ER01,37b127b9-2d7e-4b03-8d65-6e408d9cb2ca,Recognize the role of written tradition in preserving religious memories across generations
EF06ER01,a30b42ea-7e67-4c2f-8793-441a3d7ad0d4,Recognize the role of written tradition in preserving significant religious events and teachings
EF06ER01,b7dbc753-7c28-4443-bdc5-36baca6d745f,Explain how written records contribute to the continuity of religious traditions
EF05ER07,4e0ffd7a-690f-476b-b712-3b9d4f0e0f0c,Identify teachings related to ways of being present in oral religious texts
EF05ER07,6c39cdb2-750b-4f93-ad78-04cc23778bff,Interpret how oral religious texts convey values or guidance for believers' conduct
EF05ER06,c6196457-1b1b-4063-b564-2c5cf3f586da,Identify the role of sages in transmitting oral tradition within religious communities
EF05ER06,45786746-d8ba-40da-88df-102baf31fbaf,Identify the role of elders in preserving oral tradition across generations
EF05ER06,2c195a25-1483-4fda-8b57-5075b0ed3a0b,Explain how sages and elders function as guardians of living religious memory
EF05ER05,e2197315-7699-4027-bb9b-24111b9446f1,Identify elements of oral tradition in Indigenous religious cultures and practices
EF05ER05,032a2cf4-515f-410b-a0c0-ccf6bbcd1ee1,Identify elements of oral tradition in Afro-Brazilian and Roma religious practices
EF05ER05,34d4aed8-83e5-449f-84ed-f6807cfffad3,Recognize the presence of oral tradition as a common feature across diverse cultural and religious groups
EF69AR13,1e28d019-86f8-4c48-a1e6-56e0fb954de9,Investigate play activities and games from different cultural traditions as dance creation references
EF69AR13,bb0d474b-3c15-4d29-a1ac-089a2ee25acb,Analyze collective dances from diverse aesthetic traditions to identify compositional elements
EF69AR13,29bdb499-eb45-42ec-819a-722f4daed604,Create original dances individually inspired by investigated cultural dance practices
EF69AR13,93406d77-38b2-4dce-80cd-483eb02ed20e,Compose group dances drawing on references from different aesthetic and cultural traditions
EF69AR14,ca42095a-7be1-413c-bf05-a2701bfc9342,"Analyze how costume, lighting, and set design contribute to scenic composition"
EF69AR14,cb0ce8e3-d3d2-46ad-a2bf-6b0cddc92ecf,Experiment with soundtrack and other scenic elements in choreographic presentation
EF69AR14,977ede97-6afb-48f6-9dfd-bf4cbc8ebac6,Compare conventional and non-conventional spaces as settings for dance performance
EF69AR14,dcfcdf71-33fc-498e-b22d-6a1b1e9cec9d,Compose a choreographic presentation integrating multiple scenic elements and spatial choices
EF03ER02,91c3543d-cf29-4d89-b04f-c6f5fbad4d52,Characterize religious spaces as sites dedicated to celebratory practices
EF03ER02,e90b6df2-fba4-42b9-b23a-f8e9c26c08e4,Describe celebratory practices carried out within specific religious territories
EF03ER02,344af697-fc68-49b6-b15c-df3b9bda8661,Distinguish different religious spaces based on the celebrations performed within them
EF03ER01,084eeb11-acdf-4c2f-9e12-db7e698b16b8,Identify spaces and territories belonging to different religious traditions and movements
EF03ER01,58e6ca69-5bf9-4adf-bc42-b2c7bc5d779d,Respect the significance of sacred spaces across diverse religious traditions
EF03ER01,74cc723f-5fa2-4e8e-81d9-95e7e78e11ad,Distinguish among the spaces associated with various religious traditions and movements
EF02ER07,f7d7fccb-6101-4811-b5c1-79e768a798d1,Identify meanings attributed to foods in different religious manifestations
EF02ER07,a441426a-1a21-463d-851c-d203911b8e7c,Compare the symbolic roles of food across distinct religious traditions
EF02ER07,aca94adb-c4e5-44d9-ad72-a21e14f7fa9e,Explain why specific foods hold religious meaning in particular traditions
EF02ER06,99a0bf0d-add5-4419-9efb-cf278e8b4e17,Provide examples of foods considered sacred in different cultures and traditions
EF02ER06,112fdc46-d94b-4a72-9156-e9e9f75b200b,Distinguish sacred foods across various religious expressions and cultural contexts
EF02ER06,34207473-7a45-4e63-9e73-2aaddebcce7c,Describe the cultural or religious significance of specific sacred foods
EF02ER05,808483e7-eb90-4976-a76f-d89d6787d3c0,Identify religious symbols from distinct manifestations and traditions
EF02ER05,930563ef-2216-44bb-9bf4-a1d308273350,Distinguish among religious symbols belonging to different religious institutions
EF02ER05,9a13ea96-96a1-4f4e-8728-81debaf76169,Respect the diversity of religious symbols across various traditions and manifestations
EF02ER04,eb3c23af-367a-4f47-935a-6bb156a19b03,Identify symbols present in various community spaces
EF02ER04,0c0412ee-c116-4be8-9dfc-a214219b70e3,Describe the meaning or function of symbols found in community environments
EF02ER03,9c20e8ad-52ee-4f5c-be76-6b2d44bd22b5,Identify different forms of recording personal memories such as photographs and narratives
EF02ER03,e50b99e2-55d9-4d55-9efa-ab7c1fc8714d,Distinguish among recording forms used to preserve family and school memories
EF02ER03,43a7cad0-74ec-40dc-bb1c-cf24c363aec9,"Recognize albums, music, and other media as tools for documenting collective memories"
EF02ER02,0082f449-12da-416f-82ec-65cca48803e1,Identify customs and beliefs found across a variety of community environments
EF02ER02,01474987-7274-4805-880f-457f3a6eaa13,Recognize diverse ways of living present in different community contexts
EF02ER02,8043ab29-d4e1-459b-b51b-6bb054cf70be,Respect the diversity of customs and beliefs observed across community environments
EF02ER01,65a684b8-38cf-4e26-8f21-3374e6047892,Recognize different spaces in which people live together and interact
EF02ER01,fccf86a2-4f14-4ab9-a074-9b295f586a8a,"Distinguish among community, family, and school as spaces of human coexistence"
EF02ER01,24a0d95a-e67f-47c4-bd17-59142afdbf92,Describe how people interact within different shared spaces
EF01ER06,0b666199-eb16-452e-a114-6a462da8b627,Identify ways people express feelings and ideas across different spaces
EF01ER06,6b30f281-cf03-4b50-a615-f0c7d37df62b,"Recognize diverse expressions of memories, preferences, and beliefs in various contexts"
EF01ER06,49853cf6-1a43-4dd4-ac90-11a710c094b8,Distinguish among different forms of personal expression used in various spaces
EF01ER05,77a38d97-5af9-4f23-81a5-ac891f814049,"Identify the feelings, experiences, and memories of each individual"
EF01ER05,fc597bd5-404e-47fc-bbab-30dc625565aa,Recognize the knowledge and personal history that each individual brings
EF01ER05,0bcccdf6-35b6-4620-845d-fa667b072096,Embrace the unique feelings and experiences of oneself and others
EF01ER04,4bf315a1-d8e2-4099-8ce5-f78b41697e24,Recognize diverse ways of life present in different contexts
EF01ER04,706f92d4-e1bb-4649-84a3-42979b6bb600,Appreciate the value of diversity in human ways of living
EF01ER03,e9039c4c-896f-459d-ab0c-3d027b4e989e,Recognize the physical characteristics that make each person unique
EF01ER03,f5356824-9c9f-465c-9146-df295dd29f02,Recognize the subjective characteristics that distinguish each individual
EF01ER03,80f5c6b0-d150-4561-b2b6-119a277b05e1,Respect the physical and subjective diversity found among people
EF01ER02,7be46e41-3709-43f1-8a6b-81992b6429ce,Recognize that personal names identify and distinguish each individual
EF01ER02,c13e983a-c53c-42c7-96e3-a3be3bfbdc3e,Understand that the names of others serve as markers of individual identity
EF07ER03,49991180-56dc-4056-9bb2-f8953de62f1d,Identify leadership roles assigned within different religious traditions
EF07ER03,f06e3adb-e3da-4fca-8d8a-cc2d57770d09,Distinguish among the functions of leaders across various religious traditions
EF07ER03,a33fa6b3-aac4-40ee-b6ad-f9f327b976be,Describe the responsibilities attributed to religious leaders in specific traditions
EF07ER04,dcf80f8d-ae45-4220-923a-f4cddc726d43,Identify religious leaders who have made notable contributions to society
EF07ER04,0cd0f177-15a9-4e49-b179-77a282853813,Provide examples of how specific religious leaders have influenced social life
EF07ER04,184c591f-ed4d-4408-a3d6-d1235ab29728,Describe the societal contributions associated with recognized religious leaders
EF07ER05,4068d845-d112-4d06-8c66-600632e7b03d,Identify strategies that promote ethical coexistence among different religions
EF07ER05,e2f10443-0104-43b6-bd75-5f0537be2b76,Discuss practices that foster respectful dialogue between religious traditions
EF07ER05,3caf96ad-0981-4d7e-b781-53bd39c9f927,Evaluate proposed strategies for reducing religious intolerance in social contexts
EF07ER06,d3264a52-407c-4717-adbb-1fc577221dfb,Identify ethical principles present in different religious traditions and philosophies of life
EF07ER06,908f3d5e-58da-4cb9-bf7c-a4352687a9eb,Analyze how religious ethical principles can influence personal conduct
EF07ER06,cfa2d747-a25f-4299-93b9-38e74fa76236,Discuss how ethical principles from religious traditions shape social practices
EF07ER07,07d0f49d-efae-414d-a171-31bafc4ba860,Identify religious leaders who have historically defended human rights
EF07ER07,42ea1051-bc51-4afa-a26b-d111ee7c3469,Identify secular leaders who have historically promoted human rights
EF07ER07,a5ccb7c6-6a18-4d3d-aaa4-c2542a94db4a,Distinguish the roles of religious versus secular leaders in human rights advocacy
EF07ER07,485a2561-2907-4337-bd8c-9a6f1a21a02b,Discuss how religious and secular leadership influences human rights outcomes
EF07ER08,9816f829-7fd4-4b58-ba28-61edf6f42e9c,"Recognize the right to freedom of conscience, belief, and conviction as a fundamental right"
EF07ER08,3bf1f7c7-6f5c-43f6-9234-97ff167917e9,Identify social practices that violate freedom of conscience or belief
EF07ER08,7a36c218-6ae0-4a40-83f8-0be7380e96b6,Question social conceptions that restrict freedom of religious or personal conviction
EF07ER01,abe58813-182e-4a3d-8add-332033ed39ef,Identify forms of communication with deities across different religious traditions
EF07ER01,6bf75c42-b70a-4176-af1d-a7ff1c3df39a,"Recognize diversity in ritual practices of prayer, meditation, and worship across religions"
EF07ER01,5e1d989b-4e39-45c4-80d8-5c60f9460685,Respect distinct religious practices of communication with the sacred without hierarchy
EF08ER01,735ee7c3-53dd-4df1-b40c-53a73b2268b1,Identify how personal beliefs and convictions shape individual choices and attitudes
EF08ER01,f059b0ee-76f1-433d-b5c2-965137624b8a,Explain how collective beliefs influence group decisions and social behavior
EF08ER01,b7d9fbe8-11ff-4d0b-9dba-2d0975d0fcda,Discuss the relationship between religious or philosophical conviction and everyday actions
EF08ER03,ae4d2dff-dcb7-4cff-9d84-287e0234f75e,Identify core doctrines of distinct religious traditions regarding the nature of the world
EF08ER03,888d0c79-a3f3-407b-9fc9-491e71303706,Compare conceptions of life and death across different religious traditions
EF08ER03,cac84b90-609e-44ce-a4bb-f562c61e0a32,Analyze how doctrinal differences among religions shape their worldviews
EF08ER04,a1940338-deb6-4494-8fff-4ef2b975bf69,Identify ways religious traditions influence political decision-making in the public sphere
EF08ER04,fc05f743-1d42-4ea8-a883-c1e637ea5711,"Explain how religious institutions affect domains such as health, education, and economics"
EF08ER04,1603851f-a8c4-45f1-9763-94e0a5cd17e2,Discuss concrete examples of religious or philosophical influence on public policies
EF08ER05,7b2fcef4-b5ab-4454-9866-6ce6a5aa1935,Identify arguments supporting the involvement of religious traditions in the public sphere
EF08ER05,2d76a278-9983-4abe-9dfb-95bc2b7ffc9f,Debate the boundaries between religious participation and secular governance
EF08ER06,a47a8eff-4c45-4109-9a56-9ddd190c1303,Identify public policies designed to protect freedom of thought and belief
EF08ER06,3c555077-8c7f-4463-8525-cf8874137794,Analyze initiatives that promote freedom of conscience and conviction in society
EF08ER06,26660442-93e2-4ebe-8721-3fcbef899e77,Evaluate the effectiveness of practices that contribute to religious and ideological freedom
EF08ER07,d939ddef-ee17-45c9-b561-14768f8071cc,Identify types of media and technology used by different religious denominations
EF08ER07,0480d1fa-4997-460c-bcfc-a6d381d45612,Analyze the purposes for which religious groups employ digital and traditional media
EF08ER07,0eb57052-0195-4d05-982a-fdf17d628cd5,Compare strategies different religious denominations use to communicate through technology
EF01ER01,7b0d35fa-bf65-4fc2-af31-539c2e168f7d,Identify similarities between oneself and others in the group
EF01ER01,ed7ba3d9-1403-48f3-be6f-552c985cc706,Embrace similarities and differences among individuals as natural aspects of group life
EF08ER02,76796513-bcd3-4010-9504-8f83de07276e,Identify the ethical principles underlying different philosophies of life
EF08ER02,679cb221-927a-4360-a9cd-dec9114c6323,Analyze the ethical principles present in distinct religious manifestations and traditions
EF08ER02,7cf51e31-f708-4fab-af4c-9dbf2ab7704e,Compare ethical frameworks across different religious and philosophical worldviews
EF01HI01,08dc2ecb-1c75-4b9d-b2cf-3d04b838e556,Identify aspects of personal growth using memories of one's own experiences
EF01HI01,94248f65-0a6e-4870-9b05-83d92a22559d,Identify aspects of personal growth through the memories of family or community members
EF01HI01,1227613f-eaff-465b-a44e-4281e468c332,Describe changes in oneself over time using personal or family records
EF04HI02,458773cd-641b-4f1b-89f2-1ce6923ec3a8,Identify changes that occurred across major milestones in human history
EF04HI02,43a7f35f-7ef9-4374-9f56-7e2cb6d5b9a4,"Discuss the significance of transitions such as nomadism, agriculture, and industrialization"
EF01HI03,d9fdccfe-7847-4019-a2f0-ab4f2d8a65eb,Describe one's own roles within the family context
EF01HI03,89ff0951-405b-4259-bffb-d22e898ad4e2,Describe one's own responsibilities within the school context
EF01HI03,356c1443-635f-473a-9c25-b3313c803bc7,"Distinguish between roles and responsibilities across family, school, and community settings"
EF09HI06,77c1e82c-ae08-46e2-baf5-a26855717c4e,Identify the origins and characteristics of laborism as a political force in Brazil
EF09HI06,3448d944-f992-45a0-b328-a5327268edc2,Explain laborism's influence as a social and cultural force across different Brazilian scales
EF09HI06,3ed4f5a1-9edd-474f-8090-4c2d1f9f2b26,"Discuss the impact of laborism at national, regional, municipal, and community levels"
EF09HI07,6f218831-2f91-457b-a843-dc5af339f30a,Identify political agendas of indigenous peoples within Brazil's republican context through 1964
EF09HI07,62d1ba13-85ff-44e5-9d23-c55fc4ee28c0,Identify political agendas of Afro-descendant populations in Brazil's republican period
EF09HI07,75a941d2-64e8-4052-8b27-a9b57029c5e4,Explain mechanisms of inclusion and exclusion shaping minority political participation in republican Brazil
EF09HI08,a73380c4-5e79-4bad-bd8c-c00f4fb558f4,Identify transformations in debates over diversity in twentieth-century Brazil
EF09HI08,45d7ebb7-f9f7-476a-bfc8-5874ac0fe7dc,Interpret the significance of shifts in approach to diversity across different historical periods
EF09HI08,357df649-735d-47e6-a011-172f2c2173b7,Compare earlier and later frameworks for addressing diversity in Brazilian society
EF01HI02,e83a1f84-6b30-4318-996b-cf5721f71f6d,Identify connections between one's own personal history and family history
EF01HI02,12762aef-6c1c-43c6-8698-68868a5b09fb,"Explain how personal, family, and community histories are interrelated"
EF09HI10,60a50328-117a-4282-a011-56e7d9f292e2,Identify key dynamics and crises of capitalism in the twentieth century
EF09HI10,fba6992f-67a2-4a8b-a38d-4a74294bba01,Analyze the causes and consequences of major world conflicts in the twentieth century
EF09HI10,f802d7da-dbf8-4a86-b38c-2bc2f8930923,Identify the specific conflicts experienced in Europe within the context of global capitalism
EF09HI11,7641bca3-b0da-4c2d-bff9-6ddad53aef22,Identify the distinctive features that characterize the Russian Revolution
EF09HI11,569703ad-36d7-4039-981f-04e490b109b7,Explain the global consequences of the Russian Revolution
EF09HI11,c442c01a-e65f-4ba7-8494-4879f8ec9999,Analyze the historical significance of the Russian Revolution for the twentieth century
EF09HI33,1a0c815f-d398-43f9-9b64-e45b0b039c14,Identify political transformations generated by the development of digital information technologies
EF09HI33,1c4b1ddb-22ee-4124-aa54-21f1093786e1,Analyze how digital communication technologies reshaped global political relations
EF09HI33,018cddaa-65c8-4e18-9621-bb2a5e3413e7,Explain the impact of digital technologies on local political participation and governance
EF09HI33,0cb29b99-81bb-4c6d-8c58-760986f9b608,Evaluate the role of digital networks in altering power dynamics between states and societies
EF09HI34,dd31bdbb-1a85-47af-a547-aec8ba25f261,Identify different economic policies adopted by Latin American countries in recent history
EF09HI34,8fddd632-caf5-4466-9667-d4b1412bb929,Explain the motivations behind distinct economic policy choices in Latin America
EF09HI34,d9114eec-799e-422b-95b5-2182e88138dc,Analyze the social impacts of economic policy decisions on Latin American populations
EF09HI34,1419dfbf-8bcc-4c12-bd95-9c4989c75524,Compare the outcomes of contrasting economic models applied across Latin American countries
EF06LI19,8c590a54-acec-454f-978a-fb8759143362,Use the verb 'to be' in the simple present tense to identify people
EF06LI19,a85f542e-fbad-4b18-8993-5ef04a483571,Use present-tense verbs correctly to describe current actions in writing
EF06LI19,2ae9db1f-43e0-4332-b9ee-a92faec92e85,Distinguish between uses of simple present tense for identification and routine description
EF06LI20,40fbf2e4-97f3-4ea6-b96b-30d6ba1929db,Form present continuous tense structures using 'to be' and a present participle
EF06LI20,a85f542e-fbad-4b18-8993-5ef04a483571,Use present-tense verbs correctly to describe current actions in writing
EF06LI20,98677fb8-4f48-4d3d-a4e7-500c88c4dd32,Distinguish contexts requiring the present continuous tense from those requiring simple present
EF06LI21,7ad7e25c-706a-492d-9b36-916783a170bb,Recognize imperative mood verb forms in written and spoken English
EF06LI21,ab465590-1f59-42a5-8d6f-24dcf6dcef2c,Identify the communicative function of imperatives in commands and instructions
EF06LI21,a0713546-7f9f-4ab8-ad63-d637484536f1,"Distinguish imperative mood usage across activity prompts, commands, and instructional texts"
EF06LI22,c4b5de04-f25a-41ee-91bb-259ea3d8b8e8,Use an apostrophe correctly to form frequently occurring possessives
EF06LI22,4d3889d7-e504-43aa-b6ab-98356642af95,Describe possessive relationships between people and objects using apostrophe + s
EF06LI22,2961ca61-6060-4b5d-9af8-510c9f2030e5,Distinguish possessive 's constructions from plural noun forms in context
EF06LI23,94834f54-07e8-4108-8d62-a54f4a564b7a,Identify the correct possessive adjective corresponding to each subject pronoun
EF06LI23,caebf377-534f-4494-82ca-c3d5d667bfcc,Apply possessive adjectives accurately to indicate ownership in written context
EF06LI23,174747d5-e280-4ae5-a6aa-231f09766144,Use possessive adjectives intelligibly in spoken or written communicative situations
EF06LI24,104734da-e9e0-417b-8ff4-4429d5f5f313,Identify countries where English functions as a native or official language
EF06LI24,f7072335-cc84-4bf1-abd7-9b2b8546140e,Distinguish between English as a first language and English as a second language
EF06LI24,6da46702-6b3c-4401-a6f9-588652c007c9,Explain the global reach and spread of the English language across world regions
EF06LI25,5fd5fb30-ca51-4693-b022-30d880a34e8a,Identify English words and expressions present in Brazilian everyday society
EF06LI25,5ee3e7b2-aa5c-475d-81ba-187e0388afca,Recognize English-language media formats and spheres of consumption in local communities
EF06LI25,b8cfd82f-a820-432e-a014-dad26696c2e5,Analyze the significance of English language presence in Brazilian cultural and social contexts
EF06LI26,014f5b87-df41-46c0-b84f-f9686b223026,Identify cultural elements and products from English-speaking countries present in Brazil
EF06LI26,26d70342-edf1-4b9f-85fc-2a0b9af120d2,Evaluate the process by which Anglophone cultural products are absorbed into Brazilian society
EF06LI26,57bcb6f7-044e-4be8-b457-706cb4b88f8d,Apply critical inquiry to assess the significance of adopted Anglophone cultural elements locally
EF07LI01,aecc4b75-c0d1-41ef-91ce-22c2746c7c04,Apply agreed-upon rules for gaining the floor respectfully during discussions
EF07LI01,4d07b9bc-72f6-49f7-9ba1-f16c1a6dd8bb,Engage collaboratively in games and play using spoken English
EF07LI01,7d8c16a6-a867-401f-897d-85d43d15c7f8,Use appropriate language to interact with peers during classroom exchanges
EF07LI02,c1fb4dc5-0161-4b21-99aa-7f65e0d172d2,Formulate interview questions in English to gather information about life histories
EF07LI02,37233550-537f-4146-823f-e0299c6e0dee,Conduct a peer interview in English to learn about a classmate's personal background
EF07LI02,ee5603bb-7180-4c44-8d4e-9414a91231bc,Report key information obtained from a classmate's life history interview
EF07LI03,55027be0-c40f-46f4-b58e-9bbdbf23cb84,Activate prior knowledge about a topic before listening to a spoken text
EF07LI03,279e86c1-72d4-4ae7-a120-81faf8b74bdb,Use prior knowledge to predict meaning and support comprehension of spoken English
EF07LI03,649e0f24-300b-4731-93ad-54272e08dacc,Connect background knowledge to new information encountered in oral texts
EF09HI28,627df4b3-c317-4c7b-b942-969c0b5deaa6,Identify the principal conflicts and geopolitical tensions of the Cold War period
EF09HI28,3ddd010d-a027-4e75-b44d-9aee447a6c3f,Analyze the ideological and political characteristics of the Soviet and American-led blocs
EF09HI28,f85022e7-6716-4800-bb04-6bae266fd19b,Explain how Cold War tensions shaped international relations between opposing blocs
EF09HI28,0e3ccb1b-0edb-4c91-b9a7-eb081821396f,Describe specific proxy conflicts and crises within the context of Cold War geopolitics
EF09HI27,c8386876-e150-46ed-84c4-4c63f5c7487f,"Identify economic, cultural, and social changes in Brazil from the 1990s onward"
EF09HI27,3b7ef996-2333-44c2-8041-02e953960e57,Connect Brazil's domestic transformations in the 1990s to its role in globalization
EF09HI27,9e2a8f35-bc9a-4692-905f-d43705bc8b71,Analyze Brazil's participation in the international arena within the context of globalization
EF09HI26,760e28ad-e7fb-44e1-94b3-c87c18c7d01d,Identify historically marginalized groups subject to violence in Brazilian and global society
EF09HI26,0d60835d-2587-4458-a740-84af51b5c977,Analyze the causes of violence directed against marginalized populations
EF09HI26,b77b53de-4f92-47a1-9dd0-e3a399c9caf7,Evaluate historical and contemporary forms of discrimination toward vulnerable groups
EF09HI26,bbcbc094-0b80-4f0e-929f-8bec89190701,Relate the study of historical violence against marginalized groups to building a culture of peace
EF09HI25,18fe3c31-c39b-40f4-9b49-87be6e587555,Identify civil society actors who emerged as protagonists in Brazil after 1989
EF09HI25,c667bbd2-b41b-4f7b-8023-70b7d069aea6,Explain how civil society movements contributed to transformations in Brazilian society
EF09HI25,2ee26db5-b3d8-4e33-87d7-eb144826d533,Connect the actions of post-1989 social actors to specific changes in Brazilian political life
EF08HI14,37550867-3025-4f01-9f13-663f5d0c1631,Explain the notion of colonial guardianship over indigenous groups in Brazil
EF08HI14,8fbc0d8b-85c3-49ae-851e-965afd9c29e6,Identify the role of Black people in Brazilian society at the end of the colonial period
EF08HI14,c050a69e-67a3-478d-889d-37690b8799f3,Analyze continuities between colonial-era treatment of indigenous and Black populations and contemporary prejudice
EF08HI14,7d35e711-30f1-4558-b020-6c76550c96c9,Recognize forms of stereotyping and violence against indigenous and Black populations in Brazil and the Americas
EF08HI15,630c1911-c3b7-4686-8580-68957daa8a2d,Identify the major political actors involved in disputes during Brazil's First and Second Reigns
EF08HI15,1b24d5e9-7ce5-420b-b8ac-36d1cf355725,Analyze the balance of power among competing groups in Brazil's imperial periods
EF08HI15,95ae0aa2-c070-4d9f-9435-fc4e954fffeb,Explain the nature of political conflicts and alliances within the Brazilian imperial state
EF08HI16,dcdd8416-05d5-4bad-9d45-67b7cfcde96a,Identify rebellions and movements that contested centralized power in Brazil
EF08HI16,247d6b57-b203-493f-bd27-473b3aeea91b,"Compare the political, social, and regional characteristics of different Brazilian uprisings"
EF08HI16,0ffbe0ca-15cb-42ed-821c-2bd384c21c74,Analyze the diversity of motivations behind regional and social conflicts against central authority
EF08HI16,3921fcf5-606d-477f-8dcd-2865dc052166,Evaluate the significance of decentralizing movements within the broader context of Brazilian political history
EF15AR04,e47bd72d-1d7f-4752-aef3-f20c6db02ccc,"Experiment with at least two distinct forms of artistic expression such as drawing, painting, or sculpture"
EF15AR04,fe03bad9-d565-4157-a62a-4858f5519888,Select appropriate tools and materials for a chosen artistic technique
EF15AR04,91f194d4-7511-498a-8577-8eb626c1524e,Apply conventional and non-conventional materials to create an artwork
EF15AR04,1b6fe78b-88c9-4da9-a178-1dc505dc53e4,Use sustainable practices when choosing materials and resources for artistic production
EF69AR17,a06bcad3-132b-4ad7-ac20-87d4552953b9,Identify different cultural media and venues through which music and musical knowledge circulate
EF69AR17,1a507d0f-c43b-40b3-9cc5-2f5866a76427,Analyze how cultural media and venues shape the way music is produced and consumed
EF69AR17,8d964d1c-757a-4fe0-bd61-0317fea8cce8,Critically evaluate the role of different platforms in the dissemination of musical knowledge
EF69AR18,2774e8d6-5c57-44ed-900b-47b09535dcb8,Recognize Brazilian musicians and music groups who contributed to the development of musical forms and genres
EF69AR18,d4b982fc-355d-4704-af1d-10f5d16da464,Appreciate the artistic contributions of key musicians to the evolution of specific musical genres
EF69AR19,784cbf9f-f3f6-4e11-97a0-23ad86ddd64b,Identify distinct characteristics of different musical styles
EF69AR19,344133cd-0a85-40c6-a3d2-a5943d07037b,Situate musical styles within their historical contexts
EF69AR19,3fb33057-5108-44c5-a488-17b1f286af9d,Analyze how historical and geographic contexts influence musical aesthetic characteristics
EF01HI04,6e078b54-468b-441a-aa26-37c13b23340d,"Identify physical and social characteristics of home, school, and community environments"
EF01HI04,b6f5fb1a-8229-48ef-a52b-0b2c84d7e3b8,Recognize specific rules that govern different social environments such as home and school
EF01HI04,e1cd3bfd-743d-4962-9916-ee05be0646b0,Compare habits and customs across different environments in which one lives
EF69AR21,04bbf393-57fb-4aa9-a64d-6813cf2c09e7,Identify the timbre and sonic characteristics of diverse musical instruments
EF69AR21,025ad469-dbcf-4e09-8ced-cadae51eeb47,Explore different sound sources and materials used in musical composition and performance
EF69AR21,9a8bd90a-91a7-46ef-8406-9d9b9be102dd,Analyze how sound sources and materials contribute to musical creation and appreciation practices
EF69AR22,cba4c172-0834-4116-8fd2-bd79e67c35dd,Identify traditional musical notation as a form of representing musical ideas
EF69AR22,73e1788f-ae76-46dd-9410-e1d79afc6e3f,"Distinguish between traditional notation, graphic scores, and contemporary notation procedures"
EF69AR22,facb713a-b211-4420-8859-27cea355698a,Recognize audio and audiovisual recording techniques used in musical production
EF69AR22,e52e2bff-1a5b-4694-99a3-381956d97dbc,Explore different forms of musical notation to represent and communicate musical ideas
EF69AR32,a5fdf68d-84e2-4979-a080-4385ac66c214,Identify processual relationships among diverse artistic disciplines within thematic projects
EF69AR32,ba861e40-08fb-4e07-ae59-b1a4ab005f22,Analyze how different artistic disciplines intersect and influence one another thematically
EF69AR32,90016717-9042-4f81-b088-dd94b6c5d0d9,Develop a thematic project that explores connections across two or more artistic disciplines
EF69AR23,df847be3-2432-4d73-ab85-7e24e719a663,"Explore improvisations and compositions using voices, body sounds, or acoustic and electronic instruments"
EF69AR23,4f870efa-8802-412e-9e90-dc2e7854a8c5,Create arrangements or soundtracks expressing musical ideas through individual or collective work
EF69AR23,10701fab-272a-49c9-9256-fd9a57c246b9,Compose a musical work using conventional or unconventional instruments collaboratively
EF69AR23,ed08f3a5-b84a-4137-b97b-a94ee3efdb3f,"Express musical ideas through jingles, compositions, or other creative musical forms"
EF69AR25,74d930e0-9f2b-4306-a06e-6794cbfed59c,Identify distinct characteristics of different theatrical styles
EF69AR25,4747b804-0edd-4ef2-9b3f-6f1b57b1fdb0,Situate theatrical styles within their historical contexts
EF69AR25,869a9489-89b7-4511-9292-c8c53d45fc30,Analyze how historical and geographic contexts deepen aesthetic appreciation of theater
EF69AR26,56bdeeea-957a-4bbb-a719-701ffbc41ba2,"Identify the different elements involved in theatrical event composition such as costumes, props, and lighting"
EF69AR26,e6772c01-3c03-4b98-a72e-3f880970430b,Recognize the specific vocabulary associated with each theatrical production element
EF69AR26,347ca04f-bfef-42bb-99fd-7cef53095bff,Analyze how individual production elements contribute to the overall theatrical event
EF69AR27,db7df99d-2b08-4ea9-849d-b03b879a334d,Research different forms of dramaturgy in dialogue with contemporary theater
EF69AR27,c9b954a9-d670-42a9-b959-62af2dbb4318,Explore and create performance spaces appropriate to theatrical events
EF69AR27,c137303b-1715-484f-bb45-28063676cb2c,Create a dramaturgical work that reflects contemporary theatrical practices
EF69AR28,77690af0-47cb-4be3-99f2-7bf36e92f7ff,"Investigate different theatrical roles such as actor, director, and playwright"
EF69AR28,4c1abcfe-1e3e-43f7-bbab-1335a994d9d8,Experiment with performing different theatrical roles in practice
EF69AR28,af5d25f8-7e95-4e34-a126-37eec5dd6a24,Discuss challenges and limits of collective and collaborative artistic work in theater
EF69AR29,d04b4a61-605a-45da-81ea-541a82bec447,Experiment with physical expression imaginatively in theatrical improvisation and scenic play
EF69AR29,8c803b9e-96ff-44c1-992a-d2ee83b94ea3,Use gesture creatively to communicate meaning in theatrical scenarios
EF69AR30,ed4e4791-58f0-4db9-ae0b-54ca92ba3fd5,Compose theatrical improvisations based on dramatic texts or other stimuli
EF69AR30,59fdf643-0012-4ab2-a99d-fcd42300d99c,Develop characters using costumes and props in a theatrical event
EF69AR30,d0eec590-c303-4427-b827-46c11cc131c0,"Create set design, lighting, and sound design elements for a theatrical composition"
EF69AR30,9d66444c-b63d-4f35-bf2e-ef9512275adf,Consider the relationship with the audience when composing a theatrical event
EF69AR31,78512d37-769f-4540-99ca-c8fc45fd185c,Connect artistic practices to social and cultural dimensions of life
EF69AR31,3bec9033-74dc-41eb-b7d3-b8d8ae29986c,"Relate artistic production to historical, political, and economic contexts"
EF69AR31,192532ba-c07f-44fd-ae51-9521109dc9c9,Analyze the aesthetic and ethical dimensions present in artistic practices
EF69AR33,ae130b56-9705-4370-b395-ca1adfa800b2,Analyze historical and social aspects of artistic production across different periods
EF69AR33,f285c8bb-5413-4908-89fc-d5152f69db9d,Critically examine Eurocentric narratives in the history of art
EF69AR33,225c8b9f-2eca-4d9a-a04c-d28f47e3362b,"Evaluate different categorizations of art such as fine art, craft, folklore, and design"
EF69AR33,46dc7e19-96a2-477e-8fd9-873471f64658,Identify political dimensions embedded in the classification and valuation of artistic production
EF69AR24,0fa2b04b-46c9-4fab-a6f6-fddfceb320d5,Recognize Brazilian and international theater artists and companies from different periods
EF69AR24,25bde25b-3b39-42f1-b37e-4f9e91c962e3,Investigate modes of creation and production used by theater artists and companies
EF69AR24,fbae6c5d-8fe7-4822-b4d3-c6bfe3a23920,"Analyze how theatrical works are disseminated, circulated, and professionally organized"
EF02HI01,5e1f79b1-304f-4c98-b5c7-43ae6c6bfdf2,Recognize different spaces of social interaction in everyday life
EF02HI01,fcd3bc4d-ceba-46f7-a740-39fdfc3f512e,Identify factors that bring people together within social or kinship groups
EF02HI01,2ffc2755-29f1-4d33-b5fa-ef253346bc27,Compare the characteristics of different social groups and the spaces in which they interact
EF15AR06,e5dc31e1-00fd-4a0c-8c88-1f764f7f120c,Describe personal artistic choices and intentions in one's own creative work
EF15AR06,712d37c8-f4ea-42cb-944a-b6cf94afe857,Interpret meanings present in peers' artistic creations through dialogue
EF15AR06,1a7d2582-199f-421e-88a4-47c89e26c1cc,Recognize that a single artwork can carry multiple meanings through collaborative discussion
EF08HI17,c19fd9a7-78f9-43d3-8f50-2a91ea0e44b8,Identify territorial changes in Brazil resulting from border disputes during the Imperial period
EF08HI17,a6978b9a-3cbd-437b-a843-1c3cc3915f66,Connect border dispute outcomes to political tensions within the Brazilian Empire
EF08HI17,04c959c1-85bf-4dbe-b51e-5ebbb4357ce4,Explain how conflicts over territory shaped the boundaries of the Brazilian Empire
EF08HI17,d75c8f2a-7152-4414-a173-79b81e58f9d7,Analyze the relationship between border negotiations and regional or international conflicts during the Empire
EF08HI18,3211dcd2-1492-4fbb-a1c3-baf5efff9d1a,Identify internal factors that led to Brazil's involvement in the Paraguayan War
EF08HI18,cbb5ee6a-0546-4479-9d9f-38ba58a617e0,Identify external factors that contributed to Brazil's participation in the Paraguayan War
EF08HI18,ad1c8500-d8eb-4f4c-a910-1553844ddc2c,Compare differing historical interpretations of the causes and consequences of the Paraguayan War
EF08HI18,6bc3e951-bf16-439a-94b7-855785dca613,Analyze the political and economic impacts of the Paraguayan War on Brazil and neighboring nations
EF08HI19,b4284585-c752-4ae0-9f2d-8298d760130e,Formulate critical historical questions about the legacy of slavery in the Americas
EF08HI19,b1acfbed-c9e3-4221-986b-414983bb4e6f,Select primary and secondary sources relevant to the study of slavery's legacy in the Americas
EF08HI19,5ece08b6-18b0-466f-9700-586ad2bacbea,Analyze primary and secondary sources of varying types to examine slavery's lasting effects
EF08HI19,a24525f6-a4e7-42d9-b108-3008a5e7a539,Distinguish between primary and secondary sources when investigating the legacy of slavery
EF08HI20,3499d90c-68cc-4d48-92ad-b6d93c53a507,Identify aspects of present-day Brazilian social structures linked to the legacies of slavery
EF08HI20,2a653578-c635-430f-bf60-7238ef568f63,Connect current social inequalities in Brazil to historical outcomes of the slave system
EF08HI20,da1e957f-6c82-4f9d-8d53-7775faff72ae,Explain the purpose and importance of affirmative action policies in addressing slavery's legacies
EF08HI20,66f359e1-c484-499a-b212-caeb071bf124,Evaluate affirmative action policies as responses to structural inequalities rooted in slavery
EF08HI21,b432314e-c814-497a-b231-f8e3be68d9aa,Identify official government policies directed at indigenous peoples during the Brazilian Empire
EF08HI21,7688a148-487d-4ffa-b725-d24b7a437ff0,Analyze the effects of Imperial government policies on indigenous communities and territories
EF08HI21,ec2498f3-1dde-455a-9d2a-afe9301c5992,Describe the legal and institutional frameworks used to regulate indigenous peoples under the Empire
EF06HI07,6819adb5-4fff-4de7-af0d-176f05879af4,"Identify forms of record-keeping used in ancient societies of Africa, the Middle East, and the Americas"
EF06HI07,ffff012a-fb2a-4dad-8dff-ad49524f48b1,"Distinguish meanings conveyed through material culture in ancient African, Middle Eastern, and American societies"
EF06HI07,c25f226b-0c5d-4801-9f82-2f05058fed8a,"Interpret selected meanings preserved in oral traditions of ancient societies across Africa, the Middle East, and the Americas"
EF06HI07,4874193c-5671-495b-996e-b04624252b4d,"Compare record-keeping practices across ancient societies in Africa, the Middle East, and the Americas"
EF09HI15,4dfa55f6-e07a-48b9-be56-d761c2827bf8,Identify the historical context that motivated the creation of the United Nations after World War II
EF09HI15,5ee6cc1c-4b12-4d75-ac8e-517f48ccde18,Explain the founding purposes and principal objectives of the United Nations
EF09HI15,7848a778-ec27-4f69-a480-1627a7bb2cce,Connect the post-World War II political environment to the institutional design of the UN
EF09HI17,71037ff0-e32b-4c33-ab7e-dee91993f826,Identify social and economic processes in Brazil from 1946 onward
EF09HI17,0d3c8b4a-0bbb-475a-afe3-bbbe864057b4,"Analyze the interrelationships among social, economic, cultural, and political developments in post-1946 Brazil"
EF09HI18,6d705219-bfd4-44f1-9766-dca88caf36d0,Describe urban transformations in Brazil between 1946 and 1964
EF09HI18,e52d4da1-aca9-453a-a307-10db25a7c95a,Analyze the impact of urban transformations on Brazilian cultural production between 1946 and 1964
EF09HI18,86179041-4b1e-4e87-aee7-ba28ee342d85,Connect urbanization processes in Brazil to the production of regional inequalities between 1946 and 1964
EF09HI18,4c7f45ab-3a9d-4a24-9671-842a829b5b8e,Explain how urban growth between 1946 and 1964 contributed to social inequalities in Brazil
EF09HI19,8f0346f7-f27b-45ed-94b6-52287f2f84af,Identify the political and social processes that led to the civil-military dictatorship in Brazil
EF09HI19,1103c97b-5f5e-4ce2-b573-86457f108c20,Explain the emergence of debates around memory and justice in the context of the Brazilian dictatorship
EF09HI19,c21d2a42-f297-43de-ba76-1b79a2bd8ea9,Analyze cases of human rights violations committed during the Brazilian civil-military dictatorship
EF09HI20,109cecb5-5f05-4066-87bb-6d3258f0ca19,Identify forms of resistance against the Brazilian civil-military dictatorship
EF09HI20,4e158b3a-ff91-4f8e-94e8-16c9d8465a3c,Describe proposals for the political and social reorganization of Brazil during the dictatorship
EF09HI20,2a4b7a16-430d-4d2f-a424-fcf217502133,Analyze the strategies used by different groups to contest authoritarian rule during the dictatorship
EF09HI21,9dbc8d03-e7eb-48fe-a3f5-eb3ace7b388e,Identify the demands of Indigenous peoples during the Brazilian civil-military dictatorship
EF09HI21,8bc3171f-2cb9-4f33-97a8-ea0a3c62fc56,Connect Indigenous and Quilombola contestation to resistance against the dictatorship's developmentalist model
EF09HI22,2591b140-cfb3-41bb-99d3-1356acc47197,Describe the mobilization of Brazilian civil society during the final years of the dictatorship
EF09HI22,6d7496ea-a27c-40db-93f7-892792330696,Explain the role of civil society movements in the transition toward the Constitution of 1988
EF09HI22,f9db5404-a499-47b3-ac30-a192a0546cbe,Connect specific civil society actions to the political changes that culminated in the 1988 Constitution
EF09HI23,a40caed3-c132-41c7-b198-aa47fe9025f0,"Identify civil, political, and social rights established in Brazil's 1988 Constitution"
EF09HI23,c6f42a35-15c1-4e34-aa3a-cf40ea9a64fd,Connect rights enshrined in the 1988 Constitution to the concept of citizenship
EF09HI23,e3b3e1e3-d247-4800-bf07-ecd5672e715d,Explain the 1988 Constitution's role in Brazil's collective commitment to combating racism and prejudice
EF09HI24,1a37d9dc-b51c-478e-92a1-e066e1ae92af,Analyze political and economic transformations in Brazil from 1989 to the present
EF09HI24,baadebcd-6657-4e7d-98c0-7e0f453fb43e,Identify priority issues for the promotion of citizenship and democratic values in contemporary Brazil
EF09HI24,bab4eafa-2639-4068-8720-d591e5d937e8,Evaluate the relationship between recent Brazilian transformations and the advancement of democratic values
EF09HI16,2279f1f5-4a2a-4e87-b7d2-ae33af9c2822,Connect the Universal Declaration of Human Rights to the historical process of affirming fundamental rights
EF09HI16,3d691e7a-f72a-48ee-b4b4-7eb1ef1298c2,Identify institutions dedicated to upholding human rights and dignity at national and international levels
EF09HI16,8afbddf9-99ad-40f8-afb0-8fa491d32a53,Identify agents and actors responsible for violating the human rights principles of the UDHR
EF09HI16,f5d4f248-74bc-483a-8628-7e30f1a473cc,Explain the significance of the Universal Declaration of Human Rights for defending human dignity
EF06HI06,42e48fd6-710f-4f79-8bf1-abbd4d4e35e3,Identify the geographic migration routes through which the Americas were first peopled
EF06HI06,5bfc0a9c-4f7a-4ee2-a075-4bba163e9f6b,Locate on a map the principal pathways of human migration into the Americas
EF06HI06,ac6fd1fa-d66f-4a6d-a568-b8ead3b5760f,Describe the geographic conditions that shaped the routes of migration into the Americas
EF09HI09,050571ea-1a3c-41b7-9a68-9a1aa9faba97,"Identify social movements that contributed to the achievement of political, civil, and social rights"
EF09HI09,5d06ae64-dfa6-4d0c-a7d0-da215eb0481a,Connect the actions of specific social movements to the formal recognition of particular rights
EF09HI09,87e94290-9af4-4492-827a-9c1d6e9b17a2,Analyze the relationship between collective social mobilization and the expansion of rights
EF69AR20,ddf9ce81-681a-463c-9bdf-a60db047b267,"Identify constituent elements of music (pitch, dynamics, timbre, melody, rhythm) through varied musical practices"
EF69AR20,2d45e577-a5cb-4b4e-b38a-4e40e07b3890,Analyze how musical elements function within compositions using digital platforms or games
EF69AR20,4560873d-15cd-4dfa-bd10-701838d7c03d,Explore musical creation and performance by manipulating core musical elements
EF69AR20,424cef53-328a-415e-9f99-072105272f81,Appreciate musical works by recognizing and describing their constituent elements
EF15AR05,a322431f-2ad2-4f4e-be1c-973503afd977,Experiment with individual visual arts creation in school and community spaces
EF15AR05,81f58436-e410-4767-b365-28e445f0b543,Explore collective and collaborative visual arts creation in different environments
EF15AR05,37f6c634-0b3b-4584-8e14-64b9e75b6c5e,Use varied spaces within the school and broader community as contexts for visual arts experimentation
EF09HI12,9c4a91bb-2986-4a09-b950-ae06613a266a,"Identify the main causes of the capitalist crisis of 1929, including overproduction and speculative finance"
EF09HI12,5493e167-0e08-4cbd-918f-2fcecd93d459,Explain the mechanisms by which the 1929 stock market crash spread economic collapse globally
EF09HI12,6c4288ff-15be-48b6-ac9d-f9650720b344,"Analyze the consequences of the 1929 crisis for national economies, including unemployment and deflation"
EF09HI12,291f9a6b-7038-42f1-9ded-44c2944354a4,"Evaluate government responses to the 1929 crisis, such as the New Deal and protectionist policies"
EF09HI13,b55270d0-6b37-4dfa-8922-eaac7821646a,Describe the social and political conditions in interwar Europe that enabled the rise of fascism and Nazism
EF09HI13,27c9a5b9-d529-4914-8da3-053371b1bf86,Identify the defining features of totalitarian states under fascist and Nazi regimes
EF09HI13,aec75557-3a15-4340-8e2c-ee2dd5821087,"Explain the ideological foundations of Nazism, including racial hierarchy and antisemitism"
EF09HI13,d02c42da-a58c-454b-bd59-46af95017392,Contextualize the Holocaust as a systematic state-sponsored extermination policy
EF09HI13,4255e850-5c92-46ad-99d9-48bc0d649d40,"Analyze the extermination practices of Nazi Germany, including concentration camps and the genocide of Jews and other groups"
EF09HI14,9eae50f9-178e-41e1-ab83-82f1407f691b,Characterize the colonial dynamics imposed by European powers on African and Asian territories in the late 19th and early 20th centuries
EF09HI14,7f175e24-1162-41a4-b4c7-d4c80767df45,"Identify the economic, political, and cultural impacts of colonialism on African and Asian societies"
EF09HI14,be25ec90-330e-4656-9481-22c15ef933fc,Describe resistance strategies employed by local populations against colonial domination
EF09HI14,505538eb-bf50-4355-879b-f877d475a02d,Analyze how international forces shaped and sustained colonial structures in Africa and Asia
EF08HI02,9009cf83-6b3d-4a15-95f9-2166225cfc63,Identify the distinctive political and social characteristics of seventeenth-century English society
EF08HI02,976223b7-cf22-4e33-8008-01cecadf3436,Explain the causes and course of the Glorious Revolution of 1688
EF08HI02,e79070ea-0bef-444e-b436-2310ae57ee9d,"Analyze the political developments following the Glorious Revolution, including constitutional monarchy and the Bill of Rights"
EF08HI03,d434c0c0-26e7-429c-bf0e-5f29cc4a9a75,Identify the key transformations in production methods brought about by the Industrial Revolution
EF08HI03,09ec5885-4924-417c-b60d-4df59c4e07d3,Analyze the impact of industrialization on the movement and displacement of peoples
EF08HI03,ba347f9b-1bcf-427a-a6e2-e94d31680d74,Explain how the Industrial Revolution affected the circulation of goods and the expansion of global trade
EF08HI03,fb0d853e-b082-4496-ba4b-05d5f7845ee2,Describe the cultural transformations resulting from industrialization and urbanization
EF08HI04,11ce6f15-3810-4ddb-b938-e13a03c80b04,"Identify the social, political, and economic causes of the French Revolution"
EF08HI04,1c6735bd-afa1-41d9-919f-26b2b85c2bde,Explain the major phases and key events of the French Revolution
EF08HI04,e9152006-3a74-4794-b1dd-44dbeed36173,Analyze the repercussions of the French Revolution on political thought and movements across Europe
EF08HI04,34336338-6d39-4a1e-bd3a-974030cc42d8,Connect the ideals of the French Revolution to independence and revolutionary movements worldwide
EF08HI05,a5f4d36f-db26-4ed3-a642-9b1323df8a1d,Identify the major movements and rebellions of the colonial period in Portuguese America
EF08HI05,4ba85780-deeb-4de8-98d1-60a0d90cd683,Explain the social and economic conditions that motivated rebellions in Portuguese America
EF08HI05,3612704d-c0d8-4e93-9060-36da9ad00c3d,Connect local rebellions in Portuguese America to broader revolutionary processes occurring in Europe and the Americas
EF08HI06,0aeb42d7-dcab-4549-b0c3-2f986630c6ec,"Define the political concepts of state, nation, territory, government, and country"
EF08HI06,0f8b3cd3-9a02-475e-b32c-d881e37af730,"Distinguish between the concepts of state, nation, and country as applied to historical contexts"
EF08HI06,dcf26ad4-2c7c-4acd-b9a6-919259d55c0e,"Apply the concepts of state, nation, and territory to analyze historical conflicts and tensions"
EF08HI07,2e89f4ed-0323-4925-a808-10921b39eed7,Identify the distinctive features of independence processes across different regions of the Americas
EF08HI07,6d9c2db5-9960-4a0f-a6e7-02721a612912,Compare the demographic characteristics of independence movements in various American colonies
EF08HI07,ec93f3c2-7876-4b5e-b464-5a5a47e2cebe,Describe the territorial formations resulting from independence processes in the Americas
EF08HI08,6769c53a-3e15-440f-b5e3-3466a8db3e47,Identify key leaders of independence movements in Spanish America and their political ideals
EF08HI08,7fc0840d-5ff5-475e-abea-6670f52b4d5d,Explain how Enlightenment ideals influenced independence movement leaders in Spanish America
EF08HI08,2a7af90a-8efe-4f03-8f88-ce2cccc75a8c,Analyze the role of independence leaders in organizing and sustaining revolutions against Spanish colonial rule
EF08HI09,0ce088f7-5b3a-4cec-bb79-09fa88328c20,Identify the principal thinkers and founders associated with Pan-Americanism
EF08HI09,1be540a6-e1f0-407e-8dab-90f307f0b1fc,Describe the central characteristics and objectives of Pan-Americanism as a political and ideological movement
EF08HI09,a67b349f-3342-47b5-b3a2-2f1a8b685968,Explain the historical context in which Pan-Americanism emerged in the Americas
EF09HI05,113fd958-d487-4092-9636-3bd5c81c9389,Identify the main processes of urbanization in Brazil during the republican period
EF09HI05,0e918564-e2fa-4619-bd20-2606bdf5774e,Describe the modernization transformations in Brazilian society and their regional expressions
EF09HI05,fa2ff790-387a-4cf4-bc32-4d1d4adb30f3,Analyze the social contradictions generated by urbanization and modernization in Brazil
EF09HI05,6119e8bd-00b3-4253-9f3e-6670b382a838,Evaluate the local and regional impacts of urbanization and modernization in students' own communities
EF08HI10,77059cf3-f018-4217-a819-cad82903139b,Identify the Haitian Revolution as a unique event within the broader context of the French Revolution
EF08HI10,d1b5ed01-e336-4104-9fbb-4b4f7db57498,Explain the social and racial dynamics that shaped the Haitian Revolution in Saint-Domingue
EF08HI10,7e38c4d3-767a-4c42-8525-bc90383eb183,"Evaluate the implications of the Haitian Revolution for the Atlantic world, including its influence on abolitionist movements"
EF09HI04,4262fd4d-6a34-4813-a1ba-b0f1614027cc,Identify the economic contributions of the Black population to the formation of Brazil
EF09HI04,ea3a1294-bde1-4c6a-97e6-1f34824a057b,Describe the political participation of Black Brazilians in the country's historical formation
EF09HI04,5fdd9fae-fa33-4713-9ceb-f9780eec7b2f,Analyze the social and cultural significance of the Black population in shaping Brazilian society
EF09HI02,437a33a7-cb67-41f2-9b4e-9465268d0870,Identify the major cycles and phases of Brazilian republican history from 1889 to 1954
EF09HI02,146cde5e-f998-4bcb-b5af-3e7022372f97,"Characterize the distinctive political features of each republican period, including the Old Republic and the Vargas era"
EF09HI02,052a2c32-0de9-4eef-9cab-37ca873ccfa2,Analyze regional and local historical characteristics within each cycle of the Brazilian Republic
EF09HI02,4e25d4cc-157d-4a1c-9cbc-057f8971ac3c,Compare the social transformations across different phases of Brazilian republicanism through 1954
EF06HI08,cf5f6991-372f-40b1-9a7e-659dd5b87d90,"Identify the territorial spaces occupied by the Aztec, Maya, and Inca civilizations"
EF06HI08,7745bfd5-c94a-4c61-af4b-a5e338343d2d,"Describe the cultural and scientific contributions of the Aztec, Maya, and Inca peoples"
EF06HI08,21d01ec9-3a2c-4a64-ae2a-cb559193af02,"Explain the social and economic organization of the Aztec, Maya, and Inca civilizations"
EF06HI08,87ab3306-8a5c-4c7f-8923-731ff751e6a6,Identify the territorial distribution and cultural contributions of indigenous peoples from various regions of Brazil
EF06HI09,64c82d23-1201-453b-8020-cb4b63378fef,Define the concept of Classical Antiquity and its chronological and geographical scope
EF06HI09,9c2a0540-a92d-4571-ab4e-35ef3e89b36d,Discuss the limitations of the concept of Classical Antiquity within the Western historical tradition
EF06HI09,6ea2c374-5bc5-4fb8-a76c-874858c194d7,Analyze the cultural and intellectual impacts of Classical Antiquity on other societies and cultures beyond Europe
EF06HI10,7a1d5607-6160-4ab2-a8b7-d8b3974646e8,Explain the geographic and historical formation of Ancient Greece
EF06HI10,34a0d4d9-915b-45c8-be7c-e3acac7e74e0,Describe the development of the polis as the central political unit of Ancient Greek society
EF06HI10,c52c0787-1f79-44a6-99d8-b2b7320a83e5,"Analyze the political transformations of Ancient Greece, including the emergence of democracy"
EF06HI10,4a84a876-72fe-4209-9c1d-f32a04b8b92b,Identify the social and cultural changes that characterized Ancient Greek civilization
EF06HI11,462dfbfa-5294-4b2f-abdb-3ed10329379d,Describe the process of formation of Ancient Rome and its early social structure
EF06HI11,6ff3e8dd-0cf6-467d-a8dc-3b2ea0e0c476,Characterize the political organization of Rome during the monarchic period
EF06HI11,109895bc-cd05-4474-8ad8-dda02abe9a00,Explain the social and political configurations of Rome during the republican period
EF06HI12,ef6745b3-1cdf-4998-a89f-d6fc3398a1a3,Define the concept of citizenship as understood in ancient Greece and Rome
EF06HI12,54e11a0a-aaca-49be-9723-adb135c13d79,Identify the groups included in and excluded from citizenship in ancient Greek city-states
EF06HI12,c009ed11-818b-4cb3-b02a-2508d79c106b,Connect the dynamics of inclusion and exclusion embedded in ancient citizenship to broader social hierarchies
EF06HI13,d436716c-e070-4f6a-9fa8-da697dbbe076,Define 'empire' as a political structure in the ancient world
EF06HI13,e3668a98-9e06-4bb3-a546-ba4b6fabfa66,Identify characteristics that distinguish empires from other political organizations
EF06HI13,65ffbf6c-bd51-47c3-89c2-b980ad198b30,Analyze power imbalances between dominant and subordinate populations within ancient empires
EF06HI13,36591486-5291-4293-b4af-4a7e593e1bc2,Compare different forms of political and economic balance maintained within ancient imperial systems
EF06HI14,47f78786-893a-459b-b3f7-064c9ff0871c,Identify forms of contact between different populations across historical times and spaces
EF06HI14,d60f047c-7f4e-474c-b1da-25f0740b8d68,Distinguish between processes of cultural adaptation and cultural exclusion among populations
EF06HI14,af350877-b183-4a5c-aefa-ee1281bab498,Analyze how contact between populations produced integration or marginalization across different contexts
EF06HI14,5186ea12-b0ca-4e2a-8467-5add3349e6e3,Compare outcomes of cultural encounter for dominant and subordinate groups in different historical periods
EF06HI15,1daac24c-fdb2-4e3c-bc70-2176dda99426,Describe patterns of human migration across the Mediterranean world in antiquity
EF06HI15,0d63fbe3-bf29-4fd8-b1b8-ea279e7346ac,Identify goods traded across Mediterranean trade networks and their points of origin
EF06HI15,d106f0ce-69c8-4800-bc3f-5aa53a33b55f,Explain the significance of cultural exchange facilitated by Mediterranean trade and migration
EF06HI15,86059705-3927-4cca-be62-773523b5a792,Describe how the movement of peoples and goods shaped societies across the Mediterranean world
EF06HI16,5197f53a-1404-41d8-8d78-6749094120ea,Characterize forms of labor organization in different ancient and medieval societies
EF06HI16,b9b3bb5c-baa3-4b5d-a09c-9755df628e70,Describe social life dynamics within societies organized around lord-serf relationships
EF06HI16,26b40335-e662-40a4-8cd7-c2b28a39c4b7,Compare supply and subsistence dynamics across different societies and historical periods
EF06HI16,92e96e2b-39a0-4e71-a71d-78f3df5dc446,Analyze the power relationship between lords and serfs as a form of social organization
EF06HI17,42afb927-ea74-4c30-9b6a-d7bbb4aaefe4,Define slavery as a form of labor and social status in the ancient world
EF06HI17,beab3bce-2e50-4c3d-b17a-9267687e0701,Define free labor as a category distinct from slavery and serfdom in the ancient world
EF06HI17,4bd90400-459a-46a1-9de5-2391f02e3ebb,"Differentiate among slavery, serfdom, and free labor based on legal status and conditions"
EF08HI22,a5279dfe-3dc9-42f4-9fe9-126f6656be9d,Identify literate and oral cultural practices present in nineteenth-century Brazil
EF08HI22,0f7c5b7a-94b5-4e74-b3c9-87f8bcca0d90,Explain how literate cultures contributed to the construction of identities in nineteenth-century Brazil
EF08HI22,0ab7e973-f92a-4600-abf8-1a5974689dfd,Explain how oral and non-literate cultures shaped identity formation in nineteenth-century Brazil
EF08HI22,41337daf-4bda-4b7e-a02c-a5336e40dcce,Analyze the role of the arts in producing social and cultural identities in nineteenth-century Brazil
EF08HI23,ef12dea4-5408-4b95-a872-fadae22b0bd4,Identify racial ideologies and determinism prevalent in nineteenth-century European thought
EF08HI23,755689ac-9dde-40a3-ab36-066fa7dc9900,Explain how racial ideologies provided justification for European imperial expansion
EF08HI23,cbc0c1ca-34b1-4dce-90b5-d33dbbb5cd56,Establish causal relationships between European racial ideologies and colonial policies in Africa and Asia
EF08HI23,d3b2ec61-7c63-430b-a417-6bc5ff9d333a,Analyze the impacts of racial determinism on colonized populations in Africa and Asia
EF08HI24,b30f9d0e-4b22-492c-b2c6-a5ee9644b5ec,Identify principal natural resources and products extracted from Africa during the age of imperialism
EF08HI24,6af184a6-2e61-4f40-942b-8edc8e8fbae9,Explain how European powers exploited African resources during the imperialist period
EF08HI24,a2e661f9-a05d-4b77-b0e2-2c925bbb4d4e,Analyze the impact of resource extraction on the social organization of African communities
EF08HI24,0508c003-27d0-4f9d-848e-d39e7a57db83,Analyze the economic consequences of European exploitation for local African communities
EF08HI25,658d0664-ac1d-4fc4-8338-890cd281caeb,Identify key political and economic relations between the United States and Latin America in the nineteenth century
EF08HI25,aa0e0e35-8c4f-4dcc-b059-2ae6ac88b283,Contextualize U.S. foreign policy doctrines affecting Latin America in the nineteenth century
EF08HI25,4ccf2d9c-5e52-4bc7-8977-0e18aff6f9fc,Characterize the asymmetrical nature of relations between the United States and Latin American nations
EF08HI26,16e54f5c-e8f8-482e-a161-7961bb376de4,Identify resistance movements led by local populations against imperialism in Africa
EF08HI26,25751f46-8e11-4a13-8cae-e00c1833b37a,Contextualize the strategies and agency of colonized peoples in opposing imperial domination
EF08HI26,ad420724-e7e5-4e2e-b045-e2f1eb9ceb36,Evaluate the significance of local resistance in challenging European imperial control
EF08HI27,06bc173a-d538-4c9d-9f63-90ab34edacad,Identify the main arguments and assumptions embedded in civilizationist discourses
EF08HI27,1f66bd4e-1c8f-4177-bc96-a7779c89bf61,Explain tensions and contradictions present within civilizationist ideological frameworks
EF08HI27,bd62fb98-e12d-4579-a14f-9d6391152ae5,Evaluate the negative impacts of civilizationist discourses on indigenous peoples in the Americas
EF09HI01,3bc51120-dedc-4f77-9b86-ee821567eb1c,Describe the principal political circumstances surrounding the proclamation of the Republic in Brazil
EF09HI01,0e1107da-7ca5-4efe-ac55-79cd64a7c724,Describe key social and cultural transformations associated with the emergence of the Brazilian Republic
EF09HI01,21ddc755-3f51-4ce4-a53f-97475ab3f168,Contextualize the economic factors that contributed to the end of the Brazilian monarchy
EF09HI01,492b3949-b821-4290-91f6-3c512f9e64cb,Analyze the significance of the republican transition for different social groups in Brazil
EF09HI03,52643631-b830-4c66-8a6a-4ff799ca792b,Identify mechanisms used to incorporate Black Brazilians into society after the abolition of slavery
EF09HI03,f20e70bd-8149-4b38-991d-c9719d02064b,Analyze barriers and inequalities faced by Black Brazilians in post-abolition Brazilian society
EF09HI03,ce899314-97da-43b9-a6fd-dd9976210ebf,Evaluate the outcomes of post-abolition policies for the social and economic inclusion of Black Brazilians
EF08HI11,8953118f-f0c6-4c93-a9fc-361b2c7c8de4,"Identify social and ethnic groups that participated in independence struggles in Brazil, Spanish America, and Haiti"
EF08HI11,91fe3205-e20b-43ea-bf88-888674c592a2,Explain the specific roles played by different social groups in each independence movement
EF08HI11,bb5871f6-68ce-4f60-96cb-91766e940559,Analyze the agency and protagonism of marginalized groups within independence processes
EF08HI11,3d858bfb-041c-4486-8a7d-8f8834bd5418,"Compare the participation of social and ethnic groups across the independence movements of Brazil, Spanish America, and Haiti"
EF08HI12,7b5ef45a-1464-42c7-97ca-17b1a41cb92b,Characterize the political transformations in Brazil following the arrival of the Portuguese Royal Court in 1808
EF08HI12,77bde67f-70c4-469b-a09f-850046fa7dfa,Describe changes in social organization in Brazil between 1808 and 1822
EF08HI12,06d3864e-ef07-4805-82bc-d31043b61040,Analyze the consequences of the Royal Court's transfer to Brazil for the country's path to independence
EF08HI12,d39638f4-516b-4c5a-a9c7-87302e26b3c8,Contextualize the period from 1808 to 1822 within the broader history of Brazilian political formation
EF08HI13,0b2caa01-d263-427a-85ea-d12295ba7e3b,Analyze the independence process in at least two different Latin American countries
EF08HI13,43fc600b-f737-4b5f-a076-b1f209e03461,Compare the political contexts that shaped independence movements across Latin America
EF08HI13,e129ca49-a544-417b-be91-b19fc8f2153d,Compare the forms of government adopted by Latin American countries following independence
EF08HI13,a07110c6-3f8e-4cb2-8e42-6c60744d791f,Identify factors that produced similarities and differences in Latin American post-independence political systems
EF09HI29,f48e5948-c35f-440b-ae5e-76e65deafde0,Describe the procedures and mechanisms used by dictatorial regimes in Latin America
EF09HI29,fd1cdfda-282d-4ebf-b05a-f21d9040b248,Analyze connections between Latin American dictatorships and national power structures
EF09HI29,4d46e25e-e6d4-4150-88a7-6299f5898b0f,Analyze the role of international actors in supporting or influencing Latin American dictatorships
EF09HI29,9e2aa9b0-f704-4280-8926-5047104e9331,Describe the actions of movements that contested dictatorial regimes in Latin America
EF09HI30,afebfb56-8c52-46c5-9640-402cc00b1f38,Compare political censorship practices across different Latin American dictatorial regimes
EF09HI30,5f215b25-44f3-4c59-8ab0-2bb2f5540c24,Compare the use of oppression and force as instruments of control among Latin American dictatorships
EF09HI30,dbd1b5b7-4894-450b-a97f-ba78fa743df9,Analyze economic and social reforms implemented by Latin American dictatorial governments
EF09HI30,e98e0232-51b7-4c10-b166-945b5d0381c7,Evaluate the social and political impacts of those reforms on affected populations
EF09HI31,d08fb58e-7d00-4d59-aaa9-243354bf16bc,Describe the decolonization processes that occurred in Africa after World War II
EF09HI31,b874b66b-e2c4-48b3-b3a5-5ed63716bfca,Evaluate the outcomes and limitations of decolonization for newly independent nations in Africa and Asia
EF09HI31,74a7af02-4dc9-4619-a934-e503334758ab,Analyze the internal and external factors that shaped the pace and character of decolonization movements
EF09HI32,fb7e0d9d-f823-4c82-b9ce-bf6aead6e7c5,"Identify changes and continuities in political, economic, and cultural life associated with globalization"
EF09HI32,1aa3fa59-eac4-48b5-8dad-0f900e490a7d,Explain the main arguments raised by movements critical of global economic and political policies
EF09HI32,e20ef93d-c3d3-415b-924c-ad0708cbf93a,Analyze tensions between globalization processes and the concerns of anti-globalization movements
EF09HI32,795dd199-d8c4-4591-87f3-6cdc2f310bb0,Evaluate the impact of global policies on local communities based on perspectives of critical movements
EF01HI07,d831b453-b376-4da6-99f1-fcdf43904431,Identify different forms of family organization across distinct historical periods
EF01HI07,652a4f94-875d-412f-a4f9-b32c88e981ac,Compare family structures from the past with those of the present
EF01HI07,c5cec455-7f23-419d-9e6d-fcbf503ce295,Recognize continuities in family organization over time
EF01HI07,d0763b6f-8df2-42bd-9021-8e3952f733e7,Describe changes in family roles and compositions across different times and places
EF69AR34,496250ef-bec1-4648-a435-b17defb62c5d,"Identify tangible and intangible cultural heritage from Indigenous, African, and European roots in Brazilian culture"
EF69AR34,88bea9a7-19ad-4834-8471-c5c5d54edce0,Analyze cultural heritage artifacts and practices across different historical periods
EF69AR34,cab4a45e-0cf0-41b6-a39e-945f9b0c69a9,Compare cultural heritage expressions from diverse cultures represented in Brazilian artistic traditions
EF69AR34,18e5e5d3-50fc-478c-be93-c83964d4855f,Use discipline-specific vocabulary to describe artistic heritage from distinct cultural traditions
EF69AR34,e0519648-5337-4abd-a838-456e588cddb9,Evaluate the cultural value of tangible and intangible heritage from diverse societies
EF15AR01,5b825241-3473-4ac9-9cc8-4ffc7f8996fa,Identify distinct forms of traditional visual arts across different contexts
EF15AR01,7d3666a7-12e2-4ab0-b9ff-b7df023e2d89,Describe visual artworks using perception and symbolic interpretation
EF15AR01,af739eff-14a6-4359-90a6-9d0a892f4321,Appreciate visual art expressions by expanding personal visual repertoire
EF15AR02,cb3d3a0a-3ded-4ac9-9255-0d86419d3482,"Identify constitutive elements of visual arts such as point, line, shape, and color"
EF15AR02,28421cdf-4465-4215-a848-76df0b58a9dc,Identify constitutive elements of visual arts such as space and movement
EF15AR02,7f157e86-95f0-4785-9394-626cfaf75aab,Explore how constitutive elements of visual arts are used in artistic compositions
EF15AR02,49d476ed-9521-4594-93f5-9f97bffa8954,Recognize the role of each visual element in constructing meaning within an artwork
EF15AR03,edc6ebc1-c59e-47fe-a6e5-4e3116d8e9f7,Recognize aesthetic and cultural traditions that have influenced local visual arts expressions
EF15AR03,9fc623a5-7ef4-4504-9b38-f07881eb1f0f,Analyze how distinct cultural traditions shape artistic expressions in a given community
EF15AR03,4ed5044b-2e7f-46b5-bd88-3add2b5adce9,Compare visual arts expressions from different cultural traditions present in Brazilian culture
EF01HI05,b39380dd-9a07-4927-8395-379c65bd1cfa,Identify characteristics of games and play activities from the present
EF01HI05,8b145c3f-33fe-4c8a-8fdd-3dbd409466dd,Compare similarities between present-day and historical games and play activities
EF01HI06,1e9f1148-9dcb-4264-ba35-274469fb6d97,Explore the history of family spaces and the roles individuals play within them
EF01HI06,1a6606dc-4444-4345-a2f4-b27ebc97baa2,Identify the different roles played by individuals in family and school contexts
EF01HI06,6a418966-8eed-4e87-8fa6-a576964ecdde,Describe how roles within family and school have been shaped over time
EF01HI08,128c69dc-eb93-4506-bec8-68ea9d0afa52,Recognize the significance of celebrations and holidays commemorated at school
EF01HI08,308929f4-1842-4102-ac92-726e5c75b280,Distinguish school and civic celebrations from festive dates commemorated within the family
EF01HI08,4bb1b83f-933b-404e-8951-8ddf58686bd5,"Describe the social meaning of commemorative dates in school, family, and community contexts"
EF06HI04,ea5c0041-7a19-4d45-8baf-398c4738095e,Identify the main scientific theories regarding the origin of the first peoples of the Americas
EF06HI04,e840a687-4a10-49e4-b616-7e5d460bda82,Compare different hypotheses about the peopling of the Americas
EF06HI04,1e540477-1ae8-4621-9dea-05ad823a6463,Analyze evidence used to support theories about the arrival of the first peoples in the Americas
EF06HI03,0a89106d-6491-47e8-92db-6fa1e77ea241,Identify scientific hypotheses about the emergence and historicity of the human species
EF06HI03,a0c2d065-b40e-4b7b-8c23-b3e1c30fcddc,Analyze the meanings and functions of founding myths about human origins
EF06HI03,02729bcc-fbd8-45ca-b311-a4d06168d864,Compare scientific explanations with founding myths regarding the origin of human beings
EF06HI03,e4e83ddc-2a1a-40b3-b6a1-ff2969e8ad27,Distinguish between scientific and mythological approaches to explaining human origins
EF06HI05,1ff24322-47f4-428e-98be-3f66dbe48f63,Describe modifications to nature and landscape carried out by indigenous peoples
EF06HI05,73b26fcf-8150-40db-93b0-a3002667560b,Analyze the logic and motivations behind environmental transformations made by different societies
EF06HI05,283a373f-51b6-442f-8a33-919279428a0b,Compare the ways distinct societies have transformed natural landscapes over time
EF06HI01,a0619c47-829c-4572-86a0-3a155d3c394c,Identify different ways of understanding and measuring time across societies
EF06HI01,950fa910-e60a-456b-8446-54e08a7ab148,Explain the concept of periodization in the organization of historical processes
EF06HI01,0dbfe77a-460d-40c8-b0d2-6147a5870a70,Distinguish between continuities and ruptures in historical periodization
EF06HI01,c5ca5b18-3ad5-48df-b259-31ff41cb0dcf,Analyze how different cultures construct their own notions of historical time
EF05HI10,2cd2e345-2327-4644-a257-dfc0e9ece30b,Identify examples of tangible heritage of humanity across different cultures and periods
EF05HI10,65504a43-ed8b-4ba3-96d1-fea40ba3c299,Analyze changes in cultural heritage over time
EF05HI10,5deeadb3-2de7-4ed1-89da-a54da13086e8,Recognize continuities in cultural heritage across different historical periods
EF05HI09,4da89746-f8bb-44f0-a984-2c68898609bf,"Access different types of sources, including oral sources, to investigate present-day topics"
EF05HI09,791acd2e-4a2d-4866-8154-45943ce903dd,Compare perspectives on contemporary topics using multiple historical sources
EF05HI09,5758591d-16a3-4221-83aa-d89b890ed724,Evaluate how different sources provide distinct viewpoints on daily-life issues
EF05HI08,65fd4874-58cd-49d0-b571-5b7aa12af9fb,Identify ways of marking the passage of time used by indigenous peoples
EF05HI08,6484b651-a309-4dd9-b636-39fd905a3c2d,Compare different systems for measuring and recording time across distinct societies
EF05HI08,3ddf9a21-1498-424e-910f-36e47120b901,Describe how cultural and environmental factors shape a society's way of marking time
EF69AR35,22fd1ee3-b1a2-4861-8e2a-ae55e7802041,Identify digital technologies and resources used to access and appreciate artistic practices
EF69AR35,b947400a-a088-4bf4-9f59-2670603fc974,Use digital technologies to produce and document artistic practices responsibly
EF69AR35,a0bb2bc2-8d7c-4abd-a2e9-f90d6915e1cc,Share artistic repertoires using digital platforms in an ethical and reflective manner
EF69AR35,75afc0de-343a-4779-a443-444b81b236ae,Evaluate the ethical implications of using digital resources in artistic production and sharing
EF69AR15,95c70e2b-9b12-4955-890c-7b2137a6bf3d,Describe personal and collective dance experiences in school and other social contexts
EF69AR15,100c997e-dc77-4645-9b09-c8ece97636c6,Identify stereotypes and prejudices present in dance practices and discourse
EF69AR15,7892f18d-2a96-40ce-8a23-1046611dfe0a,Critically examine stereotypes and prejudices related to dance in different contexts
EF69AR16,7bb25ac7-dfc2-425f-8da0-b410de3c2aa3,Identify the uses and functions of music in its contexts of production and circulation
EF69AR16,1c54dbe4-6945-45b6-90fc-6327fcfa848a,"Analyze connections between musical practices and social, cultural, and historical dimensions of life"
EF69AR16,20223240-9555-41ee-a97a-c2a1b89f709c,Evaluate the meanings of musical works through critical listening and contextual analysis
EF06HI02,91043632-fb8f-4b54-ad1d-f4b15530e4bc,Identify the origins of historical knowledge production in different societies
EF06HI02,8ddf3c21-3136-461a-9ebf-e645275e17a0,Analyze the significance of different types of sources for record-keeping across societies and periods
EF06HI02,9dceb8d1-4511-4222-a69b-cbce94ef48b1,Distinguish between different forms of historical record and their functions in preserving memory
EF06HI02,8d2ea059-b0e2-4c14-b09f-2e6d9c7ae9f4,Explain how the choice of sources shapes the construction of historical knowledge
EF05MA12,c1cec20f-f2ab-4ea9-822c-cc101a9e8eb3,Identify a direct proportional relationship between two quantities in a given context
EF05MA12,b9b02ebb-5584-4d2e-9338-af023dfbe086,Solve problems involving direct proportional variation to determine total cost of a product
EF05MA12,f2224de7-439b-4d06-868d-8df8ee574bd7,Solve problems involving direct proportional variation to adjust ingredient quantities in recipes
EF05MA12,61c6ad9e-f77c-41e8-b62f-e7d4de60a99e,Solve problems involving direct proportional variation to interpret scale on maps
EF05MA12,545723ac-a65e-403e-b045-59c0982e364d,Apply the concept of direct proportion to solve enlargement and reduction problems in context
EF05MA11,65376ad0-0c01-4fe4-91e7-4e11f64d5f85,Represent a word problem as a number sentence or equation
EF05MA11,18b4e10c-e028-4016-8393-fd9559a596dc,Solve a one-operation equation to find an unknown value
EF05MA11,bc332ce7-88f3-4b93-8971-d7a73ee131f5,Compose a word problem whose mathematical sentence is a one-operation equation with one unknown
EF05MA13,ff3b7824-3723-4e81-bd8e-376e2a26648d,Partition a quantity into two unequal parts given a ratio between the parts
EF05MA13,1770cb9f-6491-4f4a-a665-3e6e4d2c16f8,Identify the ratio between each part and the whole when a quantity is divided unequally
EF05MA13,ecde7179-27c2-4977-801d-c25f33f7d31f,Solve problems in which one part of a divided quantity is a specified multiple of the other part
EF05MA13,d368a682-67bf-424a-814e-438c16a2bf20,Verify a partition by confirming the parts sum to the original whole quantity
EF05MA14,36dfe046-e176-4183-afc5-43c6efb65d46,Locate objects on a map or grid using row-and-column references
EF05MA14,3fa7abb4-f358-4613-9db9-cdff4cbba14b,Identify a cell in a spreadsheet using its column letter and row number
EF05MA14,6b990ed3-ec90-46b8-b8c7-504e89d81082,Interpret geographic coordinates to describe the location of a point
EF05MA14,05fdaf1e-7fd3-4cfd-85c4-bbef8561335a,Connect grid-based and coordinate-based representations as introductions to Cartesian coordinates
EF05MA15,70837fe6-36f0-5208-b7ca-ff1930b38fef,Represent real-world problems by graphing points in the first quadrant of the coordinate plane
EF05MA15,9f6772f5-1115-58c8-b53d-b5f26ccd0c9d,Plot points on the coordinate plane given an ordered pair of whole-number coordinates
EF05MA15,73183fe5-cce1-4440-9d9c-5d48601f656d,Describe the location or movement of an object in the first quadrant using Cartesian coordinates
EF05MA15,943dc032-0583-44fa-bdbf-b98932b62403,Indicate changes in direction and orientation when describing movement on the Cartesian plane
EF05MA15,16e332dc-6697-4b5d-ae43-514bcb6cbeb9,Describe a rotation of an object in the first quadrant using reference points
EF05MA16,c23ace2f-00fc-444e-ab3b-7722be85c09f,"Match a three-dimensional figure (prism, pyramid, cylinder, or cone) to its corresponding net"
EF05MA16,045b03d9-3df0-43dc-b09c-de2fa3fbf37b,"Identify and name attributes of prisms, pyramids, cylinders, and cones"
EF05MA16,b190df1c-1ac3-4eb1-ad35-51a6003330f4,"Compare attributes of different three-dimensional figures such as faces, edges, and vertices"
EF06MA23,985ad98c-02b9-4773-aafb-824a31c427a9,Construct a step-by-step algorithm to solve a clearly defined problem
EF06MA23,f16d343e-7f5b-47c5-ba57-afa73e7cf1e7,Specify the movement of an object on a plane using reference points and given distances
EF06MA23,ff3cd959-9206-4069-8493-2ee401039a2b,"Represent a step-by-step construction process, such as origami folding, as an ordered algorithm"
EF05MA18,a16ec804-939d-408b-a963-5af1063f3c68,Recognize that corresponding angles are congruent in polygonal enlargements and reductions on square-grid paper
EF05MA18,be1c0d1c-c56a-4ac1-b99e-453fc5eb854e,Identify that corresponding sides of polygonal figures are proportional in enlargements and reductions
EF05MA18,185d853f-4e2d-4def-adb2-5a3e709387d1,Verify congruence of angles and proportionality of sides in scale figures using digital technologies
EF06MA14,ca160517-2705-4e9f-8d9d-a2e639bb6b2d,Identify that adding or subtracting the same number from both sides of an equation preserves equality
EF06MA14,00e4fb13-1907-46e3-bd4f-666a7ecd8589,Identify that multiplying or dividing both sides of an equation by the same number preserves equality
EF06MA14,d00a7524-5f7c-45c3-9a43-73434e7dac56,Apply the properties of equality to determine an unknown value when solving a problem
EF06MA08,2ab6ac49-716f-507d-bce0-a9696013c6b2,Convert a rational number to a decimal using long division to solve mathematical problems
EF06MA08,8425de9e-6457-4408-930d-77412868be10,Convert a positive rational number from decimal form to fractional form
EF06MA08,3dab2433-b217-408d-a7ac-86bfde75c746,Locate positive rational numbers expressed as fractions or terminating decimals on the number line
EF06MA07,35bc1efc-c989-50af-b620-a7bd77f2f808,Interpret a fraction as division of the numerator by the denominator (a/b = a ÷ b)
EF06MA07,5f61cb2a-1c2e-5a6f-9f57-47629badf7c0,Recognize equivalent fractions using the principle a / b = (n x a)/(n x b)
EF06MA07,f43aece2-3f92-478c-beed-953e8bf49709,Compare and order fractions using equivalence and benchmark reasoning
EF06MA06,11d42787-fed3-44b4-b948-7b6e2bf137d2,Solve problems involving multiples of natural numbers
EF06MA06,bea5fe3e-b1bb-40ec-a238-8f368f4e361f,Compose problems whose solution requires applying the concepts of multiples or divisors
EF06MA05,f548ce1a-ef91-5a91-9d5e-1cebf7fd201c,Determine whether a whole number within 100 is prime or composite
EF06MA05,1a8f7e77-d86b-4a67-b0a5-dd877fe0519d,"Express relationships between natural numbers using the terms 'multiple of,' 'divisor of,' and 'factor of'"
EF06MA05,3f38099a-4835-4aa8-add0-5d96f2fa0f04,"Apply divisibility rules for 2, 3, 4, 5, 6, 8, 9, 10, 100, and 1,000 to classify natural numbers"
EF06MA05,5acebd2e-eb13-4307-8bcc-e7667ac1baec,Establish divisibility rules through investigation and pattern recognition
EF06MA04,7c10491d-6fe1-4532-848a-ec02b3542513,Construct a natural-language algorithm that solves a simple problem with a given natural number
EF06MA04,ba164dd4-b4ae-4086-b8c9-140c349c2b4a,Represent a natural-language algorithm as a flowchart
EF06MA04,b41e998d-c3b0-4beb-975f-9a1338c9e0cd,Trace through a flowchart to verify it correctly solves the intended problem
EF06MA03,bf92ca6a-dd05-4c36-bc47-f2908f6451fe,"Solve problems involving addition, subtraction, multiplication, and division of natural numbers"
EF06MA03,b89c55b8-b946-4e88-9c86-d45231f25957,Apply mental and written strategies to compute exactly or approximately with natural numbers
EF06MA03,9cfc3e71-8e95-4293-9ab2-a3cf68f7bed8,Compose problems that require calculations with natural numbers
EF06MA03,e973a174-ce61-4eb2-b5e1-ac95a204bb2b,Select and justify a solution strategy appropriate to the problem structure
EF06MA02,74c307c7-4048-45e3-b466-173d903ddd91,"Identify the base, place value, and role of zero as principal characteristics of the decimal numeration system"
EF06MA02,6f75b3b9-405d-4ba3-ac67-be93310bd161,Compose and decompose natural numbers according to place value in the decimal system
EF06MA02,2544f11f-f3f6-4f9b-ae18-441af6e7de76,Compose and decompose rational numbers in their decimal representation using place value
EF06MA02,d5a83537-4d79-401b-a3f8-e81528e6ff4c,"Compare the decimal numeration system to other historical numeration systems, identifying similarities and differences"
EF06MA01,ecbd19b3-4314-457f-aa42-e6eba1a242b3,Compare and order natural numbers and terminating rational numbers
EF06MA01,42b069fb-76cf-498e-9c4f-2971753f1f5b,Locate natural numbers and terminating rational numbers as points on the number line
EF05MA25,5b5023d7-de28-4175-adee-929cde76801b,Conduct a survey collecting categorical or numerical data
EF05MA25,30f1faed-1093-40cb-93f3-cd5b6cd6a433,Display quantitative measurement data using simple graphs such as bar graphs or pictographs
EF05MA25,528f97f2-c3d6-4b36-94bb-7d8dcaf311a5,Construct data displays with or without digital technologies
EF05MA25,1bb9ca93-7fba-4a53-a19a-818b2f8ac498,Write a text describing the purpose of a survey and synthesizing its results
EF05MA17,70b80ee5-4a50-45bc-a8fb-1f32fb9e740d,"Identify and name polygons by their sides, vertices, and angles"
EF05MA17,eb422a49-abef-4738-a400-1263c7805442,"Compare polygons with respect to their sides, vertices, and angles"
EF05MA17,de1c04f5-3fec-471f-9a2d-927694149f06,Draw polygons using drawing tools or digital technologies
EF05MA09,1d7ccbfc-7d22-4a98-b604-8eb67fcf19c1,Apply the Fundamental Counting Principle to determine the number of possible combinations of two sets
EF05MA09,717dd93a-df24-4566-b981-24c26a1ce187,Represent all possible combinations of two sets using a tree diagram
EF05MA09,845fed7c-18d1-4ebf-998e-60f60b41569f,Solve simple counting problems by systematically pairing each element of one set with every element of another
EF08MA04,46195f9e-50e7-48fa-8d2b-edf50a3eefad,Calculate a percentage of a given quantity
EF08MA04,57d9b317-c68a-4566-bbe1-001c7dd40d43,Solve problems involving percentage calculations
EF08MA04,602d50cf-216d-4b73-96fd-6d76034be945,Compose problems whose solution requires calculating percentages
EF08MA04,647a2737-b8bc-4737-b5a4-c3d0d9dcede9,Use digital technologies to compute percentages in problem-solving contexts
EF05MA07,4edd75f0-116f-4cbb-94ca-a5d176573f30,Estimate sums and differences of natural numbers using rounding strategies
EF05MA07,34f5e4b0-7a17-4b29-abf1-8e71502f9619,Solve addition and subtraction problems with terminating decimal rational numbers using algorithms
EF05MA07,246d8e72-d51c-4069-9ec8-bde26411a212,Apply mental computation strategies to add and subtract natural numbers
EF05MA07,332803bc-7af5-4d4e-886d-1ae94bb72bd9,Compose word problems requiring addition or subtraction of terminating decimal numbers
EF08MA20,a07fda7c-00eb-4e55-8e6d-18d93342cd01,Recognize that one liter is equivalent to one cubic decimeter
EF08MA20,2711d39e-62bb-4d6c-8646-f4bc2d841184,Convert between liters and cubic meters using the relationship 1 m³ = 1000 L
EF08MA20,089d3c63-4b13-4fed-a066-ee3a06fd4c0c,Solve problems involving container capacity using liter-to-cubic-decimeter equivalence
EF08MA19,924ca975-15b2-59d6-9093-d59fbbc7bbdb,Find area of quadrilaterals by composing into rectangles or decomposing into triangles and other shapes and use to solve real-world problems
EF08MA19,a6134b89-4846-52b1-8df2-7fc536318e85,"Find the area of a circle to solve problems, including by using the formula for area of a circle"
EF08MA19,7df9b3ce-b89b-467c-b565-859de019cc10,Solve real-world problems involving area measurement of geometric figures
EF08MA19,e8645e20-09c9-4ca2-9acf-85fa84c80c9d,Compose problems requiring the use of area formulas in land-measurement contexts
EF08MA18,23a3755e-03ce-407b-ab8c-74be8a47c4a2,"Identify a figure produced by a composition of translations, reflections, or rotations"
EF08MA18,2bd92215-7261-4d42-ba77-43a8d35c1a0b,Construct a figure by applying a sequence of geometric transformations using drawing instruments
EF08MA18,13568013-c95b-4d45-b771-78b1d2a917ca,Recognize which geometric transformations were composed to produce a given figure
EF08MA17,d64d2670-ca26-5a42-af62-cf9df6ab31d0,Prove points on a perpendicular bisector of a line segment are exactly those equidistant from the segment’s endpoints.
EF08MA17,70ebeedf-ff6d-479d-9e2d-580c5e6bf6c3,Identify the angle bisector as the locus of points equidistant from the sides of an angle
EF08MA17,8678308c-1edd-4a87-9f99-40590afc5c78,Apply the concept of perpendicular bisector as a locus to solve geometric problems
EF04MA28,ecb0f541-cb57-4a9d-a36d-bb2a9b58fd96,Conduct a survey collecting categorical or numerical variable data
EF04MA28,30f1faed-1093-40cb-93f3-cd5b6cd6a433,Display quantitative measurement data using simple graphs such as bar graphs or pictographs
EF04MA28,965969c0-c198-438f-9cfb-9b4c078676fb,Organize collected data in tables with and without digital technologies
EF04MA28,eabfcb87-2e31-4bfe-b3e7-e1426344db68,Interpret data displayed in bar graphs and tables
EF05MA01,0bfafde1-da4e-5c93-a19d-4469fdce39fa,"Read and write multi-digit numbers up to 1,000,000 by moving between number names (word form) and expanded form"
EF05MA01,d89eb07b-3f1f-4d4e-bcd2-3ee945db40f2,Identify place value positions within the decimal number system up to hundred-thousands
EF05MA02,cc4919b5-cd06-4a46-910d-3a0581332efe,Read and write rational numbers in decimal form using place value understanding
EF05MA02,c2474e83-8e42-4f58-ae75-30748eb524e2,Order rational numbers in decimal form on a number line
EF05MA02,f1956e72-0b96-4599-9d7a-55b39e6c1dce,Decompose decimal rational numbers by place value to demonstrate decimal system structure
EF05MA03,fa217add-db0f-4cd5-abb8-b5472196a2cd,Represent fractions less than one whole on a number line
EF05MA03,35bc1efc-c989-50af-b620-a7bd77f2f808,Interpret a fraction as division of the numerator by the denominator (a/b = a ÷ b)
EF05MA03,0f80aa86-2c60-5a0f-bd85-7720345949d9,"Identify a fraction a/b as the quantity formed by a parts of size 1/b (where b is 2, 3, 4, 6, or 8)"
EF08MA16,1aa1697d-f4ee-4edf-ad5c-869a763014f8,Identify the measure of the central angle of a regular hexagon as 60°
EF08MA16,d48ba900-e58d-418e-bcb9-20a6f4fd9db8,Describe in writing the steps of an algorithm for constructing a regular hexagon of a given area
EF08MA16,4f2507bd-7848-4b20-873d-c63bdb12c8aa,Represent the construction algorithm for a regular hexagon using a flowchart
EF08MA16,0fd18a8e-496e-5105-89a5-17a62731dd60,Construct a regular hexagon inscribed in a circle
EF08MA15,492aeedd-ef70-5b41-baa2-a555a9299db8,"Construct perpendicular lines, including the perpendicular bisector of a line segment"
EF08MA15,9dc17ff0-bb58-4870-9d5f-7760ee513fe5,"Construct angles of 90°, 60°, 45°, and 30° using drawing instruments or dynamic geometry software"
EF08MA14,55eda077-8e73-49af-b92d-61798922592c,Identify congruent triangles within a quadrilateral figure
EF08MA14,543dbbc9-3719-4cf4-9e35-3c0ad10593c9,Apply triangle congruence criteria to prove properties of parallelograms and other quadrilaterals
EF08MA13,1e012027-cb8d-45db-820c-d004e7702935,Solve problems involving directly proportional quantities using a variety of strategies
EF08MA13,6c649e35-b6d9-4c88-8207-77f9d6415a7b,Compose problems that represent directly or inversely proportional relationships
EF08MA12,49d96009-6ab4-475f-8c0b-a9aae2d67a0f,"Identify the relationship between two quantities as directly proportional, inversely proportional, or non-proportional"
EF08MA12,2369f5ce-b746-4bfd-8f17-6d42901c76db,Express a directly or inversely proportional relationship as an algebraic equation
EF08MA12,0da6f783-c043-4941-b3fc-8078b37de96a,Represent a proportional or non-proportional relationship between two quantities in the Cartesian plane
EF08MA11,8fdb81a0-e40c-4a72-9e26-222f917fe6d9,Identify the recursive pattern of a numerical sequence
EF08MA11,c79de63a-e133-45aa-81a9-9885dc274826,Construct a flowchart algorithm to determine subsequent terms of a recursive numerical sequence
EF05MA08,e26b6696-1fe6-5a93-97f8-2de9dd1d07e2,Assess the reasonableness of answers using mental computation and estimation strategies
EF05MA08,5ca0345a-17e6-4ddf-ae7f-ec6882b74291,Solve multiplication problems with terminating decimal rational numbers using algorithms
EF05MA08,be6c0264-9d22-45b2-90ad-3885b9071d26,Solve division problems with terminating decimal rational numbers using a natural number divisor
EF05MA08,e84ee8d9-40c4-4195-8aea-ef5718a24594,Compose word problems requiring multiplication or division of terminating decimal numbers
EF08MA10,20ecd74f-7365-49be-a83f-d70ec589a12e,Identify the non-recursive pattern of a numerical sequence
EF08MA10,15cbc905-9a2e-445b-b609-3ff220bcaf2d,Construct a flowchart algorithm to determine subsequent terms of a non-recursive numerical or figural sequence
EF08MA08,6ae8470b-3666-4b01-92c2-49dafcf23b13,Represent a real-world situation as a system of two first-degree equations in two unknowns
EF08MA08,1407e5b5-d4e7-50d9-bc0c-6b3a65a95919,Solve systems of linear equations in mathematical problems algebraically
EF08MA08,1b09736d-262e-4eaf-ba54-a16102c09a61,Interpret the meaning of a mathematical result in the context of a real-world problem
EF08MA08,3cff878e-8ca0-41e0-9ec1-d4d46ea8f7f6,Use the Cartesian plane to represent and solve a system of two first-degree equations in two unknowns
EF08MA07,5c41058a-8ddf-4893-8069-da3a2d875bcd,Associate a first-degree linear equation in two unknowns with its corresponding line in the Cartesian plane
EF08MA07,19cec163-412b-5bb2-bddf-f54d76cbd37a,Identify the graph of a line as representing a linear function
EF08MA07,5cfb8747-f9b0-4df7-915e-e751fd7eab9d,Determine points on the line corresponding to a first-degree linear equation in two unknowns
EF08MA06,f2ebaafd-d3f6-4c4d-b183-d9759d2a7cf4,Evaluate an algebraic expression by substituting given values for variables
EF08MA06,5c802e23-4049-4329-ade5-7e37bccc618b,Apply properties of operations to rewrite expressions in equivalent forms
EF08MA06,f48a977e-7014-4f12-afd5-b3e202c90dbf,Compose problems requiring evaluation of algebraic expressions in real-world contexts
EF07MA01,f292bc38-a864-4d28-aa47-d06af7024d13,Identify all divisors of a given natural number using non-algorithmic strategies
EF07MA01,9bf54462-5fd0-59bf-8360-cd503e45b884,Find the greatest common factor of two whole numbers less than or equal to 100
EF07MA01,e913286c-6be9-48d0-a896-dcac0d2e65b0,Solve problems involving GCD and LCM in real-world contexts
EF07MA01,8f63be98-d17a-4a1a-8a68-1a49a785f733,"Construct problems requiring the use of divisors, multiples, GCD, or LCM"
EF06MA34,c615e18f-68b5-4bf1-a1e4-7d553c50e3a2,Interpret relationships among objects represented in a simple flowchart
EF06MA34,cb5664c3-6109-4789-9ce5-e312baff253e,"Identify the type of relationship depicted in a flowchart (e.g., hierarchy, connection)"
EF06MA34,e77f0348-0f2a-428f-8296-c70097d9b6b6,Develop a simple flowchart to represent relationships among given objects
EF06MA33,b51d13df-4d20-4937-ba1b-998bfff0b326,Plan and collect data from a student-chosen survey on a social practice
EF06MA33,e23f8c2e-f346-4641-92a4-b96a672b7432,Record collected survey data in a spreadsheet
EF06MA33,9aacde67-d7d2-4cd8-a827-b0ec98df5ced,Represent survey data in tables and various graph types using spreadsheet software
EF06MA33,f85a6ea2-9a62-428a-806d-d0aca422b58a,"Interpret graphs, tables, or charts to draw conclusions supported by data"
EF06MA33,a92e926a-8f58-4685-8dec-8d7e803f397d,Summarize conclusions from survey data in written text
EF06MA32,aa923041-dc58-4723-807a-30926c323c10,Interpret data presented in tables and graphs on topics such as environmental or social issues
EF06MA32,80bf5a91-06b7-4a69-bf8f-73b5366c1443,Solve problems using survey data drawn from media sources
EF06MA32,ceade873-f15a-439b-b3c1-7588b753403a,Compose a written text summarizing conclusions from data presented in graphs or tables
EF06MA31,5cf3adc2-bc5e-4cbd-a282-b47450b2d15b,Identify variables and their frequencies in different types of graphs
EF06MA31,bb6567ca-fea9-4ba5-a986-dbaea1d2a259,"Identify constituent elements of a graph, including title, axes, legends, sources, and dates"
EF06MA30,7cd1af8e-a0b1-4ea9-952a-058d2c292944,Calculate the theoretical probability of a random event as a rational number
EF06MA30,ab18c8b0-d8bc-4bca-8689-0e494d4fa473,"Express a probability in fractional, decimal, and percent form"
EF06MA30,eca39074-3e15-47a0-a930-2bc8a8fb7771,Determine experimental probability through repeated trials of a random event
EF06MA30,60ea6d10-1a57-5d4d-a153-94b9eedb7f81,Explain discrepancies between a theoretical probability model and observed frequencies
EF02MA09,afe9867d-8f78-4171-bab0-a701a2d467a9,Construct an ascending sequence of natural numbers starting from any given number using an established rule
EF02MA09,d76ac695-5b8b-5196-8019-0e4b86b3bd93,Identify features of a pattern that are not explicit in the rule of the pattern
EF06MA29,1ae29d4a-e337-4876-89d3-f7973b4afa53,Describe the change in perimeter of a square when its side length is uniformly enlarged or reduced
EF06MA29,8f51972b-037e-4dfd-9861-0c1ff05638e1,Explain that the perimeter of a square is proportional to its side length
EF06MA27,522dfbfa-6e48-50e2-b8eb-dd95b5302e6b,Measure angles in whole number degrees using a protractor
EF06MA27,4207f2af-9e7d-4eca-8ada-849b53604909,Determine angle measures using digital technologies
EF06MA26,e19c8ced-7f13-4968-a1cc-5073a22cd0d6,Interpret the concept of angle in real-world contexts such as field of vision
EF06MA26,567c3e10-7cc7-4beb-9ee2-44b045f2954f,Solve problems involving angle measures in different real-world situations
EF06MA25,be10438a-7ef8-45f2-aa9a-098a7051965d,Recognize angle measure as a quantity associated with the opening of an angle
EF06MA25,22e5445b-2ea9-47c8-add3-87d79aa790d7,Associate angle measure with geometric figures containing angles
EF06MA15,6ec22f2c-65ad-4bb9-bd00-a002120812ba,Partition a quantity into two unequal parts using additive relationships
EF06MA15,3ecbd1c3-95e5-4cf9-813e-cbb696778742,Determine the ratio between the two unequal parts of a partitioned quantity
EF06MA15,929e10ef-c879-4d29-84a3-8774b6b23c96,Determine the ratio between each part and the whole in a partition problem
EF06MA15,afc70b5b-2557-4497-95a1-9a9be5ffe5a2,Construct problems involving the partition of a quantity into two unequal parts
EF06MA16,3213cdb3-4559-4a6e-bb65-d424e78e9bbf,Identify the coordinates of an ordered pair of numbers in the first quadrant of the Cartesian plane
EF06MA16,ef95113c-01d9-5f74-847f-e6187aeaf3ca,Represent mathematical problems by graphing points in the first quadrant of the coordinate plane
EF06MA16,98bcd3e1-70ed-429f-b26a-7906fc968fd8,Identify the vertices of a polygon by plotting their coordinates in the first quadrant
EF06MA17,f6831c5f-12b0-4f02-862f-242e0c01c3d5,"Count and record the vertices, faces, and edges of prisms and pyramids"
EF06MA17,9779b7a6-8c81-4b15-a78c-50ec10a15879,"Establish relationships among the number of vertices, faces, and edges of a prism as a function of its base polygon"
EF06MA17,57c17737-8a23-4416-afe7-6fc318c2af35,"Solve problems using the relationships among vertices, faces, and edges of prisms and pyramids"
EF06MA18,ab1dd9c2-5d16-4566-b556-e1009488e14c,"Name and compare polygons with respect to their sides, vertices, and angles"
EF06MA18,35f5fd5b-fdbd-433c-8e90-a095e6495453,Classify polygons as regular or irregular based on their properties
EF06MA18,c67548da-b381-499b-9a2e-e8cae7fc6f89,Identify polygon properties in planar representations and in the faces of polyhedra
EF06MA19,6c931e4d-8074-499b-8cd6-8cfb9f350eb2,Identify properties of triangles related to their side lengths and angle measures
EF06MA19,8bd3a000-9afe-577e-8781-dd8b8d493289,Classify triangles in a hierarchy based on properties
EF06MA19,8bd3a000-9afe-577e-8781-dd8b8d493289,Classify triangles in a hierarchy based on properties
EF06MA20,ebb51d2c-1261-4865-801e-d8c9f1c55856,Identify properties of quadrilaterals with respect to their sides and angles
EF06MA20,175a45df-f09a-50cd-b5f3-54826ac750a7,Classify quadrilaterals in a hierarchy based on properties
EF06MA20,94748b04-f55b-415c-b40e-fd372f9254b3,Recognize inclusion relationships and intersections among classes of quadrilaterals
EF06MA21,00c5a7f7-c751-42cd-8494-1b0cbe5d8846,Construct an enlargement of a plane figure using grid paper or the Cartesian plane
EF06MA21,e9575fe0-1d90-4d6b-a777-f9c77cf3a5ee,Construct similar plane figures using digital technologies
EF06MA22,a1edd1a1-fe10-46ef-8f94-c031ffa4311b,"Represent parallel lines using rulers, set squares, or software"
EF06MA22,28872f01-8907-45af-b8da-7f13e4a90ebb,"Construct quadrilaterals using rulers, set squares, or software"
EF06MA28,e134fe9f-7475-4424-896b-cbcd4af152c5,Interpret a simple floor plan or aerial-view diagram of a residence
EF06MA28,6967e8f4-a187-4278-873e-71bf93d7ca90,Describe spatial relationships depicted in a simple floor plan or aerial-view diagram
EF07MA04,11657e4f-4199-4cb3-ba9f-10d25f32ec38,Solve problems involving addition and subtraction of integers
EF07MA04,5292e1b7-1b3b-42bf-9c65-cc8a1b530ebe,Solve problems involving multiplication and division of integers
EF07MA04,f71d7f53-5151-4b8f-b023-621ef9a110d8,Construct problems whose solutions require operations with integers
EF07MA04,1a2535c6-7a8b-415f-9ea4-9ddbca1dc1f8,Apply the rules of signs when performing operations with integers
EF07MA03,fdfa8f64-f88f-4ebc-b62b-6cde34a588e4,Compare and order integers in mathematical and historical contexts
EF07MA03,fe93b4cc-2453-485a-bd9c-9cba5681ab2a,Locate integers as points on a number line
EF07MA03,8119c47d-f394-50ff-b630-f4aa64763b52,Use positive and negative numbers to represent quantities in real-world contexts
EF07MA03,1a8b966b-299a-4a17-ba01-3a7035124191,Solve addition and subtraction problems involving integers
EF04MA27,9a673ff3-468b-412b-9201-a544c9cdba5b,Interpret data presented in simple and double-entry tables
EF04MA27,c8249c06-3570-41e1-b74a-63b45afefcb9,Interpret data presented in bar graphs and pictographs
EF04MA27,67adc61b-81d3-4d12-b903-93c34ff97e74,Compare data across different representations from multiple subject areas
EF04MA27,3cfdc74c-60d4-4412-9987-0bf7b87da668,Produce a written summary of conclusions drawn from data analysis
EF02MA17,99cfa677-0bfb-4aed-aea7-c2710507a1f9,Estimate capacity using personal strategies and non-standard units
EF02MA17,78c89c62-4540-5d54-90d3-8db8dbecc145,Measure liquid volumes using standard units
EF02MA17,a8a8a7ce-b79c-5625-b119-889b028c386a,Measure masses of objects using standard units
EF02MA16,89b9ba67-0b39-403d-b075-1c7dd8740ea6,Estimate and measure lengths using non-standard units
EF02MA16,71eb79c2-0dae-4313-a0fd-e3d1ad535c21,"Measure lengths using standard units of meter, centimeter, and millimeter"
EF02MA16,724c047e-4995-4a85-a39b-306ccecb4a26,Select appropriate measuring tools for measuring length
EF02MA16,c1214d62-4d78-4bff-96bc-59331c996e95,Measure the perimeter of rooms and polygons using standard units
EF02MA15,b9e91ee2-fd88-48fa-a28c-37c0f8652f7f,"Identify and name plane figures including circle, square, rectangle, and triangle"
EF02MA15,e82bf0bd-a746-4f2f-903c-2addab9b897a,Compare plane figures based on shared characteristics
EF02MA15,6931f89d-e9be-4458-ab84-fcb3f6b60765,Recognize plane figures presented in different orientations
EF02MA15,ca6f781b-fcb0-4223-a4b4-46f8b0d6d610,Identify plane figures as faces of three-dimensional geometric solids
EF02MA14,2d2fcb7a-0f8f-417c-a255-043e82685c04,"Identify and name three-dimensional figures including cube, rectangular prism, pyramid, cone, cylinder, and sphere"
EF02MA14,305edb5e-e972-5f35-adae-d95371fb9b0f,"Compare three-dimensional shapes in different sizes and orientations, using informal language to describe their similarities, parts, and other attributes"
EF02MA14,85297592-9916-48c1-b821-9834a2a3f571,Relate three-dimensional geometric figures to objects in the physical world
EF02MA13,72ac2280-e8b2-474e-8045-0994e1730ed7,Sketch a route between two locations in a familiar environment
EF02MA13,5ce4c9f2-64e2-41ff-aab7-f2e48317c6b2,Draw a floor plan of a familiar environment marking entrances and exits
EF02MA13,2f616986-1fc1-4b18-b2bb-086f7c9c04e5,Identify and mark key reference points on a sketch or floor plan
EF05MA22,3adc18f8-15fb-5dca-ae72-20a6dbb0b4bb,Define a sample space and events within the sample space
EF05MA22,c21fed01-9498-461b-a7b2-b7121c30d39e,Estimate whether outcomes of a random experiment are equally likely or not
EF05MA22,6763efc9-9507-4b4c-a7ce-15315fddebfd,Distinguish between equally likely and non-equally likely outcomes in a given experiment
EF08MA22,17a7f7cb-925c-4755-ae42-38a943b5b519,Construct the sample space of a random experiment
EF08MA22,e768ef10-791e-4267-8a14-907dce01fd8f,Apply the Fundamental Counting Principle to determine the number of outcomes
EF08MA22,f578a7d0-3872-555d-9e67-0ec54d6f90a6,Use a uniform probability model to find the probability of simple events
EF08MA22,e84c8430-8a88-4de8-b1f4-df13484cb558,Verify that the sum of probabilities of all outcomes in a sample space equals 1
EI03ET08,3583f16c-1ccc-4bf8-9815-1552875e36aa,Record measurements such as weight and height in an organized manner
EI03ET08,30f1faed-1093-40cb-93f3-cd5b6cd6a433,Display quantitative measurement data using simple graphs such as bar graphs or pictographs
EI03ET08,f68e4f89-41e3-499e-bb39-5512285503f4,Interpret data presented in simple graphs through collaborative discussion
EF07MA21,76b88535-e6b1-4c3d-84fe-e9f36cac4619,"Identify figures produced by translation, rotation, and reflection"
EF07MA21,e3d3c8b3-75ef-48db-ad0d-8111e76759de,"Construct figures using translation, rotation, and reflection with drawing instruments or software"
EF07MA21,248eb988-d7bd-447b-bf8e-9f920caa31bc,"Distinguish between translation, rotation, and reflection transformations"
EF07MA21,56f837bb-7ce3-4bdd-a813-8149d86627c3,Connect symmetry transformations to patterns in art and architectural contexts
EM13MAT308,bd6d804c-f6ac-5b4c-b1fb-b9b762028a80,Use the Laws of Sines to solve problems
EM13MAT308,4a5f2dd0-e7ae-5fe9-9ab8-ce2ba4d70660,Use congruence and similarity to solve problems about geometric figures
EM13MAT308,bb7d7c8d-700f-40a9-8fbe-e949ce7f7bda,Create problems in varied contexts whose solutions require metric relations in triangles
EM13MAT307,f2bbf6d0-4eb0-44ec-aaca-3f37b3b76b07,Determine the area of a surface using reconfiguration methods
EM13MAT307,b45f15bf-5baa-4be8-8d83-07d99496c3e5,Approximate the area of a surface using subdivision methods
EM13MAT307,b55cc450-8813-488f-a224-2851ffe8c466,Derive area calculation expressions from geometric methods
EM13MAT307,6f240439-a924-40a0-8423-066e42912e4e,Apply area formulas to solve real-world problems such as crop layout and land distribution
EM13MAT306,40cc77f9-7d1b-4b0a-af0a-726c1014cd94,Identify characteristics of periodic phenomena in real-world contexts
EM13MAT306,02cbba80-f16a-4e73-b0c4-c187b021d077,Represent periodic phenomena graphically in the Cartesian plane
EM13MAT306,0cb33278-9c22-54ed-8781-e9597a9925ea,Use sine and cosine to model periodic phenomena
EM13MAT306,0cb33278-9c22-54ed-8781-e9597a9925ea,Use sine and cosine to model periodic phenomena
EM13MAT305,bf9b90e6-ea55-4f63-b745-260a28abf81d,Interpret the variation of quantities modeled by logarithmic functions
EM13MAT305,e7908dbb-2fe3-4959-bf61-62809b3816ec,Solve problems involving logarithmic functions in real-world contexts such as pH or seismic activity
EM13MAT305,a2cc4c1f-b32f-4992-9f66-62a6de90e7fe,Create problems that require the use of logarithmic functions to model contextual situations
EM13MAT305,0b3022f4-48a6-407e-be1b-d2b394ca9df2,Apply logarithmic functions to financial mathematics and radioactivity contexts
EM13MAT511,a2497c3d-e070-4121-8a77-d184d0f446e4,Distinguish between discrete and non-discrete sample spaces
EM13MAT511,ca028468-6a44-4ec8-982d-784805a90d84,Distinguish between equally likely and non-equally likely events
EM13MAT511,d7304804-ab79-4813-a99c-fba2b129dbe5,Analyze how the type of sample space affects probability calculations
EM13MAT511,99bee440-9a62-401b-af13-dc5a9441fb3a,Investigate implications of event likelihood on the calculation of probabilities
EM13MAT510,e44a0a2f-53b4-4631-9161-03a6852c7895,Organize and display bivariate numerical data sets for investigation
EM13MAT510,cc4c37f1-0c0d-413f-b157-66f9790d205e,Identify trends and patterns in data sets describing two numerical variables
EM13MAT510,f103db3c-43d1-5839-a76e-d0c41ae5a97f,Describe the relationship between two variables in a scatterplot
EM13MAT510,6f14744f-0184-4daa-9521-00914703db44,Account for variation when interpreting the relationship between two numerical variables
EM13MAT509,1eaa433f-6245-4d98-8770-9c72df991961,Identify distortions of angles produced by cylindrical and conic map projections
EM13MAT509,2d69b821-c565-449e-9b52-352e34e9c45d,Compare how different cartographic projections represent geographic surfaces
EM13MAT509,46791ced-ccec-4b88-8c1c-3ec19d4f81e3,Investigate the mathematical causes of distortion in cartographic projections
EM13MAT508,d43a5c90-2d6a-5499-9389-9d5ec150021c,Write geometric sequences in real-world contexts explicitly as exponential functions or equations
EM13MAT508,ccddce0b-1865-4996-91da-68195f3805f8,Analyze properties of geometric progressions using exponential function representations
EM13MAT508,9f5bd250-50c2-49a7-a597-0d9c61f64259,Derive selected formulas for geometric progressions
EM13MAT508,14037762-9062-4acc-b372-c8e596fe6150,Solve problems involving geometric progressions using exponential function models
EF02MA10,8f106219-1dc9-4d87-91d4-035c0257f45f,Identify a repeating pattern or rule in a sequence of mathematical operations
EF02MA10,b0d8baeb-9efb-4ac4-b7ba-e28ed0484593,"Identify the rule of growth in a recursive sequence of objects, figures, or numbers"
EF02MA10,dfd0b5ac-fd02-47af-b3b9-078f322d49d2,Describe the pattern of a repeating or recursive sequence using words or drawings
EF02MA10,6255cf44-54b5-416e-8f0e-7ce8ed12cd93,Express regularity in a pattern of results as an algebraic generalization
EF02MA11,50c272dd-f83b-4042-8c9f-45b07b6e96fa,"Identify missing elements in a repeating sequence of objects, figures, or natural numbers"
EF02MA11,6225530a-bb80-4817-add5-9cc8c783661b,Describe the rule used to determine a missing element in a sequence
EF02MA12,ef57053a-7104-4d0a-bee9-5962abdc719b,Identify the location of a person or object in space using more than one reference point
EF02MA12,34881c00-6211-487a-ad15-ec84f7666b3c,Describe the movement of a person or object in space using directional language
EF02MA12,8195aafb-ef0e-4c5f-8503-8977ea0ede38,Indicate changes in direction and orientation of movement in space
EF02MA12,a704d047-5fba-4bac-aad8-9a1c77b560d1,Record the location or movement of objects in space using verbal or non-verbal language
EF05MA20,bce565cf-f073-5e79-9fd9-408ab180d0d1,Differentiate between perimeter and area and recognize that figures can have the same perimeter and different areas
EF05MA20,8c682fec-da27-4e4b-9f90-92be4e90e4ec,Conclude that equal perimeters do not determine equal areas through investigation
EF05MA19,00865769-879b-48a4-8319-1e0bd860f0ca,"Solve problems involving measurement conversions among common units of length, mass, capacity, time, and temperature"
EF05MA19,57cd37ca-2fe4-4bdb-9454-5c2fba1f85cf,Convert measurements between related standard units within a measurement system
EF05MA19,2dfa1d31-23dc-403b-a29b-ac2b43e5f718,Compose problems that require applying measurement conversions among common units
EF05MA19,7e60e86f-6ec5-4e81-b65b-d8f3fcfcf2e6,Apply unit conversions to solve measurement problems involving derived or compound units
EF07MA19,86e8213a-10e4-4d27-9625-02de3f061253,Identify the coordinates of the vertices of a polygon represented in the coordinate plane
EF07MA19,aa31e561-a9d4-4772-90f8-67c0c836903c,Multiply the coordinates of each vertex of a polygon by a given integer
EF07MA19,6247ad83-eb04-48ea-a6bd-6bac9840a727,Represent the transformed polygon resulting from multiplying vertex coordinates by an integer
EF07MA19,beb7fc50-bc73-4a9b-8249-bd3ee052d313,Describe the effect on a polygon when its vertex coordinates are multiplied by an integer
EF07MA18,6bff69ef-ed6a-41e5-ac6e-cfbe07135950,Represent a problem situation using a first-degree polynomial equation of the form ax + b = c
EF07MA18,2b25a63a-4e06-42d6-b7fc-b7f457f1a4d3,Apply properties of equality to solve first-degree equations of the form ax + b = c
EF07MA18,f3a4a1ed-64c6-4eb8-a319-df97fbd1f489,Construct a problem situation that can be modeled by a first-degree equation ax + b = c
EF07MA18,1352f51f-30bb-42b8-992a-f9b5558bce92,Verify the solution of a first-degree equation by substitution
EF07MA17,539cab15-5fb8-5920-951d-d95e4f9d6aed,Determine whether two quantities are in a proportional relationship
EF07MA17,2de23924-f053-4a13-b34e-28b83ceb35a3,Write an algebraic sentence expressing a direct proportional relationship between two quantities
EF07MA17,df9bf5a0-b858-4f93-9cf3-c3c09b9dc46b,Solve problems involving direct proportional variation using an algebraic representation
EF07MA16,d0e55009-566c-4ff2-8365-75dafa4a8df9,Generate algebraic expressions to describe the pattern of a given numerical sequence
EF07MA16,0e6cf63f-55b5-4552-a071-9519e7475816,Evaluate two algebraic expressions for multiple values to test their outputs
EF07MA16,52a53073-75a3-592d-a9cf-aba403b0d018,Determine whether expressions are equivalent using the properties of operations to simplify or expand expressions
EF07MA15,f7990b4f-5920-41f7-a8c9-01f64831d3e6,Identify the pattern relating the position and value of terms in a numerical sequence
EF07MA15,f7928c26-0275-4cbf-8ad3-1fbd36e47e8c,Express the general term of a numerical sequence using algebraic notation
EF07MA15,e87d5077-a89b-4715-b38d-8947df9c8deb,Use an algebraic expression to calculate any term of a numerical sequence
EF07MA14,598c5524-55d5-4ed2-a100-833e055a0df0,Distinguish between recursive and non-recursive sequences based on their definitions
EF07MA14,21479dcc-0b2f-4e28-b539-a8f2550639db,Classify a given sequence as recursive or non-recursive and justify the classification
EF07MA14,71826b2a-d622-461c-b892-725d21269865,Recognize examples of recursion in contexts outside mathematics such as arts or literature
EF07MA13,f0b6fc33-145e-489b-9a99-622736f9df6c,Distinguish between the use of a letter as a variable and its use as an unknown
EF07MA13,a1b7371f-4bdc-483e-bfb4-87899625662a,Interpret a variable as a quantity that can take multiple values in a relationship
EF07MA13,b6b1318b-0c19-4d23-b7c4-8d73db897c7f,Express the relationship between two quantities using a variable in algebraic notation
EF07MA12,d4e4ec55-b3a2-47f5-994e-da2e52fae49b,Perform addition and subtraction with rational numbers in problem situations
EF07MA12,cc5cfb48-9330-496b-96b0-7ae6f897f069,Construct a problem situation that requires operations with rational numbers
EF07MA12,6dd78f99-e0d2-58ad-9247-82ad17df2304,"Write and solve multi-step equations to represent real-world problems, including using rational numbers"
EF06MA24,f3be4332-590f-4b7f-8b0c-5306108a4777,"Solve problems involving length, mass, capacity, or time measurements without using formulas"
EF06MA24,ae975d69-8c4a-580b-aba0-7d9089b3393b,Find area of triangles by composing into rectangles or decomposing into triangles and other shapes and use to solve real-world problems
EF06MA24,f6cc98df-8d45-5acc-868f-9fd3fa9f58e5,Use multiplication and addition to solve real-world problems involving volume
EF06MA24,08a2822f-e7b0-4a26-a210-39927175387e,Compose problems involving measurement quantities embedded in real-world contexts
EF06MA24,7bf499f6-03f9-4ded-b367-f12630e5aaa9,Solve measurement problems connected to contexts from other areas of knowledge
EF07MA10,fad257bc-340e-4c12-a1ed-a17d97732af2,Compare two rational numbers expressed in different representations
EF07MA10,9d795694-10ee-5720-b042-24295517817c,Demonstrate understanding of ordering of rational numbers
EF07MA10,65bf0c6b-b4e7-41e8-bc72-59ede78e2fdd,Associate rational numbers with their corresponding points on the number line
EF07MA09,51d0eaaa-7cde-4518-92a6-483f2549f203,Interpret a fraction as expressing the ratio between two parts of a quantity
EF07MA09,c2b2be12-f7fa-4420-9796-c6dfa9ffcc5a,Apply the relationship between ratio and fraction to solve a problem situation
EF07MA08,fe398b4c-1031-47f1-8e11-968e2ab6f01a,"Interpret a fraction in the contexts of part-of-a-whole, division result, ratio, and operator"
EF07MA08,82d042d0-dd1d-50d8-bea6-43361589d5a6,Compare two fractions with different numerators and different denominators
EF07MA08,9c52dc04-8e3b-45e7-a1af-0862fa7e71fb,"Order a set of fractions associated with part-of-a-whole, ratio, or operator meanings"
EF07MA07,a5790838-903d-46c2-89df-cffb820c53a5,Describe the steps used to solve a mathematical problem in sequence
EF07MA07,f90fe970-6296-46ad-81a0-663aa06c2f9a,Represent the solution steps of a problem using a flowchart with correct symbols
EF07MA07,266cbcbc-39c5-4f87-adea-5b3f1a4cce77,Use a single flowchart to represent the shared solution structure of a set of problems
EF07MA06,4a714ab3-45c2-4c74-9b68-8f0a77fc53f9,Identify that two or more problems share the same solution structure
EF07MA06,e4ec9375-3ff3-4b55-b7d5-5950a46840ea,Apply the same solution procedure to all problems sharing the same structure
EF07MA06,9aafc477-b02b-439b-9a7c-59cf66587a89,Justify why the same algorithm solves a set of structurally identical problems
EF07MA05,496fb33e-c06b-4d1a-b8c8-ec277829e728,Solve a given problem using one complete algorithm
EF07MA05,5b022698-8c5f-45bc-be34-3192863ee067,Solve the same problem using a second distinct algorithm
EF07MA05,353b16fe-5503-41b2-b319-49e452e90797,Compare the results and steps of different algorithms applied to the same problem
EF08MA05,0eff79e7-3b99-4509-a88d-4f459e088fa3,Identify the repeating block (period) in a repeating decimal number
EF08MA05,00399cc2-e598-4c1e-9234-6ce1ed9b184b,Apply algebraic procedures to convert a repeating decimal into a fraction
EF08MA05,be8e4f0d-7a26-49c2-8e34-88bfb54e6188,Verify that the generative fraction obtained is equivalent to the original repeating decimal
EF08MA05,f57276ca-73e2-4d05-a1dd-f98ddb0ad548,Distinguish between terminating decimals and repeating decimals and their fractional forms
EF05MA24,99dfb483-4a12-47cc-81f0-816dcfadd644,Interpret statistical data presented in bar graphs related to real-world contexts
EF05MA24,87d0f928-cade-496a-9eb7-f1d4a36fceb7,Produce a written text that synthesizes conclusions drawn from statistical data
EF08MA03,4801b371-d19a-416f-9a78-7dfa857b12d7,Identify the number of choices at each stage of a counting problem
EF08MA03,404e9433-913a-4862-b5ab-7c7c9e7fe827,Apply the Fundamental Counting Principle to calculate the total number of outcomes
EF08MA03,f12aabd3-edc8-423d-abfa-c45a9dffbed9,Solve counting problems whose solution requires the multiplication principle
EF08MA03,30702f9d-e9ea-4d78-9459-2d1dca7407d9,Compose counting problems whose solution involves the Fundamental Counting Principle
EF06MA13,79045072-d60c-403c-be7e-336ff5f6558c,Interpret a percentage as a proportional relationship between a part and a whole
EF06MA13,5c413b6b-9c68-4b0f-a902-709ad6f9df0d,Calculate a percentage of a quantity using personal strategies and mental computation
EF06MA13,36118b4d-34ed-4d2f-a3a4-ad61d242e044,Solve problems involving percentages in financial literacy contexts without using cross-multiplication
EF06MA13,748762a5-c417-4370-a771-fa6e0cec399a,Compose problems involving percentages based on the concept of proportionality
EF06MA12,1dfba80f-91fa-461a-9b88-6c11d6e8d6b3,Round a given number to the nearest power of 10
EF06MA12,00219fcd-9a49-478f-946a-c3b8661ce53f,Estimate quantities using powers of 10 as reference values
EF06MA12,a7c58b73-df31-40f7-b767-9065b626701b,Identify the appropriate power of 10 to use when rounding a given number
EF06MA11,ce41ddd6-702e-42c2-b155-783f24c561de,Solve problems with positive rational numbers in decimal form using the four fundamental operations
EF06MA11,15e12442-4c5e-4504-9164-e03ba62f6702,Apply exponentiation to positive rational numbers in decimal representation
EF06MA11,e26b6696-1fe6-5a93-97f8-2de9dd1d07e2,Assess the reasonableness of answers using mental computation and estimation strategies
EF06MA11,ffc6ef6e-72bc-4d10-b1c3-2c968457e238,Compose problems involving operations with positive rational numbers in decimal representation
EF06MA10,32053346-cfac-4ee1-b886-bd542b10acda,"Add positive rational numbers expressed as fractions, including cases requiring a common denominator"
EF06MA10,38e3c9da-f962-4b40-8a45-dd6caf252d31,Solve problems involving addition and subtraction of positive rational numbers in fractional form
EF06MA09,a84732de-2bae-473c-9c8b-a909e696fcc1,Calculate a fraction of a quantity when the result is a natural number
EF06MA09,f66dfb80-052a-4606-9317-dba00f65b32d,Solve problems involving finding a fractional part of a given quantity
EF06MA09,21aa5a66-fa57-4008-8d0b-a5c0b718379e,Compose problems involving the calculation of a fraction of a quantity
EF05MA04,c3b684c1-9c44-51cd-8a52-d7812ec62951,Generate equivalent fractions using the principle a/b = (n x a)/(n x b)
EF05MA04,c3b684c1-9c44-51cd-8a52-d7812ec62951,Generate equivalent fractions using the principle a/b = (n x a)/(n x b)
EF05MA04,16c252cb-8bae-4d7f-ae12-1dc5e84f7d4b,Recognize that equivalent fractions represent the same quantity or position on the number line
EF05MA05,9489e3f6-0da4-43db-8b5c-513e25269811,Compare two positive rational numbers in fractional or decimal representation
EF05MA05,d67ee451-bb81-472a-bbee-93b0661aa509,Order a set of positive rational numbers in fractional and decimal forms
EF05MA05,54110dcc-df25-5da3-95e7-b95407c0aff3,Identify a rational number as a point on a number line
EF05MA06,d3c67feb-bed1-433b-a284-f739c3adad1c,"Associate benchmark percentages (10%, 25%, 50%, 75%, 100%) with their equivalent fractional forms"
EF05MA06,2136d7a3-3e33-4c10-942b-ada8d4783027,Calculate a benchmark percentage of a quantity using mental computation or a calculator
EF05MA06,f6ce51df-5546-40e5-8274-dfa6eb4ae364,Apply benchmark percentage relationships to solve problems in financial literacy contexts
EF08MA09,231fcdf7-44cc-49c1-9f8b-0733f5c959e9,Recognize an equation of the form ax² = b as a second-degree polynomial equation
EF08MA09,677a2fa9-3131-45d5-9179-0769f12d0975,Solve equations of the form ax² = b by isolating the squared variable
EF08MA09,d989bcbe-5e94-48b7-900c-86316fc310ec,"Interpret solutions of ax² = b in the context of the problem, including non-real cases"
EF08MA09,63e2fc2a-08fe-481e-9680-64520f82bc72,Compose problems that can be modeled by equations of the form ax² = b
EF05MA23,e7cdb75c-feda-56cb-aaa8-36eb7c2186db,Identify the outcomes in the sample space which compose the event
EF05MA23,daf75cdc-0646-439d-abda-b8e34649be83,Calculate the probability of a specific outcome in an equiprobable sample space
EF05MA23,f578a7d0-3872-555d-9e67-0ec54d6f90a6,Use a uniform probability model to find the probability of simple events
EF07MA11,46fa1581-c95a-556e-9573-d6b6a1924e4b,Multiply rational numbers
EF07MA11,405b366c-2f55-4a55-aff6-06b489acd8ae,Identify the relationship between multiplication and division of rational numbers
EF07MA11,54a463dd-df6b-5ace-afb5-b3b179799e8e,Apply properties of operations as strategies to multiply rational numbers
EF05MA21,b39daa6d-6ef9-5322-9331-d38a806b52ec,Recognize volume as an attribute of solid figures
EF05MA21,7f339f4c-abc1-50e7-a0f3-448af44eabec,Find the volume of a three-dimensional figure by counting unit cubes
EF05MA21,13204de1-3979-45eb-8227-9aee231c2907,Compare volumes of different solids using unit cube stacking
EF02MA08,28425817-29fd-445c-9515-2cddd93a436c,Calculate the double of a quantity using personal strategies or manipulative materials
EF02MA08,12bd699b-f488-4bf4-9774-0162ec141028,"Solve problems involving double, half, triple, and one-third of quantities"
EF02MA07,a8be94fb-1440-4e4f-b072-979d49267a1c,Use repeated addition patterns to generalize the concept of multiplication
EF02MA07,57e58e03-551c-420c-91fa-4651b7f31c48,Solve multiplication problems using repeated addition and personal strategies
EF02MA07,b1703217-469d-4194-b477-dbed9db76ff2,"Compose multiplication problems involving factors of 2, 3, 4, or 5"
EF02MA06,73ce38ed-91c5-4eb6-a6ae-56588d0f10fc,Solve addition problems with numbers up to three digits using personal or conventional strategies
EF02MA06,25a9e83f-6601-461f-a628-fea1e2da2db5,Compose addition and subtraction problems with numbers up to three digits with varied meanings
EF02MA06,98f2b790-34c7-4703-ab29-07cc7f5d1773,"Identify the meaning (joining, adding to, separating, taking from) in a given addition or subtraction problem"
EF08MA21,93b70bbd-9d2e-4643-b455-2faa4445d936,"Identify the dimensions (length, width, height) of a rectangular prism from a problem context"
EF08MA21,a10cec5e-d8e5-4fce-b38e-4758d3b5bc66,Apply the formula V = l × w × h to calculate the volume of a rectangular prism
EF08MA21,6bb567b5-68bc-4fe6-82bb-7985657a7969,Solve problems involving the volume of a container in the shape of a rectangular prism
EF08MA21,e5b710b9-548f-4b2d-8a83-20ad54c59916,Compose problems involving the calculation of volume of rectangular prism-shaped containers
EF07MA02,2df5e956-6c36-4f39-b017-4c15a213c961,Calculate simple percentage increases on a given quantity using personal strategies
EF07MA02,1b4c133e-7319-47fa-a49a-d01756b2a653,Solve problems involving percentages in financial literacy contexts using mental computation or a calculator
EF07MA02,6fc28626-4d8d-489c-ab86-2f749eb308ba,Compose problems involving percentage increases and decreases in real-world contexts
EM13MAT507,fb394c58-4680-4acf-a7b9-2329b36ff12f,Identify an arithmetic progression (AP) as a sequence with a constant common difference
EM13MAT507,ac2e1b59-a506-56f6-af9a-2f660ae6eb8d,Write arithmetic sequences in real-world contexts explicitly as linear functions or equations
EM13MAT507,567af5d9-fcac-454f-b8a2-c6f87fe0aaaf,Derive the general term formula for an arithmetic progression
EM13MAT507,0c96d053-c434-4e50-a4cb-1af27362d434,Solve problems using properties and formulas of arithmetic progressions
EM13MAT506,c2aab9aa-2568-49b8-8117-f7854232f621,Calculate the perimeter of a regular polygon as a function of its side length
EM13MAT506,9171bbbd-aeb8-4b7f-b735-c8becc2b88f9,Represent graphically how area and perimeter of a regular polygon vary with side length
EM13MAT506,5f5e99a2-a87d-4132-b1af-6b7fde202cb7,Classify the functions relating side length to perimeter and to area of regular polygons
EM13MAT505,f469c0fd-2b4c-4f30-8550-82b71c3c2673,Identify which regular polygons can tile the plane without gaps or overlaps
EM13MAT505,9aa226a0-f07e-4825-9609-22d7b780138b,Conjecture about combinations of polygons that produce valid plane tessellations
EM13MAT505,cdd5ca94-db26-4eea-abde-ec7e7d7a67cd,Generalize observed patterns to determine conditions for polygon tessellations
EM13MAT505,59861ece-854a-4fc5-813c-bb08113797e9,Solve problems involving plane tessellation using geometric reasoning or dynamic geometry tools
EM13MAT309,d18c877d-1161-41fd-bd99-0b60ac67ccd5,"Calculate the total surface area of prisms, pyramids, and solids of revolution"
EM13MAT309,6aecfcd1-5068-56f0-93cd-b323d5032bef,"Use the volume formula for cylinders, pyramids, cones, and spheres to solve real world volume problems with composite shapes"
EM13MAT309,714db539-a0ae-4afb-aa64-5f6f470e0810,Create real-world problems involving surface area and volume of composite geometric solids
EM13MAT504,ef463c26-ba1a-57b8-bda8-b97b517a16e9,"Using Cavalieri’s Principle, provide informal arguments to develop the formulas for the volume of spheres and other solid figures"
EM13MAT504,7f15b733-d230-443e-b4ad-310cf114f232,Derive the volume formula for prisms and cylinders using Cavalieri's principle
EM13MAT504,4a576a78-d0c3-49e5-8074-6264102e1ada,Derive the volume formula for pyramids and cones from the corresponding prism and cylinder formulas
EM13MAT504,b197d4f8-a2fc-4ee3-ab39-1f58ad557a46,"Investigate relationships between volumes of prisms, pyramids, cylinders, and cones"
EM13MAT502,80dd2f81-1226-47da-a418-2affa8f808b6,Identify numerical patterns in a table of values relating two quantities
EM13MAT502,b6b7476a-b7dc-4587-b0c4-337bcfda93a1,Plot points from a table of values in the Cartesian plane
EM13MAT502,0bb95e6b-ffdf-4c6e-92ec-172ec94f8264,Formulate conjectures about patterns observed in graphs or tables of values
EM13MAT502,67ae7935-dc78-4d60-8338-bc0fd2587492,Express a generalized pattern algebraically as a second-degree polynomial function y = ax²
EM13MAT502,e643fe57-9d81-4ebc-a21b-64af9b029660,Recognize when a set of data corresponds to a quadratic function of the form y = ax²
EF02MA05,0bbb17b0-5a74-4f37-b357-4b528d8ecee4,Build basic addition facts for sums up to 18 from concrete or representational strategies
EF02MA05,8cdb3c9a-acb2-4da4-9026-f7103fa84c8c,Build basic subtraction facts derived from corresponding addition facts
EF02MA05,1b56c18f-0b72-4817-890a-7fee1b1c0695,Apply basic addition and subtraction facts in mental computation
EI03ET07,aa4cdcda-5636-5ff9-a386-9bd5b23d58b8,Represent a number of objects up to 120 with a written numeral
EI03ET07,710ff1de-3935-42c5-b5db-965f1872553e,Identify the element that comes immediately before a given element in a sequence
EI03ET07,f9ebcfb9-f75c-478c-a00b-9f232c5395f0,Identify the element that falls between two given elements in a sequence
EI03ET06,cd4f50bc-54ff-4ea9-9505-55960b1bf493,Recount important facts about their own birth and early development
EI03ET06,836f8a55-1ede-4185-9378-7f303691fd02,Describe significant events in the history of family members
EI03ET06,62db1834-ceca-46b3-b8bc-d8d2ba9641a6,Describe important facts about the history of their community
EI03ET05,242d14da-c01b-4b82-953f-bb7cc488a102,Classify objects according to shared similarities
EI03ET05,be169ca7-459d-45f4-8284-d979f33fadba,Classify figures according to observable differences
EI03ET05,aba7d0a0-913b-45e4-8ede-855ef4e8d2a7,Sort objects or figures into groups based on self-defined classification criteria
EI03ET04,d16c2bdc-c278-4a48-b1e3-5d2186d77f5d,"Record observations using drawing, numerical notation, or spontaneous writing"
EI03ET04,7952f0bb-3870-4c0d-8310-f7ee7a2ce074,Record results of manipulations or measurements on different media
EI03ET04,6afd8909-39d2-466b-aa7b-c099824da110,Select an appropriate form of representation to document an observation or measurement
EI03ET03,cd0ed9d4-de8b-4f07-be99-601988b0ddd7,Identify sources of information relevant to a question about nature or natural phenomena
EI03ET03,db10796e-9b87-4fcb-aded-ef2fa7c10670,Select appropriate sources of information to answer questions about conservation of nature
EI03ET03,10ec439d-8fae-4b4a-8ed4-fc3543e5220e,Use selected sources to find answers to questions about natural phenomena
EI03ET02,982caee5-356a-4498-a5aa-0092d989b882,Observe changes in materials resulting from actions applied to them in experiments
EI03ET02,1fb66e53-bee0-4b3e-b177-16d810cf4330,Describe changes in materials caused by natural or artificial phenomena
EI03ET02,0137f051-2b3e-420b-bc0f-069214b2efc2,Compare the properties of a material before and after an action is applied to it
EI03ET01,a66c32da-9426-45c4-87b0-bbaf58adf722,"Observe the physical properties of objects such as size, shape, color, and texture"
EI03ET01,a7a146ba-ecb2-4b66-bfda-3f1b2545388a,Establish comparative relationships between objects based on observed properties
EI03ET01,93c1e987-c819-4d37-adf5-85eb499337d9,Order or group objects according to a specific observable property
EI02ET08,c6957662-5dc4-4d6c-ae7a-9200d29ca06c,Record with numerals the number of girls and boys present in the group
EI02ET08,75e6286a-cc15-48bc-aea6-6370fd408862,Record with numerals the number of absent children in the group
EI02ET08,766bd170-9545-416f-9cba-200706868a5e,Record with numerals the quantity of objects belonging to the same category
EI02ET07,f48bdda6-192f-48e2-bbba-b199b56e6ad0,Count a set of objects orally in everyday contexts
EI02ET07,655df555-2bd6-4253-b5e2-9d487600194e,Count people or books orally in a variety of real situations
EI02ET07,6dbbbf80-321e-4e88-8e9d-319cce2705f1,Apply oral counting to determine the total number of elements in a collection
EM13MAT503,d94c6269-664e-5acd-9ca7-e9d6e3989a8b,Identify the vertex as the minimum or maximum value of a function defined by a quadratic expression
EM13MAT503,2a6fdd97-69d5-4e18-bca3-a30134b27854,Determine maximum or minimum values of a quadratic function in a given context
EM13MAT503,2ece45a9-b52b-4ca0-8c2c-29b4f5389745,"Interpret the maximum or minimum point of a quadratic function in surface area, financial, or kinematics contexts"
EM13MAT503,6a009182-cdaf-4eb8-ae03-f95f5cabe67e,Use digital technologies to investigate maximum and minimum points of quadratic functions
EM13MAT310,ea322061-5e20-46f6-9e17-08b5d64b9f57,Apply the Multiplication Principle to count outcomes of multi-step events
EM13MAT310,3996f7e2-7f07-4586-be95-582c6c263ef2,Apply the Addition Principle to count outcomes of mutually exclusive events
EM13MAT310,080bf622-1d49-40c0-af51-60c36a59e0fb,Use tree diagrams to enumerate ordered and unordered arrangements of elements
EM13MAT310,ba97aabc-c686-4810-a914-973809265ca7,Distinguish between situations requiring ordered arrangements (permutations) and unordered arrangements (combinations)
EM13MAT310,9d733299-5003-44af-bdad-6edc5b8ff368,Solve and create counting problems using the Multiplication and Addition Principles
EM13MAT311,3adc18f8-15fb-5dca-ae72-20a6dbb0b4bb,Define a sample space and events within the sample space
EM13MAT311,e7cdb75c-feda-56cb-aaa8-36eb7c2186db,Identify the outcomes in the sample space which compose the event
EM13MAT311,f578a7d0-3872-555d-9e67-0ec54d6f90a6,Use a uniform probability model to find the probability of simple events
EM13MAT311,0bb93121-382a-4cea-ad19-4c3e851e17b7,Create problems involving probability based on a described sample space
EM13MAT312,f703c697-7bb4-5e33-9f83-56bf272768f3,Identify events as independent if P(A|B) = P(A)
EM13MAT312,636dbe08-2937-576c-b306-64bca3e61563,Find probabilities of compound independent events
EM13MAT312,04cb028a-b65d-462b-a41e-f49d51cffaa8,Solve and create problems involving probability in successive random experiments
EM13MAT401,67b6e6c2-5815-4bb5-86a9-37c3e3c21722,Identify the slope and y-intercept of a first-degree polynomial function from its algebraic expression
EM13MAT401,a513ff2f-dbe0-4302-b0fc-6ce2a0b768d5,Plot the graph of a first-degree polynomial function in the Cartesian plane
EM13MAT401,1806b64c-4a5c-431a-a375-b938de3e2c47,Distinguish proportional relationships from non-proportional linear relationships using their graphs
EM13MAT401,197b075b-584b-4577-aa7b-383bc33d9a0f,Convert between the algebraic and geometric representations of a linear function using dynamic geometry software
EM13MAT316,a35d81f0-1a2e-4247-b3a2-5e3843efe0c6,"Calculate mean, median, and mode to summarize and characterize a scientific dataset"
EM13MAT316,250f9cee-2791-4e01-89bc-50a71aa39600,"Calculate range, variance, and standard deviation for a given data set"
EM13MAT316,79d8c281-8f70-4227-8f38-73d8b2ce1d05,Interpret measures of central tendency and dispersion in context
EM13MAT316,858d3fe8-05f0-43f8-a305-2b60ce0f5bec,Solve problems involving measures of central tendency and dispersion in real-world contexts
EM13MAT315,12bc6fde-a430-4a6d-bec2-a27c7d0eb492,Describe the steps used to solve a mathematical problem in sequential order
EM13MAT315,9da3b8b9-a82b-43ea-af11-17ef717f38e5,Record the steps of a problem-solving process as a flowchart
EM13MAT315,518b860b-68a0-4e2b-8b88-5c3f8efa1702,Evaluate whether a given algorithm correctly solves the problem it was designed for
EM13MAT314,038d987c-3b99-47a1-a716-592ca26b3b56,Identify quantities defined by the ratio of two other quantities in real-world contexts
EM13MAT314,4a3a020a-04a7-4bdd-b59b-8a1e577262b5,"Solve problems involving derived quantities such as speed, population density, or electrical energy"
EM13MAT314,db9dfbb2-c733-4213-893e-c3216341ff3f,Create problems involving quantities defined by the ratio or product of other quantities
EM13MAT313,220a38f4-3a14-40d5-a32d-312e0b8e94b2,Express a measurement using scientific notation with the appropriate number of significant figures
EM13MAT313,9665a70a-b484-48ef-8b07-07c57ace5f6d,Distinguish significant figures from doubtful digits in a measurement
EM13MAT313,f847ca2c-8f17-459d-a6b3-29375e0f4993,Recognize that every measurement carries an inherent error or uncertainty
EI02ET06,7bd8e4d6-8e74-4315-959e-2529970b398c,Use temporal words and phrases to signal the order of events in a narrative
EI02ET06,5b9588b8-b65d-4c66-b95e-a314c5b9fb1e,"Apply relative time concepts (before, during, after) to order events"
EI02ET06,834268bf-d371-4910-a888-dfa47c9ab914,"Use speed-related vocabulary (slow, fast, quickly, slowly) to describe actions or events"
EI02ET05,23bca7d2-f33e-4d3f-899e-c378ec3de3e8,Sort common objects into given categories such as shapes or foods
EI02ET05,a41ac4c3-85b3-471f-8858-bb0d0cd064ca,Identify the attribute used to classify a given set of objects
EI02ET04,2ad934e1-0446-5174-ae7c-26b06e85dbc6,"Describe the relative positions of objects in the environment using terms such as above, below, beside, in front of, behind, and next to"
EI02ET04,48ed07fc-f48a-417b-a173-81e341ec2ffc,"Identify temporal relationships between events using the terms before, during, and after"
EI02ET03,14e0ff29-1a69-4a45-88ad-36069de80d25,Participate in the care of plants or animals within the early childhood setting
EI02ET03,5dbe67bd-81a9-460c-8c71-5f2b4d9c959f,Share responsibilities with peers in caring for living things in outdoor environments
EF09MA02,eb1842a1-9296-41de-9004-b4affc7831fd,"Recognize that an irrational number has an infinite, non-repeating decimal representation"
EF09MA02,f3b61ab1-c451-4a8a-bf65-9f1a1a251754,Distinguish irrational numbers from rational numbers based on their decimal representations
EF09MA02,bac2efb6-afa7-518d-be33-714f3a956905,Estimate the value of irrational numbers to a given degree of precision
EF09MA01,9eed87fe-95a1-4c3b-be87-d99095bcf339,Recognize that the diagonal of a polygon can have a length inexpressible as a rational number
EF09MA01,71a76166-333c-43ad-b9d2-191e1fae840c,Identify line segments in geometric figures whose lengths cannot be expressed as rational numbers
EF09MA01,451bb90d-2c8d-4b82-a987-8767731a8a6c,"Explain why certain lengths, such as altitudes of triangles, are not rational when side lengths equal one unit"
EF08MA27,e150bd9e-820e-400c-9e57-f841249aebc5,Select an appropriate sampling technique for a given sample survey
EF08MA27,2ae1ea65-29d8-4474-a041-bb53d57fd7b1,Collect and organize data from a sample survey
EF08MA27,4e6d7b51-b563-4bd9-b5c1-6307c7b1dd10,Construct graphs that suitably represent the collected data set
EF08MA27,8736780f-c6eb-49e3-af1b-55e84d61c7a7,"Write a statistical report highlighting measures of central tendency, range, and conclusions"
EF08MA26,48267e56-93ad-403a-953b-2b6ee05e9fca,"Justify the choice of a sample survey over a census using physical, ethical, or economic reasoning"
EF08MA26,9bf2f558-44de-4371-8a24-526899dcde8c,"Distinguish between simple random, systematic, and stratified sampling methods"
EF08MA26,07be76f0-8458-4927-88c9-06d40ba7b34f,Select an appropriate sampling method for a given survey context
EF08MA25,a35d81f0-1a2e-4247-b3a2-5e3843efe0c6,"Calculate mean, median, and mode to summarize and characterize a scientific dataset"
EF08MA25,ef7660fe-8ddd-4a04-8711-a804cc97c610,Interpret the meaning of each measure of central tendency in context
EF08MA25,339a7db8-bc19-455d-9ff3-fb2273cc68e3,Relate measures of central tendency to data dispersion as indicated by range
EF08MA24,8415bc93-6a25-4a62-86d8-9a16d4aa38e2,Organize continuous variable data from a statistical survey into appropriate class intervals
EF08MA24,6d28d3b6-c2b5-4103-aaa1-75d728689d93,Evaluate whether a chosen class interval grouping adequately summarizes the data for decision-making
EF08MA23,234590bf-6103-47a0-9823-910d91aebcfd,Identify the characteristics of different graph types used to represent statistical data
EF08MA23,59f1d8cf-bbfe-4da2-9734-5008d0235c56,Evaluate which type of graph is most appropriate for representing a given data set
EF08MA02,74c1e05f-c68f-406a-a9d2-c4752b6c785b,Represent a radical as a power with a fractional exponent
EF08MA02,ad09d9a2-7e10-46a5-9d61-6cbd16988675,Apply the inverse relationship between exponentiation and root extraction to simplify expressions
EF08MA02,a809b12a-5464-4ed7-a031-8676bcf5364f,Solve problems using the equivalence between radical notation and fractional exponent notation
EF08MA01,c6c95184-8107-4573-8d38-a329814663f0,Perform calculations with powers having integer exponents
EF08MA01,95a6521a-e945-576b-9934-ce4039978c77,Use exponent properties to generate equivalent numerical expressions with integer exponents
EF08MA01,22aa2bcf-b61a-41ce-bc8c-885280464073,Express numbers in scientific notation using powers of ten
EF07MA37,a673306b-ff0e-4392-bb69-579c5e3cba28,Interpret data presented in pie charts published in the media
EF07MA37,ad7f840f-c413-408c-adf7-d21937a5b535,Analyze proportional relationships between categories represented in a pie chart
EF07MA37,3d937218-b8e8-409b-aeb3-1d3409585759,"Select an appropriate organizational format (table, chart, graph) for a given data set"
EF07MA36,dfcb0cd2-69fb-4ca6-aebd-0df4421e8d05,Determine whether a census or a sample is appropriate for a given survey topic
EF07MA36,63ba620e-01c7-405c-bc55-27e9588ef836,Collect and organize data from a planned survey on a social reality topic
EF07MA36,35b540eb-18d3-4e0e-bde9-60c725233474,Represent survey data using tables and graphs with the support of spreadsheet software
EF07MA36,5194e528-90d6-43e4-aea3-82ddd259d6a4,Communicate survey findings through a written report including data interpretation
EF07MA35,807487f3-73fc-4a0a-91ef-af18e52fe375,Calculate the arithmetic mean of a data set
EF07MA35,124bdaaf-c052-4b19-b0a4-efaa8840f94c,Interpret the statistical mean as a measure of central tendency
EF07MA35,1b94ca5e-5b54-4396-8b13-0feafdc47711,Relate the mean intuitively to the range of a data set
EF07MA35,371e3a5c-ddd3-47af-bb45-192195b04bf8,Identify the mean as a representative value within the range of a data set
EF07MA34,24c4133c-9460-42d9-a982-a88abe5961b6,Plan a random experiment or simulation to investigate a probability
EF07MA34,5f979d61-84f0-4ca3-a85c-d01e801e34f8,Carry out a random experiment or simulation and record outcomes
EF07MA34,4cae0aac-4930-4ae9-8762-4fb0ab9bdc3c,Calculate relative frequencies of outcomes from experimental data
EF07MA34,5ecf7e26-2234-4f85-8d00-b8e88011ea77,Estimate the probability of an event using relative frequencies from a simulation
EF07MA33,d0dc7a0d-45e1-5e0c-b941-4f8f63442879,"Using the fact that the ratio of diameter to circumference is the same for circles, prove that all circles are similar"
EF07MA33,3e117ec0-15e3-504c-9492-f689213dd079,"Find the circumference of a circle to solve problems, including by using the formula for circumference of a circle"
EF07MA33,3e117ec0-15e3-504c-9492-f689213dd079,"Find the circumference of a circle to solve problems, including by using the formula for circumference of a circle"
EF07MA33,47d4d887-6a50-4831-b8c4-071f0baa655e,Describe the historical development of π as a mathematical constant
EF07MA32,d4b71bd8-dc66-40ae-a10d-c5c24041f96f,"Decompose a plane figure into squares, rectangles, and/or triangles"
EF07MA32,1a62ad2c-37b5-4dde-b610-16ec6f9e89d4,Apply the principle of area equivalence to composite plane figures
EF07MA32,29c42ed3-da20-5288-a4b1-c72989c97fe4,Find the area of rectilinear figures by decomposing them into non-overlapping parts and finding the area of each part
EF07MA32,e477cb1f-073b-4243-8d73-b33a49839383,Compose a problem involving the area of a figure decomposed into simpler shapes
EF07MA31,f09381d0-246c-4779-892c-1b4b359b8b47,Derive the area formula for a triangle from the area of a rectangle
EF07MA31,9210a566-780e-4f1e-b3a0-d8a48b7fd91f,Derive the area formula for a trapezoid using decomposition into triangles and rectangles
EF07MA31,bab4d107-f344-4235-a4eb-90b720fbd634,Explain the geometric reasoning behind area formulas for quadrilaterals
EF07MA30,dea7a8a3-da2d-4144-93b8-67c5af2eaada,"Calculate the volume of a rectangular prism using length, width, and height"
EF07MA30,79f889e6-54f7-4bd6-99f4-33c3584a90a0,"Convert volume measurements among cubic meters, cubic decimeters, and cubic centimeters"
EF07MA30,414ec184-bad9-54a7-a34f-a77dfdf9c0f9,Determine the volume of three-dimensional objects composed of cubes and right prisms in real-world problems
EF07MA30,37e21048-031c-4c0a-acae-dae1e767640b,Compose a problem requiring calculation of the volume of a rectangular prism
EF07MA29,9432b8e1-ebd3-5962-a190-080bc5687ace,"Use the four operations to solve word problems involving measurement, including simple fractions or decimals"
EF07MA29,87d50561-e7db-4f34-94a8-00656cadae56,Recognize that every empirical measurement is an approximation
EF07MA29,0b583d53-2d36-43eb-971d-cea2025278d4,Identify appropriate standard units for measuring length in a given context
EF07MA29,b737bc4c-a060-4f59-9322-51ff4cac74b0,Compose a problem involving measurement of quantities from real-world situations
EF07MA28,53b3103a-5b2a-4d2f-8f26-2182ea619f3a,Describe in writing a step-by-step algorithm for constructing a regular polygon given its side length
EF07MA28,888223ba-cfdf-4bbd-b1b1-18edd984b09c,Represent an algorithm for constructing a regular polygon using a flowchart
EF07MA28,e3e0b72b-8fc0-44ff-b408-24dec242e62a,Identify the geometric properties of a regular polygon that guide its construction algorithm
EF07MA27,54dbfa62-00a9-4d10-872a-8fe0e93a2702,Calculate interior angle measures of regular polygons without using formulas
EF07MA27,c63a138b-345f-489b-904b-1428491608c3,Establish the relationship between interior and exterior angles of a polygon
EF07MA27,5fb4cdc1-c33d-4191-a838-896ed15cb8fa,Apply interior and exterior angle relationships to construct mosaics or tessellations
EF07MA26,dc74f958-d884-4c0d-8d7c-dd0e7eaefd91,Describe in writing a step-by-step algorithm for constructing a triangle given its three side lengths
EF07MA26,fc1a60f7-c872-4399-88d1-c6cb439e3d0f,Represent an algorithm for constructing a triangle using a flowchart
EF07MA26,52ffb8ee-c70d-5076-b2c6-8f3a1b435fa9,"Draw geometric shapes with given conditions (side lengths, angle measures, radius/diameter)"
EF07MA25,a6aa2863-dfea-4ac0-afc0-e2e8cfdb8700,Recognize that a triangle's shape is rigid when its side lengths are fixed
EF07MA25,2a1ce876-d34b-4044-9802-7dc26aa94f22,Identify real-world applications of triangular rigidity in architectural structures
EF07MA25,7bbf5458-d201-4e98-8c64-cccf8eb5024f,Explain why triangles are used in construction and visual arts due to geometric rigidity
EF07MA24,1f29dce3-d7f4-4a7c-9afe-abe0c49071fb,Construct a triangle using a straightedge and compass given three side lengths
EF07MA24,70967a95-7bf9-4051-95f8-e1570290703a,Verify the triangle inequality as the condition for a triangle's existence
EF07MA24,6c176e33-e342-45f3-9393-ceb13935599d,Verify that the sum of the interior angles of any triangle equals 180°
EF07MA23,2b003d7c-2e77-5d81-b2f4-bd618c0c54be,Establish and use facts about angles created when parallel lines are cut by a transversal
EF07MA23,94b3a2a7-f9b9-45ec-b507-890685ccb0d0,"Verify relationships among corresponding, alternate, and co-interior angles with parallel lines"
EF07MA23,adcbfd80-9738-4671-b6ed-1b5cb7fe8d33,Use dynamic geometry software to explore angle relationships formed by a transversal cutting parallel lines
EF07MA22,afdf1836-51d2-4d4d-8605-34972073e9f9,Construct a circle using a compass given its center and radius
EF07MA22,1049598d-f061-4d06-926b-7f617c0bf11b,Recognize a circle as the locus of points equidistant from a fixed center
EF07MA22,fcbca273-d644-45a8-8e13-463df7d8b575,Use circles to solve problems involving equidistant points or objects
EF07MA22,3676a340-3981-4c90-a142-43629e069bc3,Apply circle constructions to create artistic compositions
EF09MA03,e2c041dc-be4f-55ae-b02c-ac6e09b82173,Extend properties of exponents to justify the interpretation of fractional exponents
EF09MA03,687a3a35-a0c7-4304-a6a6-9bb37b2bd246,Convert between radical notation and fractional exponent notation
EF09MA03,0713fc98-78b8-4be6-a63d-e999277a9e4d,Perform arithmetic operations with real numbers including fractional exponents
EF07MA20,68957e4e-d2df-4f4f-ad33-8757eec0a898,Identify the reflected image of a figure across the x-axis in the Cartesian plane
EF07MA20,beff70b6-66cb-447b-91d1-83d69e984ca6,Represent the reflection of a figure across the origin in the Cartesian plane
EF09MA04,ce4a9be7-d210-4c40-bff1-442a70110457,Represent real numbers in scientific notation
EF09MA04,e1a2750c-e4d1-4462-a803-c2cde44c3795,Convert numbers between standard and scientific notation
EF09MA04,0a21f8d4-e3d8-4fd2-8d48-5cb1f59e247f,Solve problems involving operations with numbers in scientific notation
EF09MA04,bb989280-00f6-4495-9570-5197ed70a719,Compose problems involving real numbers including scientific notation
EF09MA06,50d2d0fc-123a-4961-b928-88d38504082e,Identify a function as a one-to-one dependency relation between two variables
EF09MA06,d446f63c-3600-4e48-8084-a639a14cf305,Represent a function numerically using a table of values
EF09MA06,f4dec411-703c-4df9-be94-c272ff015d53,Represent a function algebraically using an equation or rule
EF09MA06,5eeb4ae9-b5c7-4cd1-b9d4-ca713bbf74a2,Represent a function graphically in the Cartesian plane
EF09MA06,8a96ad74-808a-44d6-accb-c965fe83a272,Analyze a real-world situation involving a functional relationship between two variables
EI02ET02,148b3055-0876-458f-9c99-d9764e35d3a0,"Observe and report everyday occurrences such as sunlight, wind, and rain"
EI02ET02,da5dc60c-602c-447a-b0f4-131bbbebd442,Describe observations and data about natural phenomena using scientific vocabulary
EI02ET02,f59e7b0e-4a5e-4e31-beaa-f2c538171aa2,Compare different natural phenomena observed in everyday contexts
EI02ET01,ec9d94d7-a5f7-4d3d-b141-853b0afc09a5,Explore and describe the texture of objects through direct observation
EI02ET01,9a749421-c6d1-4ea3-992c-ee5dfb34b156,Compare objects according to their mass through direct manipulation
EI02ET01,dceaf51f-c313-492c-9c9f-ec853217767b,Identify similarities and differences among objects based on size and other physical properties
EM13MAT304,65f663f1-de0b-40a8-b7bc-39aad2b21d5a,Identify the quantities that vary exponentially in a given real-world context
EM13MAT304,34fbe045-f7dc-5086-9079-2d35e254c9fe,Interpret the parameters in a exponential function in terms of a context
EM13MAT304,8282838b-357d-4371-ae6e-ee2ec5792449,Solve problems involving exponential growth or decay in financial or scientific contexts
EM13MAT304,f2923b04-7c6a-4bd8-abca-6a87022f42d9,Formulate exponential function models to represent situations involving variable quantities
EM13MAT304,8e407095-eecd-4319-9506-91868e0109b3,Analyze how changes in parameters affect the behavior of an exponential function
EM13MAT303,12842c9f-66a1-4364-b53d-8e74c20f6551,Calculate interest amounts using simple interest formulas in given financial contexts
EM13MAT303,37376572-f519-4ff5-ad68-5e084cb167c4,Represent simple interest growth graphically and identify its linear characteristic
EM13MAT303,2729ed06-745a-4030-95c9-296a8a0f3a7e,Compare simple and compound interest scenarios using graphs or spreadsheets to highlight differences in growth behavior
EM13MAT302,3f58c851-4f2b-4952-ae14-bafccadc726b,Identify whether a problem context is best modeled by a first- or second-degree polynomial function
EM13MAT302,6cb02ce9-2e48-40c5-be99-404171d0f618,Construct a first-degree polynomial function model to represent a real-world problem
EM13MAT302,0c4bbabc-7c9d-4382-bb8b-26509cb786ae,Use a mathematical model to solve a real-world problem and interpret the result
EM13MAT302,2dc2a385-cb5d-450d-9951-a513ba536f95,Validate a polynomial model using digital technologies and adjust it as needed
EM13MAT301,31b95539-ae08-4155-9665-047bc5c44bb9,Represent a real-world situation as a system of simultaneous linear equations
EM13MAT301,ff298a35-95ba-4624-b531-9fd6cca05ae4,Solve a system of simultaneous linear equations using algebraic techniques
EM13MAT301,9038b99f-1465-459e-9fea-089925c4c9f6,Interpret the solution of a system of linear equations in the context of the original problem
EM13MAT301,3a8361b4-0747-4eef-accc-4af3306bb603,Formulate problems from other areas of knowledge that can be solved using systems of linear equations
EM13MAT203,6fc22775-66cd-4d4b-a6c8-f4e697589cdc,Use spreadsheet formulas to build a household budget tracker or interest calculator
EM13MAT203,3e67e6f3-53b3-4c27-87c5-e44ff2e34f8a,Apply simple and compound interest concepts when designing a financial spreadsheet or app
EM13MAT203,4314b33f-f16f-4074-9afe-89353ec1cb05,Interpret outputs generated by a spreadsheet or app to support a financial decision
EM13MAT203,a7897801-9153-41f6-b761-58a5c4a08d3b,Analyze results from a digital tool to evaluate the financial impact of different choices
EM13MAT202,784741b4-a638-46e1-a8a7-6bd42e58a885,"Plan a sample survey by defining the population, sample, and data collection method"
EM13MAT202,e0da8002-ddc1-4d8c-bcd1-00a1b91e86ce,Collect or retrieve data from appropriate sources to conduct a statistical survey
EM13MAT202,78b045c9-49fa-471f-9b1f-1875bd66e91d,"Calculate measures of central tendency and measures of dispersion, including range and standard deviation, for a data set"
EM13MAT202,fcf87961-2b3f-4afb-93a1-76a567b9da0d,Construct graphs to communicate the results of a statistical survey
EM13MAT202,fd71da7e-0c79-4e88-adcd-9d6b70c7bf01,Write a report interpreting statistical measures and graphs from a conducted survey
EM13MAT201,5dd1bafe-b297-4b28-9a97-817038462a16,"Identify a regional community need that requires measurement of perimeter, area, volume, capacity, or mass"
EM13MAT201,3d6bfbbc-4d01-4dbc-84bb-5c1c75f76779,"Calculate the relevant measurement (perimeter, area, volume, capacity, or mass) required for a community-based action"
EM13MAT201,6dc81fc2-0a9f-4640-a4b7-6deb1b361780,Apply measurement calculations to plan or execute a practical community activity
EM13MAT106,2d5b4ca8-47a4-4889-8ae2-2660d49a249b,Identify everyday situations that require evaluating options based on probabilistic risk
EM13MAT106,727918cd-65f4-4651-8aa8-57e0b16c177e,Interpret probability information associated with real-life choices such as contraceptive or medical options
EM13MAT106,f9889381-4056-4650-a453-c5d0dfa8c184,Compare probabilistic risks of different choices to support informed decision-making
EM13MAT105,91491da3-9203-5f7b-85f2-6747ae2ae03f,"Transform a geometric figure given a rotation, reflection, or translation using graph paper, tracing paper, or geometric software, including given the transformation in coordinate notation"
EM13MAT105,40f9896e-36e5-4a43-8286-d22f01e8d6be,Apply compositions of isometric transformations to construct or analyze figures
EM13MAT105,eeec7643-adf1-4eea-9cc7-bc63f9c676d3,"Identify isometric or homothetic transformations present in natural patterns, artworks, or constructions"
EM13MAT105,e0113128-871e-45d7-9f7b-065c271f5c3d,Analyze fractal patterns or architectural elements by identifying the transformations involved
EM13MAT104,7db77acd-7451-4b30-a15f-b33099088c43,Describe the calculation process behind a given socioeconomic index such as HDI or an inflation rate
EM13MAT104,b0f8d684-902a-4eac-9374-a0af271302d5,Interpret the meaning of a socioeconomic rate or index in its real-world context
EM13MAT104,f6f77096-5e4f-4070-bf3f-081a98812a37,Critically analyze a social or economic situation using data from socioeconomic indices
EM13MAT104,f881c08b-fecf-4cca-b235-fa2d61409b6b,Construct well-reasoned arguments based on the interpretation of socioeconomic rates or indices
EM13MAT103,9f866841-5e38-4072-af36-8b9bd9792dbe,Identify units of measurement for various quantities as used in scientific or media texts
EM13MAT103,80462945-43c5-4907-9418-2a88586ca462,Convert between units of measurement within and outside the International System of Units
EM13MAT103,dbd36262-f638-4447-af84-ac4457ae5bf6,Interpret units of data storage and data transfer speed in technology-related contexts
EM13MAT103,b706abc8-e16a-4921-b0ef-5b5a9a123731,Evaluate the appropriate use of units of measurement in a scientific or media text
EM13MAT102,b2550c04-6994-4ac7-aacf-a1ddf46a2b07,Identify the type of graph or table used to represent statistical data in a media report
EM13MAT102,eeb9601e-dd2f-4495-b27e-59ee820a5e09,Detect inappropriate scales in graphs that may lead to misinterpretation of data
EM13MAT102,3b3c207c-2fbb-594f-bc16-aef719637e52,Understand that generalizations about a population from a sample are valid only if the sample is representative of that population
EM13MAT102,a6a5e6f6-7d0d-42e3-aa65-ad91a0bbaef6,Analyze a statistical report to identify other inadequacies that could cause errors of interpretation
EM13MAT101,b515631a-0485-577f-a53d-11d0e0859b71,Identify key features of the graph of a function that are relevant to function's type
EM13MAT101,c6f0747b-6ee8-5e35-95d9-d25d8f5debc6,Determine the rate of change of a function from a real-world context presented in a table or graph
EM13MAT101,9885c229-b3fb-4a6f-933d-ab1e42739dab,Analyze graphical representations of functions to describe the behavior of varying quantities
EM13MAT101,31623959-b25a-4c1f-86cb-e25a2f43a5c2,"Critically evaluate economic, social, or scientific phenomena by comparing rates of change across function graphs"
EM13MAT501,a22ff7c2-b5ac-4d4e-84e5-eee37e340a81,Organize numerical relationships from a table and plot them in the Cartesian plane
EM13MAT501,9fa0c1c8-1bda-422b-bf48-a58f96f741fc,Identify patterns in a table of values to formulate a conjecture about the relationship between quantities
EM13MAT501,148091ca-ee13-4dc7-874d-88cb14aa5d4f,Identify a repeated calculation pattern and generalize it as an algebraic expression or formula
EM13MAT501,9121d688-9bda-45cf-ad32-81c7dafa0e25,Determine whether an algebraic representation of a pattern corresponds to a first-degree polynomial function
EM13MAT407,25113ecc-9de4-48d0-a3a2-74c1d87df2ca,"Interpret data represented in histograms, box plots, and stem-and-leaf plots"
EM13MAT407,7e3f7a9a-dc6b-5170-b00a-682e9c5b147e,Compare two or more different data sets using the center and spread of each
EM13MAT407,90685f5a-a890-4a76-8cb5-610ebe3355eb,Identify the most effective graphical representation for a given statistical analysis
EM13MAT407,f45fea17-7fb9-44e2-adf5-8b3ffb51b0fd,"Extract statistical information such as median, quartiles, or frequency from a given diagram"
EM13MAT406,35c45521-9f40-4484-a858-c5205641fbf4,Organize survey data into a frequency table
EM13MAT406,e1b03869-98a8-486c-9146-57e592e8928b,Construct a graphical display such as a scatter plot or line graph from a data set
EM13MAT406,9dcbafef-2ff2-4a74-acba-446ff8e65756,Analyze data represented in tables or graphs to draw conclusions about observed patterns
EM13MAT406,6895507d-43f0-4a82-9325-06f67b8f12a6,Use statistical software to construct and analyze frequency tables and graphs
EM13MAT405,a0da181d-863b-41b6-bdc2-a376df301cbe,Translate an algorithm written in natural language into a programming language syntax
EM13MAT405,8a0cf180-1701-4a65-af91-be059c3a8276,Translate an algorithm written in mathematical notation into code using a programming language
EM13MAT405,fd9828c2-8d28-4fa2-b16e-f72008b224d4,"Implement a simple algorithm using introductory programming language concepts such as variables, loops, or conditionals"
EM13MAT404,f9dd2cd5-62b2-4330-b183-e68d25eb2fe0,Identify the domain of validity for each rule in a piecewise-defined function
EM13MAT404,44013242-a800-4a7e-8b97-19f0d2fcb3a9,Determine the range and intervals of increase and decrease of a piecewise-defined function
EM13MAT404,001f067b-0a3e-4f31-a81b-aad9a285bd7e,Convert between algebraic and graphical representations of a piecewise-defined function
EM13MAT404,bf35ee57-450a-4c69-ad4e-774c39903eb1,Interpret real-world piecewise functions such as income tax tables or utility billing structures
EM13MAT403,5db21bd4-2a24-4b29-9187-85d1ff41fdf4,"Identify the domain, range, and growth behavior of an exponential function from its table or graph"
EM13MAT403,da6c7ce0-fc22-49aa-86f0-aa9d80e153ee,Convert between tabular and Cartesian representations of exponential and logarithmic functions
EM13MAT403,d7160e36-b1e9-4f65-a7c8-56aeb6dc942c,Compare the fundamental characteristics of exponential and logarithmic functions using their representations
EM13MAT402,7af7360d-1654-4c25-881c-2db4c2d09ad2,Convert the algebraic representation of a second-degree polynomial function into its graph in the Cartesian plane
EM13MAT402,15cec169-6906-4bc7-b16f-ca30f27b6324,Identify cases in which one variable is directly proportional to the square of the other from a quadratic expression
EM13MAT402,e94547aa-7b22-40a4-905b-52714ceb46cd,Distinguish between different forms of quadratic functions by analyzing their geometric representations
EM13MAT402,5fd43b29-e637-4216-a999-4bc7aadec309,Use dynamic geometry software or algebra tools to explore the graphical behavior of second-degree polynomial functions
EI01ET06,5ba135b7-4174-4d11-bd15-bfd244c66b6e,Experience different rhythms during play activities such as dancing or swinging
EI01ET06,a85513ac-e5d4-43fc-9055-58c32acc22ba,Distinguish fast and slow speeds through movement-based play experiences
EI01ET06,09404ce8-7904-4fbf-a4e9-ea08cc2097c9,Explore variations in flow and continuity of movement during physical play
EI01ET06,9faffe8f-bd76-434b-86f5-8534a694c15d,Compare how body movement changes across different play contexts like sliding and dancing
EI01ET05,a2ece9eb-2c55-441e-9095-cca3ec668bf0,Manipulate a variety of materials using hands and senses during play
EI01ET05,894c936d-1618-4d1f-bc79-95d9393e3a6a,Compare similarities between different materials through direct handling
EI01ET05,9f38cd6a-352e-434e-b20a-c47ff7582914,Identify differences between materials based on observable physical properties
EI01ET05,694769a6-0042-430e-9c68-fff4f8072bc5,"Classify materials into groups based on shared observable properties such as color, texture, hardness, or flexibility"
EI01ET04,1fd44778-8e8d-45e2-836d-e80671b16f46,Handle and manipulate objects to explore their physical properties through direct action
EI01ET04,0159ce5a-1f84-4e38-b28f-13b8a35693a8,Arrange objects in space to investigate spatial relationships
EI01ET04,ebf7b539-b6b2-4cd2-928b-2585cc4b8cc3,Explore how one's own body moves through and occupies space
EI01ET04,834c0805-50a1-4b01-b842-eef03240e0e0,Experiment with moving objects to observe changes in their position and arrangement
EI01ET03,4e29d5c8-6156-4f6b-8669-390f9449da63,Observe the environment by handling and manipulating objects directly
EI01ET03,819d65a5-19ad-4004-9f64-9a28f8410e94,Conduct simple trials to investigate how objects and materials behave
EI01ET03,7c9f3d8d-2126-480c-a9fe-4a489782d93f,Describe discoveries made through hands-on exploration of the environment
EI01ET03,7af0797d-b219-412b-b494-73f09d1dbe50,Analyze collected data to identify patterns or relationships relevant to a scientific phenomenon
EI01ET02,7b826655-ec33-45eb-9c54-dbc83e85b7cc,Explore cause-and-effect relationships by acting on materials in the physical world
EI01ET02,c47c10ba-0bfe-49f7-9ebe-48b7a92b9ffc,"Observe outcomes of physical actions such as mixing, overflowing, or moving objects"
EI01ET02,6d000bb7-9236-4529-a4f1-51d18c1e6b68,Identify the relationship between a specific action and its observable effect
EI01ET02,5db714cd-5c0b-404e-b5f9-54659f773950,Compare different effects produced by varying interactions with materials
EI01ET01,e8af871f-88c7-43dc-95d2-d80275e38dd2,Identify the odor of different objects and materials through sensory exploration
EI01ET01,8447f0f4-fb23-44cc-b130-fe27b4806fd2,Distinguish colors of objects and materials through direct observation
EI01ET01,6e3f01e2-166b-4854-9d14-950089ca948b,Explore the taste of edible materials to identify sensory properties
EI01ET01,57a49666-e4db-4130-8b40-013e59625eeb,Compare the temperature of objects and materials through tactile interaction
EI01ET01,49b34f07-5f5d-4eb3-851b-05513be4561f,Describe properties of objects and materials using sensory vocabulary
EF09MA23,e4c21932-03ac-4d9e-9ce4-4f64ac7c31fa,Plan a sample survey on a topic relevant to social reality
EF09MA23,f67556ef-c327-4dca-880d-3c828c5385ab,Collect and organize survey data into appropriate tables and graphs using spreadsheet software
EF09MA23,9747ca26-a805-43ce-b9bc-bc841171a81a,Calculate measures of central tendency and range for a collected data set
EF09MA23,16dc26b9-6411-4c73-bfaa-116489fbf582,Communicate survey results through a written report including data analysis and visualizations
EF09MA22,7702fc64-1e72-496b-95b9-66272eb5ad0b,Select the most appropriate graph or chart type to make a data pattern visible
EF09MA22,15be8e40-9209-4b94-b76d-933866d5514d,"Construct bar, pie, or line charts to represent a data set with or without spreadsheet software"
EF09MA22,24d68dfd-11c9-4446-943e-bfd88694f72f,Highlight measures of central tendency within a selected graph representation
EF09MA22,32c4b8c8-1479-4697-b968-75c7c0580719,Justify the choice of a specific graph type based on the nature of the data
EF09MA21,80d9df09-4868-434a-97b6-92cfd131f91f,Identify inappropriate scales in media graphs that distort data interpretation
EF09MA21,0b795c98-9240-4888-b7c9-a5eb0b97eebb,Recognize missing or misleading information such as absent sources or dates in published graphs
EF09MA21,c78933fc-3da5-4915-9ee0-544abd5deff7,Analyze incorrectly labeled legends or omitted data in media graphs
EF09MA21,eb20aefe-81a3-46f6-9feb-45d408cef1a8,Evaluate whether a published graph accurately represents its underlying data
EF09MA20,16b3a077-3c07-4b68-aa2b-a4aaec30d600,Distinguish between independent and dependent events in random experiments
EF09MA20,5a4612b8-f49a-4b16-b231-542c87822dff,Calculate the probability of independent events occurring in a random experiment
EF09MA20,5a3b3d79-cdbd-4bc9-bba1-7822a37f6011,Compose problems that require identifying and calculating probabilities of independent and dependent events
EF09MA19,28d17ee7-6813-4f2f-9676-a3255cfcc49f,Apply the volume formula for right prisms to solve measurement problems
EF09MA19,414ec184-bad9-54a7-a34f-a77dfdf9c0f9,Determine the volume of three-dimensional objects composed of cubes and right prisms in real-world problems
EF09MA19,300ec218-10c8-4143-bd1b-1e3cf5f1be63,Compose problems involving volume measurement of right prisms and right cylinders
EF09MA18,625b6958-548c-454c-98ca-54781de49086,Recognize units used to express very large measurements such as astronomical distances
EF09MA18,98350d2e-c8d1-46d0-9668-738150a5528a,Recognize units used to express very small measurements such as the size of viruses or cells
EF09MA18,6dbae5b6-7e2f-4657-adc7-2cb6fd2eaf72,Use appropriate units to express computer storage capacity measurements
EF09MA18,517f0612-46bc-494c-9e9e-02876688fa9d,Convert between units used for very large or very small measurements in context
EF09MA17,0c90b67d-4dfd-4e49-801b-2ff6094686b3,"Identify orthographic views (front, side, and top) of three-dimensional figures"
EF09MA17,904cc076-846c-4a23-a12a-214490c2bd89,Match a three-dimensional figure to its corresponding orthographic views
EF09MA17,e4013470-dba5-4964-88e7-07893e975b8c,Draw a three-dimensional object in perspective using orthographic view knowledge
EF09MA16,d7f72fb7-cf73-5e6f-b121-de26302ed7cd,Find the midpoint of a line segment defined by two given points
EF09MA16,43f22866-78e5-4a40-a791-aff24767d88d,Calculate the distance between two points given their coordinates in the Cartesian plane
EF09MA16,08119d75-4179-4128-bfef-0d5db056df44,Apply distance calculations to determine perimeter of plane figures in the coordinate plane
EF09MA15,751e3506-aec8-4876-ba09-0d7866c33e33,Describe in writing the steps of an algorithm for constructing a regular polygon with a known side length
EF09MA15,44c67692-c34b-47c5-913c-64d480b61442,Represent the construction algorithm for a regular polygon using a flowchart
EF09MA15,6491cf21-0206-4d95-844e-c098c17cfc34,Construct a regular polygon with a known side length using compass and straightedge
EF09MA15,78311df8-7c75-46f2-8733-e8e900a46a8c,Construct a regular polygon with a known side length using dynamic geometry software
EF09MA14,9fd4edb2-077a-4442-8c0f-3735f3089ca9,Solve application problems using the Pythagorean theorem
EF09MA14,5dc162a0-e769-4d85-bf2b-6387b2776017,Solve problems involving proportionality relationships arising from parallel lines cut by transversals
EF09MA14,2dfcadaa-c7dc-47df-88d3-21732dc0c3f6,Compose problems that require applying the Pythagorean theorem or parallel line proportionality
EF09MA13,af74f1b6-6928-44cf-8d0e-7a0347f28bc3,Identify the similar triangles formed within a right triangle by the altitude to the hypotenuse
EF09MA13,73dfc3a2-3d2d-4657-b3d6-f0b13f27347f,Derive metric relationships in right triangles using triangle similarity
EF09MA13,d01f5435-9374-5fc1-bdb2-daecf33aa4d5,Prove the Pythagorean Theorem using triangle similarity
EF09MA12,9407a08d-4d47-4956-ba74-2893ce0bc5a2,Identify the necessary conditions for two triangles to be similar
EF09MA12,0fbf68fb-ea35-47b1-ac57-24204d1472d1,Apply similarity criteria to determine whether two given triangles are similar
EF09MA11,c75ca9e3-da09-4c73-bd5a-f38bac2ebece,Identify the relationship between a central angle and its intercepted arc in a circle
EF09MA11,11beff65-ebdc-4ed9-bf1f-7414de82842d,"Solve problems involving arcs, central angles, and inscribed angles in a circle"
EF09MA11,eb7260c7-a091-47be-993b-17c51f721c83,Use dynamic geometry software to explore angle and arc relationships in a circle
EF09MA10,2b003d7c-2e77-5d81-b2f4-bd618c0c54be,Establish and use facts about angles created when parallel lines are cut by a transversal
EF09MA10,dcfc3f7f-5956-5cce-847d-eb66270bd307,"Prove when a transversal crosses parallel lines, alternate interior angles are congruent and corresponding angles are congruent"
EF09MA10,637b4d3f-99df-439d-8032-df17322e60a0,Prove the supplementary relationship of co-interior angles formed by parallel lines cut by a transversal
EF09MA10,dcfc3f7f-5956-5cce-847d-eb66270bd307,"Prove when a transversal crosses parallel lines, alternate interior angles are congruent and corresponding angles are congruent"
EF02MA20,da0d6eda-140c-4711-87dc-bebe0ec4f6de,Identify the coins and banknotes of the Brazilian Real monetary system
EF02MA20,6422f258-5b72-4e16-8d13-795f30bb27f5,Establish equivalent values among different coins of the Brazilian Real
EF02MA20,8f17e319-7d88-4390-9407-139e4d6eaf81,Establish equivalent values between coins and banknotes of the Brazilian Real
EF02MA20,d3e0d5c8-801f-4890-a063-2687174f2734,Solve everyday problems involving equivalent monetary values using the Brazilian Real
EF02MA21,3292a722-16da-4895-89eb-bf751ae645c3,Distinguish between possible and impossible outcomes of everyday random events
EF02MA21,3d27a60a-09a8-45bd-aa6d-2460bc737902,"Classify outcomes of everyday random events as unlikely, very likely, improbable, or impossible"
EF02MA21,6f61f3e2-2a7a-44c5-9a01-7b8b43a3725d,Justify the classification of an everyday random event using informal probability language
EF02MA22,af965af0-e42d-4eea-ac70-218907bf1404,Read data presented in two-way tables about students' immediate reality
EF02MA22,f68e4f89-41e3-499e-bb39-5512285503f4,Interpret data presented in simple graphs through collaborative discussion
EF02MA22,95f0e9a2-0f35-40f2-a719-d5db278cd0fb,Compare information across two-way tables and column or bar graphs representing the same data
EF02MA23,334e7430-71f2-4c8e-a29a-5c04860eada8,Conduct a survey of a population of up to 30 elements using up to three categorical variables
EF02MA23,5600c27f-4bf6-4d17-8ed5-ca2c821f89b9,Organize collected survey data in lists and tables
EF02MA23,97e5aede-f1a8-4a66-9dc4-680aef5913ee,Represent collected survey data in a simple column graph
EF03MA01,71f6abc3-8ac9-45dd-905e-5044f291b9f9,Read and write whole numbers up to the thousands place using numerical representations
EF03MA01,f457df40-9679-406d-a0f0-0ca056f3d6b0,Write whole numbers up to the thousands place in words
EF03MA02,6fee8a41-da99-4df4-a5de-f27054ac6956,Identify the role of positional value in the decimal number system for numbers up to four digits
EF03MA02,159be6ac-3fcc-41ff-9bc3-b6bcc52ce7d3,Compose whole numbers of up to four place values using their positional components
EF03MA02,62186f73-a904-4c27-b171-b70040cf34e5,Describe characteristics of the decimal number system using composition and decomposition of numbers
EF03MA03,8cecfb5c-5ea5-51bc-917c-76c043cf5ae1,Know from memory all sums of two one-digit numbers
EF03MA03,c9695625-b397-4168-bc58-518c7f40becb,Apply basic addition and multiplication facts to perform mental calculations
EF03MA04,0119f987-f1eb-59b5-ae44-5bbc8ca9635a,Represent whole numbers as lengths on a number line diagram
EF03MA04,57340c5c-178d-4afd-90d1-95ea90c69e94,Order whole numbers using the number line
EF03MA04,2938e855-7343-4383-a357-62af58e482f6,Represent addition facts as movements to the right on the number line
EF03MA05,7ca4d9d3-3545-4870-a0be-4705cc8ddf4c,Apply mental calculation strategies to solve addition problems with whole numbers
EF02MA18,d2c77dc2-e49f-418a-8953-b1ef1a1e0c58,"Capitalize dates, including days of the week and months of the year, in writing"
EF02MA18,c5190773-3a8c-4716-82bf-6a574d59b55f,Determine the duration of time intervals in days using a calendar
EF02MA18,27b3e8c5-c6fd-40f8-a979-2b304e9ddf0d,Apply calendar-based time interval calculations to planning and schedule organization
EF03MA22,5f8d269e-9831-4a1f-b650-a10f963056e2,Read start and end times of an activity using analog and digital clocks
EF03MA22,df701815-3884-4988-b6fb-9f729e941815,Calculate the duration of an activity using start and end times from analog or digital clocks
EF03MA21,502ff8e1-34a2-4b69-9c4d-ee901ce789b0,Compare the areas of faces of objects or plane figures through visual inspection
EF03MA21,9229e072-0b84-4a79-beb1-dbcbae2fd76d,Compare the areas of plane figures or drawings by superposition
EF03MA20,bbd8e439-346e-4e38-8ef5-70c05c4e5c93,Estimate capacity and mass using nonstandard units of measure
EF03MA20,78c89c62-4540-5d54-90d3-8db8dbecc145,Measure liquid volumes using standard units
EF03MA20,a8a8a7ce-b79c-5625-b119-889b028c386a,Measure masses of objects using standard units
EF03MA20,fb80d016-7167-4cbd-9382-989a1c430d5f,Identify standard units of capacity and mass on product labels and packaging
EF01MA03,f9b41e7a-e7ef-411c-a5d5-843c088f6f5a,Estimate the quantity of objects in a set of approximately 20 elements
EF01MA03,6258dee8-13dd-4bc4-bd99-addde0dc1d55,Compare quantities in two sets using one-to-one or two-to-two correspondence
EF01MA03,558e7c9c-ae41-4560-95e0-b1d36f43c8fd,"Use the terms more than, fewer than, and the same amount as to describe compared quantities"
EF01MA04,8ecab55e-77ba-4cc6-a301-0691d2fefe39,Count objects in collections of up to 100 units
EF01MA04,080ce4e8-8435-4b6c-a764-2951f47b589d,Record the count of a collection using verbal representation
EF01MA05,26edca1b-4c79-4116-aeae-418b8aa4e749,Compare two-digit natural numbers in everyday situations without a number line
EF01MA05,2476b822-496f-44ee-a2dd-1e1a9ef97ea4,Compare two-digit natural numbers using a number line
EF01MA06,8cecfb5c-5ea5-51bc-917c-76c043cf5ae1,Know from memory all sums of two one-digit numbers
EF01MA06,ea430ced-4a40-4442-a09a-70958ecabda1,Apply basic addition facts to perform calculation procedures
EF01MA06,f22b9881-4f43-544c-be55-de8e3edc5f85,Solve addition word problems
EF01MA07,c45209ae-d659-45c8-bc04-374f5328f5fa,Compose two-digit numbers through various additions using manipulative materials
EF01MA07,dc8989df-4158-45e7-9728-00088c0e8791,Describe positional characteristics of the decimal number system using two-digit number decomposition
EF01MA07,b87c4aba-4886-4bb5-bfb4-87e4cf6ba354,Develop personal calculation strategies based on composing and decomposing two-digit numbers
EF01MA08,7e1ef461-533a-4c33-99ee-553eca92f8fc,Solve addition problems with up to two-digit numbers involving joining or adding-to meanings
EF01MA08,b95e72ff-9799-4b1a-bf69-25f1d79c2a09,Use physical objects or drawings to represent and solve addition and subtraction problems
EF01MA08,95231c4a-2395-45fc-8302-a012a55357d3,Record solutions to addition and subtraction problems using personal strategies and notation
EF01MA09,64563c2b-2109-4848-9949-96e613b7ffe2,"Identify categories by shape, color, or size to sort objects using observable structure"
EF01MA09,c3532ee9-5bfc-4b0d-8dd0-62b69c0e2be4,Organize familiar objects or pictorial representations into groups based on shared attributes
EF01MA09,f791218b-e603-42f1-8a51-85b55d1ecd2e,Identify the attribute used to sort a given group of objects or pictorial representations
EF09MA09,770c431c-bfc9-4c2c-8276-05ddfb7795ad,Identify algebraic expressions that can be factored using notable product patterns
EF09MA09,89674cb1-f3ec-5b43-97c7-44f8d5225bd2,Factor a quadratic expression with real factors in order to reveal the zeros of the function it defines
EF09MA09,dc52ccc9-67ce-4929-a983-5f66efc005cb,Solve a second-degree polynomial equation by factoring its algebraic expression
EF09MA09,82f41a47-c252-4e4c-a03a-13b1e47669c6,Compose a problem representable by a second-degree polynomial equation using factoring
EF09MA08,9bbd21cd-2407-4c5a-9daf-4ae48037cd40,Solve problems involving direct proportionality relationships between two or more quantities
EF09MA08,560c35fa-2a83-418e-a012-15a4704cebf5,"Apply proportional reasoning to calculate scales, rates of change, and division into proportional parts"
EF09MA08,b594d4c3-2aef-411b-b7c6-1f5a300280bb,Compose problems involving direct or inverse proportionality in sociocultural or environmental contexts
EF09MA07,2a87a2f7-7b95-421a-a484-482e65d75baf,Identify a ratio between two quantities of different types as a rate
EF09MA07,8b9d97ec-b860-4c2d-b65c-818e0753cf5d,Calculate a proportional relationship between two quantities such as speed from distance and time
EF09MA07,ab8b28c2-af61-4f6f-9d7f-158dbf69af2a,Calculate population density as a ratio between population and area
EF09MA07,975d8cda-cc45-413d-8818-24aa33bbd9b9,Solve problems involving rates such as speed or population density
EF09MA05,4969072f-7716-4272-8bc5-449f3fdd7c27,Calculate successive percent changes applied to an initial value
EF09MA05,824444bd-514e-48ae-8068-973384664f80,Determine the equivalent percentage rate for a series of successive percent changes
EF09MA05,d80e5f71-a42f-4feb-9684-0c65a7b067c5,Solve problems involving percentages in financial literacy contexts using digital technologies
EF09MA05,db2238f5-ab99-483d-9971-0d8f360c31ff,Compose problems involving successive percent changes or percentage rate determination
EF02MA04,c1eb6d51-b8df-5ce4-ab03-314750e960b8,"Decompose a three-digit number into its hundreds, tens, and ones"
EF02MA04,91f8e2ad-eff8-4f9d-baca-f580050ace2f,Represent a three-digit natural number in multiple ways through additive decomposition
EF05MA10,a08543bc-3117-4561-b5bd-f80f969144f6,Verify that adding the same number to both sides of an equality preserves the equality
EF05MA10,2c0ee1dc-695c-4060-913f-8d810d1369f9,Verify that multiplying both sides of an equality by the same number preserves the equality
EF05MA10,6a5d4ac2-d8bb-485a-91e5-5dd25f12b0e6,Construct the notion of equivalence between two expressions using equality-preserving operations
EF02MA02,3be76a26-f3e0-4192-8398-0a9233743eed,Estimate the quantity of objects in a collection using a variety of strategies
EF02MA02,49fe9974-5900-5d38-9545-7fb5761b9c48,"Count within 1,000"
EF02MA02,d120de0d-5ddf-4e93-96c4-b281e1343242,"Record the result of counting a collection of up to 1,000 objects"
EF03MA24,a16a9ec9-d20c-4317-8c34-e09fb2956fe6,Compare monetary values within the Brazilian currency system
EF03MA24,b63959a0-5848-418c-a848-1b2190a62419,Determine equivalence between monetary values in buying and selling situations
EF03MA24,66c69726-a530-40af-8645-f9e80982fb96,Solve problems involving making change within the Brazilian currency system
EF03MA24,34ab5f80-fbcd-4377-9171-ee41c64dd000,Compose problems involving comparison or equivalence of monetary values
EF03MA25,09aee523-d170-4bab-85ec-30e37dc7f837,Identify all possible outcomes of a familiar random event
EF03MA25,a79b98e3-ce6e-4eff-a7c4-b90d90193a31,Estimate which outcomes of a random event are more likely to occur
EF03MA26,af85815f-32c2-476c-9bce-22875bf930a2,Solve problems using data presented in two-way tables
EF03MA26,8753fe3a-7d18-4abb-98f1-19882458ca61,Solve problems using data presented in bar or column graphs
EF03MA27,637b123c-980b-4d03-a38a-f4b876d41fe0,"Read and interpret data presented in two-way tables, bar graphs, or column graphs"
EF03MA27,169de965-4ae4-406d-a451-aef0331e5ec1,Compare data sets using terms such as greater frequency and lesser frequency
EF03MA27,fdefd32c-ea2f-415e-951a-006c5cddee85,Apply mathematical language from graphs and tables to understand aspects of sociocultural reality
EF03MA28,e9e5f989-b1cd-472a-84d1-498707775c17,Conduct a survey involving categorical variables within a universe of up to 50 elements
EF03MA28,3986c3dc-4db3-41e3-b68b-5f5144f63a97,"Organize collected survey data using lists, simple tables, or two-way tables"
EF03MA28,236b1078-e11b-4ad5-9d84-aa98a54abe8a,Represent survey data in a simple column graph with or without digital technologies
EF04MA01,467c1fc8-34eb-4c06-86b7-2c1431db9e67,Read and write natural numbers up to the ten-thousands place
EF04MA01,71b09e85-b733-42af-93da-f4f4a73235fb,Order natural numbers up to the ten-thousands place in ascending or descending order
EF04MA01,66db1549-0132-42ea-9b0f-a5083ac25f6a,Identify the place value of each digit in a natural number up to the ten-thousands place
EF01MA02,59748953-9508-48e0-b668-c070d0e98e26,Count a set of objects exactly using one-to-one pairing
EF01MA02,dbf75785-65fd-47e0-9268-db8d5267579c,Count a set of objects using grouping strategies
EF01MA02,fa450d65-b5a4-418e-92b1-f11f8a5a4a33,Estimate the quantity of objects in a collection using counting strategies
EF04MA03,b3e7526a-c26d-4dea-b167-14e8fbb94723,Solve addition and subtraction problems with natural numbers using written algorithms or mental computation
EF04MA03,bb0d81d2-5798-4bb7-80b2-b93042a6bca9,Estimate the result of addition or subtraction with natural numbers
EF04MA03,7ee7246b-9160-4e2e-9d16-f8eed250ed31,Compose problems involving addition and subtraction of natural numbers
EF04MA04,304a8bf8-0cde-552d-b095-c45917bd3d1d,Subtract by using the relationship between addition and subtraction to find an unknown addend
EF04MA05,8eb0f960-8050-4218-8438-ccd9ace154c7,"Identify properties of operations such as commutativity, associativity, and distributivity"
EF04MA05,ea83e81b-6ab4-4940-a6f0-e9d011fe8f02,Apply properties of operations to develop efficient mental or written calculation strategies
EF03MA23,befd3355-fa6c-5c35-9812-84f6dd50f3b9,Tell and write time to the nearest minute
EF03MA23,1dc43d2c-2fbb-514f-a2bc-49ef0d418ae4,"Identify relative sizes of time units (hours, minutes, seconds)"
EF03MA23,1dc43d2c-2fbb-514f-a2bc-49ef0d418ae4,"Identify relative sizes of time units (hours, minutes, seconds)"
EF04MA06,a8be94fb-1440-4e4f-b072-979d49267a1c,Use repeated addition patterns to generalize the concept of multiplication
EF04MA06,a7c90dbd-41b8-41d6-9b93-7a4012512218,Solve multiplication problems involving rectangular arrays or proportionality
EF04MA06,84f11943-beb7-4ef6-ac4d-f1fc30f3ce7a,Apply estimation and mental computation strategies to solve multiplication problems
EF04MA06,420b6000-75a2-42eb-bd9c-c671a467bd6d,Compose problems involving different meanings of multiplication
EF02MA19,df11bbe7-e679-4cd1-9320-3308167c4db0,Read the start time and end time of a time interval using a digital clock
EF02MA19,67abe112-5a9f-49ac-8991-aa38b52047b5,Measure the duration of a time interval using a digital clock
EF02MA19,99fd773e-27e7-4ddc-91df-6d468785b06c,Record the start time and end time of a given time interval
EF02MA01,6d54c40f-1d97-4a81-9cac-c88c7efe7e0b,Specify the place value of digits when explaining computations with two- and three-digit numbers
EF02MA01,b44f4456-e9d1-4a94-b3f7-0fa611665f54,Explain the role of zero as a placeholder in base-ten numbers up to the hundreds
EF02MA01,cb64c726-56e0-44f9-bd21-7f573b552ce1,Compare two natural numbers up to the hundreds using place value
EF02MA01,eb02b2fc-0214-4b1e-be23-3cda4473fd5e,Order a set of natural numbers up to the hundreds in ascending or descending order
EF01MA22,a745dd17-8643-4182-b739-2bc1d695bbba,Identify categorical variables of personal interest for a survey
EF01MA22,4e88f32c-ffd9-4839-8ed5-b70eb2f01ad6,Conduct a survey collecting data on up to two categorical variables from up to 30 elements
EF01MA22,9da1af3d-2804-4c3a-9ea9-b13cf6462b5f,Organize collected survey data using self-created representations
EF01MA21,020c35c8-c00f-4a9d-96d3-181dba39d3e0,Read and interpret data displayed in simple tables
EF01MA21,fc044b8e-3eda-40cb-b3ee-236d5d32309f,Answer questions about data presented in tables and simple bar graphs
EF01MA20,8cd1a3d1-0ef4-4a2f-8854-d27dd8be4e1b,Classify an everyday event as certain to happen
EF03MA08,754f84dd-6ef1-5fa2-800c-c395acbbbdf6,Solve one-step division problems within 100
EF03MA08,9a7adad2-d1ee-48e5-8d62-795e57180627,Solve division problems with nonzero remainder using personal strategies
EF03MA08,bb1a6491-aca5-428c-a1c9-447115d45ab9,Represent the remainder in a division problem using personal recording methods
EF03MA08,78e9c32e-a1ea-477e-a39f-be42520b4428,Compose a division problem situation involving a whole number divided by another up to 10
EF04MA26,553aa285-8a32-4c9b-bfde-0b2dd7f7d435,Identify which of two everyday random events is more likely to occur
EF04MA26,c7b7ba9b-22ec-4344-aba7-e855ebb5fa68,Recognize characteristics of outcomes that make one result more probable than another
EF04MA26,96cc22e7-bfde-4a0f-8053-b3d7a964f1d6,Compare the likelihood of outcomes in everyday random events without using fractions
EF04MA25,bf83b2dc-c8ff-488f-bf9d-6720943d2b97,Solve problems involving calculating change in a buying-and-selling situation
EF04MA25,e46fb8c3-319c-400e-b689-60a6f98c779c,Solve problems involving calculating a discount on a purchase
EF04MA25,4286a0a1-3b29-4758-962f-b398ee9c3e45,"Compose a problem situation involving buying, selling, or forms of payment"
EF04MA25,5651e0fc-cec3-42a1-b9ac-65234f0e25e6,Evaluate consumer choices in terms of ethical and responsible behavior
EF04MA24,0791a819-f099-4a89-970f-27fd0b465e70,Record daily maximum and minimum temperatures for a local environment
EF04MA24,927348fe-e3fb-5e94-b3d4-b5c3cb64bef4,Use a scaled bar graph to represent a data set with several categories
EF04MA24,3fa81b39-708a-4252-a75d-72fcdfb05962,Use spreadsheet software to build a bar graph of daily temperature data
EF04MA23,6eeb0a35-fdd6-41dd-98ad-226912110b14,Recognize temperature as a measurable quantity with degree Celsius as its unit
EF04MA23,10ff51f4-9934-40d8-8e7d-de9660edf3c5,Read and interpret Celsius temperature values in everyday contexts
EF04MA23,9632edd9-658b-4d65-bc73-34d6d0cfc1e2,Compare climatic conditions of different regions using Celsius temperatures
EF04MA23,2a9ae09b-32e4-483d-9464-006ae768cdf8,Evaluate evidence from temperature records and climate data to support explanations of global warming
EF04MA22,3df03df3-935e-4ef1-9cf0-8aa9888b768d,"Read and record time measurements in hours, minutes, and seconds"
EF04MA22,4c6454e7-6f0c-470c-bfac-5264ea25b566,Identify the start time and end time of an everyday task
EF04MA22,45aa6eab-d2d7-4a23-8236-bd207ac6fd8e,Calculate the duration of a task given its start and end times
EF04MA21,20767411-379a-5783-a81e-0bba4df4deb9,Measure the area of a rectangle by counting unit squares
EF04MA21,60ff98eb-d532-4947-95bb-30fd71dcf06a,Estimate the area of a plane figure by counting half-unit squares on a grid
EF04MA21,083df96e-7da5-43f6-ab96-46e35169571c,Recognize that two figures with different shapes can have equal areas
EF04MA20,2a76e00a-fccd-4184-9d76-ba7f8ca5c6dc,"Measure lengths, including perimeters, using standardized units of measurement"
EF04MA20,f1218d6a-5329-4579-ac82-d12284e8bab9,Measure mass using standardized units of measurement
EF04MA20,7cc7dbf6-4217-4596-8c78-7fee72088dec,"Estimate lengths, masses, and capacities using appropriate standardized units"
EF04MA19,a0205dfb-18bc-51d1-8681-3594ee9b0cc3,Identify lines of symmetry for two-dimensional figures
EF04MA19,67d92a6b-ab84-486b-a930-e7f6ba87d715,Identify line symmetry between a pair of plane geometric figures
EF04MA19,59e3a824-d088-4ccb-8f45-d5b400bea35b,Construct a congruent figure using line symmetry on a square grid
EF04MA19,8ede264c-298c-4263-821a-f6fdebfde0b1,Construct a congruent figure using line symmetry with geometry software
EF04MA18,999726ea-9520-46e1-bd38-58ba12247c06,Identify right angles in polygonal figures using paper folding or set squares
EF04MA18,3238fb53-9645-4ae7-a741-1aad2ecfcfa1,Distinguish right angles from non-right angles in polygonal figures using geometry software
EF04MA17,9145b0bb-978d-4f03-b8fb-21aa8c1290ad,Match a given prism to its corresponding net
EF04MA17,a5e729a8-2e12-4dfb-89fc-0389eb36a577,Compare and describe attributes of prisms and pyramids
EF04MA17,22dd4d1b-53ea-42bc-accd-eee528b67e26,Establish relationships between two-dimensional nets and their three-dimensional figures
EF01MA01,c82afee6-d9ea-4822-9e1f-07560fb42bfe,Use natural numbers to indicate quantity in everyday situations
EF01MA01,9e8244d3-03dd-494b-bbcc-6613a269c0a6,Recognize situations in which numbers serve as identification codes rather than counts or ordinals
EF04MA15,60ce25a3-9c1c-452d-8336-398f0b0e84b1,Identify the unknown value in an equation involving addition or subtraction of natural numbers
EF04MA15,10b7ec1d-8484-542d-b7d8-e556ab71ceb5,Use substitution to determine whether a number or a set of numbers makes an equation true
EF04MA16,7518535d-b7d5-411e-a98c-3e4a836548d4,Describe the position of people or objects using a square-grid map
EF04MA16,ff5f3077-be79-45c3-85d4-d1c91963cb58,"Describe movement and changes in direction using terms such as right, left, and intersection"
EF04MA16,0ed68fc5-bedb-4bd3-974c-8faf33e5c39f,"Identify parallel and perpendicular lines in maps, floor plans, or sketches"
EF04MA16,7b31f6fb-66ee-4f42-9fd1-bb7f05b5fd2e,"Represent routes and positions using drawings, maps, or floor plans based on a reference point"
EF03MA14,05b48809-8268-4be8-9a21-cb6ec30020b4,"Describe characteristics of right prisms and pyramids, including faces, edges, and vertices"
EF03MA14,1945ff80-4f21-44d2-884a-6702931a891b,Describe characteristics of cylinders and cones
EF03MA14,facd0d21-1b24-498e-b384-314c29fd26ff,Relate a three-dimensional geometric figure to its two-dimensional net
EF03MA12,8c5601a4-52b9-42af-ac87-a6e2e180759d,Describe the movement of a person or object through space including changes in direction and orientation
EF03MA12,71bd9f42-0b95-42f5-b075-b9490bba8e43,Sketch a route representing the movement of a person or object based on a reference point
EF03MA12,7b6e2b1a-b456-4c97-a6d3-cb2ab7462271,Represent spatial movement using maps or scale models from different reference points
EF01MA10,c3bc9109-711c-4ca0-86d2-0783e1c5a40c,"Identify a repeating pattern or regularity in a sequence of numbers, objects, or figures"
EF01MA10,89f0ef3c-8c41-4b3f-83e5-3472497cd07e,"Describe the rule governing a recursive sequence of natural numbers, objects, or figures"
EF01MA10,9683c92e-7843-49c2-9b01-6f07170f8074,Determine the missing element in a recursive sequence by applying an identified pattern
EF01MA11,828b34c7-e042-4c6b-8071-9e98d37d3378,Describe the location of a person or object as to the right or to the left of one's own position
EF01MA11,2ad934e1-0446-5174-ae7c-26b06e85dbc6,"Describe the relative positions of objects in the environment using terms such as above, below, beside, in front of, behind, and next to"
EF01MA11,521143d2-f986-493b-9ae5-f93cecfd76e5,Use positional terms to describe spatial relationships relative to oneself
EF01MA12,ad879ffc-f757-4f6e-83a5-f8c543b5d8c0,Identify an explicit reference point used to describe the location of people or objects in space
EF01MA12,2ad934e1-0446-5174-ae7c-26b06e85dbc6,"Describe the relative positions of objects in the environment using terms such as above, below, beside, in front of, behind, and next to"
EF01MA12,f92c2b51-3096-47bd-b0ca-865f0316a307,Explain that positional terms such as right and left change meaning depending on the chosen frame of reference
EF01MA13,e0efc423-8511-4acb-a5f0-245d9c9b8cee,"Identify three-dimensional geometric shapes including cones, cylinders, spheres, and rectangular prisms"
EF01MA13,83112ce8-93e7-4836-b98a-48e299b0b56f,Match a familiar physical object to its corresponding three-dimensional geometric shape
EF01MA13,1952f4fd-4089-4d55-b90b-7e1632d61f31,Describe a real-world object using the name of the three-dimensional shape it resembles
EF01MA14,814dc9b9-fbd2-410c-93b7-46b40aa421d0,"Identify and name plane figures including circle, square, rectangle, and triangle"
EF01MA14,c7a1e3b1-c631-4f3d-884b-614790fd9a45,Recognize a plane figure presented in different orientations as the same shape
EF01MA14,25cac19d-4c65-45a1-a3e9-16e1ea6ef167,Identify plane figures in the outlines of faces of geometric solids
EF01MA15,e650344b-f932-5f85-8c6b-abfa302759cf,Compare the lengths of two objects indirectly by using a third object.
EF01MA15,d30b5938-b73b-479d-9f4a-6954a69ac59f,Compare the masses of two everyday objects using terms such as heavier or lighter
EF01MA15,1916ebe8-8074-457a-85c0-6cb25a501732,Compare the capacities of two everyday containers using terms such as holds more or holds less
EF01MA15,ef4dbab2-4db3-5955-8ae7-843fc7ee8479,Order three objects by length.
EF01MA16,89d57dc4-7104-4b4e-9eac-a761d4873e4f,Sequence events from a given day in chronological order
EF01MA16,ff7df55b-8937-4ad9-bac4-db46919ef4f6,Report a sequence of daily events using verbal or non-verbal language
EF01MA16,9c13663d-fd4f-4d95-8d0e-f30d63b97b76,Associate approximate times with events in a described daily sequence
EF01MA17,5bf1f50e-738b-4259-855e-18677f084645,Identify the parts of the day and relate them to daily routines
EF01MA17,f0ee983b-af8e-4f64-9267-672b6b893f48,Name the days of the week in order and identify the current day on a calendar
EF01MA17,e2970211-2fb0-45c4-b1ba-cce89a7c4381,Name the months of the year and locate a given month on a calendar
EF01MA17,d2c77dc2-e49f-418a-8953-b1ef1a1e0c58,"Capitalize dates, including days of the week and months of the year, in writing"
EF01MA18,f0c61a35-c80b-4d66-8481-7c7a58aa6cd4,"Write a complete date showing the day, month, and year in conventional form"
EF01MA18,9e1513df-3e89-41ad-b76e-af52780c13ec,Identify the day of the week for a given date by consulting a calendar
EF01MA19,eeaae273-1ffd-41b7-a562-cc752991ee53,Recognize and name coins and banknotes used in the Brazilian monetary system (Real)
EF01MA19,8f7847fd-0271-4351-af86-b68cd744a9ce,Compare the values of different coins and banknotes in the Brazilian monetary system
EF01MA19,d606317d-17b3-4630-8946-eed2fffd4549,Solve simple everyday situations involving the values of Brazilian coins and banknotes
EF02MA03,e9a9831c-4822-427c-924a-5b432b23aedb,"Estimate whether one set of objects has more, fewer, or the same amount as another set"
EF02MA03,393fe3bc-5c68-46a2-a1ae-684f289fdefe,Compare two sets of objects using one-to-one or other correspondence to determine which has more or fewer
EF02MA03,c7d15e5f-7889-4706-8dd5-f96d7aa3d72c,Determine how many more or how many fewer objects one set has compared to another
EF03MA15,d1f9dc1c-0d84-477a-83d2-7f76f1c91948,"Classify plane figures (triangles, squares, rectangles, trapezoids, and parallelograms) by number of sides"
EF03MA15,9bde953f-6e21-4c51-b60a-a7d6aac5c7a1,"Compare plane figures by the relative positions of their sides, identifying parallel or non-parallel sides"
EF03MA15,5a42801b-4bca-4a25-8225-c0dce3d2e72c,Compare plane figures by the lengths of their sides
EF03MA15,78f1202f-1885-4b99-a4d5-e1c02744e92b,Classify plane figures by the number and characteristics of their vertices
EF03MA16,9ee97060-00c0-4b98-ade2-46cc3cdfbce6,Identify congruent figures by superimposing one onto another
EF03MA16,b0800835-24b9-4041-bc54-54a4f33eb21a,Identify congruent figures represented on square or triangular grid drawings
EF03MA16,1ef413c9-09ca-4ef6-ae58-762790fd8ef4,Use dynamic geometry software to explore transformations and verify congruence or similarity
EF03MA17,628b3b6e-d524-4ab9-a887-0a152ac1fe70,Explain why measuring the same quantity with different units produces different numerical results
EF03MA17,1af80e39-59b5-4234-8eb7-af32085124a8,Demonstrate that the result of a measurement depends on the unit of measure used
EF03MA18,a879531f-fb14-45dc-8876-e91713a5d031,"Select the most appropriate unit of measure for a given length, time, or capacity measurement"
EF03MA18,1e84f3bc-b787-41e3-9a6a-7dc6aeaa9569,"Select the most appropriate measuring instrument for measuring a given length, time, or capacity"
EF03MA19,4f4afb57-452b-484a-8ed8-db58d21a48c7,Estimate lengths of objects using nonstandard or standard units of measure
EF03MA19,3236575a-986d-4c18-b2cc-90a0eb35ac70,"Measure lengths of objects using standard units including meter, centimeter, and millimeter"
EF03MA19,2d45eb0c-37a5-4269-9592-4eda3d087022,Compare lengths of objects using standard unit measurements
EF03MA06,5ed13512-4b81-4e3e-9f2a-4768a71c5be8,"Solve addition and subtraction problems involving combining, adding to, or separating quantities"
EF03MA06,3e8eef63-2c2d-465c-9df7-bbf499586c79,Compose an addition or subtraction problem that represents a given real-world situation
EF03MA06,442e7629-d246-4046-a115-475699a92309,Apply mental computation strategies to calculate exact or approximate sums and differences
EF03MA07,97b07f28-0cc6-4a50-b9c3-519d38d44754,"Solve multiplication problems involving repeated addition using factors of 2, 3, 4, 5, and 10"
EF03MA07,4878d8f0-9afc-41f7-bb7c-8aa7515fe7d6,Compose a multiplication problem representing a repeated addition or rectangular array situation
EF03MA07,4f399dd5-3bfd-4147-83d1-367aadb98fdb,"Apply and record different strategies for calculating multiplication facts with factors of 2, 3, 4, 5, and 10"
EF04MA02,9e277e8a-9fac-4ae7-a1a9-764ca7202dc0,Decompose a natural number as a sum of multiples of powers of ten
EF04MA02,d2398a84-d123-4a2d-9cb1-3d315d5e196b,Compose a natural number from additions and multiplications by powers of ten
EF04MA02,e62d4ebb-2d49-4795-ba9d-5032f0acc971,Explain how the decimal number system is structured using powers of ten
EF04MA02,f86121f5-4795-4fb3-abdc-6c398c56275b,Apply decomposition of natural numbers into powers of ten to develop calculation strategies
EF03MA09,1553c71d-0c90-48cf-ba08-4e1d37549ac3,Connect the quotient of dividing a whole number by 2 with no remainder to the fraction one-half
EF03MA09,1c906ba0-31d2-4cef-a5bf-5d094c5bb47f,"Connect the quotient of dividing a whole number by 3, 4, 5, or 10 with no remainder to the corresponding unit fraction"
EF03MA09,394ef410-4a29-4f2e-ae4e-6506cc0a9c7b,"Interpret a zero-remainder division of a whole number by 2, 3, 4, 5, or 10 as a fractional part of that number"
EF03MA11,5a1fd001-a4d9-4a1c-bd0c-a528b2c7cd6c,Identify two different addition sentences with whole numbers that yield the same sum
EF03MA11,5a3583d0-04db-492d-91ea-521f0c08adfa,Apply the concept of equality to write equivalent addition sentences for a given sum
EF03MA10,7066a95a-a7c5-4c37-9c26-0644e333d069,Identify the fixed number used repeatedly in an ordered sequence of whole numbers
EF03MA10,48be62bc-2b96-41c9-8463-0ac598472020,Describe the rule governing an ordered sequence generated by repeated addition or subtraction
EF03MA10,8137497c-01c6-489c-98d9-34b3179d2e3a,Determine missing elements in an ordered sequence of whole numbers with a fixed rule
EF04MA07,589a9765-0a2d-460b-af98-d3d8cc88ea5f,Interpret division problems involving equal sharing with divisors of at most two digits
EF04MA07,6d284434-629a-4b55-9788-102f252019e4,Solve division problems with divisors of at most two digits using estimation or mental computation
EF04MA07,cd742a01-8ba9-4671-b464-8b7ccaae1d38,Compose division problems with divisors of at most two digits representing equal sharing or measurement situations
EF03MA13,f8616861-2dec-4213-964f-f783ed2ecccd,"Identify three-dimensional geometric figures by name, including cube, rectangular prism, pyramid, cone, cylinder, and sphere"
EF03MA13,33326089-9d8d-4e77-9142-868387a64596,Associate real-world objects with their corresponding three-dimensional geometric figures
EF03MA13,385196a6-30c2-4a7e-a1ce-83a30854e888,"Distinguish among cube, rectangular prism, pyramid, cone, cylinder, and sphere by their visual properties"
EF04MA09,5b3f5729-8036-4cad-8129-6a6f056a001e,"Identify unit fractions 1/2, 1/3, 1/4, 1/5, 1/10, and 1/100 as measures smaller than one whole"
EF04MA09,68e536bd-6cf1-40ac-bbc5-abe306bb9579,"Locate unit fractions 1/2, 1/3, 1/4, 1/5, 1/10, and 1/100 on a number line"
EF04MA09,9c3edf17-98b4-4296-9027-784dd1af3600,Compare unit fractions to one whole using the number line as a representational tool
EF04MA10,1a4da41c-60b4-488f-88f3-5b43bcecf5b9,Recognize that base-ten place value rules extend to decimal representations of rational numbers
EF04MA10,111f68b7-c308-444a-80a1-2c10df9cf392,Relate decimal tenths to the Brazilian monetary system (reais and centavos)
EF04MA10,7d93519b-085b-4cbc-b4d5-a135977acea1,Convert between decimal notation and monetary representations using tenths and hundredths
EF04MA11,ea5c9012-fe79-4af1-9f46-7e0e52163ff3,Identify multiples of a given natural number in a numerical sequence
EF04MA11,7f7df308-af32-4a63-a721-0c825f939a09,Describe the pattern in a numerical sequence composed of multiples of a given natural number
EF04MA11,bc3b48c5-6778-4e2d-9f68-c2a92f77f32c,Determine missing or subsequent elements in a sequence of multiples of a given natural number
EF04MA12,b0667973-06be-426e-aa15-e2b91f1cea63,Identify groups of natural numbers that yield the same remainder when divided by a given number
EF04MA12,838ba91b-de7f-4020-b986-08d3ac50baf9,Describe the pattern formed by natural numbers that share equal remainders upon division by a given number
EF04MA12,8c073f9f-f2c9-4194-b7a0-14bb8e664ab4,Classify natural numbers into groups based on their remainder when divided by a given number
EF04MA13,fb04b29a-6d95-5584-90f4-ad8d2bf68c97,Know that subtraction is the inverse of addition
EF04MA13,304a8bf8-0cde-552d-b095-c45917bd3d1d,Subtract by using the relationship between addition and subtraction to find an unknown addend
EF04MA14,b280a59f-8af3-4cf6-b2d5-fc6f2af5e066,Recognize that adding the same number to both sides of an equation preserves equality
EF04MA14,f0e54ae8-c6c4-4808-88f2-10cd0aba09f4,Demonstrate through examples that equality is preserved when the same number is added to each expression
EF04MA08,593e36b6-5fcf-4e79-a7b7-cd41e71b2c86,Determine the number of possible pairings when combining each element of one set with every element of another
EF04MA08,72227217-1dae-45d0-b772-d6a581bebbc1,Solve simple counting problems using visual supports or manipulative materials
EF04MA08,4181e6ff-8001-4e56-af96-fa82b94f0ad5,Record solutions to counting problems using personal strategies and representations
EF07CI06,25376655-0520-4c65-9d46-f0227629d3dd,Identify economic changes in everyday life and the world of work resulting from new technologies such as automation and digitization
EF07CI06,3fba05d8-3a8c-4f1b-9e3b-33e57c0220bd,Identify cultural and social changes resulting from the development of new materials and technologies
EF07CI06,81f396dc-8e26-4d7e-a1ff-23dfd3181d6f,Evaluate the impacts of automation and digitization on society and the labor market
EF07CI06,7932c990-0f23-43ba-a05f-0f175f37b537,Discuss trade-offs associated with the adoption of new materials and technologies in contemporary life
EF07CI05,54317343-1bab-4f77-a8f8-007a56e10ec1,Describe the different types of fuel and heat engines used throughout history
EF07CI05,97bc2977-1cd8-4c33-a061-ca09b24f9c96,Evaluate technological advances associated with the development of fuels and heat engines over time
EF07CI05,3c497c40-472e-4c5a-acd7-cfae812884b0,Assess economic considerations related to the production and use of fuels and heat engines
EF07CI05,3c00bd56-0748-43b8-8d7d-ab1a66509c47,Evaluate socio-environmental problems caused by the production and use of fuels and heat engines
EF07CI04,1d016688-6ca4-4677-86fa-f126dd068550,Explain the concept of thermodynamic equilibrium and its role in sustaining life on Earth
EF07CI04,022979ae-b6bc-481e-8554-5cc1489eb2fc,Evaluate the role of thermodynamic equilibrium in the functioning of heat engines
EF07CI04,ab7334ca-640d-4e6b-9c15-fba80b25d2c0,Identify examples of thermodynamic equilibrium in everyday situations
EF07CI04,dbb80f23-8899-4458-832f-a7e2a260be7a,Analyze how thermodynamic equilibrium affects living organisms and technological systems
EF04GE07,ecafe001-bbbc-4ba8-a160-db6dffff88c8,Identify characteristics of work in rural settings
EF04GE07,cf690672-bbae-4f88-a571-0b242c2df0e2,"Compare work conditions, activities, and organization in rural and urban environments"
EF04GE10,6dd96e51-31c7-4107-ac13-05ce63efff5b,"Identify the characteristics of different types of maps, including authorship and purpose"
EF04GE10,22e35187-db06-4ddc-a805-5ca18bd1b19e,"Compare different map types based on their characteristics, purposes, and intended audiences"
EF04GE10,33ff5196-803f-4d66-9653-0803d9428594,Distinguish similarities and differences among a variety of map types
EF04GE09,5025e8fd-77db-4ef9-8114-0d6b9b78b672,Identify the four cardinal directions on a map or in a landscape
EF04GE09,b65646f8-bd46-4bac-8895-609bd9e75c18,Apply cardinal directions to locate physical features in rural and urban landscapes
EF04GE11,e6c73e1c-e649-4cdc-b52c-2701a69b7b2c,"Identify characteristics of natural landscapes in the local environment, including relief, vegetation, and rivers"
EF04GE11,4d5b8baa-5821-4afb-9c16-75695b539f00,Identify characteristics of human-modified landscapes in the local environment
EF04GE11,18a86221-563b-453d-a7b1-0853949a2cb5,Analyze the role of human action in the conservation or degradation of local landscapes
EF05GE01,9c2c2a1c-c051-42c1-b442-b46c00c1119a,"Describe population dynamics in the student's Federative Unit, including growth and movement patterns"
EF05GE01,db6864c3-b855-4927-b8a3-48e1a2766ddb,Identify migration patterns within or into the student's Federative Unit
EF05GE01,9895adda-8373-454a-8203-89493ffd9e31,Analyze connections between migration patterns and infrastructure conditions in the student's Federative Unit
EF04GE08,b88950d3-8d89-4d78-9234-51b1bba1fbb8,Describe the process of transforming raw materials into products
EF04GE08,9b5c75bb-404c-4681-9ca2-f87f1a9bd55c,Describe the distribution process of different products from producers to consumers
EF04GE08,49900952-be0f-44ae-b26c-67f3bc1476bf,Discuss the consumption stage in the production chain of different products
EF04GE08,59675e04-78fb-4d39-b6d0-383cf146db16,"Analyze the connections among production, distribution, and consumption of a given product"
EF09GE08,f4791d71-8985-4645-98a0-ac25f46b2bf0,"Identify shifting borders and territorial transformations in Europe, Asia, and Oceania"
EF09GE08,427cf4ab-5253-4d29-9f6a-2e10d7eaea0f,"Analyze tensions and conflicts that have reshaped territorial boundaries in Europe, Asia, and Oceania"
EF09GE08,46b59884-f644-4cac-9215-cbf8d98bc283,"Explain the concept of regionality as it applies to territorial organization in Europe, Asia, and Oceania"
EF09GE08,207d7aec-9569-4616-a06a-621cbd60a83e,"Compare multiple regionalities resulting from geopolitical changes across Europe, Asia, and Oceania"
EF09GE14,459ebf5e-1ab1-44a7-a7cf-16f4d1613aaa,Construct bar graphs and pie charts to represent sociopolitical and geopolitical data
EF09GE14,45f97bf4-290a-4f20-9d90-13649e596234,Construct thematic maps and cartograms to represent global diversity and inequality data
EF09GE14,8e35e216-b130-4e23-b3ab-f2515a715da8,Interpret sketch maps and cartograms representing sociopolitical and geopolitical patterns worldwide
EF09GE14,ed27d473-7eb3-4ff6-8ab4-d5a6ecf4c026,Synthesize geographic data from multiple graphic representations to analyze global inequalities
EF09GE10,eb633b48-7435-4cdf-a692-7c48f1d6adf8,"Identify the main features of the industrialization process in Europe, Asia, and Oceania"
EF09GE10,6050f1fa-1af0-4070-85fe-223cea9f3d54,"Analyze the impact of industrialization on the production and circulation of goods in Europe, Asia, and Oceania"
EF09GE10,0c369010-1bc4-4397-93e2-d9fc374c0763,"Analyze the impact of industrialization on the circulation and transformation of cultures in Europe, Asia, and Oceania"
EF09GE11,43c2a754-0226-41ba-ac7c-5fe69911c296,Identify technical and scientific changes resulting from industrialization across different world regions
EF09GE11,0f9b9ba7-a1b3-4a82-83af-2e57a1e95405,Relate industrialization-driven technological changes to transformations in labor in different world regions
EF09GE11,2480fe44-911e-4aae-ae4c-1e8f113cee9e,Analyze the consequences of global industrialization-related labor transformations for Brazil
EF09GE12,b1d376c7-2255-4088-9885-7b9d9cf3278f,Relate the urbanization process to transformations in agricultural production across different countries
EF09GE12,9f428320-69c8-449b-8810-ef63a8eac935,Explain the connection between urbanization and the expansion of structural unemployment
EF09GE12,aaa302a6-3986-4fd4-80c3-ec6cf713ba0a,Analyze the growing role of financial capital in different countries in the context of urbanization
EF09GE12,c9b6cb3e-0974-49aa-8d3d-702c57d38121,Examine the specific consequences of urbanization and financial capital expansion in Brazil
EF09GE13,a7883e97-f35c-4f37-96c0-8cddb3a219c1,Explain the role of agricultural production in contemporary urban-industrial society
EF09GE13,e15ff2b9-2766-49d9-99cc-cb48444715bb,Analyze global inequalities in access to food resources in light of agricultural production patterns
EF09GE13,9ea9a629-cfc8-41f4-a984-f063426c3e8b,Relate agricultural production to the unequal global distribution of raw materials
EF05GE02,f3083f2b-6600-4bdd-bff6-53976713f894,Identify ethno-racial differences among groups across different territories
EF05GE02,4cf9ed73-b833-410a-9613-721d10744fe4,Recognize social inequalities associated with ethno-racial and ethno-cultural diversity across territories
EF09GE15,f8f46c10-8e7e-4e36-9603-8a9da881d4ee,"Interpret thematic maps using different cartographic projections to read demographic, economic, and socio-environmental data"
EF09GE15,1d211a1f-4f7d-454c-a8fd-b79b4cc78b97,Compare different world regions based on demographic and economic indicators represented in thematic maps
EF09GE15,aabab4f9-cbfd-447b-81c9-a1064df52510,Classify world regions according to socio-environmental data represented in thematic maps with different projections
EF09GE16,04526952-e0cf-40af-86df-c0bbf28d6ab3,"Identify the main morphoclimatic domains of Europe, Asia, and Oceania"
EF09GE16,a6e653ce-b8fe-462d-bd3e-178a91ae7103,"Compare morphoclimatic domains across different regions of Europe, Asia, and Oceania"
EF09GE17,d984493b-38bb-4a93-b061-eb6826317dbd,"Describe the physical-natural characteristics of different regions in Europe, Asia, and Oceania"
EF09GE17,88d8f1cf-3af6-443d-8bcd-1a4e298e585b,"Explain patterns of land occupation in different regions of Europe, Asia, and Oceania"
EF09GE17,e025d7af-afe1-4a98-92e2-7dc695c0c02c,"Relate land use patterns to physical-natural characteristics in regions of Europe, Asia, and Oceania"
EF09GE18,8a9543d7-02b2-431d-810e-9c2f63043df3,Identify industrial and innovation supply chains in different countries
EF09GE18,3b9c840f-7de4-4428-9856-ff668eafc6e0,Analyze the consequences of natural resource use across different energy sources in different countries
EF09GE18,f36bee36-ab87-40d3-9e26-0c374a7ad34a,"Compare the environmental and social impacts of thermoelectric, hydroelectric, wind, and nuclear energy sources"
EF07GE04,4352a373-46a8-40ec-922d-5efe889ffd11,Describe the territorial distribution of the Brazilian population across Brazil's regions
EF07GE04,640149fc-9321-4e5c-bdc8-23896b64f1b1,"Analyze the ethnic-cultural diversity of the Brazilian population, including Indigenous, African, European, and Asian groups"
EF07GE04,93668270-52d4-4536-9622-88fe21967865,"Relate income, sex, and age characteristics to the demographic distribution of Brazil's regional populations"
EF07GE05,ea168aec-e9fa-44d7-b5e8-474d85fdb7e6,Identify key events and situations representative of the mercantilist period
EF07GE05,b6cc0e37-f88b-4ffa-aa6d-9899e3408e98,Analyze the changes that occurred in the transition from mercantilism to capitalism
EF09GE09,e5cb42bd-765c-4eee-9ca4-e198d54eed24,"Analyze demographic and urban characteristics of European, Asian, and Oceanian countries"
EF09GE09,7e57951a-8aae-4b81-a3e6-84c11e3986ca,"Analyze political and economic dimensions of countries and country groups in Europe, Asia, and Oceania"
EF09GE09,5f390e37-239f-4b20-8594-a0f367849f94,"Evaluate social and economic inequalities present in European, Asian, and Oceanian countries"
EF09GE09,1eed0c83-d9c8-49ae-bd64-b16184285a50,"Examine pressures that human activities place on physical-natural environments in Europe, Asia, and Oceania"
EF05GE03,d59de146-4fb2-44d7-8f29-c592c07e9e30,Identify the forms and functions of cities in the context of urban geography
EF05GE03,f1796a11-f750-48f6-a519-1859c312154c,Analyze social changes produced by urban growth
EF05GE03,7633bdea-db13-4306-8a1e-217b5d00e9c5,Analyze economic and environmental changes resulting from urban growth
EF07GE03,5af6ca8f-e636-4963-a168-104e23280f51,Identify the territorialities of Indigenous peoples and quilombo-descended communities in Brazil
EF07GE03,b7697c1d-cbac-4d61-a204-d818c2d06ef5,"Identify the territorialities of forest, Cerrado, riverside, and coastal fishing communities in Brazil"
EF07GE03,a363ff76-bce7-47ab-a463-ffd0332ec1fb,Select arguments that support recognition of these communities' territorialities as legal rights
EF05GE05,dca57fa4-8f9b-4e92-ba99-3aed34689cd5,Identify changes in types of work associated with technological development in agriculture and livestock farming
EF05GE05,5df3c868-1fb9-4334-adc1-6b91cbac8064,Compare technological changes in different economic sectors and their effects on types of work
EF06GE10,db340aaa-76eb-4ae9-bfe7-383b8b99613d,"Explain different forms of land use such as crop rotation, terracing, and landfills across different places and periods"
EF06GE10,330350e1-f0f3-4d1b-bf26-a9eadfdb5ac7,"Explain different forms of water resource appropriation such as irrigation, treatment, and distribution systems"
EF06GE10,dbaf7f52-43c1-4219-bdfc-f0d917640387,Evaluate the advantages and disadvantages of specific land use and water appropriation practices
EF06GE11,4c02be17-8464-4657-8c1a-d3018f8e67b0,Analyze the distribution of physical-natural components as a basis for understanding society–environment interactions
EF06GE11,d2819bf5-b2b2-4a8d-b3ec-14a56ce31aef,Compare distinct forms of interaction between societies and the natural environment across different regions
EF06GE11,b5523231-3053-43ab-8e16-a3edb3aadb5c,Analyze transformations to local and global biodiversity resulting from human–environment interactions
EF06GE12,eb212dc4-7484-4237-a342-3d473784868c,Identify patterns of water resource consumption in Brazil and in the world
EF06GE12,f953be7f-0b38-4987-bc96-17620fa9cb99,Describe the use and importance of major drainage basins in Brazil and globally
EF06GE12,320152c5-de53-4ac8-bf15-afcc921ef952,Analyze transformations in urban water environments resulting from human consumption of water resources
EF06GE13,0d3d7f58-533d-4338-8952-81d1ec737542,Identify human practices that alter local and regional climate dynamics
EF06GE13,e28d7df1-84e4-4884-9f17-9e05000c5172,Explain the formation and causes of urban heat islands
EF06GE13,92576eef-88d2-4fcc-9716-338cfbcce368,Analyze the environmental consequences of urban heat islands on local climate
EF06GE13,dfb05621-24b6-4e8d-9bd8-ba73582b7662,Compare advantages and disadvantages of specific human practices on climate dynamics
EF06GE13,c8ad9cd9-8ba8-486f-ae57-eee24b5af1b3,Evaluate the relationship between urbanization and changes in precipitation and temperature patterns
EF07GE01,29e0a81c-97dd-40aa-b083-9b60724c5e3c,Identify ideas and stereotypes associated with Brazilian landscapes in media sources
EF07GE01,865cb793-af03-4fa0-a33e-1702c82c2357,Evaluate the accuracy of media representations of Brazil's territorial formation
EF07GE01,bb0e998e-ee61-4cd2-b06e-1b81a51fd110,Distinguish between stereotyped and evidence-based portrayals of Brazilian regions
EF07GE02,1b4214b4-9539-4c5f-a4c3-333273f9a955,Identify economic and population flows that shaped Brazil's socioeconomic formation
EF07GE02,0fb1e5cc-638c-4d6c-980b-8743ef9394b9,Analyze the influence of historical migration patterns on Brazil's territorial organization
EF07GE02,604345a0-76d9-4a5c-a53a-ddb61061539f,Describe conflicts and tensions arising from economic and population flows in Brazil
EF07GE02,1c68d48a-784a-48f3-9ac3-3b5aa53ee4be,Compare historical and contemporary socioeconomic tensions related to territorial formation in Brazil
EF06GE09,f541231e-0dee-40fe-99f6-02b69ee8ef0a,Construct three-dimensional models representing features of Earth's surface
EF06GE09,0ec8a32d-0128-4e94-ba54-fa5194de2f57,Build block diagrams to represent geological and relief structures
EF06GE09,09492a4f-8670-4e25-9137-ea044504c9c8,Construct topographic profiles from contour-line maps
EF06GE09,e94ab311-bd60-4f21-98a4-6bf4f41c3967,Construct vegetation profiles to represent plant cover distribution across relief features
EF06GE08,c88759c2-8a13-420b-a372-842e6ba05f40,Interpret graphic scales on maps to measure distances on Earth's surface
EF06GE08,b4893f53-7ff6-48a8-8eff-1bc5a5d9ca99,Convert numerical scale ratios to calculate real-world distances from map measurements
EF06GE08,01998c79-0836-4f28-8885-e6619050b609,Compare distances between locations using both graphic and numerical map scales
EF06GE07,afd37829-baaa-4767-a5ce-0534378a6295,Identify changes in human interaction with the natural environment brought about by urbanization
EF06GE07,9ceb12a8-1094-4b33-8a8e-2fd54d23503d,Explain how the rise of cities transformed relationships between human societies and natural systems
EF06GE07,38e96068-588b-4ad5-ba26-49f3b5be36a6,Compare human-nature interactions in pre-urban and urban contexts
EF06GE06,fc9078ff-be88-4580-b064-02e1d32c8c76,Identify landscape characteristics transformed by agricultural and livestock-raising activities
EF06GE06,883750fa-1775-4131-8129-59f35d2a2b0b,Identify landscape characteristics transformed by industrialization
EF06GE06,3b169049-8597-44a0-bf7b-bacaa3e88d26,"Compare landscapes modified by agriculture, livestock raising, and industry"
EF06GE05,3254be79-8cba-47e8-abf6-1b89fa82ba0a,Relate climate patterns to soil types and landform relief features
EF06GE05,81e8e2c5-7135-4521-a978-d00cc936b7da,Relate vegetation formations to climate patterns and soil types
EF06GE05,9f84922b-9ee4-476c-9962-43a9a25d4365,"Analyze the interdependence among climate, soil, relief, and vegetation in a given region"
EF06GE04,88d5e328-fd03-4ccc-87d1-e90f4ef98afd,"Trace the continuous movement of water through land, ocean, and atmosphere in the water cycle"
EF06GE04,1528d2b0-a9a1-4aec-b392-64186dbe937e,Compare surface runoff processes in urban and rural environments
EF06GE04,3bdca1ec-cdac-4b9e-8495-dbd8e5352816,Identify principal components of drainage basin morphology and hydrographic networks
EF06GE04,03bfbeb6-3cf8-4df5-a6e2-8df0fd4a8c98,Locate hydrographic networks within Earth's landform relief and vegetation cover
EF06GE03,ed08152e-99c9-43fb-bdc1-e9b4cddf49c8,Describe Earth's rotational and translational movements
EF06GE03,f65ae840-1441-4702-bfbd-5150c7c021a7,Explain the relationship between Earth's movements and general atmospheric circulation
EF06GE03,57a761fa-9a5c-467a-9ad0-615544088c53,Distinguish between weather and climate using the concept of typical conditions over time
EF06GE03,7834f79d-475d-4595-b09e-36f02597e6d1,Relate Earth's movements to the distribution of climate patterns across the globe
EF06GE02,9dd76d9f-e40a-4e81-bed0-c0a73f3f8159,Identify landscape modifications made by different types of societies
EF06GE02,ddf1b046-20f1-46c7-86da-70488e7429e5,Describe how Indigenous peoples transformed and managed landscapes
EF06GE02,193d9477-f30f-4212-ab3c-6241e14ef620,Compare landscape modifications made by Indigenous peoples with those of other societies
EF06GE01,9b634626-7c00-4821-86d1-0432f44acaf6,Identify transformations in landscapes within students' places of lived experience over time
EF06GE01,1049452a-c272-4460-b72f-28de841af696,Compare uses of local places across different historical periods
EF06GE01,cd3f3dc2-a265-44bf-babb-54f332a460c8,Analyze factors that drove landscape changes in students' local environment
EF05GE12,7a57e9df-8952-469b-acdb-5378387b137e,Identify government agencies responsible for improving quality of life in areas such as environment and housing
EF05GE12,afe20061-1e59-423c-b41e-d920f111d927,Identify social participation channels through which communities can seek solutions to local problems
EF05GE12,d15b7a42-2d2a-41bd-bb8e-9249660481ac,Evaluate proposals implemented by government agencies that affect students' local community
EF05GE11,acaf0a43-7f78-4b7d-aa01-3ba67b157d91,Identify environmental problems occurring near the school and place of residence
EF05GE11,b12f026d-f9c7-43a3-982a-146ed296530e,Describe the causes and effects of local environmental problems such as open dumps and pollution
EF05GE11,eb77386f-8a58-41b4-bde5-43fdb7dc0c6e,"Propose solutions, including technological ones, to address identified local environmental problems"
EF05GE09,b9d39d5d-13c5-41ba-9d55-947a2f5522c8,Interpret thematic maps to identify connections among different cities
EF05GE09,0b18e122-4bf2-4792-a95c-04e56a29d0e2,Establish hierarchical relationships among cities using graphic representations
EF05GE09,b866dc2a-faf3-474b-8f26-ee4d5701ede5,Analyze networks of cities based on thematic cartographic data
EF05GE08,95f2e4fa-fb2f-4bdf-bc5a-e3e1dfd1072c,Interpret sequences of photographs to analyze landscape transformations in cities over time
EF05GE08,082b3b3b-d801-4327-aef6-58a3abd3ab50,Analyze aerial photographs and satellite images to identify urban landscape changes
EF05GE08,fd44489e-d991-4edc-a298-b44732bf841f,Compare urban landscape transformations across different time periods using visual sources
EF05GE07,f997318f-5c60-4f72-bad0-155d25f4f33e,Identify types of energy used in industrial production
EF05GE07,f7aedb2f-b733-4664-bb86-f344c8f9d0e4,Identify types of energy used in agricultural and extractive activities
EF05GE07,ec9e029c-b40c-44ef-b904-64a6328428da,Identify types of energy used in the daily lives of populations
EF05GE06,e450905c-c4f0-4228-b908-1e63a8c6698f,Identify transformations in means of transportation over time
EF05GE06,59c6d7d6-d743-46ed-b0cb-7449f40be6e4,Compare the impacts of different transportation and communication technologies on society
EF06CI12,7fceca7a-5441-4725-9c0f-507ecacb7290,Identify different types of rocks and their defining characteristics
EF06CI12,1aea0f0a-a43e-4299-8aef-2fa7c5fce02b,Relate sedimentary rock formation to the preservation of fossils
EF06CI12,f0e4d4ef-56e0-4689-9559-3e88463c0494,Associate fossil records with specific geological periods and sedimentary rock layers
EF06CI13,46fe461b-e959-4054-8d9b-f0c2caf73fea,Identify observational and scientific evidence that supports Earth's spherical shape
EF06CI13,3d4769f3-9947-4bb9-b576-786d942f299f,Evaluate arguments used historically and currently to demonstrate Earth's spherical shape
EF06CI13,73b11ce0-8496-450e-b06c-f9b224a09d83,Select the most compelling evidence to counter flat-Earth misconceptions
EM13CNT102,aa0d5b8b-cc62-4822-b3ed-6003bee253b8,Identify thermodynamic variables that affect the operation of thermal systems
EM13CNT102,a667cd65-09bd-45d1-8944-55a6014e7a80,Evaluate the sustainability of a thermal system based on its composition and energy behavior
EM13CNT102,c57b6ebc-e7ac-41c0-800d-ea2faaa7d468,Construct a prototype of a thermal system aimed at sustainable energy use
EM13CNT102,4867d00c-237d-4889-95dd-a618eb27ff92,Use digital technologies to estimate thermodynamic calculations in system design
EM13CNT102,7a069c26-94d4-4390-aeda-c28e62cd4af8,Use an existing model to generate predictions about the behavior of a system or phenomenon
EF03CO02,ba43083c-a048-45f8-af9e-26d8d9e369f4,Create an algorithm using sequences to solve a given problem
EF03CO02,2df6cd22-fae5-455f-9510-7b88747f4273,"Represent an algorithm using oral, written, or pictographic language"
EF03CO02,004d089e-fd1d-4b50-8d17-0a7490bd2aee,Simulate an algorithm that includes a simple repetition with a condition
EF03CO02,4a3e48fe-3a7b-4088-9ce5-62192019d41a,Solve a problem collaboratively by designing and testing an algorithm with indefinite iterations
EF03CO03,96f5c0fe-f649-4083-ab8c-ca62f82d6ad9,"Decompose a complex real-world problem into smaller, independently solvable sub-problems"
EF03CO03,bad78efb-9a4e-4d2a-ad65-6c3af5d8806d,Solve each sub-problem produced by decomposing a complex problem
EF03CO03,40cf1f1a-d6ba-40bc-9ca6-9e37c930c34f,Combine solutions of sub-problems to produce the solution to the original problem
EF03CO04,779a4d0d-ace2-46cb-8fef-7b470fb460ae,Distinguish between the concepts of data and information
EF03CO04,00c806e6-4750-4926-b003-2c4a2df2877f,Explain how data can be processed or organized to produce information
EF03CO05,274f017a-3f62-4bd9-9471-9253ea020be4,Identify that data are stored in specific formats depending on the type of information
EF03CO05,2243b6e7-71cb-44b4-ba4b-cb81a7afbee4,Match a given type of information to an appropriate data format for storing it
EF03CO06,b1f2a466-186e-4853-a65b-e87d61e8424f,Identify input devices through which a computer receives data from the outside world
EF03CO06,1370ed36-1ade-41cc-ab79-cbb334091b5a,Identify output devices through which a computer communicates results to the outside world
EF03CO06,bc4da3c8-3394-4080-97a8-e2722a81bccf,Explain that a computer uses physical interfaces to interact with its environment
EF03CO07,9c1f21e7-5214-4f21-b78e-ab350195d7d3,Use a web browser to access information on the internet
EF03CO07,ff7aa38d-804d-46a9-975e-42337cc899a4,Use effective search terms to locate relevant information from print and digital sources
EF03CO07,f29badd9-d2a5-4aff-af18-1b27a0eba81b,Compare results from different search tools when researching the same topic
EF03CO08,19d2982b-eba8-4733-8e86-8682bcb5e199,Use computational tools to express ideas in a digital format
EF03CO08,3500dc58-8e07-4ea7-aebf-56d9f9c2cbee,Select an appropriate digital format to communicate a given idea or content
EF03CO09,77dd4254-7887-48ff-a6fc-3a2c2a89b68d,Identify examples of personal information that should not be shared in digital environments
EF03CO09,dfef666e-2807-4eff-8be5-15e73c7f9d56,Explain potential risks of sharing personal information—or peers' information—online
EF03CO09,bc09458f-5cab-4a67-8e17-72be13f9adb7,Recognize appropriate boundaries for sharing information in digital environments
EF04CO01,8446501a-0778-4e46-a28e-422213c50afa,Identify real-world or digital objects that can be represented as a matrix structure
EF04CO01,8be274d0-56ea-4efc-b1b2-78f6838626ac,Locate a component within a matrix representation using its coordinates
EF04CO01,59df384a-d3d6-4109-b916-5eefe37a96fc,Perform simple manipulations on a matrix representation of an object or scene
EF04CO02,15803151-909a-4106-8b9a-14d46b1f5639,Identify real-world or digital objects that can be represented as named records
EF04CO02,d1cd388b-649d-4b5c-bc9f-be5dbc735ef2,Locate a component within a record representation using its identifier name
EF04CO02,bc135fd0-f296-433b-9a15-bbac414fa9f9,Perform manipulations on a record representation of an object or dataset
EF04CO03,b633be2f-5033-4fc4-9544-29a30f8ed952,Create an algorithm that includes nested repetitions to solve a problem
EF04CO03,e6911938-1b8e-46f9-a5bf-0b4f21d5feb8,Distinguish between definite and indefinite iterations in an algorithm
EF04CO03,d9bbf081-e918-480d-8ed6-1cc471835953,"Simulate an algorithm containing nested loops represented in oral, written, or pictographic language"
EF04CO03,e74fc285-abc2-4386-9216-0dfa33e16b3f,Solve a problem collaboratively by designing an algorithm with simple or nested repetitions
EM13CNT101,c80f57ee-d19c-4f6b-86ba-65e2cdbfb733,"Identify conservation laws governing quantity of matter, energy, and momentum in a system"
EM13CNT101,8594ab9d-e284-4535-87de-bb71ac8b69e5,Represent transformations in physical or chemical systems using conservation laws
EM13CNT101,bff5ac71-cbc1-446b-9f11-c0217e196008,Make predictions about system behavior in everyday situations based on conservation principles
EM13CNT101,da41091f-3565-4b5f-8873-dda3386ea82d,Evaluate productive processes using conservation laws in relation to sustainable development
EM13CNT101,d92ef69f-16ec-472f-a1a3-e8e6f0fb143d,Use digital devices or applications to analyze and represent system transformations
EF02GE10,2ad934e1-0446-5174-ae7c-26b06e85dbc6,"Describe the relative positions of objects in the environment using terms such as above, below, beside, in front of, behind, and next to"
EF02GE10,1079a995-7ed7-4931-87b3-4a146f30b354,Locate objects within a spatial representation of the classroom using positional references
EF02GE10,589a1b16-42a1-4611-8bbb-2c4c277ad35a,Represent the position of objects in the school environment using spatial reference points
EF02GE11,c61b4b5d-8eec-491d-9c78-15cf6210bded,Identify different uses of soil and water in urban and rural settings
EF02GE11,5c3c4652-8162-443e-ba99-7c3e3104b926,Recognize the importance of soil and water for sustaining life
EF02GE11,6588c18d-b639-4287-ad83-a66c041fcf2e,Describe impacts of soil and water use on daily life in urban and rural environments
EF03GE01,9d0211bd-5632-4109-a836-f840fc213067,Identify cultural aspects of social groups in students' places of lived experience
EF03GE01,e5f582aa-4da4-44dc-91c6-c26f348543a2,Compare cultural aspects between different social groups in urban and rural settings
EF07CI09,865f3155-1cb7-42c0-b97d-8c5fd869cec1,Interpret public health indicators to assess community health conditions
EF07CI09,d0ac911b-9efe-4684-b9a7-70ca153b89d8,"Compare health indicators across different communities, cities, or states"
EF07CI09,a32ecf8b-babe-4262-945d-789739d7bb71,Analyze the outcomes of public health policies using relevant health data
EF07CI10,6505a2e1-a4ea-4494-8cd6-af76672fc431,Explain how vaccines act in the body to produce immunity
EF07CI10,fd817954-21a3-4026-be2c-bea21521560b,Describe the historical role of vaccination in eradicating or controlling diseases
EF07CI10,1eefde17-c473-483c-bc69-2c0cee24223a,Argue for the importance of vaccination to individual and collective public health
EF07CI11,2c482ca8-a4e2-491a-b783-d0963812a8a9,"Analyze, from a historical perspective, how technology has been used across dimensions of human life"
EF07CI11,7d07fa96-724d-40b0-afa9-602a4b75be43,Evaluate the relationship between technological development and environmental indicators
EF07CI11,751aae2e-c627-4309-a52a-13236b87d8f4,Assess the impact of digital technology on quality-of-life indicators over time
EF07CI12,5cf1b72c-c485-4667-9164-a680e8ccba39,Identify the composition of air as a mixture of gases
EF07CI12,b6fcc1bb-a588-48b9-a71d-90d7fd35533a,Explain evidence that demonstrates air is a mixture of gases
EF07CI12,216dd7d2-476c-4fc1-9071-6aa1d173c3fe,Describe natural phenomena that can alter the composition of air
EF07CI13,89eeeedb-9d59-4179-9cb2-8fd3ba087df6,Describe the natural mechanism of the greenhouse effect in Earth's atmosphere
EF07CI13,460cf7d2-f373-4ed2-9272-e8f57641c1bc,Explain the essential role of the greenhouse effect in supporting life on Earth
EF07CI13,48f9e1f7-8fb6-4cfd-a3ff-1224c9607c02,"Identify human activities that negatively affect land, water, air, or living organisms"
EF07CI13,d9634b4e-e94c-4765-b84b-74c5d23e47f5,Evaluate proposals for reversing or controlling the artificial intensification of the greenhouse effect
EF07CI14,de8a9b39-0ae7-420d-9a04-5c3edf547094,Explain the importance of the ozone layer for protecting life on Earth
EF07CI14,3b3e5f3e-9907-440c-bbdf-396d647f0f43,Identify factors that decrease ozone concentration in the atmosphere
EF07CI14,fd64110f-5c04-4122-8b1f-12dc806dcac6,Evaluate individual and collective proposals for preserving the ozone layer
EF07CI15,a5399798-2329-4aa5-a3ac-7261a209ed83,"Interpret natural phenomena such as volcanoes, earthquakes, and tsunamis using the tectonic plate model"
EF07CI15,314a7705-d4e0-4fc8-8181-aa4e41ed5f67,Justify the rare occurrence of volcanoes and earthquakes in Brazil using tectonic plate theory
EF07CI15,2af44b9d-ef6c-4dac-af6d-df0ffccfae35,Analyze the relationship between tectonic plate boundaries and the formation of geologic structures
EF07CI16,a4f341ff-7cc9-47d3-aaad-b6265ec143f7,Compare continental shapes and rock formations across plates to support the theory of continental drift
EF07CI16,98d02fd2-6b7c-46e8-b966-24839982d652,Justify the complementary shapes of the Brazilian and African coastlines using continental drift theory
EF08CI01,9e8ff9d0-9964-4f97-8e49-ef9d2eeaa20e,"Identify different energy sources used in homes, communities, or cities"
EF08CI01,07696345-5f97-44d9-98fb-10fb36dea80e,Distinguish between renewable and nonrenewable energy resources based on their rate of replenishment
EF08CI01,ed02e0e0-c9d9-4cd4-8b7f-ad6e6a2d0d31,Identify different forms of energy present in a given system or phenomenon
EF04GE06,a4923e84-8f49-473a-919e-45641e77c861,"Identify ethno-cultural territories in Brazil, including Indigenous lands and Quilombola territories"
EF04GE06,023c8d9c-d3ee-4092-95da-4579c422059d,Describe the characteristics that define Indigenous lands and Quilombola territories
EF04GE06,38d8b5ba-61cf-4824-8cce-e065fbb58036,Recognize the legitimacy of the legal demarcation of ethno-cultural territories in Brazil
EF04GE05,68fe74cf-dad2-4912-a13a-14e01526000a,"Distinguish official political-administrative units in Brazil: District, Municipality, Federative Unit, and major region"
EF04GE05,42bcea89-0bf3-4dfd-a0ba-da94749c3071,Describe the hierarchical relationships among Brazil's political-administrative divisions
EF04GE05,3c594cd2-c0ad-4c96-af08-fbd5d162a013,Locate one's own place of experience within Brazil's political-administrative framework
EF04GE04,46361cd7-23b6-4999-9c53-0dc4fdd17acc,Recognize specific characteristics that distinguish rural and urban areas
EF04GE04,15dc8686-cd48-4b98-9a28-f9d995d26930,"Analyze the interdependence between rural and urban areas through flows of goods, people, and information"
EF04GE03,6bd6ba15-5228-4a14-ba93-7fe0ac937b3c,"Distinguish the functions of key municipal government bodies, including the Câmara de Vereadores"
EF04GE03,9a9922d7-658e-4b94-a994-09cfeb01822e,"Identify channels for social participation in municipal governance, such as Municipal Councils"
EF04GE03,a5785a45-fb18-48b2-9a81-e899fbe2436b,Explain the roles of municipal government bodies in local administration
EF04GE02,ef80170f-d2ac-4ce7-af70-e07254fbf995,Describe different migratory processes that have occurred in Brazilian history
EF04GE02,439bda2f-f73c-46ce-a14c-79cf779608a8,Explain the contributions of migratory processes to the formation of Brazilian society
EF04GE01,ee067261-fc6f-4fc2-ba2f-52a50a824b39,Identify elements of distinct cultures present in students' own places of experience and family histories
EF04GE01,c195b7bc-8c5e-4fa8-9954-06d11e352629,Recognize what is distinctive about each cultural group contributing to Brazilian society
EF04GE01,81036b21-fd61-4e80-9971-b546648ff5c8,"Explain the contributions of diverse cultural groups to the formation of local, regional, and Brazilian culture"
EF03GE11,8b3e3128-373a-47d0-9689-30cc99975da3,Compare the environmental impacts of urban economic activities on the natural physical environment
EF03GE11,288d1644-4ef1-4599-80c5-702fdcc91c20,Identify risks to the natural environment arising from the use of tools and machinery in economic activities
EF03GE10,5ccbd41a-01ff-4952-a1ee-0840a60c661e,Identify necessary precautions for using water in agricultural activities
EF03GE10,d2166400-dfc5-48c5-8119-3b5e9cf9d1f9,Identify necessary precautions for using water in energy generation
EF03GE10,17279a48-4398-405b-a3fd-58297fedbab4,Explain how responsible water use ensures the continued provision of safe drinking water
EF03GE09,20adb075-2d95-476b-8e9b-7905ac96af83,"Investigate the uses of water in everyday activities such as food preparation, hygiene, and plant cultivation"
EF03GE09,9644b6e8-a80c-4c1c-b11b-9a90c245d68d,"Identify environmental problems caused by everyday uses of natural resources, especially water"
EF03GE08,e3ead426-e17b-4906-9438-b3934c88ffc6,Relate the production of household or school waste to problems caused by excessive consumption
EF03GE08,c7c436b0-125b-400c-8e34-046c509ba508,"Develop proposals for conscious consumption incorporating habits of reducing, reusing, and recycling materials"
EF03GE08,7d1df705-b5d4-4273-8532-ca79585fab7c,"Identify appropriate practices for disposing of materials consumed at home, school, and in the community"
EF07GE06,4903034e-7ae6-4f5c-be4f-6a900bff34ec,Explain how the production of goods generates environmental impacts across different places
EF07GE06,bb221464-b3ec-49f8-8800-201c904bb12c,Analyze how the circulation and consumption of goods influence the distribution of wealth across different places
EF07GE06,27445cdb-b5cb-4603-93ce-8d85b92a5eb4,Discuss the relationship between economic activities and environmental degradation at local and global scales
EF03GE06,74b9bc67-ef5a-4fb7-b8fb-a4b9a0ac59d1,Identify two-dimensional cartographic representations such as maps and plans
EF03GE06,2311985f-4809-436b-b7b5-cd1c453fab97,Interpret spatial information presented in different types of cartographic representations
EF03GE05,1baa2869-c4a5-40b1-b491-2f65ff583e71,"Identify foods, minerals, and other products cultivated or extracted from nature in different places"
EF03GE05,c958bd34-cea4-468d-baef-38c79578e7ff,Compare work activities related to cultivation and extraction across different places
EF03GE04,93d70caa-ed9e-49be-ba75-805c397f0e9a,Explain how natural processes shape the formation and transformation of landscapes in students' places of experience
EF03GE04,309c73a6-c28d-44a8-9451-d4c9b01bb147,Explain how historical processes contribute to the transformation of landscapes over time
EF03GE04,52d798d8-0a20-49b9-a473-f02d3fb1868e,Compare landscapes from students' own places of experience to landscapes in other places
EF03GE03,0f37b073-66e8-4177-b9cc-d11c2d2ed5de,Recognize the distinct ways of life of indigenous peoples in different places
EF03GE03,98479ed4-46f7-414e-9d92-b98001c5d127,Recognize the distinct ways of life of quilombola communities in different places
EF03GE03,35f9fe8c-f66f-44e0-b6ee-45c04421a05a,Identify characteristics that distinguish the ways of life of traditional peoples and communities from one another
EF06CI14,c642d479-4413-4193-806f-a7a255a464c7,Describe how the length and direction of a gnomon's shadow change throughout a single day
EF06CI14,d4fb203d-74e5-416f-975b-bd2b3b776087,Identify seasonal differences in gnomon shadow patterns across different times of year
EF06CI14,b50c5d04-8e77-4565-9ea6-0c474dbcba05,Predict how shadow length and direction change throughout the day due to Earth's rotation
EF06CI14,375b69f9-ff0c-4590-bcae-157665a3e5a4,Explain how Earth's revolution around the Sun causes seasonal changes in shadow length
EF06CI14,750357ba-d2ee-496b-a0a2-1197c1964ff2,Explain how Earth's tilted spin axis causes differential sunlight intensity across seasons
EF07CI01,d17ea67c-11e8-48e7-ada8-7c3b3ce613ca,Identify examples of simple machines and their applications across different periods of history
EF07CI01,5de7546d-6bf7-471d-9f01-a23934fefe42,Describe how simple machines modify force or direction to perform mechanical tasks
EF07CI01,43060f15-75e9-4d42-97c1-e1cbaf346146,Propose solutions using simple machines to accomplish everyday mechanical tasks
EF07CI02,2e832718-92d7-4b9d-af05-52ef476d1382,Distinguish between thermal energy as molecular motion and heat as energy transfer between objects
EF07CI02,ac2396a4-f6ce-404b-87d2-332b29b39f8d,Differentiate thermal sensation from actual temperature in everyday situations
EF07CI02,d2026045-6292-453a-81ad-71ca84d28a47,Identify thermodynamic equilibrium conditions in everyday contexts
EF07CI03,5c67207d-4827-4943-bb21-0d822ca7eed9,"Compare mechanisms of energy transfer such as conduction, convection, and radiation"
EF07CI03,ecb37911-fb74-4494-9a60-7b9c16b3c897,Classify materials as thermal conductors or insulators based on their heat-transfer properties
EF07CI03,113b13a3-c2c3-46c8-9602-d3ec9d7f171a,Justify the choice of specific materials in everyday objects using knowledge of heat transfer modes
EF07CI03,47c47100-b96d-4bfc-a059-fdcd69b60b3f,Apply scientific principles of thermal energy transfer to design a device that minimizes or maximizes heat flow
EF07CI03,12c6fdd7-2069-40db-ad42-96d032bc417c,Design a technological solution that applies knowledge of heat transfer modes
EF05GE04,327fdb82-5b11-46d4-887c-8b9b61b0ee96,Identify defining characteristics of urban spaces (cities)
EF05GE04,189ba446-9da2-4e0e-bdb2-b2bf012f4837,Analyze interactions and exchanges between urban and rural spaces
EF05GE04,85404413-2ebb-4e30-a029-c46926999f6b,Describe relationships among cities within an urban network
EF05GE10,13fff658-291f-48a6-8bad-3b14fe47b985,Identify attributes used to assess environmental quality in waterways and oceans
EF05GE10,b4e582b6-4fa0-4ba4-b9a3-ef13ffb0ae4a,"Recognize different forms of pollution affecting waterways and oceans (sewage, industrial effluents, oil spills)"
EF05GE10,190395b5-9885-46dc-82e3-093c401e1815,Compare the environmental impacts of different types of water pollution on aquatic ecosystems
EF03GE07,db5a7a08-b83d-4bcf-8dcd-633b76c520a4,Interpret symbols used in map legends across different types of cartographic representations
EF03GE07,59711381-f43a-49c7-8819-64801e1d5cb4,Construct a map legend using appropriate symbols for a given cartographic representation
EF03GE07,cf73a3ba-d503-41a3-bfea-94e0f5837913,Recognize how map legends vary across different cartographic scales
EF07CI08,31c8b7c6-458b-4114-866f-fb00182c01b6,Identify empirical evidence linking changes in physical or biological ecosystem components to population shifts
EF07CI08,2ab1c896-9c53-431a-8ec6-a419e78c73d9,Evaluate how ecosystem disturbances can threaten or cause species extinction
EF07CI08,d526fe40-c561-4fff-8586-ee6644996c45,Analyze behavioral changes and migration patterns as population responses to ecosystem impacts
EF07CI08,a90b5e2d-34a4-4ceb-8c0c-8efa003fbd50,"Assess the combined effects of physical, biological, and social changes on ecosystem stability"
EF02CO02,2f9587cd-1f89-457a-9ee0-35a01ca2efc5,"Construct an algorithm using oral, written, or pictographic language with simple repetition sequences"
EF02CO02,d845bf13-b71d-415a-95a7-269626dbd7a1,Simulate the execution of an algorithm that contains definite iteration steps
EF02CO02,a6e57ab8-bbf1-4841-a0be-c1524b2b08fa,Analyze how the precision of an instruction affects the outcome of algorithm execution
EF02CO03,d61fe002-22c1-474f-82a3-0956387d47dc,Identify that different machines follow their own specific sets of instructions
EF02CO03,953a2fa3-4faf-431b-a7a7-88b34a600578,Recognize that machines can be used as tools to define and execute algorithms
EF02CO04,8b1592a9-521c-425b-a5c5-dbc5f0342a0d,Identify physical components of a computing device as hardware
EF02CO04,e1ac2cd3-6449-4c3c-8f4b-559ab9222efc,Identify programs that provide instructions to a device as software
EF02CO04,6069e032-128a-449e-b7d0-0efda7104993,Differentiate between hardware and software based on their roles in a computing system
EF02CO05,1f593c56-ed4a-4189-aec1-2dd2e42d8004,Recognize characteristics of computational technologies present in everyday life
EF02CO05,5fac5ca1-b032-4ca2-a2a7-b5947a2bb723,Identify uses of computational technologies in school and non-school contexts
EF02CO06,d4fd701c-f32e-477c-867d-99e8304cdd63,Identify basic safety precautions for using computing devices
EF02CO06,83e036d9-e9ee-4de1-bcd0-b6228887db01,Recognize potentially unsafe situations that may arise when using computing devices
EF03CO01,5786beb8-81cb-4290-b605-fa431d11d5a5,Assign a truth value (true or false) to a logical statement about an everyday situation
EF03CO01,047b38b4-f3c9-439c-bb49-acb9bbaf83eb,Apply negation terms to form the negation of a logical statement
EF03CO01,55a2f838-dacb-420f-90e9-eeb49691f03b,Evaluate the truth value of a negated logical statement about an everyday situation
EM13CNT107,a4f97e85-7811-4380-9440-a66eb7effa9e,"Identify energy transformation processes occurring in generators, motors, transformers, batteries, and electronic devices"
EM13CNT107,957b3a57-feef-4e58-9120-88937a62b289,Make qualitative predictions about the operation of electromagnetic devices based on energy transformation principles
EM13CNT107,8b00bf4c-e29d-4180-8a53-da871ad02124,Make quantitative predictions about the behavior of electrical components such as coils and transformers
EM13CNT107,a0053c46-803e-4998-ac56-56ec55861938,Propose actions aimed at sustainability based on analysis of energy use in electrical and electronic devices
EM13CNT106,34b3860f-ca23-4abf-8163-27278d7dd21a,"Evaluate technologies for generating, transmitting, and distributing electrical energy considering efficiency and environmental impact"
EM13CNT106,6a5a712a-56e6-4037-997b-5501205a4ab7,Compare competing design solutions for energy or mineral resource use based on quantitative cost-benefit analysis
EM13CNT106,5314c06a-fb6c-4d0e-89dc-721746efa8b7,Analyze socioenvironmental and cultural impacts of different electrical energy technologies
EM13CNT106,ffd57736-7b9f-4b36-b94b-3bfe6737875c,Propose solutions for electrical energy consumption considering geographic and environmental characteristics
EM13CNT105,69bb24ed-dc55-4d2b-b850-034951d2dda1,"Describe the stages of major biogeochemical cycles (carbon, nitrogen, water, etc.)"
EM13CNT105,2faa20c6-efd6-4e6a-9bb5-85cb687133e6,Interpret the effects of natural phenomena on biogeochemical cycles
EM13CNT105,6cd24127-7964-47d4-a5aa-786a26e0b6b9,Analyze the consequences of human interference on biogeochemical cycles
EM13CNT105,6361f651-1be5-4734-9f8e-61d1d95fecc9,Propose individual or collective actions to minimize harmful impacts on biogeochemical cycles
EM13CNT104,36fa756f-958f-4721-b37f-e0faa4bb6d72,Evaluate health and environmental risks posed by materials and products based on their composition and toxicity
EM13CNT104,013f37ef-3cfb-46ec-8ff8-276f59929873,Analyze how reactivity and level of exposure influence the risks associated with a given material or product
EM13CNT104,a4f6ee62-bff3-4cde-a5c8-6061b37e7891,Assess the benefits of specific materials and products relative to their environmental and health risks
EM13CNT104,e03bc511-3cdf-4f65-bb3a-7d32ed3b734c,Propose individual or collective solutions for the responsible use and disposal of hazardous materials
EM13CNT103,c1af48f8-7e15-46c3-b7c4-5cd8a84da306,Identify the origins and types of radiation present in everyday contexts
EM13CNT103,14a06603-c6c3-407a-8579-ee7dae6341f7,"Evaluate potential benefits of radiation use in health care, industry, agriculture, and energy generation"
EM13CNT103,1faa2f0b-0758-4566-8863-dcc302ef2d46,Evaluate potential risks of radiation exposure from everyday equipment and environmental sources
EF02GE09,0f7a62be-55f3-4a58-ac47-291165ca5178,Identify familiar places such as school and home in aerial (vertical-view) images and maps
EF02GE09,73603f80-173a-48c7-884f-32f56fd63904,Identify familiar objects and places in oblique-view photographs
EF02GE09,d0234daa-cc4e-4d8a-abac-d44d75bba1fe,Distinguish between vertical and oblique perspectives used in maps and photographs
EF08CI09,e9368ab5-fc32-4b9a-93be-9f0c4139bafe,Compare the mechanisms of action of different contraceptive methods
EF08CI09,364720b3-1ac4-483c-9ec2-69af3aa3df2a,Evaluate the effectiveness of various contraceptive methods in preventing unintended pregnancy
EF08CI09,cee1bdf3-ae63-4b02-b98b-88921e4c1df8,Explain how selected contraceptive methods protect against Sexually Transmitted Diseases
EF08CI09,0f943d65-9861-4242-9621-4c32af4de0b3,Justify the importance of shared responsibility in choosing and using contraceptive methods
EF08CI10,81219714-e2d4-413f-be28-81c9b7607468,"Identify the main symptoms of selected STDs, including AIDS"
EF08CI10,6acd0bba-f59e-440f-b5f3-3dab8df17726,"Describe the modes of transmission of selected STDs, including HIV"
EF08CI10,7ed4578a-f1c7-4391-9020-3c728f70768a,"Explain the available treatments for selected STDs, with emphasis on AIDS"
EF08CI10,3ec5999d-8e2a-46b6-8af5-8a56893e207d,Discuss prevention strategies and methods for reducing STD transmission
EF08CI11,025e7325-333a-4d95-a161-a7401029409b,Identify the biological dimension of human sexuality
EF08CI11,7449d873-3d01-458e-ac46-e2af4fdacb8c,"Identify the sociocultural, affective, and ethical dimensions of human sexuality"
EF08CI11,4d90af6b-2491-4889-8836-cbdbb4bb4e89,Select arguments that reflect the multidimensional nature of human sexuality
EF08CI12,36a09a96-92a5-4090-a81f-aa548932eff5,"Explain the occurrence of lunar phases based on the relative positions of the Sun, Earth, and Moon"
EF08CI12,67b40ec3-86ec-44f9-95dd-918d6097119a,"Explain how the relative positions of Earth, the Moon, and the Sun produce solar and lunar eclipses"
EF08CI12,d7be9129-af7e-4807-9403-609e682f166f,Justify lunar phases and eclipses through the construction and use of physical models
EF08CI12,4cae8cfe-0acc-48de-bf0e-5517ac549baa,Identify lunar phases through direct observation of the Moon in the sky
EF08CI13,996ab3c3-0a7f-4c28-9b27-7d2b736dae75,Represent Earth's rotational movement using a three-dimensional model
EF08CI13,5d7d7037-5890-40a8-ac28-ec159c2cd616,Analyze how the tilt of Earth's rotational axis relative to its orbit causes the seasons
EF08CI14,c61339c0-7e61-46b5-8ca1-97d1378683cb,Explain how unequal heating caused by Earth's shape affects regional climates
EF08CI14,af3e2fbc-300e-4572-ad7c-e88d896128d8,Relate patterns of atmospheric circulation to regional climate characteristics
EF08CI14,4d6eb5e9-d77d-4acd-9b7b-25f657c82780,Analyze how Earth's rotational and translational movements influence climate distribution
EF08CI15,9d390c2e-3e59-4143-ac14-54366c98e71f,Identify the main variables involved in weather forecasting
EF08CI15,aa0cd4ac-4900-403e-817f-fbe891366542,Simulate the measurement of key meteorological variables used in weather forecasting
EF08CI16,e653fa65-21af-4aee-a33a-1b0078361b1b,Identify regional and global climate changes caused by human intervention
EF08CI16,06546029-9701-4f1c-a52a-1a4883d593b4,Describe initiatives that contribute to restoring environmental balance
EF08CI16,6f5f0b74-9130-4649-8316-87e0a75327fa,Evaluate the effectiveness of proposed initiatives in addressing human-caused climate changes
EF09CI01,92886824-00b3-41ad-a453-6defe060a2d0,Identify changes of physical state of matter in observable phenomena
EF09CI01,6531fe59-3a69-4de8-8f1f-c2be30d25e88,Explain physical state changes using the submicroscopic model of matter's composition
EF09CI01,9df428fd-fcb9-482b-b05d-5f91f2d0a2a2,Explain how the arrangement and motion of particles account for differences between states of matter
EF09CI02,36af1dd0-e744-4c87-b2a0-1fdfc1aefd44,Compare the weight of reactants and products to evaluate conservation of matter in a given scenario
EF09CI02,280165ca-95f0-42a4-abac-1bebc7cce364,Establish the ratio between the masses of reactants and products in a chemical reaction
EF09CI02,47d9eed5-553b-430d-a3d5-405bbfdb6349,Apply the law of conservation of mass to analyze chemical transformations
EF09CI03,963435cb-737b-4d4e-b91b-136182ef8bd9,Identify models that describe the atomic constitution of matter
EF09CI03,3f99d30e-7c89-44cd-a493-e1b94d0a059c,Construct models representing the arrangement of atoms in simple molecules
EF09CI03,80ada446-206c-477d-aa58-27f98a86782e,Recognize the historical development of atomic and molecular models of matter
EF09CI04,f02fcc61-f160-4f3e-a70e-4dc14501514b,Demonstrate through experimentation that the three primary colors of light combine to produce all other colors
EF09CI04,4c4f0d16-0676-4eab-a5e5-9bc21795b7fa,Investigate how the color of light illuminating an object affects its apparent color
EF09CI04,85451123-aeb1-442f-8650-cfd47dec486d,Plan and conduct experiments to test the properties of light color mixing
EF09CI05,a7be5000-8ce6-411a-b772-50066934bf1f,Identify the principal mechanisms involved in sound transmission and reception in communication systems
EF09CI05,4eb9508d-abca-4b56-a676-213c6e536992,Explain how advances in transmission and reception technologies revolutionized human communication
EF03CI06,80efab12-b4a6-425f-af17-a816b09294fc,Identify external characteristics used to compare and classify animals
EF03CI06,e48b73bb-23c4-4845-8262-68509cd7e4b8,Organize animals into groups based on shared external characteristics
EF03CI07,5a94ad04-5370-4424-b72c-f16aba13b15f,"Identify Earth's spherical shape from different representations such as maps, globes, and photographs"
EF03CI07,62c18619-25fe-4308-8a51-4d542996023c,Identify characteristics of Earth such as the presence of water and soil from various representations
EF03CI07,0c766b8e-4c76-4841-814f-94d53d2e5c45,Compare different representations of Earth to identify its physical characteristics
EF03CI08,87b5bc0f-ed8d-43db-a682-af39a498da0a,Identify which celestial bodies are visible during daytime and nighttime
EF03CI08,81aae49b-71ff-4c4c-ad6e-26fcfec17606,"Record the times of day during which the Sun, Moon, planets, and stars are observable in the sky"
EF03CI09,f840b414-de9a-4f8c-b642-5299b5497dc0,"Observe and describe characteristics of soil samples such as color, texture, and smell"
EF03CI09,b5db90cf-43e6-42ed-9872-3456f44a420c,Compare different soil samples based on particle size and permeability
EF03CI09,bbf54282-1505-4c40-ab65-7020e19bc317,Record and classify soil samples from the school's surroundings based on observable characteristics
EF03CI10,b78c52e7-5399-4049-b0c5-462a9f7ca21d,Identify different uses of soil including crop cultivation and material extraction
EF03CI10,c64dff59-4fb7-44f5-a6cc-b842f6b18c41,Explain the importance of soil for agriculture and for living organisms
EF04CI01,b9940363-e3dc-476d-8f19-502e14f36f24,Identify mixtures present in everyday life based on observable physical properties
EF04CI01,7609b8e3-2c68-46d7-b18a-ba76a885aaf1,Recognize the composition of common mixtures found in daily life
EF04CI03,7f1f62d1-c88b-4811-92cf-7338addab818,Distinguish between reversible and irreversible changes caused by heating or cooling
EF04CI03,847af5b8-f5fb-4d85-a1c3-f5b8271d2c1b,Identify examples of reversible physical changes such as changes in the state of water
EF04CI03,af113d65-b02a-4b16-80ba-a17233c0eafa,Distinguish between reversible and irreversible changes caused by heating or cooling a substance
EF01CI05,fc5b8fc9-8a39-489e-b537-ba2e50743be2,"Identify and name the three periods of the day: morning, afternoon, and night"
EF01CI05,dae31632-c73e-4391-8d59-6050f37bfd0b,"Sequence the recurring units of time: days, weeks, months, and years"
EF01CI05,9c4dac2b-c35d-4e04-a1a4-9991878f1c60,"Describe the relationship between days grouping into weeks, weeks into months, and months into years"
EF01CI06,3ea06895-0f60-42cd-b9c9-12893f50da99,Identify examples of human daily activities regulated by the succession of day and night
EF01CI06,dd9ac522-5798-441e-9ebd-f62b54e1b4c1,Identify examples of behaviors in other living organisms regulated by the day-night cycle
EF01CI06,a09a4e3f-b940-4a09-b0b2-ccd40019b884,Explain how the alternation of day and night creates predictable patterns of activity and rest
EF02CI01,f238acd6-a951-4443-9459-0d058a80f93d,"Identify the materials (metals, wood, glass, etc.) from which common everyday objects are made"
EF02CI01,bb93817e-cf6d-420b-ac90-164e53780fc8,Describe how each identified everyday object is used in daily life
EF02CI01,bcdc8baa-97c0-4e03-be3a-2320e8fb4f22,Compare materials used to make a given object today with materials used to make it in the past
EF02CI02,aa78c38c-91ff-441d-bc2f-92c4b5240792,"Describe and classify matter using observable properties such as color, texture, hardness, and flexibility"
EF02CI02,534ab042-d203-4f76-abd4-6593110f6464,Select an appropriate material for constructing an everyday object based on a specific property
EF02CI02,af696e2b-9d37-47d7-a0a8-8cb0f5ead81f,Justify the choice of material for a given object by linking its properties to the object's function
EF02CI03,a613e7f2-1cfb-4964-8155-5d396c58138c,"Identify household hazards such as sharp objects, flammable items, electricity, cleaning products, and medications"
EF02CI03,93556ac4-7739-4244-a054-a5e3d0f47800,Describe safety precautions to prevent accidents involving each category of household hazard
EF02CI03,a26a11b0-b5ee-492e-818f-2e06d7a33930,Explain why specific precautions reduce the risk of injury from common household dangers
EF02CI04,01ced0c7-8b77-43e4-81dd-6974eada232b,"Describe observable characteristics of plants and animals encountered in daily life (size, shape, color, life stage, habitat)"
EF02CI04,b68d642a-d806-4246-af87-bb3a81a8d914,Relate specific characteristics of an organism to the environment in which it lives
EF02CI04,1f136ca7-9421-4e26-82b6-0249b6722233,Compare characteristics of two organisms living in different environments
EF02CI05,b280089a-c967-45fd-ad26-a1f0aae2995e,Investigate the role of water in sustaining the life and growth of plants
EF02CI05,027975b0-b1e9-474c-9415-628e85e73add,Compare plant development under conditions with and without adequate water or light
EF02CI06,43e591dc-a823-430b-a0d1-5afb9ca21023,"Identify plant structures such as roots, stems, leaves, flowers, and fruits and describe their roles in survival"
EF02CI06,a3780f3c-429e-4adf-9ac5-d95919f8cbef,Describe the function performed by each main part of a plant
EF02CI06,3cd2f7d9-9047-4c83-b29a-80a4c3a0a7c8,Explain how an organism's survival depends on interactions with both living organisms and nonliving environmental factors
EF02CI07,3c648f44-ea50-4f6c-b97c-6f3a8fb572ea,Observe and record patterns in the apparent position or movement of the sun across the sky
EF02CI07,6262cff9-b30c-43ce-bca3-dcf30e01e9e1,Observe and record the length of shadows cast at different times of day
EF02CI07,6a7c97ca-34a8-478c-aa04-1f1c3fce026f,Relate the position of the Sun to the corresponding length of shadows cast by objects
EF02CI08,bc015383-73c3-4464-9460-6bc9e0540986,"Identify how different surface types (water, sand, soil, dark, light, and metallic surfaces) respond to solar radiation"
EF02CI08,0f1a213a-36c7-4c64-82a8-27a1b4ac8277,Compare the degree of heating produced by solar radiation on different types of surfaces
EF04CI05,24448377-b52b-4d3c-a90e-d1b052fb8907,"Describe how matter cycles among producers, consumers, decomposers, and abiotic components of an ecosystem"
EF04CI05,7184fa24-300e-4dd9-af88-124caa839903,Construct a model showing the flow of energy through living and nonliving parts of an ecosystem
EF04CI05,43a74504-21b3-4c33-a19a-2c74cbb67032,Distinguish between the cycling of matter and the unidirectional flow of energy in an ecosystem model
EF04CI05,11df15d2-c756-410e-b4c1-a105d4d3f869,Identify the roles of living and nonliving components in both matter cycling and energy flow
EF03CI01,571c4a81-8a1b-43d3-952d-5218bf0a0102,Produce sounds by vibrating a variety of different objects
EF03CI01,7b4ccb18-a1fd-4dad-8d29-1c785c147d5f,"Identify variables that influence the sounds produced by vibrating objects (e.g., size, material, tension)"
EF03CI01,68fbedd2-f8de-49f1-8470-f513fecf7302,Identify observable evidence linking vibration of an object to the sound it produces
EF03CI01,772cd258-369b-4b5d-9ce6-6f23154fe110,Compare how changing a single variable affects the sound produced by a vibrating object
EF04CI04,6845d646-7a0f-43d1-8184-f2596a86c6fb,"Identify the roles of producers, consumers, and decomposers in a food chain"
EF04CI04,46d844e4-a83b-4b55-92d6-6b2848d97c99,Construct a simple food chain using living organisms from a given ecosystem
EF04CI04,97476c14-d9c9-4d54-81ec-ac0f5df50593,Identify the position occupied by a specific organism within a food chain
EF04CI04,a88d0b67-dda0-4825-b8b9-2fdef7bbbd10,Explain how energy stored in animals' food originates from the sun
EF04CI02,c7c46bcf-f7a6-403d-a7e7-9ebd25a7238a,"Test the transformation of everyday materials when exposed to conditions such as heating, cooling, light, or humidity"
EF04CI02,fa9b8349-77fe-40e8-a1de-095c02c22f1a,Identify observable changes in a substance caused by heating or cooling
EF04CI02,80c67788-7389-4fc4-af22-f7626e325064,Compare the behavior of different materials under the same environmental condition
EF04CI02,477ee8d3-6716-4ed7-bfda-b8861e2c6e2d,Report results of material transformation tests using observational evidence
EF08CI03,1eb2a535-dc7d-4ade-aa2b-1dceea03e3ac,"Identify the type of energy output (thermal, light, sound, or mechanical) produced by common household appliances"
EF08CI03,58c68d66-5a74-427c-a6a9-87990b9b26d2,Classify household electrical appliances according to the type of energy transformation they perform
EF08CI03,8d82f83d-00d7-46a0-bae6-44921875191d,Explain that electrical energy is converted into other forms of energy in household appliances
EF08CI04,b71c9430-d700-4b9b-bf26-c465c93156fe,Identify the power rating of a household appliance from its label
EF08CI04,436e8a6d-cb78-4013-b181-9a271dada4cb,Calculate the energy consumption of a household appliance using its power rating and average usage time
EF08CI04,1ef3c913-71d2-42f9-a96d-d1e0bdb4a447,Evaluate the contribution of each household appliance to the total monthly residential electricity consumption
EF08CI05,59eac472-5034-4a49-8a9f-11abcf90f502,Compare household appliances using sustainability criteria such as energy consumption and energy efficiency ratings
EF08CI05,fa9f2ef0-1f9c-43aa-bb4d-dceacbbb97a3,Select appliances based on energy efficiency and responsible consumption criteria
EF08CI05,1d7b14e9-aa5a-403f-be82-5f8ada8f5b98,Propose collective actions to optimize electricity use in school or community settings
EF08CI06,1fec0bb7-5d4f-458c-ba8e-09780238c249,"Describe how thermoelectric, hydroelectric, and wind-powered plants generate electricity"
EF08CI06,82b6a068-7a8d-445a-82fa-768f6e9ea187,Compare different types of electricity-generating power plants in terms of their operating principles
EF08CI06,b4059be9-8eb4-4667-b788-6fb73f121d2a,Evaluate the socio-environmental impacts of different types of electricity-generating power plants
EF08CI06,d69a26ef-a109-4def-9bc1-d76b76ba6d0b,"Explain how electricity generated at power plants is transmitted and used in homes, schools, and communities"
EF08CI07,4305a16e-e664-428d-a762-1abc768b1191,Describe different reproductive processes found in plants and animals
EF08CI07,2edf5a74-2464-4429-8e00-49ca3fe4c631,Distinguish between sexual and asexual reproduction in organisms
EF08CI07,50cb83b7-5da3-4a14-89ce-406311c8e5ce,Relate specific reproductive strategies in plants and animals to their adaptive advantages
EF08CI07,34319cf4-49c7-430c-b2b7-fc75960f8541,Explain the evolutionary significance of different reproductive mechanisms in living organisms
EF08CI08,ac772f62-505a-4569-a15a-46f9bb8c5c05,Identify the physical and physiological changes that occur during puberty
EF08CI08,2ca0a9a9-4201-41e1-81a5-0de9a8d2715a,Explain the role of sex hormones in triggering and regulating changes during puberty
EF08CI08,266a5c4a-e44f-4f8d-b561-fc4474d6b2a4,Explain the role of the nervous system in coordinating changes during puberty
EF08CI08,fbae4f28-b122-4cba-8974-5c976dbb3a8b,Analyze the interaction between the nervous system and sex hormones in the regulation of puberty
EF03GE02,73d09c17-a84a-44d4-a289-a9335020147d,Identify cultural contributions of different ethnic or social groups in students' local communities
EF03GE02,6fcf0325-0565-41e0-8497-f77c61d85171,Identify economic contributions of different groups of origin in students' places of lived experience
EF03GE02,158e26b6-63ee-4011-a054-2e0fbb001196,"Recognize visible traces of cultural heritage (architecture, food, festivals) left by different groups in local spaces"
EF03GE02,c0caaf30-5181-4f28-a557-5c6a2ec8da92,Associate specific cultural or economic practices observed locally with the groups that introduced them
EF07CI07,23ce6252-2f15-498d-b88f-abb65a4737e1,"Describe the landscape, climate, and soil characteristics of each major Brazilian ecosystem"
EF07CI07,0d5be322-e575-4fc5-b1a3-e4b476e279be,Identify the flora and fauna typical of each major Brazilian ecosystem
EF07CI07,38e35c56-46fc-4ece-8c15-b18df7cffd43,"Correlate abiotic factors (water availability, sunlight, temperature, soil type) to the specific biodiversity of a given Brazilian ecosystem"
EF07CI07,b32a5170-29c2-451e-90f9-5581102996b2,Compare two or more Brazilian ecosystems based on their physical and biological characteristics
EF07GE07,344e4688-5f5f-48e4-a78f-625df017de5b,Identify the main transportation and communication networks present in the Brazilian territory
EF07GE07,5668cf0e-3b67-4b15-9a94-23f3bad6f1d1,Analyze how transportation networks influence the economic and spatial configuration of Brazilian regions
EF07GE07,83f25381-d1c4-4cfe-b38e-8248d4d717ba,Explain how communication networks contribute to the integration of the Brazilian territory
EF07GE07,fb13b92e-8338-4a0e-b4cb-b1174bdbf2af,Relate the distribution of transportation infrastructure to patterns of regional development in Brazil
EF06CI05,c3b62dbd-f799-44db-bd14-e7351695e531,"Identify the basic structural components of a cell (cell membrane, cytoplasm, nucleus)"
EF06CI05,b3d630ad-4cd6-4f2c-87a6-23102dc218f0,Distinguish between prokaryotic and eukaryotic cells based on their structural organization
EF06CI05,93f51e0c-5323-4dd2-bf21-e7e9c3d3c3fd,Explain the role of the cell as the fundamental structural and functional unit of living organisms
EF06CI05,8d99386d-3580-4fcf-a6a9-5ab993d03b3d,Describe the function of key cellular components in maintaining life processes
EF07GE09,a00b5432-6dfb-4081-a325-81e6b7f0cc01,Interpret thematic maps containing demographic and economic data about Brazil
EF07GE09,f0e7402d-249e-4ba4-9838-7763a9d434a9,Identify spatial patterns and regionalizations represented in Brazilian cartograms
EF07GE09,b2b59337-a407-464b-9cb9-e6ac58fd8c76,"Construct thematic maps with demographic or economic data about Brazil, including using digital technologies"
EF07GE09,1875f8fb-4e11-417c-bd2d-5d64d809667d,Recognize spatial analogies between different regions of Brazil as represented in thematic maps
EF07GE09,a87621d7-4400-49d8-86be-9a996454ac11,Interpret historical maps to analyze changes in the economic or demographic configuration of Brazilian territory
EF04CI06,2706c7d7-ca29-4f01-948b-ec36d57b227a,Describe the role of fungi in the decomposition of organic matter
EF04CI06,638573de-eb99-421c-a614-985b1457ef2f,Explain why decomposition is essential for nutrient cycling in ecosystems
EF04CI06,2122a117-788d-4d36-9841-2f6b7b40736c,Relate the activity of decomposer organisms to environmental balance and soil health
EF04CI07,6946db3c-d2c9-4da5-a8c7-ebc039f3d5d4,"Identify microorganisms (fungi, bacteria) used in the production of specific foods"
EF04CI07,6708cfc2-0f86-4b5b-a2f2-3faf9dcb627c,Describe the role of microorganisms in the production of fuels or medicines
EF04CI07,80e6270f-79a0-4696-ade8-20f0b74d29e2,Investigate through examples how microorganisms are applied in industrial or everyday product manufacturing
EF04CI07,4f6a0b0e-696e-4269-8ef2-64dfb55f932e,Distinguish between harmful and beneficial uses of microorganisms in human activities
EF04CI08,0fadb38b-7b6a-4781-b3bb-5624685ec23a,"Identify the transmission routes of viruses, bacteria, and protozoa that cause common diseases"
EF04CI08,8099a8e0-8f81-4b33-adfb-d4cd56db0e4c,Relate specific transmission routes to appropriate preventive measures for associated diseases
EF04CI08,7ad21ecb-27e2-4d4c-b8cb-0fa1433defc8,Propose attitudes and behaviors that reduce the risk of infection by pathogenic microorganisms
EF04CI08,b8312c81-b917-4159-bc3f-9b1c4e3ec550,Explain why certain hygiene or public health measures interrupt disease transmission chains
EF04CI09,0134fea7-7ce7-4a53-8d94-86917a3b137f,Record the relative positions of the Sun at different times of day using a gnomon
EF04CI09,3e1b8faf-fce9-45cc-9e25-3245862f27cc,Observe the direction and length of shadows cast by a gnomon at different times of day
EF04CI09,3786bce5-c678-45fd-acc1-1e49671966ae,"Identify the cardinal directions (North, South, East, West) based on gnomon shadow observations"
EF04CI10,f2031322-3327-4cc3-9e9e-5559d8454d40,Determine cardinal directions using a compass
EF04CI10,1d7f40ed-b3d6-4c3d-8645-fa6836b66b55,Compare cardinal direction readings obtained from a gnomon with those obtained from a compass
EF04CI10,19d16b5f-17b7-4d8a-898a-370b2b4cb486,Evaluate the consistency between gnomon-based and compass-based orientation methods
EF04CI11,1da7f69f-48d5-4e45-a2b6-5c92e7e98556,Identify predictable patterns in the changing appearance of the moon over time
EF04CI11,35751267-962c-4fb3-a8f9-812e65d1a9eb,"Associate Earth's cyclical movements with regular time periods (day, year)"
EF04CI11,dfea2e72-3035-42f9-9b34-e55e96f0570b,Explain how lunar and terrestrial cycles served as the basis for calendar construction
EF04CI11,62726144-f04e-4dd9-9ea8-aefab54d4921,Compare how different cultures used Moon and Earth cycles to build their calendars
EF05CI01,7010db7e-a064-430a-99a9-e076777432ee,"Identify measurable physical properties such as hardness, color, density, and conductivity used to classify materials"
EF05CI01,2c7a47c5-2655-4418-9b6f-61f98a79d195,Distinguish between different materials based on quantitative measurements of their physical properties
EF05CI01,75a1c4cc-39f1-45b7-aa47-aed7e286eb4a,Relate the physical properties of a material to its appropriate use in everyday objects
EF05CI01,108337d9-f1d0-4aea-8aa1-4975aca36277,Explore everyday phenomena as evidence of specific physical properties of materials
EF05CI02,7a96dfb2-976d-492c-8c70-20c939760c9c,Explain the water cycle using knowledge of the physical states of water and their changes
EF05CI02,f89d8d0a-6a0a-498f-8e45-5bc2e3825602,Relate the water cycle to phenomena such as climate regulation and atmospheric air quality
EF05CI02,958af13c-1dea-4acb-b5ef-1d56c96178c0,"Analyze the implications of the water cycle for agriculture, electric power generation, and drinking water supply"
EF05CI02,356106ec-21fb-4ba8-ae88-2031bc47f2a8,Connect disruptions in the water cycle to impacts on regional or local ecosystems
EF05CI03,0a5c198f-fb57-4777-a8d2-6cd6fedef7ce,Identify the functions of vegetation cover in maintaining the water cycle
EF05CI03,9ceb6c24-0b18-4e94-9cea-e788d24b5f3a,Explain how vegetation cover contributes to soil conservation and the quality of waterways
EF05CI03,8b1fa8c6-0f8b-4613-b3cf-2d82546119b1,Select arguments that justify the importance of vegetation cover for atmospheric air quality
EF05CI03,54885bc9-c32c-411b-b85c-02a75bf26e4e,Justify the environmental importance of preserving vegetation based on its role in multiple natural processes
EF05CI04,dd0ded22-9f3e-402b-b7b5-d105a76862c9,Identify the primary uses of water and other materials in everyday domestic and community activities
EF05CI04,9f3f1e03-87e7-4184-a72e-40b06d63a866,Recognize patterns of resource consumption that raise sustainability concerns
EF05CI04,c6efcf31-4a86-4700-95df-ea2cc2288815,Propose sustainable practices for the use of water and other everyday materials
EF05CI04,55406fba-d4ac-4ee1-a303-dd76ec838976,Discuss the social and environmental impacts of unsustainable resource use
EF09GE07,6f76b508-0137-4f85-9ac2-486e6188deb6,"Identify the main physical-natural components (relief, climate, hydrography, vegetation) of the Eurasian continent"
EF09GE07,f92555e5-3d24-4322-851e-b8a79b1a6fb1,Explain the physical-geographic factors that contribute to the distinction between Europe and Asia
EF09GE07,31fe638a-06e8-480b-9a08-cf3c40c5f66e,Analyze the historical and cultural factors that determined the division of Eurasia into two continents
EF09GE07,65c844a3-251d-4518-8eb8-ba974ae22fa9,Compare the physical-natural characteristics of the European and Asian portions of Eurasia
EF01CI01,aa78c38c-91ff-441d-bc2f-92c4b5240792,"Describe and classify matter using observable properties such as color, texture, hardness, and flexibility"
EF01CI01,2d0ea073-cdc8-48ed-9402-f508cd77d83b,Identify whether everyday materials are of natural or manufactured origin
EF01CI01,ea8887b7-44d1-4b7d-94e1-86cb3bc44dc6,Describe appropriate ways to dispose of different materials after use
EF01CI01,eade9b45-7a3f-4c0f-adf8-bb20851fc27c,Propose more conscious uses of everyday materials based on their characteristics and origins
EF01CI02,61c5adc8-6acf-4a51-ad5f-72189e71a19d,Locate and name external parts of the human body
EF01CI02,e49840a4-7da2-4fe7-9b21-998787d07cd0,Represent parts of the human body graphically through drawings
EF01CI02,856891a6-b9eb-4cd2-a579-dd72dcfa7c39,Explain the function of identified external body parts
EF01CI03,e47def2e-f6c0-44ac-b8c0-f67300ddbd04,Identify essential body hygiene habits necessary for maintaining health
EF01CI03,7ab5a809-38f9-4cd0-a297-16a956bbdb80,"Explain why specific hygiene practices (handwashing, tooth brushing, ear and nose cleaning) prevent illness"
EF01CI03,0cdf9e41-5fce-4abd-b4aa-ebb4f71c19c7,Discuss the relationship between regular hygiene habits and the prevention of health problems
EF01CI04,223012e6-afa4-48a1-bafc-2a125988847c,"Observe and describe physical characteristics (hair color, eye color, height, skin tone) among classmates"
EF01CI04,f3f92201-901d-4e4c-b393-df55320f9cdd,Recognize that physical diversity among people is natural and expected
EF01CI04,fc5310f2-47b6-4ded-a3f2-ae7986c7e446,Explain the importance of respecting and valuing physical differences among individuals
EF08GE05,c1903900-950b-4c54-bccc-95d4890de29e,"Distinguish between the concepts of state, nation, territory, government, and country"
EF08GE05,66724ae7-e1bf-4758-bd31-9a23a943995c,Apply geopolitical concepts to explain conflicts and tensions in the contemporary Americas
EF08GE05,d64f45c5-ab95-445c-8b4b-c0c0dc53c662,Analyze regionalizations of the Americas and Africa in the post-World War II era
EF08GE05,86d36023-2679-407f-bd53-f863f5c01e5c,Connect geopolitical situations in the Americas and Africa to historical tensions since 1945
EF08GE04,cd892b70-a57e-4b9d-b86b-aabea5649be9,Distinguish between voluntary and forced migration flows in Latin America
EF08GE04,47f570e7-417e-4964-8c28-3c2eec1a9784,Identify push and pull factors driving migration movements in Latin America
EF08GE04,aaca3248-9691-4710-ab80-0400c16bdf1c,Describe principal destination and origin areas of migration flows within Latin America
EF08GE04,fc0acc6e-842b-40e9-90fe-c9f7231d6fb8,Explain the main migration policies adopted by Latin American countries
EF08GE03,0f44b988-d750-4049-8014-38bb95004124,Interpret age profile data as a representative aspect of demographic dynamics
EF08GE03,fa4349fd-22ac-49d6-b665-c31b08f6ecf3,Analyze natural growth rate as an indicator of population characteristics
EF08GE03,62949691-104f-4824-82b6-2cfd6276d914,Describe spatial mobility as a component of demographic dynamics
EF08GE03,1917378f-e656-46ea-8609-ea5e4d8638dc,Compare demographic characteristics across populations using representative data
EF08GE02,c9ad5207-8ffa-4509-955f-cb15d6ac4fc5,Identify migratory origins represented in the history of families in the local municipality
EF08GE02,fed14214-2c36-4bdc-ba3e-00d415614ce7,Connect local family histories to broader global migratory flows
EF08GE02,2a3efaca-41ea-4cea-af26-5b71c28d7cd4,Relate the diversity of the local population to world population movements
EF08GE01,cd04fa4d-e7ea-4dc7-938b-893832703f42,Describe the routes of dispersal of the human population across the continents
EF08GE01,c3a48063-cbc4-4c07-b7b3-86e0d1ecc793,Identify principal migratory flows across different historical periods
EF08GE01,9a98d2e1-4cae-4f07-a24a-8b4711d24763,Explain historical factors associated with the distribution of human populations across continents
EF07GE12,34043644-d65d-4c2f-ac4b-fef499a51aa0,Identify the organizational categories of conservation units within the SNUC framework
EF07GE12,527ad0df-81bc-4685-8d97-b74025e63fe4,Describe conservation units located in the student's home municipality
EF07GE12,04aca22f-1f23-48f2-81fd-661e20f9cee4,Compare local conservation units with those in other Brazilian localities using SNUC criteria
EF07GE11,5e6d3034-3e29-4160-83bb-4f9fbbe591cf,Characterize the physical-natural components of Brazil's major biomes
EF07GE11,3c6d6155-f1b7-4c44-a28f-019b60ba4a69,"Describe the spatial distribution of Tropical Rainforests, Cerrados, Caatingas, Campos Sulinos, and Araucária Forests across the national territory"
EF07GE11,cdbb82c3-4d6f-489a-afa9-1f617038852d,Explain the biodiversity associated with each of Brazil's major biomes
EF07GE11,88d7a808-2185-41fc-877d-3098742f6d96,Analyze the dynamics of physical-natural components across the Brazilian national territory
EF07GE10,54ef402f-97b6-4f40-b4d0-7100c0f48b99,Construct bar graphs using socioeconomic data from Brazil's regions
EF07GE10,ac8147ae-4367-4f27-94db-c44613d4f1c8,Interpret histograms based on socioeconomic data from Brazil's regions
EF07GE10,a25e1183-cfa6-4a6f-80a3-41eb24a53afb,Select appropriate graph types to represent regional socioeconomic data from Brazil
EF08GE23,6b7b46c4-5b60-4602-9e3f-10ca5bcdf4f5,Identify landscapes of Latin America using cartographic resources
EF08GE23,60836c86-c1fb-4765-af22-5b18d6321055,Associate Latin American landscapes with the region's different peoples
EF08GE23,b8a21d00-b1e1-420d-9175-838b286385ca,"Describe geomorphological, biogeographical, and climatological aspects of Latin American landscapes"
EF03CI03,36e4de7a-2fbc-4ceb-9099-df25284aadff,Identify environmental sound conditions that affect auditory health
EF03CI03,ba8ebeec-68e6-48d9-9e60-9e2ef5f4ceb6,Describe habits necessary for maintaining auditory health
EF08GE24,a2370280-fee8-416e-b853-eeacda77dcf7,Identify principal productive characteristics of Latin American countries across different sectors
EF08GE24,94e25281-a4be-40a7-be26-d776afc0bb76,"Compare extractive, agricultural, and industrial activities among Latin American countries"
EF08GE24,5db3f71d-476a-4910-ae1a-ce1f7d988514,Analyze the geographic distribution of productive circuits within Latin America
EF08GE24,0a8a4170-a1d7-4264-abc5-be229c8d0fb9,Explain how specific productive activities define the economic profile of Latin American countries
EF09GE02,03935393-2b55-4860-a3f2-47bdb0243181,Identify the role of international corporations in shaping consumption patterns of populations
EF09GE02,0045dcaf-0b29-4ac0-9013-fc698cb45444,Analyze the influence of global economic organizations on culture and mobility of populations
EF09GE02,34128826-3043-4d5a-aa6a-c5ecd862bb7f,Evaluate the impact of international corporations and global organizations on the daily lives of populations
EF03CI05,77d99dbf-2f91-48e4-b61a-0563a128116b,Describe developmental changes that occur from birth onward in terrestrial animals
EF03CI05,01409fdd-b441-46aa-b1af-72291b2f1690,Communicate observed changes in animal development across different environments
EF05CI05,8b77fb83-2383-425f-9b73-022ade5f6dc5,Develop collective proposals for more conscious consumption of materials at school or in daily life
EF05CI05,8e22ca88-ac1d-4b52-9ba1-bf19c8435423,Design technological solutions for the proper disposal of consumed materials
EF05CI06,052a650e-9e8f-41fe-9d68-e4d4453bf43f,Identify the functions of the digestive system in the body's nutrition process
EF05CI06,41b74f42-3ac2-43b0-b489-56a606a03087,Select arguments that justify the joint responsibility of the digestive and respiratory systems for body nutrition
EF05CI07,c51ef7bc-fdd6-4c7f-8b10-60ea51832a59,Describe the function of the circulatory system in distributing nutrients throughout the body
EF05CI07,cd9e1f75-bb95-4fd4-9477-efcc2eda1d35,Explain the role of the circulatory system in eliminating metabolic waste products
EF05CI07,3dc0c0bf-a4df-4672-b8bd-4583eaab6fa7,"Justify the relationship between circulatory system functioning, nutrient distribution, and waste elimination"
EF05CI08,aa918bd6-df32-4763-a053-c7914b32a8af,Classify foods according to their nutrient and caloric characteristics
EF05CI08,489e6bdb-386a-4b4c-aada-f131fd5137d0,"Identify individual factors such as age, sex, and physical activity that influence dietary needs"
EF05CI08,ca841d2a-2e7c-464d-a7bc-740e850d1169,Plan a balanced menu based on food group characteristics and individual nutritional needs
EF05CI09,bf9080b5-a49b-42fc-be93-9571966356ab,Identify eating and physical activity habits associated with nutritional disorders in children and adolescents
EF05CI09,30c49b8a-322a-426b-b7b5-5fbf757373f0,Describe nutritional disorders such as obesity and undernutrition and their causes
EF05CI09,e9407ed7-e8ad-4c2f-b382-9292048eba7c,Analyze the relationship between daily habits and the occurrence of nutritional disorders in young people
EF05CI10,0c8f7975-6665-4653-919d-deb4c4c7d8a2,Identify constellations in the night sky using star maps or digital applications
EF05CI10,7b4734f7-393b-4419-95f3-0f1e39574100,Determine the times of year during which specific constellations are visible in the early evening sky
EF05CI11,605ceda8-3294-4238-af4e-e8c3bb90917a,Identify observable patterns in the apparent daily motion of the sun across the sky
EF05CI11,605ceda8-3294-4238-af4e-e8c3bb90917a,Identify observable patterns in the apparent daily motion of the sun across the sky
EF07GE08,ed025abf-d638-4218-aa25-97c4796a7797,Identify key phases of industrialization and technological innovation in Brazilian territory
EF07GE08,a762f95e-35fc-4270-82e9-bc420b39b3ce,Explain how industrialization processes drove socioeconomic transformations in Brazil
EF07GE08,e3b17838-ca13-42cc-ba52-df082efde62c,"Connect technological innovation to shifts in labor, urbanization, and regional development in Brazil"
EF07GE08,6f91501b-ad55-4497-8ad6-d50b20bbaee6,Analyze the relationship between industrial growth and socioeconomic inequality across Brazilian regions
EF03CI02,e0b783f5-dc15-49ba-b712-21aca3174575,"Describe what happens to light when it passes through transparent objects such as cups, lenses, or water"
EF03CI02,33209737-5528-40a0-aa14-94b177b1b07a,Describe what happens to light when it contacts polished reflective surfaces such as mirrors
EF03CI02,3f92c0a3-1b70-47d1-af97-2acac9cf0234,Explain how opaque objects create shadows by blocking light from reaching a surface
EF03CI02,cc49359f-4e0e-4eb4-9c11-60350f026569,"Compare the behavior of light when it encounters transparent, translucent, and opaque materials"
EF03CI04,109c91b0-6f9b-4bb1-8807-220e14f5d915,Identify the feeding habits of animals commonly found in the local environment
EF03CI04,b10a0fe1-64c7-4476-b7bd-ae3a1b19e018,Compare ways of life among different animals most frequently observed in the local environment
EF08GE22,7bade1c4-d07d-4819-970e-5025e6708f7e,Identify the principal natural resources found in Latin American countries
EF08GE22,e7bf2e7a-8613-4f3f-854a-13e2e6d85d77,Analyze how Latin American natural resources are used in the production of raw materials and energy
EF08GE22,1ad8c3a4-f26a-4c7e-a1be-18363c3ef846,Explain the relevance of shared natural resources to cooperation among Mercosur member states
EF08GE21,75be7215-257e-463f-a0cc-c6cfa026cddf,Describe Antarctica's environmental role in regulating the global environment
EF08GE21,b074da00-57f0-430c-a1b9-1fffe7d0f952,Analyze Antarctica's territorial significance within the geopolitical context
EF08GE21,80372022-8ded-4a6f-a837-105c41071b31,Explain Antarctica's relevance to South American countries in terms of research and environmental understanding
EF08GE21,2ca1d871-89da-4cf0-9bdc-45e50fb1c509,Evaluate Antarctica's value as an area dedicated to scientific research
EF08GE20,ef3bf257-be2a-4ce8-8ade-148f3b04ea12,"Analyze demographic, urban, political, and economic characteristics of countries in the Americas and Africa"
EF08GE20,5815ab8c-81c7-4369-b13d-110087f21808,Explain how social and economic inequalities manifest in countries of the Americas and Africa
EF08GE20,eb5f280f-be70-428e-88ec-d5222b0596df,Analyze pressures placed on natural resources through their appropriation and valuation in production and circulation
EF08GE20,02029ab6-6248-45e0-85bb-ba0b9f822f77,Discuss how resource exploitation contributes to the dispossession of peoples in the Americas and Africa
EF08GE19,c59efd82-5297-4e79-9206-01f36e4df12c,Interpret cartograms containing geographic information about Africa and the Americas
EF08GE19,6e168a25-044c-41d2-b196-dc98961c5302,Interpret geographic anamorphoses to extract spatial information about Africa and the Americas
EF08GE18,deac6435-9360-4682-8618-60f1b754778c,Construct maps or cartographic representations depicting urban and rural networks in Africa and the Americas
EF08GE18,32146781-0088-4312-8d50-9498828565ad,Use cartographic representations to analyze territorial organization and land use in Africa and the Americas
EF08GE18,95cea181-8158-462e-8ff8-37f8bfedf917,"Represent cultural contexts, ways of life, and spatial dynamics of Africa and the Americas through cartographic tools"
EF08GE17,75269295-4fd5-44f7-9140-7a426c266aa8,Define sociospatial segregation and identify its manifestations in Latin American urban environments
EF08GE17,899bc7e2-11be-4e8c-ac90-d4df7adb6331,Analyze the formation and characteristics of favelas as expressions of urban sociospatial segregation
EF08GE17,7b23c960-5108-4e15-ae13-f6ecb8a4d0d1,Identify flood-prone areas and risk zones as products of sociospatial segregation in Latin American cities
EF08GE17,94ee969d-0aa9-498a-b886-cc0b0f933e4f,Explain social and spatial factors that produce and reinforce urban segregation in Latin America
EF08GE16,af362ed5-d86e-4ff4-ade7-668068d21719,Identify principal challenges related to population distribution in large Latin American cities
EF08GE16,02fa7d3e-4bb5-4dc6-9bb4-eef2a2aef698,Analyze how population structure and dynamics create challenges in major Latin American urban centers
EF08GE16,9956f819-7c87-4d2b-a88d-2bc0bffe54c5,Evaluate challenges related to living and working conditions in large Latin American cities
EF08GE15,9f7a5f68-6385-41d5-8b3c-9c177e26a9d7,"Identify Latin America's principal water resources, including aquifers, river basins, and cloud systems"
EF08GE15,5455adaa-f3af-41cf-a62a-ebfbca16c254,Analyze the significance of major water resources such as the Guarani Aquifer and Amazonian river basins
EF08GE15,b437491b-257f-4d6a-9e63-733da186a4ac,Discuss challenges related to water management in Latin American territories
EF08GE15,7d1ceeb0-a04e-4241-b178-15f01d3cfac2,Evaluate issues surrounding the commercialization of water resources in Latin America
EF08GE14,683c47d5-86c6-4383-aa86-1e65c4a8dfc7,"Explain the concepts of deconcentration, decentralization, and recentralization of economic activities"
EF08GE14,ba5a6700-cba0-4f8b-a7b0-1de6421b9811,Analyze how U.S. and Chinese capital drive processes of economic deconcentration across world regions
EF08GE14,0aa7a5b3-fdfb-41ab-ae00-790b0628a809,Analyze the impact of economic recentralization and decentralization on different regions of Brazil
EF08GE13,a19f4a58-d20e-4cbf-b450-1d2c79d9c92c,Analyze how scientific and technological development transforms types of work in urban areas of the Americas and Africa
EF08GE13,8466e65e-8ab8-4aca-868f-61573e6bc0ce,Analyze how scientific and technological development influences rural economies in the Americas and Africa
EF08GE13,959bb011-7f0f-4a6e-89d9-505e563948dd,Compare the effects of technological change on labor and economic organization across different regions
EF08GE12,837d5bb9-eba7-460c-b342-235a206c4900,Identify the objectives of principal territorial integration organizations in the Americas
EF08GE12,4e017f1c-bc22-4451-a143-c4cd470f2759,"Analyze the significance of organizations such as Mercosur, UNASUR, ALBA, and NAFTA in regional integration"
EF08GE12,96ed737b-d605-4c74-9f94-d298862507ad,Compare the roles and scopes of different territorial integration organizations operating in the Americas
EF08GE11,82064edf-0744-44e5-81a2-528c4079fd98,Identify areas of conflict and tension in the border regions of Latin America
EF08GE11,b8fb3c66-dc22-4ff1-b0b1-4a61216ba784,Analyze the causes of conflicts in Latin American border zones
EF08GE11,2aeb440e-b7db-4d57-b1ca-38ff7a8e8068,Evaluate the role of international and regional cooperative organizations in managing Latin American border conflicts
EF08GE10,dd6749d8-d701-4474-835c-8e5359e124c3,Distinguish between conflicts involving Brazilian social movements in rural and urban settings
EF08GE10,e2a6aa73-2010-4981-a845-a279fc166a80,Analyze the actions and demands of Brazilian social movements in rural and urban contexts
EF08GE10,c489ee2b-ef8a-4c05-b816-dfc1b03516a8,Compare Brazilian social movements with social movements in other Latin American countries
EF08GE09,1bc3ac84-950e-497c-82a9-4c26abba2db6,Analyze global patterns of agricultural goods production and distribution with reference to the United States and BRICS nations
EF08GE09,7ffb0b85-8ae6-4b4b-97f8-8b23d416c6c1,Compare the roles of the United States and BRICS countries in global economic production and circulation
EF08GE08,ae948049-2f53-4272-90c3-fa041febaf54,Analyze Brazil's position within the post-World War II international order
EF08GE08,1476d365-0c3d-4b00-8519-f0c089d5f337,Analyze the positions of Latin American and African countries within the post-World War II international order
EF08GE08,c0bd51bf-b827-4364-8649-7d75a420f2f4,Explain the role of the United States as a world power in shaping the post-World War II international order
EF08GE08,67bc4f98-6a1e-4fe0-be85-ca677f7bb42f,Compare the geopolitical positions of developing nations and the United States in the post-war global context
EF08GE07,d573ce39-7497-4346-93dc-864ba0a24d97,Analyze the geoeconomic impacts of the rise of the United States on the international stage
EF08GE07,40ec9a94-bfe8-41dd-9505-1cd250a01f0d,Analyze the geostrategic and geopolitical dimensions of U.S. global leadership
EF08GE07,d2f289c8-1b05-41f0-b3a0-9bcfe4b911c8,Evaluate the nature of the geopolitical relationship between the United States and China
EF08GE06,2397bef7-8a4e-4691-9061-6965a3e82b8f,Identify international organizations involved in cultural and economic integration in the Americas and Africa
EF08GE06,80c38de3-704d-4650-8f84-65b5aa18c70e,Analyze the role of international organizations in promoting economic integration in American and African contexts
EF08GE06,14557e06-afa6-4871-871e-9b018daf3a52,Recognize in students' own lived places the marks of cultural and economic integration processes
EF35EF13,38e3c9ad-377c-451c-9bd6-92d657e27cba,Identify combat sports and martial arts present in the local and regional community context
EF35EF13,855c1f0d-955a-49bf-aa0d-aaec2330049e,Recognize characteristics of Indigenous and African-origin combat and martial arts practices
EF35EF13,9cbf55e3-3cd0-4544-910f-5ad47cc7d8d9,Explore basic movements and techniques from different combat sports and martial arts
EF35EF13,c2fa7199-1b71-4f39-bd27-5f6f1e3e0a92,Reinvent or adapt elements of combat sports and martial arts in creative physical practice
EF15CO06,8695a40c-57ff-464a-bd42-1dc245696580,"Identify the basic hardware components of a computing device (e.g., processor, memory, storage, input/output)"
EF15CO06,4179f955-51b7-4229-a031-8caecf1a3daa,Explain the function of each basic component in the operation of a computing device
EF15CO06,a9876186-7b06-4625-94b6-35bbd3290813,Describe how hardware components work together to process and display information
EF15CO07,e1ffaaa7-93a1-4b93-9d50-9a1fc46c69ff,Explain the concept of an Operating System in computing
EF15CO07,e1e8f7dd-4d4e-49be-b040-bd9cc4f2e9b6,Describe the role of an Operating System in managing hardware resources
EF15CO07,d21273fb-b224-4f74-b0cd-d3ec43664bed,Describe the role of an Operating System in integrating software applications with hardware
EF15CO08,d341a3b7-a2e3-4c18-a6f9-a7fc7711f069,Gather relevant information from print and digital sources for a research task
EF15CO08,1e5be15a-9015-44d3-9485-988da7e371ed,Express ideas critically and creatively using computing technologies
EF15CO08,842f9284-f6ab-4a5d-9f1a-b4fc1495a2da,Apply computing technologies to solve problems in everyday contexts
EF15CO09,237eab24-36df-41d2-ab56-991ba77d3ab9,Recognize the importance of using computing technologies in a safe and responsible manner
EF15CO09,01d03d5d-1112-4fc4-9710-f09fc1b3c6c8,Identify ethical responsibilities related to copyright and image rights in digital environments
EF15CO09,cef14c55-c191-4312-bdba-90d6ef73317f,Describe laws and rules that govern the ethical use of digital technologies
EF01GE02,5ff8c3bb-0813-4515-beaa-63424df8e0a3,Identify characteristics of games and play activities from different time periods
EF01GE02,36b43a32-f9b7-4579-ba16-7a06c9508e3d,Compare similarities and differences among games and play activities across times and places
EF01GE01,7ba973a1-c732-4e74-a694-3b1a7b0a1855,Describe observed physical and social characteristics of familiar places such as home and school
EF01GE01,d6001f34-f273-4af1-8635-434e76fdcefb,Identify similarities between different lived-in places
EF89EF16,9b8747bb-52a5-4795-9105-097ce100a515,Explore movements and techniques belonging to martial arts and combat practices from around the world
EF89EF16,d29677ca-98cf-479c-996a-a1a369ba4cb3,Apply safety procedures during the practice of martial arts and combat activities
EF89EF16,e69e011c-9666-4626-89cf-8d24747f2b62,Demonstrate respect for opponents during combat practice situations
EF89EF15,a01d7f79-cd51-45fd-83c5-813e9f76a579,"Identify rhythmic, gestural, choreographic, and musical characteristics of ballroom dances"
EF89EF15,dcd55960-8f0f-4b0a-9dd9-ec10d59a6f84,Analyze the historical transformations of ballroom dances over time
EF89EF15,33292c61-f5c7-4585-aad2-1ce17215a5a6,Describe the communities of origin associated with different ballroom dance styles
EF89EF14,c811439b-ae7c-4a7b-bae3-aa4767b6d790,Identify stereotypes and prejudices related to ballroom dances and other physical practices
EF89EF14,a29a970b-a947-426c-8c70-9b8ea01954ef,Discuss how stereotypes and prejudices manifest in the context of physical practices
EF89EF14,78683165-7afe-492b-90a0-39deab7eae7e,Propose concrete alternatives for overcoming stereotypes and prejudices in physical practice contexts
EF89EF13,38443130-1c4f-47fe-b251-be75c29fc10c,"Identify the constituent elements of ballroom dances — rhythm, space, and gesture"
EF89EF13,40a8c2a6-1ec1-4f19-8df0-d0633533e8e0,"Plan strategies to develop proficiency in rhythm, space, and gesture in ballroom dances"
EF89EF13,bf300b84-a9c1-4212-8487-ed4fa58b4af3,Apply planned strategies to improve performance in ballroom dance constituent elements
EF89EF12,c5205d36-b4f3-48bc-8031-fbd46e1edc80,Explore and perform movements from different ballroom dance traditions
EF89EF12,15731607-8d69-47db-8852-6b7c8bbe4c47,Recognize and value the cultural diversity represented in different ballroom dances
EF89EF12,a722c76f-2cb4-4907-b185-dbf2436e3d14,Recreate ballroom dance elements while respecting the traditions of their cultures of origin
EF06CO07,f8be7783-9625-4cb5-9b78-76df065d7c99,Explain how information is broken into packets for transmission across a network
EF06CO07,a2463a17-7560-4dba-8138-26fc1e1be11c,Describe how data packets travel through multiple devices and are reassembled at the destination
EF06CO07,1699f1df-109a-4d24-95b6-19ef062afb3a,"Explain how computing devices store, process, and transmit data"
EF06CO07,e66c9ae6-ad5c-4b39-a330-27b321833baf,Identify cybersecurity considerations relevant to data transmission and storage
EF89EF11,50d0a1e2-611a-4fe3-9d6b-6a162295bb68,Identify characteristics that distinguish body-awareness gymnastics from physical conditioning gymnastics
EF89EF11,ebe73aef-1943-4e2b-88ac-4c15acc902c0,Compare the similarities between body-awareness gymnastics and physical conditioning gymnastics
EF89EF11,782b62dc-223f-4918-b2e9-fc6aade172e9,Discuss how practicing body-awareness or conditioning gymnastics contributes to health and well-being
EF89EF09,6abf162c-0ecc-41af-9ca4-a19da570e3ed,Identify risks associated with excessive physical exercise practice
EF89EF09,8086794f-86f8-4608-8bc6-0a978a91f94f,Critically examine the use of medications and substances to enhance athletic performance
EF89EF09,51b23ce7-71ab-4372-a22c-081125f296fe,Evaluate the risks of using substances to accelerate bodily transformations
EF89EF08,a76da77c-44ba-4219-a52c-020df82c7068,"Identify how performance, health, and beauty standards have changed historically"
EF89EF08,4bc3a398-73c4-40f4-a053-c533ea2ebb26,Compare how different contexts — scientific and media — present body and performance standards
EF89EF08,40e57f22-9310-4e1e-9d33-f3e7e2a12c5f,Discuss the influence of media representations on contemporary health and beauty standards
EF89EF07,ee4d3caf-1f48-493a-8dac-4a755a2923dc,Explore and appreciate one or more physical exercise programs through participation
EF89EF07,aa001ed9-dede-4760-baca-0073524680a5,Identify the physical demands and requirements of different physical exercise programs
EF89EF07,b637bdce-6306-4c35-b0b1-f7b77921b55b,Recognize the importance of individualizing physical exercise practice to each person's characteristics and needs
EF89EF06,d9372cc9-4e89-4f60-b6df-fbfb65db2868,Survey spaces available in the community for practicing sports and other physical activities
EF89EF06,05e90c3a-556f-48a6-b502-51d655b1b61a,Propose alternatives for using community spaces for physical practice during leisure time
EF89EF06,69b521dc-e390-4190-a1f5-368f1205f4ba,Develop a plan for accessing and using community spaces for leisure physical activity
EF89EF05,a9e8d710-657a-4042-832b-dc746ad548e5,Identify historical transformations in the development of the sports phenomenon
EF89EF05,11170a4d-a9c2-40bd-9d35-0d4b35fce176,"Describe problems affecting contemporary sport such as doping, corruption, and violence"
EF89EF05,c26567b7-ad34-46e4-b17d-417d6d266ce2,Analyze how media presents and frames sports-related problems
EF89EF04,12e7fe87-01b9-4f61-8507-15196f6511fe,Identify individual technical and technical-tactical elements and game rules of practiced sports
EF89EF04,f6627036-1dcf-4f90-b906-10cbfec49c0a,Describe tactical combinations and game systems used within specific sports
EF89EF04,bc90bd55-4f63-411b-98ba-d20a7b207265,"Differentiate sports disciplines based on the internal logic of net/wall, fielding/striking, invasion, and combat categories"
EF05CI12,d4b94125-2158-4fb8-8d69-1fad0a0b6ddd,Record the Moon's apparent shapes in the sky over at least two months
EF05CI12,6d8e4a99-d80b-421d-b7a5-31c949b33f8f,Identify the names and sequence of the Moon's phases from observational data
EF05CI12,06c80903-b434-45ff-805d-e4ffb3c49103,Make observations of an object's motion to identify a repeating pattern
EF05CI12,bd74cd5e-a735-4f94-80d0-cc32dca7d9d4,Draw conclusions about the periodicity of the Moon's phases based on observational evidence
EF05CI13,469875ba-e366-4147-b88a-9a3928eab874,Identify the optical principle behind devices used for distant or magnified observation
EF05CI13,0eae4b1c-64d9-4cf9-a0b9-4b20be3449c1,"Construct a device for distant observation, magnified observation, or image recording using appropriate materials"
EF05CI13,73aad2c1-62c0-452e-b2b0-624aaaf3df94,"Explain how a given optical device (telescope, magnifying glass, or camera) functions"
EF05CI13,1b3a2b53-5119-43cb-88e2-3bc6cd0a7e90,Discuss social uses and impacts of optical observation and image-recording devices
EF06CI01,0193f4a9-2e32-4370-ba80-234b68e70bb8,Distinguish between homogeneous and heterogeneous mixtures based on observable properties
EF06CI01,0653b83a-3640-4898-8daa-7911a200be60,Classify a two-component mixture as homogeneous or heterogeneous given examples such as water-salt or water-oil
EF06CI01,c9b8cd3e-22ea-4c0a-82fa-5afb4d23bfb6,Justify the classification of a mixture as homogeneous or heterogeneous using evidence of visible phase separation
EF06CI02,950ff4d3-f129-4b4e-ae4b-aa9b2451eb9a,"Identify observable indicators of a chemical reaction such as color change, gas production, or temperature change"
EF06CI02,12b34dd9-c91b-4470-8a23-c0610d08ac8a,Distinguish between physical and chemical changes based on evidence from property measurements
EF06CI02,8a1eeaef-2565-4164-ae78-ae2388c24500,Recognize evidence of chemical transformation in familiar everyday examples such as baking or mixing vinegar with baking soda
EF06CI03,da73ed16-90c1-4f23-89af-04e6f49ba8e5,Identify the physical properties of materials that determine appropriate separation methods
EF06CI03,be128627-bda9-4285-9328-f7ac74ea04e1,"Describe common separation processes such as filtration, decantation, evaporation, and distillation"
EF06CI03,58f47832-e922-436b-9048-96af08ae26cb,Select the most appropriate separation method for a given heterogeneous mixture
EF06CI03,32132996-3bc5-42c9-80e4-3bfc085148c7,Connect specific industrial separation processes to the properties exploited in each method
EF06CI04,708db17e-49ab-41e8-baa2-246fc123dc3c,Explain how scientific and technological development enables the production of synthetic materials and medicines
EF06CI04,e6f7364d-0ccb-4af4-b974-807a9e2aaeb7,Identify benefits of synthetic materials and medicines for human health and society
EF06CI04,881f4844-4552-42ee-8d55-718b24e5ed2a,Evaluate societal impacts—both beneficial and harmful—of synthetic material production and use
EF04CO04,e2cb4c24-8e69-446d-a1e2-084613135ff0,Explain why data must be converted to digital format for a computer to store and process it
EF04CO04,9f44fdd9-df47-4a6a-8a0f-2d1faf9c13e0,Explain how digitized signals encode information as discrete values to reduce transmission errors
EF04CO04,98e6d5e0-daa0-4c03-ac58-0f882d9e2f7a,"Identify that storing, manipulating, and transmitting data all require encoding information in machine-readable form"
EF06CI06,65f8a2fe-960a-4627-90fa-9afce2a74a36,Identify the hierarchical levels of organization from cells to organ systems within multicellular organisms
EF06CI06,885c2c98-3a5c-43bc-97a5-629806241c7d,Explain how groups of cells organized into tissues and organs form functional body subsystems
EF06CI06,8143ba37-f5ef-460b-9d7a-fbe616333194,Conclude from models or illustrations that organisms are complex arrangements of interacting systems
EF06CI07,1a3c59bf-4eaa-4d85-90bd-e1b353f7210b,Identify the basic structural components of the nervous system and their locations
EF06CI07,cc7db5ef-58ee-478d-8ab9-9046d2a4f806,Describe the function of the main components of the nervous system
EF06CI07,c87459ae-e9e5-4e4f-8d5b-1231cb7e1dd5,Justify the role of the nervous system in coordinating the body's motor and sensory actions
EF06CI08,0cea9269-060f-470f-8f44-de8ddfc28f32,Explain how the human eye captures and processes light to form images
EF06CI08,9835dce3-99ae-42a1-9603-4f1abe43dcae,Describe the role of vision in an organism's interaction with its environment
EF06CI08,3f9fe479-4664-4ea1-bd6c-268b2271ee04,"Identify common visual impairments such as myopia, hyperopia, and astigmatism"
EF06CI08,9bc2a64f-6eb0-427f-846b-b2034ac53a4f,Select the appropriate type of corrective lens for a given visual impairment
EF06CI09,348a7b78-a9e7-4a1e-9119-b90a82c6265c,"Identify the roles of the muscular, skeletal, and nervous systems in animal movement"
EF06CI09,6c6126a1-194d-451e-9199-fc964d0aba5f,Explain how the muscular and skeletal systems interact to produce movement
EF06CI09,959bdd16-163f-4475-a909-fee1daa4ed51,"Infer that animal structure, support, and movement result from the coordinated interaction of three body systems"
EF06CI10,4dfb6793-e58d-4d70-a789-60b6ef5d4999,Describe the normal functioning of the nervous system in coordinating body responses
EF06CI10,8a0c9dc3-5cc8-4b0e-b0d4-66452ff80f53,Identify categories of psychoactive substances and their general effects on the body
EF06CI10,d4ee9dc2-adb9-43f8-a4d2-bbd5e183a828,Explain how psychoactive substances alter nervous system functioning
EF06CI11,a228849e-03aa-4331-b4ab-a8a2443ceed0,"Describe the layered model of Earth's interior including the inner core, outer core, mantle, and crust"
EF06CI11,d78d81e8-d0be-46e0-a159-b83765d9e77b,Identify the layers of Earth's atmosphere and their positions relative to the surface
EF06CI11,7416d4a3-0406-444b-9776-b8eb0c4fac22,Describe the main physical and chemical characteristics of each layer of Earth's structure
EF06CI11,1064f6d6-caae-47a3-8b10-8843b2ff1050,Compare the properties of Earth's internal layers with those of the atmospheric layers
EF09GE06,13c1a6ec-89f3-4a90-b601-3f428ca4fab8,Identify the historical origin of the West–East division of the world
EF09GE06,cb9220ec-d070-48b5-99c0-ae787f91a7e5,Explain the role of European colonial expansion in establishing the West–East geopolitical divide
EF09GE06,5ad16a24-6fad-460c-bef8-640403a0b8aa,Connect the criterion used to divide the world into West and East to the European colonial system
EF09GE05,1b084ca5-c696-4cd3-acd6-a5c48fd3de94,Define globalization and mondialisation as distinct interpretive frameworks for global integration
EF09GE05,a2dfeac6-6f01-4109-89c8-29204ccc5f99,"Analyze economic, political, and cultural dimensions of global integration using specific events or situations"
EF09GE05,15db0d85-85a6-4679-9522-98285b872ef5,Compare the concepts of globalization and mondialisation as different interpretations of the same processes
EF09GE05,87eb5370-500f-43e1-9a05-6f16dadc19cf,Evaluate the implications of each interpretive framework for understanding global interdependence
EF09GE04,8bf71bf1-e588-41ba-bdd5-1e53ef6b3278,"Identify diverse landscapes associated with peoples of Europe, Asia, and Oceania"
EF09GE04,a507a771-6bc4-44a8-bc6e-36894889a287,"Relate differences in landscapes to the ways of life of specific peoples in Europe, Asia, or Oceania"
EF09GE04,0888844f-8e1c-4d8c-9efd-ab4ea033237f,Recognize regional cultural identities and interculturalities as expressed through ways of life and landscape
EF09GE04,d5759f62-c39c-4792-9f3e-aa29687c3625,"Value cultural diversity by comparing regional identities across Europe, Asia, and Oceania"
EF09GE03,2473cc65-3903-456b-8e33-b46c4cbd628f,Identify cultural expressions produced by ethnic minority groups around the world
EF09GE03,f6894d3e-924e-41d3-809f-fcfb5effdb0f,Interpret diverse cultural expressions as evidence of global cultural multiplicity
EF09GE03,8a12b15e-1fe6-4113-a0aa-ae980b5b2d36,Defend the principle of respect for cultural differences based on examples of ethnic minority expressions
EF09GE01,80eb5159-b7b5-40ff-98e7-1409aa512531,"Identify historical instances of European hegemony expressed through conflict, military intervention, or cultural influence"
EF09GE01,381c4080-2418-4fc1-a0ba-f41122905c09,Analyze the mechanisms by which European powers exercised hegemony over different world regions
EF09GE01,087761b6-ae9f-4756-b4df-f845e770dac9,Compare manifestations of European hegemony across different times and geographic contexts
EF09GE01,9757943d-be07-4ce7-b0c0-b16b533fc22a,Critically evaluate the consequences of European hegemony for affected regions and peoples
EF04CO05,c642f901-f04c-4ba0-bc76-28befbbf6b7a,Represent information using binary (base-2) notation
EF04CO05,026b4c5d-5b42-435d-bf66-69722f73e43c,Identify how ASCII encoding represents text characters as numeric codes
EF04CO05,30f13530-0419-4b48-890e-0812d8e5b78c,Explain how analog information such as images or sound is converted into digital form using discrete values
EF04CO05,cafae920-d9a4-4ddc-9608-3d1109ed4031,"Encode a specific piece of information (text, image, or number) using binary, ASCII, or RGB systems"
EM13CO19,4fdf8848-1800-4f81-aade-264f782904a8,Select appropriate digital media formats to enhance a specific presentation's purpose and audience
EM13CO19,8c6728c7-781d-4347-b1d0-bce8c6d53dcd,"Construct a presentation of a proposal, product, or service using digital media"
EM13CO19,690eaa57-ceac-4582-8593-1cececc0739e,"Argue in favor of a proposal, product, or service using evidence and persuasive strategies"
EM13CO19,e8924dd3-d83c-49fc-b6bc-1bf3e5940da0,Negotiate terms or acceptance of a proposal by responding to counterarguments in a digital or multimodal context
EF05CO01,c0055523-9f29-4be0-8fb0-25668d21e3d8,Identify real-world objects that can be represented as ordered lists
EF05CO01,02218d6e-3fac-4ed9-af11-5b26dfc67dd1,Describe a list as an ordered structure with a variable number of sequential items
EF05CO01,de8daf49-0f19-4e05-aeb2-e20ccc247b84,"Perform simple manipulations on list representations, such as adding or removing items"
EF05CO011,9312c0d4-5874-459d-bc9b-ad0ac6296b60,Identify different types of computational technologies used to solve problems
EF05CO011,fb654f0a-05ea-4ae2-b0f9-f0709b74c558,Evaluate the appropriateness of a given computational technology for a specific problem
EF05CO011,68098a99-1c38-4e2f-8709-78f1832ae332,Compare computational technologies based on their suitability for solving a given problem
EF05CO02,87108a9a-bc4e-44f0-a693-764ac6897291,Identify real-world objects that can be represented as graphs with vertices and edges
EF05CO02,a04f53e0-0cdd-4e31-bb6e-e9881a7ef438,Identify digital objects that can be represented as graph structures
EF05CO02,f9110eea-17b8-4386-9fe9-6351182d35a3,Describe a graph as a structure with a variable number of vertices connected by edges
EF05CO02,54456e6f-7040-40bc-88f5-ae29155f2ccf,"Perform simple manipulations on graph representations, such as adding vertices or edges"
EF05CO03,374138b4-e0e1-4166-bab8-d401709492d5,Apply negation to a logical statement using true and false values
EF05CO03,af24f6aa-404b-45eb-aee1-eba309b4f60a,"Evaluate the truth value of a compound logical expression using negation, conjunction, and disjunction"
EF05CO04,45f8ccbb-1338-4271-be19-0415060edaa5,Create an algorithm using sequences to solve a problem
EF05CO04,05038898-e5ab-4162-822b-1fe91a34049d,Create an algorithm using conditional selection structures to solve a problem
EF05CO04,d6b5b3d2-740b-4c68-9fd1-443bdd04956f,"Simulate an algorithm represented in oral, written, or pictographic language"
EF05CO04,10174408-cdcb-42a4-a0a8-ae94a5e1709e,Collaborate with peers to design and refine an algorithm that solves a given problem
EF05CO05,72d64044-78b5-49c6-b76e-41e8b9d02ea9,Identify input and output devices as components of a computer
EF05CO05,bb26f3b6-d250-433a-b259-09cf96faf5e8,Identify the processor as a component of a computer
EF05CO05,92b4a5de-5ada-42ce-beb1-558c8272b858,Describe the function of each main component of a computer
EF05CO06,bc9c783e-91fd-4bd3-82cf-6178c67794d4,Recognize that data can be stored on a local device
EF05CO06,602983ac-6190-43f0-b14e-5d3b2324f6d2,Distinguish between local and remote data storage
EF05CO07,d0e1c05c-ecb1-40ba-87a4-8c6dcff310a0,Recognize the role of an operating system in executing programs
EF05CO07,bd516382-3559-4b63-84f2-08a978e7e484,Recognize the role of an operating system in managing computer hardware
EF05CO07,c77dc4ef-afd8-4f3f-a21e-0cf16482ead2,Describe how an operating system mediates between programs and hardware
EF05CO08,959705df-0eb7-4274-987d-8de55b988e5c,Access information on the Internet to locate content on a given topic
EF05CO08,8b039e04-5637-4f11-bf27-4f0d8a8e41fd,Evaluate the reliability of online content using critical criteria
EF05CO08,ff42973e-f8af-41cf-9a91-0360b07847b9,Distinguish between reliable and unreliable sources of scientific information
EF05CO09,53a9942b-5382-4022-b6d1-138ee1ee9744,Identify the concept of copyright as it applies to digital media
EF05CO09,da2dfa81-6cfe-49ef-82b2-100eff5b2f26,Recognize limitations imposed by copyright on the use of digital content
EF05CO09,34cc298b-148c-4736-92a1-7cf13c578c43,Use digital information in ways that respect copyright across different media
EF05CO10,75b6aa69-0c46-425e-bf48-971e16e7880b,Describe technological changes that have affected the world of work
EF05CO10,716ba8db-095e-4e18-aae0-1bbcf0eba129,Express a critical perspective on how technology has influenced the evolution of society
EF05CO10,7545ac12-5332-4053-86ef-2b1449af710e,Generate creative perspectives on the impact of technological change on society
EF06CO01,df627c5b-d164-476a-81c8-e07cfbd9f42b,Classify information by grouping it into collections associated with appropriate data types
EF06CO01,20ade18f-812d-4f0e-96e1-2191f2f995ca,"Select an appropriate data structure — such as records, arrays, lists, or graphs — for a given problem"
EF06CO01,c2af2157-3cfa-4229-948f-8a09ef7b451a,Construct a computational solution to a problem using a chosen data structure
EF06CO01,441d6063-06a2-40b9-a358-fd70e062240d,Analyze a computational solution to evaluate the appropriateness of its data structures
EF06CO02,85cd74ac-f59e-47b3-bc65-b96ceee600b8,Develop an algorithm using sequential instructions in a programming language
EF06CO02,45565368-259a-40ee-8433-23bff5c16622,Construct a computational solution to a cross-disciplinary problem using appropriate data structures
EF06CO02,85902cb6-48b4-4a9a-9d23-d9a9a0b9b67c,"Analyze a program to evaluate the correctness of its sequential, repetition, and selection structures"
EF06CO03,cc63de86-8e8e-47bb-96c1-8e1658943c9b,Describe the solution to a problem with precision before implementing it
EF06CO03,f0cb0fdc-f498-497d-9372-476a34f1795d,Construct a program that implements a previously described solution to a problem
EF06CO03,49199a85-14cb-475c-8e2d-816183403584,Analyze a program to verify that it correctly implements the described solution
EF67EF19,6fdd638e-1ead-4532-892a-95c3c7a9f916,Identify risks involved in urban adventure physical practices
EF67EF19,8ed77a02-ae86-4dff-8a94-af5cb1f15df2,Plan strategies to address risks identified in urban adventure physical practices
EF67EF19,52af4dcc-8d52-4ad2-a50c-dc6ca943e40e,Apply risk-management strategies to overcome challenges in urban adventure practices
EF67EF18,9f04365a-c2bb-4f82-a7ec-ee2b13045661,Explore different urban adventure physical practices in a safe manner
EF67EF18,f9967db4-5fa1-447f-805d-5d5bbf3dc840,Describe the characteristics of diverse urban adventure physical practices
EF67EF18,7b26b630-6136-4f8a-8730-47dd4bc36413,Appreciate urban adventure physical practices while valuing personal and collective physical integrity
EF35EF12,7d94b686-7d29-4a8c-85b6-f19df74a1b79,Identify situations of injustice present in the context of dance and physical movement practices
EF35EF12,ff70eeba-b8c6-4848-ac10-19840edccda0,Discuss alternatives for overcoming injustice and prejudice in dance and physical movement contexts
EF35EF11,095a906a-41ad-4226-b8f9-8bdbdf058c54,Develop strategies for executing elements of popular dances from Brazil and around the world
EF35EF11,5f2b2db0-d247-4748-a0fc-9cce5cc40823,Develop strategies for executing elements of dances of Indigenous and African origin
EF35EF11,304c1e74-fab8-4c66-8d87-79104b1c7e55,Apply execution strategies to perform constituent elements of the studied dances
EF09CO04,a97fa816-f0b1-404a-ab58-4f1e92a953a9,Identify different types of malware and cyberattacks
EF09CO04,0de10186-ebcd-44b2-b68b-e57d67241c36,Explain how malware infiltrates and affects a computer system
EF09CO04,c2a1c49d-53ee-4443-a84c-d320894cf674,Explain how common cyberattacks are carried out against systems or users
EF09CO03,91def388-d76a-4ff6-8e55-87614f642287,Describe a behavior in an abstract way using an automaton
EF09CO03,1532ac25-4a89-4217-aa73-51dd57ec3a95,Automate a behavior described by an automaton using an event-driven programming language
EF09CO03,14b04561-9c2a-48c2-86f2-c2ca51c4a8ad,Select appropriate data structures to construct a computational solution to a cross-disciplinary problem
EF09CO03,006b670f-5f20-4bc2-a29a-a125c0ce0162,Analyze a computational solution that uses automata and data structures for correctness and efficiency
EF89EF03,5f24b200-10eb-4421-ab0f-9f195b0d45af,Formulate strategies to solve technical challenges in a chosen sport category
EF89EF03,821e72b2-6696-4924-88b9-cfdebd4b44ef,"Apply tactical solutions to game situations in invasion, net/wall, fielding/striking, or combat sports"
EF89EF03,7a9a39eb-149e-4917-99e8-202ac8fe8801,Evaluate the effectiveness of strategies used during sport practice and propose adjustments
EF89EF02,2ae1df55-c5f1-4f77-b676-d233f2fd1b3f,Execute basic technical skills in at least one sport from each category offered by the school
EF89EF02,0deb9ae2-ac00-4f7c-8be5-33020a9b2f2e,"Apply fundamental tactical skills during gameplay in net/wall, invasion, fielding/striking, or combat sports"
EF89EF02,8fcced04-71ff-4740-89d3-72cae1ac1ac7,"Participate actively in school-offered sports, demonstrating adherence to rules and fair play"
EF89EF01,34812012-18ad-403e-bffc-37a56eb94179,"Identify the distinct responsibilities of player, referee, and coach roles in sports contexts"
EF89EF01,e13cc051-cce5-4fdd-a3ce-e981169dac68,"Perform the role of referee or coach during sport activities, applying relevant rules and guidance"
EF89EF01,5562b237-a24c-488d-845c-2c07afdea945,Evaluate how teamwork and individual agency contribute to sport performance and outcomes
EF67EF21,609902af-cddf-4885-9004-48e68acfae51,Identify the historical origins of adventure physical practices
EF67EF21,df898c3b-2370-4417-9ad8-526af57cb6a6,"Describe the characteristics of adventure physical practices, including equipment, safety gear, attire, and organization"
EF67EF21,2963b1c5-ac2d-434d-8697-9a07c245f984,Distinguish among different types of adventure physical practices and their specific modalities
EF67EF21,e745d383-ae41-4107-948a-5f2edf915655,Explain possibilities for recreating adventure physical practices in various contexts
EF67EF20,baef6c79-7090-46f8-8408-a8c71c56fd67,Execute urban adventure physical practices in available public and alternative spaces
EF67EF20,d35ca7e5-87a8-4bbd-afa9-52b9ea01f7cd,Apply safety procedures during urban adventure physical practice
EF67EF20,0734d255-9430-4d42-94ed-a3f1967b43f9,Demonstrate respect for public property while engaging in urban adventure activities
EF89EF10,3b230176-b656-480c-9c25-e0d054d167eb,Identify different forms of body-awareness gymnastics and somatic movement practices
EF89EF10,44122aa1-9b85-4e32-8c33-9ec07c3fcab8,Describe the physical demands associated with each form of body-awareness gymnastics
EF89EF10,ae69b6fe-0979-44f2-a638-16048c08d18f,"Participate in at least one somatic movement practice, reflecting on bodily sensations experienced"
EF06CO06,e797252c-c6ac-46d3-835f-80adabc13d6e,Identify similarities and differences between objects or concepts with peers
EF06CO06,7d4e3911-13f6-4373-9743-10f1ad2b0c05,Use variables as parameters to generalize an algorithm that solves all instances of a problem
EF06CO06,96f5c0fe-f649-4083-ab8c-ca62f82d6ad9,"Decompose a complex real-world problem into smaller, independently solvable sub-problems"
EF06CO06,32805178-e3a2-4185-9c54-712f5640a96a,Construct a generic algorithm that handles multiple cases of the same problem
EF06CO05,ac6e54ab-cec6-4b10-a3b9-33627e603229,Identify the inputs and outputs of a defined system using a model
EF06CO05,0e0b4ca8-0970-4fa3-abc8-8fca24628c48,Determine appropriate data types for the inputs and outputs of a problem
EF06CO05,184ada07-4af5-4f3c-a566-e54de11e6d4a,Define a problem formally as a relationship between input and output
EF06CO05,0ef877fb-ec66-448e-8bfe-6ecf6ae54a67,Apply decomposition and generalization strategies to structure a problem solution
EF06CO04,96f5c0fe-f649-4083-ab8c-ca62f82d6ad9,"Decompose a complex real-world problem into smaller, independently solvable sub-problems"
EF06CO04,80c1cfcf-a370-4b29-a6b0-69947ec806c6,Construct a solution to a problem using the decomposition technique
EF06CO04,d126f34e-6b60-420b-9168-5f131aa4a6d3,Automate a decomposed solution using a programming language
EF06CO04,08afd7e6-e4c4-4668-9945-7a0313f0ad06,Apply reuse strategies by incorporating existing solution components into new problems
EF07CO09,7a6db5f7-a0e3-409b-a06a-7d2da54cf9d4,Recognize behaviors that constitute cyberbullying in digital environments
EF07CO09,dc283988-4db1-4724-9e11-46d638f2fa36,"Explain the ethical and legal responsibilities associated with technology use, including copyright and image rights"
EF07CO09,d3e678a6-91f4-4a3f-9503-96b78af8dc84,Describe strategies for safe and responsible conduct in online interactions
EF07CO10,815b598b-f2a2-4978-a2f5-1c3c77c3db58,Identify the environmental impacts of improper disposal of computer and electronic components
EF07CO10,9fffb9d1-4021-41bd-9c30-c871b7bdc878,Explain the relationship between electronic waste disposal and sustainability
EF07CO10,3f934494-3782-4eef-a561-be5742a2b838,Analyze diverse social impacts of computational technologies on communities and society
EF07CO11,4e9c3de7-a146-4c3f-9b00-5cc672203306,"Create a digital product such as a video, podcast, or website using available technology resources"
EF07CO11,e09654f3-e250-408b-af73-e77b232c8c78,Use digital tools and the Internet to produce and publish written products
EF07CO11,51dad052-38dd-464a-8291-e927a9cbee62,Select appropriate computational technologies to express ideas or solve specific problems
EF07CO11,2738dd3e-f742-4e69-b604-11b9dbc62c1b,Critically analyze the social impacts of computational technologies used in digital production
EF08CO01,9b6955f0-4d78-4fba-a4be-75a7ef3b848d,Construct a solution to a problem using the recursion technique
EF08CO01,31c3ce30-c010-4c3d-a76a-e4fa9347092b,Automate a recursive solution using a programming language
EF08CO01,327828d5-963a-4f0e-a580-ee7da18c1e8b,"Select an appropriate data structure from records, arrays, lists, or graphs for a given problem"
EF08CO01,d1466425-0a85-4f18-ad75-96c1e2aa30b3,"Analyze a computational solution for correctness and efficiency, refining the approach as needed"
EF08CO02,f42c1e19-e1ba-428a-bd67-c051e6692173,Identify problems for which lists are an appropriate data structure to represent information
EF08CO02,b7213140-2690-456f-ab6c-4518fc9c814c,Design a solution to a problem using lists to organize and store data
EF08CO02,c5296804-e723-4862-afda-7321f8172129,"Automate a list-based solution using a programming language, applying recursion when appropriate"
EF08CO03,d85c4cd8-b876-4f88-951a-b928a7cb3fcd,Apply classical search algorithms to manipulate and query lists
EF08CO03,1a380e49-ce65-43bb-a2e9-f2382ad89f82,Apply classical sorting algorithms to organize data stored in lists
EF08CO03,54131aa1-def5-4ef2-83f0-9cac660c0d2f,Analyze the behavior and outcome of classical list-manipulation algorithms on given data sets
EF08CO04,515494ac-5130-456b-9ba2-c7c979d5458a,Select an appropriate data structure and technique to solve a problem from a specific knowledge area
EF08CO04,dc36049c-a43d-4dba-abf8-11d371bda8ea,"Construct a computational solution collaboratively, integrating knowledge from other school subjects"
EF08CO04,10cf5d7a-d1e7-4de3-8ff5-d7560fef785f,Refine a computational solution by analyzing its limitations and improving its approach
EF08CO05,9984758f-3ac6-4ac4-97be-1140386a31f6,Explain the concept of parallelism and how it differs from sequential processing
EF08CO05,043ee581-9b36-4fe2-91f6-2466e4885b20,Explain the concept of concurrency in computational systems
EF08CO05,d402ce19-28c5-439f-a618-48d1ca21a504,Describe how distributed storage and processing work in networked computational environments
EF08CO06,e4c7151f-ddb6-40e9-9f38-54eb13f7f5b7,"Explain the structure of the internet, including its key components and protocols"
EF08CO06,018d97d2-f993-4864-9c0c-721be13db051,Describe how data is transmitted and routed across the internet
EF08CO06,8722b144-f03e-43fd-9abb-cb93ce28199c,Explain the operating principles that enable internet-based communication and services
EF04CO07,21abb038-bbac-4d35-9161-80dda59ab93e,Identify ethical behaviors related to the collection and storage of personal data
EF04CO07,55de5f1b-e780-43c4-b17f-a0ee0a1eca88,Demonstrate responsible conduct when transferring or sharing data in digital activities
EF04CO07,584bc9ea-5da4-4460-b559-bcc741c2ab53,Explain why protecting the privacy and integrity of data is an ethical responsibility
EF04CO08,29e883d6-b1f2-462b-a402-c6ef8acef339,Identify criteria for evaluating the reliability of information sources found on the Internet
EF04CO08,baae8396-177e-48ec-8b78-847a8c95ece7,Explain why verifying the credibility of online information sources is important
EF04CO08,a6fc8809-3b06-470f-8b5d-ce75886f2f89,Apply strategies to check the reliability of a specific piece of information found online
EF09CO02,435ee8bb-54fc-4997-a236-a3a698055d7f,"Select appropriate data structures (records, arrays, lists, or graphs) for a given computational problem"
EF09CO02,dd45e297-a240-4278-928a-f99a02e7874c,Construct a computational solution to a cross-disciplinary problem using chosen data structures
EF09CO02,f00936e2-d33a-4a53-bfc3-2d24d3d8c0e9,Analyze the efficiency and correctness of a computational solution to a given problem
EF09CO02,4a049d96-110b-4c6c-8ade-5b1af84ee925,Refine a computational solution by integrating knowledge from other school subject areas
EF09CO01,bd6dc518-a615-4303-998a-7305ce619e03,Identify problems for which trees or graphs are appropriate data representations
EF09CO01,cf0674fc-24e2-46f5-8300-335e8626de94,Design a solution to a problem using trees or graphs to model its information structure
EF09CO01,4b410e5f-5d70-4270-9986-537938a9129f,Implement an automated solution to a tree- or graph-based problem using a programming language
EF09CO01,bad6b5c5-b6cd-4c07-933f-32a88d24f955,Analyze the correctness and efficiency of a tree- or graph-based computational solution
EF08CO11,770eca80-e5e7-4afb-a07d-6d6755d832d0,Evaluate the accuracy of information found in electronic sources
EF08CO11,0a7b5fdc-c172-46df-afa9-19f45f829b27,Assess the relevance and appropriateness of an electronic information source for a given purpose
EF08CO11,40acdfa8-641c-4217-8f60-5edc819ec5ff,Identify the scope and potential biases present in a given electronic information source
EF08CO10,32b9fe7a-d530-4aeb-bced-347778db13d9,Identify security risks associated with the use of virtual environments
EF08CO10,d1019807-dbe8-4e5b-acd4-2b0aa31a3dfe,Explain privacy concerns that arise from interacting in virtual environments
EF08CO10,46429249-7ac4-4ec6-8988-1abc94474544,Describe practices for using virtual environments safely and responsibly
EF08CO09,6268e470-823a-48f7-a698-1ea7320c8df9,Identify key clauses in the terms-of-use policies of social media and digital platforms
EF08CO09,cc547fa2-2c53-4d40-88cb-a575e4b2499a,Critically analyze how platform terms-of-use policies affect user rights and data
EF08CO09,f0978b43-0cce-431d-946f-07df54dd5cfc,Evaluate whether a digital platform's terms-of-use align with ethical and legal standards
EF08CO08,9767a45b-5575-4948-b2c7-bef2769c6f50,Distinguish between types of personal data commonly requested in digital spaces
EF08CO08,425055bc-d993-4fc5-8dba-8203880ffb39,Identify risks associated with sharing specific types of personal data online
EF08CO08,78e82caa-82e5-4696-a03d-9e181a172b59,Evaluate the appropriateness of sharing personal data in a given digital context
EF08CO07,c0d25641-b623-4fc8-8c4f-8f20b14e5099,Explain how social media platforms function in terms of content distribution and reach
EF08CO07,8edd7b28-6c66-4c30-b31c-54b781f1202f,Evaluate the reliability of information before sharing it on social media
EF08CO07,92971f29-e565-4ebe-a8cf-b91864df1d0d,"Share information on social media responsibly, applying ethical principles"
EF12EF04,1a7de5d3-1a46-4c8e-9235-831c33d6a044,Collaborate with peers to propose adapted versions of games and play activities for new contexts
EF12EF04,afc8e468-5671-4b1f-b414-6f57e5bc51da,"Produce a text (oral, written, or audiovisual) describing an alternative way to practice a bodily activity"
EF12EF04,3d295abf-2bc8-4f67-b4c9-f26918d15a79,Share collaboratively created content about bodily practices with the school or wider community
EF12EF03,2e734473-1b16-42be-8749-7a0c9cdfbcd2,Identify the characteristics of popular games and play activities from the community and regional context
EF12EF03,a7dfa8c9-3f2b-45b1-a3f7-bab98dc1e414,Plan strategies to address challenges posed by community and regional popular games
EF12EF03,580973dc-460b-4411-a0be-e0612d9df322,Apply selected strategies to meet challenges within popular games and play activities
EF12EF02,7fe6d60c-a838-4ad0-9f6d-cb44b1545e00,"Describe popular games and play activities from the community and regional context using bodily, visual, oral, or written expression"
EF12EF02,a79d9d0c-8351-440e-9215-eab02921414c,Explain the cultural significance of popular games and play activities to their cultures of origin
EF12EF02,85282223-b666-4d31-aa50-5e0a9d41727b,Recognize and value the importance of regional popular games to the communities that practice them
EF12EF01,39e042ee-a0cf-45e1-b117-19ecff32d9d6,Explore and engage with different games and play activities from popular culture in the community and regional context
EF12EF01,672b54a7-f356-491b-92bd-126e83ad9ffd,Reinvent or adapt popular games and play activities from the community context
EF12EF01,3ab978ad-fdfe-467b-9ff9-aafae7cd0e71,Recognize and respect individual differences in peers' performance during play activities
EF69CO12,b46bb729-ba7c-4d29-8f5a-a0043bd6a6b6,"Analyze the production chain of a technological resource, from raw materials to disposal"
EF69CO12,28944cab-e919-4ea1-afd9-97ab5c4becf7,Evaluate issues of technological obsolescence and their environmental and social impacts
EF69CO12,985abb3e-6f1a-4619-ae45-db08b3f6b5a8,Assess sustainability concerns related to technology consumption in society
EF69CO12,638d9492-796d-4dfd-9f1e-e041c265b070,Select computing technologies appropriate for self-expression or problem solving in a given context
EF69CO11,2d8d93ea-59e5-4677-acdb-2deb1a0784f9,Apply appropriate conduct and language when communicating in digital environments
EF69CO11,aa05b480-abd3-4a8d-ad57-dc518904e1d2,Explain ethical responsibilities when interacting with others in digital spaces
EF69CO11,645c2bb7-d795-49eb-b3d3-dbc8d5f3a932,"Identify situations in digital communication that violate copyright, image rights, or applicable laws"
EF69CO10,7a3a2b2d-28f4-4275-8b67-192273ae99b0,Describe the physical and logical structure of the internet
EF69CO10,ae00f449-0a45-49b9-8025-f94cb9a9601b,Explain how devices and networks are interconnected to form the internet
EF69CO10,4e33d2b8-eee0-4d72-96f1-9b5da9d017c6,Describe the role of key protocols in enabling communication across the internet
EF69CO09,e6a4cc51-28a6-42c9-9c4e-229d1910c6ad,Explain the concept of parallelism in computing and how it differs from sequential processing
EF69CO09,b25df33a-059a-4766-955d-879747c122c8,Describe concurrency and how multiple processes can share computational resources
EF69CO09,677c22b7-86c2-4070-8539-44d099e56af5,Explain distributed storage and processing and give examples of their application
EF69CO08,741ba2ac-4946-445a-a6a0-2684a0a5b36d,"Describe different methods for storing and retrieving files, documents, and metadata"
EF69CO08,794118c4-4f6e-4544-b196-637df2663b2c,Explain how data compression works and why it is used in file management
EF69CO08,13edf886-8bf3-438f-b66d-6d06c398973f,Compare methods for manipulating and retrieving data with respect to efficiency and security
EF69CO07,a26a1a5c-1984-41e0-9de2-bf2fe3fd3eed,Explain how data is broken into packets for transmission across a network
EF69CO07,92b0cd58-2eaf-4b64-8a44-e2154b701049,Describe the path packets take through multiple devices during data transmission
EF69CO07,403cd76b-8f68-458d-827f-dbcda60b2f10,Explain how packets are reassembled into the original data at the destination
EF69CO06,81e7a9d4-4614-4981-b76c-f8f4016a706e,Compare multiple instances of the same problem to identify shared and distinct characteristics
EF69CO06,979db1ed-3a69-47d5-a0d3-1af5e3240035,Generalize a solution across problem instances by introducing variables as parameters
EF69CO06,7c26d24c-0ec0-4635-974d-b70ad8276dfc,Construct an algorithm that uses parameters to handle all cases of a generalized problem
EF69CO05,628ebe4c-9b4f-445e-8e0b-8d1bdd9ee7b1,Identify the required inputs for solving a given computational problem
EF69CO05,14761ba5-89a9-4a5c-8acc-75d74a4558b1,Determine the appropriate data types for the inputs and outputs of a problem
EF69CO05,7a1609cf-f0d6-4eb0-b48f-3c2180f46ae5,Define a problem as a relationship between its inputs and expected outputs
EF69CO04,96f5c0fe-f649-4083-ab8c-ca62f82d6ad9,"Decompose a complex real-world problem into smaller, independently solvable sub-problems"
EF69CO04,57690b8f-e78c-465c-9b1e-1269e19a71c2,Construct a solution to a problem by addressing each component identified through decomposition
EF69CO04,ce24f6fb-2cd2-4927-a76d-4af18752622b,Automate a decomposition-based solution using a programming language
EF69CO03,2081dddb-71d2-4cb1-83d5-feb253e77662,"Describe a problem's solution in precise, unambiguous language before coding"
EF69CO03,ce200878-16ee-4f38-aaef-73eb8cf2532e,Construct a program that implements a previously described algorithmic solution
EF69CO03,76242991-d218-4abf-8de5-6ca2f3e3b7cf,"Select appropriate data structures (records, arrays, lists, or graphs) for a given problem"
EF69CO03,7e63fa4b-a4fc-4967-860b-22e088e1261f,Analyze a computational solution to evaluate its correctness and efficiency
EF69CO03,3242551f-0718-4d2e-9a6c-96b5c7a97679,Refine a computational solution by connecting it to knowledge from other subject areas
EF69CO02,2b00af61-116e-4c2b-9fae-8128566587d0,Develop an algorithm using sequential instructions in a programming language
EF69CO02,3c7107e8-a4b4-49f0-87a1-f73944718bba,"Select appropriate data structures (records, arrays, lists, or graphs) to support an algorithm"
EF69CO02,16cb26e6-258c-4c08-a151-af8dad39b872,Analyze a computational solution to verify it correctly solves the intended problem
EF69CO01,deecdd1e-d848-4a2d-9674-eef65d9f2fa9,Classify information by grouping related items into collections (sets)
EF69CO01,0b60b341-e136-4e21-b852-8aedc35829fd,Associate each collection of information with an appropriate data type
EF69CO01,3e10f468-c0fc-4b8c-89b6-c071607aff5d,"Select appropriate data structures (records, arrays, lists, or graphs) to organize classified information"
EF69CO01,4babb09b-e32f-465b-a3b5-cd5736e5f129,Analyze a computational solution to verify that data is correctly structured and typed
EF09CO05,db7ecbf1-f9c5-4f97-bd85-941b5006ac4d,Analyze cryptographic techniques used to protect data during storage
EF09CO05,8f9ee03a-779e-4517-9d28-8b75d5494894,Explain the foundational concepts of distributed systems
EF09CO05,c3666b74-cdb3-4c2d-9a42-d5b61932ce5b,Explain how the internet operates as a distributed network system
EF07CO08,700e19cc-a134-459f-8165-7258fccd7bd9,Demonstrate empathy toward differing opinions and perspectives encountered on the web
EF07CO08,e145e440-5ff6-4312-ab81-0eafd934e927,Explain the ethical responsibilities associated with safe and respectful technology use
EF07CO08,f2bdf79e-b43d-455e-8b31-f275c6bb24be,Identify behaviors that respect copyright and image rights when using digital technologies
EF07CO08,f45bb65b-35d1-40c7-aea6-4ea97cf995cc,Recognize applicable laws governing the ethical use of digital technologies
EF09CO06,f54a1e78-679d-4d2a-9f34-e26e27142a2a,Identify social problems in one's city or state using digital environments and data
EF09CO06,01d39aa4-f722-4635-ac0e-157572304c89,Propose technology-based solutions to social problems identified through digital analysis
EF09CO06,eb713fd9-83b3-4b70-943f-2f56e72a6816,Recognize ethical and legal responsibilities when using digital technologies to address social issues
EF09CO08,7775ced9-d1c9-4922-bb65-8daf8dae4e42,Analyze how unequal global distribution of computing resources affects equity and access
EF09CO08,3d7ed2d4-cb10-414b-8e5b-2d1bd5cfecfd,Discuss how unequal distribution of computing resources relates to power dynamics in a global economy
EF09CO08,739269b9-1fe4-42bc-b0ce-aa36b5b4adc8,Recognize ethical and legal responsibilities in the use of computing technologies
EF35EF10,05406dd2-de49-4d6b-bd2b-53b98cc2a1ca,"Identify rhythm as a constituent element across popular, Indigenous, and African dances"
EF35EF10,74fdb8de-7a36-4f81-a038-e32d10d109f5,"Compare use of space as a constituent element across popular, Indigenous, and African dances"
EF35EF10,729dca8e-06d8-4df3-b243-3cdf93e5cda9,Compare shared and distinct constituent elements among popular dances from Brazil and around the world
EF35EF09,43c007fb-9d4e-44a9-850b-15865e4e126e,Explore and recreate popular dances from Brazil and around the world in practice
EF35EF09,9ae3ea5b-4930-4531-9a25-67041a7cc0a8,Explore and recreate dances of Indigenous and African origin in practice
EF35EF09,0ae0633d-bc77-4638-84b9-4db92ca3c9d1,"Appreciate the cultural meanings and significance of popular, Indigenous, and African dances within their cultures of origin"
EF35EF09,84052a2e-2ca7-4c02-a359-d38c8b466d54,Demonstrate respect for the diverse cultural significance of dances from different origins
EF35EF08,3289cfd4-3d53-476b-8ffc-f3b83d2d4135,Identify personal capabilities and limitations relevant to collective general gymnastics execution
EF35EF08,9bf6ecd4-c5db-4a30-867c-3b69b81db201,Plan strategies to meet challenges in executing basic elements of collective general gymnastics
EF35EF08,0a22ff58-252e-4639-869c-f97fec143699,Apply safety procedures during collective general gymnastics presentations
EF35EF08,dfc9e998-7228-4838-b0fd-fcfaa49e2faa,Apply strategies to overcome challenges encountered during collective gymnastics presentations
EF35EF07,05d5f364-ba06-41e6-99d2-47b278d5e0c9,"Explore combinations of general gymnastics elements (balances, jumps, turns, rotations, and acrobatics) with and without equipment"
EF35EF07,32fbb9b3-d7a6-4376-be5f-9e32aa0cf7d4,Propose a group gymnastics routine inspired by themes from everyday life
EF35EF07,e256b6b3-f1b2-4a65-82fe-30fd930692ef,Appreciate collective general gymnastics performances that combine multiple movement elements
EF35EF06,19c2121f-b40e-4b35-84d9-2cc3c32efc56,Differentiate the concept of play/game from the concept of sport in the contemporary context
EF35EF06,671f19a9-9df3-4efd-8bdb-b225e7861530,Identify the defining characteristics of play/games and sports respectively
EF35EF06,f76e5617-5329-4bbc-857e-7119f919ded8,Distinguish between professional and community/recreational forms of sporting expression
EF35EF05,89529cfb-25de-4430-9d62-2668b6d3e72a,"Explore and appreciate striking/fielding, net/wall, and invasion sports through participation"
EF35EF05,f709be37-a3a3-472a-8f9e-5fa4687d5cdd,Identify common elements shared among different categories of sports
EF35EF05,f066ad03-98d3-41d0-aa79-ffa0381e2207,Develop basic individual strategies for participation in explored sports
EF35EF05,5e8b7880-93c4-47a4-be42-a9e707c894df,Demonstrate student agency and collaborative effort during sport activities
EF35EF04,881c4407-e4da-415a-b01f-97903b0044d9,"Recreate popular games and play traditions from Brazil, including Indigenous and African origin, in school and community spaces"
EF35EF04,4770021a-952a-419a-b7e3-cfeed3fc3afb,Adapt popular games and play traditions to available public spaces
EF35EF04,87e5dc71-4c20-4d5d-ac93-3e07fc529b1f,"Explore movement practices from other cultures, adapting them to available environments"
EF35EF03,971b4d07-70ed-4fed-9ac5-d7f048196b74,"Describe popular games and play traditions from Brazil and those of Indigenous and African origin using movement, oral, written, or audiovisual expression"
EF35EF03,e2b9232d-2766-4b58-8942-139d28c2974c,Explain the defining characteristics of popular games and play traditions from diverse cultural origins
EF35EF03,b27e68ef-b448-42b0-8e6d-da72e096c6ed,Explain the importance of popular games and play traditions as historical and cultural heritage
EF35EF02,dbda64be-aaf8-458a-b5d0-32cfb549e2d2,Plan strategies that ensure the safe participation of all students in popular games and play traditions
EF35EF02,ecb8b85e-f17a-4ced-8126-77f9cb935bf4,Apply strategies that enable inclusive and safe participation in games of Indigenous and African origin
EF35EF01,ac631d4e-69a8-4830-9fc1-7dfdf82a9344,"Explore popular games and play traditions from Brazil and around the world, including Indigenous and African origin"
EF35EF01,15ca6c4c-3b45-443a-b1a8-db656c3a9e27,Recreate popular games and play traditions from Brazil and around the world in practice
EF35EF01,78fbda57-f3dc-49ad-9887-60cefd527718,Recognize the historical and cultural heritage represented by popular games and play traditions
EF12EF12,7397c1dc-d6f8-4734-915e-527974d34665,Identify rhythm as a constituent element of dances from community and regional contexts
EF12EF12,037f5c44-6162-424a-85e0-c078eeb7e86c,Demonstrate respect for expressions from different cultures represented in community and regional dances
EF12EF11,de70eebb-05d2-44e9-8a17-94f60b91a685,"Explore dances from community and regional contexts, including singing circle games and rhythmic play"
EF12EF11,a716ed93-c580-41b3-8481-9c3f4dc2b6a9,"Recreate dances from community and regional contexts, respecting individual differences in physical performance"
EF12EF11,1ed95d38-b614-4962-997e-97609fd33965,Appreciate expressive movement activities drawn from community and regional dance traditions
EF12EF10,f4e33572-0257-42cf-a105-adc052d06449,"Describe the basic elements of gymnastics using movement, oral, written, or audiovisual expression"
EF12EF10,a09ce1d4-00c6-4b4c-a596-a2c55588c32a,Identify the presence of gymnastics elements in a variety of physical movement practices
EM13CNT205,19819cdd-efd2-4fca-9379-38ba9b41b604,Interpret experimental results using concepts of probability and uncertainty
EM13CNT205,a0355d66-3822-43f7-b860-ca10b45b0478,Predict outcomes of natural phenomena based on probabilistic reasoning
EM13CNT205,b9c08a4d-a4da-40b9-8ac8-dadc1186cde6,Evaluate technological process results by applying uncertainty concepts
EM13CNT205,df166555-64af-4760-8dc1-eff03df80400,Recognize the explanatory limits of scientific models when interpreting results
EM13CNT204,c9c2e1d0-ff51-4f04-98cd-3add515a6630,"Analyze gravitational interactions acting on objects on Earth, in the Solar System, and in the Universe"
EM13CNT204,b9a08b87-f474-485b-acc5-644420deb98d,Construct explanations for the motion of objects based on gravitational interactions
EM13CNT204,db5b8940-a1b4-43e3-a5df-92d52497806b,Use gravitational force equations to calculate the motion of an orbiting body
EM13CNT204,8f7ce799-1d74-4c49-8474-0330b9ba69f2,Use digital simulation tools to model and predict gravitational motion
EM13CNT203,951bea94-e11a-4916-b735-c34c3f719c8d,"Identify mechanisms of life maintenance, matter cycles, and energy transformations in ecosystems"
EM13CNT203,1840fa6d-423f-4854-86fd-926bd6232391,Predict effects of human interventions in ecosystems on living organisms and the human body
EM13CNT203,1b92671e-ae93-4bc8-9ee1-b47e785723e5,Evaluate impacts of ecosystem interventions using representations or simulations
EM13CNT203,de40c320-a213-45a8-8b84-57d136826d66,Use digital tools to simulate ecosystem factors and assess their biological impacts
EM13CNT202,d693bfbb-e4af-44bf-b4fd-3a637e3294a7,Identify forms of life manifestation across different levels of biological organization
EM13CNT202,46b4ec0a-0f75-48dd-8f9a-2d13db7b079b,Analyze favorable environmental conditions associated with different life forms
EM13CNT202,34becf1a-7b12-445e-a16c-a3a27c26decf,Identify limiting factors that constrain life manifestation at various biological levels
EM13CNT202,bcca9fb5-15fd-45d1-abd0-d1a348ca4bee,Use digital simulations to explore biological organization and environmental conditions
EM13CNT201,11dace7c-ee1c-48a4-8073-ee753abd1c76,"Describe models, theories, and laws from different eras and cultures about the origin of Life, Earth, and the Universe"
EM13CNT201,43c8be40-60cc-493c-a94e-eaffbcae07c8,"Compare historical and cultural explanations for the origin of Life, Earth, and the Universe with current scientific theories"
EM13CNT201,dde86f6f-1158-4b4b-9b9c-d38bf928448c,"Analyze how scientific theories about the evolution of Life, Earth, and the Universe have changed over time"
EM13CNT201,9e6bc90d-4514-4487-8e15-a03c2bfcb8f3,Evaluate competing scientific arguments or design solutions against currently accepted explanations and new evidence
EM13CO21,8636fee4-12fb-422e-8a61-48a21b071da1,Represent complex ideas using digital formats such as concept maps and infographics
EM13CO21,3b27fa08-338e-4a98-84ff-4cf79ecbf1d5,Construct hypertexts to communicate complex ideas clearly in digital environments
EM13CO21,4fdf8848-1800-4f81-aade-264f782904a8,Select appropriate digital media formats to enhance a specific presentation's purpose and audience
EM13CO20,4cb27cfc-fade-4901-aa77-75f2c69cd110,Create original content for publication and sharing in virtual environments
EM13CO20,9dcb3090-e077-45fe-89ee-1ae9b71993ce,Evaluate the reliability of a media source used to obtain scientific or technical information
EM13CO20,2c46db92-44d3-482a-a9a1-abd7f209bef7,Assess potential consequences of disseminating information in virtual environments
EM13CO18,0ce2a69c-373c-4667-bcd8-07936ceba071,Plan cross-disciplinary projects collaboratively using computational artifacts
EM13CO18,e4b18756-817b-4e45-9bc0-982996aaad8e,Manage collaborative projects integrating knowledge from multiple areas
EM13CO18,2481fdf1-7cb8-4054-9025-3e75189c18f0,Solve problems within integrated projects through the use of diverse computational tools
EM13CO17,53dbdddb-89f5-4ee4-b1f7-2147f242dd41,Construct virtual networks to support interaction and collaborative project development
EM13CO17,e08a2762-c3b3-4ac2-9975-9fd3839d287d,"Apply safe, legal, and ethical practices when building and using virtual collaboration networks"
EM13CO16,af482b50-c4fa-4bd6-9f7f-d157d6fbd44e,Design robotics projects using physical devices or simulation environments
EM13CO16,84391339-e4db-4742-aa14-d8ee34518f8a,Develop and test robotics solutions using physical or virtual computational devices
EM13CO15,ce6f8701-3437-4d4a-8791-cb593a266ba9,Analyze the interaction between users and computational artifacts from a user experience perspective
EM13CO15,d0d27212-9159-4999-a26a-7f3cd52365be,"Evaluate the quality of computational artifact use in work, leisure, and study contexts"
EM13CO15,be451ed7-23ba-408f-ba11-61373f8a16ce,Apply critical reflection to assess how computational artifacts affect user experience
EM13CO14,aa03bddb-d33e-4634-b346-184586d31acc,"Investigate how digital information is constructed by examining authorship, structure, and purpose"
EM13CO14,9dcb3090-e077-45fe-89ee-1ae9b71993ce,Evaluate the reliability of a media source used to obtain scientific or technical information
EM13CO14,028194b2-0e22-4654-b96b-d696542bffa7,Identify characteristics of a message that indicate its credibility or bias
EM13CO13,88fe0e58-a9da-4e2b-aaf0-21ba9704f16f,Identify different forms of digital data representation used in scientific research
EM13CO13,278bfadf-effc-401d-9ca5-701b705e76e4,Apply digital data querying techniques to support scientific investigation
EM13CO13,6c582060-6de2-4815-85b3-1e9bf939c0c4,Analyze data represented in digital formats to extract scientifically relevant information
EM13CO12,a40159c0-e02b-40cf-a6a8-1f351dc21746,Produce and manage information derived from data using data science principles
EM13CO12,9eea3471-7983-48b1-902d-4964d40b5a76,Analyze datasets to generate meaningful information
EM13CO12,df00f226-a2e7-4743-bfed-54938c0dcd44,Share information derived from data responsibly using data science principles
EM13CO11,a744c3f5-b46d-4eff-8b3e-894ec12240a2,Create simple computational models to simulate observable phenomena
EM13CO11,7a069c26-94d4-4390-aeda-c28e62cd4af8,Use an existing model to generate predictions about the behavior of a system or phenomenon
EM13CO11,e422c532-1f08-425f-b6fd-7d30acbf3da4,Identify the significance of computational modeling in scientific development
EM13CO10,c05dd875-2ad0-4e14-a8b3-44414f87125a,Describe the foundational concepts of Artificial Intelligence
EM13CO10,7c8439d9-3ea4-4aec-8374-129c2bf66849,Compare Artificial Intelligence capabilities and processes to human intelligence
EM13CO10,efe925ea-75b9-483c-ada5-166f62fa2aa0,"Analyze the potential, risks, and limitations of Artificial Intelligence applications"
EM13CO09,6049d2f1-75db-44c2-9c0a-2b52226c19cf,Identify digital technologies present across different activities in the world of work
EM13CO09,c2216614-e4d2-4d91-8d72-dbc5ec2e1409,Describe modes of use of digital technologies in various professional contexts
EM13CO08,a0961c98-ce65-486e-9771-494bbec26992,Explain how technological changes introduce new threats to personal privacy and data security
EM13CO08,fd51cc77-75e8-4b62-adda-1831a19d1ab5,Describe strategies for protecting personal privacy and data in online environments
EM13CO08,dcf3d6c2-066c-40fc-9ed4-da903ac3c89c,Demonstrate the ability to report suspicious online activity and seek help in risk situations
EM13CO07,1c684fc8-cc34-4713-b9e3-35ec8705a73f,"Identify the technologies, devices, protocols, and services involved in computer network operation"
EM13CO07,aa2c8bf1-9b1d-437a-8da1-a007a344df21,Explain how network components interact to enable communication
EM13CO07,6b4c8ea7-39bd-4651-a3b2-f38f27b89b8c,Evaluate the scalability and reliability potential of different network configurations
EM13CO06,273ccd82-45c1-4251-a8d1-3d082e9a768d,Identify characteristics and metrics used to evaluate software quality
EM13CO06,b5b3049b-39e6-48fd-a892-8c5bdb9f0fa7,Evaluate software based on defined characteristics and associated metrics
EF12EF09,9aa24ce5-658d-47ef-9096-e922905254d8,Identify personal physical capabilities and limitations during gymnastics activities
EF12EF09,c4122615-cb39-498a-a5d6-c20faaddd036,Recognize individual differences in physical performance among peers
EF12EF09,e17add09-8fb8-42c4-b193-e0d478dc4bff,Respect classmates' individual differences in physical ability during gymnastics practice
EF12EF09,1f1e6d62-f4fb-481e-9aef-732ede073f65,Participate actively in general gymnastics activities within one's own physical capacity
EF12EF08,5a3833de-a06d-4d2e-82f4-db026eac2f1d,Plan a personal strategy for executing a selected basic gymnastics element
EF12EF08,8edf3d65-4462-4fbb-aae8-55c4a04c0193,Apply a planned strategy to perform a basic element of gymnastics or general gymnastics
EF12EF08,70b8db8b-861b-4cd5-a0bd-00944e1f2695,Adjust execution strategies based on performance outcomes in gymnastics activities
EF12EF07,6288c3ea-1fdd-463f-b9ef-89948f5d5f27,"Identify basic gymnastics elements including balances, jumps, turns, rotations, and acrobatics"
EF12EF07,465e565a-76a4-4292-9e6d-75fa3bebd96c,Identify rhythmic and expressive movement elements within general gymnastics
EF12EF07,4317f869-3124-4c27-81b5-faba867cb6ea,Explore basic gymnastics elements individually and in small groups using available equipment
EF12EF07,e56616af-22ee-4ad4-86d3-49d4d7f9b520,Apply safety procedures when practicing gymnastics elements individually and in small groups
EF12EF07,e7f83cd8-ca8c-4fdf-b912-a060cc39f311,Distinguish between elements of gymnastics and elements of general gymnastics
EF12EF06,3b3b69de-2f77-4005-8672-bebe900db967,Identify norms and rules associated with measurement sports and precision sports
EF12EF06,458d53ec-54e1-4e7d-989b-42709e853293,Explain how following measurement and precision sport rules protects participants' physical integrity
EF12EF06,3919eb03-e05e-4f28-ad0c-e3a0fa4dcd51,Discuss the importance of rule observance for ensuring safety of all participants in sports
EF12EF05,c852c3f5-6580-4cda-bcfd-b038c143ec16,Identify common elements shared across measurement sports and precision sports categories
EF12EF05,2b40128e-762e-4dfe-8c99-8aaee8b416d2,Distinguish between measurement sports and precision sports based on their defining characteristics
EF12EF05,22d7923d-7ad2-460d-b3e0-372b0be0f230,Participate in measurement and precision sports with emphasis on collective work and student agency
EF15CO05,370c53b2-ba17-4c1c-8bd6-067d4fbe4207,Identify different forms of encoding information for use in computing devices
EF15CO05,f617defc-29c7-4174-aed6-15866101cca2,Explain why encoding is necessary for storing data in computing devices
EF15CO05,6e2f5ea1-bfea-4cf2-b152-e7228168d65f,Encode a simple piece of information using a given encoding scheme
EF15CO04,96f5c0fe-f649-4083-ab8c-ca62f82d6ad9,"Decompose a complex real-world problem into smaller, independently solvable sub-problems"
EF15CO04,bf9e64d3-ca91-46c7-a2db-b9eb45022248,Solve each sub-problem produced by decomposing a complex problem
EF15CO04,18468cb8-e4f7-439b-b826-a1ea0c96d6d6,Evaluate how solutions to component sub-problems integrate to address the overarching complex problem
EF15CO03,c7918899-3d8a-40f8-9550-15413afaed4e,Apply negation to a logical statement using true and false values
EF15CO03,f9f6963c-0ffc-4cee-ad0b-a0a9a9eb82ac,"Evaluate compound logical expressions combining negation, conjunction, and disjunction"
EF15CO02,f98bffca-06ee-42fd-a038-753ad07d52c0,Construct an algorithm using sequences of instructions to solve a simple everyday problem
EF15CO02,eb86a67e-2501-46bb-879d-af71a4ba4c6a,Simulate an algorithm to verify that it correctly solves the intended everyday problem
EF15CO01,7dee0a8d-d11d-45a9-9a80-30486c37d255,"Identify structured forms of information representation including arrays, records, lists, and graphs"
EF15CO01,1561ba71-eb03-4344-9658-bd4d1cad2e14,Distinguish between structured and unstructured forms of information representation
EF09CO10,4bbd6905-c154-49ec-bb41-b8fc844505a1,Evaluate the credibility and relevance of information from diverse media formats
EF09CO10,73a84e34-de31-4b1f-90c5-85b615fd2388,"Identify the purpose of information presented in visual, quantitative, or oral media formats"
EF09CO10,516cdf32-f5cf-44ec-8f7f-d68d2b31e7c7,Select appropriate computational technologies to express ideas or solve specific problems
EF09CO10,c130e14e-fae5-4a4e-92b2-a81d7aab9784,Analyze varied impacts of computational technologies on society critically
EF09CO09,282d54bf-8e20-4e12-81e4-a2eea10c31a1,Identify ethical issues related to copyright when creating or using digital media content
EF09CO09,26e4b38e-0859-4551-a953-5e6b1f1d60ae,Create or use digital media content in compliance with copyright and image rights laws
EF09CO09,087cacd6-88df-4b16-afd1-0ea959c95f7b,"Recognize the importance of using technologies in a safe, ethical, and responsible manner"
EF09CO07,61c09040-2baa-4435-b8e5-9ffcfdca46aa,Evaluate political implications of digital technologies in contemporary society
EF09CO07,85a45a80-9d6b-40d6-aa60-d3a0324e98bb,Evaluate socio-environmental and cultural implications of digital technologies
EF09CO07,7d7aaf4d-e2b7-4d10-85f9-eeca469c286d,"Propose alternatives to contemporary challenges, including those related to the world of work, using digital technologies"
EF09CO07,3b1377ae-8719-43a9-8f6f-a4972639535b,"Recognize responsibilities for safe, ethical, and legal use of digital technologies"
EF07CO07,10a44d4e-a74e-440d-a6da-c1101ee16ecb,Identify common cybersecurity threats affecting computing devices and users
EF07CO07,f0f9ce9c-4fa0-4615-a4e6-0867908cafc6,Experiment with methods of protection against identified cybersecurity threats
EF07CO07,88416e8b-3612-472b-b53e-fbaac2155559,Describe how cybersecurity considerations apply to the storage and transmission of data
EF07CO06,b6ea481a-acd3-447a-ad9a-e77e56fc13cb,Explain the role of protocols in enabling data transmission between computing devices
EF07CO06,3be8216b-fa1b-4f53-8060-363843b8922b,Describe how data are stored and processed in computing devices
EF07CO06,d44ec926-c3d3-4860-a851-af53371de8a8,Describe how data are transmitted between computing devices using protocols
EF07CO05,9b02f447-382d-4230-af58-c5ec62f2da80,Design an algorithm applying decomposition to break a problem into reusable components
EF07CO05,0e2c6c8f-f173-4acc-8698-da8c1c70cc23,Apply reuse strategy when constructing algorithmic solutions to problems collaboratively
EF07CO05,8e0571bb-924a-4573-8c9e-0d69f79070be,Automate a designed algorithm by implementing it in a programming language
EF07CO05,bb560373-ca58-41fa-94e8-2f6b0be37dc4,Apply generalization strategy to extend a solution across similar computational problems
EM13CNT209,93d4970a-b3a6-491e-9ad5-c8d1587357ca,Analyze the stages of stellar evolution and their relationship to the origin of chemical elements
EM13CNT209,91bd974e-ad46-4f68-8900-2379a2fe9309,Connect the distribution of chemical elements in the Universe to conditions required for solar and planetary system formation
EM13CNT209,34ee9464-c7c6-4fa1-888c-8ee5f1033f7c,Describe the structure and composition of solar and planetary systems in relation to stellar evolution
EM13CNT209,f46a0ab9-a3a5-44f8-b0db-db75d22fd530,Evaluate the possibility of life existing elsewhere in the Universe based on stellar and planetary conditions
EM13CNT209,7388936f-2f42-49ca-899e-84b9aaf6d19a,Use representations or simulations to model aspects of stellar evolution and planetary system formation
EM13CNT208,9fc28c12-c3d1-475a-8e20-a592881e9e29,Apply principles of biological evolution to explain human origins and diversification
EM13CNT208,051cd0e5-37cb-42f2-b44b-8f2a3fc74839,Analyze human dispersal across the planet using biological evolution principles
EM13CNT208,a0e56f0a-b955-4ad4-8e65-e171005ea0c9,Analyze different forms of human interaction with nature through an evolutionary perspective
EM13CNT208,2a71a75d-36c4-4cb0-8bd4-7c662418a472,Value and respect human ethnic and cultural diversity as products of evolutionary history
EM13CNT207,66d19651-d395-4600-92f0-b3f959afb2dd,"Identify vulnerabilities in the physical, psycho-emotional, and social dimensions faced by young people"
EM13CNT207,374e905e-f584-4d6f-8550-e80fd2c81c42,Analyze contemporary challenges and risks to which young people are exposed
EM13CNT207,51c76ed1-81c8-4dc3-9d1b-bbf60f82a5cc,Develop health promotion or prevention initiatives addressing identified vulnerabilities
EM13CNT207,0b469101-6b96-42b5-88d2-2aaa6d7a2390,Disseminate prevention and well-being initiatives to relevant audiences
EM13CNT206,24aa12d3-7c77-41ee-91ee-3dc07298573a,Explain the importance of biodiversity preservation using qualitative parameters
EM13CNT206,5be7a229-eaba-430e-a04a-1960da971e4d,Evaluate the effects of human activity on biodiversity using quantitative parameters
EM13CNT206,2dd0f07c-a593-4bbc-a41b-b2be8981dcf8,Evaluate the effectiveness of environmental policies in ensuring planetary sustainability
EM13CNT206,8005fb73-de0e-4ff4-a544-523275304e19,Discuss conservation strategies based on analysis of human impact on biodiversity
EM13CO05,ed349ccb-1066-458d-bf0e-1821d6e88d53,Identify categories of problems that can be automated through computational processes
EM13CO05,c3489c04-8291-4133-a2d3-6240e7560312,Identify categories of problems that cannot be solved through automation
EM13CO05,ccf91647-0971-49ac-9fa6-e2cec8ce054a,Distinguish between human mental processes and computational processes in problem solving
EM13CO05,1c2b0017-db86-4f46-b02b-9f65a9929c36,Explain the boundaries and limitations of computing in addressing real-world problems
EM13CNT301,4375c59e-b171-45f0-86cc-750fb07cf0e5,Formulate a testable investigative question based on an observable phenomenon
EM13CNT301,281c9306-dd0b-455d-bb6c-430d9957b688,Select and apply appropriate measurement instruments to collect scientific data
EM13CNT301,2277d79d-c131-47bd-8ec5-ee50cbc41262,"Represent experimental data using suitable models, graphs, or tables"
EM13CNT301,d0589965-6caf-494e-bd81-cd7e060cc8ca,Interpret data representations to draw evidence-based conclusions about a phenomenon
EM13CNT301,77d44ae0-df48-48e1-906b-0a99b2a1899e,Evaluate whether scientific reasoning adequately supports conclusions drawn from data or evidence
EM13CO04,cfdd15e9-be2d-4b06-a317-da0d9eded57d,Define metaprogramming as a generalization strategy in program construction
EM13CO04,b55816ef-b5c0-40be-8cf9-8edbc6a527bb,Recognize algorithms that accept other algorithms as input
EM13CO04,9d81e0fb-8959-4df4-92e5-a728da5a3479,Explain how metaprogramming enables higher levels of abstraction and code reuse
EM13CNT302,ef432f23-223f-4416-a0c5-4f4ee85d2230,"Compose texts, graphs, tables, or equations to communicate scientific results to varied audiences"
EM13CNT302,897af0df-84bf-4779-a608-122120946e8e,"Interpret scientific information presented through different languages, media, and digital technologies"
EM13CNT302,0f8bc8f0-1484-4bfa-a7ad-b8e37b2fe538,Select an appropriate communication format to convey scientific or technical ideas to a specific audience
EM13CNT302,b417c201-01bb-462d-971c-b5854a0f6a68,Participate in or promote debates on scientifically and technologically relevant sociocultural or environmental topics
EM13CNT304,01110c89-8a06-4c4f-9427-8e172e213158,"Identify ethical, legal, and scientific dimensions of controversial Natural Sciences applications"
EM13CNT304,1cd99731-ef55-46ba-9c18-7ae8e8d2ecf8,Analyze multiple points of view on controversial situations involving Natural Sciences knowledge
EM13CNT304,b78de4f4-b40d-463e-bab5-16dd838fc078,Evaluate arguments used to support positions in debates on controversial scientific topics
EM13CNT304,632d0ea6-60cc-480f-8e4f-f11f9f9e9c61,Construct sound legal and ethical arguments when debating controversial scientific applications
EF35EF14,1069ff37-8dc2-47c7-8cd3-65c14e441250,Identify basic strategies used in community- and regionally-based combat sports of Indigenous and African origin
EF35EF14,d32bee00-b8f3-4fa3-a613-5cf1f12aa083,Apply basic strategies of Indigenous and African combat sports or martial arts in practice situations
EF35EF14,4ad1a023-88da-4b4d-b9b4-06a6b76867a2,Demonstrate respect for opponents and adherence to safety guidelines during combat sports practice
EF35EF15,013f5e74-eb10-4b72-b9d6-fc5e8383347e,Identify the defining characteristics of community- and regionally-based combat sports of Indigenous and African origin
EF35EF15,3de5f170-c223-4065-8922-aca1dcd119d3,Distinguish between martial arts practices and unregulated fighting or brawling
EF35EF15,e5f352ff-a605-44c6-bb9e-84ec3fa29e16,Distinguish martial arts from other bodily practices based on their defining features
EF67EF01,98eeb385-fe1b-4d79-85d5-bd0106192cff,Explore a variety of electronic games in school and non-school contexts
EF67EF01,e145fd03-b59a-4a9c-ba7c-ba19c7d0105d,Recognize the meanings and significance that different social and age groups attribute to electronic games
EF67EF01,0f6270cd-5f75-4841-9fab-85eef953bd8e,Demonstrate respect for diverse perspectives on electronic game culture across social and age groups
EF67EF02,b4dd111f-faa5-494d-a7d8-d458737028a1,Identify transformations in electronic game characteristics resulting from technological advances
EF67EF02,5b0899f0-dbb4-43ad-93e0-b1401f09c216,Distinguish among different types of electronic games based on their technological generation
EF67EF02,56b50331-e0c7-4b65-942f-13eb584fa50b,Describe the physical demands placed on players by different types of electronic games
EF67EF03,c892ca09-7c9c-4cd9-92a3-2d1602238827,"Explore track-and-field, precision, invasion, and technical-combinatory sports in school contexts"
EF67EF03,3c225adf-efc6-4b63-af17-42b8e5473764,Recognize the value of collective effort across different sport categories
EF67EF03,1085d4f3-36c5-4f7d-8024-34a1f6e8e5a0,Demonstrate student agency in the exploration of diverse sport modalities
EF67EF04,37e1e445-0190-458e-ac8a-16cb9f2799f3,"Apply basic technical skills in record-based, precision, invasion, or technical-combinatory sports"
EF67EF04,e0a1ecaf-ac3c-4a58-8386-fea7e6103f45,Respect the rules of play during participation in school sport modalities
EF67EF05,90e769b1-909f-47a2-b437-a06505988ea8,Identify technical and tactical challenges encountered in sports practice
EF67EF05,ddc9b9eb-93b8-4ab8-93de-d467451cd796,Plan strategies to address specific technical challenges in a chosen sport modality
EF67EF05,4565def7-c0a7-4c1f-9520-3d767ab12efa,"Apply tactical strategies to solve game-based challenges in record-based, precision, invasion, or technical-combinatory sports"
EF67EF06,f2c6085b-8173-4dff-b071-4320e31bf65d,Identify transformations in the organization of sports across professional and community/recreational manifestations
EF67EF06,315f3137-436c-4a5a-b991-0e504d1d67f1,Compare characteristics of professional sport practice with community or recreational sport practice
EF67EF06,18d4252d-6715-4bc1-ac8f-27f53440c653,Analyze factors that have driven changes in sports across different social manifestations
EF67EF07,fdc10739-9229-4495-bdee-f8534484254a,Identify sports and bodily practices not available or accessible within the local community
EF67EF07,d400a6b9-d084-4692-a9f0-7c7bb8064746,Propose alternative ways to experience inaccessible sports or bodily practices in school or community contexts
EF67EF07,d1feba2c-bfed-4b77-8467-82e844079298,Develop adapted formats for experiencing sports or bodily practices based on available resources
EF67EF08,d2786fcb-4b9e-4e97-b5b4-3da940fd78a1,"Identify types of physical capacity (strength, speed, endurance, flexibility) engaged by different exercises"
EF67EF08,c0151c49-c4c1-43fd-bc49-187b0b01d846,Classify physical exercises according to the primary physical capacity they develop
EF67EF08,b7ce9f9c-3821-4c09-85c4-27a31255e973,Describe bodily sensations produced by practicing exercises that target different physical capacities
EF67EF09,7d4be021-4041-4c95-b0dc-fca2dbe7a44c,Identify norms and procedures that enable inclusive participation in physical exercise
EF67EF09,5f7f62dc-952c-49be-babe-50fdd8d513ba,Collaboratively construct interaction norms that promote safe and inclusive physical exercise for all students
EF67EF09,8a649c89-f262-4d2d-b086-aed9c7244496,Apply collectively established procedures during physical exercise activities aimed at health promotion
EF67EF10,b73826ce-5bbc-4b0c-86aa-c90afa7fb5ca,Distinguish between physical exercise and physical activity based on their defining characteristics
EF67EF10,9bcd40aa-03e2-4f58-8ecf-fdcb66ab9b55,Propose alternatives for practicing physical exercises within the school environment
EF67EF11,0ebcd64b-2a0f-4a0f-a0e2-e705c6ff1ba3,"Identify constitutive elements of urban dances, including rhythm, space, and gesture"
EF67EF11,9eb2a9e3-4698-4ec1-bbbf-97af5f47b29c,Explore and appreciate urban dance forms in school contexts
EF67EF11,9161f630-b693-482b-9817-ccc560534ed7,"Reinvent urban dance movements by creatively manipulating rhythm, space, or gesture"
EM13CO26,19f534a3-51ce-48fb-8fe1-9331b3ba6566,Identify key concepts and principles of digital law applicable to everyday digital conduct
EM13CO26,9498a4e2-fea4-4f47-91a0-cef6467f25ee,Apply digital law principles to evaluate the legality of one's own actions within digital culture
EM13CO26,d3af5dd5-3082-453d-9f5c-25ce68f4cbbd,Apply digital law principles to assess the production and use of computational artifacts
EM13CO26,5af7a865-2a94-4a5b-82ed-bd6def65623f,Relate digital law principles to rights and responsibilities in digital content creation and sharing
EM13CO25,3d621119-2298-4964-8a08-8b0be9d4f929,Identify behaviors that constitute abuse or disrespect in virtual environments
EM13CO25,3946e504-47c6-472e-b485-ba15a0e71632,Demonstrate respectful conduct across cultural and personal differences in virtual environments
EM13CO25,2a304c60-70a1-4718-8fc0-ee5291ba6c16,Apply strategies for safe navigation and interaction within digital platforms
EM13CO25,845fda23-4e8d-441a-aba4-b0c126b2209d,Report abusive behavior encountered in virtual environments using appropriate channels
EM13CO24,b7095bb9-cbc7-4ddc-8363-7ff30d07a60e,Identify ways social networks influence the physical health of their users
EM13CO24,add81d18-1339-4b25-901f-3301103378d5,Recognize how prolonged use of computational artifacts affects mental health
EM13CO24,569432f8-a030-4c7d-89ec-f1a9766343ab,Distinguish between healthy and harmful patterns of digital technology use
EM13CO24,bd89cd8a-cb5e-4d61-ac2b-f42df0e6dedf,Evaluate the relationship between social media engagement and user well-being
EM13CO23,3cb1e9b6-f558-4140-a930-19a9b0cfaed3,Analyze interactions and relationships that emerge within virtual communities
EM13CO23,fa705b21-1429-4609-bbfc-cf938a7670e5,Evaluate the social impacts of online communication on broader society
EM13CO23,02168ff6-f4fc-4485-9e51-a9a2c5a278ba,Critically assess personal and collective experiences in digital environments
EM13CO23,8fcc87e0-a211-45ed-ab67-3253fbfb88c1,Identify ethical and social issues arising from participation in online communities
EM13CO22,529e94a1-0da6-47c3-88e6-8003678852ff,"Produce digital content combining text, images, audio, and video using appropriate tools"
EM13CO22,723328ea-9a1d-478a-aa30-b59e1c7ac01f,Publish digital content across a variety of digital media platforms
EM13CO22,8c4ebc79-77ce-4c09-8991-9267d3fe629f,Select appropriate technology tools to efficiently organize and display information and ideas in writing
EM13CO22,2ecd98f3-b6c0-4845-9199-c62311e9cfff,Create integration tools that combine multiple types of digital media
EM13CO01,84bac00d-33a7-4991-9fa3-0e865a8bb9a9,Identify reusable components within existing computational solutions
EM13CO01,6aef60de-a233-43bc-9b1d-eb9a7e62995f,Adapt existing solution components to address a new problem
EM13CO01,9a83ac15-ee2b-4896-aa72-afa61ca93251,Construct a solution to a problem by reusing and combining existing components
EM13CO01,75a85786-4121-403e-9ae9-b1595e86fc9e,Evaluate the suitability of existing solution components for reuse in a given context
EM13CNT310,8c0b655a-3124-4c82-ab98-85d82ba49af7,Investigate the effects of infrastructure and basic services programs on population health and quality of life
EM13CNT310,9a49a6e8-f6c3-4184-991e-2bec8e06d842,"Identify local or regional gaps in access to basic services such as sanitation, transportation, and healthcare"
EM13CNT310,a3a616fa-3f40-4286-904b-c60963e1bdd7,Analyze how vaccination coverage and food production policies impact public health outcomes
EM13CNT310,a5f0dc87-1d7c-4392-86e4-8d779fbff492,Evaluate actions that contribute to improving access to basic services in a given community
EM13CNT310,c07920ce-36de-4698-b9e9-e841ae55b8f9,Propose initiatives that address identified gaps in infrastructure or basic services
EM13CNT309,f3ad22c4-1c53-4c71-97f5-83da0e5d7597,"Analyze socio-environmental, political, and economic consequences of dependence on non-renewable energy resources"
EM13CNT309,f1256520-596a-4d06-82a7-dba0b81b3b72,Compare different types of engines in terms of energy source and environmental impact
EM13CNT309,4fe87223-93d2-4658-95bf-31391b47ead1,Evaluate the need for alternative energy sources and new energy technologies
EM13CNT309,f188c90d-989b-4892-bb1a-0db697c4aa9f,Compare processes for producing advanced materials and their implications for sustainability
EM13CNT308,2afd31af-32b1-4d73-a99a-982cb7ebbd86,Investigate the functioning of electrical and electronic equipment used in contemporary technologies
EM13CNT308,45ca7150-cce9-4e76-9b35-67cbd0d29798,Analyze how automation systems operate in everyday and industrial contexts
EM13CNT308,3b30d5f1-cd08-4d1e-900a-8497cdf6fc0f,"Evaluate a proposed solution by weighing its social, cultural, and environmental impacts alongside technical criteria"
EM13CNT307,9f33e634-f86b-48ed-baab-e2b92086c67f,Explain why different applications require materials with different physical or chemical properties
EM13CNT307,2a50362b-aac5-4862-ac9f-246a8b682eb8,Analyze how a material's properties determine its suitability for a specific function or application
EM13CNT307,278309be-d2b6-4b8e-8a90-fc50d8b851ae,Propose safe and sustainable material solutions appropriate to a local or everyday context
EM13CNT306,68609d59-2c28-4d82-96cd-16b295071029,Identify risks present in everyday activities using Natural Sciences knowledge
EM13CNT306,7257264c-6498-4ffa-880e-af5987df0fb9,Justify the use of safety equipment and behaviors to protect individual and collective integrity
EM13CNT306,dc305eae-83ae-4ab0-85dd-d65f07f6e5ba,Apply Natural Sciences concepts to evaluate socio-environmental risks in daily life
EM13CNT306,ec7eaf36-11f2-4a57-8c5b-ba1dc62dfd48,Use digital modeling or simulation tools to represent and analyze everyday risks
EM13CNT305,7c0da82e-b376-4f39-ae75-ff12a00cda3a,Identify historical and contemporary cases where Natural Sciences knowledge was misused to justify discrimination
EM13CNT305,79ca2d32-2d32-4c40-a02f-ebbcb5eeb0ec,Analyze how scientific arguments have been distorted to support segregation or deprivation of rights
EM13CNT305,ab22a9da-835b-4c87-997c-0b57e0cc3b34,Discuss the role of scientific literacy in promoting equity and respect for diversity
EM13CNT303,23f67c94-20ca-4d1b-b67b-b350ad0851ad,"Evaluate the quality of data presentation in texts, graphs, tables, and equations in science communication"
EM13CNT303,2355ad50-9fad-4236-954a-d414e889c5d7,Assess the soundness of scientific arguments in media texts on Natural Sciences topics
EM13CNT303,25f55251-64b3-4cf9-8f6a-e4e58ce7a42b,Analyze the coherence of conclusions drawn in science communication across different media
EM13CNT303,c75c2ce2-7aab-49b9-9e20-2425f6105dc6,Develop strategies for identifying and selecting reliable Natural Sciences information sources
EF04CO06,58c6aee9-d4f1-4e30-980a-7881cdd3b3c9,Create written content using digital text-editing tools
EF04CO06,f5c9130b-235d-445e-a5a1-52d2714315ee,Produce presentations using appropriate digital tools
EF04CO06,4aa54e01-5c05-48ce-ae8d-818574e01e96,Record and edit video content using digital tools
EF04CO06,4106e6c8-417e-423c-b5a5-49c99ae7e91f,Select the appropriate computational tool for a given type of content creation
EM13CO03,0865c520-0323-4abe-b2b4-ffbd869f68b4,Identify the execution time behavior of an algorithm as a function of input size
EM13CO03,284471c4-e70e-4f1c-8a0d-10b35fd0ebb0,Recognize how different algorithms vary in memory space consumption
EM13CO03,9bf00c1b-a897-4911-a113-a366f5c434b6,Analyze the energy use associated with running a given algorithm
EM13CO03,890a018f-ea66-4aa1-bc5d-8a726054dff2,Compare algorithms with respect to their resource consumption characteristics
EF67EF12,d2671e98-e2f7-4af5-9296-dba840a17d13,Identify the constitutive elements of urban dances
EF67EF12,26b0d2e7-7a34-4730-b19c-d8890c16ee79,Plan strategies for learning specific movements and elements of urban dances
EF67EF12,51e8dfb1-abac-4bf6-8f61-7edb38e802ff,Apply planned strategies to practice and perform urban dance elements
EF01CO01,2da37ae6-bbdb-4162-9e4a-c8a2fa76f0bd,Sort physical objects into groups based on shared characteristics
EF01CO01,a54f026c-deec-4583-8dfb-f08773ab5741,Explicitly identify similarities that define a pattern among grouped objects
EF01CO01,1eb473de-82da-494e-8f13-502595a2fa7f,Identify differences that distinguish objects belonging to separate groups
EF01CO02,63c403cd-29c5-4aa9-a63d-5717f111f186,Identify a sequence of steps used to solve an everyday problem
EF01CO02,8a30a865-2ce2-440e-aee1-8108cba0f65b,Follow a given sequence of steps to complete a task or solve a problem
EF01CO02,a439ee12-6b8a-4859-bd50-b0e3555375ba,Recognize the order and importance of individual steps within a sequence
EF01CO03,2fcc0667-f635-4b0d-8942-e414bf168eab,Reorganize a given sequence of steps into the correct order for solving a problem
EF01CO03,416ff1bd-b97d-48e7-9385-29be67582f43,Create an original sequence of steps to accomplish a task in a physical or digital context
EF01CO03,4c535256-6c22-4cb6-a74f-ae6c7660048c,Connect a sequence of steps to the concept of an algorithm
EF01CO04,3b1e943f-3519-4ccb-9695-b4b5c5a2b7b0,Recognize that information can be stored and transmitted as a message
EF01CO04,c0d17ec9-6485-4f40-a525-62a00f15682e,Identify different media through which information can be transmitted
EF01CO04,95978d18-8ee8-437c-86c0-2ef149f7cebc,Recognize that the same information can be represented in multiple languages or formats
EF01CO05,200bdddd-d46a-4228-83dc-96bd90477e91,Represent a given piece of information using a specific encoding system
EF01CO05,4c4f923d-ac73-489f-ba49-fd13b80b28e6,Translate information from one encoding into another encoding
EF01CO06,a7550678-0b20-461e-9b88-6ba2e59e81ed,Recognize computational artifacts designed to meet personal needs
EF01CO06,9516cc42-e26a-497b-ba4f-5c30a4065051,Explore the functions and uses of familiar computational artifacts
EF89EF18,2a004e0d-8766-4aaf-9398-103fb16dcf69,Describe historical transformations in the development of one or more combat sports or martial arts
EF89EF18,eacf539b-9020-4b88-a76a-87b96ddf6797,Explain the sportification process of combat sports or martial arts and its cultural implications
EF89EF18,2982a976-5e13-4751-931a-54b80c2a4c18,Analyze the role of media in the popularization and transformation of combat sports or martial arts
EF89EF18,371a9e96-a2e8-4bd6-b283-b3e5e710c012,Recognize and respect the cultures of origin associated with specific combat sports or martial arts
EF89EF17,3b52f676-666a-4c2c-b2ed-e189b7cd7163,Identify the technical-tactical characteristics of practiced combat sports or martial arts
EF89EF17,56ee3896-435e-47cd-81f0-bf84c17afbf6,Apply basic offensive and defensive techniques in combat sports or martial arts contexts
EF89EF17,e2ca8690-f0b7-46f1-b8b3-1e91a62dab3e,Plan tactical strategies appropriate to a given combat sport or martial art
EF09CI08,d5c49809-0dcb-4803-9ebe-60b6206b7d50,Identify gametes as the biological units responsible for transmitting hereditary traits
EF09CI08,2a31a839-56e7-4a43-bb77-53d39d897086,Explain the role of DNA in coding instructions for heritable traits passed from parents to offspring
EF09CI08,1594d42e-b3df-480a-9e82-fb319ecb535f,Relate the genetic information carried by gametes to observable traits in descendants
EF09CI09,411fa9f4-aa83-41d3-b708-26eb3a3128df,"Explain Mendel's concepts of hereditary factors, segregation, gametes, and fertilization"
EF09CI09,569cf8e7-95a8-4304-9d79-60d0a7852168,Apply probability concepts to predict the distribution of traits in a population across generations
EF09CI09,3c70ffe5-b1dc-4f3d-9ce1-9ce56d92acb6,Solve problems involving the transmission of hereditary traits in different organisms using Mendelian principles
EF09CI10,45cc6107-40b4-4fdd-a604-fef9e79e7f3e,Describe Lamarck's and Darwin's evolutionary ideas as presented in scientific and historical texts
EF09CI10,f4d32435-4c7d-4aa5-934c-7634a515cc73,Compare similarities and differences between Lamarck's and Darwin's explanations of biological change
EF09CI10,770bd6ff-cff7-4e7d-abab-3a3dcb47ba66,Evaluate the significance of Lamarckian and Darwinian ideas in explaining biological diversity
EF09CI11,464acdad-0602-4dd4-9109-876ee5f71109,Explain how natural selection increases the frequency of advantageous traits in a population
EF09CI11,17b27a47-f652-401f-843a-ea5549e3a615,Identify heritable variations in characteristics among individuals within a species
EF09CI11,606272ee-5682-41b8-a57d-07b627c3844e,Analyze how natural selection operating under new environmental conditions affects species survival and diversification
EF09CI12,a4d57a97-7c77-4709-826d-15fee6b980a8,Identify the different types of conservation units and their defining characteristics
EF09CI12,667e1603-aa28-4bcb-9c1d-cc0151bf8d64,Explain the importance of conservation units for preserving biodiversity and natural heritage
EF09CI12,b415d2d6-ade7-487e-a640-985edbae5603,Describe the human populations associated with conservation units and the activities permitted within them
EF09CI12,9b09cc58-12c9-4e07-908b-9a37133d5306,Justify the role of conservation units in protecting national natural heritage
EF09CI13,934ca60c-4ad8-45a5-a5c1-f702a2344fa2,Analyze examples of successful conscious-consumption and sustainability practices in communities
EF09CI13,3c5d3c39-bb31-4d91-a1fe-da59b225dbaf,Identify environmental problems present in one's city or community
EF09CI13,d28a2b19-acd6-4eb1-99e0-11863983ff95,Propose individual initiatives to address local environmental problems based on sustainability practices
EF09CI13,099c01d7-9534-4159-a23b-21fb0b20e9c6,Propose collective initiatives to address local environmental problems drawing on conscious-consumption examples
EF09CI15,5bb5a20b-ae06-4021-8b9b-5bb4c1b1bf6c,Identify different cultural ways of reading and interpreting the sky across distinct societies
EF09CI15,ce1319e4-aa0b-48d6-8d57-297dac3fbf22,"Relate diverse explanations for the origin of Earth, the Sun, or the Solar System to specific cultural needs"
EF09CI15,3a619783-b190-4883-85e6-805112c14cfe,"Compare how different cultures use astronomical knowledge for agriculture, navigation, or mythology"
EF08CI02,9090b997-7ced-42db-ae28-244385442765,"Construct a simple electric circuit using batteries, wires, and light bulbs or other devices"
EF08CI02,790a4889-5f3a-497b-ab16-9226bab375f3,Identify the basic components and their functions within a constructed electric circuit
EF08CI02,ff4cc474-ea5d-4f04-b73a-4938cce44377,Compare the structure and function of simple constructed circuits to residential electrical circuits
EM13CO02,613f1a67-f450-4ce3-86d7-b60c12b6a09e,Identify the problem requirements needed to specify a computational solution
EM13CO02,96f5c0fe-f649-4083-ab8c-ca62f82d6ad9,"Decompose a complex real-world problem into smaller, independently solvable sub-problems"
EM13CO02,c38de981-e093-4e7b-9ca7-74452750e3c0,Construct an initial solution to a problem and refine it through successive iterations
EM13CO02,fb62e18c-4009-4591-ad95-d9e694023be5,Evaluate each refinement stage of a solution against the original problem specification
EM13CO02,17792a86-f4a0-4ff5-8be0-541436b643d0,Implement a final solution by progressively moving from high-level specification to concrete code
EF09CI16,0c8ebcf2-8c15-405c-a626-ea8052864850,Identify the physical and chemical conditions necessary to sustain life as known on Earth
EF09CI16,28d9b23a-0e9e-4703-986a-05a5e607e2e3,Compare the characteristics of planets in the Solar System with conditions required for human survival
EF09CI16,35aa5062-15af-4af4-9040-dea407cc185e,Evaluate the feasibility of interplanetary travel based on distances and estimated travel times
EF09CI16,930087b3-51ec-45cc-a22c-e8133fe9aa42,Analyze arguments about human survival outside Earth using scientific evidence about planetary environments
EF09CI14,0c0a3c2c-d708-4f52-b975-c499a801337e,"Compare the characteristics of different objects in the solar system, including planets, moons, and asteroids"
EF09CI14,1864dc82-4229-4f22-9ca9-9d6944682c1a,Distinguish between rocky planets and gas giant planets based on their physical characteristics
EF09CI14,aabc5418-5ee7-4f2e-b189-2315e160a08b,Identify Earth's solar system as one component within the Milky Way galaxy
EF09CI14,781e58a1-2afb-4f76-b3e3-c8b1fa897f56,"Describe the scale and structure of the universe, including the existence of multiple galaxies"
EF67EF13,215670e5-b73e-41f1-9825-c7b04f0f21d2,Differentiate urban dances from other dance forms based on their defining characteristics
EF67EF13,bf095f4c-b15b-4f11-812e-ce0b2a9feae0,Identify the cultural meanings and social significance attributed to urban dances by different groups
EF67EF13,778e7920-e6de-41d1-b24b-c637379a7b8e,Recognize and respect the diversity of social groups that practice and value urban dance forms
EF67EF14,1d11fdd5-f3ac-4dbf-95dd-47e22a23ba43,Identify characteristics that distinguish different Brazilian combat sports and martial arts
EF67EF14,7eac723f-27ee-4376-84ec-765495e37a58,Explore foundational movements of Brazilian combat sports and martial arts in practice
EF67EF14,9b9d5772-6678-492c-bcd9-0d2cddf21a00,Apply safety principles to protect personal and others' physical integrity during combat practice
EF67EF14,e6ead034-c345-4339-8e96-e2f36e7070e0,Reinvent or adapt elements of Brazilian combat sports and martial arts in creative practice contexts
EF67EF15,27637e78-b95d-4586-afed-090fb255469c,Identify basic offensive and defensive strategies used in Brazilian combat sports and martial arts
EF67EF15,b2582fa6-6523-4bf0-8e63-8d5d5850ed3d,Apply basic technical-tactical strategies of Brazilian combat sports and martial arts in practice situations
EF67EF15,37151c34-3fdc-4747-9eb2-c6293e273de8,Demonstrate respect for opponents during combat sports and martial arts practice
EF67EF16,e5f0d6f0-0d6b-4bba-b1fb-69fedf9fc182,Identify the technical-tactical elements and codes of Brazilian combat sports and martial arts
EF67EF16,4fe12c44-7190-413d-bcf5-0d36db76f9b9,"Describe the rituals, attire, and equipment associated with Brazilian combat sports and martial arts"
EF67EF16,521a237a-15c3-4d01-9da4-d5646904d862,Identify the facilities and governing institutions related to Brazilian combat sports and martial arts
EF67EF17,9632a8f1-14c8-4129-b5c4-17b1bc4ce054,Identify prejudices and stereotypes commonly associated with combat sports and other bodily practices
EF67EF17,92261aaf-17e1-4a14-8667-18353d0b5188,Analyze the social origins of prejudices and stereotypes related to combat sports
EF67EF17,265c6346-f4af-4675-a8e7-4f1bef5e0db5,"Propose strategies grounded in solidarity, justice, and equity to overcome prejudices in bodily practices"
EF09CI06,40cb15b8-7e3c-45da-8a49-de32abd8e49c,Classify types of electromagnetic radiation by frequency and energy level
EF09CI06,865079c2-e984-42f5-84a1-22d01be07e77,Identify natural and technological sources of different types of electromagnetic radiation
EF09CI06,a92a5e30-83eb-44a6-b85d-af498889af2b,Associate specific types of electromagnetic radiation with their practical applications in technology
EF09CI06,15199c27-8c0d-45d8-a7a5-c548885cad58,Evaluate the health and environmental implications of using electromagnetic radiation in everyday technologies
EF09CI07,9de193a2-229e-4610-ab88-f4d749e58de4,"Identify diagnostic medical technologies that use different forms of radiation, such as X-rays and MRI"
EF09CI07,2035aa98-95ce-4c89-8180-b6b9674dc542,Describe how specific types of radiation are applied in medical diagnosis and disease treatment
EF09CI07,853eb6aa-c369-4d1c-8f31-277e0bcfe6c9,Discuss the role of technological advancement in expanding the medical use of radiation
EF09CI07,bf6ab91f-489f-4782-b0cd-681ef06500ca,Evaluate the benefits and risks of using radiation-based technologies in medicine
EF02GE08,b061bc3e-90ec-4851-8a78-9c448a40f09c,Identify landscape components of familiar places using different forms of representation
EF02GE08,65a5bbea-2d45-4f11-9ec0-615393b59919,Create drawings or mental maps to represent components of familiar landscapes
EF02GE08,5c864304-26d3-46b6-93c7-dff37075e2b7,Construct simple scale models to depict elements of familiar places
EF02GE07,e2729351-5ec7-4215-a37c-be149ed8548e,"Describe different types of extractive activities, including mineral, agricultural, livestock, and industrial"
EF02GE07,4e5a5c85-5562-4ef0-a202-a9c6b93067e2,Identify where different extractive activities occur across various places
EF02GE07,be7c5356-9fde-410c-a91b-d1801bb3e1d6,Describe the environmental impacts caused by extractive activities in different places
EF02GE06,3e502672-c5cd-419b-a249-8da303afed97,Identify how the day and night cycle is organized into distinct time periods
EF02GE06,3c6e8403-8c77-4413-a725-98e5e5b7559e,"Relate specific social activities, such as school schedules and sleep, to day or night periods"
EF02GE06,c027ffa7-d7c1-47a6-9393-ca199985bc3d,Explain how different types of social activities are distributed across the day and night cycle
EF02GE05,97576eeb-8b2a-4172-8850-91206c331122,Identify changes in a place by comparing images from different points in time
EF02GE05,bafff464-71c0-41d4-b544-da8864d7455e,Analyze what factors may have caused observed changes in a place over time
EF02GE04,55cbcad8-ca23-45b5-9f37-1ab0a8900fd3,Identify similarities in the habits and ways of life of people in different places
EF02GE04,284972eb-41f4-463f-867c-708eccca73a3,Identify differences in the relationships with nature among people in different places
EF02GE04,49fecf6a-5bba-40e9-ba14-15787e994653,Compare ways of life and cultural practices of people living in different geographic contexts
EF02GE03,604474b8-c961-4dd7-ba1a-98dd978c88ae,Compare different means of transportation in terms of their role in connecting places
EF02GE03,8663e571-e885-4605-81a0-13927d88cdb6,Identify risks that means of transportation and communication pose to human life and the environment
EF02GE03,ed1302fa-d896-41ca-97dd-caaa34f419e1,Describe principles of responsible use of transportation and communication means
EF02GE02,86b0f95f-6529-4bad-be0b-4ccb1d9a3d1c,Identify customs and traditions of different populations within the local neighborhood or community
EF02GE02,677c132e-365b-4538-ac16-82261e233c8c,Compare customs and traditions of different populations living in the same community
EF02GE02,2ce0d94f-f396-462f-b836-dc5b1652faa7,Recognize the importance of respecting cultural differences within the local community
EF89EF21,b83d889c-0a7d-42b4-a05c-2133a5ce4ed8,"Identify safety equipment, instruments, and attire used in outdoor adventure physical practices"
EF89EF21,b0271571-55f5-448f-a67d-366090d030c5,Describe the organizational structures of outdoor adventure physical practices
EF89EF21,532e3259-7583-4d86-bd51-e75dc57426ca,Identify historical transformations in the development of outdoor adventure physical practices
EF89EF20,8ff50cd8-0d9c-45db-9126-a1b0652bb0d3,Identify risks associated with specific outdoor adventure physical practices
EF89EF20,a6e73118-55df-4264-8b48-0724262f02cf,Formulate strategies to safely overcome challenges in outdoor adventure physical practices
EF89EF20,1d8a40dd-e25a-43c1-9ecb-15c6ecff7878,Apply safety guidelines when engaging in outdoor adventure physical practices
EF89EF19,391f13da-e002-494b-b1b7-3b39cac0ca24,Explore a variety of outdoor adventure physical practices with attention to personal and collective safety
EF89EF19,9190df47-7b7a-4d5d-88c7-e73d51576e4c,Apply principles of respect for natural heritage during outdoor adventure physical practices
EF89EF19,a594955f-048b-466f-94fd-93806d33ba74,Evaluate the environmental impact of outdoor adventure practices and identify ways to minimize degradation
EF01CO07,6f327cda-0fd5-4bcf-a78f-b76a4a8537cd,Identify safe behaviors when using computational technologies to protect personal data
EF01CO07,01174a6e-4fb3-4209-ae56-8962534f9fb6,Recognize situations that may pose risks to personal security in digital environments
EF01CO07,a2c60ee6-8eaa-40be-8c5b-3a1a0848fe8d,Distinguish between safe and unsafe sharing of personal information online
EF01CO07,878f3583-3d40-4ecd-9fe8-c837f64c76d0,Describe basic practices for keeping personal data private when using digital devices
EF02CO01,ae5f7360-8dab-41e1-94da-39bf5040e64b,Create a model (representation) of a real-world object identifying its essential attributes
EF02CO01,8a60132c-92dc-4471-abf1-51cdfa20ffe5,Compare two models of the same system to identify differences in their limitations
EF02CO01,614d6740-3db4-45f7-af1b-a474e4652f5b,Identify patterns shared across models of different objects
EF02CO01,4b07c191-b7f1-4f5c-9ac7-d34eb60c9f47,Distinguish essential attributes from non-essential attributes in a model of an object
EF06CO08,af7e7d92-231c-4de9-b681-f63f2f34ea61,Explain how data are stored and retrieved using computing devices
EF06CO08,d0bc8865-d052-4e08-a2f7-8b9eeff0fe7c,Describe methods for compressing and manipulating digital files and documents
EF06CO08,164a991f-e87d-485b-8c87-5dcbf75d4163,Identify what metadata is and explain its role in organizing digital files
EF06CO08,14af446c-91a8-4b27-a8b0-c1c437953d7e,Explain how data are transmitted between computing devices
EF06CO08,51d6a76b-b9b4-41bb-9e6e-3a64ba81442a,Describe cybersecurity considerations involved in storing and transmitting data
EF06CO09,fa54456f-ab49-4937-aae8-a97a0c5a7e27,Demonstrate appropriate conduct and language when communicating in digital environments
EF06CO09,59763f5e-5cd2-450a-8615-e382d3a7bb67,Explain the ethical responsibilities of using technologies safely and respectfully
EF06CO09,76d2d502-80ce-4d87-91dd-0016ee817fd6,Identify situations that violate copyright or image rights in digital contexts
EF06CO09,91b2edbd-8d4b-4e3f-8fa9-23445759718d,Describe laws and ethical principles applicable to responsible technology use
EF02GE01,8682f138-461d-4eb2-bb77-df492fcdae20,Identify migration events that occurred in their neighborhood or community
EF02GE01,66a17fc7-08c4-4509-a52c-3c6f9c5f320d,Describe the origins and destinations of migrants in their local community
EF02GE01,6c109dac-fde2-4e68-93e3-ff0af3c50713,Sequence key moments in the history of migrations in their community
EF02GE01,53000b3b-1353-4daf-af1d-b1a1ae1919c8,Explain reasons why people migrated to or from their neighborhood or community
EF01GE11,086e7e65-b255-4109-8c0b-dc752515524d,Identify changes in clothing habits in their community across different times of the year
EF01GE11,48b2a810-afac-4926-8ca8-c9f109504848,Connect seasonal variations in temperature and humidity to changes in clothing choices
EF01GE10,7d3389b7-721b-423e-8c81-ce2bd80c0401,"Identify natural rhythms (rain, wind, heat) present in their lived-in places"
EF01GE10,68799ed9-a972-41d8-91d5-51520c4ed21d,Describe characteristics of their lived-in places related to natural rhythms
EF01GE10,6ee682ff-c5d4-4127-bb9e-1e558251a7e9,Compare natural rhythm characteristics across different lived-in environments
EF01GE09,2ad934e1-0446-5174-ae7c-26b06e85dbc6,"Describe the relative positions of objects in the environment using terms such as above, below, beside, in front of, behind, and next to"
EF01GE09,047ff7af-915d-4223-b286-01006af94066,Use the body as a reference point to describe the location of elements in the environment
EF01GE09,be8557be-1115-44a7-b621-cd92cf56dbbe,Construct a simple map representing elements of their lived environment
EF01GE09,b1fdfb2f-f5ef-4a05-9a14-b3b26606535c,Use a simple map to locate elements within their lived environment
EF01GE08,e279745e-c6bf-4551-b677-105ee24e4672,Create a mental map or drawing based on a real or imagined itinerary
EF01GE08,a2518573-c9b9-44a9-b2a5-930bf5582dcc,Represent spatial paths from literary tales or invented stories through drawings or maps
EF01GE08,74f34c15-7e2e-4479-8d7f-002bc45366d2,Describe the spatial sequence of locations represented in a mental map or drawing
EF01GE07,ee8e604d-c39a-46b4-a214-65b05e031d5a,Identify work activities carried out by people in their community's daily life
EF01GE07,f9530b3b-3fa0-4023-9b09-896f68de14a8,Describe the characteristics of work activities present in their community
EF01GE07,b7b9cab4-edca-48d8-a510-00842b060733,Relate specific work activities to the needs they fulfill in the community
EF01GE06,98e82449-ad82-4eb1-9167-26a41a2e42d1,Identify and describe different types of dwellings or everyday objects
EF01GE06,bee76009-3f91-449c-b32b-176151a272ad,Compare dwellings or everyday objects based on the techniques used in their production
EF01GE05,b19eb869-7408-4557-8304-aa2db742bf99,Identify natural rhythms such as day and night and variations in temperature and humidity
EF01GE05,72f49a75-a355-45d4-bf16-17caa562c787,Describe natural rhythms observed across different spatial and temporal scales
EF01GE05,a81ef742-e1ef-450a-bfd6-9550d9ccb41b,Compare natural rhythms experienced in their own reality with those of other places
EF01GE04,ffccc704-785d-40b0-88a4-7339ae2255d5,Identify rules needed for coexistence in shared spaces such as the classroom or school
EF01GE04,3b6ef886-e6c1-4240-9ed4-59a84f9473b7,Collaboratively establish rules for coexistence in a shared space
EF01GE04,45f7495b-9778-4313-93c4-cc70d2ce1e55,Explain the purpose of coexistence rules in different shared spaces
EF01GE03,620f33cc-45f0-49c3-8f2f-ecb8da4fcba9,Identify different uses of public spaces such as plazas and parks for leisure and social expression
EF01GE03,930a0417-54bf-4097-a5b0-21350a774c60,Describe similarities between how different public spaces are used by a community
EF06CO10,b08e6359-bb6e-4cce-91e8-f7731fd126db,Analyze the production chain of a technological resource identifying its social and environmental impacts
EF06CO10,bce21cbe-9b4f-4d40-bb4a-82f1acdc4ecf,Explain issues related to technological obsolescence and sustainability
EF06CO10,9526da79-576f-4c4e-9d48-c090756e28ac,Select computational technologies appropriate for expressing ideas or solving a specific problem
EF06CO10,124db9e4-4ee3-4df2-99b6-8523f80caa06,Critically evaluate the varied impacts of technology consumption on society
EF07CO01,890fc75c-58ff-4f43-91b2-a54477691277,Identify problems for which records and one-dimensional arrays are appropriate data structures
EF07CO01,38557df5-fc64-4d03-a473-281178da05aa,Design a solution to a problem using records or one-dimensional arrays to represent information
EF07CO01,065b5e31-a67c-4970-8929-315c84f3af08,Automate a solution to a problem using a programming language with appropriate data structures
EF07CO01,c4fb9853-d0a4-4c26-9de7-e1cfd7805881,"Select an appropriate data structure (record, array, list, or graph) for a given computational problem"
EF07CO02,2e319a28-987f-4254-b238-afc6434902be,Analyze a program to detect logical or syntactic errors
EF07CO02,00ad215e-e6dd-4bb4-bc3e-7691129cc8c9,Remove identified errors from a program to increase confidence in its correctness
EF07CO02,69ce0bba-5792-4f58-b8d3-78a3c0718ad5,Explain how debugging processes improve the reliability of a computational solution
EF07CO03,aaee04eb-1282-415e-b922-a4ee0fc9dba4,Construct a computational solution to a problem selecting an appropriate data structure
EF07CO03,dc84adc1-78df-42cb-b534-c05a70648a67,Refine a computational solution by integrating knowledge from different areas of school learning
EF07CO03,b01c8b6f-570d-4062-a689-47f18fe0fd6a,Collaborate with peers to develop and improve a computational solution to a problem
EF07CO03,286c3aee-ec1d-4d17-8ace-c3a2c2e48f2d,Justify the choice of data structure used in a computational solution to a given problem
EF07CO04,0cc7bf57-202f-46bb-9570-90f03dfd9f0e,Identify the basic components of a graph (vertices and edges)
EF07CO04,3364264c-c0dc-4c5d-879f-6cafeccf09b4,Describe basic properties of graphs such as connectivity and adjacency
EF07CO04,b4c5e843-0be1-4a52-a5f1-5399fd9063aa,Represent a real-world problem using a graph structure
EF07CO04,c16d380a-afb0-486e-aca1-f91707833039,Analyze a graph to extract information relevant to solving a computational problem
EF09CI17,34f89d53-1de5-42d1-8a47-1d5b0beefbd4,Describe the stages of the sun's life cycle from formation to eventual burnout
EF09CI17,5707e6cf-0bc0-471b-a3da-d43ff9a07449,Explain how the mass of a star determines its evolutionary stages and final state
EF09CI17,9854ee06-d7dd-4c31-aaba-95c0bcd22946,Compare the evolutionary cycle of the Sun with that of stars of different sizes
EF09CI17,c8cbc3d2-fec4-47b0-859b-c57127127827,Analyze the effects of the Sun's evolutionary cycle on conditions on Earth
