bncc_code,stage,grade,subject,description_pt,description_en
EF08CI02,EF,8º,Ciências,"Construir circuitos elétricos com pilha/bateria, fios e lâmpada ou outros dispositivos e compará-los a circuitos elétricos residenciais.","Construct electric circuits using batteries, wires, and light bulbs or other devices, and compare them to residential electrical circuits."
EF08CI03,EF,8º,Ciências,"Classificar equipamentos elétricos residenciais (chuveiro, ferro, lâmpadas, TV, rádio, geladeira etc.) de acordo com o tipo de transformação de energia (da energia elétrica para a térmica, luminosa, sonora e mecânica, por exemplo).","Classify household electrical appliances (electric shower, iron, light bulbs, television, radio, refrigerator, etc.) according to the type of energy transformation involved (from electrical energy to thermal, light, sound, and mechanical energy, for example)."
EF08CI04,EF,8º,Ciências,Calcular o consumo de eletrodomésticos a partir dos dados de potência (descritos no próprio equipamento) e tempo médio de uso para avaliar o impacto de cada equipamento no consumo doméstico mensal.,Calculate the energy consumption of household appliances using power ratings (as listed on the appliance) and average usage time to evaluate the impact of each appliance on monthly residential electricity consumption.
EF08CI05,EF,8º,Ciências,"Propor ações coletivas para otimizar o uso de energia elétrica em sua escola e/ou comunidade, com base na seleção de equipamentos segundo critérios de sustentabilidade (consumo de energia e eficiência energética) e hábitos de consumo responsável.","Propose collective actions to optimize electricity use in school and/or community settings, based on the selection of appliances according to sustainability criteria (energy consumption and energy efficiency) and responsible consumption habits."
EF08CI06,EF,8º,Ciências,"Discutir e avaliar usinas de geração de energia elétrica (termelétricas, hidrelétricas, eólicas etc.), suas semelhanças e diferenças, seus impactos socioambientais, e como essa energia chega e é usada em sua cidade, comunidade, casa ou escola.","Discuss and evaluate electricity-generating power plants (thermoelectric, hydroelectric, wind-powered, etc.), their similarities and differences, their socio-environmental impacts, and how that energy reaches and is used in one's city, community, home, or school."
EF08CI07,EF,8º,Ciências,Comparar diferentes processos reprodutivos em plantas e animais em relação aos mecanismos adaptativos e evolutivos.,Compare different reproductive processes in plants and animals with respect to adaptive and evolutionary mechanisms.
EF08CI08,EF,8º,Ciências,Analisar e explicar as transformações que ocorrem na puberdade considerando a atuação dos hormônios sexuais e do sistema nervoso.,"Analyze and explain the changes that occur during puberty, considering the roles of sex hormones and the nervous system."
EF08CI09,EF,8º,Ciências,Comparar o modo de ação e a eficácia dos diversos métodos contraceptivos e justificar a necessidade de compartilhar a responsabilidade na escolha e na utilização do método mais adequado à prevenção da gravidez precoce e indesejada e de Doenças Sexualmente Transmissíveis (DST).,"Compare the mechanism of action and effectiveness of various contraceptive methods, and justify the need to share responsibility in choosing and using the most appropriate method for preventing unintended and early pregnancy and Sexually Transmitted Diseases (STDs)."
EF08CI10,EF,8º,Ciências,"Identificar os principais sintomas, modos de transmissão e tratamento de algumas DST (com ênfase na AIDS), e discutir estratégias e métodos de prevenção.","Identify the main symptoms, modes of transmission, and treatment of selected STDs (with emphasis on AIDS), and discuss prevention strategies and methods."
EF08CI11,EF,8º,Ciências,"Selecionar argumentos que evidenciem as múltiplas dimensões da sexualidade humana (biológica, sociocultural, afetiva e ética).","Select arguments that highlight the multiple dimensions of human sexuality (biological, sociocultural, affective, and ethical)."
EF08CI12,EF,8º,Ciências,"Justificar, por meio da construção de modelos e da observação da Lua no céu, a ocorrência das fases da Lua e dos eclipses, com base nas posições relativas entre Sol, Terra e Lua.","Justify, through the construction of models and direct observation of the Moon in the sky, the occurrence of lunar phases and eclipses based on the relative positions of the Sun, Earth, and Moon."
EF08CI13,EF,8º,Ciências,"Representar os movimentos de rotação e translação da Terra e analisar o papel da inclinação do eixo de rotação da Terra em relação à sua órbita na ocorrência das estações do ano, com a utilização de modelos tridimensionais.","Represent Earth's rotational and translational movements and analyze the role of the tilt of Earth's rotational axis relative to its orbit in the occurrence of the seasons, using three-dimensional models."
EF08CI14,EF,8º,Ciências,Relacionar climas regionais aos padrões de circulação atmosférica e oceânica e ao aquecimento desigual causado pela forma e pelos movimentos da Terra.,Relate regional climates to patterns of atmospheric and oceanic circulation and to the unequal heating caused by Earth's shape and movements.
EF08CI15,EF,8º,Ciências,Identificar as principais variáveis envolvidas na previsão do tempo e simular situações nas quais elas possam ser medidas.,Identify the main variables involved in weather forecasting and simulate situations in which those variables can be measured.
EF08CI16,EF,8º,Ciências,Discutir iniciativas que contribuam para restabelecer o equilíbrio ambiental a partir da identificação de alterações climáticas regionais e globais provocadas pela intervenção humana.,"Discuss initiatives that contribute to restoring environmental balance, based on the identification of regional and global climate changes caused by human intervention."
EF09CI01,EF,9º,Ciências,Investigar as mudanças de estado físico da matéria e explicar essas transformações com base no modelo de constituição submicroscópica.,Investigate changes of physical state of matter and explain these transformations using the submicroscopic model of matter's composition.
EF09CI02,EF,9º,Ciências,"Comparar quantidades de reagentes e produtos envolvidos em transformações químicas, estabelecendo a proporção entre as suas massas.","Compare the quantities of reactants and products involved in chemical transformations, establishing the ratio between their masses."
EF09CI03,EF,9º,Ciências,Identificar modelos que descrevem a estrutura da matéria (constituição do átomo e composição de moléculas simples) e reconhecer sua evolução histórica.,Identify models that describe the structure of matter (atomic constitution and composition of simple molecules) and recognize their historical development.
EF09CI04,EF,9º,Ciências,Planejar e executar experimentos que evidenciem que todas as cores de luz podem ser formadas pela composição das três cores primárias da luz e que a cor de um objeto está relacionada também à cor da luz que o ilumina.,"Plan and conduct experiments that demonstrate that all colors of light can be produced by combining the three primary colors of light, and that the apparent color of an object is also related to the color of the light illuminating it."
EF09CI05,EF,9º,Ciências,Investigar os principais mecanismos envolvidos na transmissão e recepção de imagem e som que revolucionaram os sistemas de comunicação humana.,Investigate the principal mechanisms involved in the transmission and reception of image and sound that have revolutionized human communication systems.
EF03CI06,EF,3º,Ciências,"Comparar alguns animais e organizar grupos com base em características externas comuns (presença de penas, pelos, escamas, bico, garras, antenas, patas etc.).","Compare animals and organize them into groups based on common external characteristics (presence of feathers, fur, scales, beaks, claws, antennae, legs, etc.)."
EF03CI07,EF,3º,Ciências,"Identificar características da Terra (como seu formato esférico, a presença de água, solo etc.), com base na observação, manipulação e comparação de diferentes formas de representação do planeta (mapas, globos, fotografias etc.).","Identify characteristics of Earth (such as its spherical shape, the presence of water, soil, etc.) based on the observation, manipulation, and comparison of different representations of the planet (maps, globes, photographs, etc.)."
EF03CI08,EF,3º,Ciências,"Observar, identificar e registrar os períodos diários (dia e/ou noite) em que o Sol, demais estrelas, Lua e planetas estão visíveis no céu.","Observe, identify, and record the times of day (daytime and/or nighttime) during which the Sun, other stars, the Moon, and planets are visible in the sky."
EF03CI09,EF,3º,Ciências,"Comparar diferentes amostras de solo do entorno da escola com base em características como cor, textura, cheiro, tamanho das partículas, permeabilidade etc.","Compare different soil samples from the school's surroundings based on characteristics such as color, texture, smell, particle size, permeability, etc."
EF03CI10,EF,3º,Ciências,"Identificar os diferentes usos do solo (plantação e extração de materiais, dentre outras possibilidades), reconhecendo a importância do solo para a agricultura e para a vida.","Identify the different uses of soil (crop cultivation and extraction of materials, among other possibilities), recognizing the importance of soil for agriculture and for life."
EF04CI01,EF,4º,Ciências,"Identificar misturas na vida diária, com base em suas propriedades físicas observáveis, reconhecendo sua composição.","Identify mixtures in daily life based on observable physical properties, recognizing their composition."
EF04CI02,EF,4º,Ciências,"Testar e relatar transformações nos materiais do dia a dia quando expostos a diferentes condições (aquecimento, resfriamento, luz e umidade).","Test and report transformations in everyday materials when exposed to different conditions (heating, cooling, light, and humidity)."
EF04CI03,EF,4º,Ciências,"Concluir que algumas mudanças causadas por aquecimento ou resfriamento são reversíveis (como as mudanças de estado físico da água) e outras não (como o cozimento do ovo, a queima do papel etc.).","Determine that some changes caused by heating or cooling are reversible (such as changes in the physical state of water) while others are not (such as the cooking of an egg, the burning of paper, etc.)."
EF04CI04,EF,4º,Ciências,"Analisar e construir cadeias alimentares simples, reconhecendo a posição ocupada pelos seres vivos nessas cadeias e o papel do Sol como fonte primária de energia na produção de alimentos.","Analyze and construct simple food chains, recognizing the position occupied by living organisms within those chains and the role of the Sun as the primary source of energy in food production."
EF04CI05,EF,4º,Ciências,Descrever e destacar semelhanças e diferenças entre o ciclo da matéria e o fluxo de energia entre os componentes vivos e não vivos de um ecossistema.,Describe and highlight similarities and differences between the cycling of matter and the flow of energy among the living and nonliving components of an ecosystem.
EF04CI06,EF,4º,Ciências,"Relacionar a participação de fungos e bactérias no processo de decomposição, reconhecendo a importância ambiental desse processo.","Relate the role of fungi and bacteria in the decomposition process, recognizing the environmental importance of this process."
EF04CI07,EF,4º,Ciências,"Verificar a participação de microrganismos na produção de alimentos, combustíveis, medicamentos, entre outros.","Investigate the role of microorganisms in the production of foods, fuels, medicines, and other products."
EF04CI08,EF,4º,Ciências,"Propor, a partir do conhecimento das formas de transmissão de alguns microrganismos (vírus, bactérias e protozoários), atitudes e medidas adequadas para prevenção de doenças a eles associadas.","Propose, based on knowledge of the transmission routes of certain microorganisms (viruses, bacteria, and protozoa), appropriate attitudes and measures for the prevention of associated diseases."
EF04CI09,EF,4º,Ciências,"Identificar os pontos cardeais, com base no registro de diferentes posições relativas do Sol e da sombra de uma vara (gnômon).",Identify the cardinal directions based on the recording of different relative positions of the Sun and the shadow cast by a vertical rod (gnomon).
EF04CI10,EF,4º,Ciências,Comparar as indicações dos pontos cardeais resultantes da observação das sombras de uma vara (gnômon) com aquelas obtidas por meio de uma bússola.,Compare the cardinal direction readings obtained from observing the shadows of a vertical rod (gnomon) with those obtained using a compass.
EF04CI11,EF,4º,Ciências,Associar os movimentos cíclicos da Lua e da Terra a períodos de tempo regulares e ao uso desse conhecimento para a construção de calendários em diferentes culturas.,Associate the cyclical movements of the Moon and Earth with regular time periods and with the use of this knowledge in the construction of calendars across different cultures.
EF05CI01,EF,5º,Ciências,"Explorar fenômenos da vida cotidiana que evidenciem propriedades físicas dos materiais – como densidade, condutibilidade térmica e elétrica, respostas a forças magnéticas, solubilidade, respostas a forças mecânicas (dureza, elasticidade etc.), entre outras.","Explore everyday phenomena that demonstrate physical properties of materials — such as density, thermal and electrical conductivity, responses to magnetic forces, solubility, and responses to mechanical forces (hardness, elasticity, etc.) — among others."
EF05CI02,EF,5º,Ciências,"Aplicar os conhecimentos sobre as mudanças de estado físico da água para explicar o ciclo hidrológico e analisar suas implicações na agricultura, no clima, na geração de energia elétrica, no provimento de água potável e no equilíbrio dos ecossistemas regionais (ou locais).","Apply knowledge of the changes in the physical states of water to explain the water cycle and analyze its implications for agriculture, climate, electric power generation, the supply of drinking water, and the balance of regional (or local) ecosystems."
EF05CI03,EF,5º,Ciências,"Selecionar argumentos que justifiquem a importância da cobertura vegetal para a manutenção do ciclo da água, a conservação dos solos, dos cursos de água e da qualidade do ar atmosférico.","Select arguments that justify the importance of vegetation cover for maintaining the water cycle, conserving soils, waterways, and atmospheric air quality."
EF05CI04,EF,5º,Ciências,Identificar os principais usos da água e de outros materiais nas atividades cotidianas para discutir e propor formas sustentáveis de utilização desses recursos.,Identify the primary uses of water and other materials in everyday activities in order to discuss and propose sustainable ways of using these resources.
EF69AR35,EF,"6º, 7º, 8º, 9º",Arte,"Identificar e manipular diferentes tecnologias e recursos digitais para acessar, apreciar, produzir, registrar e compartilhar práticas e repertórios artísticos, de modo reflexivo, ético e responsável.","Identify and use various digital technologies and resources to access, appreciate, produce, document, and share artistic practices and repertoires in a reflective, ethical, and responsible manner."
EF01CI01,EF,1º,Ciências,"Comparar características de diferentes materiais presentes em objetos de uso cotidiano, discutindo sua origem, os modos como são descartados e como podem ser usados de forma mais consciente.","Compare characteristics of different materials found in everyday objects, discussing their origins, how they are disposed of, and how they can be used more consciously."
EF01CI02,EF,1º,Ciências,"Localizar, nomear e representar graficamente (por meio de desenhos) partes do corpo humano e explicar suas funções.","Locate, name, and represent graphically (through drawings) parts of the human body and explain their functions."
EF01CI03,EF,1º,Ciências,"Discutir as razões pelas quais os hábitos de higiene do corpo (lavar as mãos antes de comer, escovar os dentes, limpar os olhos, o nariz e as orelhas etc.) são necessários para a manutenção da saúde.","Discuss the reasons why body hygiene habits (washing hands before eating, brushing teeth, cleaning eyes, nose, and ears, etc.) are necessary for maintaining health."
EF01CI04,EF,1º,Ciências,"Comparar características físicas entre os colegas, reconhecendo a diversidade e a importância da valorização, do acolhimento e do respeito às diferenças.","Compare physical characteristics among classmates, recognizing diversity and the importance of valuing, welcoming, and respecting differences."
EF01CI05,EF,1º,Ciências,"Identificar e nomear diferentes escalas de tempo: os períodos diários (manhã, tarde, noite) e a sucessão de dias, semanas, meses e anos.","Identify and name different timescales: the periods of the day (morning, afternoon, night) and the succession of days, weeks, months, and years."
EF01CI06,EF,1º,Ciências,Selecionar exemplos de como a sucessão de dias e noites orienta o ritmo de atividades diárias de seres humanos e de outros seres vivos.,Select examples of how the succession of day and night regulates the daily activity patterns of human beings and other living organisms.
EF02CI01,EF,2º,Ciências,"Identificar de que materiais (metais, madeira, vidro etc.) são feitos os objetos que fazem parte da vida cotidiana, como esses objetos são utilizados e com quais materiais eram produzidos no passado.","Identify the materials (metals, wood, glass, etc.) from which everyday objects are made, how those objects are used, and what materials were used to produce them in the past."
EF02CI02,EF,2º,Ciências,"Propor o uso de diferentes materiais para a construção de objetos de uso cotidiano, tendo em vista algumas propriedades desses materiais (flexibilidade, dureza, transparência etc.).","Propose the use of different materials for constructing everyday objects, taking into account selected properties of those materials (flexibility, hardness, transparency, etc.)."
EF02CI03,EF,2º,Ciências,"Discutir os cuidados necessários à prevenção de acidentes domésticos (objetos cortantes e inflamáveis, eletricidade, produtos de limpeza, medicamentos etc.).","Discuss the precautions necessary to prevent household accidents involving sharp and flammable objects, electricity, cleaning products, medications, and similar hazards."
EF02CI04,EF,2º,Ciências,"Descrever características de plantas e animais (tamanho, forma, cor, fase da vida, local onde se desenvolvem etc.) que fazem parte de seu cotidiano e relacioná-las ao ambiente em que eles vivem.","Describe characteristics of plants and animals (size, shape, color, life stage, habitat, etc.) encountered in daily life and relate those characteristics to the environment in which the organisms live."
EF02CI05,EF,2º,Ciências,Investigar a importância da água e da luz para a manutenção da vida de plantas em geral.,Investigate the importance of water and light for sustaining the life of plants in general.
EF02CI06,EF,2º,Ciências,"Identificar as principais partes de uma planta (raiz, caule, folhas, flores e frutos) e a função desempenhada por cada uma delas, e analisar as relações entre as plantas, o ambiente e os demais seres vivos.","Identify the main parts of a plant (root, stem, leaves, flowers, and fruits) and the function performed by each, and analyze the relationships among plants, the environment, and other living organisms."
EF02CI07,EF,2º,Ciências,Descrever as posições do Sol em diversos horários do dia e associá-las ao tamanho da sombra projetada.,Describe the positions of the Sun at various times of day and relate them to the length of the shadows cast.
EF02CI08,EF,2º,Ciências,"Comparar o efeito da radiação solar (aquecimento e reflexão) em diferentes tipos de superfície (água, areia, solo, superfícies escura, clara e metálica etc.).","Compare the effect of solar radiation (heating and reflection) on different types of surfaces (water, sand, soil, dark, light, and metallic surfaces, etc.)."
EF03CI01,EF,3º,Ciências,Produzir diferentes sons a partir da vibração de variados objetos e identificar variáveis que influem nesse fenômeno.,Produce different sounds by vibrating a variety of objects and identify the variables that influence this phenomenon.
EF03CI02,EF,3º,Ciências,"Experimentar e relatar o que ocorre com a passagem da luz através de objetos transparentes (copos, janelas de vidro, lentes, prismas, água etc.), no contato com superfícies polidas (espelhos) e na intersecção com objetos opacos (paredes, pratos, pessoas e outros objetos de uso cotidiano).","Experiment with and report what happens to light as it passes through transparent objects (cups, glass windows, lenses, prisms, water, etc.), comes into contact with polished surfaces (mirrors), and intersects with opaque objects (walls, plates, people, and other everyday objects)."
EF03CI03,EF,3º,Ciências,Discutir hábitos necessários para a manutenção da saúde auditiva e visual considerando as condições do ambiente em termos de som e luz.,"Discuss the habits necessary for maintaining auditory and visual health, taking into account environmental conditions with respect to sound and light."
EF03CI04,EF,3º,Ciências,"Identificar características sobre o modo de vida (o que comem, como se reproduzem, como se deslocam etc.) dos animais mais comuns no ambiente próximo.","Identify characteristics of the way of life (what they eat, how they reproduce, how they move, etc.) of animals most commonly found in the local environment."
EF03CI05,EF,3º,Ciências,"Descrever e comunicar as alterações que ocorrem desde o nascimento em animais de diferentes meios terrestres ou aquáticos, inclusive o homem.","Describe and communicate the changes that occur from birth onward in animals from different terrestrial and aquatic environments, including humans."
EF05CI05,EF,5º,Ciências,Construir propostas coletivas para um consumo mais consciente e criar soluções tecnológicas para o descarte adequado e a reutilização ou reciclagem de materiais consumidos na escola e/ou na vida cotidiana.,Develop collective proposals for more conscious consumption and design technological solutions for the proper disposal and reuse or recycling of materials consumed at school and/or in daily life.
EF05CI06,EF,5º,Ciências,"Selecionar argumentos que justifiquem por que os sistemas digestório e respiratório são considerados corresponsáveis pelo processo de nutrição do organismo, com base na identificação das funções desses sistemas.","Select arguments that justify why the digestive and respiratory systems are considered jointly responsible for the body's nutrition process, based on the identification of the functions of each system."
EF05CI07,EF,5º,Ciências,"Justificar a relação entre o funcionamento do sistema circulatório, a distribuição dos nutrientes pelo organismo e a eliminação dos resíduos produzidos.","Justify the relationship between the functioning of the circulatory system, the distribution of nutrients throughout the body, and the elimination of metabolic waste products."
EF05CI08,EF,5º,Ciências,"Organizar um cardápio equilibrado com base nas características dos grupos alimentares (nutrientes e calorias) e nas necessidades individuais (atividades realizadas, idade, sexo etc.) para a manutenção da saúde do organismo.","Plan a balanced menu based on the characteristics of food groups (nutrients and calories) and individual needs (activities performed, age, sex, etc.) for the maintenance of the body's health."
EF05CI09,EF,5º,Ciências,"Discutir a ocorrência de distúrbios nutricionais (como obesidade, subnutrição etc.) entre crianças e jovens a partir da análise de seus hábitos (tipos e quantidade de alimento ingerido, prática de atividade física etc.).","Discuss the occurrence of nutritional disorders (such as obesity, undernutrition, etc.) among children and adolescents by analyzing their habits (types and quantities of food consumed, physical activity practices, etc.)."
EF05CI10,EF,5º,Ciências,"Identificar algumas constelações no céu, com o apoio de recursos (como mapas celestes e aplicativos digitais, entre outros), e os períodos do ano em que elas são visíveis no início da noite.","Identify constellations in the night sky using available resources (such as star maps and digital applications, among others), and determine the times of year during which they are visible in the early evening."
EF05CI11,EF,5º,Ciências,Associar o movimento diário do Sol e das demais estrelas no céu ao movimento de rotação da Terra.,Connect the apparent daily motion of the Sun and other stars across the sky to Earth's rotation.
EF05CI12,EF,5º,Ciências,"Concluir sobre a periodicidade das fases da Lua, com base na observação e no registro das formas aparentes da Lua no céu ao longo de, pelo menos, dois meses.",Draw conclusions about the periodicity of the Moon's phases based on observation and recording of the Moon's apparent shapes in the sky over a period of at least two months.
EF05CI13,EF,5º,Ciências,"Projetar e construir dispositivos para observação à distância (luneta, periscópio etc.), para observação ampliada de objetos (lupas, microscópios) ou para registro de imagens (máquinas fotográficas) e discutir usos sociais desses dispositivos.","Design and construct devices for distant observation (telescopes, periscopes, etc.), for magnified observation of objects (magnifying glasses, microscopes), or for image recording (cameras), and discuss the social uses of these devices."
EF06CI01,EF,6º,Ciências,"Classificar como homogênea ou heterogênea a mistura de dois ou mais materiais (água e sal, água e óleo, água e areia etc.).","Classify the mixture of two or more materials (water and salt, water and oil, water and sand, etc.) as homogeneous or heterogeneous."
EF06CI02,EF,6º,Ciências,"Identificar evidências de transformações químicas a partir do resultado de misturas de materiais que originam produtos diferentes dos que foram misturados (mistura de ingredientes para fazer um bolo, mistura de vinagre com bicarbonato de sódio etc.).","Identify evidence of chemical transformations based on the results of combining materials that produce products different from those that were mixed (combining ingredients to make a cake, mixing vinegar with baking soda, etc.)."
EF06CI03,EF,6º,Ciências,"Selecionar métodos mais adequados para a separação de diferentes sistemas heterogêneos a partir da identificação de processos de separação de materiais (como a produção de sal de cozinha, a destilação de petróleo, entre outros).","Select the most appropriate methods for separating different heterogeneous systems based on the identification of material separation processes (such as the production of table salt, the distillation of petroleum, among others)."
EF06CI04,EF,6º,Ciências,"Associar a produção de medicamentos e outros materiais sintéticos ao desenvolvimento científico e tecnológico, reconhecendo benefícios e avaliando impactos socioambientais.","Connect the production of medicines and other synthetic materials to scientific and technological development, recognizing their benefits and evaluating their socioenvironmental impacts."
EF06CI05,EF,6º,Ciências,Explicar a organização básica das células e seu papel como unidade estrutural e funcional dos seres vivos.,Explain the basic organization of cells and their role as the structural and functional unit of living organisms.
EF06CI06,EF,6º,Ciências,"Concluir, com base na análise de ilustrações e/ou modelos (físicos ou digitais), que os organismos são um complexo arranjo de sistemas com diferentes níveis de organização.","Conclude, based on the analysis of illustrations and/or models (physical or digital), that organisms are a complex arrangement of systems with different levels of organization."
EF06CI07,EF,6º,Ciências,"Justificar o papel do sistema nervoso na coordenação das ações motoras e sensoriais do corpo, com base na análise de suas estruturas básicas e respectivas funções.","Justify the role of the nervous system in coordinating the body's motor and sensory actions, based on an analysis of its basic structures and their respective functions."
EF06CI08,EF,6º,Ciências,"Explicar a importância da visão (captação e interpretação das imagens) na interação do organismo com o meio e, com base no funcionamento do olho humano, selecionar lentes adequadas para a correção de diferentes defeitos da visão.","Explain the importance of vision (the capture and interpretation of images) in the organism's interaction with the environment, and, based on the functioning of the human eye, select appropriate lenses for correcting different visual impairments."
EF06CI09,EF,6º,Ciências,"Deduzir que a estrutura, a sustentação e a movimentação dos animais resultam da interação entre os sistemas muscular, ósseo e nervoso.","Infer that the structure, support, and movement of animals result from the interaction among the muscular, skeletal, and nervous systems."
EF06CI10,EF,6º,Ciências,Explicar como o funcionamento do sistema nervoso pode ser afetado por substâncias psicoativas.,Explain how the functioning of the nervous system can be affected by psychoactive substances.
EF06CI11,EF,6º,Ciências,Identificar as diferentes camadas que estruturam o planeta Terra (da estrutura interna à atmosfera) e suas principais características.,Identify the different layers that make up planet Earth (from its internal structure to the atmosphere) and their main characteristics.
EF69AR15,EF,"6º, 7º, 8º, 9º",Arte,"Discutir as experiências pessoais e coletivas em dança vivenciadas na escola e em outros contextos, problematizando estereótipos e preconceitos.","Discuss personal and collective dance experiences in school and other contexts, critically examining stereotypes and prejudices."
EF69AR16,EF,"6º, 7º, 8º, 9º",Arte,"Analisar criticamente, por meio da apreciação musical, usos e funções da música em seus contextos de produção e circulação, relacionando as práticas musicais às diferentes dimensões da vida social, cultural, política, histórica, econômica, estética e ética","Critically analyze, through musical appreciation, the uses and functions of music in its contexts of production and circulation, connecting musical practices to the social, cultural, political, historical, economic, aesthetic, and ethical dimensions of life."
EF69AR17,EF,"6º, 7º, 8º, 9º",Arte,"Explorar e analisar, criticamente, diferentes meios e equipamentos culturais de circulação da música e do conhecimento musical.",Explore and critically analyze different cultural media and venues through which music and musical knowledge circulate.
EF69AR18,EF,"6º, 7º, 8º, 9º",Arte,Reconhecer e apreciar o papel de músicos e grupos de música brasileiros e estrangeiros que contribuíram para o desenvolvimento de formas e gêneros musicais.,Recognize and appreciate the role of Brazilian and international musicians and music groups who have contributed to the development of musical forms and genres.
EF69AR19,EF,"6º, 7º, 8º, 9º",Arte,"Identificar e analisar diferentes estilos musicais, contextualizando-os no tempo e no espaço, de modo a aprimorar a capacidade de apreciação da estética musical.","Identify and analyze different musical styles, situating them in their historical and geographic contexts in order to deepen aesthetic appreciation of music."
EF69AR20,EF,"6º, 7º, 8º, 9º",Arte,"Explorar e analisar elementos constitutivos da música (altura, intensidade, timbre, melodia, ritmo etc.), por meio de recursos tecnológicos (games e plataformas digitais), jogos, canções e práticas diversas de composição/criação, execução e apreciação musicais.","Explore and analyze the constituent elements of music (pitch, dynamics, timbre, melody, rhythm, etc.) through technological resources (games and digital platforms), games, songs, and varied practices of musical composition/creation, performance, and appreciation."
EF69AR21,EF,"6º, 7º, 8º, 9º",Arte,"Explorar e analisar fontes e materiais sonoros em práticas de composição/criação, execução e apreciação musical, reconhecendo timbres e características de instrumentos musicais diversos.","Explore and analyze sound sources and materials in musical composition/creation, performance, and appreciation practices, recognizing the timbres and characteristics of diverse musical instruments."
EF69AR22,EF,"6º, 7º, 8º, 9º",Arte,"Explorar e identificar diferentes formas de registro musical (notação musical tradicional, partituras criativas e procedimentos da música contemporânea), bem como procedimentos e técnicas de registro em áudio e audiovisual.","Explore and identify different forms of musical notation (traditional musical notation, graphic scores, and contemporary music procedures), as well as audio and audiovisual recording techniques and procedures."
EF69AR23,EF,"6º, 7º, 8º, 9º",Arte,"Explorar e criar improvisações, composições, arranjos, jingles, trilhas sonoras, entre outros, utilizando vozes, sons corporais e/ou instrumentos acústicos ou eletrônicos, convencionais ou não convencionais, expressando ideias musicais de maneira individual, coletiva e colaborativa.","Explore and create improvisations, compositions, arrangements, jingles, soundtracks, and other works using voices, body sounds, and/or acoustic or electronic instruments, conventional or unconventional, expressing musical ideas individually, collectively, and collaboratively."
EF69AR24,EF,"6º, 7º, 8º, 9º",Arte,"Reconhecer e apreciar artistas e grupos de teatro brasileiros e estrangeiros de diferentes épocas, investigando os modos de criação, produção, divulgação, circulação e organização da atuação profissional em teatro.","Recognize and appreciate Brazilian and international theater artists and companies from different periods, investigating their modes of creation, production, dissemination, circulation, and professional organization in theater."
EF69AR25,EF,"6º, 7º, 8º, 9º",Arte,"Identificar e analisar diferentes estilos cênicos, contextualizando-os no tempo e no espaço de modo a aprimorar a capacidade de apreciação da estética teatral.","Identify and analyze different theatrical styles, situating them in their historical and geographic contexts in order to deepen aesthetic appreciation of theater."
EF69AR26,EF,"6º, 7º, 8º, 9º",Arte,"Explorar diferentes elementos envolvidos na composição dos acontecimentos cênicos (figurinos, adereços, cenário, iluminação e sonoplastia) e reconhecer seus vocabulários.","Explore the different elements involved in the composition of theatrical events (costumes, props, set design, lighting, and sound design) and recognize their respective vocabularies."
EF69AR27,EF,"6º, 7º, 8º, 9º",Arte,"Pesquisar e criar formas de dramaturgias e espaços cênicos para o acontecimento teatral, em diálogo com o teatro contemporâneo.",Research and create forms of dramaturgy and performance spaces for theatrical events in dialogue with contemporary theater.
EF69AR28,EF,"6º, 7º, 8º, 9º",Arte,Investigar e experimentar diferentes funções teatrais e discutir os limites e desafios do trabalho artístico coletivo e colaborativo.,"Investigate and experiment with different theatrical roles, and discuss the challenges and limits of collective and collaborative artistic work."
EF69AR29,EF,"6º, 7º, 8º, 9º",Arte,Experimentar a gestualidade e as construções corporais e vocais de maneira imaginativa na improvisação teatral e no jogo cênico.,Experiment with gesture and physical and vocal expression imaginatively in theatrical improvisation and scenic play.
EF69AR30,EF,"6º, 7º, 8º, 9º",Arte,"Compor improvisações e acontecimentos cênicos com base em textos dramáticos ou outros estímulos (música, imagens, objetos etc.), caracterizando personagens (com figurinos e adereços), cenário, iluminação e sonoplastia e considerando a relação com o espectador.","Compose improvisations and theatrical events based on dramatic texts or other stimuli (music, images, objects, etc.), developing characters (with costumes and props), set design, lighting, and sound design, while considering the relationship with the audience."
EF69AR31,EF,"6º, 7º, 8º, 9º",Arte,"Relacionar as práticas artísticas às diferentes dimensões da vida social, cultural, política, histórica, econômica, estética e ética.","Connect artistic practices to the social, cultural, political, historical, economic, aesthetic, and ethical dimensions of life."
EF69AR32,EF,"6º, 7º, 8º, 9º",Arte,"Analisar e explorar, em projetos temáticos, as relações processuais entre diversas linguagens artísticas.","Analyze and explore, through thematic projects, the processual relationships among diverse artistic disciplines."
EF69AR33,EF,"6º, 7º, 8º, 9º",Arte,"Analisar aspectos históricos, sociais e políticos da produção artística, problematizando as narrativas eurocêntricas e as diversas categorizações da arte (arte, artesanato, folclore, design etc.).","Analyze historical, social, and political aspects of artistic production, critically examining Eurocentric narratives and the various categorizations of art (fine art, craft, folklore, design, etc.)."
EF69AR34,EF,"6º, 7º, 8º, 9º",Arte,"Analisar e valorizar o patrimônio cultural, material e imaterial, de culturas diversas, em especial a brasileira, incluindo suas matrizes indígenas, africanas e europeias, de diferentes épocas, e favorecendo a construção de vocabulário e repertório relativos às diferentes linguagens artísticas.","Analyze and value the tangible and intangible cultural heritage of diverse cultures—particularly Brazilian culture, including its Indigenous, African, and European roots—across different historical periods, fostering the development of vocabulary and repertoire related to different artistic disciplines."
EF15AR01,EF,"1º, 2º, 3º, 4º, 5º",Arte,"Identificar e apreciar formas distintas das artes visuais tradicionais e contemporâneas, cultivando a percepção, o imaginário, a capacidade de simbolizar e o repertório imagético.","Identify and appreciate distinct forms of traditional and contemporary visual arts, cultivating perception, imagination, the capacity to symbolize, and a broad visual repertoire."
EF15AR02,EF,"1º, 2º, 3º, 4º, 5º",Arte,"Explorar e reconhecer elementos constitutivos das artes visuais (ponto, linha, forma, cor, espaço, movimento etc.).","Explore and recognize the constitutive elements of the visual arts (point, line, shape, color, space, movement, etc.)."
EF15AR03,EF,"1º, 2º, 3º, 4º, 5º",Arte,"Reconhecer e analisar a influência de distintas matrizes estéticas e culturais das artes visuais nas manifestações artísticas das culturas locais, regionais e nacionais.","Recognize and analyze the influence of distinct aesthetic and cultural traditions of the visual arts on artistic expressions found in local, regional, and national cultures."
EF15AR04,EF,"1º, 2º, 3º, 4º, 5º",Arte,"Experimentar diferentes formas de expressão artística (desenho, pintura, colagem, quadrinhos, dobradura, escultura, modelagem, instalação, vídeo, fotografia etc.), fazendo uso sustentável de materiais, instrumentos, recursos e técnicas convencionais e não convencionais.","Experiment with different forms of artistic expression (drawing, painting, collage, comics, origami, sculpture, modeling, installation, video, photography, etc.), making sustainable use of conventional and non-conventional materials, tools, resources, and techniques."
EF15AR05,EF,"1º, 2º, 3º, 4º, 5º",Arte,"Experimentar a criação em artes visuais de modo individual, coletivo e colaborativo, explorando diferentes espaços da escola e da comunidade.","Experiment with creation in the visual arts individually, collectively, and collaboratively, exploring different spaces within the school and the broader community."
EF15AR06,EF,"1º, 2º, 3º, 4º, 5º",Arte,"Dialogar sobre a sua criação e as dos colegas, para alcançar sentidos plurais.",Engage in dialogue about one's own creations and those of peers in order to arrive at multiple meanings.
EF15AR07,EF,"1º, 2º, 3º, 4º, 5º",Arte,"Reconhecer algumas categorias do sistema das artes visuais (museus, galerias, instituições, artistas, artesãos, curadores etc.).","Recognize key categories within the visual arts system (museums, galleries, institutions, artists, artisans, curators, etc.)."
EF15AR08,EF,"1º, 2º, 3º, 4º, 5º",Arte,"Experimentar e apreciar formas distintas de manifestações da dança presentes em diferentes contextos, cultivando a percepção, o imaginário, a capacidade de simbolizar e o repertório corporal.","Experiment with and appreciate distinct forms of dance present in different contexts, cultivating perception, imagination, the capacity to symbolize, and a broad movement repertoire."
EF15AR09,EF,"1º, 2º, 3º, 4º, 5º",Arte,Estabelecer relações entre as partes do corpo e destas com o todo corporal na construção do movimento dançado.,Establish relationships between individual body parts and the body as a whole in the construction of danced movement.
EF15AR10,EF,"1º, 2º, 3º, 4º, 5º",Arte,"Experimentar diferentes formas de orientação no espaço (deslocamentos, planos, direções, caminhos etc.) e ritmos de movimento (lento, moderado e rápido) na construção do movimento dançado.","Experiment with different forms of spatial orientation (locomotion, levels, directions, pathways, etc.) and movement tempos (slow, moderate, and fast) in the construction of danced movement."
EF15AR11,EF,"1º, 2º, 3º, 4º, 5º",Arte,"Criar e improvisar movimentos dançados de modo individual, coletivo e colaborativo, considerando os aspectos estruturais, dinâmicos e expressivos dos elementos constitutivos do movimento, com base nos códigos de dança.","Create and improvise danced movements individually, collectively, and collaboratively, taking into account the structural, dynamic, and expressive aspects of the constitutive elements of movement, drawing on the codes of dance."
EF15AR12,EF,"1º, 2º, 3º, 4º, 5º",Arte,"Discutir, com respeito e sem preconceito, as experiências pessoais e coletivas em dança vivenciadas na escola, como fonte para a construção de vocabulários e repertórios próprios.","Discuss personal and collective dance experiences encountered at school with respect and without prejudice, using them as a source for building individual and shared movement vocabularies and repertoires."
EF15AR13,EF,"1º, 2º, 3º, 4º, 5º",Arte,"Identificar e apreciar criticamente diversas formas e gêneros de expressão musical, reconhecendo e analisando os usos e as funções da música em diversos contextos de circulação, em especial, aqueles da vida cotidiana.","Identify and critically appreciate diverse forms and genres of musical expression, recognizing and analyzing the uses and functions of music across a variety of contexts, especially those of everyday life."
EF15AR14,EF,"1º, 2º, 3º, 4º, 5º",Arte,"Perceber e explorar os elementos constitutivos da música (altura, intensidade, timbre, melodia, ritmo etc.), por meio de jogos, brincadeiras, canções e práticas diversas de composição/criação, execução e apreciação musical.","Perceive and explore the constitutive elements of music (pitch, dynamics, timbre, melody, rhythm, etc.) through games, play, songs, and varied practices of composition/creation, performance, and music appreciation."
EF15AR15,EF,"1º, 2º, 3º, 4º, 5º",Arte,"Explorar fontes sonoras diversas, como as existentes no próprio corpo (palmas, voz, percussão corporal), na natureza e em objetos cotidianos, reconhecendo os elementos constitutivos da música e as características de instrumentos musicais variados.","Explore diverse sound sources — including those found in the body itself (clapping, voice, body percussion), in nature, and in everyday objects — recognizing the constitutive elements of music and the characteristics of a variety of musical instruments."
EF15AR16,EF,"1º, 2º, 3º, 4º, 5º",Arte,"Explorar diferentes formas de registro musical não convencional (representação gráfica de sons, partituras criativas etc.), bem como procedimentos e técnicas de registro em áudio e audiovisual, e reconhecer a notação musical convencional.","Explore different forms of non-conventional musical notation (graphic representation of sounds, creative scores, etc.) as well as audio and audiovisual recording procedures and techniques, and recognize conventional musical notation."
EF15AR17,EF,"1º, 2º, 3º, 4º, 5º",Arte,"Experimentar improvisações, composições e sonorização de histórias, entre outros, utilizando vozes, sons corporais e/ou instrumentos musicais convencionais ou não convencionais, de modo individual, coletivo e colaborativo.","Experiment with improvisations, compositions, and sound design for stories, among other activities, using voices, body sounds, and/or conventional or non-conventional musical instruments, individually, collectively, and collaboratively."
EF15AR18,EF,"1º, 2º, 3º, 4º, 5º",Arte,"Reconhecer e apreciar formas distintas de manifestações do teatro presentes em diferentes contextos, aprendendo a ver e a ouvir histórias dramatizadas e cultivando a percepção, o imaginário, a capacidade de simbolizar e o repertório ficcional.","Recognize and appreciate distinct forms of theatrical expression present in different contexts, learning to watch and listen to dramatized stories while cultivating perception, imagination, the capacity to symbolize, and a broad fictional repertoire."
EF15AR19,EF,"1º, 2º, 3º, 4º, 5º",Arte,"Descobrir teatralidades na vida cotidiana, identificando elementos teatrais (variadas entonações de voz, diferentes fisicalidades, diversidade de personagens e narrativas etc.).","Discover theatricality in everyday life by identifying theatrical elements (varied vocal inflections, different physicalities, diverse characters and narratives, etc.)."
EF15AR20,EF,"1º, 2º, 3º, 4º, 5º",Arte,"Experimentar o trabalho colaborativo, coletivo e autoral em improvisações teatrais e processos narrativos criativos em teatro, explorando desde a teatralidade dos gestos e das ações do cotidiano até elementos de diferentes matrizes estéticas e culturais.","Experiment with collaborative, collective, and authorial work in theatrical improvisations and creative narrative processes in theater, drawing on elements ranging from the theatricality of everyday gestures and actions to elements from diverse aesthetic and cultural traditions."
EF06CI12,EF,6º,Ciências,"Identificar diferentes tipos de rocha, relacionando a formação de fósseis a rochas sedimentares em diferentes períodos geológicos.","Identify different types of rocks, relating fossil formation to sedimentary rocks across different geological periods."
EF06CI13,EF,6º,Ciências,Selecionar argumentos e evidências que demonstrem a esfericidade da Terra.,Select arguments and evidence that demonstrate the spherical shape of Earth.
EF06CI14,EF,6º,Ciências,"Inferir que as mudanças na sombra de uma vara (gnômon) ao longo do dia em diferentes períodos do ano são uma evidência dos movimentos relativos entre a Terra e o Sol, que podem ser explicados por meio dos movimentos de rotação e translação da Terra e da inclinação de seu eixo de rotação em relação ao plano de sua órbita em torno do Sol.","Infer that changes in the shadow cast by a rod (gnomon) throughout the day and across different times of year constitute evidence of the relative motions between Earth and the Sun, which can be explained by Earth's rotation and revolution and by the tilt of its rotational axis relative to the plane of its orbit around the Sun."
EF07CI01,EF,7º,Ciências,"Discutir a aplicação, ao longo da história, das máquinas simples e propor soluções e invenções para a realização de tarefas mecânicas cotidianas.",Discuss the application of simple machines throughout history and propose solutions and inventions for carrying out everyday mechanical tasks.
EF07CI02,EF,7º,Ciências,"Diferenciar temperatura, calor e sensação térmica nas diferentes situações de equilíbrio termodinâmico cotidianas.","Differentiate among temperature, heat, and thermal sensation across various everyday thermodynamic equilibrium situations."
EF07CI03,EF,7º,Ciências,"Utilizar o conhecimento das formas de propagação do calor para justificar a utilização de determinados materiais (condutores e isolantes) na vida cotidiana, explicar o princípio de funcionamento de alguns equipamentos (garrafa térmica, coletor solar etc.) e/ou construir soluções tecnológicas a partir desse conhecimento.","Apply knowledge of the modes of heat transfer to justify the use of specific materials (conductors and insulators) in everyday life, explain the operating principles of certain devices (thermos flasks, solar collectors, etc.), and/or design technological solutions based on that knowledge."
EF07CI04,EF,7º,Ciências,"Avaliar o papel do equilíbrio termodinâmico para a manutenção da vida na Terra, para o funcionamento de máquinas térmicas e em outras situações cotidianas.","Evaluate the role of thermodynamic equilibrium in sustaining life on Earth, in the functioning of heat engines, and in other everyday situations."
EF07CI05,EF,7º,Ciências,"Discutir o uso de diferentes tipos de combustível e máquinas térmicas ao longo do tempo, para avaliar avanços, questões econômicas e problemas socioambientais causados pela produção e uso desses materiais e máquinas.","Discuss the use of different types of fuel and heat engines over time in order to assess technological advances, economic considerations, and socio-environmental problems caused by the production and use of these materials and machines."
EF07CI06,EF,7º,Ciências,"Discutir e avaliar mudanças econômicas, culturais e sociais, tanto na vida cotidiana quanto no mundo do trabalho, decorrentes do desenvolvimento de novos materiais e tecnologias (como automação e informatização).","Discuss and evaluate economic, cultural, and social changes—both in everyday life and in the world of work—resulting from the development of new materials and technologies (such as automation and digitization)."
EF07CI07,EF,7º,Ciências,"Caracterizar os principais ecossistemas brasileiros quanto à paisagem, à quantidade de água, ao tipo de solo, à disponibilidade de luz solar, à temperatura etc., correlacionando essas características à flora e fauna específicas.","Characterize the main Brazilian ecosystems in terms of landscape, water availability, soil type, sunlight availability, temperature, and other factors, correlating these characteristics to their specific flora and fauna."
EF07CI08,EF,7º,Ciências,"Avaliar como os impactos provocados por catástrofes naturais ou mudanças nos componentes físicos, biológicos ou sociais de um ecossistema afetam suas populações, podendo ameaçar ou provocar a extinção de espécies, alteração de hábitos, migração etc.","Evaluate how impacts caused by natural disasters or changes in the physical, biological, or social components of an ecosystem affect its populations, potentially threatening or causing species extinction, behavioral changes, migration, and other consequences."
EF07CI09,EF,7º,Ciências,"Interpretar as condições de saúde da comunidade, cidade ou estado, com base na análise e comparação de indicadores de saúde (como taxa de mortalidade infantil, cobertura de saneamento básico e incidência de doenças de veiculação hídrica, atmosférica entre outras) e dos resultados de políticas públicas destinadas à saúde.","Interpret the health conditions of a community, city, or state by analyzing and comparing public health indicators (such as infant mortality rate, basic sanitation coverage, and incidence of waterborne and airborne diseases, among others) and the outcomes of public health policies."
EF07CI10,EF,7º,Ciências,"Argumentar sobre a importância da vacinação para a saúde pública, com base em informações sobre a maneira como a vacina atua no organismo e o papel histórico da vacinação para a manutenção da saúde individual e coletiva e para a erradicação de doenças.","Argue for the importance of vaccination to public health, drawing on information about how vaccines act in the body and the historical role of vaccination in maintaining individual and collective health and in eradicating diseases."
EF07CI11,EF,7º,Ciências,"Analisar historicamente o uso da tecnologia, incluindo a digital, nas diferentes dimensões da vida humana, considerando indicadores ambientais e de qualidade de vida.","Analyze, from a historical perspective, the use of technology—including digital technology—across different dimensions of human life, considering environmental and quality-of-life indicators."
EF07CI12,EF,7º,Ciências,"Demonstrar que o ar é uma mistura de gases, identificando sua composição, e discutir fenômenos naturais ou antrópicos que podem alterar essa composição.","Demonstrate that air is a mixture of gases by identifying its composition, and discuss natural or anthropogenic phenomena that can alter that composition."
EF07CI13,EF,7º,Ciências,"Descrever o mecanismo natural do efeito estufa, seu papel fundamental para o desenvolvimento da vida na Terra, discutir as ações humanas responsáveis pelo seu aumento artificial (queima dos combustíveis fósseis, desmatamento, queimadas etc.) e selecionar e implementar propostas para a reversão ou controle desse quadro.","Describe the natural mechanism of the greenhouse effect and its essential role in the development of life on Earth; discuss human activities responsible for its artificial intensification (burning of fossil fuels, deforestation, wildfires, etc.); and select and implement proposals for reversing or controlling this situation."
EF07CI14,EF,7º,Ciências,"Justificar a importância da camada de ozônio para a vida na Terra, identificando os fatores que aumentam ou diminuem sua presença na atmosfera, e discutir propostas individuais e coletivas para sua preservação.","Justify the importance of the ozone layer for life on Earth by identifying factors that increase or decrease its concentration in the atmosphere, and discuss individual and collective proposals for its preservation."
EF07CI15,EF,7º,Ciências,"Interpretar fenômenos naturais (como vulcões, terremotos e tsunamis) e justificar a rara ocorrência desses fenômenos no Brasil, com base no modelo das placas tectônicas.","Interpret natural phenomena (such as volcanoes, earthquakes, and tsunamis) and justify the rare occurrence of these phenomena in Brazil using the tectonic plate model."
EF07CI16,EF,7º,Ciências,Justificar o formato das costas brasileira e africana com base na teoria da deriva dos continentes.,Justify the shape of the Brazilian and African coastlines using the theory of continental drift.
EF08CI01,EF,8º,Ciências,"Identificar e classificar diferentes fontes (renováveis e não renováveis) e tipos de energia utilizados em residências, comunidades ou cidades.","Identify and classify different energy sources (renewable and non-renewable) and energy types used in homes, communities, or cities."
EF15AR21,EF,"1º, 2º, 3º, 4º, 5º",Arte,"Exercitar a imitação e o faz de conta, ressignificando objetos e fatos e experimentando-se no lugar do outro, ao compor e encenar acontecimentos cênicos, por meio de músicas, imagens, textos ou outros pontos de partida, de forma intencional e reflexiva.","Practice imitation and make-believe, reinterpreting objects and events and placing oneself in another's perspective, by composing and staging theatrical situations through music, images, texts, or other starting points, in an intentional and reflective manner."
EF15AR22,EF,"1º, 2º, 3º, 4º, 5º",Arte,"Experimentar possibilidades criativas de movimento e de voz na criação de um personagem teatral, discutindo estereótipos.","Explore creative possibilities of movement and voice in the creation of a theatrical character, critically examining stereotypes."
EF15AR23,EF,"1º, 2º, 3º, 4º, 5º",Arte,"Reconhecer e experimentar, em projetos temáticos, as relações processuais entre diversas linguagens artísticas.","Recognize and explore, through thematic projects, the processual relationships among diverse artistic languages."
EF15AR24,EF,"1º, 2º, 3º, 4º, 5º",Arte,"Caracterizar e experimentar brinquedos, brincadeiras, jogos, danças, canções e histórias de diferentes matrizes estéticas e culturais.","Examine and engage with toys, play activities, games, dances, songs, and stories from different aesthetic and cultural traditions."
EF15AR25,EF,"1º, 2º, 3º, 4º, 5º",Arte,"Conhecer e valorizar o patrimônio cultural, material e imaterial, de culturas diversas, em especial a brasileira, incluindo-se suas matrizes indígenas, africanas e europeias, de diferentes épocas, favorecendo a construção de vocabulário e repertório relativos às diferentes linguagens artísticas.","Recognize and appreciate the tangible and intangible cultural heritage of diverse cultures — particularly Brazilian culture, including its Indigenous, African, and European traditions across different historical periods — building vocabulary and repertoire related to different artistic languages."
EF15AR26,EF,"1º, 2º, 3º, 4º, 5º",Arte,"Explorar diferentes tecnologias e recursos digitais (multimeios, animações, jogos eletrônicos, gravações em áudio e vídeo, fotografia, softwares etc.) nos processos de criação artística.","Explore different technologies and digital resources (multimedia, animations, electronic games, audio and video recordings, photography, software, etc.) in artistic creation processes."
EF69AR01,EF,"6º, 7º, 8º, 9º",Arte,"Pesquisar, apreciar e analisar formas distintas das artes visuais tradicionais e contemporâneas, em obras de artistas brasileiros e estrangeiros de diferentes épocas e em diferentes matrizes estéticas e culturais, de modo a ampliar a experiência com diferentes contextos e práticas artístico-visuais e cultivar a percepção, o imaginário, a capacidade de simbolizar e o repertório imagético.","Research, appreciate, and analyze distinct forms of traditional and contemporary visual arts in works by Brazilian and international artists from different periods and across different aesthetic and cultural traditions, in order to broaden experience with diverse artistic-visual contexts and practices and to cultivate perception, imagination, the capacity to symbolize, and visual repertoire."
EF69AR02,EF,"6º, 7º, 8º, 9º",Arte,"Pesquisar e analisar diferentes estilos visuais, contextualizando-os no tempo e no espaço.","Research and analyze different visual styles, situating them within their historical and spatial contexts."
EF69AR03,EF,"6º, 7º, 8º, 9º",Arte,"Analisar situações nas quais as linguagens das artes visuais se integram às linguagens audiovisuais (cinema, animações, vídeos etc.), gráficas (capas de livros, ilustrações de textos diversos etc.), cenográficas, coreográficas, musicais etc.","Analyze situations in which the languages of visual arts integrate with audiovisual languages (film, animation, video, etc.), graphic languages (book covers, illustrations in various texts, etc.), scenographic, choreographic, and musical languages, among others."
EF69AR04,EF,"6º, 7º, 8º, 9º",Arte,"Analisar os elementos constitutivos das artes visuais (ponto, linha, forma, direção, cor, tom, escala, dimensão, espaço, movimento etc.) na apreciação de diferentes produções artísticas.","Analyze the constituent elements of visual arts (point, line, shape, direction, color, tone, scale, dimension, space, movement, etc.) in the appreciation of different artistic works."
EF69AR05,EF,"6º, 7º, 8º, 9º",Arte,"Experimentar e analisar diferentes formas de expressão artística (desenho, pintura, colagem, quadrinhos, dobradura, escultura, modelagem, instalação, vídeo, fotografia, performance etc.).","Experiment with and analyze different forms of artistic expression (drawing, painting, collage, comics, origami, sculpture, modeling, installation, video, photography, performance, etc.)."
EF69AR06,EF,"6º, 7º, 8º, 9º",Arte,"Desenvolver processos de criação em artes visuais, com base em temas ou interesses artísticos, de modo individual, coletivo e colaborativo, fazendo uso de materiais, instrumentos e recursos convencionais, alternativos e digitais.","Develop visual arts creation processes based on artistic themes or interests, working individually, collectively, and collaboratively, using conventional, alternative, and digital materials, tools, and resources."
EF69AR07,EF,"6º, 7º, 8º, 9º",Arte,"Dialogar com princípios conceituais, proposições temáticas, repertórios imagéticos e processos de criação nas suas produções visuais.","Engage with conceptual principles, thematic propositions, visual repertoires, and creation processes in one's own visual art productions."
EF69AR08,EF,"6º, 7º, 8º, 9º",Arte,"Diferenciar as categorias de artista, artesão, produtor cultural, curador, designer, entre outras, estabelecendo relações entre os profissionais do sistema das artes visuais.","Differentiate among the roles of artist, craftsperson, cultural producer, curator, and designer, among others, establishing relationships between professionals within the visual arts system."
EF69AR09,EF,"6º, 7º, 8º, 9º",Arte,"Pesquisar e analisar diferentes formas de expressão, representação e encenação da dança, reconhecendo e apreciando composições de dança de artistas e grupos brasileiros e estrangeiros de diferentes épocas.","Research and analyze different forms of expression, representation, and staging in dance, recognizing and appreciating dance compositions by Brazilian and international artists and groups from different periods."
EF69AR10,EF,"6º, 7º, 8º, 9º",Arte,"Explorar elementos constitutivos do movimento cotidiano e do movimento dançado, abordando, criticamente, o desenvolvimento das formas da dança em sua história tradicional e contemporânea.","Explore the constituent elements of everyday movement and danced movement, critically examining the development of dance forms throughout their traditional and contemporary history."
EF69AR11,EF,"6º, 7º, 8º, 9º",Arte,"Experimentar e analisar os fatores de movimento (tempo, peso, fluência e espaço) como elementos que, combinados, geram as ações corporais e o movimento dançado.","Experiment with and analyze the motion factors (time, weight, flow, and space) as elements that, in combination, generate bodily actions and danced movement."
EF69AR12,EF,"6º, 7º, 8º, 9º",Arte,Investigar e experimentar procedimentos de improvisação e criação do movimento como fonte para a construção de vocabulários e repertórios próprios.,Investigate and experiment with improvisation and movement-creation procedures as a source for building individual vocabularies and personal movement repertoires.
EF69AR13,EF,"6º, 7º, 8º, 9º",Arte,"Investigar brincadeiras, jogos, danças coletivas e outras práticas de dança de diferentes matrizes estéticas e culturais como referência para a criação e a composição de danças autorais, individualmente e em grupo.","Investigate play activities, games, collective dances, and other dance practices from different aesthetic and cultural traditions as references for creating and composing original dances, both individually and in groups."
EF69AR14,EF,"6º, 7º, 8º, 9º",Arte,"Analisar e experimentar diferentes elementos (figurino, iluminação, cenário, trilha sonora etc.) e espaços (convencionais e não convencionais) para composição cênica e apresentação coreográfica.","Analyze and experiment with different elements (costume, lighting, set design, soundtrack, etc.) and spaces (conventional and non-conventional) for scenic composition and choreographic presentation."
EF02CO02,EF,2º,Computação,"Criar e simular algoritmos representados em linguagem oral, escrita ou pictográfica, construídos como sequências com repetições simples (iterações definidas) com base em instruções preestabelecidas ou criadas, analisando como a precisão da instrução impacta na execução do algoritmo.","Create and simulate algorithms represented in oral, written, or pictographic language, constructed as sequences with simple repetitions (definite iterations) based on pre-established or self-created instructions, analyzing how the precision of an instruction impacts the execution of the algorithm."
EF02CO03,EF,2º,Computação,Identificar que máquinas diferentes executam conjuntos próprios de instruções e que podem ser usadas para definir algoritmos.,Identify that different machines execute their own sets of instructions and that machines can be used to define algorithms.
EF02CO04,EF,2º,Computação,Diferenciar componentes físicos (hardware) e programas que fornecem as instruções (software) para o hardware.,Differentiate physical components (hardware) from the programs that provide instructions (software) to the hardware.
EF02CO05,EF,2º,Computação,Reconhecer as características e usos das tecnologias computacionais no cotidiano dentro e fora da escola.,Recognize the characteristics and uses of computational technologies in everyday life both inside and outside of school.
EF02CO06,EF,2º,Computação,Reconhecer os cuidados com a segurança no uso de dispositivos computacionais.,Recognize safety precautions for the use of computing devices.
EF03CO01,EF,3º,Computação,"Associar os valores ""verdadeiro"" e ""falso"" a sentenças lógicas que dizem respeito a situações do dia a dia, fazendo uso de termos que indicam negação.","Associate the values ""true"" and ""false"" with logical statements about everyday situations, making use of terms that express negation."
EF03CO02,EF,3º,Computação,"Criar e simular algoritmos representados em linguagem oral, escrita ou pictográfica, que incluam sequências e repetições simples com condição (iterações indefinidas), para resolver problemas de forma independente e em colaboração.","Create and simulate algorithms represented in oral, written, or pictographic language — including sequences and simple repetitions with a condition (indefinite iterations) — to solve problems independently and collaboratively."
EF03CO03,EF,3º,Computação,"Aplicar a estratégia de decomposição para resolver problemas complexos, dividindo esse problema em partes menores, resolvendo-as e combinando suas soluções.","Apply a decomposition strategy to solve complex problems by breaking them into smaller parts, solving each part, and combining their solutions."
EF03CO04,EF,3º,Computação,Relacionar o conceito de informação com o de dado.,Relate the concept of information to the concept of data.
EF03CO05,EF,3º,Computação,Compreender que dados são estruturados em formatos específicos dependendo da informação armazenada.,Understand that data are structured in specific formats depending on the information being stored.
EF03CO06,EF,3º,Computação,"Reconhecer que, para um computador realizar tarefas, ele se comunica com o mundo exterior com o uso de interfaces físicas (dispositivos de entrada e saída).","Recognize that, in order for a computer to perform tasks, it communicates with the outside world through physical interfaces (input and output devices)."
EF03CO07,EF,3º,Computação,Utilizar diferentes navegadores e ferramentas de busca para pesquisar e acessar informações.,Use different browsers and search tools to research and access information.
EF03CO08,EF,3º,Computação,Usar ferramentas computacionais em situações didáticas para se expressar em diferentes formatos digitais.,Use computational tools in instructional contexts to express ideas in a variety of digital formats.
EF03CO09,EF,3º,Computação,Reconhecer o potencial impacto do compartilhamento de informações pessoais ou de seus pares em meio digital.,Recognize the potential impact of sharing personal information — or the personal information of peers — in digital environments.
EF04CO01,EF,4º,Computação,"Reconhecer objetos do mundo real e/ou digital que podem ser representados através de matrizes que estabelecem uma organização na qual cada componente está em uma posição definida por coordenadas, fazendo manipulações simples sobre estas representações.","Recognize real-world and/or digital objects that can be represented through matrices that establish an organization in which each component is located at a position defined by coordinates, and perform simple manipulations on these representations."
EF04CO02,EF,4º,Computação,"Reconhecer objetos do mundo real e/ou digital que podem ser representados através de registros que estabelecem uma organização na qual cada componente é identificado por um nome, fazendo manipulações sobre estas representações.","Recognize real-world and/or digital objects that can be represented through records that establish an organization in which each component is identified by a name, and perform manipulations on these representations."
EF04CO03,EF,4º,Computação,"Criar e simular algoritmos representados em linguagem oral, escrita ou pictográfica, que incluam sequências e repetições simples e aninhadas (iterações definidas e indefinidas), para resolver problemas de forma independente e em colaboração.","Create and simulate algorithms represented in oral, written, or pictographic language — including sequences and simple or nested repetitions (definite and indefinite iterations) — to solve problems independently and collaboratively."
EF04CO04,EF,4º,Computação,"Entender que para guardar, manipular e transmitir dados deve-se codificá-los de alguma forma que seja compreendida pela máquina (formato digital).","Understand that in order to store, manipulate, and transmit data, the data must be encoded in a form that the machine can interpret (digital format)."
EF04CO05,EF,4º,Computação,"Codificar diferentes informações para representação em computador (binária, ASCII, atributos de pixel, como RGB etc.).","Encode different types of information for representation in a computer, including binary, ASCII, and pixel attribute systems such as RGB."
EF04CO06,EF,4º,Computação,"Usar diferentes ferramentas computacionais para criação de conteúdo (textos, apresentações, vídeos etc.).","Use different computational tools to create content, including texts, presentations, and videos."
EF35EF13,EF,"3º, 4º, 5º",Educação Física,"Experimentar, fruir e recriar diferentes lutas presentes no contexto comunitário e regional e lutas de matriz indígena e africana.","Explore, appreciate, and reinvent various combat sports and martial arts present in the community and regional context, as well as those of Indigenous and African origin."
EF35EF14,EF,"3º, 4º, 5º",Educação Física,"Planejar e utilizar estratégias básicas das lutas do contexto comunitário e regional e lutas de matriz indígena e africana experimentadas, respeitando o colega como oponente e as normas de segurança.","Plan and apply basic strategies of community- and regionally-based combat sports and martial arts of Indigenous and African origin, respecting fellow participants as opponents and adhering to safety guidelines."
EF35EF15,EF,"3º, 4º, 5º",Educação Física,"Identificar as características das lutas do contexto comunitário e regional e lutas de matriz indígena e africana, reconhecendo as diferenças entre lutas e brigas e entre lutas e as demais práticas corporais.","Identify the characteristics of community- and regionally-based combat sports and martial arts of Indigenous and African origin, distinguishing between martial arts practices and fighting/brawling, and between martial arts and other bodily practices."
EF67EF01,EF,"6º, 7º",Educação Física,"Experimentar e fruir, na escola e fora dela, jogos eletrônicos diversos, valorizando e respeitando os sentidos e significados atribuídos a eles por diferentes grupos sociais e etários.","Explore and appreciate a variety of electronic games both in and out of school, recognizing and respecting the meanings and significance attributed to them by different social and age groups."
EF67EF02,EF,"6º, 7º",Educação Física,Identificar as transformações nas características dos jogos eletrônicos em função dos avanços das tecnologias e nas respectivas exigências corporais colocadas por esses diferentes tipos de jogos.,"Identify transformations in the characteristics of electronic games resulting from advances in technology, and the corresponding physical demands placed on players by these different types of games."
EF67EF03,EF,"6º, 7º",Educação Física,"Experimentar e fruir esportes de marca, precisão, invasão e técnico-combinatórios, valorizando o trabalho coletivo e o protagonismo.","Explore and appreciate track-and-field/record-based, precision, invasion, and technical-combinatory sports, valuing collective effort and student agency."
EF67EF04,EF,"6º, 7º",Educação Física,"Praticar um ou mais esportes de marca, precisão, invasão e técnico-combinatórios oferecidos pela escola, usando habilidades técnico-táticas básicas e respeitando regras.","Participate in one or more record-based, precision, invasion, and technical-combinatory sports offered by the school, applying basic technical and tactical skills and respecting the rules of play."
EF67EF05,EF,"6º, 7º",Educação Física,"Planejar e utilizar estratégias para solucionar os desafios técnicos e táticos, tanto nos esportes de marca, precisão, invasão e técnico-combinatórios como nas modalidades esportivas escolhidas para praticar de forma específica.","Plan and apply strategies to address technical and tactical challenges in record-based, precision, invasion, and technical-combinatory sports, as well as in the specific sport modalities chosen for focused practice."
EF67EF06,EF,"6º, 7º",Educação Física,Analisar as transformações na organização e na prática dos esportes em suas diferentes manifestações (profissional e comunitário/lazer).,Analyze transformations in the organization and practice of sports across their different manifestations (professional and community/recreational).
EF67EF07,EF,"6º, 7º",Educação Física,Propor e produzir alternativas para experimentação dos esportes não disponíveis e/ou acessíveis na comunidade e das demais práticas corporais tematizadas na escola.,"Propose and develop alternatives for experiencing sports not available and/or accessible in the community, as well as other bodily practices addressed in school."
EF67EF08,EF,"6º, 7º",Educação Física,"Experimentar e fruir exercícios físicos que solicitem diferentes capacidades físicas, identificando seus tipos (força, velocidade, resistência, flexibilidade) e as sensações corporais provocadas pela sua prática.","Explore and appreciate physical exercises that engage different physical capacities, identifying their types (strength, speed, endurance, flexibility) and the bodily sensations produced by their practice."
EF67EF09,EF,"6º, 7º",Educação Física,"Construir, coletivamente, procedimentos e normas de convívio que viabilizem a participação de todos na prática de exercícios físicos, com o objetivo de promover a saúde.",Collaboratively construct procedures and norms for interaction that enable all students to participate in physical exercise with the goal of promoting health.
EF67EF10,EF,"6º, 7º",Educação Física,Diferenciar exercício físico de atividade física e propor alternativas para a prática de exercícios físicos dentro e fora do ambiente escolar.,"Distinguish between physical exercise and physical activity, and propose alternatives for practicing physical exercises both inside and outside the school environment."
EF67EF11,EF,"6º, 7º",Educação Física,"Experimentar, fruir e recriar danças urbanas, identificando seus elementos constitutivos (ritmo, espaço, gestos).","Explore, appreciate, and reinvent urban dances, identifying their constitutive elements (rhythm, space, gesture)."
EF67EF12,EF,"6º, 7º",Educação Física,Planejar e utilizar estratégias para aprender elementos constitutivos das danças urbanas.,Plan and apply strategies for learning the constitutive elements of urban dances.
EF67EF13,EF,"6º, 7º",Educação Física,"Diferenciar as danças urbanas das demais manifestações da dança, valorizando e respeitando os sentidos e significados atribuídos a eles por diferentes grupos sociais.","Differentiate urban dances from other dance forms, recognizing and respecting the meanings and significance attributed to them by different social groups."
EF67EF14,EF,"6º, 7º",Educação Física,"Experimentar, fruir e recriar diferentes lutas do Brasil, valorizando a própria segurança e integridade física, bem como as dos demais.","Explore, appreciate, and reinvent different Brazilian combat sports and martial arts, valuing personal safety and physical integrity as well as that of others."
EF67EF15,EF,"6º, 7º",Educação Física,"Planejar e utilizar estratégias básicas das lutas do Brasil, respeitando o colega como oponente.","Plan and apply basic strategies of Brazilian combat sports and martial arts, respecting fellow participants as opponents."
EF67EF16,EF,"6º, 7º",Educação Física,"Identificar as características (códigos, rituais, elementos técnico-táticos, indumentária, materiais, instalações, instituições) das lutas do Brasil.","Identify the characteristics (codes, rituals, technical-tactical elements, attire, equipment, facilities, and governing institutions) of Brazilian combat sports and martial arts."
EF67EF17,EF,"6º, 7º",Educação Física,"Problematizar preconceitos e estereótipos relacionados ao universo das lutas e demais práticas corporais, propondo alternativas para superá-los, com base na solidariedade, na justiça, na equidade e no respeito.","Critically examine prejudices and stereotypes related to combat sports and other bodily practices, proposing strategies to overcome them grounded in solidarity, justice, equity, and respect."
EF09CI06,EF,9º,Ciências,"Classificar as radiações eletromagnéticas por suas frequências, fontes e aplicações, discutindo e avaliando as implicações de seu uso em controle remoto, telefone celular, raio X, forno de micro-ondas, fotocélulas etc.","Classify electromagnetic radiation by frequency, source, and application, discussing and evaluating the implications of its use in remote controls, cell phones, X-rays, microwave ovens, photovoltaic cells, and related technologies."
EF09CI07,EF,9º,Ciências,"Discutir o papel do avanço tecnológico na aplicação das radiações na medicina diagnóstica (raio X, ultrassom, ressonância nuclear magnética) e no tratamento de doenças (radioterapia, cirurgia ótica a laser, infravermelho, ultravioleta etc.).","Discuss the role of technological advancement in the application of radiation in diagnostic medicine (X-rays, ultrasound, magnetic resonance imaging) and in the treatment of diseases (radiation therapy, laser optical surgery, infrared, ultraviolet, etc.)."
EF09CI08,EF,9º,Ciências,"Associar os gametas à transmissão das características hereditárias, estabelecendo relações entre ancestrais e descendentes.","Relate gametes to the transmission of hereditary traits, establishing connections between ancestors and descendants."
EF09CI09,EF,9º,Ciências,"Discutir as ideias de Mendel sobre hereditariedade (fatores hereditários, segregação, gametas, fecundação), considerando-as para resolver problemas envolvendo a transmissão de características hereditárias em diferentes organismos.","Discuss Mendel's ideas about heredity (hereditary factors, segregation, gametes, fertilization), applying them to solve problems involving the transmission of hereditary traits across different organisms."
EF09CI10,EF,9º,Ciências,"Comparar as ideias evolucionistas de Lamarck e Darwin apresentadas em textos científicos e históricos, identificando semelhanças e diferenças entre essas ideias e sua importância para explicar a diversidade biológica.","Compare the evolutionary ideas of Lamarck and Darwin as presented in scientific and historical texts, identifying similarities and differences between these ideas and their significance in explaining biological diversity."
EF09CI11,EF,9º,Ciências,"Discutir a evolução e a diversidade das espécies com base na atuação da seleção natural sobre as variantes de uma mesma espécie, resultantes de processo reprodutivo.",Discuss the evolution and diversity of species based on the action of natural selection on variants within the same species arising from reproductive processes.
EF09CI12,EF,9º,Ciências,"Justificar a importância das unidades de conservação para a preservação da biodiversidade e do patrimônio nacional, considerando os diferentes tipos de unidades (parques, reservas e florestas nacionais), as populações humanas e as atividades a eles relacionados.","Justify the importance of conservation units for the preservation of biodiversity and the national natural heritage, considering the different types of units (national parks, reserves, and national forests), the human populations associated with them, and the activities carried out within them."
EF09CI13,EF,9º,Ciências,"Propor iniciativas individuais e coletivas para a solução de problemas ambientais da cidade ou da comunidade, com base na análise de ações de consumo consciente e de sustentabilidade bem-sucedidas.","Propose individual and collective initiatives to address environmental problems in the city or community, drawing on the analysis of successful conscious-consumption and sustainability practices."
EF09CI14,EF,9º,Ciências,"Descrever a composição e a estrutura do Sistema Solar (Sol, planetas rochosos, planetas gigantes gasosos e corpos menores), assim como a localização do Sistema Solar na nossa Galáxia (a Via Láctea) e dela no Universo (apenas uma galáxia dentre bilhões).","Describe the composition and structure of the Solar System (the Sun, rocky planets, gas giant planets, and smaller bodies), as well as the location of the Solar System within our galaxy (the Milky Way) and of the Milky Way within the Universe (one galaxy among billions)."
EF09CI15,EF,9º,Ciências,"Relacionar diferentes leituras do céu e explicações sobre a origem da Terra, do Sol ou do Sistema Solar às necessidades de distintas culturas (agricultura, caça, mito, orientação espacial e temporal etc.).","Relate different ways of reading the sky and different explanations for the origin of Earth, the Sun, or the Solar System to the needs of distinct cultures (agriculture, hunting, mythology, spatial and temporal orientation, etc.)."
EF09CI16,EF,9º,Ciências,"Selecionar argumentos sobre a viabilidade da sobrevivência humana fora da Terra, com base nas condições necessárias à vida, nas características dos planetas e nas distâncias e nos tempos envolvidos em viagens interplanetárias e interestelares.","Evaluate arguments about the feasibility of human survival outside Earth, based on the conditions necessary for life, the characteristics of the planets, and the distances and travel times involved in interplanetary and interstellar journeys."
EF09CI17,EF,9º,Ciências,"Analisar o ciclo evolutivo do Sol (nascimento, vida e morte) baseado no conhecimento das etapas de evolução de estrelas de diferentes dimensões e os efeitos desse processo no nosso planeta.","Analyze the evolutionary cycle of the Sun (birth, life, and death) based on knowledge of the stages of stellar evolution for stars of different sizes, and examine the effects of this process on our planet."
EF01CO01,EF,1º,Computação,"Organizar objetos físicos ou digitais considerando diferentes características para esta organização, explicitando semelhanças (padrões) e diferenças.","Sort physical or digital objects according to different characteristics, explicitly identifying similarities (patterns) and differences."
EF01CO02,EF,1º,Computação,Identificar e seguir sequências de passos aplicados no dia a dia para resolver problemas.,Identify and follow sequences of steps applied in everyday situations to solve problems.
EF01CO03,EF,1º,Computação,"Reorganizar e criar sequências de passos em meios físicos ou digitais, relacionando essas sequências à palavra ‘Algoritmos’.","Reorganize and create sequences of steps in physical or digital contexts, connecting these sequences to the concept of algorithms."
EF01CO04,EF,1º,Computação,"Reconhecer o que é a informação, que ela pode ser armazenada, transmitida como mensagem por diversos meios e descrita em várias linguagens.","Recognize what information is, that it can be stored and transmitted as a message through various media, and that it can be represented in multiple languages."
EF01CO05,EF,1º,Computação,Representar informação usando diferentes codificações.,Represent information using different encodings.
EF01CO06,EF,1º,Computação,Reconhecer e explorar artefatos computacionais voltados a atender necessidades pessoais ou coletivas.,Recognize and explore computational artifacts designed to meet personal or collective needs.
EF01CO07,EF,1º,Computação,Conhecer as possibilidades de uso seguro das tecnologias computacionais para proteção dos dados pessoais e para garantir a própria segurança.,Identify safe uses of computational technologies for protecting personal data and ensuring one's own security.
EF02CO01,EF,2º,Computação,"Criar e comparar modelos (representações) de objetos, identificando padrões e atributos essenciais.","Create and compare models (representations) of objects, identifying patterns and essential attributes."
EF06CO08,EF,6º,Computação,"Compreender e utilizar diferentes formas de armazenar, manipular, compactar e recuperar arquivos, documentos e metadados. Entender como os dados são armazenados, processados e transmitidos usando dispositivos computacionais, considerando aspectos da segurança cibernética.","Understand and apply different methods for storing, manipulating, compressing, and retrieving files, documents, and metadata. Explain how data are stored, processed, and transmitted using computing devices, taking into account aspects of cybersecurity."
EF06CO09,EF,6º,Computação,"Apresentar conduta e linguagem apropriadas ao se comunicar em ambiente digital, considerando a ética e o respeito. Entender que as tecnologias devem ser utilizadas de maneira segura, ética e responsável, respeitando direitos autorais, de imagem e as leis vigentes.","Demonstrate appropriate conduct and language when communicating in digital environments, considering ethics and respect. Explain that technologies must be used in a safe, ethical, and responsible manner, respecting copyright, image rights, and applicable laws."
EF06CO10,EF,6º,Computação,"Analisar o consumo de tecnologia na sociedade, compreendendo criticamente o caminho da produção dos recursos bem como aspectos ligados à obsolescência e a sustentabilidade. Selecionar e utilizar tecnologias computacionais para se expressar e resolver problemas, analisando criticamente os diferentes impactos na sociedade.","Analyze technology consumption in society, critically examining the production chain of technological resources as well as issues related to obsolescence and sustainability. Select and use computational technologies to express ideas and solve problems, critically analyzing their varied impacts on society."
EF07CO01,EF,7º,Computação,"Criar soluções de problemas para os quais seja adequado o uso de registros e matrizes unidimensionais para descrever suas informações e automatizá-las usando uma linguagem de programação. Construir e analisar soluções computacionais de problemas de diferentes áreas do conhecimento, de forma individual ou colaborativa, selecionando as estruturas de dados adequadas (registros, matrizes, listas e grafos), aperfeiçoando e articulando saberes escolares.","Design solutions to problems for which the use of records and one-dimensional arrays is appropriate to represent information, and automate those solutions using a programming language. Construct and analyze computational solutions to problems from different areas of knowledge, individually or collaboratively, selecting appropriate data structures (records, arrays, lists, and graphs), refining approaches and integrating school-based knowledge."
EF07CO02,EF,7º,Computação,"Analisar programas para detectar e remover erros, ampliando a confiança na sua correção. Construir e analisar soluções computacionais de problemas de diferentes áreas do conhecimento, de forma individual ou colaborativa, selecionando as estruturas de dados adequadas (registros, matrizes, listas e grafos), aperfeiçoando e articulando saberes escolares.","Analyze programs to detect and remove errors, increasing confidence in their correctness. Construct and analyze computational solutions to problems from different areas of knowledge, individually or collaboratively, selecting appropriate data structures (records, arrays, lists, and graphs), refining approaches and integrating school-based knowledge."
EF07CO03,EF,7º,Computação,"Construir soluções computacionais de problemas de diferentes áreas do conhecimento, de forma individual e colaborativa, selecionando as estruturas de dados e técnicas adequadas, aperfeiçoando e articulando saberes escolares. Construir e analisar soluções computacionais de problemas de diferentes áreas do conhecimento, de forma individual ou colaborativa, selecionando as estruturas de dados adequadas (registros, matrizes, listas e grafos), aperfeiçoando e articulando saberes escolares.","Construct computational solutions to problems from different areas of knowledge, individually and collaboratively, selecting appropriate data structures and techniques, refining approaches and integrating school-based knowledge. Construct and analyze computational solutions to problems from different areas of knowledge, individually or collaboratively, selecting appropriate data structures (records, arrays, lists, and graphs), refining approaches and integrating school-based knowledge."
EF07CO04,EF,7º,Computação,"Explorar propriedades básicas de grafos. Construir e analisar soluções computacionais de problemas de diferentes áreas do conhecimento, de forma individual ou colaborativa, selecionando as estruturas de dados adequadas (registros, matrizes, listas e grafos), aperfeiçoando e articulando saberes escolares.","Explore basic properties of graphs. Construct and analyze computational solutions to problems from different areas of knowledge, individually or collaboratively, selecting appropriate data structures (records, arrays, lists, and graphs), refining approaches and integrating school-based knowledge."
EF07CO05,EF,7º,Computação,"Criar algoritmos fazendo uso da decomposição e do reúso no processo de solução de forma colaborativa e cooperativa e automatizá-los usando uma linguagem de programação. Empregar diferentes estratégias da Computação (decomposição, generalização e reúso) para construir a solução de problemas.","Design algorithms using decomposition and reuse in the problem-solving process, collaboratively and cooperatively, and automate them using a programming language. Apply different computational strategies (decomposition, generalization, and reuse) to construct solutions to problems."
EF07CO06,EF,7º,Computação,"Compreender o papel de protocolos para a transmissão de dados. Entender como os dados são armazenados, processados e transmitidos usando dispositivos computacionais, considerando aspectos da segurança cibernética.","Explain the role of protocols in data transmission. Describe how data are stored, processed, and transmitted using computing devices, taking into account aspects of cybersecurity."
EF07CO07,EF,7º,Computação,"Identificar problemas de segurança cibernética e experimentar formas de proteção. Entender como os dados são armazenados, processados e transmitidos usando dispositivos computacionais, considerando aspectos da segurança cibernética.","Identify cybersecurity threats and experiment with methods of protection. Describe how data are stored, processed, and transmitted using computing devices, taking into account aspects of cybersecurity."
EF07CO08,EF,7º,Computação,"Demonstrar empatia sobre opiniões divergentes na web. Entender que as tecnologias devem ser utilizadas de maneira segura, ética e responsável, respeitando direitos autorais, de imagem e as leis vigentes.","Demonstrate empathy toward differing opinions encountered on the web. Explain that technologies must be used in a safe, ethical, and responsible manner, respecting copyright, image rights, and applicable laws."
EF07CO09,EF,7º,Computação,"Reconhecer e debater sobre cyberbullying. Entender que as tecnologias devem ser utilizadas de maneira segura, ética e responsável, respeitando direitos autorais, de imagem e as leis vigentes.","Recognize and discuss cyberbullying. Explain that technologies must be used in a safe, ethical, and responsible manner, respecting copyright, image rights, and applicable laws."
EF07CO10,EF,7º,Computação,"Identificar os impactos ambientais do descarte de peças de computadores e eletrônicos, bem como sua relação com a sustentabilidade. Selecionar e utilizar tecnologias computacionais para se expressar e resolver problemas, analisando criticamente os diferentes impactos na sociedade.","Identify the environmental impacts of disposing of computer and electronic components, as well as their relationship to sustainability. Analyze the varied impacts of computational technologies on society."
EF07CO11,EF,7º,Computação,"Criar, documentar e publicar de forma individual ou colaborativa, produtos (vídeos, podcasts, web sites) usando recursos de tecnologia. Selecionar e utilizar tecnologias computacionais para se expressar e resolver problemas, analisando criticamente os diferentes impactos na sociedade.","Create, document, and publish, individually or collaboratively, digital products (videos, podcasts, websites) using technology resources. Select and use computational technologies to express ideas and solve problems, critically analyzing their varied impacts on society."
EF08CO01,EF,8º,Computação,"Construir soluções de problemas usando a técnica de recursão e automatizar tais soluções usando uma linguagem de programação. Construir e analisar soluções computacionais de problemas de diferentes áreas do conhecimento, de forma individual ou colaborativa, selecionando as estruturas de dados adequadas (registros, matrizes, listas e grafos), aperfeiçoando e articulando saberes escolares.","Construct solutions to problems using the technique of recursion and automate those solutions using a programming language. Construct and analyze computational solutions to problems from different areas of knowledge, individually or collaboratively, selecting appropriate data structures (records, arrays, lists, and graphs), refining approaches and integrating school-based knowledge."
EF08CO02,EF,8º,Computação,"Criar soluções de problemas para os quais seja adequado o uso de listas para descrever suas informações e automatizá-las usando uma linguagem de programação, empregando ou não a recursão como uma técnica de resolver o problema. Construir e analisar soluções computacionais de problemas de diferentes áreas do conhecimento, de forma individual ou colaborativa, selecionando as estruturas de dados adequadas (registros, matrizes, listas e grafos), aperfeiçoando e articulando saberes escolares.","Design solutions to problems for which the use of lists is appropriate to represent information, and automate those solutions using a programming language, with or without applying recursion as a problem-solving technique. Construct and analyze computational solutions to problems from different areas of knowledge, individually or collaboratively, selecting appropriate data structures (records, arrays, lists, and graphs), refining approaches and integrating school-based knowledge."
EF08CO03,EF,8º,Computação,"Utilizar algoritmos clássicos de manipulação sobre listas. Construir e analisar soluções computacionais de problemas de diferentes áreas do conhecimento, de forma individual ou colaborativa, selecionando as estruturas de dados adequadas (registros, matrizes, listas e grafos), aperfeiçoando e articulando saberes escolares.","Apply classical algorithms for list manipulation. Construct and analyze computational solutions to problems from different areas of knowledge, individually or collaboratively, selecting appropriate data structures (records, arrays, lists, and graphs), refining approaches and integrating school-based knowledge."
EF08CO04,EF,8º,Computação,"Construir soluções computacionais de problemas de diferentes áreas do conhecimento, de forma individual e colaborativa, selecionando as estruturas de dados e técnicas adequadas, aperfeiçoando e articulando saberes escolares. Construir e analisar soluções computacionais de problemas de diferentes áreas do conhecimento, de forma individual ou colaborativa, selecionando as estruturas de dados adequadas (registros, matrizes, listas e grafos), aperfeiçoando e articulando saberes escolares.","Construct computational solutions to problems from different areas of knowledge, individually and collaboratively, selecting appropriate data structures and techniques, refining approaches and integrating school-based knowledge. Construct and analyze computational solutions to problems from different areas of knowledge, individually or collaboratively, selecting appropriate data structures (records, arrays, lists, and graphs), refining approaches and integrating school-based knowledge."
EF08CO05,EF,8º,Computação,"Compreender os conceitos de paralelismo, concorrência e armazenamento/ processamento distribuídos. Entender os fundamentos de sistemas distribuídos e da internet.","Explain the concepts of parallelism, concurrency, and distributed storage and processing. Describe the fundamentals of distributed systems and the internet."
EF08CO06,EF,8º,Computação,Entender como é a estrutura e funcionamento da internet. Entender os fundamentos de sistemas distribuídos e da internet.,Explain the structure and operation of the internet. Describe the fundamentals of distributed systems and the internet.
EF04CO07,EF,4º,Computação,"Demonstrar postura ética nas atividades de coleta, transferência, guarda e uso de dados.","Demonstrate ethical conduct in activities involving the collection, transfer, storage, and use of data."
EF04CO08,EF,4º,Computação,Reconhecer a importância de verificar a confiabilidade das fontes de informações obtidas na Internet.,Recognize the importance of verifying the reliability of information sources obtained on the Internet.
EF05CO01,EF,5º,Computação,"Reconhecer objetos do mundo real e/ou digital que podem ser representados através de listas que estabelecem uma organização na qual há um número variável de itens dispostos em sequência, fazendo manipulações simples sobre estas representações.",Identify real-world and/or digital objects that can be represented as lists — ordered structures with a variable number of sequentially arranged items — and perform simple manipulations on these representations.
EF05CO011,EF,5º,Computação,Identificar a adequação de diferentes tecnologias computacionais na resolução de problemas.,Identify the appropriateness of different computational technologies for solving problems.
EF05CO02,EF,5º,Computação,"Reconhecer objetos do mundo real e digital que podem ser representados através de grafos que estabelecem uma organização com uma quantidade variável de vértices conectados por arestas, fazendo manipulações simples sobre estas representações.",Identify real-world and digital objects that can be represented as graphs — structures with a variable number of vertices connected by edges — and perform simple manipulations on these representations.
EF05CO03,EF,5º,Computação,"Realizar operações de negação, conjunção e disjunção sobre sentenças lógicas e valores ""verdadeiro"" e ""falso.""","Apply negation, conjunction, and disjunction operations to logical statements using the values ""true"" and ""false."""
EF05CO04,EF,5º,Computação,"Criar e simular algoritmos representados em linguagem oral, escrita ou pictográfica, que incluam sequências, repetições e seleções condicionais para resolver problemas de forma independente e em colaboração.","Create and simulate algorithms represented in oral, written, or pictographic language — including sequences, loops, and conditional selection structures — to solve problems independently and collaboratively."
EF05CO05,EF,5º,Computação,"Identificar os componentes principais de um computador (dispositivos de entrada/saída, processadores e armazenamento).","Identify the main components of a computer, including input/output devices, processors, and storage."
EF05CO06,EF,5º,Computação,Reconhecer que os dados podem ser armazenados em um dispositivo local ou remoto.,Recognize that data can be stored on a local or remote device.
EF05CO07,EF,5º,Computação,Reconhecer a necessidade de um sistema operacional para a execução de programas e gerenciamento do hardware.,Recognize the role of an operating system in executing programs and managing hardware.
EF05CO08,EF,5º,Computação,Acessar as informações na Internet de forma crítica para distinguir os conteúdos confiáveis de não confiáveis.,Access information on the Internet critically in order to distinguish reliable content from unreliable content.
EF05CO09,EF,5º,Computação,Usar informações considerando aplicações e limites dos direitos autorais em diferentes mídias digitais.,Use information in ways that consider the applications and limitations of copyright across different digital media.
EF05CO10,EF,5º,Computação,Expressar-se crítica e criativamente na compreensão das mudanças tecnológicas no mundo do trabalho e sobre a evolução da sociedade.,Express critical and creative perspectives on technological changes in the world of work and on the evolution of society.
EF06CO01,EF,6º,Computação,"Classificar informações, agrupando-as em coleções (conjuntos) e associando cada coleção a um ‘tipo de dados’. Construir e analisar soluções computacionais de problemas de diferentes áreas do conhecimento, de forma individual ou colaborativa, selecionando as estruturas de dados adequadas (registros, matrizes listas e grafos), aperfeiçoando e articulando saberes escolares.","Classify information by grouping it into collections (sets) and associating each collection with a data type; construct and analyze computational solutions to problems from different areas of knowledge — individually or collaboratively — by selecting appropriate data structures (records, arrays, lists, and graphs), while refining and connecting school-based knowledge."
EF06CO02,EF,6º,Computação,"Elaborar algoritmos que envolvam instruções sequenciais, de repetição e de seleção usando uma linguagem de programação. Construir e analisar soluções computacionais de problemas de diferentes áreas do conhecimento, de forma individual ou colaborativa, selecionando as estruturas de dados adequadas (registros, matrizes listas e grafos), aperfeiçoando e articulando saberes escolares.","Develop algorithms involving sequential, repetition, and selection instructions using a programming language; construct and analyze computational solutions to problems from different areas of knowledge — individually or collaboratively — by selecting appropriate data structures (records, arrays, lists, and graphs), while refining and connecting school-based knowledge."
EF06CO03,EF,6º,Computação,"Descrever com precisão a solução de um problema, construindo o programa que implementa a solução descrita. Construir e analisar soluções computacionais de problemas de diferentes áreas do conhecimento, de forma individual ou colaborativa, selecionando as estruturas de dados adequadas (registros, matrizes listas e grafos), aperfeiçoando e articulando saberes escolares.","Describe the solution to a problem with precision and construct the program that implements the described solution; construct and analyze computational solutions to problems from different areas of knowledge — individually or collaboratively — by selecting appropriate data structures (records, arrays, lists, and graphs), while refining and connecting school-based knowledge."
EF06CO04,EF,6º,Computação,Construir soluções de problemas usando a técnica de decomposição e automatizar tais soluções usando uma linguagem de programação. Empregar diferentes estratégias da Computação (decomposição generalização e reúso) para construir a solução de problemas.,"Construct solutions to problems using the decomposition technique and automate those solutions using a programming language; apply different computational strategies — including decomposition, generalization, and reuse — to build problem solutions."
EF06CO05,EF,6º,Computação,"Identificar os recursos ou insumos necessários (entradas) para a resolução de problemas, bem como os resultados esperados (saídas), determinando os respectivos tipos de dados, e estabelecendo a definição de problema como uma relação entre entrada e saída. Empregar diferentes estratégias da Computação (decomposição, generalização e reúso) para construir a solução de problemas.","Identify the resources or inputs (inputs) required to solve problems as well as the expected results (outputs), determine their respective data types, and establish a definition of the problem as a relationship between input and output; apply different computational strategies — including decomposition, generalization, and reuse — to build problem solutions."
EF06CO06,EF,6º,Computação,"Comparar diferentes casos particulares (instâncias) de um mesmo problema, identificando as semelhanças e diferenças entre eles, e criar um algoritmo para resolver todos, fazendo uso de variáveis (parâmetros) para permitir o tratamento de todos os casos de forma genérica. Empregar diferentes estratégias da Computação (decomposição, generalização e reúso) para construir a solução de problemas.","Compare different specific cases (instances) of the same problem by identifying similarities and differences among them, and create an algorithm that solves all cases by using variables (parameters) to enable generic treatment of every instance; apply different computational strategies — including decomposition, generalization, and reuse — to build problem solutions."
EF06CO07,EF,6º,Computação,"Entender o processo de transmissão de dados, como a informação é quebrada em pedaços, transmitida em pacotes através de múltiplos equipamentos, e reconstruída no destino. Entender como os dados são armazenados, processados e transmitidos usando dispositivos computacionais, considerando aspectos da segurança cibernética.","Explain the process of data transmission — including how information is broken into pieces, transmitted in packets through multiple devices, and reassembled at the destination — and explain how data are stored, processed, and transmitted using computing devices, taking into account aspects of cybersecurity."
EF15CO06,EF,"1º, 2º, 3º, 4º, 5º",Computação,"Conhecer os componentes básicos de dispositivos computacionais, entendendo os princípios de seu funcionamento.",Identify the basic components of computing devices and explain the principles underlying their operation.
EF15CO07,EF,"1º, 2º, 3º, 4º, 5º",Computação,Conhecer o conceito de Sistema Operacional e sua importância na integração entre software e hardware.,Explain the concept of an Operating System and its role in integrating software and hardware.
EF15CO08,EF,"1º, 2º, 3º, 4º, 5º",Computação,"Reconhecer e utilizar tecnologias computacionais para pesquisar e acessar informações, expressar-se crítica e criativamente e resolver problemas.","Recognize and use computing technologies to research and access information, express oneself critically and creatively, and solve problems."
EF15CO09,EF,"1º, 2º, 3º, 4º, 5º",Computação,"Entender que as tecnologias devem ser utilizadas de maneira segura, ética e responsável, respeitando direitos autorais, de imagem e as leis vigentes.","Understand that technologies must be used in a safe, ethical, and responsible manner, respecting copyright, image rights, and applicable laws."
EF69CO01,EF,"6º, 7º, 8º, 9º",Computação,"Classificar informações, agrupando-as em coleções (conjuntos) e associando cada coleção a um ‘tipo de dado’. Construir e analisar soluções computacionais de problemas de diferentes áreas do conhecimento, de forma individual ou colaborativa, selecionando as estruturas de dados adequadas (registros, matrizes, listas e grafos), aperfeiçoando e articulando saberes escolares.","Classify information by grouping it into collections (sets) and associating each collection with a data type; construct and analyze computational solutions to problems from different areas of knowledge, individually or collaboratively, selecting appropriate data structures (records, arrays, lists, and graphs) while refining and connecting school-based knowledge."
EF69CO02,EF,"6º, 7º, 8º, 9º",Computação,"Elaborar algoritmos que envolvam instruções sequenciais, de repetição e de seleção usando uma linguagem de programação. Construir e analisar soluções computacionais de problemas de diferentes áreas do conhecimento, de forma individual ou colaborativa, selecionando as estruturas de dados adequadas (registros, matrizes, listas e grafos), aperfeiçoando e articulando saberes escolares.","Develop algorithms involving sequential, repetition, and selection instructions using a programming language; construct and analyze computational solutions to problems from different areas of knowledge, individually or collaboratively, selecting appropriate data structures (records, arrays, lists, and graphs) while refining and connecting school-based knowledge."
EF69CO03,EF,"6º, 7º, 8º, 9º",Computação,"Descrever com precisão a solução de um problema, construindo o programa que implementa a solução descrita. Construir e analisar soluções computacionais de problemas de diferentes áreas do conhecimento, de forma individual ou colaborativa, selecionando as estruturas de dados adequadas (registros, matrizes, listas e grafos), aperfeiçoando e articulando saberes escolares.","Describe the solution to a problem with precision and construct the program that implements the described solution; construct and analyze computational solutions to problems from different areas of knowledge, individually or collaboratively, selecting appropriate data structures (records, arrays, lists, and graphs) while refining and connecting school-based knowledge."
EF69CO04,EF,"6º, 7º, 8º, 9º",Computação,"Construir soluções de problemas usando a técnica de decomposição e automatizar tais soluções usando uma linguagem de programação. Empregar diferentes estratégias da Computação (decomposição, generalização e reúso) para construir a solução de problemas.","Construct solutions to problems using the decomposition technique and automate those solutions using a programming language; apply different computational strategies (decomposition, generalization, and reuse) to construct problem solutions."
EF69CO05,EF,"6º, 7º, 8º, 9º",Computação,"Identificar os recursos ou insumos necessários (entradas) para a resolução de problemas, bem como os resultados esperados (saídas), determinando os respectivos tipos de dados, e estabelecendo a definição de problema como uma relação entre entrada e saída. Empregar diferentes estratégias da Computação (decomposição, generalização e reúso) para construir a solução de problemas.","Identify the resources or inputs required (inputs) for solving problems as well as the expected results (outputs), determining the respective data types and establishing the problem definition as a relationship between input and output; apply different computational strategies (decomposition, generalization, and reuse) to construct problem solutions."
EF69CO06,EF,"6º, 7º, 8º, 9º",Computação,"Comparar diferentes casos particulares (instâncias) de um mesmo problema, identificando as semelhanças e diferenças entre eles, e criar um algoritmo para resolver todos, fazendo uso de variáveis (parâmetros) para permitir o tratamento de todos os casos de forma genérica. Empregar diferentes estratégias da Computação (decomposição, generalização e reúso) para construir a solução de problemas.","Compare different specific cases (instances) of the same problem, identifying similarities and differences among them, and create an algorithm to solve all cases by using variables (parameters) to enable generic treatment of every case; apply different computational strategies (decomposition, generalization, and reuse) to construct problem solutions."
EF69CO07,EF,"6º, 7º, 8º, 9º",Computação,"Entender o processo de transmissão de dados, como a informação é quebrada em pedaços, transmitida em pacotes através de múltiplos equipamentos, e reconstruída no destino. Entender como os dados são armazenados, processados e transmitidos usando dispositivos computacionais, considerando aspectos da segurança cibernética.","Explain the process of data transmission, including how information is broken into pieces, transmitted in packets through multiple devices, and reassembled at the destination; explain how data are stored, processed, and transmitted using computing devices, taking into account aspects of cybersecurity."
EF69CO08,EF,"6º, 7º, 8º, 9º",Computação,"Compreender e utilizar diferentes formas de armazenar, manipular, compactar e recuperar arquivos, documentos e metadados. Entender como os dados são armazenados, processados e transmitidos usando dispositivos computacionais, considerando aspectos da segurança cibernética.","Understand and use different methods for storing, manipulating, compressing, and retrieving files, documents, and metadata; explain how data are stored, processed, and transmitted using computing devices, taking into account aspects of cybersecurity."
EF69CO09,EF,"6º, 7º, 8º, 9º",Computação,"Compreender os conceitos de paralelismo, concorrência e armazenamento/ processamento distribuídos. Entender os fundamentos de sistemas distribuídos e da internet.","Explain the concepts of parallelism, concurrency, and distributed storage/processing; understand the foundations of distributed systems and the internet."
EF69CO10,EF,"6º, 7º, 8º, 9º",Computação,Entender como é a estrutura e funcionamento da internet. Entender os fundamentos de sistemas distribuídos e da internet.,Describe the structure and operation of the internet; understand the foundations of distributed systems and the internet.
EF69CO11,EF,"6º, 7º, 8º, 9º",Computação,"Apresentar conduta e linguagem apropriadas ao se comunicar em ambiente digital, considerando a ética e o respeito. Entender que as tecnologias devem ser utilizadas de maneira segura, ética e responsável, respeitando direitos autorais, de imagem e as leis vigentes.","Demonstrate appropriate conduct and language when communicating in digital environments, upholding ethics and respect; understand that technologies must be used in a safe, ethical, and responsible manner, respecting copyright, image rights, and applicable laws."
EF69CO12,EF,"6º, 7º, 8º, 9º",Computação,"Analisar o consumo de tecnologia na sociedade, compreendendo criticamente o caminho da produção dos recursos bem como aspectos ligados à obsolescência e a sustentabilidade. Selecionar e utilizar tecnologias computacionais para se expressar e resolver problemas, analisando criticamente os diferentes impactos na sociedade.","Analyze technology consumption in society, critically examining the production chain of technological resources as well as issues related to obsolescence and sustainability; select and use computing technologies for self-expression and problem solving while critically analyzing their varied impacts on society."
EF12EF01,EF,"1º, 2º",Educação Física,"Experimentar, fruir e recriar diferentes brincadeiras e jogos da cultura popular presentes no contexto comunitário e regional, reconhecendo e respeitando as diferenças individuais de desempenho dos colegas.","Explore, enjoy, and reinvent different games and play activities from popular culture present in the community and regional context, recognizing and respecting individual differences in peers' performance."
EF12EF02,EF,"1º, 2º",Educação Física,"Explicar, por meio de múltiplas linguagens (corporal, visual, oral e escrita), as brincadeiras e os jogos populares do contexto comunitário e regional, reconhecendo e valorizando a importância desses jogos e brincadeiras para suas culturas de origem.","Explain, through multiple forms of expression (bodily, visual, oral, and written), the games and popular play activities of the community and regional context, recognizing and valuing the importance of these games and play activities to their cultures of origin."
EF12EF03,EF,"1º, 2º",Educação Física,"Planejar e utilizar estratégias para resolver desafios de brincadeiras e jogos populares do contexto comunitário e regional, com base no reconhecimento das características dessas práticas.","Plan and apply strategies to meet the challenges of popular games and play activities from the community and regional context, drawing on knowledge of the characteristics of these practices."
EF12EF04,EF,"1º, 2º",Educação Física,"Colaborar na proposição e na produção de alternativas para a prática, em outros momentos e espaços, de brincadeiras e jogos e demais práticas corporais tematizadas na escola, produzindo textos (orais, escritos, audiovisuais) para divulgá-las na escola e na comunidade.","Collaborate in proposing and producing alternatives for practicing games, play activities, and other bodily practices explored at school in other times and spaces, creating texts (oral, written, and audiovisual) to share them with the school and community."
EF08CO07,EF,8º,Computação,"Compartilhar informações por meio de redes sociais compreendendo a sua dinâmica de funcionamento de forma responsável e avaliando sua confiabilidade considerando o respeito e a ética. Entender que as tecnologias devem ser utilizadas de maneira segura, ética e responsável, respeitando direitos autorais, de imagem e as leis vigentes.","Share information through social media with an understanding of how these platforms function, doing so responsibly and evaluating their reliability with respect for ethical principles. Recognize that technologies must be used in a safe, ethical, and responsible manner, respecting copyright, image rights, and applicable laws."
EF08CO08,EF,8º,Computação,"Distinguir os tipos de dados pessoais que são solicitados em espaços digitais e os riscos associados. Entender que as tecnologias devem ser utilizadas de maneira segura, ética e responsável, respeitando direitos autorais, de imagem e as leis vigentes.","Distinguish the types of personal data requested in digital spaces and the risks associated with sharing them. Recognize that technologies must be used in a safe, ethical, and responsible manner, respecting copyright, image rights, and applicable laws."
EF08CO09,EF,8º,Computação,"Analisar criticamente as políticas de termos de uso das redes sociais e demais plataformas. Entender que as tecnologias devem ser utilizadas de maneira segura, ética e responsável, respeitando direitos autorais, de imagem e as leis vigentes.","Critically analyze the terms-of-use policies of social media platforms and other digital platforms. Recognize that technologies must be used in a safe, ethical, and responsible manner, respecting copyright, image rights, and applicable laws."
EF08CO10,EF,8º,Computação,"Discutir questões sobre segurança e privacidade relacionadas ao uso dos ambientes virtuais. Entender que as tecnologias devem ser utilizadas de maneira segura, ética e responsável, respeitando direitos autorais, de imagem e as leis vigentes.","Discuss issues of security and privacy related to the use of virtual environments. Recognize that technologies must be used in a safe, ethical, and responsible manner, respecting copyright, image rights, and applicable laws."
EF08CO11,EF,8º,Computação,"Avaliar a precisão, relevância, adequação, abrangência e vieses que ocorrem em fontes de informação eletrônica. Selecionar e utilizar tecnologias computacionais para se expressar e resolver problemas, analisando criticamente os diferentes impactos na sociedade.","Evaluate the accuracy, relevance, appropriateness, scope, and biases present in electronic information sources. Select and use computational technologies to express ideas and solve problems, critically analyzing their varied impacts on society."
EF09CO01,EF,9º,Computação,"Criar soluções de problemas para os quais seja adequado o uso de árvores e grafos para descrever suas informações e automatizá-las usando uma linguagem de programação. Construir e analisar soluções computacionais de problemas de diferentes áreas do conhecimento de forma individual ou colaborativa selecionando as estruturas de dados adequadas (registros, matrizes, listas e grafos), aperfeiçoando e articulando saberes escolares.","Design solutions to problems for which trees and graphs are appropriate structures for representing information, and automate those solutions using a programming language. Construct and analyze computational solutions to problems from different areas of knowledge, individually or collaboratively, selecting appropriate data structures (records, arrays, lists, and graphs) while refining and integrating school-based knowledge."
EF09CO02,EF,9º,Computação,"Construir soluções computacionais de problemas de diferentes áreas do conhecimento, de forma individual e colaborativa, selecionando as estruturas de dados e técnicas adequadas, aperfeiçoando e articulando saberes escolares. Construir e analisar soluções computacionais de problemas de diferentes áreas do conhecimento de forma individual ou colaborativa selecionando as estruturas de dados adequadas (registros, matrizes, listas e grafos), aperfeiçoando e articulando saberes escolares.","Construct computational solutions to problems from different areas of knowledge, individually and collaboratively, selecting appropriate data structures and techniques while refining and integrating school-based knowledge. Construct and analyze computational solutions to problems from different areas of knowledge, individually or collaboratively, selecting appropriate data structures (records, arrays, lists, and graphs) while refining and integrating school-based knowledge."
EF09CO03,EF,9º,Computação,"Usar autômatos para descrever comportamentos de forma abstrata automatizando-os através de uma linguagem de programação baseada em eventos. Construir e analisar soluções computacionais de problemas de diferentes áreas do conhecimento de forma individual ou colaborativa selecionando as estruturas de dados adequadas (registros, matrizes, listas e grafos), aperfeiçoando e articulando saberes escolares.","Use automata to describe behaviors in an abstract way and automate them through an event-driven programming language. Construct and analyze computational solutions to problems from different areas of knowledge, individually or collaboratively, selecting appropriate data structures (records, arrays, lists, and graphs) while refining and integrating school-based knowledge."
EF09CO04,EF,9º,Computação,Compreender o funcionamento de malwares e outros ataques cibernéticos.,Explain how malware and other cyberattacks function.
EF09CO05,EF,9º,Computação,Analisar técnicas de criptografia para armazenamento e transmissão de dados. Entender os fundamentos de sistemas distribuídos e da internet. (cont.),Analyze cryptographic techniques used for data storage and transmission. Understand the foundations of distributed systems and the internet.
EF09CO06,EF,9º,Computação,"Analisar problemas sociais de sua cidade e estado a partir de ambientes digitais, propondo soluções. Entender que as tecnologias devem ser utilizadas de maneira segura, ética e responsável, respeitando direitos autorais, de imagem e as leis vigentes.","Analyze social problems in one's city and state using digital environments and propose solutions to those problems. Recognize that technologies must be used in a safe, ethical, and responsible manner, respecting copyright, image rights, and applicable laws."
EF09CO07,EF,9º,Computação,"Avaliar aplicações e implicações políticas, socioambientais e culturais das tecnologias digitais para propor alternativas aos desafios do mundo contemporâneo, incluindo aqueles relativos ao mundo do trabalho. Entender que as tecnologias devem ser utilizadas de maneira segura, ética e responsável, respeitando direitos autorais, de imagem e as leis vigentes.","Evaluate the political, socio-environmental, and cultural applications and implications of digital technologies in order to propose alternatives to contemporary challenges, including those related to the world of work. Recognize that technologies must be used in a safe, ethical, and responsible manner, respecting copyright, image rights, and applicable laws."
EF09CO08,EF,9º,Computação,"Discutir como a distribuição desigual de recursos de computação em uma economia global levanta questões de equidade, acesso e poder. Entender que as tecnologias devem ser utilizadas de maneira segura, ética e responsável, respeitando direitos autorais, de imagem e as leis vigentes.","Discuss how the unequal distribution of computing resources in a global economy raises questions of equity, access, and power. Recognize that technologies must be used in a safe, ethical, and responsible manner, respecting copyright, image rights, and applicable laws."
EF09CO09,EF,9º,Computação,"Criar ou utilizar conteúdo em meio digital, compreendendo questões éticas relacionadas a direitos autorais e de uso de imagem. Entender que as tecnologias devem ser utilizadas de maneira segura, ética e responsável, respeitando direitos autorais, de imagem e as leis vigentes.","Create or use content in digital media while demonstrating understanding of ethical issues related to copyright and image rights. Recognize that technologies must be used in a safe, ethical, and responsible manner, respecting copyright, image rights, and applicable laws."
EF09CO10,EF,9º,Computação,"Avaliar a veracidade, credibilidade e relevância da informação em seus diferentes formatos, sendo capaz de identificar o propósito pelo qual foi disseminada. Selecionar e utilizar tecnologias computacionais para se expressar e resolver problemas, analisando criticamente os diferentes impactos na sociedade.","Evaluate the truthfulness, credibility, and relevance of information across different formats, identifying the purpose for which it was disseminated. Select and use computational technologies to express ideas and solve problems, critically analyzing their varied impacts on society."
EF15CO01,EF,"1º, 2º, 3º, 4º, 5º",Computação,"Identificar as principais formas de organizar e representar a informação de maneira estruturada (matrizes, registros, listas e grafos) ou não estruturada (números, palavras, valores verdade).","Identify the primary ways of organizing and representing information in structured form (arrays, records, lists, and graphs) and in unstructured form (numbers, words, and truth values)."
EF15CO02,EF,"1º, 2º, 3º, 4º, 5º",Computação,"Construir e simular algoritmos, de forma independente ou em colaboração, que resolvam problemas simples e do cotidiano com uso de sequências, seleções condicionais e repetições de instruções.","Construct and simulate algorithms, independently or collaboratively, that solve simple, everyday problems using sequences, conditional selections, and repetition of instructions."
EF15CO03,EF,"1º, 2º, 3º, 4º, 5º",Computação,"Realizar operações de negação, conjunção e disjunção sobre sentenças lógicas e valores ""verdadeiro"" e ""falso.""","Apply negation, conjunction, and disjunction operations to logical statements using the values ""true"" and ""false."""
EF15CO04,EF,"1º, 2º, 3º, 4º, 5º",Computação,"Aplicar a estratégia de decomposição para resolver problemas complexos, dividindo esse problema em partes menores, resolvendo-as e combinando suas soluções.","Apply a decomposition strategy to solve complex problems by breaking them into smaller parts, solving each part, and combining their solutions."
EF15CO05,EF,"1º, 2º, 3º, 4º, 5º",Computação,"Codificar a informação de diferentes formas, entendendo a importância desta codificação para o armazenamento, manipulação e transmissão em dispositivos computacionais.","Encode information in different forms, understanding the importance of encoding for the storage, manipulation, and transmission of data in computing devices."
EF12EF05,EF,"1º, 2º",Educação Física,"Experimentar e fruir, prezando pelo trabalho coletivo e pelo protagonismo, a prática de esportes de marca e de precisão, identificando os elementos comuns a esses esportes.","Explore and appreciate, with an emphasis on collective work and student agency, the practice of measurement sports and precision sports, identifying the elements common to these sport categories."
EF12EF06,EF,"1º, 2º",Educação Física,Discutir a importância da observação das normas e das regras dos esportes de marca e de precisão para assegurar a integridade própria e as dos demais participantes.,Discuss the importance of observing the norms and rules of measurement sports and precision sports in order to ensure the safety and physical integrity of oneself and all other participants.
EF12EF07,EF,"1º, 2º",Educação Física,"Experimentar, fruir e identificar diferentes elementos básicos da ginástica (equilíbrios, saltos, giros, rotações, acrobacias, com e sem materiais) e da ginástica geral, de forma individual e em pequenos grupos, adotando procedimentos de segurança.","Explore, appreciate, and identify different basic elements of gymnastics (balances, jumps, turns, rotations, and acrobatics, with and without equipment) and of general gymnastics (rhythmic and expressive movement), both individually and in small groups, applying safety procedures throughout."
EF12EF08,EF,"1º, 2º",Educação Física,Planejar e utilizar estratégias para a execução de diferentes elementos básicos da ginástica e da ginástica geral.,Plan and apply strategies for executing different basic elements of gymnastics and general gymnastics.
EF12EF09,EF,"1º, 2º",Educação Física,"Participar da ginástica geral, identificando as potencialidades e os limites do corpo, e respeitando as diferenças individuais e de desempenho corporal.","Participate in general gymnastics activities, identifying the capabilities and limitations of one's own body and respecting individual differences in physical performance."
EF12EF10,EF,"1º, 2º",Educação Física,"Descrever, por meio de múltiplas linguagens (corporal, oral, escrita e audiovisual), as características dos elementos básicos da ginástica e da ginástica geral, identificando a presença desses elementos em distintas práticas corporais.","Describe, through multiple modes of expression (movement, oral, written, and audiovisual), the characteristics of the basic elements of gymnastics and general gymnastics, identifying the presence of these elements in a variety of physical movement practices."
EF12EF11,EF,"1º, 2º",Educação Física,"Experimentar e fruir diferentes danças do contexto comunitário e regional (rodas cantadas, brincadeiras rítmicas e expressivas), e recriá-las, respeitando as diferenças individuais e de desempenho corporal.","Explore and appreciate different dances from community and regional contexts (singing circle games, rhythmic play, and expressive movement activities), and recreate them, respecting individual differences and differences in physical performance."
EF12EF12,EF,"1º, 2º",Educação Física,"Identificar os elementos constitutivos (ritmo, espaço, gestos) das danças do contexto comunitário e regional, valorizando e respeitando as manifestações de diferentes culturas.","Identify the constituent elements (rhythm, space, and gesture) of dances from community and regional contexts, valuing and respecting expressions from different cultures."
EF35EF01,EF,"3º, 4º, 5º",Educação Física,"Experimentar e fruir brincadeiras e jogos populares do Brasil e do mundo, incluindo aqueles de matriz indígena e africana, e recriá-los, valorizando a importância desse patrimônio histórico cultural.","Explore and appreciate popular games and play traditions from Brazil and around the world, including those of Indigenous and African origin, and recreate them, recognizing the importance of this historical and cultural heritage."
EF35EF02,EF,"3º, 4º, 5º",Educação Física,Planejar e utilizar estratégias para possibilitar a participação segura de todos os alunos em brincadeiras e jogos populares do Brasil e de matriz indígena e africana.,Plan and apply strategies to enable the safe participation of all students in popular games and play traditions from Brazil and those of Indigenous and African origin.
EF35EF03,EF,"3º, 4º, 5º",Educação Física,"Descrever, por meio de múltiplas linguagens (corporal, oral, escrita, audiovisual), as brincadeiras e os jogos populares do Brasil e de matriz indígena e africana, explicando suas características e a importância desse patrimônio histórico cultural na preservação das diferentes culturas.","Describe, through multiple modes of expression (movement, oral, written, and audiovisual), popular games and play traditions from Brazil and those of Indigenous and African origin, explaining their characteristics and the importance of this historical and cultural heritage in preserving diverse cultures."
EF35EF04,EF,"3º, 4º, 5º",Educação Física,"Recriar, individual e coletivamente, e experimentar, na escola e fora dela, brincadeiras e jogos populares do Brasil e do mundo, incluindo aqueles de matriz indígena e africana, e demais práticas corporais tematizadas na escola, adequando-as aos espaços públicos disponíveis.","Recreate, both individually and collectively, and explore — in school and outside of school — popular games and play traditions from Brazil and around the world, including those of Indigenous and African origin, as well as other movement practices addressed in school, adapting them to available public spaces."
EF35EF05,EF,"3º, 4º, 5º",Educação Física,"Experimentar e fruir diversos tipos de esportes de campo e taco, rede/parede e invasão, identificando seus elementos comuns e criando estratégias individuais e coletivas básicas para sua execução, prezando pelo trabalho coletivo e pelo protagonismo.","Explore and appreciate various types of striking/fielding sports, net/wall sports, and invasion sports, identifying their common elements and developing basic individual and collective strategies for participation, with an emphasis on collective work and student agency."
EF35EF06,EF,"3º, 4º, 5º",Educação Física,"Diferenciar os conceitos de jogo e esporte, identificando as características que os constituem na contemporaneidade e suas manifestações (profissional e comunitária/lazer).","Differentiate the concepts of play/game and sport, identifying the characteristics that define each in the contemporary context and their different forms of expression (professional and community/recreational)."
EF35EF07,EF,"3º, 4º, 5º",Educação Física,"Experimentar e fruir, de forma coletiva, combinações de diferentes elementos da ginástica geral (equilíbrios, saltos, giros, rotações, acrobacias, com e sem materiais), propondo coreografias com diferentes temas do cotidiano.","Explore and appreciate, in a collective setting, combinations of different elements of general gymnastics (balances, jumps, turns, rotations, and acrobatics, with and without equipment), proposing group routines based on different themes from everyday life."
EF35EF08,EF,"3º, 4º, 5º",Educação Física,"Planejar e utilizar estratégias para resolver desafios na execução de elementos básicos de apresentações coletivas de ginástica geral, reconhecendo as potencialidades e os limites do corpo e adotando procedimentos de segurança.","Plan and apply strategies to meet challenges in executing the basic elements of collective general gymnastics presentations, recognizing the capabilities and limitations of the body and applying safety procedures."
EF35EF09,EF,"3º, 4º, 5º",Educação Física,"Experimentar, recriar e fruir danças populares do Brasil e do mundo e danças de matriz indígena e africana, valorizando e respeitando os diferentes sentidos e significados dessas danças em suas culturas de origem.","Explore, recreate, and appreciate popular dances from Brazil and around the world, as well as dances of Indigenous and African origin, valuing and respecting the different meanings and significance of these dances within their cultures of origin."
EF35EF10,EF,"3º, 4º, 5º",Educação Física,"Comparar e identificar os elementos constitutivos comuns e diferentes (ritmo, espaço, gestos) em danças populares do Brasil e do mundo e danças de matriz indígena e africana.","Compare and identify shared and distinct constituent elements (rhythm, space, and gesture) across popular dances from Brazil and around the world and dances of Indigenous and African origin."
EF35EF11,EF,"3º, 4º, 5º",Educação Física,"Formular e utilizar estratégias para a execução de elementos constitutivos das danças populares do Brasil e do mundo, e das danças de matriz indígena e africana.","Develop and apply strategies for executing the constituent elements of popular dances from Brazil and around the world, and of dances of Indigenous and African origin."
EF35EF12,EF,"3º, 4º, 5º",Educação Física,Identificar situações de injustiça e preconceito geradas e/ou presentes no contexto das danças e demais práticas corporais e discutir alternativas para superá-las.,"Identify situations of injustice and prejudice generated by and/or present in the context of dance and other physical movement practices, and discuss alternatives for overcoming them."
EF03ER03,EF,3º,Ensino Religioso,"Identificar e respeitar práticas celebrativas (cerimônias, orações, festividades, peregrinações, entre outras) de diferentes tradições religiosas.","Identify and respect celebratory practices (ceremonies, prayers, festivities, pilgrimages, and others) from different religious traditions."
EF03ER04,EF,3º,Ensino Religioso,Caracterizar as práticas celebrativas como parte integrante do conjunto das manifestações religiosas de diferentes culturas e sociedades.,Characterize celebratory practices as an integral part of the broader set of religious expressions found across different cultures and societies.
EF03ER05,EF,3º,Ensino Religioso,"Reconhecer as indumentárias (roupas, acessórios, símbolos, pinturas corporais) utilizadas em diferentes manifestações e tradições religiosas.","Recognize the vestments and adornments (clothing, accessories, symbols, body paint) used in different religious traditions and manifestations."
EF03ER06,EF,3º,Ensino Religioso,Caracterizar as indumentárias como elementos integrantes das identidades religiosas.,Characterize vestments and adornments as integral elements of religious identities.
EF04ER01,EF,4º,Ensino Religioso,"Identificar ritos presentes no cotidiano pessoal, familiar, escolar e comunitário.","Identify rites present in personal, family, school, and community daily life."
EF04ER02,EF,4º,Ensino Religioso,Identificar ritos e suas funções em diferentes manifestações e tradições religiosas.,Identify rites and their functions across different religious manifestations and traditions.
EF04ER03,EF,4º,Ensino Religioso,"Caracterizar ritos de iniciação e de passagem em diversos grupos religiosos (nascimento, casamento e morte).","Describe initiation and rites of passage in diverse religious groups, including those associated with birth, marriage, and death."
EF04ER04,EF,4º,Ensino Religioso,"Identificar as diversas formas de expressão da espiritualidade (orações, cultos, gestos, cantos, dança, meditação) nas diferentes tradições religiosas.","Identify the various forms of spiritual expression (prayers, worship, gestures, chants, dance, meditation) found across different religious traditions."
EF04ER05,EF,4º,Ensino Religioso,"Identificar representações religiosas em diferentes expressões artísticas (pinturas, arquitetura, esculturas, ícones, símbolos, imagens), reconhecendo-as como parte da identidade de diferentes culturas e tradições religiosas.","Identify religious representations in different artistic expressions (paintings, architecture, sculptures, icons, symbols, images), recognizing them as part of the identity of different cultures and religious traditions."
EF04ER06,EF,4º,Ensino Religioso,"Identificar nomes, significados e representações de divindades nos contextos familiar e comunitário.","Identify the names, meanings, and representations of deities within family and community contexts."
EF04ER07,EF,4º,Ensino Religioso,Reconhecer e respeitar as ideias de divindades de diferentes manifestações e tradições religiosas.,Recognize and respect the concepts of deities found across different religious manifestations and traditions.
EF05ER01,EF,5º,Ensino Religioso,Identificar e respeitar acontecimentos sagrados de diferentes culturas e tradições religiosas como recurso para preservar a memória.,Identify and respect sacred events from different cultures and religious traditions as a means of preserving collective memory.
EF05ER02,EF,5º,Ensino Religioso,Identificar mitos de criação em diferentes culturas e tradições religiosas.,Identify creation myths across different cultures and religious traditions.
EF05ER03,EF,5º,Ensino Religioso,"Reconhecer funções e mensagens religiosas contidas nos mitos de criação (concepções de mundo, natureza, ser humano, divindades, vida e morte).","Recognize the functions and religious messages conveyed in creation myths, including conceptions of the world, nature, humanity, deities, life, and death."
EF05ER04,EF,5º,Ensino Religioso,Reconhecer a importância da tradição oral para preservar memórias e acontecimentos religiosos.,Recognize the importance of oral tradition in preserving religious memories and events.
EF05ER05,EF,5º,Ensino Religioso,"Identificar elementos da tradição oral nas culturas e religiosidades indígenas, afro-brasileiras, ciganas, entre outras.","Identify elements of oral tradition in Indigenous, Afro-Brazilian, Roma, and other cultures and religious practices."
EF05ER06,EF,5º,Ensino Religioso,Identificar o papel dos sábios e anciãos na comunicação e preservação da tradição oral.,Identify the role of sages and elders in transmitting and preserving oral tradition.
EF05ER07,EF,5º,Ensino Religioso,"Reconhecer, em textos orais, ensinamentos relacionados a modos de ser e viver.","Recognize, in oral texts, teachings related to ways of being and living."
EF06ER01,EF,6º,Ensino Religioso,"Reconhecer o papel da tradição escrita na preservação de memórias, acontecimentos e ensinamentos religiosos.","Recognize the role of written tradition in preserving religious memories, events, and teachings."
EF06ER02,EF,6º,Ensino Religioso,"Reconhecer e valorizar a diversidade de textos religiosos escritos (textos do Budismo, Cristianismo, Espiritismo, Hinduísmo, Islamismo, Judaísmo, entre outros).","Recognize and appreciate the diversity of written religious texts, including texts from Buddhism, Christianity, Spiritism, Hinduism, Islam, Judaism, and others."
EF67EF18,EF,"6º, 7º",Educação Física,"Experimentar e fruir diferentes práticas corporais de aventura urbanas, valorizando a própria segurança e integridade física, bem como as dos demais.","Explore and appreciate different urban adventure physical practices, valuing personal safety and physical integrity, as well as that of others."
EF67EF19,EF,"6º, 7º",Educação Física,Identificar os riscos durante a realização de práticas corporais de aventura urbanas e planejar estratégias para sua superação.,Identify risks involved in urban adventure physical practices and plan strategies to address and overcome them.
EF67EF20,EF,"6º, 7º",Educação Física,"Executar práticas corporais de aventura urbanas, respeitando o patrimônio público e utilizando alternativas para a prática segura em diversos espaços.","Execute urban adventure physical practices, respecting public property and using alternatives for safe practice across a variety of spaces."
EF67EF21,EF,"6º, 7º",Educação Física,"Identificar a origem das práticas corporais de aventura e as possibilidades de recriá-las, reconhecendo as características (instrumentos, equipamentos de segurança, indumentária, organização) e seus tipos de práticas.","Identify the origins of adventure physical practices and the possibilities for recreating them, recognizing their characteristics (equipment, safety gear, attire, and organization) and their various types."
EF89EF01,EF,"8º, 9º",Educação Física,"Experimentar diferentes papéis (jogador, árbitro e técnico) e fruir os esportes de rede/parede, campo e taco, invasão e combate, valorizando o trabalho coletivo e o protagonismo.","Explore and appreciate different roles (player, referee, and coach) in net/wall, fielding/striking, invasion, and combat sports, valuing teamwork and individual agency."
EF89EF02,EF,"8º, 9º",Educação Física,"Praticar um ou mais esportes de rede/parede, campo e taco, invasão e combate oferecidos pela escola, usando habilidades técnico-táticas básicas.","Participate in one or more net/wall, fielding/striking, invasion, and combat sports offered by the school, applying basic technical and tactical skills."
EF89EF03,EF,"8º, 9º",Educação Física,"Formular e utilizar estratégias para solucionar os desafios técnicos e táticos, tanto nos esportes de campo e taco, rede/parede, invasão e combate como nas modalidades esportivas escolhidas para praticar de forma específica.","Formulate and apply strategies to solve technical and tactical challenges in fielding/striking, net/wall, invasion, and combat sports, as well as in specific sports disciplines chosen for focused practice."
EF89EF04,EF,"8º, 9º",Educação Física,"Identificar os elementos técnicos ou técnico-táticos individuais, combinações táticas, sistemas de jogo e regras das modalidades esportivas praticadas, bem como diferenciar as modalidades esportivas com base nos critérios da lógica interna das categorias de esporte: rede/parede, campo e taco, invasão e combate.","Identify individual technical and technical-tactical elements, tactical combinations, game systems, and rules of the sports practiced, and differentiate sports disciplines based on the internal logic of each sport category: net/wall, fielding/striking, invasion, and combat."
EF89EF05,EF,"8º, 9º",Educação Física,"Identificar as transformações históricas do fenômeno esportivo e discutir alguns de seus problemas (doping, corrupção, violência etc.) e a forma como as mídias os apresentam.","Identify the historical transformations of the sports phenomenon and discuss some of its problems (doping, corruption, violence, etc.) and the way media presents them."
EF89EF06,EF,"8º, 9º",Educação Física,"Verificar locais disponíveis na comunidade para a prática de esportes e das demais práticas corporais tematizadas na escola, propondo e produzindo alternativas para utilizá-los no tempo livre.","Survey spaces available in the community for practicing sports and other physical practices addressed at school, and propose and develop alternatives for using them during leisure time."
EF89EF07,EF,"8º, 9º",Educação Física,"Experimentar e fruir um ou mais programas de exercícios físicos, identificando as exigências corporais desses diferentes programas e reconhecendo a importância de uma prática individualizada, adequada às características e necessidades de cada sujeito.","Explore and appreciate one or more physical exercise programs, identifying the physical demands of these different programs and recognizing the importance of individualized practice suited to the characteristics and needs of each person."
EF89EF08,EF,"8º, 9º",Educação Física,"Discutir as transformações históricas dos padrões de desempenho, saúde e beleza, considerando a forma como são apresentados nos diferentes meios (científico, midiático etc.).","Discuss the historical transformations of performance, health, and beauty standards, considering how they are presented across different contexts (scientific, media, etc.)."
EF89EF09,EF,"8º, 9º",Educação Física,Problematizar a prática excessiva de exercícios físicos e o uso de medicamentos para a ampliação do rendimento ou potencialização das transformações corporais.,Critically examine the excessive practice of physical exercise and the use of medications to enhance performance or accelerate bodily transformations.
EF89EF10,EF,"8º, 9º",Educação Física,"Experimentar e fruir um ou mais tipos de ginástica de conscientização corporal, identificando as exigências corporais dos mesmos.","Explore and appreciate one or more forms of body-awareness gymnastics (somatic movement practices), identifying the physical demands of each."
EF89EF11,EF,"8º, 9º",Educação Física,"Identificar as diferenças e semelhanças entre a ginástica de conscientização corporal e as de condicionamento físico e discutir como a prática de cada uma dessas manifestações pode contribuir para a melhoria das condições de vida, saúde, bem-estar e cuidado consigo mesmo.","Identify the differences and similarities between body-awareness gymnastics and physical conditioning gymnastics, and discuss how the practice of each can contribute to improved quality of life, health, well-being, and self-care."
EF89EF12,EF,"8º, 9º",Educação Física,"Experimentar, fruir e recriar danças de salão, valorizando a diversidade cultural e respeitando a tradição dessas culturas.","Explore, appreciate, and recreate ballroom dances, valuing cultural diversity and respecting the traditions of those cultures."
EF89EF13,EF,"8º, 9º",Educação Física,"Planejar e utilizar estratégias para se apropriar dos elementos constitutivos (ritmo, espaço, gestos) das danças de salão.","Plan and apply strategies to develop proficiency in the constituent elements (rhythm, space, and gesture) of ballroom dances."
EF89EF14,EF,"8º, 9º",Educação Física,Discutir estereótipos e preconceitos relativos às danças de salão e demais práticas corporais e propor alternativas para sua superação.,"Discuss stereotypes and prejudices related to ballroom dances and other physical practices, and propose alternatives for overcoming them."
EF89EF15,EF,"8º, 9º",Educação Física,"Analisar as características (ritmos, gestos, coreografias e músicas) das danças de salão, bem como suas transformações históricas e os grupos de origem.","Analyze the characteristics (rhythms, gestures, choreographies, and music) of ballroom dances, as well as their historical transformations and communities of origin."
EF89EF16,EF,"8º, 9º",Educação Física,"Experimentar e fruir a execução dos movimentos pertencentes às lutas do mundo, adotando procedimentos de segurança e respeitando o oponente.","Explore and appreciate the execution of movements belonging to martial arts and combat practices from around the world, following safety procedures and showing respect for the opponent."
EF09ER01,EF,9º,Ensino Religioso,Analisar princípios e orientações para o cuidado da vida e nas diversas tradições religiosas e filosofias de vida.,Analyze principles and guidelines for the care of life found across diverse religious traditions and philosophies of life.
EF09ER02,EF,9º,Ensino Religioso,"Discutir as diferentes expressões de valorização e de desrespeito à vida, por meio da análise de matérias nas diferentes mídias.",Discuss different expressions of reverence for and disregard of life through the analysis of content across various media.
EF09ER03,EF,9º,Ensino Religioso,"Identificar sentidos do viver e do morrer em diferentes tradições religiosas, através do estudo de mitos fundantes.",Identify meanings of living and dying in different religious traditions through the study of founding myths.
EF09ER04,EF,9º,Ensino Religioso,"Identificar concepções de vida e morte em diferentes tradições religiosas e filosofias de vida, por meio da análise de diferentes ritos fúnebres.",Identify conceptions of life and death in different religious traditions and philosophies of life through the analysis of diverse funerary rites.
EF09ER05,EF,9º,Ensino Religioso,"Analisar as diferentes ideias de imortalidade elaboradas pelas tradições religiosas (ancestralidade, reencarnação, transmigração e ressurreição).","Analyze the different concepts of immortality developed by religious traditions (ancestrality, reincarnation, transmigration, and resurrection)."
EF09ER06,EF,9º,Ensino Religioso,Reconhecer a coexistência como uma atitude ética de respeito à vida e à dignidade humana.,Recognize coexistence as an ethical stance of respect for life and human dignity.
EF09ER07,EF,9º,Ensino Religioso,"Identificar princípios éticos (familiares, religiosos e culturais) que possam alicerçar a construção de projetos de vida.","Identify ethical principles — familial, religious, and cultural — that can serve as the foundation for constructing life plans."
EF09ER08,EF,9º,Ensino Religioso,Construir projetos de vida assentados em princípios e valores éticos.,Construct life plans grounded in ethical principles and values.
EF01GE01,EF,1º,Geografia,"Descrever características observadas de seus lugares de vivência (moradia, escola etc.) e identificar semelhanças e diferenças entre esses lugares.","Describe observed characteristics of their lived-in places (home, school, etc.) and identify similarities and differences among those places."
EF01GE02,EF,1º,Geografia,Identificar semelhanças e diferenças entre jogos e brincadeiras de diferentes épocas e lugares.,Identify similarities and differences among games and play activities from different time periods and places.
EF01GE03,EF,1º,Geografia,"Identificar e relatar semelhanças e diferenças de usos do espaço público (praças, parques) para o lazer e diferentes manifestações.","Identify and describe similarities and differences in the uses of public spaces (plazas, parks) for leisure and various forms of social expression."
EF01GE04,EF,1º,Geografia,"Discutir e elaborar, coletivamente, regras de convívio em diferentes espaços (sala de aula, escola etc.).","Discuss and collaboratively establish rules for coexistence in different spaces (classroom, school, etc.)."
EF01GE05,EF,1º,Geografia,"Observar e descrever ritmos naturais (dia e noite, variação de temperatura e umidade etc.) em diferentes escalas espaciais e temporais, comparando a sua realidade com outras.","Observe and describe natural rhythms (day and night, variations in temperature and humidity, etc.) across different spatial and temporal scales, comparing their own reality with others."
EF01GE06,EF,1º,Geografia,"Descrever e comparar diferentes tipos de moradia ou objetos de uso cotidiano (brinquedos, roupas, mobiliários), considerando técnicas e materiais utilizados em sua produção.","Describe and compare different types of dwellings or everyday objects (toys, clothing, furniture), considering the techniques and materials used in their production."
EF01GE07,EF,1º,Geografia,Descrever atividades de trabalho relacionadas com o dia a dia da sua comunidade.,Describe work activities related to the daily life of their community.
EF01GE08,EF,1º,Geografia,"Criar mapas mentais e desenhos com base em itinerários, contos literários, histórias inventadas e brincadeiras.","Create mental maps and drawings based on itineraries, literary tales, invented stories, and play activities."
EF01GE09,EF,1º,Geografia,"Elaborar e utilizar mapas simples para localizar elementos do local de vivência, considerando referenciais espaciais (frente e atrás, esquerda e direita, em cima e embaixo, dentro e fora) e tendo o corpo como referência.","Construct and use simple maps to locate elements of their lived environment, applying spatial reference frames (front and back, left and right, above and below, inside and outside) and using the body as a reference point."
EF01GE10,EF,1º,Geografia,"Descrever características de seus lugares de vivência relacionadas aos ritmos da natureza (chuva, vento, calor etc.).","Describe characteristics of their lived-in places in relation to natural rhythms (rain, wind, heat, etc.)."
EF01GE11,EF,1º,Geografia,"Associar mudanças de vestuário e hábitos alimentares em sua comunidade ao longo do ano, decorrentes da variação de temperatura e umidade no ambiente.",Connect changes in clothing and eating habits within their community across the year to variations in environmental temperature and humidity.
EF02GE01,EF,2º,Geografia,Descrever a história das migrações no bairro ou comunidade em que vive.,Describe the history of migrations in the neighborhood or community where they live.
EF06ER03,EF,6º,Ensino Religioso,"Reconhecer, em textos escritos, ensinamentos relacionados a modos de ser e viver.","Identify, in written texts, teachings related to ways of being and living."
EF06ER04,EF,6º,Ensino Religioso,Reconhecer que os textos escritos são utilizados pelas tradições religiosas de maneiras diversas.,Recognize that written texts are used by religious traditions in diverse ways.
EF06ER05,EF,6º,Ensino Religioso,Discutir como o estudo e a interpretação dos textos religiosos influenciam os adeptos a vivenciarem os ensinamentos das tradições religiosas.,Discuss how the study and interpretation of religious texts influence adherents in practicing the teachings of religious traditions.
EF06ER06,EF,6º,Ensino Religioso,"Reconhecer a importância dos mitos, ritos, símbolos e textos na estruturação das diferentes crenças, tradições e movimentos religiosos.","Recognize the importance of myths, rites, symbols, and texts in structuring different beliefs, traditions, and religious movements."
EF06ER07,EF,6º,Ensino Religioso,"Exemplificar a relação entre mito, rito e símbolo nas práticas celebrativas de diferentes tradições religiosas.","Provide examples of the relationships among myth, rite, and symbol in the celebratory practices of different religious traditions."
EF07ER01,EF,7º,Ensino Religioso,Reconhecer e respeitar as práticas de comunicação com as divindades em distintas manifestações e tradições religiosas.,Recognize and respect practices of communication with deities across distinct religious manifestations and traditions.
EF07ER02,EF,7º,Ensino Religioso,"Identificar práticas de espiritualidade utilizadas pelas pessoas em determinadas situações (acidentes, doenças, fenômenos climáticos).","Identify spiritual practices used by people in specific situations (accidents, illness, climatic events)."
EF07ER03,EF,7º,Ensino Religioso,Reconhecer os papéis atribuídos às lideranças de diferentes tradições religiosas.,Recognize the roles assigned to leaders of different religious traditions.
EF07ER04,EF,7º,Ensino Religioso,Exemplificar líderes religiosos que se destacaram por suas contribuições à sociedade.,Provide examples of religious leaders who have distinguished themselves through their contributions to society.
EF07ER05,EF,7º,Ensino Religioso,Discutir estratégias que promovam a convivência ética e respeitosa entre as religiões.,Discuss strategies that promote ethical and respectful coexistence among religions.
EF07ER06,EF,7º,Ensino Religioso,"Identificar princípios éticos em diferentes tradições religiosas e filosofias de vida, discutindo como podem influenciar condutas pessoais e práticas sociais.","Identify ethical principles in different religious traditions and philosophies of life, discussing how they can influence personal conduct and social practices."
EF07ER07,EF,7º,Ensino Religioso,Identificar e discutir o papel das lideranças religiosas e seculares na defesa e promoção dos direitos humanos.,Identify and discuss the role of religious and secular leaders in the defense and promotion of human rights.
EF07ER08,EF,7º,Ensino Religioso,"Reconhecer o direito à liberdade de consciência, crença ou convicção, questionando concepções e práticas sociais que a violam.","Recognize the right to freedom of conscience, belief, or conviction, questioning social conceptions and practices that violate it."
EF08ER01,EF,8º,Ensino Religioso,Discutir como as crenças e convicções podem influenciar escolhas e atitudes pessoais e coletivas.,Discuss how beliefs and convictions can influence personal and collective choices and attitudes.
EF08ER02,EF,8º,Ensino Religioso,"Analisar filosofias de vida, manifestações e tradições religiosas destacando seus princípios éticos.","Analyze philosophies of life, religious manifestations, and traditions, highlighting their ethical principles."
EF08ER03,EF,8º,Ensino Religioso,"Analisar doutrinas das diferentes tradições religiosas e suas concepções de mundo, vida e morte.","Analyze the doctrines of different religious traditions and their conceptions of world, life, and death."
EF08ER04,EF,8º,Ensino Religioso,"Discutir como filosofias de vida, tradições e instituições religiosas podem influenciar diferentes campos da esfera pública (política, saúde, educação, economia).","Discuss how philosophies of life, religious traditions, and religious institutions can influence different domains of the public sphere (politics, health, education, economics)."
EF08ER05,EF,8º,Ensino Religioso,Debater sobre as possibilidades e os limites da interferência das tradições religiosas na esfera pública.,Debate the possibilities and limits of the involvement of religious traditions in the public sphere.
EF08ER06,EF,8º,Ensino Religioso,"Analisar práticas, projetos e políticas públicas que contribuem para a promoção da liberdade de pensamento, crenças e convicções.","Analyze practices, initiatives, and public policies that contribute to the promotion of freedom of thought, beliefs, and convictions."
EF08ER07,EF,8º,Ensino Religioso,Analisar as formas de uso das mídias e tecnologias pelas diferentes denominações religiosas.,Analyze the ways in which different religious denominations use media and technology.
EF89EF17,EF,"8º, 9º",Educação Física,"Planejar e utilizar estratégias básicas das lutas experimentadas, reconhecendo as suas características técnico-táticas.","Plan and apply basic tactical and technical strategies in combat sports and martial arts practiced, recognizing their technical-tactical characteristics."
EF89EF18,EF,"8º, 9º",Educação Física,"Discutir as transformações históricas, o processo de esportivização e a midiatização de uma ou mais lutas, valorizando e respeitando as culturas de origem.","Discuss the historical transformations, the sportification process, and the mediatization of one or more combat sports or martial arts, valuing and respecting their cultures of origin."
EF89EF19,EF,"8º, 9º",Educação Física,"Experimentar e fruir diferentes práticas corporais de aventura na natureza, valorizando a própria segurança e integridade física, bem como as dos demais, respeitando o patrimônio natural e minimizando os impactos de degradação ambiental.","Explore and appreciate different outdoor adventure physical practices, prioritizing personal safety and physical integrity as well as that of others, respecting the natural heritage and minimizing environmental degradation impacts."
EF89EF20,EF,"8º, 9º",Educação Física,"Identificar riscos, formular estratégias e observar normas de segurança para superar os desafios na realização de práticas corporais de aventura na natureza.","Identify risks, formulate strategies, and observe safety guidelines to overcome challenges when engaging in outdoor adventure physical practices."
EF89EF21,EF,"8º, 9º",Educação Física,"Identificar as características (equipamentos de segurança, instrumentos, indumentária, organização) das práticas corporais de aventura na natureza, bem como suas transformações históricas.","Identify the characteristics (safety equipment, instruments, attire, and organization) of outdoor adventure physical practices, as well as their historical transformations."
EF01ER01,EF,1º,Ensino Religioso,"Identificar e acolher as semelhanças e diferenças entre o eu, o outro e o nós.","Identify and embrace the similarities and differences among self, others, and the group."
EF01ER02,EF,1º,Ensino Religioso,Reconhecer que o seu nome e o das demais pessoas os identificam e os diferenciam.,Recognize that one's own name and the names of others identify and distinguish each individual.
EF01ER03,EF,1º,Ensino Religioso,Reconhecer e respeitar as características físicas e subjetivas de cada um.,Recognize and respect the physical and subjective characteristics of each person.
EF01ER04,EF,1º,Ensino Religioso,Valorizar a diversidade de formas de vida.,Appreciate the diversity of ways of life.
EF01ER05,EF,1º,Ensino Religioso,"Identificar e acolher sentimentos, lembranças, memórias e saberes de cada um.","Identify and embrace the feelings, experiences, memories, and knowledge of each individual."
EF01ER06,EF,1º,Ensino Religioso,"Identificar as diferentes formas pelas quais as pessoas manifestam sentimentos, ideias, memórias, gostos e crenças em diferentes espaços.","Identify the different ways in which people express feelings, ideas, memories, preferences, and beliefs across different spaces."
EF02ER01,EF,2º,Ensino Religioso,Reconhecer os diferentes espaços de convivência.,Recognize the different spaces in which people live together and interact.
EF02ER02,EF,2º,Ensino Religioso,"Identificar costumes, crenças e formas diversas de viver em variados ambientes de convivência.","Identify customs, beliefs, and diverse ways of living found across a variety of community environments."
EF02ER03,EF,2º,Ensino Religioso,"Identificar as diferentes formas de registro das memórias pessoais, familiares e escolares (fotos, músicas, narrativas, álbuns...).","Identify the different forms of recording personal, family, and school memories (photographs, music, narratives, albums, etc.)."
EF02ER04,EF,2º,Ensino Religioso,Identificar os símbolos presentes nos variados espaços de convivência.,Identify symbols present in various community spaces.
EF02ER05,EF,2º,Ensino Religioso,"Identificar, distinguir e respeitar símbolos religiosos de distintas manifestações, tradições e instituições religiosas.","Identify, distinguish, and respect religious symbols from distinct manifestations, traditions, and religious institutions."
EF02ER06,EF,2º,Ensino Religioso,"Exemplificar alimentos considerados sagrados por diferentes culturas, tradições e expressões religiosas.","Provide examples of foods considered sacred by different cultures, traditions, and religious expressions."
EF02ER07,EF,2º,Ensino Religioso,Identificar significados atribuídos a alimentos em diferentes manifestações e tradições religiosas.,Identify the meanings attributed to foods in different religious manifestations and traditions.
EF03ER01,EF,3º,Ensino Religioso,Identificar e respeitar os diferentes espaços e territórios religiosos de diferentes tradições e movimentos religiosos.,Identify and respect the different spaces and territories of various religious traditions and movements.
EF03ER02,EF,3º,Ensino Religioso,Caracterizar os espaços e territórios religiosos como locais de realização das práticas celebrativas.,Characterize religious spaces and territories as sites where celebratory practices are carried out.
EF02GE02,EF,2º,Geografia,"Comparar costumes e tradições de diferentes populações inseridas no bairro ou comunidade em que vive, reconhecendo a importância do respeito às diferenças.","Compare customs and traditions of different populations within the neighborhood or community where students live, recognizing the importance of respecting differences."
EF02GE03,EF,2º,Geografia,"Comparar diferentes meios de transporte e de comunicação, indicando o seu papel na conexão entre lugares, e discutir os riscos para a vida e para o ambiente e seu uso responsável.","Compare different means of transportation and communication, indicating their role in connecting places, and discuss the risks they pose to human life and the environment as well as the principles of their responsible use."
EF02GE04,EF,2º,Geografia,"Reconhecer semelhanças e diferenças nos hábitos, nas relações com a natureza e no modo de viver de pessoas em diferentes lugares.","Recognize similarities and differences in the habits, relationships with nature, and ways of life of people in different places."
EF02GE05,EF,2º,Geografia,"Analisar mudanças e permanências, comparando imagens de um mesmo lugar em diferentes tempos.",Analyze changes and continuities by comparing images of the same place at different points in time.
EF02GE06,EF,2º,Geografia,"Relacionar o dia e a noite a diferentes tipos de atividades sociais (horário escolar, comercial, sono etc.).","Relate day and night cycles to different types of social activities (school schedules, business hours, sleep, etc.)."
EF02GE07,EF,2º,Geografia,"Descrever as atividades extrativas (minerais, agropecuárias e industriais) de diferentes lugares, identificando os impactos ambientais.","Describe extractive activities (mineral, agricultural, livestock, and industrial) in different places, identifying their environmental impacts."
EF02GE08,EF,2º,Geografia,"Identificar e elaborar diferentes formas de representação (desenhos, mapas mentais, maquetes) para representar componentes da paisagem dos lugares de vivência.","Identify and create different forms of representation (drawings, mental maps, scale models) to depict landscape components of familiar places."
EF02GE09,EF,2º,Geografia,Identificar objetos e lugares de vivência (escola e moradia) em imagens aéreas e mapas (visão vertical) e fotografias (visão oblíqua).,Identify familiar objects and places (school and home) in aerial images and maps (vertical view) and photographs (oblique view).
EF02GE10,EF,2º,Geografia,"Aplicar princípios de localização e posição de objetos (referenciais espaciais, como frente e atrás, esquerda e direita, em cima e embaixo, dentro e fora) por meio de representações espaciais da sala de aula e da escola.","Apply principles of location and position of objects (spatial reference points such as front and back, left and right, above and below, inside and outside) through spatial representations of the classroom and school."
EF02GE11,EF,2º,Geografia,"Reconhecer a importância do solo e da água para a vida, identificando seus diferentes usos (plantação e extração de materiais, entre outras possibilidades) e os impactos desses usos no cotidiano da cidade e do campo.","Recognize the importance of soil and water for life, identifying their different uses (cultivation, material extraction, and other possibilities) and the impacts of those uses on daily life in urban and rural settings."
EF03GE01,EF,3º,Geografia,"Identificar e comparar aspectos culturais dos grupos sociais de seus lugares de vivência, seja na cidade, seja no campo.","Identify and compare cultural aspects of social groups in students' places of lived experience, whether in urban or rural settings."
EF03GE02,EF,3º,Geografia,"Identificar, em seus lugares de vivência, marcas de contribuição cultural e econômica de grupos de diferentes origens.","Identify, in students' places of lived experience, traces of the cultural and economic contributions of groups of different origins."
EF03GE03,EF,3º,Geografia,Reconhecer os diferentes modos de vida de povos e comunidades tradicionais em distintos lugares.,"Recognize the different ways of life of traditional peoples and communities (indigenous, quilombola, and other groups) in distinct places."
EF03GE04,EF,3º,Geografia,"Explicar como os processos naturais e históricos atuam na produção e na mudança das paisagens naturais e antrópicas nos seus lugares de vivência, comparando-os a outros lugares.","Explain how natural and historical processes shape the formation and transformation of natural and human-modified landscapes in students' places of lived experience, comparing them to other places."
EF03GE05,EF,3º,Geografia,"Identificar alimentos, minerais e outros produtos cultivados e extraídos da natureza, comparando as atividades de trabalho em diferentes lugares.","Identify foods, minerals, and other products cultivated and extracted from nature, comparing work activities across different places."
EF03GE06,EF,3º,Geografia,Identificar e interpretar imagens bidimensionais e tridimensionais em diferentes tipos de representação cartográfica.,Identify and interpret two-dimensional and three-dimensional images in different types of cartographic representation.
EF03GE07,EF,3º,Geografia,Reconhecer e elaborar legendas com símbolos de diversos tipos de representações em diferentes escalas cartográficas.,Recognize and construct map legends using symbols from various types of representations at different cartographic scales.
EF03GE08,EF,3º,Geografia,"Relacionar a produção de lixo doméstico ou da escola aos problemas causados pelo consumo excessivo e construir propostas para o consumo consciente, considerando a ampliação de hábitos de redução, reúso e reciclagem/ descarte de materiais consumidos em casa, na escola e/ou no entorno.","Relate the production of household or school waste to problems caused by excessive consumption, and develop proposals for conscious consumption that incorporate expanded habits of reducing, reusing, recycling, and properly disposing of materials consumed at home, at school, and in the surrounding community."
EF03GE09,EF,3º,Geografia,"Investigar os usos dos recursos naturais, com destaque para os usos da água em atividades cotidianas (alimentação, higiene, cultivo de plantas etc.), e discutir os problemas ambientais provocados por esses usos.","Investigate the uses of natural resources, with emphasis on the uses of water in everyday activities (food preparation, hygiene, plant cultivation, etc.), and discuss the environmental problems caused by those uses."
EF03GE10,EF,3º,Geografia,Identificar os cuidados necessários para utilização da água na agricultura e na geração de energia de modo a garantir a manutenção do provimento de água potável.,Identify the necessary precautions for using water in agriculture and energy generation in order to ensure the continued provision of safe drinking water.
EF03GE11,EF,3º,Geografia,"Comparar impactos das atividades econômicas urbanas e rurais sobre o ambiente físico natural, assim como os riscos provenientes do uso de ferramentas e máquinas.","Compare the impacts of urban and rural economic activities on the natural physical environment, as well as the risks arising from the use of tools and machinery."
EF04GE01,EF,4º,Geografia,"Selecionar, em seus lugares de vivência e em suas histórias familiares e/ou da comunidade, elementos de distintas culturas (indígenas, afro-brasileiras, de outras regiões do país, latino-americanas, europeias, asiáticas etc.), valorizando o que é próprio em cada uma delas e sua contribuição para a formação da cultura local, regional e brasileira.","Select, from students' own places of experience and from their family and/or community histories, elements of distinct cultures (Indigenous, Afro-Brazilian, from other regions of the country, Latin American, European, Asian, etc.), recognizing what is distinctive in each and its contribution to the formation of local, regional, and Brazilian culture."
EF04GE02,EF,4º,Geografia,Descrever processos migratórios e suas contribuições para a formação da sociedade brasileira.,Describe migratory processes and their contributions to the formation of Brazilian society.
EF04GE03,EF,4º,Geografia,"Distinguir funções e papéis dos órgãos do poder público municipal e canais de participação social na gestão do Município, incluindo a Câmara de Vereadores e Conselhos Municipais.","Distinguish the functions and roles of municipal government bodies and channels for social participation in municipal governance, including the Câmara de Vereadores (City Council) and Municipal Councils."
EF04GE04,EF,4º,Geografia,"Reconhecer especificidades e analisar a interdependência do campo e da cidade, considerando fluxos econômicos, de informações, de ideias e de pessoas.","Recognize the specificities of rural and urban areas and analyze their interdependence, considering flows of goods, information, ideas, and people."
EF04GE05,EF,4º,Geografia,"Distinguir unidades político-administrativas oficiais nacionais (Distrito, Município, Unidade da Federação e grande região), suas fronteiras e sua hierarquia, localizando seus lugares de vivência.","Distinguish official national political-administrative units (District, Municipality, Federative Unit, and major region), their boundaries, and their hierarchy, locating students' own places of experience within this framework."
EF04GE06,EF,4º,Geografia,"Identificar e descrever territórios étnico-culturais existentes no Brasil, tais como terras indígenas e de comunidades remanescentes de quilombos, reconhecendo a legitimidade da demarcação desses territórios.","Identify and describe ethno-cultural territories in Brazil, such as Indigenous lands and territories of remaining quilombo communities (Quilombolas — descendants of Afro-Brazilian maroon settlements), recognizing the legitimacy of the demarcation of these territories."
EF04GE07,EF,4º,Geografia,Comparar as características do trabalho no campo e na cidade.,Compare the characteristics of work in rural and urban settings.
EF04GE08,EF,4º,Geografia,"Descrever e discutir o processo de produção (transformação de matérias-primas), circulação e consumo de diferentes produtos.","Describe and discuss the processes of production (transformation of raw materials), distribution, and consumption of different products."
EF04GE09,EF,4º,Geografia,Utilizar as direções cardeais na localização de componentes físicos e humanos nas paisagens rurais e urbanas.,Apply cardinal directions to locate physical and human features in rural and urban landscapes.
EF04GE10,EF,4º,Geografia,"Comparar tipos variados de mapas, identificando suas características, elaboradores, finalidades, diferenças e semelhanças.","Compare a variety of map types, identifying their characteristics, authors, purposes, differences, and similarities."
EF04GE11,EF,4º,Geografia,"Identificar as características das paisagens naturais e antrópicas (relevo, cobertura vegetal, rios etc.) no ambiente em que vive, bem como a ação humana na conservação ou degradação dessas áreas.","Identify the characteristics of natural and human-modified landscapes (relief, vegetation cover, rivers, etc.) in the local environment, as well as the role of human action in the conservation or degradation of these areas."
EF05GE01,EF,5º,Geografia,"Descrever e analisar dinâmicas populacionais na Unidade da Federação em que vive, estabelecendo relações entre migrações e condições de infraestrutura.","Describe and analyze population dynamics in the Federative Unit where students live, establishing connections between migration patterns and infrastructure conditions."
EF05GE02,EF,5º,Geografia,Identificar diferenças étnico-raciais e étnico-culturais e desigualdades sociais entre grupos em diferentes territórios.,Identify ethno-racial and ethno-cultural differences and social inequalities among groups across different territories.
EF05GE03,EF,5º,Geografia,"Identificar as formas e funções das cidades e analisar as mudanças sociais, econômicas e ambientais provocadas pelo seu crescimento.","Identify the forms and functions of cities and analyze the social, economic, and environmental changes produced by urban growth."
EF05GE04,EF,5º,Geografia,Reconhecer as características da cidade e analisar as interações entre a cidade e o campo e entre cidades na rede urbana.,Recognize the characteristics of cities and analyze the interactions between city and countryside and among cities within the urban network.
EF05GE05,EF,5º,Geografia,"Identificar e comparar as mudanças dos tipos de trabalho e desenvolvimento tecnológico na agropecuária, na indústria, no comércio e nos serviços.","Identify and compare changes in types of work and technological development in agriculture and livestock farming, industry, commerce, and services."
EF05GE06,EF,5º,Geografia,Identificar e comparar transformações dos meios de transporte e de comunicação.,Identify and compare transformations in means of transportation and communication.
EF05GE07,EF,5º,Geografia,"Identificar os diferentes tipos de energia utilizados na produção industrial, agrícola e extrativa e no cotidiano das populações.","Identify the different types of energy used in industrial, agricultural, and extractive production and in the daily lives of populations."
EF05GE08,EF,5º,Geografia,"Analisar transformações de paisagens nas cidades, comparando sequência de fotografias, fotografias aéreas e imagens de satélite de épocas diferentes.","Analyze landscape transformations in cities by comparing sequences of photographs, aerial photographs, and satellite images from different time periods."
EF02HI02,EF,2º,História,Identificar e descrever práticas e papéis sociais que as pessoas exercem em diferentes comunidades.,Identify and describe the social practices and roles that people fulfill in different communities.
EF02HI03,EF,2º,História,"Selecionar situações cotidianas que remetam à percepção de mudança, pertencimento e memória.","Select everyday situations that relate to the perception of change, belonging, and memory."
EF02HI04,EF,2º,História,"Selecionar e compreender o significado de objetos e documentos pessoais como fontes de memórias e histórias nos âmbitos pessoal, familiar, escolar e comunitário.","Select and understand the significance of personal objects and documents as sources of memories and histories in personal, family, school, and community contexts."
EF02HI05,EF,2º,História,"Selecionar objetos e documentos pessoais e de grupos próximos ao seu convívio e compreender sua função, seu uso e seu significado.","Select personal objects and documents belonging to individuals and groups in their immediate social circle, and understand their function, use, and significance."
EF02HI06,EF,2º,História,"Identificar e organizar, temporalmente, fatos da vida cotidiana, usando noções relacionadas ao tempo (antes, durante, ao mesmo tempo e depois).","Identify and organize events from daily life in chronological order, using concepts related to time (before, during, at the same time, and after)."
EF02HI07,EF,2º,História,"Identificar e utilizar diferentes marcadores do tempo presentes na comunidade, como relógio e calendário.","Identify and use different timekeeping tools present in the community, such as clocks and calendars."
EF02HI08,EF,2º,História,Compilar histórias da família e/ou da comunidade registradas em diferentes fontes.,Compile stories from the family and/or community recorded in a variety of sources.
EF02HI09,EF,2º,História,"Identificar objetos e documentos pessoais que remetam à própria experiência no âmbito da família e/ou da comunidade, discutindo as razões pelas quais alguns objetos são preservados e outros são descartados.","Identify personal objects and documents connected to their own experience within the family and/or community, and discuss the reasons why some objects are preserved while others are discarded."
EF02HI10,EF,2º,História,"Identificar diferentes formas de trabalho existentes na comunidade em que vive, seus significados, suas especificidades e importância.","Identify the different forms of work that exist in their community, along with their meanings, distinguishing characteristics, and importance."
EF02HI11,EF,2º,História,Identificar impactos no ambiente causados pelas diferentes formas de trabalho existentes na comunidade em que vive.,Identify environmental impacts caused by the different forms of work that exist in their community.
EF03HI01,EF,3º,História,"Identificar os grupos populacionais que formam a cidade, o município e a região, as relações estabelecidas entre eles e os eventos que marcam a formação da cidade, como fenômenos migratórios (vida rural/vida urbana), desmatamentos, estabelecimento de grandes empresas etc.","Identify the population groups that make up the city, municipality, and region, the relationships established among them, and the events that have shaped the city's formation, such as migratory phenomena (rural life/urban life), deforestation, the establishment of large enterprises, and similar developments."
EF03HI02,EF,3º,História,"Selecionar, por meio da consulta de fontes de diferentes naturezas, e registrar acontecimentos ocorridos ao longo do tempo na cidade ou região em que vive.","Select, through consultation of sources of different types, and record events that have taken place over time in the city or region where they live."
EF03HI03,EF,3º,História,"Identificar e comparar pontos de vista em relação a eventos significativos do local em que vive, aspectos relacionados a condições sociais e à presença de diferentes grupos sociais e culturais, com especial destaque para as culturas africanas, indígenas e de migrantes.","Identify and compare perspectives on significant events in the local area, aspects related to social conditions, and the presence of different social and cultural groups, with special emphasis on African, Indigenous, and immigrant cultures."
EF03HI04,EF,3º,História,"Identificar os patrimônios históricos e culturais de sua cidade ou região e discutir as razões culturais, sociais e políticas para que assim sejam considerados.","Identify the historical and cultural heritage sites of their city or region, and discuss the cultural, social, and political reasons for which they are recognized as such."
EF03HI05,EF,3º,História,Identificar os marcos históricos do lugar em que vive e compreender seus significados.,Identify the historical landmarks of the place where they live and understand their significance.
EF03HI06,EF,3º,História,"Identificar os registros de memória na cidade (nomes de ruas, monumentos, edifícios etc.), discutindo os critérios que explicam a escolha desses nomes.","Identify markers of memory in the city (street names, monuments, buildings, etc.), and discuss the criteria that explain the selection of those names."
EF03HI07,EF,3º,História,"Identificar semelhanças e diferenças existentes entre comunidades de sua cidade ou região, e descrever o papel dos diferentes grupos sociais que as formam.","Identify similarities and differences among communities in their city or region, and describe the role of the different social groups that constitute them."
EF03HI08,EF,3º,História,"Identificar modos de vida na cidade e no campo no presente, comparando-os com os do passado.","Identify ways of life in the city and in rural areas in the present, comparing them with those of the past."
EF03HI09,EF,3º,História,"Mapear os espaços públicos no lugar em que vive (ruas, praças, escolas, hospitais, prédios da Prefeitura e da Câmara de Vereadores etc.) e identificar suas funções.","Map the public spaces in the place where they live (streets, plazas, schools, hospitals, city hall buildings, city council chambers, etc.) and identify their functions."
EF03HI10,EF,3º,História,"Identificar as diferenças entre o espaço doméstico, os espaços públicos e as áreas de conservação ambiental, compreendendo a importância dessa distinção.","Identify the distinctions among domestic spaces, public spaces, and environmental conservation areas, and understand the importance of these distinctions."
EF03HI11,EF,3º,História,"Identificar diferenças entre formas de trabalho realizadas na cidade e no campo, considerando também o uso da tecnologia nesses diferentes contextos.","Identify differences between forms of work carried out in urban and rural settings, considering the use of technology in each of these contexts."
EF03HI12,EF,3º,História,"Comparar as relações de trabalho e lazer do presente com as de outros tempos e espaços, analisando mudanças e permanências.","Compare work and leisure relations in the present with those of other times and places, analyzing continuities and changes."
EF04HI01,EF,4º,História,"Reconhecer a história como resultado da ação do ser humano no tempo e no espaço, com base na identificação de mudanças e permanências ao longo do tempo.","Recognize history as the result of human action in time and space, based on the identification of changes and continuities over time."
EF04HI02,EF,4º,História,"Identificar mudanças e permanências ao longo do tempo, discutindo os sentidos dos grandes marcos da história da humanidade (nomadismo, desenvolvimento da agricultura e do pastoreio, criação da indústria etc.).","Identify changes and continuities over time, discussing the significance of major milestones in human history (nomadism, the development of agriculture and pastoralism, the rise of industry, etc.)."
EF04HI03,EF,4º,História,"Identificar as transformações ocorridas na cidade ao longo do tempo e discutir suas interferências nos modos de vida de seus habitantes, tomando como ponto de partida o presente.","Identify transformations that have occurred in cities over time and discuss their effects on the ways of life of their inhabitants, using the present as a starting point."
EF04HI04,EF,4º,História,Identificar as relações entre os indivíduos e a natureza e discutir o significado do nomadismo e da fixação das primeiras comunidades humanas.,Identify the relationships between individuals and nature and discuss the significance of nomadism and the settlement of the first human communities.
EF04HI05,EF,4º,História,"Relacionar os processos de ocupação do campo a intervenções na natureza, avaliando os resultados dessas intervenções.","Relate the processes of rural settlement to interventions in the natural environment, evaluating the outcomes of those interventions."
EF04HI06,EF,4º,História,"Identificar as transformações ocorridas nos processos de deslocamento das pessoas e mercadorias, analisando as formas de adaptação ou marginalização.","Identify transformations in the ways people and goods have moved from place to place, analyzing patterns of adaptation or marginalization."
EF04HI07,EF,4º,História,"Identificar e descrever a importância dos caminhos terrestres, fluviais e marítimos para a dinâmica da vida comercial.","Identify and describe the importance of overland, river, and maritime routes to the dynamics of commercial life."
EF04HI08,EF,4º,História,"Identificar as transformações ocorridas nos meios de comunicação (cultura oral, imprensa, rádio, televisão, cinema, internet e demais tecnologias digitais de informação e comunicação) e discutir seus significados para os diferentes grupos ou estratos sociais.","Identify transformations in means of communication (oral culture, the printing press, radio, television, cinema, the internet, and other digital information and communication technologies) and discuss their significance for different social groups or strata."
EF04HI09,EF,4º,História,Identificar as motivações dos processos migratórios em diferentes tempos e espaços e avaliar o papel desempenhado pela migração nas regiões de destino.,"Identify the motivations behind migratory processes in different times and places, and evaluate the role migration has played in destination regions."
EF04HI10,EF,4º,História,Analisar diferentes fluxos populacionais e suas contribuições para a formação da sociedade brasileira.,Analyze different population flows and their contributions to the formation of Brazilian society.
EF04HI11,EF,4º,História,"Analisar, na sociedade em que vive, a existência ou não de mudanças associadas à migração (interna e internacional).",Analyze whether changes associated with migration (internal and international) exist or do not exist in the society in which students live.
EF05HI01,EF,5º,História,"Identificar os processos de formação das culturas e dos povos, relacionando-os com o espaço geográfico ocupado.","Identify the processes by which cultures and peoples formed, relating them to the geographic spaces they occupied."
EF05HI02,EF,5º,História,Identificar os mecanismos de organização do poder político com vistas à compreensão da ideia de Estado e/ou de outras formas de ordenação social.,"Identify the mechanisms by which political power is organized, with a view to understanding the concept of the State and/or other forms of social order."
EF05HI03,EF,5º,História,Analisar o papel das culturas e das religiões na composição identitária dos povos antigos.,Analyze the role of cultures and religions in shaping the identities of ancient peoples.
EF05HI04,EF,5º,História,"Associar a noção de cidadania com os princípios de respeito à diversidade, à pluralidade e aos direitos humanos.","Connect the notion of citizenship to the principles of respect for diversity, pluralism, and human rights."
EF05HI05,EF,5º,História,"Associar o conceito de cidadania à conquista de direitos dos povos e das sociedades, compreendendo-o como conquista histórica.","Connect the concept of citizenship to the struggle for rights by peoples and societies, understanding it as a historical achievement."
EF05HI06,EF,5º,História,"Comparar o uso de diferentes linguagens e tecnologias no processo de comunicação e avaliar os significados sociais, políticos e culturais atribuídos a elas.","Compare the use of different languages and technologies in the process of communication, and evaluate the social, political, and cultural meanings attributed to them."
EF05HI07,EF,5º,História,"Identificar os processos de produção, hierarquização e difusão dos marcos de memória e discutir a presença e/ou a ausência de diferentes grupos que compõem a sociedade na nomeação desses marcos de memória.","Identify the processes of production, hierarchization, and dissemination of sites of memory, and discuss the presence and/or absence of different groups that compose society in the naming of those sites of memory."
EF05GE09,EF,5º,Geografia,"Estabelecer conexões e hierarquias entre diferentes cidades, utilizando mapas temáticos e representações gráficas.",Establish connections and hierarchies among different cities using thematic maps and graphic representations.
EF05GE10,EF,5º,Geografia,"Reconhecer e comparar atributos da qualidade ambiental e algumas formas de poluição dos cursos de água e dos oceanos (esgotos, efluentes industriais, marés negras etc.).","Recognize and compare attributes of environmental quality and selected forms of pollution affecting waterways and oceans (sewage, industrial effluents, oil spills, etc.)."
EF05GE11,EF,5º,Geografia,"Identificar e descrever problemas ambientais que ocorrem no entorno da escola e da residência (lixões, indústrias poluentes, destruição do patrimônio histórico etc.), propondo soluções (inclusive tecnológicas) para esses problemas.","Identify and describe environmental problems occurring in the vicinity of the school and place of residence (open dumps, polluting industries, destruction of historical heritage, etc.), and propose solutions — including technological ones — to address these problems."
EF05GE12,EF,5º,Geografia,"Identificar órgãos do poder público e canais de participação social responsáveis por buscar soluções para a melhoria da qualidade de vida (em áreas como meio ambiente, mobilidade, moradia e direito à cidade) e discutir as propostas implementadas por esses órgãos que afetam a comunidade em que vive.","Identify government agencies and social participation channels responsible for seeking solutions to improve quality of life (in areas such as the environment, mobility, housing, and the right to the city), and discuss the proposals implemented by these agencies that affect the community in which students live."
EF06GE01,EF,6º,Geografia,Comparar modificações das paisagens nos lugares de vivência e os usos desses lugares em diferentes tempos.,Compare transformations of landscapes in students' places of lived experience and the uses of those places across different periods of time.
EF06GE02,EF,6º,Geografia,"Analisar modificações de paisagens por diferentes tipos de sociedade, com destaque para os povos originários.","Analyze modifications of landscapes by different types of societies, with emphasis on Indigenous peoples."
EF06GE03,EF,6º,Geografia,"Descrever os movimentos do planeta e sua relação com a circulação geral da atmosfera, o tempo atmosférico e os padrões climáticos.","Describe Earth's movements and their relationship to general atmospheric circulation, weather conditions, and climate patterns."
EF06GE04,EF,6º,Geografia,"Descrever o ciclo da água, comparando o escoamento superficial no ambiente urbano e rural, reconhecendo os principais componentes da morfologia das bacias e das redes hidrográficas e a sua localização no modelado da superfície terrestre e da cobertura vegetal.","Describe the water cycle, comparing surface runoff in urban and rural environments, identifying the principal components of the morphology of drainage basins and hydrographic networks, and locating these features within Earth's landform relief and vegetation cover."
EF06GE05,EF,6º,Geografia,"Relacionar padrões climáticos, tipos de solo, relevo e formações vegetais.","Relate climate patterns, soil types, landform relief, and vegetation formations to one another."
EF06GE06,EF,6º,Geografia,Identificar as características das paisagens transformadas pelo trabalho humano a partir do desenvolvimento da agropecuária e do processo de industrialização.,Identify the characteristics of landscapes transformed by human labor through the development of agriculture and livestock raising and through the process of industrialization.
EF06GE07,EF,6º,Geografia,Explicar as mudanças na interação humana com a natureza a partir do surgimento das cidades.,Explain the changes in human interaction with the natural environment that emerged with the rise of cities.
EF06GE08,EF,6º,Geografia,Medir distâncias na superfície pelas escalas gráficas e numéricas dos mapas.,Measure distances on Earth's surface using graphic and numerical scales on maps.
EF06GE09,EF,6º,Geografia,"Elaborar modelos tridimensionais, blocos-diagramas e perfis topográficos e de vegetação, visando à representação de elementos e estruturas da superfície terrestre.","Construct three-dimensional models, block diagrams, and topographic and vegetation profiles to represent features and structures of Earth's surface."
EF06GE10,EF,6º,Geografia,"Explicar as diferentes formas de uso do solo (rotação de terras, terraceamento, aterros etc.) e de apropriação dos recursos hídricos (sistema de irrigação, tratamento e redes de distribuição), bem como suas vantagens e desvantagens em diferentes épocas e lugares.","Explain different forms of land use (crop rotation, terracing, landfills, etc.) and appropriation of water resources (irrigation systems, treatment, and distribution networks), as well as their advantages and disadvantages across different periods and places."
EF06GE11,EF,6º,Geografia,"Analisar distintas interações das sociedades com a natureza, com base na distribuição dos componentes físico-naturais, incluindo as transformações da biodiversidade local e do mundo.","Analyze distinct interactions between societies and the natural environment, based on the distribution of physical-natural components, including transformations to local and global biodiversity."
EF06GE12,EF,6º,Geografia,"Identificar o consumo dos recursos hídricos e o uso das principais bacias hidrográficas no Brasil e no mundo, enfatizando as transformações nos ambientes urbanos.","Identify the consumption of water resources and the use of major drainage basins in Brazil and in the world, with emphasis on transformations in urban environments."
EF06GE13,EF,6º,Geografia,"Analisar consequências, vantagens e desvantagens das práticas humanas na dinâmica climática (ilha de calor etc.).","Analyze the consequences, advantages, and disadvantages of human practices on climate dynamics (urban heat islands, etc.)."
EF07GE01,EF,7º,Geografia,"Avaliar, por meio de exemplos extraídos dos meios de comunicação, ideias e estereótipos acerca das paisagens e da formação territorial do Brasil.","Evaluate, through examples drawn from media sources, the ideas and stereotypes associated with the landscapes and territorial formation of Brazil."
EF07GE02,EF,7º,Geografia,"Analisar a influência dos fluxos econômicos e populacionais na formação socioeconômica e territorial do Brasil, compreendendo os conflitos e as tensões históricas e contemporâneas.","Analyze the influence of economic and population flows on the socioeconomic and territorial formation of Brazil, examining historical and contemporary conflicts and tensions."
EF07GE03,EF,7º,Geografia,"Selecionar argumentos que reconheçam as territorialidades dos povos indígenas originários, das comunidades remanescentes de quilombos, de povos das florestas e do cerrado, de ribeirinhos e caiçaras, entre outros grupos sociais do campo e da cidade, como direitos legais dessas comunidades.","Select arguments that recognize the territorialities of Indigenous peoples, communities descended from quilombos (Maroon communities), peoples of the forests and the Cerrado (Brazilian savanna), riverside communities, and coastal fishing communities (caiçaras), among other social groups of rural and urban areas, as legal rights of these communities."
EF09GE08,EF,9º,Geografia,"Analisar transformações territoriais, considerando o movimento de fronteiras, tensões, conflitos e múltiplas regionalidades na Europa, na Ásia e na Oceania.","Analyze territorial transformations by examining shifting borders, tensions, conflicts, and multiple regionalities in Europe, Asia, and Oceania."
EF09GE09,EF,9º,Geografia,"Analisar características de países e grupos de países europeus, asiáticos e da Oceania em seus aspectos populacionais, urbanos, políticos e econômicos, e discutir suas desigualdades sociais e econômicas e pressões sobre seus ambientes físico-naturais.","Analyze characteristics of European, Asian, and Oceanian countries and country groups with respect to their demographic, urban, political, and economic dimensions, and discuss their social and economic inequalities and pressures on their physical-natural environments."
EF09GE10,EF,9º,Geografia,"Analisar os impactos do processo de industrialização na produção e circulação de produtos e culturas na Europa, na Ásia e na Oceania.","Analyze the impacts of the industrialization process on the production and circulation of goods and cultures in Europe, Asia, and Oceania."
EF09GE11,EF,9º,Geografia,Relacionar as mudanças técnicas e científicas decorrentes do processo de industrialização com as transformações no trabalho em diferentes regiões do mundo e suas consequências no Brasil.,Relate the technical and scientific changes resulting from industrialization to transformations in labor across different world regions and their consequences for Brazil.
EF09GE12,EF,9º,Geografia,"Relacionar o processo de urbanização às transformações da produção agropecuária, à expansão do desemprego estrutural e ao papel crescente do capital financeiro em diferentes países, com destaque para o Brasil.","Relate the urbanization process to transformations in agricultural production, the expansion of structural unemployment, and the growing role of financial capital in different countries, with particular emphasis on Brazil."
EF09GE13,EF,9º,Geografia,Analisar a importância da produção agropecuária na sociedade urbano-industrial ante o problema da desigualdade mundial de acesso aos recursos alimentares e à matéria-prima.,Analyze the importance of agricultural production in urban-industrial society in light of the global problem of unequal access to food resources and raw materials.
EF09GE14,EF,9º,Geografia,"Elaborar e interpretar gráficos de barras e de setores, mapas temáticos e esquemáticos (croquis) e anamorfoses geográficas para analisar, sintetizar e apresentar dados e informações sobre diversidade, diferenças e desigualdades sociopolíticas e geopolíticas mundiais.","Construct and interpret bar graphs, pie charts, thematic and schematic maps (sketch maps), and geographic cartograms to analyze, synthesize, and present data and information about sociopolitical and geopolitical diversity, differences, and inequalities worldwide."
EF09GE15,EF,9º,Geografia,"Comparar e classificar diferentes regiões do mundo com base em informações populacionais, econômicas e socioambientais representadas em mapas temáticos e com diferentes projeções cartográficas.","Compare and classify different world regions based on demographic, economic, and socio-environmental data represented in thematic maps using different cartographic projections."
EF09GE16,EF,9º,Geografia,"Identificar e comparar diferentes domínios morfoclimáticos da Europa, da Ásia e da Oceania.","Identify and compare different morphoclimatic domains of Europe, Asia, and Oceania."
EF09GE17,EF,9º,Geografia,"Explicar as características físico-naturais e a forma de ocupação e usos da terra em diferentes regiões da Europa, da Ásia e da Oceania.","Explain the physical-natural characteristics and the patterns of land occupation and use in different regions of Europe, Asia, and Oceania."
EF09GE18,EF,9º,Geografia,"Identificar e analisar as cadeias industriais e de inovação e as consequências dos usos de recursos naturais e das diferentes fontes de energia (tais como termoelétrica, hidrelétrica, eólica e nuclear) em diferentes países.","Identify and analyze industrial and innovation supply chains, and examine the consequences of natural resource use and different energy sources—such as thermoelectric, hydroelectric, wind, and nuclear power—in different countries."
EF01HI01,EF,1º,História,Identificar aspectos do seu crescimento por meio do registro das lembranças particulares ou de lembranças dos membros de sua família e/ou de sua comunidade.,Identify aspects of one's own growth through the recording of personal memories or the memories of family members and/or community members.
EF01HI02,EF,1º,História,Identificar a relação entre as suas histórias e as histórias de sua família e de sua comunidade.,Identify the relationships between one's own personal history and the histories of one's family and community.
EF01HI03,EF,1º,História,"Descrever e distinguir os seus papéis e responsabilidades relacionados à família, à escola e à comunidade.","Describe and distinguish one's own roles and responsibilities in relation to family, school, and community."
EF01HI04,EF,1º,História,"Identificar as diferenças entre os variados ambientes em que vive (doméstico, escolar e da comunidade), reconhecendo as especificidades dos hábitos e das regras que os regem.","Identify differences among the various environments in which one lives (home, school, and community), recognizing the specific habits and rules that govern each."
EF01HI05,EF,1º,História,Identificar semelhanças e diferenças entre jogos e brincadeiras atuais e de outras épocas e lugares.,Identify similarities and differences between games and play activities of the present and those of other times and places.
EF01HI06,EF,1º,História,Conhecer as histórias da família e da escola e identificar o papel desempenhado por diferentes sujeitos em diferentes espaços.,"Explore the histories of family and school, and identify the roles played by different individuals in different spaces."
EF01HI07,EF,1º,História,Identificar mudanças e permanências nas formas de organização familiar.,Identify changes and continuities in forms of family organization.
EF01HI08,EF,1º,História,"Reconhecer o significado das comemorações e festas escolares, diferenciando-as das datas festivas comemoradas no âmbito familiar ou da comunidade.","Recognize the significance of school celebrations and holidays, distinguishing them from festive dates commemorated within the family or community."
EF02HI01,EF,2º,História,Reconhecer espaços de sociabilidade e identificar os motivos que aproximam e separam as pessoas em diferentes grupos sociais ou de parentesco.,Recognize spaces of social interaction and identify the factors that bring people together and separate them within different social or kinship groups.
EF07GE04,EF,7º,Geografia,"Analisar a distribuição territorial da população brasileira, considerando a diversidade étnico-cultural (indígena, africana, europeia e asiática), assim como aspectos de renda, sexo e idade nas regiões brasileiras.","Analyze the territorial distribution of the Brazilian population, considering its ethnic-cultural diversity (Indigenous, African, European, and Asian), as well as income, sex, and age characteristics across Brazil's regions."
EF07GE05,EF,7º,Geografia,Analisar fatos e situações representativas das alterações ocorridas entre o período mercantilista e o advento do capitalismo.,Analyze events and situations representative of the changes that occurred between the mercantilist period and the advent of capitalism.
EF07GE06,EF,7º,Geografia,"Discutir em que medida a produção, a circulação e o consumo de mercadorias provocam impactos ambientais, assim como influem na distribuição de riquezas, em diferentes lugares.","Discuss the extent to which the production, circulation, and consumption of goods generate environmental impacts and influence the distribution of wealth across different places."
EF07GE07,EF,7º,Geografia,Analisar a influência e o papel das redes de transporte e comunicação na configuração do território brasileiro.,Analyze the influence and role of transportation and communication networks in shaping the configuration of the Brazilian territory.
EF07GE08,EF,7º,Geografia,Estabelecer relações entre os processos de industrialização e inovação tecnológica com as transformações socioeconômicas do território brasileiro.,Establish connections between processes of industrialization and technological innovation and the socioeconomic transformations of the Brazilian territory.
EF07GE09,EF,7º,Geografia,"Interpretar e elaborar mapas temáticos e históricos, inclusive utilizando tecnologias digitais, com informações demográficas e econômicas do Brasil (cartogramas), identificando padrões espaciais, regionalizações e analogias espaciais.","Interpret and construct thematic and historical maps — including through the use of digital technologies — containing demographic and economic data about Brazil (cartograms), identifying spatial patterns, regionalizations, and spatial analogies."
EF07GE10,EF,7º,Geografia,"Elaborar e interpretar gráficos de barras, gráficos de setores e histogramas, com base em dados socioeconômicos das regiões brasileiras.","Construct and interpret bar graphs, pie charts, and histograms based on socioeconomic data from Brazil's regions."
EF07GE11,EF,7º,Geografia,"Caracterizar dinâmicas dos componentes físico-naturais no território nacional, bem como sua distribuição e biodiversidade (Florestas Tropicais, Cerrados, Caatingas, Campos Sulinos e Matas de Araucária).","Characterize the dynamics of physical-natural components across the national territory, as well as their spatial distribution and biodiversity, including Tropical Rainforests, Cerrados (Brazilian savanna), Caatingas (semi-arid shrublands), Campos Sulinos (southern grasslands), and Araucária Forests."
EF07GE12,EF,7º,Geografia,"Comparar unidades de conservação existentes no Município de residência e em outras localidades brasileiras, com base na organização do Sistema Nacional de Unidades de Conservação (SNUC).","Compare conservation units in the student's home municipality with those in other Brazilian localities, based on the organizational framework of the National System of Conservation Units (SNUC — Sistema Nacional de Unidades de Conservação)."
EF08GE01,EF,8º,Geografia,"Descrever as rotas de dispersão da população humana pelo planeta e os principais fluxos migratórios em diferentes períodos da história, discutindo os fatores históricos e condicionantes físico-naturais associados à distribuição da população humana pelos continentes.","Describe the routes of dispersal of the human population across the planet and the principal migratory flows across different historical periods, discussing the historical factors and physical-natural conditions associated with the distribution of human populations across the continents."
EF08GE02,EF,8º,Geografia,"Relacionar fatos e situações representativas da história das famílias do Município em que se localiza a escola, considerando a diversidade e os fluxos migratórios da população mundial.",Connect events and situations representative of the history of families in the municipality where the school is located to the diversity and migratory flows of the world population.
EF08GE03,EF,8º,Geografia,"Analisar aspectos representativos da dinâmica demográfica, considerando características da população (perfil etário, crescimento vegetativo e mobilidade espacial).","Analyze representative aspects of demographic dynamics, considering population characteristics such as age profile, natural growth rate, and spatial mobility."
EF08GE04,EF,8º,Geografia,"Compreender os fluxos de migração na América Latina (movimentos voluntários e forçados, assim como fatores e áreas de expulsão e atração) e as principais políticas migratórias da região.",Explain migration flows in Latin America — including voluntary and forced movements as well as push and pull factors and areas — and the principal migration policies of the region.
EF08GE05,EF,8º,Geografia,"Aplicar os conceitos de Estado, nação, território, governo e país para o entendimento de conflitos e tensões na contemporaneidade, com destaque para as situações geopolíticas na América e na África e suas múltiplas regionalizações a partir do pós-guerra.","Apply the concepts of state, nation, territory, government, and country to the understanding of conflicts and tensions in the contemporary world, with emphasis on geopolitical situations in the Americas and Africa and their multiple regionalizations since the post-World War II era."
EF08GE06,EF,8º,Geografia,"Analisar a atuação das organizações mundiais nos processos de integração cultural e econômica nos contextos americano e africano, reconhecendo, em seus lugares de vivência, marcas desses processos.","Analyze the role of international organizations in processes of cultural and economic integration in the American and African contexts, recognizing in students' own lived places the marks of those processes."
EF08GE07,EF,8º,Geografia,"Analisar os impactos geoeconômicos, geoestratégicos e geopolíticos da ascensão dos Estados Unidos da América no cenário internacional em sua posição de liderança global e na relação com a China e o Brasil.","Analyze the geoeconomic, geostrategic, and geopolitical impacts of the rise of the United States on the international stage, including its position of global leadership and its relationships with China and Brazil."
EF08GE08,EF,8º,Geografia,"Analisar a situação do Brasil e de outros países da América Latina e da África, assim como da potência estadunidense na ordem mundial do pós-guerra.","Analyze the position of Brazil and other countries in Latin America and Africa, as well as that of the United States as a world power, within the post-World War II international order."
EF08GE09,EF,8º,Geografia,"Analisar os padrões econômicos mundiais de produção, distribuição e intercâmbio dos produtos agrícolas e industrializados, tendo como referência os Estados Unidos da América e os países denominados de Brics (Brasil, Rússia, Índia, China e África do Sul).","Analyze global economic patterns of production, distribution, and exchange of agricultural and manufactured goods, with reference to the United States and the countries known as the BRICS (Brazil, Russia, India, China, and South Africa)."
EF08GE10,EF,8º,Geografia,"Distinguir e analisar conflitos e ações dos movimentos sociais brasileiros, no campo e na cidade, comparando com outros movimentos sociais existentes nos países latino-americanos.","Distinguish and analyze conflicts and actions of Brazilian social movements in rural and urban settings, comparing them with other social movements in Latin American countries."
EF08GE11,EF,8º,Geografia,Analisar áreas de conflito e tensões nas regiões de fronteira do continente latino-americano e o papel de organismos internacionais e regionais de cooperação nesses cenários.,Analyze areas of conflict and tension in the border regions of Latin America and the role of international and regional cooperative organizations in those contexts.
EF08GE12,EF,8º,Geografia,"Compreender os objetivos e analisar a importância dos organismos de integração do território americano (Mercosul, OEA, OEI, Nafta, Unasul, Alba, Comunidade Andina, Aladi, entre outros).","Understand the objectives of and analyze the significance of territorial integration organizations in the Americas (Mercosur, OAS, OEI, NAFTA, UNASUR, ALBA, Andean Community, ALADI, among others)."
EF08GE13,EF,8º,Geografia,Analisar a influência do desenvolvimento científico e tecnológico na caracterização dos tipos de trabalho e na economia dos espaços urbanos e rurais da América e da África.,Analyze the influence of scientific and technological development on the characterization of types of work and on the economies of urban and rural areas in the Americas and Africa.
EF08GE14,EF,8º,Geografia,"Analisar os processos de desconcentração, descentralização e recentralização das atividades econômicas a partir do capital estadunidense e chinês em diferentes regiões no mundo, com destaque para o Brasil.","Analyze the processes of deconcentration, decentralization, and recentralization of economic activities driven by U.S. and Chinese capital across different regions of the world, with particular emphasis on Brazil."
EF08GE15,EF,8º,Geografia,"Analisar a importância dos principais recursos hídricos da America Latina (Aquífero Guarani, Bacias do rio da Prata, do Amazonas e do Orinoco, sistemas de nuvens na Amazônia e nos Andes, entre outros) e discutir os desafios relacionados à gestão e comercialização da água.","Analyze the significance of Latin America's principal water resources (the Guarani Aquifer, the Río de la Plata, Amazon, and Orinoco river basins, cloud systems in the Amazon and the Andes, among others) and discuss the challenges related to water management and commercialization."
EF08GE16,EF,8º,Geografia,"Analisar as principais problemáticas comuns às grandes cidades latino-americanas, particularmente aquelas relacionadas à distribuição, estrutura e dinâmica da população e às condições de vida e trabalho.","Analyze the principal challenges common to large Latin American cities, particularly those related to population distribution, structure, and dynamics, as well as to living and working conditions."
EF08GE17,EF,8º,Geografia,"Analisar a segregação socioespacial em ambientes urbanos da América Latina, com atenção especial ao estudo de favelas, alagados e zona de riscos.","Analyze sociospatial segregation in urban environments in Latin America, with special attention to the study of favelas (informal settlements), flood-prone areas, and risk zones."
EF08GE18,EF,8º,Geografia,"Elaborar mapas ou outras formas de representação cartográfica para analisar as redes e as dinâmicas urbanas e rurais, ordenamento territorial, contextos culturais, modo de vida e usos e ocupação de solos da África e América.","Construct maps or other forms of cartographic representation to analyze urban and rural networks and dynamics, territorial organization, cultural contexts, ways of life, and land use and occupation in Africa and the Americas."
EF08GE19,EF,8º,Geografia,"Interpretar cartogramas, mapas esquemáticos (croquis) e anamorfoses geográficas com informações geográficas acerca da África e América.","Interpret cartograms, schematic maps (sketch maps), and geographic anamorphoses containing geographic information about Africa and the Americas."
EF08GE20,EF,8º,Geografia,"Analisar características de países e grupos de países da América e da África no que se refere aos aspectos populacionais, urbanos, políticos e econômicos, e discutir as desigualdades sociais e econômicas e as pressões sobre a natureza e suas riquezas (sua apropriação e valoração na produção e circulação), o que resulta na espoliação desses povos.","Analyze characteristics of countries and groups of countries in the Americas and Africa with regard to demographic, urban, political, and economic dimensions, and discuss social and economic inequalities and the pressures placed on nature and its resources (their appropriation and valuation in production and circulation), which result in the dispossession of these peoples."
EF08GE21,EF,8º,Geografia,"Analisar o papel ambiental e territorial da Antártica no contexto geopolítico, sua relevância para os países da América do Sul e seu valor como área destinada à pesquisa e à compreensão do ambiente global.","Analyze Antarctica's environmental and territorial role in the geopolitical context, its relevance to South American countries, and its value as an area dedicated to research and to the understanding of the global environment."
EF08GE22,EF,8º,Geografia,"Identificar os principais recursos naturais dos países da América Latina, analisando seu uso para a produção de matéria-prima e energia e sua relevância para a cooperação entre os países do Mercosul.","Identify the principal natural resources of Latin American countries, analyzing their use in the production of raw materials and energy and their relevance to cooperation among Mercosur member states."
EF08GE23,EF,8º,Geografia,"Identificar paisagens da América Latina e associá-las, por meio da cartografia, aos diferentes povos da região, com base em aspectos da geomorfologia, da biogeografia e da climatologia.","Identify landscapes of Latin America and associate them, through cartographic means, with the region's different peoples, drawing on aspects of geomorphology, biogeography, and climatology."
EF08GE24,EF,8º,Geografia,"Analisar as principais características produtivas dos países latino-americanos (como exploração mineral na Venezuela; agricultura de alta especialização e exploração mineira no Chile; circuito da carne nos pampas argentinos e no Brasil; circuito da cana-de-açúcar em Cuba; polígono industrial do sudeste brasileiro e plantações de soja no centro-oeste; maquiladoras mexicanas, entre outros).","Analyze the principal productive characteristics of Latin American countries (such as mineral extraction in Venezuela; high-specialization agriculture and mining in Chile; the cattle circuit in the Argentine and Brazilian pampas; the sugarcane circuit in Cuba; the industrial polygon of southeastern Brazil and soybean farming in the Center-West; Mexican maquiladoras, among others)."
EF09GE01,EF,9º,Geografia,"Analisar criticamente de que forma a hegemonia europeia foi exercida em várias regiões do planeta, notadamente em situações de conflito, intervenções militares e/ou influência cultural em diferentes tempos e lugares.","Critically analyze the ways in which European hegemony was exercised in various regions of the world, particularly in situations involving conflict, military intervention, and/or cultural influence across different times and places."
EF09GE02,EF,9º,Geografia,"Analisar a atuação das corporações internacionais e das organizações econômicas mundiais na vida da população em relação ao consumo, à cultura e à mobilidade.","Analyze the role of international corporations and global economic organizations in the lives of populations with respect to consumption, culture, and mobility."
EF09GE03,EF,9º,Geografia,"Identificar diferentes manifestações culturais de minorias étnicas como forma de compreender a multiplicidade cultural na escala mundial, defendendo o princípio do respeito às diferenças.","Identify diverse cultural expressions of ethnic minority groups as a means of understanding global cultural multiplicity, defending the principle of respect for differences."
EF09GE04,EF,9º,Geografia,"Relacionar diferenças de paisagens aos modos de viver de diferentes povos na Europa, Ásia e Oceania, valorizando identidades e interculturalidades regionais.","Relate differences in landscapes to the ways of life of different peoples in Europe, Asia, and Oceania, recognizing and valuing regional identities and interculturalities."
EF09GE05,EF,9º,Geografia,"Analisar fatos e situações para compreender a integração mundial (econômica, política e cultural), comparando as diferentes interpretações: globalização e mundialização.","Analyze events and situations to understand global integration (economic, political, and cultural), comparing different interpretations: globalization and mondialisation."
EF09GE06,EF,9º,Geografia,Associar o critério de divisão do mundo em Ocidente e Oriente com o Sistema Colonial implantado pelas potências europeias.,Connect the criterion of dividing the world into West and East with the colonial system established by European powers.
EF09GE07,EF,9º,Geografia,Analisar os componentes físico-naturais da Eurásia e os determinantes histórico-geográficos de sua divisão em Europa e Ásia.,Analyze the physical-natural components of Eurasia and the historical-geographic factors that determined its division into Europe and Asia.
EF05HI08,EF,5º,História,"Identificar formas de marcação da passagem do tempo em distintas sociedades, incluindo os povos indígenas originários e os povos africanos.","Identify ways of marking the passage of time in distinct societies, including indigenous peoples and African peoples."
EF05HI09,EF,5º,História,"Comparar pontos de vista sobre temas que impactam a vida cotidiana no tempo presente, por meio do acesso a diferentes fontes, incluindo orais.","Compare perspectives on topics that impact daily life in the present, by accessing different sources, including oral sources."
EF05HI10,EF,5º,História,Inventariar os patrimônios materiais e imateriais da humanidade e analisar mudanças e permanências desses patrimônios ao longo do tempo.,Inventory the tangible and intangible heritage of humanity and analyze changes and continuities in that heritage over time.
EF06HI01,EF,6º,História,Identificar diferentes formas de compreensão da noção de tempo e de periodização dos processos históricos (continuidades e rupturas).,Identify different ways of understanding the notion of time and the periodization of historical processes (continuities and ruptures).
EF06HI02,EF,6º,História,Identificar a gênese da produção do saber histórico e analisar o significado das fontes que originaram determinadas formas de registro em sociedades e épocas distintas.,Identify the origins of historical knowledge production and analyze the significance of the sources that gave rise to particular forms of record-keeping in different societies and periods.
EF06HI03,EF,6º,História,Identificar as hipóteses científicas sobre o surgimento da espécie humana e sua historicidade e analisar os significados dos mitos de fundação.,"Identify scientific hypotheses about the emergence of the human species and its historicity, and analyze the meanings of founding myths."
EF06HI04,EF,6º,História,Conhecer as teorias sobre a origem do homem americano.,Examine the theories regarding the origin of the first peoples of the Americas.
EF06HI05,EF,6º,História,"Descrever modificações da natureza e da paisagem realizadas por diferentes tipos de sociedade, com destaque para os povos indígenas originários e povos africanos, e discutir a natureza e a lógica das transformações ocorridas.","Describe modifications to nature and landscape carried out by different types of societies, with emphasis on indigenous peoples and African peoples, and discuss the nature and logic of the transformations that occurred."
EF06HI06,EF,6º,História,Identificar geograficamente as rotas de povoamento no território americano.,Geographically identify the migration routes through which the Americas were peopled.
EF06HI07,EF,6º,História,"Identificar aspectos e formas de registro das sociedades antigas na África, no Oriente Médio e nas Américas, distinguindo alguns significados presentes na cultura material e na tradição oral dessas sociedades.","Identify aspects and forms of record-keeping in ancient societies of Africa, the Middle East, and the Americas, distinguishing selected meanings found in the material culture and oral traditions of those societies."
EF06HI08,EF,6º,História,"Identificar os espaços territoriais ocupados e os aportes culturais, científicos, sociais e econômicos dos astecas, maias e incas e dos povos indígenas de diversas regiões brasileiras.","Identify the territorial spaces occupied and the cultural, scientific, social, and economic contributions of the Aztecs, Maya, and Inca, as well as of indigenous peoples from various regions of Brazil."
EF06HI09,EF,6º,História,"Discutir o conceito de Antiguidade Clássica, seu alcance e limite na tradição ocidental, assim como os impactos sobre outras sociedades e culturas.","Discuss the concept of Classical Antiquity, its scope and limitations within the Western tradition, as well as its impacts on other societies and cultures."
EF06HI10,EF,6º,História,"Explicar a formação da Grécia Antiga, com ênfase na formação da pólis e nas transformações políticas, sociais e culturais.","Explain the formation of Ancient Greece, with emphasis on the development of the polis (city-state) and on political, social, and cultural transformations."
EF06HI11,EF,6º,História,Caracterizar o processo de formação da Roma Antiga e suas configurações sociais e políticas nos períodos monárquico e republicano.,Characterize the process of formation of Ancient Rome and its social and political configurations during the monarchic and republican periods.
EF06HI12,EF,6º,História,Associar o conceito de cidadania a dinâmicas de inclusão e exclusão na Grécia e Roma antigas.,Connect the concept of citizenship to dynamics of inclusion and exclusion in ancient Greece and Rome.
EF06HI13,EF,6º,História,"Conceituar “império” no mundo antigo, com vistas à análise das diferentes formas de equilíbrio e desequilíbrio entre as partes envolvidas.","Define ""empire"" in the ancient world, with a view to analyzing the different forms of balance and imbalance among the parties involved."
EF06HI14,EF,6º,História,"Identificar e analisar diferentes formas de contato, adaptação ou exclusão entre populações em diferentes tempos e espaços.","Identify and analyze different forms of contact, adaptation, and exclusion among populations across different times and spaces."
EF06HI15,EF,6º,História,"Descrever as dinâmicas de circulação de pessoas, produtos e culturas no Mediterrâneo e seu significado.","Describe the dynamics of movement of peoples, goods, and cultures throughout the Mediterranean world and their significance."
EF06HI16,EF,6º,História,"Caracterizar e comparar as dinâmicas de abastecimento e as formas de organização do trabalho e da vida social em diferentes sociedades e períodos, com destaque para as relações entre senhores e servos.","Characterize and compare supply dynamics and forms of labor organization and social life in different societies and periods, with emphasis on the relationships between lords and serfs."
EF06HI17,EF,6º,História,"Diferenciar escravidão, servidão e trabalho livre no mundo antigo.","Differentiate among slavery, serfdom, and free labor in the ancient world."
EF08HI22,EF,8º,História,"Discutir o papel das culturas letradas, não letradas e das artes na produção das identidades no Brasil do século XIX.","Discuss the role of literate cultures, oral/non-literate cultures, and the arts in the production of identities in nineteenth-century Brazil."
EF08HI23,EF,8º,História,Estabelecer relações causais entre as ideologias raciais e o determinismo no contexto do imperialismo europeu e seus impactos na África e na Ásia.,Establish causal relationships between racial ideologies and determinism in the context of European imperialism and their impacts on Africa and Asia.
EF08HI24,EF,8º,História,"Reconhecer os principais produtos, utilizados pelos europeus, procedentes do continente africano durante o imperialismo e analisar os impactos sobre as comunidades locais na forma de organização e exploração econômica.","Identify the principal products extracted from the African continent and exploited by Europeans during the age of imperialism, and analyze the impacts on local communities in terms of their forms of social organization and economic exploitation."
EF08HI25,EF,8º,História,Caracterizar e contextualizar aspectos das relações entre os Estados Unidos da América e a América Latina no século XIX.,Characterize and contextualize aspects of the relations between the United States of America and Latin America in the nineteenth century.
EF08HI26,EF,8º,História,Identificar e contextualizar o protagonismo das populações locais na resistência ao imperialismo na África e Ásia.,Identify and contextualize the agency of local populations in resisting imperialism in Africa and Asia.
EF08HI27,EF,8º,História,"Identificar as tensões e os significados dos discursos civilizatórios, avaliando seus impactos negativos para os povos indígenas originários e as populações negras nas Américas.","Identify the tensions and meanings embedded in civilizationist discourses, evaluating their negative impacts on indigenous peoples and Black populations in the Americas."
EF09HI01,EF,9º,História,"Descrever e contextualizar os principais aspectos sociais, culturais, econômicos e políticos da emergência da República no Brasil.","Describe and contextualize the principal social, cultural, economic, and political aspects of the emergence of the Republic in Brazil."
EF09HI02,EF,9º,História,"Caracterizar e compreender os ciclos da história republicana, identificando particularidades da história local e regional até 1954.","Characterize and analyze the cycles of Brazilian republican history, identifying distinctive features of local and regional history through 1954."
EF09HI03,EF,9º,História,Identificar os mecanismos de inserção dos negros na sociedade brasileira pós-abolição e avaliar os seus resultados.,Identify the mechanisms by which Black Brazilians were incorporated into post-abolition Brazilian society and evaluate their outcomes.
EF09HI04,EF,9º,História,"Discutir a importância da participação da população negra na formação econômica, política e social do Brasil.","Discuss the significance of Black population participation in the economic, political, and social formation of Brazil."
EF09HI05,EF,9º,História,Identificar os processos de urbanização e modernização da sociedade brasileira e avaliar suas contradições e impactos na região em que vive.,Identify the processes of urbanization and modernization of Brazilian society and evaluate their contradictions and impacts on the region where students live.
EF09HI06,EF,9º,História,"Identificar e discutir o papel do trabalhismo como força política, social e cultural no Brasil, em diferentes escalas (nacional, regional, cidade, comunidade).","Identify and discuss the role of laborism (trabalhismo) as a political, social, and cultural force in Brazil across different scales (national, regional, municipal, and community)."
EF09HI07,EF,9º,História,"Identificar e explicar, em meio a lógicas de inclusão e exclusão, as pautas dos povos indígenas, no contexto republicano (até 1964), e das populações afrodescendentes.","Identify and explain, within frameworks of inclusion and exclusion, the political agendas of indigenous peoples in the republican context (through 1964) and of Afro-descendant populations."
EF09HI08,EF,9º,História,Identificar as transformações ocorridas no debate sobre as questões da diversidade no Brasil durante o século XX e compreender o significado das mudanças de abordagem em relação ao tema.,Identify the transformations that occurred in debates over diversity in Brazil during the twentieth century and interpret the significance of shifts in approach to the topic.
EF09HI09,EF,9º,História,"Relacionar as conquistas de direitos políticos, sociais e civis à atuação de movimentos sociais.","Connect the achievement of political, social, and civil rights to the actions of social movements."
EF09HI10,EF,9º,História,"Identificar e relacionar as dinâmicas do capitalismo e suas crises, os grandes conflitos mundiais e os conflitos vivenciados na Europa.","Identify and analyze the dynamics of capitalism and its crises, the major world conflicts, and the conflicts experienced in Europe."
EF09HI11,EF,9º,História,Identificar as especificidades e os desdobramentos mundiais da Revolução Russa e seu significado histórico.,Identify the distinctive features and global consequences of the Russian Revolution and explain its historical significance.
EF09HI12,EF,9º,História,Analisar a crise capitalista de 1929 e seus desdobramentos em relação à economia global.,Analyze the capitalist crisis of 1929 and its consequences for the global economy.
EF09HI13,EF,9º,História,"Descrever e contextualizar os processos da emergência do fascismo e do nazismo, a consolidação dos estados totalitários e as práticas de extermínio (como o holocausto).","Describe and contextualize the processes underlying the rise of fascism and Nazism, the consolidation of totalitarian states, and their extermination practices (including the Holocaust)."
EF09HI14,EF,9º,História,Caracterizar e discutir as dinâmicas do colonialismo no continente africano e asiático e as lógicas de resistência das populações locais diante das questões internacionais.,Characterize and discuss the dynamics of colonialism on the African and Asian continents and the resistance strategies of local populations in response to international forces.
EF08HI02,EF,8º,História,Identificar as particularidades político-sociais da Inglaterra do século XVII e analisar os desdobramentos posteriores à Revolução Gloriosa.,Identify the distinctive political and social characteristics of seventeenth-century England and analyze the developments following the Glorious Revolution.
EF08HI03,EF,8º,História,"Analisar os impactos da Revolução Industrial na produção e circulação de povos, produtos e culturas.","Analyze the impacts of the Industrial Revolution on the production and movement of peoples, goods, and cultures."
EF08HI04,EF,8º,História,Identificar e relacionar os processos da Revolução Francesa e seus desdobramentos na Europa e no mundo.,Identify and connect the processes of the French Revolution and its repercussions across Europe and the world.
EF08HI05,EF,8º,História,"Explicar os movimentos e as rebeliões da América portuguesa, articulando as temáticas locais e suas interfaces com processos ocorridos na Europa e nas Américas.","Explain the movements and rebellions of Portuguese America, connecting local themes to their interfaces with processes occurring in Europe and the Americas."
EF08HI06,EF,8º,História,"Aplicar os conceitos de Estado, nação, território, governo e país para o entendimento de conflitos e tensões.","Apply the concepts of state, nation, territory, government, and country to the understanding of conflicts and tensions."
EF08HI07,EF,8º,História,"Identificar e contextualizar as especificidades dos diversos processos de independência nas Américas, seus aspectos populacionais e suas conformações territoriais.","Identify and contextualize the distinctive features of the various independence processes in the Americas, including their demographic characteristics and territorial formations."
EF08HI08,EF,8º,História,Conhecer o ideário dos líderes dos movimentos independentistas e seu papel nas revoluções que levaram à independência das colônias hispano-americanas.,Examine the ideals of independence movement leaders and their role in the revolutions that led to the independence of Spanish American colonies.
EF08HI09,EF,8º,História,Conhecer as características e os principais pensadores do Pan-americanismo.,Examine the characteristics and principal thinkers of Pan-Americanism.
EF08HI10,EF,8º,História,Identificar a Revolução de São Domingo como evento singular e desdobramento da Revolução Francesa e avaliar suas implicações.,"Identify the Haitian Revolution (Saint-Domingue Revolution) as a singular event and outgrowth of the French Revolution, and evaluate its implications."
EF08HI11,EF,8º,História,"Identificar e explicar os protagonismos e a atuação de diferentes grupos sociais e étnicos nas lutas de independência no Brasil, na América espanhola e no Haiti.","Identify and explain the protagonism and agency of different social and ethnic groups in the independence struggles in Brazil, Spanish America, and Haiti."
EF08HI12,EF,8º,História,"Caracterizar a organização política e social no Brasil desde a chegada da Corte portuguesa, em 1808, até 1822 e seus desdobramentos para a história política brasileira.","Characterize the political and social organization in Brazil from the arrival of the Portuguese Royal Court in 1808 through 1822, and analyze its consequences for Brazilian political history."
EF08HI13,EF,8º,História,Analisar o processo de independência em diferentes países latino-americanos e comparar as formas de governo neles adotadas.,Analyze the independence process in different Latin American countries and compare the forms of government they adopted.
EF08HI14,EF,8º,História,"Discutir a noção da tutela dos grupos indígenas e a participação dos negros na sociedade brasileira do final do período colonial, identificando permanências na forma de preconceitos, estereótipos e violências sobre as populações indígenas e negras no Brasil e nas Américas.","Discuss the notion of guardianship over indigenous groups and the participation of Black people in Brazilian society at the end of the colonial period, identifying continuities in the form of prejudice, stereotypes, and violence against indigenous and Black populations in Brazil and the Americas."
EF08HI15,EF,8º,História,Identificar e analisar o equilíbrio das forças e os sujeitos envolvidos nas disputas políticas durante o Primeiro e o Segundo Reinado.,"Identify and analyze the balance of power and the actors involved in political disputes during the First and Second Reigns (Brazil's imperial periods, 1822–1889)."
EF08HI16,EF,8º,História,"Identificar, comparar e analisar a diversidade política, social e regional nas rebeliões e nos movimentos contestatórios ao poder centralizado.","Identify, compare, and analyze the political, social, and regional diversity represented in rebellions and movements that contested centralized power."
EF08HI17,EF,8º,História,"Relacionar as transformações territoriais, em razão de questões de fronteiras, com as tensões e conflitos durante o Império.",Connect territorial changes arising from border disputes to the tensions and conflicts during the Brazilian Empire.
EF08HI18,EF,8º,História,Identificar as questões internas e externas sobre a atuação do Brasil na Guerra do Paraguai e discutir diferentes versões sobre o conflito.,Identify the internal and external issues surrounding Brazil's involvement in the Paraguayan War and discuss differing historical interpretations of the conflict.
EF08HI19,EF,8º,História,"Formular questionamentos sobre o legado da escravidão nas Américas, com base na seleção e consulta de fontes de diferentes naturezas.","Formulate critical questions about the legacy of slavery in the Americas, drawing on the selection and examination of primary and secondary sources of varying types."
EF08HI20,EF,8º,História,Identificar e relacionar aspectos das estruturas sociais da atualidade com os legados da escravidão no Brasil e discutir a importância de ações afirmativas.,"Identify and connect aspects of present-day social structures to the legacies of slavery in Brazil, and discuss the importance of affirmative action policies."
EF08HI21,EF,8º,História,Identificar e analisar as políticas oficiais com relação ao indígena durante o Império.,Identify and analyze official government policies toward indigenous peoples during the Brazilian Empire.
EF09HI15,EF,9º,História,Discutir as motivações que levaram à criação da Organização das Nações Unidas (ONU) no contexto do pós-guerra e os propósitos dessa organização.,Discuss the motivations that led to the creation of the United Nations (UN) in the post-World War II context and the purposes of that organization.
EF09HI16,EF,9º,História,"Relacionar a Carta dos Direitos Humanos ao processo de afirmação dos direitos fundamentais e de defesa da dignidade humana, valorizando as instituições voltadas para a defesa desses direitos e para a identificação dos agentes responsáveis por sua violação.","Connect the Universal Declaration of Human Rights to the process of affirming fundamental rights and defending human dignity, recognizing the value of institutions dedicated to upholding those rights and identifying the agents responsible for their violation."
EF09HI17,EF,9º,História,"Identificar e analisar processos sociais, econômicos, culturais e políticos do Brasil a partir de 1946.","Identify and analyze social, economic, cultural, and political processes in Brazil from 1946 onward."
EF09HI18,EF,9º,História,Descrever e analisar as relações entre as transformações urbanas e seus impactos na cultura brasileira entre 1946 e 1964 e na produção das desigualdades regionais e sociais.,"Describe and analyze the relationships between urban transformations and their impact on Brazilian culture between 1946 and 1964, and on the production of regional and social inequalities."
EF09HI19,EF,9º,História,Identificar e compreender o processo que resultou na ditadura civil-militar no Brasil e discutir a emergência de questões relacionadas à memória e à justiça sobre os casos de violação dos direitos humanos.,"Identify and understand the process that resulted in the civil-military dictatorship in Brazil, and discuss the emergence of issues related to memory and justice concerning cases of human rights violations."
EF09HI20,EF,9º,História,Discutir os processos de resistência e as propostas de reorganização da sociedade brasileira durante a ditadura civil-militar.,Discuss the processes of resistance and proposals for the reorganization of Brazilian society during the civil-military dictatorship.
EF09HI21,EF,9º,História,Identificar e relacionar as demandas indígenas e quilombolas como forma de contestação ao modelo desenvolvimentista da ditadura.,Identify and connect the demands of Indigenous peoples and Quilombola communities (descendants of Afro-Brazilian maroon settlements) as forms of contestation against the dictatorship's developmentalist model.
EF09HI22,EF,9º,História,Discutir o papel da mobilização da sociedade brasileira do final do período ditatorial até a Constituição de 1988.,Discuss the role of Brazilian civil society mobilization from the final years of the dictatorial period through the Constitution of 1988.
EF09HI23,EF,9º,História,"Identificar direitos civis, políticos e sociais expressos na Constituição de 1988 e relacioná-los à noção de cidadania e ao pacto da sociedade brasileira de combate a diversas formas de preconceito, como o racismo.","Identify civil, political, and social rights expressed in the Constitution of 1988 and connect them to the concept of citizenship and to Brazilian society's collective commitment to combating various forms of prejudice, including racism."
EF09HI24,EF,9º,História,"Analisar as transformações políticas, econômicas, sociais e culturais de 1989 aos dias atuais, identificando questões prioritárias para a promoção da cidadania e dos valores democráticos.","Analyze the political, economic, social, and cultural transformations from 1989 to the present, identifying priority issues for the promotion of citizenship and democratic values."
EF09HI25,EF,9º,História,Relacionar as transformações da sociedade brasileira aos protagonismos da sociedade civil após 1989.,Connect the transformations of Brazilian society to the protagonism of civil society actors after 1989.
EF09HI26,EF,9º,História,"Discutir e analisar as causas da violência contra populações marginalizadas (negros, indígenas, mulheres, homossexuais, camponeses, pobres etc.) com vistas à tomada de consciência e à construção de uma cultura de paz, empatia e respeito às pessoas.","Discuss and analyze the causes of violence against marginalized populations (Black people, Indigenous peoples, women, homosexuals, peasants, the poor, etc.) with a view toward raising awareness and building a culture of peace, empathy, and respect for persons."
EF09HI27,EF,9º,História,"Relacionar aspectos das mudanças econômicas, culturais e sociais ocorridas no Brasil a partir da década de 1990 ao papel do País no cenário internacional na era da globalização.","Connect aspects of the economic, cultural, and social changes that occurred in Brazil from the 1990s onward to the country's role in the international arena in the age of globalization."
EF09HI28,EF,9º,História,"Identificar e analisar aspectos da Guerra Fria, seus principais conflitos e as tensões geopolíticas no interior dos blocos liderados por soviéticos e estadunidenses.","Identify and analyze aspects of the Cold War, its principal conflicts, and the geopolitical tensions within the blocs led by the Soviet Union and the United States."
EF09HI29,EF,9º,História,"Descrever e analisar as experiências ditatoriais na América Latina, seus procedimentos e vínculos com o poder, em nível nacional e internacional, e a atuação de movimentos de contestação às ditaduras.","Describe and analyze dictatorial experiences in Latin America, their procedures and connections to power at the national and international levels, and the actions of movements contesting those dictatorships."
EF09HI30,EF,9º,História,"Comparar as características dos regimes ditatoriais latino-americanos, com especial atenção para a censura política, a opressão e o uso da força, bem como para as reformas econômicas e sociais e seus impactos.","Compare the characteristics of Latin American dictatorial regimes, with particular attention to political censorship, oppression, and the use of force, as well as to economic and social reforms and their impacts."
EF09HI31,EF,9º,História,Descrever e avaliar os processos de descolonização na África e na Ásia.,Describe and evaluate the processes of decolonization in Africa and Asia.
EF09HI32,EF,9º,História,"Analisar mudanças e permanências associadas ao processo de globalização, considerando os argumentos dos movimentos críticos às políticas globais.","Analyze changes and continuities associated with the process of globalization, taking into account the arguments of movements critical of global policies."
EF09HI33,EF,9º,História,Analisar as transformações nas relações políticas locais e globais geradas pelo desenvolvimento das tecnologias digitais de informação e comunicação.,Analyze the transformations in local and global political relations generated by the development of digital information and communication technologies.
EF09HI34,EF,9º,História,"Discutir as motivações da adoção de diferentes políticas econômicas na América Latina, assim como seus impactos sociais nos países da região.","Discuss the motivations behind the adoption of different economic policies in Latin America, as well as their social impacts on the countries of the region."
EF06LI19,EF,6º,Língua Inglesa,Utilizar o presente do indicativo para identificar pessoas (verbo to be) e descrever rotinas diárias.,Use the simple present tense to identify people (verb to be) and describe daily routines.
EF06LI20,EF,6º,Língua Inglesa,Utilizar o presente contínuo para descrever ações em progresso.,Use the present continuous tense to describe actions in progress.
EF06LI21,EF,6º,Língua Inglesa,"Reconhecer o uso do imperativo em enunciados de atividades, comandos e instruções.","Recognize the use of the imperative mood in activity prompts, commands, and instructions."
EF06LI22,EF,6º,Língua Inglesa,Descrever relações por meio do uso de apóstrofo (’) + s.,Describe possessive relationships through the use of the apostrophe (') + s.
EF06LI23,EF,6º,Língua Inglesa,"Empregar, de forma inteligível, os adjetivos possessivos.",Apply possessive adjectives accurately and intelligibly in context.
EF06LI24,EF,6º,Língua Inglesa,Investigar o alcance da língua inglesa no mundo: como língua materna e/ou oficial (primeira ou segunda língua).,Investigate the global reach of the English language as a native and/or official language (first or second language).
EF06LI25,EF,6º,Língua Inglesa,"Identificar a presença da língua inglesa na sociedade brasileira/comunidade (palavras, expressões, suportes e esferas de circulação e consumo) e seu significado.","Identify the presence of the English language in Brazilian society and local communities — including words, expressions, media formats, and spheres of circulation and consumption — and analyze its significance."
EF06LI26,EF,6º,Língua Inglesa,"Avaliar, problematizando elementos/produtos culturais de países de língua inglesa absorvidos pela sociedade brasileira/comunidade.","Evaluate, through critical inquiry, cultural elements and products from English-speaking countries that have been absorbed into Brazilian society and local communities."
EF07LI01,EF,7º,Língua Inglesa,"Interagir em situações de intercâmbio oral para realizar as atividades em sala de aula, de forma respeitosa e colaborativa, trocando ideias e engajando-se em brincadeiras e jogos.","Interact in oral exchange situations to carry out classroom activities in a respectful and collaborative manner, sharing ideas and engaging in games and play."
EF07LI02,EF,7º,Língua Inglesa,Entrevistar os colegas para conhecer suas histórias de vida.,Interview classmates to learn about their life histories.
EF07LI03,EF,7º,Língua Inglesa,Mobilizar conhecimentos prévios para compreender texto oral.,Draw on prior knowledge to support comprehension of spoken texts.
EF07LI04,EF,7º,Língua Inglesa,"Identificar o contexto, a finalidade, o assunto e os interlocutores em textos orais presentes no cinema, na internet, na televisão, entre outros.","Identify the context, purpose, topic, and interlocutors in spoken texts encountered in film, on the internet, on television, and in other media."
EF07LI05,EF,7º,Língua Inglesa,"Compor, em língua inglesa, narrativas orais sobre fatos, acontecimentos e personalidades marcantes do passado.","Compose oral narratives in English about significant events, occurrences, and historical figures from the past."
EF07LI06,EF,7º,Língua Inglesa,"Antecipar o sentido global de textos em língua inglesa por inferências, com base em leitura rápida, observando títulos, primeiras e últimas frases de parágrafos e palavras-chave repetidas.","Anticipate the overall meaning of English-language texts through inference, using skimming strategies such as observing titles, opening and closing sentences of paragraphs, and repeated keywords."
EF07LI07,EF,7º,Língua Inglesa,Identificar a(s) informação(ões)-chave de partes de um texto em língua inglesa (parágrafos).,Identify the key information in individual sections of an English-language text (paragraphs).
EF07LI08,EF,7º,Língua Inglesa,Relacionar as partes de um texto (parágrafos) para construir seu sentido global.,Connect the parts of a text (paragraphs) to construct its overall meaning.
EF07LI09,EF,7º,Língua Inglesa,"Selecionar, em um texto, a informação desejada como objetivo de leitura.",Locate specific target information in a text in accordance with a given reading purpose.
EF07LI10,EF,7º,Língua Inglesa,"Escolher, em ambientes virtuais, textos em língua inglesa, de fontes confiáveis, para estudos/pesquisas escolares.",Select English-language texts from reliable online sources for use in school studies and research projects.
EF07LI11,EF,7º,Língua Inglesa,"Participar de troca de opiniões e informações sobre textos, lidos na sala de aula ou em outros ambientes.",Participate in exchanges of opinions and information about texts read in the classroom or in other settings.
EF07LI12,EF,7º,Língua Inglesa,"Planejar a escrita de textos em função do contexto (público, finalidade, layout e suporte).","Plan the writing of texts based on contextual factors, including audience, purpose, layout, and medium."
EF08LI10,EF,8º,Língua Inglesa,"Reconstruir o texto, com cortes, acréscimos, reformulações e correções, para aprimoramento, edição e publicação final.","Revise a text through cuts, additions, reformulations, and corrections to refine, edit, and prepare it for final publication."
EF08LI11,EF,8º,Língua Inglesa,"Produzir textos (comentários em fóruns, relatos pessoais, mensagens instantâneas, tweets, reportagens, histórias de ficção, blogues, entre outros), com o uso de estratégias de escrita (planejamento, produção de rascunho, revisão e edição final), apontando sonhos e projetos para o futuro (pessoal, da família, da comunidade ou do planeta).","Produce texts (forum comments, personal narratives, instant messages, tweets, news reports, fiction stories, blog posts, and others) using writing strategies (planning, drafting, revising, and final editing) to express dreams and future plans (personal, family, community, or global)."
EF08LI12,EF,8º,Língua Inglesa,"Construir repertório lexical relativo a planos, previsões e expectativas para o futuro.","Build lexical repertoire related to plans, predictions, and expectations for the future."
EF08LI13,EF,8º,Língua Inglesa,Reconhecer sufixos e prefixos comuns utilizados na formação de palavras em língua inglesa.,Recognize common suffixes and prefixes used in English word formation.
EF08LI14,EF,8º,Língua Inglesa,Utilizar formas verbais do futuro para descrever planos e expectativas e fazer previsões.,Use future verb forms to describe plans and expectations and to make predictions.
EF08LI15,EF,8º,Língua Inglesa,"Utilizar, de modo inteligível, as formas comparativas e superlativas de adjetivos para comparar qualidades e quantidades.",Use comparative and superlative forms of adjectives intelligibly to compare qualities and quantities.
EF08LI16,EF,8º,Língua Inglesa,"Utilizar, de modo inteligível, corretamente, some, any, many, much.","Use some, any, many, and much correctly and intelligibly."
EF08LI17,EF,8º,Língua Inglesa,"Empregar, de modo inteligível, os pronomes relativos (who, which, that, whose) para construir períodos compostos por subordinação.","Use relative pronouns (who, which, that, whose) intelligibly to construct complex sentences with subordinate clauses."
EF08LI18,EF,8º,Língua Inglesa,"Construir repertório cultural por meio do contato com manifestações artístico-culturais vinculadas à língua inglesa (artes plásticas e visuais, literatura, música, cinema, dança, festividades, entre outros), valorizando a diversidade entre culturas.","Build cultural repertoire through contact with artistic and cultural expressions associated with the English language (visual and plastic arts, literature, music, cinema, dance, festivals, and others), valuing diversity across cultures."
EF08LI19,EF,8º,Língua Inglesa,"Investigar de que forma expressões, gestos e comportamentos são interpretados em função de aspectos culturais.","Investigate how expressions, gestures, and behaviors are interpreted in light of cultural factors."
EF08LI20,EF,8º,Língua Inglesa,Examinar fatores que podem impedir o entendimento entre pessoas de culturas diferentes que falam a língua inglesa.,Examine factors that may hinder mutual understanding among people from different cultures who speak English.
EF09LI01,EF,9º,Língua Inglesa,"Fazer uso da língua inglesa para expor pontos de vista, argumentos e contra-argumentos, considerando o contexto e os recursos linguísticos voltados para a eficácia da comunicação.","Use the English language to express points of view, arguments, and counterarguments, considering context and linguistic resources aimed at communicative effectiveness."
EF09LI02,EF,9º,Língua Inglesa,Compilar as ideias-chave de textos por meio de tomada de notas.,Compile key ideas from texts through note-taking.
EF09LI03,EF,9º,Língua Inglesa,Analisar posicionamentos defendidos e refutados em textos orais sobre temas de interesse social e coletivo.,Analyze positions defended and refuted in oral texts on topics of social and collective interest.
EF09LI04,EF,9º,Língua Inglesa,"Expor resultados de pesquisa ou estudo com o apoio de recursos, tais como notas, gráficos, tabelas, entre outros, adequando as estratégias de construção do texto oral aos objetivos de comunicação e ao contexto.","Present research or study findings with the support of resources such as notes, graphs, and tables, adapting oral text construction strategies to the communicative purpose and context."
EF09LI05,EF,9º,Língua Inglesa,"Identificar recursos de persuasão (escolha e jogo de palavras, uso de cores e imagens, tamanho de letras), utilizados nos textos publicitários e de propaganda, como elementos de convencimento.","Identify persuasive techniques (word choice and wordplay, use of color and images, font size) employed in advertising and propaganda texts as elements of persuasion."
EF09LI06,EF,9º,Língua Inglesa,Distinguir fatos de opiniões em textos argumentativos da esfera jornalística.,Distinguish facts from opinions in argumentative texts from journalistic contexts.
EF09LI07,EF,9º,Língua Inglesa,Identificar argumentos principais e as evidências/exemplos que os sustentam.,Identify main arguments and the evidence and examples that support them.
EF09LI08,EF,9º,Língua Inglesa,"Explorar ambientes virtuais de informação e socialização, analisando a qualidade e a validade das informações veiculadas.","Explore virtual information and social networking environments, analyzing the quality and validity of the information conveyed."
EF09LI09,EF,9º,Língua Inglesa,"Compartilhar, com os colegas, a leitura dos textos escritos pelo grupo, valorizando os diferentes pontos de vista defendidos, com ética e respeito.","Share texts written by the group with classmates, valuing the different viewpoints expressed with ethics and respect."
EF09HI35,EF,9º,História,"Analisar os aspectos relacionados ao fenômeno do terrorismo na contemporaneidade, incluindo os movimentos migratórios e os choques entre diferentes grupos e culturas.","Analyze aspects related to the phenomenon of terrorism in the contemporary world, including migratory movements and conflicts between different groups and cultures."
EF09HI36,EF,9º,História,"Identificar e discutir as diversidades identitárias e seus significados históricos no início do século XXI, combatendo qualquer forma de preconceito e violência.","Identify and discuss identity diversities and their historical significance at the beginning of the 21st century, challenging all forms of prejudice and violence."
EF06LI01,EF,6º,Língua Inglesa,"Interagir em situações de intercâmbio oral, demonstrando iniciativa para utilizar a língua inglesa.","Engage in oral exchange situations, demonstrating initiative in using the English language."
EF06LI02,EF,6º,Língua Inglesa,"Coletar informações do grupo, perguntando e respondendo sobre a família, os amigos, a escola e a comunidade..","Collect information from the group by asking and answering questions about family, friends, school, and community."
EF06LI03,EF,6º,Língua Inglesa,Solicitar esclarecimentos em língua inglesa sobre o que não entendeu e o significado de palavras ou expressões desconhecidas.,Request clarification in English about what was not understood and about the meaning of unfamiliar words or expressions.
EF06LI04,EF,6º,Língua Inglesa,"Reconhecer, com o apoio de palavras cognatas e pistas do contexto discursivo, o assunto e as informações principais em textos orais sobre temas familiares.","Recognize, with the support of cognates and contextual discourse cues, the topic and main information in oral texts on familiar subjects."
EF06LI05,EF,6º,Língua Inglesa,"Aplicar os conhecimentos da língua inglesa para falar de si e de outras pessoas, explicitando informações pessoais e características relacionadas a gostos, preferências e rotinas.","Apply knowledge of the English language to talk about oneself and others, conveying personal information and characteristics related to likes, preferences, and routines."
EF06LI06,EF,6º,Língua Inglesa,"Planejar apresentação sobre a família, a comunidade e a escola, compartilhando-a oralmente com o grupo.","Plan and orally share a presentation about family, community, and school with the group."
EF06LI07,EF,6º,Língua Inglesa,"Formular hipóteses sobre a finalidade de um texto em língua inglesa, com base em sua estrutura, organização textual e pistas gráficas.","Formulate hypotheses about the purpose of a text in English based on its structure, textual organization, and graphic cues."
EF06LI08,EF,6º,Língua Inglesa,"Identificar o assunto de um texto, reconhecendo sua organização textual e palavras cognatas.",Identify the topic of a text by recognizing its textual organization and cognate words.
EF06LI09,EF,6º,Língua Inglesa,Localizar informações específicas em texto.,Locate specific information within a text.
EF06LI10,EF,6º,Língua Inglesa,Conhecer a organização de um dicionário bilíngue (impresso e/ou on-line) para construir repertório lexical.,Understand the organization of a bilingual dictionary (print and/or online) in order to build lexical repertoire.
EF06LI11,EF,6º,Língua Inglesa,Explorar ambientes virtuais e/ou aplicativos para construir repertório lexical na língua inglesa.,Explore digital environments and/or applications to build lexical repertoire in English.
EF06LI12,EF,6º,Língua Inglesa,"Interessar-se pelo texto lido, compartilhando suas ideias sobre o que o texto informa/comunica.",Engage with a text that has been read by sharing ideas about what it informs or communicates.
EF06LI13,EF,6º,Língua Inglesa,"Listar ideias para a produção de textos, levando em conta o tema e o assunto.","Generate ideas for text production, taking into account the theme and subject matter."
EF06LI14,EF,6º,Língua Inglesa,"Organizar ideias, selecionando-as em função da estrutura e do objetivo do texto.",Organize ideas by selecting them according to the structure and purpose of the text.
EF06LI15,EF,6º,Língua Inglesa,"Produzir textos escritos em língua inglesa (histórias em quadrinhos, cartazes, chats, blogues, agendas, fotolegendas, entre outros), sobre si mesmo, sua família, seus amigos, gostos, preferências e rotinas, sua comunidade e seu contexto escolar.","Produce written texts in English — including comic strips, posters, chats, blog posts, agendas, and photo captions, among others — about oneself, one's family, friends, likes, preferences, and routines, as well as one's community and school context."
EF06LI16,EF,6º,Língua Inglesa,Construir repertório relativo às expressões usadas para o convívio social e o uso da língua inglesa em sala de aula.,Build repertoire of expressions used for social interaction and for the use of English in the classroom.
EF06LI17,EF,6º,Língua Inglesa,"Construir repertório lexical relativo a temas familiares (escola, família, rotina diária, atividades de lazer, esportes, entre outros).","Build lexical repertoire related to familiar topics such as school, family, daily routine, leisure activities, and sports, among others."
EF06LI18,EF,6º,Língua Inglesa,Reconhecer semelhanças e diferenças na pronúncia de palavras da língua inglesa e da língua materna e/ou outras línguas conhecidas.,Recognize similarities and differences in the pronunciation of words in English and in one's native language and/or other known languages.
EF09LI10,EF,9º,Língua Inglesa,"Propor potenciais argumentos para expor e defender ponto de vista em texto escrito, refletindo sobre o tema proposto e pesquisando dados, evidências e exemplos para sustentar os argumentos, organizando-os em sequência lógica.","Propose potential arguments to present and defend a point of view in a written text, reflecting on the proposed topic and researching data, evidence, and examples to support the arguments, organizing them in a logical sequence."
EF09LI11,EF,9º,Língua Inglesa,"Utilizar recursos verbais e não verbais para construção da persuasão em textos da esfera publicitária, de forma adequada ao contexto de circulação (produção e compreensão).","Use verbal and nonverbal resources to construct persuasion in advertising texts, in a manner appropriate to the context of circulation (production and comprehension)."
EF09LI12,EF,9º,Língua Inglesa,"Produzir textos (infográficos, fóruns de discussão on-line, fotorreportagens, campanhas publicitárias, memes, entre outros) sobre temas de interesse coletivo local ou global, que revelem posicionamento crítico.","Produce texts (infographics, online discussion forums, photo essays, advertising campaigns, memes, among others) on topics of local or global collective interest that demonstrate critical positioning."
EF09LI13,EF,9º,Língua Inglesa,"Reconhecer, nos novos gêneros digitais (blogues, mensagens instantâneas, tweets, entre outros), novas formas de escrita (abreviação de palavras, palavras com combinação de letras e números, pictogramas, símbolos gráficos, entre outros) na constituição das mensagens.","Recognize, in new digital genres (blogs, instant messages, tweets, among others), new forms of writing (word abbreviations, alphanumeric combinations, pictograms, graphic symbols, among others) as constituent elements of messages."
EF09LI14,EF,9º,Língua Inglesa,"Utilizar conectores indicadores de adição, condição, oposição, contraste, conclusão e síntese como auxiliares na construção da argumentação e intencionalidade discursiva.","Use connectors indicating addition, condition, opposition, contrast, conclusion, and synthesis as aids in constructing argumentation and discursive intentionality."
EF09LI15,EF,9º,Língua Inglesa,"Empregar, de modo inteligível, as formas verbais em orações condicionais dos tipos 1 e 2 (If-clauses).","Apply, in an intelligible manner, verb forms in Type 1 and Type 2 conditional clauses (if-clauses)."
EF09LI16,EF,9º,Língua Inglesa,"Empregar, de modo inteligível, os verbos should, must, have to, may e might para indicar recomendação, necessidade ou obrigação e probabilidade.","Apply, in an intelligible manner, the modal verbs should, must, have to, may, and might to express recommendation, necessity or obligation, and probability."
EF09LI17,EF,9º,Língua Inglesa,"Debater sobre a expansão da língua inglesa pelo mundo, em função do processo de colonização nas Américas, África, Ásia e Oceania.","Discuss the global spread of the English language as a result of the colonization process in the Americas, Africa, Asia, and Oceania."
EF09LI18,EF,9º,Língua Inglesa,"Analisar a importância da língua inglesa para o desenvolvimento das ciências (produção, divulgação e discussão de novos conhecimentos), da economia e da política no cenário mundial.","Analyze the importance of the English language for the development of science (production, dissemination, and discussion of new knowledge), the economy, and politics on the world stage."
EF09LI19,EF,9º,Língua Inglesa,Discutir a comunicação intercultural por meio da língua inglesa como mecanismo de valorização pessoal e de construção de identidades no mundo globalizado.,Discuss intercultural communication through the English language as a mechanism for personal empowerment and identity construction in a globalized world.
EF01LP01,EF,1º,Língua Portuguesa,Reconhecer que textos são lidos e escritos da esquerda para a direita e de cima para baixo da página.,Recognize that texts are read and written from left to right and from top to bottom on the page.
EF01LP02,EF,1º,Língua Portuguesa,"Escrever, espontaneamente ou por ditado, palavras e frases de forma alfabética – usando letras/grafemas que representem fonemas.","Write, spontaneously or from dictation, words and sentences in alphabetic form — using letters/graphemes that represent phonemes."
EF01LP03,EF,1º,Língua Portuguesa,"Observar escritas convencionais, comparando-as às suas produções escritas, percebendo semelhanças e diferenças.","Examine conventional written forms, comparing them to their own written productions and identifying similarities and differences."
EF01LP04,EF,1º,Língua Portuguesa,Distinguir as letras do alfabeto de outros sinais gráficos.,Distinguish the letters of the alphabet from other graphic signs.
EF01LP05,EF,1º,Língua Portuguesa,Reconhecer o sistema de escrita alfabética como representação dos sons da fala.,Recognize the alphabetic writing system as a representation of the sounds of speech.
EF01LP06,EF,1º,Língua Portuguesa,Segmentar oralmente palavras em sílabas.,Segment words orally into syllables.
EF01LP07,EF,1º,Língua Portuguesa,Identificar fonemas e sua representação por letras.,Identify phonemes and their representation by letters.
EF01LP08,EF,1º,Língua Portuguesa,"Relacionar elementos sonoros (sílabas, fonemas, partes de palavras) com sua representação escrita.","Map sound elements (syllables, phonemes, parts of words) to their written representations."
EF01LP09,EF,1º,Língua Portuguesa,"Comparar palavras, identificando semelhanças e diferenças entre sons de sílabas iniciais.","Compare words, identifying similarities and differences between the sounds of initial syllables."
EF01LP10,EF,1º,Língua Portuguesa,Nomear as letras do alfabeto e recitá-lo na ordem das letras.,Name the letters of the alphabet and recite them in alphabetical order.
EF07LI13,EF,7º,Língua Inglesa,"Organizar texto em unidades de sentido, dividindo-o em parágrafos ou tópicos e subtópicos, explorando as possibilidades de organização gráfica, de suporte e de formato do texto.","Organize a text into units of meaning by dividing it into paragraphs or topics and subtopics, exploring the possibilities of graphic organization, medium, and text format."
EF07LI14,EF,7º,Língua Inglesa,"Produzir textos diversos sobre fatos, acontecimentos e personalidades do passado (linha do tempo/ timelines, biografias, verbetes de enciclopédias, blogues, entre outros).","Produce a variety of texts about past events, occurrences, and historical figures (timelines, biographies, encyclopedia entries, blogs, and others)."
EF07LI15,EF,7º,Língua Inglesa,"Construir repertório lexical relativo a verbos regulares e irregulares (formas no passado), preposições de tempo (in, on, at) e conectores (and, but, because, then, so, before, after, entre outros).","Build lexical repertoire related to regular and irregular verbs (past forms), prepositions of time (in, on, at), and connectors (and, but, because, then, so, before, after, and others)."
EF07LI16,EF,7º,Língua Inglesa,Reconhecer a pronúncia de verbos regulares no passado (-ed).,Recognize the pronunciation of regular verbs in the past tense (-ed endings).
EF07LI17,EF,7º,Língua Inglesa,Explorar o caráter polissêmico de palavras de acordo com o contexto de uso.,Explore the polysemous nature of words according to their context of use.
EF07LI18,EF,7º,Língua Inglesa,"Utilizar o passado simples e o passado contínuo para produzir textos orais e escritos, mostrando relações de sequência e causalidade.","Use the simple past and the past continuous to produce oral and written texts, expressing relationships of sequence and causality."
EF07LI19,EF,7º,Língua Inglesa,Discriminar sujeito de objeto utilizando pronomes a eles relacionados.,Distinguish subjects from objects by correctly using their corresponding pronouns.
EF07LI20,EF,7º,Língua Inglesa,"Empregar, de forma inteligível, o verbo modal can para descrever habilidades (no presente e no passado).",Use the modal verb can intelligibly to describe abilities in the present and in the past.
EF07LI21,EF,7º,Língua Inglesa,Analisar o alcance da língua inglesa e os seus contextos de uso no mundo globalizado.,Analyze the reach of the English language and its contexts of use in a globalized world.
EF07LI22,EF,7º,Língua Inglesa,"Explorar modos de falar em língua inglesa, refutando preconceitos e reconhecendo a variação linguística como fenômeno natural das línguas.","Explore ways of speaking English, challenging linguistic prejudice and recognizing linguistic variation as a natural phenomenon of language."
EF07LI23,EF,7º,Língua Inglesa,Reconhecer a variação linguística como manifestação de formas de pensar e expressar o mundo.,Recognize linguistic variation as a manifestation of different ways of thinking about and expressing the world.
EF08LI01,EF,8º,Língua Inglesa,"Fazer uso da língua inglesa para resolver mal-entendidos, emitir opiniões e esclarecer informações por meio de paráfrases ou justificativas.","Use the English language to resolve misunderstandings, express opinions, and clarify information through paraphrasing or justification."
EF08LI02,EF,8º,Língua Inglesa,"Explorar o uso de recursos linguísticos (frases incompletas, hesitações, entre outros) e paralinguísticos (gestos, expressões faciais, entre outros) em situações de interação oral.","Explore the use of linguistic resources (incomplete sentences, hesitations, and others) and paralinguistic resources (gestures, facial expressions, and others) in oral interaction situations."
EF08LI03,EF,8º,Língua Inglesa,"Construir o sentido global de textos orais, relacionando suas partes, o assunto principal e informações relevantes.","Construct the overall meaning of oral texts by connecting their parts, the main topic, and relevant information."
EF08LI04,EF,8º,Língua Inglesa,"Utilizar recursos e repertório linguísticos apropriados para informar/comunicar/falar do futuro: planos, previsões, possibilidades e probabilidades.","Use appropriate linguistic resources and repertoire to convey information about the future: plans, predictions, possibilities, and probabilities."
EF08LI05,EF,8º,Língua Inglesa,Inferir informações e relações que não aparecem de modo explícito no texto para construção de sentidos.,Infer information and relationships not explicitly stated in a text in order to construct meaning.
EF08LI06,EF,8º,Língua Inglesa,"Apreciar textos narrativos em língua inglesa (contos, romances, entre outros, em versão original ou simplificada), como forma de valorizar o patrimônio cultural produzido em língua inglesa.","Engage with narrative texts in English (short stories, novels, and others, in original or simplified versions) as a way of valuing the cultural heritage produced in the English language."
EF08LI07,EF,8º,Língua Inglesa,Explorar ambientes virtuais e/ou aplicativos para acessar e usufruir do patrimônio artístico literário em língua inglesa.,Explore digital environments and/or applications to access and engage with the literary and artistic heritage available in English.
EF08LI08,EF,8º,Língua Inglesa,"Analisar, criticamente, o conteúdo de textos, comparando diferentes perspectivas apresentadas sobre um mesmo assunto.",Critically analyze the content of texts by comparing different perspectives presented on the same subject.
EF08LI09,EF,8º,Língua Inglesa,"Avaliar a própria produção escrita e a de colegas, com base no contexto de comunicação (finalidade e adequação ao público, conteúdo a ser comunicado, organização textual, legibilidade, estrutura de frases).","Evaluate one's own written production and that of peers based on the communicative context (purpose and appropriateness for the audience, content to be communicated, textual organization, legibility, and sentence structure)."
EF02LP25,EF,2º,Língua Portuguesa,"Identificar e reproduzir, em relatos de experimentos, entrevistas, verbetes de enciclopédia infantil, digitais ou impressos, a formatação e diagramação específica de cada um desses gêneros, inclusive em suas versões orais.","Identify and reproduce, in experiment reports, interviews, and encyclopedia entries (digital or print) designed for children, the specific formatting and layout of each of these genres, including in their oral versions."
EF02LP26,EF,2º,Língua Portuguesa,"Ler e compreender, com certa autonomia, textos literários, de gêneros variados, desenvolvendo o gosto pela leitura.","Read and comprehend, with a degree of independence, literary texts across a variety of genres, developing a love of reading."
EF02LP27,EF,2º,Língua Portuguesa,Reescrever textos narrativos literários lidos pelo professor.,Rewrite literary narrative texts read aloud by the teacher.
EF02LP28,EF,2º,Língua Portuguesa,"Reconhecer o conflito gerador de uma narrativa ficcional e sua resolução, além de palavras, expressões e frases que caracterizam personagens e ambientes.","Recognize the central conflict of a fictional narrative and its resolution, as well as the words, expressions, and phrases that characterize characters and settings."
EF02LP29,EF,2º,Língua Portuguesa,"Observar, em poemas visuais, o formato do texto na página, as ilustrações e outros efeitos visuais.","Observe, in visual poems, the layout of the text on the page, illustrations, and other visual effects."
EF03LP01,EF,3º,Língua Portuguesa,"Ler e escrever palavras com correspondências regulares contextuais entre grafemas e fonemas – c/qu; g/gu; r/rr; s/ss; o (e não u) e e (e não i) em sílaba átona em final de palavra – e com marcas de nasalidade (til, m, n).","Read and write words with context-dependent regular grapheme–phoneme correspondences — c/qu; g/gu; r/rr; s/ss; o (rather than u) and e (rather than i) in unstressed final syllables — and words with nasality markers (tilde, m, n)."
EF03LP02,EF,3º,Língua Portuguesa,"Ler e escrever corretamente palavras com sílabas CV, V, CVC, CCV, VC, VV, CVV, identificando que existem vogais em todas as sílabas.","Read and write correctly words with CV, V, CVC, CCV, VC, VV, and CVV syllable structures, identifying that every syllable contains a vowel."
EF03LP03,EF,3º,Língua Portuguesa,"Ler e escrever corretamente palavras com os dígrafos lh, nh, ch.","Read and write correctly words containing the digraphs lh, nh, and ch."
EF03LP04,EF,3º,Língua Portuguesa,"Usar acento gráfico (agudo ou circunflexo) em monossílabos tônicos terminados em a, e, o e em palavras oxítonas terminadas em a, e, o, seguidas ou não de s.","Apply the acute or circumflex accent mark to stressed monosyllables ending in a, e, or o, and to oxytone words (words with final-syllable stress) ending in a, e, or o, with or without a final s."
EF03LP05,EF,3º,Língua Portuguesa,"Identificar o número de sílabas de palavras, classificando-as em monossílabas, dissílabas, trissílabas e polissílabas.","Identify the number of syllables in words, classifying them as monosyllabic, disyllabic, trisyllabic, or polysyllabic."
EF03LP06,EF,3º,Língua Portuguesa,"Identificar a sílaba tônica em palavras, classificando-as em oxítonas, paroxítonas e proparoxítonas.","Identify the stressed syllable in words, classifying them as oxytones, paroxytones, or proparoxytones."
EF03LP07,EF,3º,Língua Portuguesa,"Identificar a função na leitura e usar na escrita ponto final, ponto de interrogação, ponto de exclamação e, em diálogos (discurso direto), dois-pontos e travessão.","Identify the function of, and correctly use in writing, the period, question mark, exclamation point, and — in dialogues (direct speech) — the colon and em dash."
EF03LP08,EF,3º,Língua Portuguesa,"Identificar e diferenciar, em textos, substantivos e verbos e suas funções na oração: agente, ação, objeto da ação.","Identify and differentiate, in texts, nouns and verbs and their functions within the sentence: agent, action, and object of the action."
EF03LP09,EF,3º,Língua Portuguesa,"Identificar, em textos, adjetivos e sua função de atribuição de propriedades aos substantivos.","Identify, in texts, adjectives and their function of attributing properties to nouns."
EF03LP10,EF,3º,Língua Portuguesa,"Reconhecer prefixos e sufixos produtivos na formação de palavras derivadas de substantivos, de adjetivos e de verbos, utilizando-os para compreender palavras e para formar novas palavras.","Recognize productive prefixes and suffixes in the formation of words derived from nouns, adjectives, and verbs, using them to comprehend existing words and to form new words."
EF03LP11,EF,3º,Língua Portuguesa,"Ler e compreender, com autonomia, textos injuntivos instrucionais (receitas, instruções de montagem etc.), com a estrutura própria desses textos (verbos imperativos, indicação de passos a ser seguidos) e mesclando palavras, imagens e recursos gráfico- visuais, considerando a situação comunicativa e o tema/assunto do texto.","Read and comprehend, independently, instructional injunctive texts (recipes, assembly instructions, etc.) with the structural features characteristic of these genres (imperative verbs, sequenced steps) and combining words, images, and graphic-visual resources, taking into account the communicative situation and the topic of the text."
EF03LP12,EF,3º,Língua Portuguesa,"Ler e compreender, com autonomia, cartas pessoais e diários, com expressão de sentimentos e opiniões, dentre outros gêneros do campo da vida cotidiana, de acordo com as convenções do gênero carta e considerando a situação comunicativa e o tema/assunto do texto.","Read and comprehend, independently, personal letters and diary entries expressing feelings and opinions, among other genres from the everyday life domain, in accordance with the conventions of the letter genre and considering the communicative situation and the topic of the text."
EF03LP13,EF,3º,Língua Portuguesa,"Planejar e produzir cartas pessoais e diários, com expressão de sentimentos e opiniões, dentre outros gêneros do campo da vida cotidiana, de acordo com as convenções dos gêneros carta e diário e considerando a situação comunicativa e o tema/assunto do texto.","Plan and produce personal letters and diary entries expressing feelings and opinions, among other genres from the everyday life domain, in accordance with the conventions of the letter and diary genres and considering the communicative situation and the topic of the text."
EF03LP14,EF,3º,Língua Portuguesa,"Planejar e produzir textos injuntivos instrucionais, com a estrutura própria desses textos (verbos imperativos, indicação de passos a ser seguidos) e mesclando palavras, imagens e recursos gráfico-visuais, considerando a situação comunicativa e o tema/ assunto do texto.","Plan and produce instructional injunctive texts with the structural features characteristic of these genres (imperative verbs, sequenced steps), combining words, images, and graphic-visual resources, and considering the communicative situation and the topic of the text."
EF03LP15,EF,3º,Língua Portuguesa,"Assistir, em vídeo digital, a programa de culinária infantil e, a partir dele, planejar e produzir receitas em áudio ou vídeo.","Watch a children's cooking program in digital video format and, drawing on it, plan and produce recipes in audio or video format."
EF01LP11,EF,1º,Língua Portuguesa,"Conhecer, diferenciar e relacionar letras em formato imprensa e cursiva, maiúsculas e minúsculas.","Identify, differentiate, and relate letters in print and cursive formats, both uppercase and lowercase."
EF01LP12,EF,1º,Língua Portuguesa,"Reconhecer a separação das palavras, na escrita, por espaços em branco.",Recognize that words in written text are separated from one another by white spaces.
EF01LP13,EF,1º,Língua Portuguesa,"Comparar palavras, identificando semelhanças e diferenças entre sons de sílabas mediais e finais.",Compare words by identifying similarities and differences among the sounds of medial and final syllables.
EF01LP14,EF,1º,Língua Portuguesa,"Identificar outros sinais no texto além das letras, como pontos finais, de interrogação e exclamação e seus efeitos na entonação.","Identify punctuation marks in a text beyond letters — including periods, question marks, and exclamation points — and recognize their effects on intonation."
EF01LP15,EF,1º,Língua Portuguesa,Agrupar palavras pelo critério de aproximação de significado (sinonímia) e separar palavras pelo critério de oposição de significado (antonímia).,Group words based on similarity of meaning (synonymy) and distinguish words based on opposition of meaning (antonymy).
EF01LP16,EF,1º,Língua Portuguesa,"Ler e compreender, em colaboração com os colegas e com a ajuda do professor, quadras, quadrinhas, parlendas, trava-línguas, dentre outros gêneros do campo da vida cotidiana, considerando a situação comunicativa e o tema/assunto do texto e relacionando sua forma de organização à sua finalidade.","Read and comprehend, collaboratively with peers and with teacher support, quadras and quadrinhas (traditional Brazilian four-line verse forms), parlendas (children's counting rhymes), tongue twisters, and other genres of everyday life, considering the communicative situation and the topic/subject of the text and connecting the text's organizational form to its purpose."
EF01LP17,EF,1º,Língua Portuguesa,"Planejar e produzir, em colaboração com os colegas e com a ajuda do professor, listas, agendas, calendários, avisos, convites, receitas, instruções de montagem e legendas para álbuns, fotos ou ilustrações (digitais ou impressos), dentre outros gêneros do campo da vida cotidiana, considerando a situação comunicativa e o tema/assunto/ finalidade do texto.","Plan and produce, collaboratively with peers and with teacher support, lists, agendas, calendars, notices, invitations, recipes, assembly instructions, and captions for albums, photos, or illustrations (digital or print), among other everyday-life genres, considering the communicative situation and the topic/subject/purpose of the text."
EF01LP18,EF,1º,Língua Portuguesa,"Registrar, em colaboração com os colegas e com a ajuda do professor, cantigas, quadras, quadrinhas, parlendas, trava-línguas, dentre outros gêneros do campo da vida cotidiana, considerando a situação comunicativa e o tema/assunto/finalidade do texto.","Record, collaboratively with peers and with teacher support, cantigas (traditional songs), quadras and quadrinhas (four-line verses), parlendas (children's counting rhymes), tongue twisters, and other everyday-life genres, considering the communicative situation and the topic/subject/purpose of the text."
EF01LP19,EF,1º,Língua Portuguesa,"Recitar parlendas, quadras, quadrinhas, trava-línguas, com entonação adequada e observando as rimas.","Recite parlendas (children's counting rhymes), quadras and quadrinhas (four-line verses), and tongue twisters with appropriate intonation and attention to rhyme."
EF01LP20,EF,1º,Língua Portuguesa,"Identificar e reproduzir, em listas, agendas, calendários, regras, avisos, convites, receitas, instruções de montagem e legendas para álbuns, fotos ou ilustrações (digitais ou impressos), a formatação e diagramação específica de cada um desses gêneros.","Identify and reproduce the specific formatting and layout of lists, agendas, calendars, rules, notices, invitations, recipes, assembly instructions, and captions for albums, photos, or illustrations (digital or print), as appropriate to each genre."
EF01LP21,EF,1º,Língua Portuguesa,"Escrever, em colaboração com os colegas e com a ajuda do professor, listas de regras e regulamentos que organizam a vida na comunidade escolar, dentre outros gêneros do campo da atuação cidadã, considerando a situação comunicativa e o tema/assunto do texto.","Write, collaboratively with peers and with teacher support, lists of rules and regulations that govern life in the school community, among other genres of civic participation, considering the communicative situation and the topic/subject of the text."
EF01LP22,EF,1º,Língua Portuguesa,"Planejar e produzir, em colaboração com os colegas e com a ajuda do professor, diagramas, entrevistas, curiosidades, dentre outros gêneros do campo investigativo, digitais ou impressos, considerando a situação comunicativa e o tema/assunto/finalidade do texto.","Plan and produce, collaboratively with peers and with teacher support, diagrams, interviews, and curiosity pieces, among other investigative genres in digital or print form, considering the communicative situation and the topic/subject/purpose of the text."
EF01LP23,EF,1º,Língua Portuguesa,"Planejar e produzir, em colaboração com os colegas e com a ajuda do professor, entrevistas, curiosidades, dentre outros gêneros do campo investigativo, que possam ser repassados oralmente por meio de ferramentas digitais, em áudio ou vídeo, considerando a situação comunicativa e o tema/assunto/finalidade do texto.","Plan and produce, collaboratively with peers and with teacher support, interviews and curiosity pieces, among other investigative genres, suitable for oral delivery through digital tools in audio or video format, considering the communicative situation and the topic/subject/purpose of the text."
EF01LP24,EF,1º,Língua Portuguesa,"Identificar e reproduzir, em enunciados de tarefas escolares, diagramas, entrevistas, curiosidades, digitais ou impressos, a formatação e diagramação específica de cada um desses gêneros, inclusive em suas versões orais.","Identify and reproduce the specific formatting and layout of school task prompts, diagrams, interviews, and curiosity pieces — in digital or print form — as appropriate to each genre, including their oral versions."
EF01LP25,EF,1º,Língua Portuguesa,"Produzir, tendo o professor como escriba, recontagens de histórias lidas pelo professor, histórias imaginadas ou baseadas em livros de imagens, observando a forma de composição de textos narrativos (personagens, enredo, tempo e espaço).","Produce, with the teacher acting as scribe, retellings of stories read aloud by the teacher, as well as imagined stories or stories based on wordless picture books, attending to the compositional elements of narrative texts (characters, plot, time, and setting)."
EF01LP26,EF,1º,Língua Portuguesa,"Identificar elementos de uma narrativa lida ou escutada, incluindo personagens, enredo, tempo e espaço.","Identify the elements of a narrative that has been read or listened to, including characters, plot, time, and setting."
EF02LP01,EF,2º,Língua Portuguesa,"Utilizar, ao produzir o texto, grafia correta de palavras conhecidas ou com estruturas silábicas já dominadas, letras maiúsculas em início de frases e em substantivos próprios, segmentação entre as palavras, ponto final, ponto de interrogação e ponto de exclamação.","Apply, when producing written text, correct spelling of familiar words or words with already-mastered syllable structures, capitalization at the beginning of sentences and for proper nouns, word spacing, and appropriate use of periods, question marks, and exclamation points."
EF02LP02,EF,2º,Língua Portuguesa,"Segmentar palavras em sílabas e remover e substituir sílabas iniciais, mediais ou finais para criar novas palavras.","Segment words into syllables and remove or substitute initial, medial, or final syllables to form new words."
EF02LP03,EF,2º,Língua Portuguesa,"Ler e escrever palavras com correspondências regulares diretas entre letras e fonemas (f, v, t, d, p, b) e correspondências regulares contextuais (c e q; e e o, em posição átona em final de palavra).","Read and write words with direct, regular letter-phoneme correspondences (f, v, t, d, p, b) and context-dependent regular correspondences (c and q; e and o in unstressed word-final position)."
EF02LP04,EF,2º,Língua Portuguesa,"Ler e escrever corretamente palavras com sílabas CV, V, CVC, CCV, identificando que existem vogais em todas as sílabas.","Read and write correctly words with CV, V, CVC, and CCV syllable structures, recognizing that every syllable contains a vowel."
EF05LP22,EF,5º,Língua Portuguesa,"Ler e compreender verbetes de dicionário, identificando a estrutura, as informações gramaticais (significado de abreviaturas) e as informações semânticas.","Read and comprehend dictionary entries, identifying their structure, grammatical information (including the meaning of abbreviations), and semantic information."
EF05LP23,EF,5º,Língua Portuguesa,Comparar informações apresentadas em gráficos ou tabelas.,Compare information presented in graphs or tables.
EF05LP24,EF,5º,Língua Portuguesa,"Planejar e produzir texto sobre tema de interesse, organizando resultados de pesquisa em fontes de informação impressas ou digitais, incluindo imagens e gráficos ou tabelas, considerando a situação comunicativa e o tema/assunto do texto.","Plan and produce a text on a topic of interest, organizing research findings from print or digital information sources—including images, graphs, or tables—taking into account the communicative situation and the theme/subject of the text."
EF05LP25,EF,5º,Língua Portuguesa,"Planejar e produzir, com certa autonomia, verbetes de dicionário, digitais ou impressos, considerando a situação comunicativa e o tema/assunto/finalidade do texto.","Plan and produce, with a degree of independence, dictionary entries in digital or print format, taking into account the communicative situation and the theme/subject/purpose of the text."
EF05LP26,EF,5º,Língua Portuguesa,"Utilizar, ao produzir o texto, conhecimentos linguísticos e gramaticais: regras sintáticas de concordância nominal e verbal, convenções de escrita de citações, pontuação (ponto final, dois-pontos, vírgulas em enumerações) e regras ortográficas.","Apply linguistic and grammatical knowledge when producing texts, including syntactic rules of nominal and verbal agreement, conventions for writing quotations, punctuation (periods, colons, and commas in lists), and spelling rules."
EF05LP27,EF,5º,Língua Portuguesa,"Utilizar, ao produzir o texto, recursos de coesão pronominal (pronomes anafóricos) e articuladores de relações de sentido (tempo, causa, oposição, conclusão, comparação), com nível adequado de informatividade.","Apply, when producing texts, pronominal cohesion resources (anaphoric pronouns) and connectives that express semantic relationships (time, cause, contrast, conclusion, and comparison), maintaining an appropriate level of informativeness."
EF05LP28,EF,5º,Língua Portuguesa,"Observar, em ciberpoemas e minicontos infantis em mídia digital, os recursos multissemióticos presentes nesses textos digitais.",Identify the multimodal (multisemiotic) resources present in cyberpoems and short digital stories for children as forms of digital text.
EF06LP01,EF,6º,Língua Portuguesa,"Reconhecer a impossibilidade de uma neutralidade absoluta no relato de fatos e identificar diferentes graus de parcialidade/ imparcialidade dados pelo recorte feito e pelos efeitos de sentido advindos de escolhas feitas pelo autor, de forma a poder desenvolver uma atitude crítica frente aos textos jornalísticos e tornar-se consciente das escolhas feitas enquanto produtor de textos.","Recognize the impossibility of absolute neutrality in reporting facts and identify varying degrees of bias/impartiality as determined by editorial choices and the meaning effects arising from an author's decisions, in order to develop a critical stance toward journalistic texts and become aware of one's own choices as a text producer."
EF06LP02,EF,6º,Língua Portuguesa,"Estabelecer relação entre os diferentes gêneros jornalísticos, compreendendo a centralidade da notícia.","Establish relationships among different journalistic genres, understanding the central role of the news article."
EF06LP03,EF,6º,Língua Portuguesa,Analisar diferenças de sentido entre palavras de uma série sinonímica.,Analyze differences in meaning among words within a synonymous series.
EF06LP04,EF,6º,Língua Portuguesa,"Analisar a função e as flexões de substantivos e adjetivos e de verbos nos modos Indicativo, Subjuntivo e Imperativo: afirmativo e negativo.","Analyze the function and inflections of nouns and adjectives, and of verbs in the Indicative, Subjunctive, and Imperative moods (affirmative and negative)."
EF06LP05,EF,6º,Língua Portuguesa,"Identificar os efeitos de sentido dos modos verbais, considerando o gênero textual e a intenção comunicativa.","Identify the meaning effects of verbal moods, taking into account the text genre and communicative intent."
EF06LP06,EF,6º,Língua Portuguesa,"Empregar, adequadamente, as regras de concordância nominal (relações entre os substantivos e seus determinantes) e as regras de concordância verbal (relações entre o verbo e o sujeito simples e composto).",Apply correctly the rules of nominal agreement (relationships between nouns and their determiners) and the rules of verbal agreement (relationships between the verb and both simple and compound subjects).
EF06LP07,EF,6º,Língua Portuguesa,"Identificar, em textos, períodos compostos por orações separadas por vírgula sem a utilização de conectivos, nomeando-os como períodos compostos por coordenação.","Identify, in texts, compound sentences composed of clauses separated by commas without the use of conjunctions, and classify them as compound sentences formed by coordination."
EF06LP08,EF,6º,Língua Portuguesa,"Identificar, em texto ou sequência textual, orações como unidades constituídas em torno de um núcleo verbal e períodos como conjunto de orações conectadas.","Identify, in a text or textual sequence, clauses as units organized around a verbal nucleus and sentences as sets of connected clauses."
EF06LP09,EF,6º,Língua Portuguesa,"Classificar, em texto ou sequência textual, os períodos simples compostos.","Classify, in a text or textual sequence, simple and compound sentences."
EF06LP10,EF,6º,Língua Portuguesa,Identificar sintagmas nominais e verbais como constituintes imediatos da oração.,Identify noun phrases and verb phrases as immediate constituents of the clause.
EF06LP11,EF,6º,Língua Portuguesa,"Utilizar, ao produzir texto, conhecimentos linguísticos e gramaticais: tempos verbais, concordância nominal e verbal, regras ortográficas, pontuação etc.","Apply linguistic and grammatical knowledge when producing texts, including verb tenses, nominal and verbal agreement, spelling rules, and punctuation."
EF06LP12,EF,6º,Língua Portuguesa,"Utilizar, ao produzir texto, recursos de coesão referencial (nome e pronomes), recursos semânticos de sinonímia, antonímia e homonímia e mecanismos de representação de diferentes vozes (discurso direto e indireto).","Apply, when producing texts, referential cohesion resources (nouns and pronouns), semantic resources of synonymy, antonymy, and homonymy, and mechanisms for representing different voices (direct and indirect speech)."
EF07LP01,EF,7º,Língua Portuguesa,"Distinguir diferentes propostas editoriais – sensacionalismo, jornalismo investigativo etc. –, de forma a identificar os recursos utilizados para impactar/chocar o leitor que podem comprometer uma análise crítica da notícia e do fato noticiado.","Distinguish different editorial approaches—sensationalism, investigative journalism, etc.—in order to identify the devices used to impact or shock the reader that may compromise a critical analysis of the news report and the event being reported."
EF03LP16,EF,3º,Língua Portuguesa,"Identificar e reproduzir, em textos injuntivos instrucionais (receitas, instruções de montagem, digitais ou impressos), a formatação própria desses textos (verbos imperativos, indicação de passos a ser seguidos) e a diagramação específica dos textos desses gêneros (lista de ingredientes ou materiais e instruções de execução – ""modo de fazer"").","Identify and reproduce, in instructional injunctive texts (recipes, assembly instructions, digital or print), the formatting conventions characteristic of these texts (imperative verbs, indication of steps to be followed) and the specific layout of these genres (list of ingredients or materials and execution instructions — ""how to make"")."
EF03LP17,EF,3º,Língua Portuguesa,"Identificar e reproduzir, em gêneros epistolares e diários, a formatação própria desses textos (relatos de acontecimentos, expressão de vivências, emoções, opiniões ou críticas) e a diagramação específica dos textos desses gêneros (data, saudação, corpo do texto, despedida, assinatura).","Identify and reproduce, in epistolary genres and diaries, the formatting conventions characteristic of these texts (accounts of events, expression of experiences, emotions, opinions, or critiques) and the specific layout of these genres (date, salutation, body of text, closing, signature)."
EF03LP18,EF,3º,Língua Portuguesa,"Ler e compreender, com autonomia, cartas dirigidas a veículos da mídia impressa ou digital (cartas de leitor e de reclamação a jornais, revistas) e notícias, dentre outros gêneros do campo jornalístico, de acordo com as convenções do gênero carta e considerando a situação comunicativa e o tema/assunto do texto.","Read and comprehend, independently, letters addressed to print or digital media outlets (reader letters and complaint letters to newspapers and magazines) and news articles, among other journalistic genres, in accordance with the conventions of the letter genre and considering the communicative situation and the topic/subject of the text."
EF03LP19,EF,3º,Língua Portuguesa,"Identificar e discutir o propósito do uso de recursos de persuasão (cores, imagens, escolha de palavras, jogo de palavras, tamanho de letras) em textos publicitários e de propaganda, como elementos de convencimento.","Identify and discuss the purpose of persuasive devices (colors, images, word choice, wordplay, font size) in advertising and promotional texts as elements of persuasion."
EF03LP20,EF,3º,Língua Portuguesa,"Produzir cartas dirigidas a veículos da mídia impressa ou digital (cartas do leitor ou de reclamação a jornais ou revistas), dentre outros gêneros do campopo lítico-cidadão, com opiniões e críticas, de acordo com as convenções do gênero carta e considerando a situação comunicativa e o tema/assunto do texto.","Produce letters addressed to print or digital media outlets (reader letters or complaint letters to newspapers or magazines), among other genres of the civic-political field, expressing opinions and critiques, in accordance with the conventions of the letter genre and considering the communicative situation and the topic/subject of the text."
EF03LP21,EF,3º,Língua Portuguesa,"Produzir anúncios publicitários, textos de campanhas de conscientização destinados ao público infantil, observando os recursos de persuasão utilizados nos textos publicitários e de propaganda (cores, imagens, slogan, escolha de palavras, jogo de palavras, tamanho e tipo de letras, diagramação).","Produce advertisements and awareness campaign texts aimed at a child audience, applying the persuasive devices used in advertising and promotional texts (colors, images, slogans, word choice, wordplay, font size and type, layout)."
EF03LP22,EF,3º,Língua Portuguesa,"Planejar e produzir, em colaboração com os colegas, telejornal para público infantil com algumas notícias e textos de campanhas que possam ser repassados oralmente ou em meio digital, em áudio ou vídeo, considerando a situação comunicativa, a organização específica da fala nesses gêneros e o tema/assunto/ finalidade dos textos.","Plan and produce, collaboratively with peers, a television news broadcast for a child audience featuring news segments and campaign texts that can be delivered orally or through digital media, in audio or video format, considering the communicative situation, the genre-specific organization of speech, and the topic/subject/purpose of the texts."
EF03LP23,EF,3º,Língua Portuguesa,"Analisar o uso de adjetivos em cartas dirigidas a veículos da mídia impressa ou digital (cartas do leitor ou de reclamação a jornais ou revistas), digitais ou impressas.","Analyze the use of adjectives in letters addressed to print or digital media outlets (reader letters or complaint letters to newspapers or magazines), whether digital or print."
EF03LP24,EF,3º,Língua Portuguesa,"Ler/ouvir e compreender, com autonomia, relatos de observações e de pesquisas em fontes de informações, considerando a situação comunicativa e o tema/assunto do texto.","Read/listen to and comprehend, independently, observation reports and research reports drawn from information sources, considering the communicative situation and the topic/subject of the text."
EF03LP25,EF,3º,Língua Portuguesa,"Planejar e produzir textos para apresentar resultados de observações e de pesquisas em fontes de informações, incluindo, quando pertinente, imagens, diagramas e gráficos ou tabelas simples, considerando a situação comunicativa e o tema/assunto do texto.","Plan and produce texts to present the results of observations and research from information sources, incorporating, when relevant, images, diagrams, graphs, or simple tables, considering the communicative situation and the topic/subject of the text."
EF03LP26,EF,3º,Língua Portuguesa,"Identificar e reproduzir, em relatórios de observação e pesquisa, a formatação e diagramação específica desses gêneros (passos ou listas de itens, tabelas, ilustrações, gráficos, resumo dos resultados), inclusive em suas versões orais.","Identify and reproduce, in observation and research reports, the formatting and specific layout of these genres (steps or itemized lists, tables, illustrations, graphs, summary of results), including in their oral versions."
EF03LP27,EF,3º,Língua Portuguesa,"Recitar cordel e cantar repentes e emboladas, observando as rimas e obedecendo ao ritmo e à melodia.","Recite cordel literature (a Brazilian oral poetry tradition in verse pamphlets) and perform repentes and emboladas (improvised vocal dueling genres from northeastern Brazil), observing rhyme schemes and adhering to rhythm and melody."
EF04LP01,EF,4º,Língua Portuguesa,Grafar palavras utilizando regras de correspondência fonema--grafema regulares diretas e contextuais.,Spell words by applying direct and context-dependent regular phoneme-grapheme correspondence rules.
EF04LP02,EF,4º,Língua Portuguesa,"Ler e escrever, corretamente, palavras com sílabas VV e CVV em casos nos quais a combinação VV (ditongo) é reduzida na língua oral (ai, ei, ou).","Read and write correctly words containing VV and CVV syllable patterns in cases where the VV combination (diphthong) is reduced in spoken language (ai, ei, ou)."
EF04LP03,EF,4º,Língua Portuguesa,"Localizar palavras no dicionário para esclarecer significados, reconhecendo o significado mais plausível para o contexto que deu origem à consulta.","Locate words in a dictionary to clarify meanings, identifying the most plausible meaning for the context that prompted the lookup."
EF04LP04,EF,4º,Língua Portuguesa,"Usar acento gráfico (agudo ou circunflexo) em paroxítonas terminadas em -i(s), -l, -r, -ão(s).","Apply written accent marks (acute or circumflex) to paroxytone words ending in -i(s), -l, -r, -ão(s)."
EF04LP05,EF,4º,Língua Portuguesa,"Identificar a função na leitura e usar, adequadamente, na escrita ponto final, de interrogação, de exclamação, dois-pontos e travessão em diálogos (discurso direto), vírgula em enumerações e em separação de vocativo e de aposto.","Identify the function of punctuation marks while reading and use them appropriately in writing, including periods, question marks, exclamation marks, colons, and dashes in dialogue (direct speech), as well as commas in enumerations and to set off vocatives and appositives."
EF04LP06,EF,4º,Língua Portuguesa,Identificar em textos e usar na produção textual a concordância entre substantivo ou pronome pessoal e verbo (concordância verbal).,Identify in texts and apply in written production subject-verb agreement between a noun or personal pronoun and a verb.
EF04LP07,EF,4º,Língua Portuguesa,"Identificar em textos e usar na produção textual a concordância entre artigo, substantivo e adjetivo (concordância no grupo nominal).","Identify in texts and apply in written production agreement among articles, nouns, and adjectives (agreement within the noun phrase)."
EF04LP08,EF,4º,Língua Portuguesa,"Reconhecer e grafar, corretamente, palavras derivadas com os sufixos -agem, -oso, -eza, -izar/-isar (regulares morfológicas).","Recognize and correctly spell derived words formed with the suffixes -agem, -oso, -eza, -izar/-isar (regular morphological derivations)."
EF05LP02,EF,5º,Língua Portuguesa,"Identificar o caráter polissêmico das palavras (uma mesma palavra com diferentes significados, de acordo com o contexto de uso), comparando o significado de determinados termos utilizados nas áreas científicas com esses mesmos termos utilizados na linguagem usual.","Identify the polysemous nature of words (a single word carrying different meanings depending on the context of use), comparing the meanings of specific terms used in scientific fields with those same terms as used in everyday language."
EF05LP03,EF,5º,Língua Portuguesa,"Acentuar corretamente palavras oxítonas, paroxítonas e proparoxítonas.","Apply correct written accent marks to oxytone, paroxytone, and proparoxytone words (words stressed on the final, penultimate, and antepenultimate syllables, respectively)."
EF05LP04,EF,5º,Língua Portuguesa,"Diferenciar, na leitura de textos, vírgula, ponto e vírgula, dois-pontos e reconhecer, na leitura de textos, o efeito de sentido que decorre do uso de reticências, aspas, parênteses.","Distinguish, while reading texts, the functions of the comma, semicolon, and colon, and recognize the effect on meaning produced by the use of ellipses, quotation marks, and parentheses."
EF05LP05,EF,5º,Língua Portuguesa,"Identificar a expressão de presente, passado e futuro em tempos verbais do modo indicativo.","Identify the expression of present, past, and future time through verb tenses in the indicative mood."
EF05LP06,EF,5º,Língua Portuguesa,"Flexionar, adequadamente, na escrita e na oralidade, os verbos em concordância com pronomes pessoais/nomes sujeitos da oração.",Correctly inflect verbs in written and oral contexts to agree with personal pronouns and noun subjects of the sentence.
EF05LP07,EF,5º,Língua Portuguesa,"Identificar, em textos, o uso de conjunções e a relação que estabelecem entre partes do texto: adição, oposição, tempo, causa, condição, finalidade.","Identify, in texts, the use of conjunctions and the logical relationships they establish between parts of the text: addition, opposition, time, cause, condition, and purpose."
EF05LP08,EF,5º,Língua Portuguesa,"Diferenciar palavras primitivas, derivadas e compostas, e derivadas por adição de prefixo e de sufixo.","Distinguish primitive, derived, and compound words, as well as words derived through the addition of prefixes and suffixes."
EF05LP09,EF,5º,Língua Portuguesa,"Ler e compreender, com autonomia, textos instrucional de regras de jogo, dentre outros gêneros do campo da vida cotidiana, de acordo com as convenções do gênero e considerando a situação comunicativa e a finalidade do texto.","Read and comprehend, independently, instructional texts such as game rules and other genres from the field of everyday life, in accordance with the conventions of the genre and considering the communicative situation and the purpose of the text."
EF05LP10,EF,5º,Língua Portuguesa,"Ler e compreender, com autonomia, anedotas, piadas e cartuns, dentre outros gêneros do campo da vida cotidiana, de acordo com as convenções do gênero e considerando a situação comunicativa e a finalidade do texto.","Read and comprehend, independently, anecdotes, jokes, and cartoons, among other genres from the field of everyday life, in accordance with the conventions of the genre and considering the communicative situation and the purpose of the text."
EF05LP11,EF,5º,Língua Portuguesa,"Registrar, com autonomia, anedotas, piadas e cartuns, dentre outros gêneros do campo da vida cotidiana, de acordo com as convenções do gênero e considerando a situação comunicativa e a finalidade do texto.","Produce, independently, written versions of anecdotes, jokes, and cartoons, among other genres from the field of everyday life, in accordance with the conventions of the genre and considering the communicative situation and the purpose of the text."
EF05LP12,EF,5º,Língua Portuguesa,"Planejar e produzir, com autonomia, textos instrucionais de regras de jogo, dentre outros gêneros do campo da vida cotidiana, de acordo com as convenções do gênero e considerando a situação comunicativa e a finalidade do texto.","Plan and produce, independently, instructional texts such as game rules and other genres from the field of everyday life, in accordance with the conventions of the genre and considering the communicative situation and the purpose of the text."
EF05LP13,EF,5º,Língua Portuguesa,"Assistir, em vídeo digital, a postagem de vlog infantil de críticas de brinquedos e livros de literatura infantil e, a partir dele, planejar e produzir resenhas digitais em áudio ou vídeo.","View digital video posts from children's vlogs reviewing toys and children's literature, and, drawing on those models, plan and produce digital review content in audio or video format."
EF05LP14,EF,5º,Língua Portuguesa,"Identificar e reproduzir, em textos de resenha crítica de brinquedos ou livros de literatura infantil, a formatação própria desses textos (apresentação e avaliação do produto).","Identify and reproduce, in critical reviews of toys or children's literature, the formatting conventions characteristic of those texts, including the presentation and evaluation of the product."
EF05LP15,EF,5º,Língua Portuguesa,"Ler/assistir e compreender, com autonomia, notícias, reportagens, vídeos em vlogs argumentativos, dentre outros gêneros do campo político-cidadão, de acordo com as convenções dos gêneros e considerando a situação comunicativa e o tema/assunto do texto.","Read/view and comprehend, independently, news articles, feature reports, argumentative video vlogs, and other genres from the civic and political field, in accordance with the conventions of each genre and considering the communicative situation and the topic of the text."
EF05LP16,EF,5º,Língua Portuguesa,Comparar informações sobre um mesmo fato veiculadas em diferentes mídias e concluir sobre qual é mais confiável e por quê.,Compare information about the same event as reported across different media outlets and draw conclusions about which source is more reliable and why.
EF05LP17,EF,5º,Língua Portuguesa,"Produzir roteiro para edição de uma reportagem digital sobre temas de interesse da turma, a partir de buscas de informações, imagens, áudios e vídeos na internet, de acordo com as convenções do gênero e considerando a situação comunicativa e o tema/assunto do texto.","Produce a script for editing a digital news report on topics of interest to the class, drawing on searches for information, images, audio, and video on the internet, in accordance with the conventions of the genre and considering the communicative situation and the topic of the text."
EF05LP18,EF,5º,Língua Portuguesa,"Roteirizar, produzir e editar vídeo para vlogs argumentativos sobre produtos de mídia para público infantil (filmes, desenhos animados, HQs, games etc.), com base em conhecimentos sobre os mesmos, de acordo com as convenções do gênero e considerando a situação comunicativa e o tema/ assunto/finalidade do texto.","Script, produce, and edit video content for argumentative vlogs about media products aimed at children (films, animated series, comics, video games, etc.), drawing on substantive knowledge of those products, in accordance with the conventions of the genre and considering the communicative situation, topic, and purpose of the text."
EF05LP19,EF,5º,Língua Portuguesa,"Argumentar oralmente sobre acontecimentos de interesse social, com base em conhecimentos sobre fatos divulgados em TV, rádio, mídia impressa e digital, respeitando pontos de vista diferentes.","Argue orally about events of social interest, drawing on knowledge of facts reported on television, radio, and print and digital media, while respecting differing points of view."
EF05LP20,EF,5º,Língua Portuguesa,"Analisar a validade e força de argumentos em argumentações sobre produtos de mídia para público infantil (filmes, desenhos animados, HQs, games etc.), com base em conhecimentos sobre os mesmos.","Evaluate the validity and strength of arguments in argumentative discussions about media products aimed at children (films, animated series, comics, video games, etc.), drawing on substantive knowledge of those products."
EF05LP21,EF,5º,Língua Portuguesa,"Analisar o padrão entonacional, a expressão facial e corporal e as escolhas de variedade e registro linguísticos de vloggers de vlogs opinativos ou argumentativos.","Analyze the intonation patterns, facial and body expressions, and choices of linguistic variety and register used by vloggers in opinion-based or argumentative vlogs."
EF04LP09,EF,4º,Língua Portuguesa,"Ler e compreender, com autonomia, boletos, faturas e carnês, dentre outros gêneros do campo da vida cotidiana, de acordo com as convenções do gênero (campos, itens elencados, medidas de consumo, código de barras) e considerando a situação comunicativa e a finalidade do texto.","Read and independently comprehend utility bills, invoices, and payment booklets, among other everyday life genres, in accordance with the conventions of the genre (fields, listed items, consumption measurements, barcodes) and considering the communicative situation and the purpose of the text."
EF04LP10,EF,4º,Língua Portuguesa,"Ler e compreender, com autonomia, cartas pessoais de reclamação, dentre outros gêneros do campo da vida cotidiana, de acordo com as convenções do gênero carta e considerando a situação comunicativa e o tema/assunto/finalidade do texto.","Read and independently comprehend personal complaint letters, among other everyday life genres, in accordance with the conventions of the letter genre and considering the communicative situation and the topic/subject/purpose of the text."
EF04LP11,EF,4º,Língua Portuguesa,"Planejar e produzir, com autonomia, cartas pessoais de reclamação, dentre outros gêneros do campo da vida cotidiana, de acordo com as convenções do gênero carta e com a estrutura própria desses textos (problema, opinião, argumentos), considerando a situação comunicativa e o tema/assunto/finalidade do texto.","Plan and independently produce personal complaint letters, among other everyday life genres, in accordance with the conventions of the letter genre and the characteristic structure of these texts (problem, opinion, supporting arguments), considering the communicative situation and the topic/subject/purpose of the text."
EF04LP12,EF,4º,Língua Portuguesa,"Assistir, em vídeo digital, a programa infantil com instruções de montagem, de jogos e brincadeiras e, a partir dele, planejar e produzir tutoriais em áudio ou vídeo.","View a children's digital video program featuring assembly, game, or activity instructions, and use it as a basis for planning and producing tutorials in audio or video format."
EF04LP13,EF,4º,Língua Portuguesa,"Identificar e reproduzir, em textos injuntivos instrucionais (instruções de jogos digitais ou impressos), a formatação própria desses textos (verbos imperativos, indicação de passos a ser seguidos) e formato específico dos textos orais ou escritos desses gêneros (lista/ apresentação de materiais e instruções/passos de jogo).","Identify and reproduce, in instructional texts (instructions for digital or print games), the formatting conventions characteristic of the genre (imperative verbs, sequential steps) and the specific format of oral or written texts within these genres (list/presentation of materials and game instructions/steps)."
EF04LP14,EF,4º,Língua Portuguesa,"Identificar, em notícias, fatos, participantes, local e momento/tempo da ocorrência do fato noticiado.","Identify, in news articles, the facts reported, the individuals involved, the location, and the time/moment of the reported event."
EF04LP15,EF,4º,Língua Portuguesa,"Distinguir fatos de opiniões/sugestões em textos (informativos, jornalísticos, publicitários etc.).","Distinguish facts from opinions and suggestions in texts (informational, journalistic, advertising, etc.)."
EF04LP16,EF,4º,Língua Portuguesa,"Produzir notícias sobre fatos ocorridos no universo escolar, digitais ou impressas, para o jornal da escola, noticiando os fatos e seus atores e comentando decorrências, de acordo com as convenções do gênero notícia e considerando a situação comunicativa e o tema/assunto do texto.","Produce news articles—digital or print—about events occurring in the school community for the school newspaper, reporting the facts and the individuals involved and commenting on their consequences, in accordance with the conventions of the news article genre and considering the communicative situation and the topic/subject of the text."
EF04LP17,EF,4º,Língua Portuguesa,"Produzir jornais radiofônicos ou televisivos e entrevistas veiculadas em rádio, TV e na internet, orientando-se por roteiro ou texto e demonstrando conhecimento dos gêneros jornal falado/televisivo e entrevista.","Produce radio or television news broadcasts and interviews aired on radio, television, or the internet, guided by a script or written text and demonstrating knowledge of the spoken/televised news broadcast and interview genres."
EF04LP18,EF,4º,Língua Portuguesa,Analisar o padrão entonacional e a expressão facial e corporal de âncoras de jornais radiofônicos ou televisivos e de entrevistadores/entrevistados.,Analyze the intonation patterns and the facial and body expressions of radio or television news anchors and of interviewers and interviewees.
EF04LP19,EF,4º,Língua Portuguesa,"Ler e compreender textos expositivos de divulgação científica para crianças, considerando a situação comunicativa e o tema/ assunto do texto.","Read and comprehend expository science popularization texts written for children, considering the communicative situation and the topic/subject of the text."
EF04LP20,EF,4º,Língua Portuguesa,"Reconhecer a função de gráficos, diagramas e tabelas em textos, como forma de apresentação de dados e informações.","Recognize the function of graphs, diagrams, and tables in texts as means of presenting data and information."
EF04LP21,EF,4º,Língua Portuguesa,"Planejar e produzir textos sobre temas de interesse, com base em resultados de observações e pesquisas em fontes de informações impressas ou eletrônicas, incluindo, quando pertinente, imagens e gráficos ou tabelas simples, considerando a situação comunicativa e o tema/assunto do texto.","Plan and produce texts on topics of interest, drawing on observations and research from print or electronic information sources, incorporating, where relevant, images, graphs, or simple tables, and considering the communicative situation and the topic/subject of the text."
EF04LP22,EF,4º,Língua Portuguesa,"Planejar e produzir, com certa autonomia, verbetes de enciclopédia infantil, digitais ou impressos, considerando a situação comunicativa e o tema/ assunto/finalidade do texto.","Plan and produce, with a degree of independence, entries for children's encyclopedias—digital or print—considering the communicative situation and the topic/subject/purpose of the text."
EF04LP23,EF,4º,Língua Portuguesa,"Identificar e reproduzir, em verbetes de enciclopédia infantil, digitais ou impressos, a formatação e diagramação específica desse gênero (título do verbete, definição, detalhamento, curiosidades), considerando a situação comunicativa e o tema/assunto/finalidade do texto.","Identify and reproduce, in children's encyclopedia entries—digital or print—the formatting and layout specific to this genre (entry title, definition, elaboration, curiosities/fun facts), considering the communicative situation and the topic/subject/purpose of the text."
EF04LP24,EF,4º,Língua Portuguesa,"Identificar e reproduzir, em seu formato, tabelas, diagramas e gráficos em relatórios de observação e pesquisa, como forma de apresentação de dados e informações.","Identify and reproduce, in their proper format, tables, diagrams, and graphs in observation and research reports as means of presenting data and information."
EF04LP25,EF,4º,Língua Portuguesa,"Representar cenas de textos dramáticos, reproduzindo as falas das personagens, de acordo com as rubricas de interpretação e movimento indicadas pelo autor.","Perform scenes from dramatic texts, delivering characters' lines in accordance with the performance and movement stage directions indicated by the author."
EF04LP26,EF,4º,Língua Portuguesa,"Observar, em poemas concretos, o formato, a distribuição e a diagramação das letras do texto na página.","Observe, in concrete poems, the layout, arrangement, and typographic distribution of the text's letters on the page."
EF04LP27,EF,4º,Língua Portuguesa,"Identificar, em textos dramáticos, marcadores das falas das personagens e de cena.","Identify, in dramatic texts, the markers used to distinguish characters' speech and stage directions."
EF05LP01,EF,5º,Língua Portuguesa,"Grafar palavras utilizando regras de correspondência fonema-grafema regulares, contextuais e morfológicas e palavras de uso frequente com correspondências irregulares.",Spell words by applying regular phoneme-grapheme correspondence rules—including contextual and morphological rules—as well as high-frequency words with irregular correspondences.
EF07LP02,EF,7º,Língua Portuguesa,"Comparar notícias e reportagens sobre um mesmo fato divulgadas em diferentes mídias, analisando as especificidades das mídias, os processos de (re)elaboração dos textos e a convergência das mídias em notícias ou reportagens multissemióticas.","Compare news articles and reports on the same event as published across different media outlets, analyzing the specific characteristics of each medium, the processes of (re)elaboration of texts, and media convergence in multisemiotic news stories and reports."
EF07LP03,EF,7º,Língua Portuguesa,"Formar, com base em palavras primitivas, palavras derivadas com os prefixos e sufixos mais produtivos no português.",Form derived words from primitive (base) words using the most productive prefixes and suffixes in Portuguese.
EF07LP04,EF,7º,Língua Portuguesa,"Reconhecer, em textos, o verbo como o núcleo das orações.","Recognize, in texts, the verb as the nucleus of clauses."
EF07LP05,EF,7º,Língua Portuguesa,"Identificar, em orações de textos lidos ou de produção própria, verbos de predicação completa e incompleta: intransitivos e transitivos.","Identify, in clauses from texts read or self-produced, verbs with complete and incomplete predication: intransitive and transitive verbs."
EF07LP06,EF,7º,Língua Portuguesa,Empregar as regras básicas de concordância nominal e verbal em situações comunicativas e na produção de textos.,Apply the basic rules of nominal and verbal agreement (subject-verb and noun-modifier concord) in communicative situations and in text production.
EF07LP07,EF,7º,Língua Portuguesa,"Identificar, em textos lidos ou de produção própria, a estrutura básica da oração: sujeito, predicado, complemento (objetos direto e indireto).","Identify, in texts read or self-produced, the basic structure of a clause: subject, predicate, and complements (direct and indirect objects)."
EF07LP08,EF,7º,Língua Portuguesa,"Identificar, em textos lidos ou de produção própria, adjetivos que ampliam o sentido do substantivo sujeito ou complemento verbal.","Identify, in texts read or self-produced, adjectives that expand the meaning of a noun functioning as subject or verbal complement."
EF07LP09,EF,7º,Língua Portuguesa,"Identificar, em textos lidos ou de produção própria, advérbios e locuções adverbiais que ampliam o sentido do verbo núcleo da oração.","Identify, in texts read or self-produced, adverbs and adverbial phrases that expand the meaning of the verb that serves as the nucleus of a clause."
EF07LP10,EF,7º,Língua Portuguesa,"Utilizar, ao produzir texto, conhecimentos linguísticos e gramaticais: modos e tempos verbais, concordância nominal e verbal, pontuação etc.","Apply, in text production, linguistic and grammatical knowledge, including verbal moods and tenses, nominal and verbal agreement, punctuation, and related conventions."
EF07LP11,EF,7º,Língua Portuguesa,"Identificar, em textos lidos ou de produção própria, períodos compostos nos quais duas orações são conectadas por vírgula, ou por conjunções que expressem soma de sentido (conjunção “e”) ou oposição de sentidos (conjunções “mas”, “porém”).","Identify, in texts read or self-produced, compound sentences in which two clauses are connected by a comma or by conjunctions expressing addition (conjunction ""and"") or contrast (conjunctions ""but,"" ""however"")."
EF07LP12,EF,7º,Língua Portuguesa,"Reconhecer recursos de coesão referencial: substituições lexicais (de substantivos por sinônimos) ou pronominais (uso de pronomes anafóricos – pessoais, possessivos, demonstrativos).","Recognize referential cohesion devices, including lexical substitution (replacement of nouns with synonyms) and pronominal substitution (use of anaphoric pronouns — personal, possessive, and demonstrative)."
EF07LP13,EF,7º,Língua Portuguesa,"Estabelecer relações entre partes do texto, identificando substituições lexicais (de substantivos por sinônimos) ou pronominais (uso de pronomes anafóricos – pessoais, possessivos, demonstrativos), que contribuem para a continuidade do texto.","Establish relationships between parts of a text by identifying lexical substitutions (replacement of nouns with synonyms) or pronominal substitutions (use of anaphoric pronouns — personal, possessive, and demonstrative) that contribute to textual continuity."
EF07LP14,EF,7º,Língua Portuguesa,"Identificar, em textos, os efeitos de sentido do uso de estratégias de modalização e argumentatividade.","Identify, in texts, the effects of meaning produced by the use of modalization and argumentation strategies."
EF08LP01,EF,8º,Língua Portuguesa,"Identificar e comparar as várias editorias de jornais impressos e digitais e de sites noticiosos, de forma a refletir sobre os tipos de fato que são noticiados e comentados, as escolhas sobre o que noticiar e o que não noticiar e o destaque/enfoque dado e a fidedignidade da informação.","Identify and compare the various editorial sections of print and digital newspapers and news websites in order to reflect on the types of events that are reported and commented upon, the choices of what to cover and what to omit, the prominence and framing given to stories, and the reliability of information."
EF08LP02,EF,8º,Língua Portuguesa,"Justificar diferenças ou semelhanças no tratamento dado a uma mesma informação veiculada em textos diferentes, consultando sites e serviços de checadores de fatos.","Justify differences or similarities in the treatment of the same information as conveyed across different texts, consulting fact-checking websites and services."
EF08LP03,EF,8º,Língua Portuguesa,"Produzir artigos de opinião, tendo em vista o contexto de produção dado, a defesa de um ponto de vista, utilizando argumentos e contra-argumentos e articuladores de coesão que marquem relações de oposição, contraste, exemplificação, ênfase.","Produce opinion articles, taking into account the given production context, the defense of a point of view, and the use of arguments and counterarguments along with cohesive connectors that signal relationships of opposition, contrast, exemplification, and emphasis."
EF08LP04,EF,8º,Língua Portuguesa,"Utilizar, ao produzir texto, conhecimentos linguísticos e gramaticais: ortografia, regências e concordâncias nominal e verbal, modos e tempos verbais, pontuação etc.","Apply, in text production, linguistic and grammatical knowledge, including spelling, verbal and nominal government (valency/complementation), nominal and verbal agreement, verbal moods and tenses, punctuation, and related conventions."
EF08LP05,EF,8º,Língua Portuguesa,"Analisar processos de formação de palavras por composição (aglutinação e justaposição), apropriando-se de regras básicas de uso do hífen em palavras compostas.","Analyze word-formation processes through compounding (agglutination and juxtaposition), mastering the basic rules governing hyphen use in compound words."
EF08LP06,EF,8º,Língua Portuguesa,"Identificar, em textos lidos ou de produção própria, os termos constitutivos da oração (sujeito e seus modificadores, verbo e seus complementos e modificadores).","Identify, in texts read or self-produced, the constituent elements of a clause, including the subject and its modifiers, the verb, and its complements and modifiers."
EF08LP07,EF,8º,Língua Portuguesa,"Diferenciar, em textos lidos ou de produção própria, complementos diretos e indiretos de verbos transitivos, apropriando-se da regência de verbos de uso frequente.","Differentiate, in texts read or self-produced, direct and indirect objects of transitive verbs, mastering the complementation patterns (government/valency) of frequently used verbs."
EF09LP12,EF,9º,Língua Portuguesa,"Identificar estrangeirismos, caracterizando-os segundo a conservação, ou não, de sua forma gráfica de origem, avaliando a pertinência, ou não, de seu uso.","Identify loanwords and foreign borrowings in Portuguese, characterizing them according to whether or not their original graphic form has been preserved, and evaluating the appropriateness of their use in context."
EF12LP01,EF,"1º, 2º",Língua Portuguesa,"Ler palavras novas com precisão na decodificação, no caso de palavras de uso frequente, ler globalmente, por memorização.","Read unfamiliar words with accuracy in decoding; in the case of high-frequency words, read them holistically through memorization."
EF12LP02,EF,"1º, 2º",Língua Portuguesa,"Buscar, selecionar e ler, com a mediação do professor (leitura compartilhada), textos que circulam em meios impressos ou digitais, de acordo com as necessidades e interesses.","Search for, select, and read — with teacher mediation (shared reading) — texts that circulate in print or digital media, according to personal needs and interests."
EF12LP03,EF,"1º, 2º",Língua Portuguesa,"Copiar textos breves, mantendo suas características e voltando para o texto sempre que tiver dúvidas sobre sua distribuição gráfica, espaçamento entre as palavras, escrita das palavras e pontuação.","Copy short texts while preserving their original characteristics, referring back to the source text whenever uncertain about its graphic layout, word spacing, spelling, or punctuation."
EF12LP04,EF,"1º, 2º",Língua Portuguesa,"Ler e compreender, em colaboração com os colegas e com a ajuda do professor ou já com certa autonomia, listas, agendas, calendários, avisos, convites, receitas, instruções de montagem (digitais ou impressos), dentre outros gêneros do campo da vida cotidiana, considerando a situação comunicativa e o tema/assunto do texto e relacionando sua forma de organização à sua finalidade.","Read and comprehend, collaboratively with peers and with teacher support or with increasing autonomy, lists, agendas, calendars, notices, invitations, recipes, and assembly instructions (digital or print), among other genres of everyday life, considering the communicative situation and the topic/subject of the text and connecting its organizational structure to its purpose."
EF12LP05,EF,"1º, 2º",Língua Portuguesa,"Planejar e produzir, em colaboração com os colegas e com a ajuda do professor, (re)contagens de histórias, poemas e outros textos versificados (letras de canção, quadrinhas, cordel), poemas visuais, tiras e histórias em quadrinhos, dentre outros gêneros do campo artístico-literário, considerando a situação comunicativa e a finalidade do texto.","Plan and produce, collaboratively with peers and with teacher support, retellings of stories, poems, and other versified texts (song lyrics, quatrains, cordel literature [a Brazilian tradition of illustrated verse pamphlets]), visual poems, comic strips, and graphic stories, among other genres of the literary-artistic field, considering the communicative situation and the purpose of the text."
EF12LP06,EF,"1º, 2º",Língua Portuguesa,"Planejar e produzir, em colaboração com os colegas e com a ajuda do professor, recados, avisos, convites, receitas, instruções de montagem, dentre outros gêneros do campo da vida cotidiana, que possam ser repassados oralmente por meio de ferramentas digitais, em áudio ou vídeo, considerando a situação comunicativa e o tema/assunto/finalidade do texto.","Plan and produce, collaboratively with peers and with teacher support, messages, notices, invitations, recipes, and assembly instructions, among other genres of everyday life, that can be delivered orally through digital tools in audio or video format, considering the communicative situation and the topic/subject/purpose of the text."
EF12LP07,EF,"1º, 2º",Língua Portuguesa,"Identificar e (re)produzir, em cantiga, quadras, quadrinhas, parlendas, trava-línguas e canções, rimas, aliterações, assonâncias, o ritmo de fala relacionado ao ritmo e à melodia das músicas e seus efeitos de sentido.","Identify and reproduce, in cantigas (traditional songs), quatrains, nursery rhymes, tongue-twisters, and songs, instances of rhyme, alliteration, and assonance, connecting the speech rhythm to the rhythm and melody of the music and analyzing their effects on meaning."
EF12LP08,EF,"1º, 2º",Língua Portuguesa,"Ler e compreender, em colaboração com os colegas e com a ajuda do professor, fotolegendas em notícias, manchetes e lides em notícias, álbum de fotos digital noticioso e notícias curtas para público infantil, dentre outros gêneros do campo jornalístico, considerando a situação comunicativa e o tema/assunto do texto.","Read and comprehend, collaboratively with peers and with teacher support, photo captions in news stories, headlines and ledes, digital news photo albums, and short news articles for young audiences, among other genres of the journalistic field, considering the communicative situation and the topic/subject of the text."
EF12LP09,EF,"1º, 2º",Língua Portuguesa,"Ler e compreender, em colaboração com os colegas e com a ajuda do professor, slogans, anúncios publicitários e textos de campanhas de conscientização destinados ao público infantil, dentre outros gêneros do campo publicitário, considerando a situação comunicativa e o tema/assunto do texto.","Read and comprehend, collaboratively with peers and with teacher support, slogans, advertisements, and awareness-campaign texts aimed at young audiences, among other genres of the advertising field, considering the communicative situation and the topic/subject of the text."
EF12LP10,EF,"1º, 2º",Língua Portuguesa,"Ler e compreender, em colaboração com os colegas e com a ajuda do professor, cartazes, avisos, folhetos, regras e regulamentos que organizam a vida na comunidade escolar, dentre outros gêneros do campo da atuação cidadã, considerando a situação comunicativa e o tema/assunto do texto.","Read and comprehend, collaboratively with peers and with teacher support, posters, notices, flyers, rules, and regulations that organize life in the school community, among other genres of the civic participation field, considering the communicative situation and the topic/subject of the text."
EF12LP11,EF,"1º, 2º",Língua Portuguesa,"Escrever, em colaboração com os colegas e com a ajuda do professor, fotolegendas em notícias, manchetes e lides em notícias, álbum de fotos digital noticioso e notícias curtas para público infantil, digitais ou impressos, dentre outros gêneros do campo jornalístico, considerando a situação comunicativa e o tema/assunto do texto.","Write, collaboratively with peers and with teacher support, photo captions for news stories, headlines and ledes, digital news photo albums, and short news articles for young audiences — digital or print — among other genres of the journalistic field, considering the communicative situation and the topic/subject of the text."
EF12LP12,EF,"1º, 2º",Língua Portuguesa,"Escrever, em colaboração com os colegas e com a ajuda do professor, slogans, anúncios publicitários e textos de campanhas de conscientização destinados ao público infantil, dentre outros gêneros do campo publicitário, considerando a situação comunicativa e o tema/ assunto/finalidade do texto.","Write, collaboratively with peers and with teacher support, slogans, advertisements, and awareness-campaign texts aimed at young audiences, among other genres of the advertising field, considering the communicative situation and the topic/subject/purpose of the text."
EF12LP13,EF,"1º, 2º",Língua Portuguesa,"Planejar, em colaboração com os colegas e com a ajuda do professor, slogans e peça de campanha de conscientização destinada ao público infantil que possam ser repassados oralmente por meio de ferramentas digitais, em áudio ou vídeo, considerando a situação comunicativa e o tema/assunto/finalidade do texto.","Plan, collaboratively with peers and with teacher support, slogans and awareness-campaign pieces aimed at young audiences that can be delivered orally through digital tools in audio or video format, considering the communicative situation and the topic/subject/purpose of the text."
EF12LP14,EF,"1º, 2º",Língua Portuguesa,"Identificar e reproduzir, em fotolegendas de notícias, álbum de fotos digital noticioso, cartas de leitor (revista infantil), digitais ou impressos, a formatação e diagramação específica de cada um desses gêneros, inclusive em suas versões orais.","Identify and reproduce, in news photo captions, digital news photo albums, and reader letters (children's magazines) — digital or print — the specific formatting and layout of each of these genres, including their oral versions."
EF12LP15,EF,"1º, 2º",Língua Portuguesa,Identificar a forma de composição de slogans publicitários.,Identify the compositional structure of advertising slogans.
EF12LP16,EF,"1º, 2º",Língua Portuguesa,"Identificar e reproduzir, em anúncios publicitários e textos de campanhas de conscientização destinados ao público infantil (orais e escritos, digitais ou impressos), a formatação e diagramação específica de cada um desses gêneros, inclusive o uso de imagens.","Identify and reproduce, in advertisements and awareness-campaign texts aimed at young audiences (oral and written, digital or print), the specific formatting and layout of each of these genres, including the use of images."
EF12LP17,EF,"1º, 2º",Língua Portuguesa,"Ler e compreender, em colaboração com os colegas e com a ajuda do professor, enunciados de tarefas escolares, diagramas, curiosidades, pequenos relatos de experimentos, entrevistas, verbetes de enciclopédia infantil, entre outros gêneros do campo investigativo, considerando a situação comunicativa e o tema/assunto do texto.","Read and comprehend, collaboratively with peers and with teacher support, school task prompts, diagrams, fun facts, brief accounts of experiments, interviews, and children's encyclopedia entries, among other genres of the investigative field, considering the communicative situation and the topic/subject of the text."
EF12LP18,EF,"1º, 2º",Língua Portuguesa,"Apreciar poemas e outros textos versificados, observando rimas, sonoridades, jogos de palavras, reconhecendo seu pertencimento ao mundo imaginário e sua dimensão de encantamento, jogo e fruição.","Appreciate poems and other versified texts by observing rhymes, sound patterns, and wordplay, recognizing their belonging to the realm of the imagination and their dimensions of enchantment, play, and aesthetic enjoyment."
EF12LP19,EF,"1º, 2º",Língua Portuguesa,"Reconhecer, em textos versificados, rimas, sonoridades, jogos de palavras, palavras, expressões, comparações, relacionando-as com sensações e associações.","Recognize, in versified texts, rhymes, sound patterns, wordplay, words, and expressions, as well as comparisons, connecting them to sensory experiences and associations."
EF15LP01,EF,"1º, 2º, 3º, 4º, 5º",Língua Portuguesa,"Identificar a função social de textos que circulam em campos da vida social dos quais participa cotidianamente (a casa, a rua, a comunidade, a escola) e nas mídias impressa, de massa e digital, reconhecendo para que foram produzidos, onde circulam, quem os produziu e a quem se destinam.","Identify the social function of texts that circulate in fields of social life encountered daily (home, street, community, and school) and in print, mass, and digital media, recognizing why they were produced, where they circulate, who produced them, and who their intended audience is."
EF15LP02,EF,"1º, 2º, 3º, 4º, 5º",Língua Portuguesa,"Estabelecer expectativas em relação ao texto que vai ler (pressuposições antecipadoras dos sentidos, da forma e da função social do texto), apoiando-se em seus conhecimentos prévios sobre as condições de produção e recepção desse texto, o gênero, o suporte e o universo temático, bem como sobre saliências textuais, recursos gráficos, imagens, dados da própria obra (índice, prefácio etc.), confirmando antecipações e inferências realizadas antes e durante a leitura de textos, checando a adequação das hipóteses realizadas.","Establish expectations about a text before reading it (anticipatory presuppositions about its meanings, form, and social function) by drawing on prior knowledge of the conditions of production and reception, genre, medium, and thematic content, as well as on textual cues, graphic features, images, and paratextual elements (table of contents, preface, etc.), then confirm or revise the anticipations and inferences made before and during reading by checking the adequacy of the hypotheses formed."
EF15LP03,EF,"1º, 2º, 3º, 4º, 5º",Língua Portuguesa,Localizar informações explícitas em textos.,Locate explicitly stated information in texts.
EF15LP04,EF,"1º, 2º, 3º, 4º, 5º",Língua Portuguesa,Identificar o efeito de sentido produzido pelo uso de recursos expressivos gráfico-visuais em textos multissemióticos.,Identify the meaning effects produced by the use of graphic-visual expressive resources in multimodal texts.
EF15LP05,EF,"1º, 2º, 3º, 4º, 5º",Língua Portuguesa,"Planejar, com a ajuda do professor, o texto que será produzido, considerando a situação comunicativa, os interlocutores (quem escreve/para quem escreve); a finalidade ou o propósito (escrever para quê); a circulação (onde o texto vai circular); o suporte (qual é o portador do texto); a linguagem, organização e forma do texto e seu tema, pesquisando em meios impressos ou digitais, sempre que for preciso, informações necessárias à produção do texto, organizando em tópicos os dados e as fontes pesquisadas.","Plan, with teacher support, a text to be produced by considering the communicative situation, the interlocutors (who is writing and for whom); the purpose or goal (why the text is being written); its circulation (where the text will be distributed); the medium (what will carry the text); the language, organization, and form of the text and its topic — researching necessary information in print or digital sources as needed and organizing gathered data and sources into notes."
EF15LP06,EF,"1º, 2º, 3º, 4º, 5º",Língua Portuguesa,"Reler e revisar o texto produzido com a ajuda do professor e a colaboração dos colegas, para corrigi-lo e aprimorá-lo, fazendo cortes, acréscimos, reformulações, correções de ortografia e pontuação.","Reread and revise a produced text with teacher guidance and peer collaboration in order to correct and improve it, making cuts, additions, reformulations, and corrections to spelling and punctuation."
EF15LP07,EF,"1º, 2º, 3º, 4º, 5º",Língua Portuguesa,"Editar a versão final do texto, em colaboração com os colegas e com a ajuda do professor, ilustrando, quando for o caso, em suporte adequado, manual ou digital.","Edit the final version of a text, in collaboration with peers and with teacher support, adding illustrations where appropriate, using a suitable print or digital medium."
EF15LP08,EF,"1º, 2º, 3º, 4º, 5º",Língua Portuguesa,"Utilizar software, inclusive programas de edição de texto, para editar e publicar os textos produzidos, explorando os recursos multissemióticos disponíveis.","Use software, including word-processing programs, to edit and publish produced texts, exploring available multimodal resources."
EF15LP09,EF,"1º, 2º, 3º, 4º, 5º",Língua Portuguesa,"Expressar-se em situações de intercâmbio oral com clareza, preocupando-se em ser compreendido pelo interlocutor e usando a palavra com tom de voz audível, boa articulação e ritmo adequado.","Communicate clearly in oral exchange situations, with attention to being understood by the listener, using an audible tone of voice, clear articulation, and appropriate pacing."
EF15LP10,EF,"1º, 2º, 3º, 4º, 5º",Língua Portuguesa,"Escutar, com atenção, falas de professores e colegas, formulando perguntas pertinentes ao tema e solicitando esclarecimentos sempre que necessário.","Listen attentively to teachers and peers, asking relevant questions about the topic and requesting clarification whenever necessary."
EF15LP11,EF,"1º, 2º, 3º, 4º, 5º",Língua Portuguesa,"Reconhecer características da conversação espontânea presencial, respeitando os turnos de fala, selecionando e utilizando, durante a conversação, formas de tratamento adequadas, de acordo com a situação e a posição do interlocutor.","Recognize the characteristics of spontaneous face-to-face conversation, respecting speaking turns and selecting and using appropriate forms of address during conversation according to the situation and the interlocutor's role."
EF15LP12,EF,"1º, 2º, 3º, 4º, 5º",Língua Portuguesa,"Atribuir significado a aspectos não linguísticos (paralinguísticos) observados na fala, como direção do olhar, riso, gestos, movimentos da cabeça (de concordância ou discordância), expressão corporal, tom de voz.","Interpret meaning conveyed by non-linguistic (paralinguistic) aspects of speech, such as direction of gaze, laughter, gestures, head movements (of agreement or disagreement), body language, and tone of voice."
EF15LP13,EF,"1º, 2º, 3º, 4º, 5º",Língua Portuguesa,"Identificar finalidades da interação oral em diferentes contextos comunicativos (solicitar informações, apresentar opiniões, informar, relatar experiências etc.).","Identify the purposes of oral interaction in different communicative contexts (requesting information, expressing opinions, informing, recounting experiences, etc.)."
EF15LP14,EF,"1º, 2º, 3º, 4º, 5º",Língua Portuguesa,"Construir o sentido de histórias em quadrinhos e tirinhas, relacionando imagens e palavras e interpretando recursos gráficos (tipos de balões, de letras, onomatopeias).","Construct meaning from comic strips and comic-strip panels by connecting images and words and interpreting graphic conventions (types of speech bubbles, lettering styles, onomatopoeia)."
EF15LP15,EF,"1º, 2º, 3º, 4º, 5º",Língua Portuguesa,"Reconhecer que os textos literários fazem parte do mundo do imaginário e apresentam uma dimensão lúdica, de encantamento, valorizando-os, em sua diversidade cultural, como patrimônio artístico da humanidade.","Recognize that literary texts belong to the realm of the imagination and have a playful, enchanting dimension, valuing them, in their cultural diversity, as an artistic heritage of humanity."
EF15LP16,EF,"1º, 2º, 3º, 4º, 5º",Língua Portuguesa,"Ler e compreender, em colaboração com os colegas e com a ajuda do professor e, mais tarde, de maneira autônoma, textos narrativos de maior porte como contos (populares, de fadas, acumulativos, de assombração etc.) e crônicas.","Read and comprehend, in collaboration with peers and with teacher support and, later, independently, longer narrative texts such as short stories (folk tales, fairy tales, cumulative tales, ghost stories, etc.) and chronicles (crônicas)."
EF15LP17,EF,"1º, 2º, 3º, 4º, 5º",Língua Portuguesa,"Apreciar poemas visuais e concretos, observando efeitos de sentido criados pelo formato do texto na página, distribuição e diagramação das letras, pelas ilustrações e por outros efeitos visuais.","Appreciate visual and concrete poems, observing meaning effects created by the layout of the text on the page, the arrangement and typographic design of letters, illustrations, and other visual effects."
EF15LP18,EF,"1º, 2º, 3º, 4º, 5º",Língua Portuguesa,Relacionar texto com ilustrações e outros recursos gráficos.,Connect a text with its illustrations and other graphic resources.
EF15LP19,EF,"1º, 2º, 3º, 4º, 5º",Língua Portuguesa,"Recontar oralmente, com e sem apoio de imagem, textos literários lidos pelo professor.","Retell orally, with and without picture support, literary texts read aloud by the teacher."
EF35LP01,EF,"3º, 4º, 5º",Língua Portuguesa,"Ler e compreender, silenciosamente e, em seguida, em voz alta, com autonomia e fluência, textos curtos com nível de textualidade adequado.","Read and comprehend, silently and then aloud, with independence and fluency, short texts at an appropriate level of textuality."
EF02LP05,EF,2º,Língua Portuguesa,"Ler e escrever corretamente palavras com marcas de nasalidade (til, m, n).","Read and write correctly words containing nasalization markers (tilde, ⟨m⟩, ⟨n⟩)."
EF02LP06,EF,2º,Língua Portuguesa,Perceber o princípio acrofônico que opera nos nomes das letras do alfabeto.,Recognize the acrophonic principle that operates in the names of the letters of the alphabet.
EF02LP07,EF,2º,Língua Portuguesa,"Escrever palavras, frases, textos curtos nas formas imprensa e cursiva.","Write words, sentences, and short texts in both print and cursive forms."
EF02LP08,EF,2º,Língua Portuguesa,Segmentar corretamente as palavras ao escrever frases e textos.,Correctly segment words when writing sentences and texts.
EF02LP09,EF,2º,Língua Portuguesa,"Usar adequadamente ponto final, ponto de interrogação e ponto de exclamação.","Use correctly the period, question mark, and exclamation point."
EF02LP10,EF,2º,Língua Portuguesa,"Identificar sinônimos de palavras de texto lido, determinando a diferença de sentido entre eles, e formar antônimos de palavras encontradas em texto lido pelo acréscimo do prefixo de negação in-/im-.","Identify synonyms of words found in a read text, determining the difference in meaning among them, and form antonyms of words found in a read text by adding the negating prefix in-/im-."
EF02LP11,EF,2º,Língua Portuguesa,Formar o aumentativo e o diminutivo de palavras com os sufixos -ão e -inho/-zinho.,Form the augmentative and diminutive of words using the suffixes -ão and -inho/-zinho.
EF02LP12,EF,2º,Língua Portuguesa,"Ler e compreender com certa autonomia cantigas, letras de canção, dentre outros gêneros do campo da vida cotidiana, considerando a situação comunicativa e o tema/assunto do texto e relacionando sua forma de organização à sua finalidade.","Read and comprehend with some independence folk songs, song lyrics, and other genres from the field of everyday life, considering the communicative situation and the topic/subject of the text and relating its organizational form to its purpose."
EF02LP13,EF,2º,Língua Portuguesa,"Planejar e produzir bilhetes e cartas, em meio impresso e/ou digital, dentre outros gêneros do campo da vida cotidiana, considerando a situação comunicativa e o tema/assunto/finalidade do texto.","Plan and produce notes and letters, in print and/or digital form, and other genres from the field of everyday life, considering the communicative situation and the topic/subject/purpose of the text."
EF02LP14,EF,2º,Língua Portuguesa,"Planejar e produzir pequenos relatos de observação de processos, de fatos, de experiências pessoais, mantendo as características do gênero, considerando a situação comunicativa e o tema/assunto do texto.","Plan and produce brief observational accounts of processes, events, and personal experiences, maintaining the characteristics of the genre and considering the communicative situation and the topic/subject of the text."
EF02LP15,EF,2º,Língua Portuguesa,"Cantar cantigas e canções, obedecendo ao ritmo e à melodia.","Sing folk songs and songs, following their rhythm and melody."
EF02LP16,EF,2º,Língua Portuguesa,"Identificar e reproduzir, em bilhetes, recados, avisos, cartas, e-mails, receitas (modo de fazer), relatos (digitais ou impressos), a formatação e diagramação específica de cada um desses gêneros.","Identify and reproduce, in notes, messages, announcements, letters, emails, recipes (instructions), and accounts (digital or print), the specific formatting and layout of each of these genres."
EF02LP17,EF,2º,Língua Portuguesa,"Identificar e reproduzir, em relatos de experiências pessoais, a sequência dos fatos, utilizando expressões que marquem a passagem do tempo (“antes”, “depois”, “ontem”, “hoje”, “amanhã”, “outro dia”, “antigamente”, “há muito tempo” etc.), e o nível de informatividade necessário.","Identify and reproduce, in personal experience narratives, the sequence of events using expressions that mark the passage of time (""before,"" ""after,"" ""yesterday,"" ""today,"" ""tomorrow,"" ""the other day,"" ""in the old days,"" ""a long time ago,"" etc.) and the level of detail required."
EF02LP18,EF,2º,Língua Portuguesa,"Planejar e produzir cartazes e folhetos para divulgar eventos da escola ou da comunidade, utilizando linguagem persuasiva e elementos textuais e visuais (tamanho da letra, leiaute, imagens) adequados ao gênero, considerando a situação comunicativa e o tema/assunto do texto.","Plan and produce posters and flyers to publicize school or community events, using persuasive language and textual and visual elements (font size, layout, images) appropriate to the genre, considering the communicative situation and the topic/subject of the text."
EF02LP19,EF,2º,Língua Portuguesa,"Planejar e produzir, em colaboração com os colegas e com a ajuda do professor, notícias curtas para público infantil, para compor jornal falado que possa ser repassado oralmente ou em meio digital, em áudio ou vídeo, dentre outros gêneros do campo jornalístico, considerando a situação comunicativa e o tema/assunto do texto.","Plan and produce, in collaboration with peers and with the teacher's support, short news stories for a child audience to be compiled into a spoken-news broadcast that can be delivered orally or through digital media in audio or video format, along with other journalistic genres, considering the communicative situation and the topic/subject of the text."
EF02LP20,EF,2º,Língua Portuguesa,"Reconhecer a função de textos utilizados para apresentar informações coletadas em atividades de pesquisa (enquetes, pequenas entrevistas, registros de experimentações).","Recognize the function of texts used to present information gathered through research activities (surveys, brief interviews, experiment logs)."
EF02LP21,EF,2º,Língua Portuguesa,"Explorar, com a mediação do professor, textos informativos de diferentes ambientes digitais de pesquisa, conhecendo suas possibilidades.","Explore, with teacher mediation, informational texts from different digital research environments, becoming familiar with their possibilities."
EF02LP22,EF,2º,Língua Portuguesa,"Planejar e produzir, em colaboração com os colegas e com a ajuda do professor, pequenos relatos de experimentos, entrevistas, verbetes de enciclopédia infantil, dentre outros gêneros do campo investigativo, digitais ou impressos, considerando a situação comunicativa e o tema/assunto/finalidade do texto.","Plan and produce, in collaboration with peers and with the teacher's support, brief experiment reports, interviews, children's encyclopedia entries, and other genres from the investigative field, in digital or print form, considering the communicative situation and the topic/subject/purpose of the text."
EF02LP23,EF,2º,Língua Portuguesa,"Planejar e produzir, com certa autonomia, pequenos registros de observação de resultados de pesquisa, coerentes com um tema investigado.","Plan and produce, with some independence, brief observation logs of research findings that are coherent with an investigated topic."
EF02LP24,EF,2º,Língua Portuguesa,"Planejar e produzir, em colaboração com os colegas e com a ajuda do professor, relatos de experimentos, registros de observação, entrevistas, dentre outros gêneros do campo investigativo, que possam ser repassados oralmente por meio de ferramentas digitais, em áudio ou vídeo, considerando a situação comunicativa e o tema/assunto/ finalidade do texto.","Plan and produce, in collaboration with peers and with the teacher's support, experiment reports, observation logs, interviews, and other genres from the investigative field that can be delivered orally through digital tools in audio or video format, considering the communicative situation and the topic/subject/purpose of the text."
EF35LP02,EF,"3º, 4º, 5º",Língua Portuguesa,"Selecionar livros da biblioteca e/ou do cantinho de leitura da sala de aula e/ou disponíveis em meios digitais para leitura individual, justificando a escolha e compartilhando com os colegas sua opinião, após a leitura.","Select books from the school library, the classroom reading corner, and/or digital sources for independent reading, justifying the choice and sharing opinions with peers after reading."
EF35LP03,EF,"3º, 4º, 5º",Língua Portuguesa,"Identificar a ideia central do texto, demonstrando compreensão global.","Identify the central idea of a text, demonstrating overall comprehension."
EF35LP04,EF,"3º, 4º, 5º",Língua Portuguesa,Inferir informações implícitas nos textos lidos.,Infer information that is implicitly conveyed in texts read.
EF35LP05,EF,"3º, 4º, 5º",Língua Portuguesa,"Inferir o sentido de palavras ou expressões desconhecidas em textos, com base no contexto da frase ou do texto.",Infer the meaning of unknown words or expressions in texts based on sentence- or passage-level context.
EF35LP06,EF,"3º, 4º, 5º",Língua Portuguesa,"Recuperar relações entre partes de um texto, identificando substituições lexicais (de substantivos por sinônimos) ou pronominais (uso de pronomes anafóricos – pessoais, possessivos, demonstrativos) que contribuem para a continuidade do texto.","Trace referential relationships between parts of a text by identifying lexical substitutions (replacement of nouns with synonyms) and pronominal substitutions (use of anaphoric pronouns — personal, possessive, and demonstrative) that contribute to textual cohesion."
EF35LP07,EF,"3º, 4º, 5º",Língua Portuguesa,"Utilizar, ao produzir um texto, conhecimentos linguísticos e gramaticais, tais como ortografia, regras básicas de concordância nominal e verbal, pontuação (ponto final, ponto de exclamação, ponto de interrogação, vírgulas em enumerações) e pontuação do discurso direto, quando for o caso.","Apply linguistic and grammatical knowledge when producing a text, including spelling conventions, basic rules of noun and verb agreement, punctuation (period, exclamation point, question mark, commas in lists), and direct-speech punctuation, as appropriate."
EF35LP08,EF,"3º, 4º, 5º",Língua Portuguesa,"Utilizar, ao produzir um texto, recursos de referenciação (por substituição lexical ou por pronomes pessoais, possessivos e demonstrativos), vocabulário apropriado ao gênero, recursos de coesão pronominal (pronomes anafóricos) e articuladores de relações de sentido (tempo, causa, oposição, conclusão, comparação), com nível suficiente de informatividade.","Apply, when producing a text, referencing strategies (through lexical substitution or personal, possessive, and demonstrative pronouns), genre-appropriate vocabulary, pronominal cohesion resources (anaphoric pronouns), and connectors that express semantic relationships (time, cause, contrast, conclusion, and comparison), with an adequate level of informativeness."
EF35LP09,EF,"3º, 4º, 5º",Língua Portuguesa,"Organizar o texto em unidades de sentido, dividindo-o em parágrafos segundo as normas gráficas e de acordo com as características do gênero textual.",Organize a text into units of meaning by dividing it into paragraphs in accordance with graphic conventions and the characteristics of the text genre.
EF35LP10,EF,"3º, 4º, 5º",Língua Portuguesa,"Identificar gêneros do discurso oral, utilizados em diferentes situações e contextos comunicativos, e suas características linguístico-expressivas e composicionais (conversação espontânea, conversação telefônica, entrevistas pessoais, entrevistas no rádio ou na TV, debate, noticiário de rádio e TV, narração de jogos esportivos no rádio e TV, aula, debate etc.).","Identify oral discourse genres used in different communicative situations and contexts — including spontaneous conversation, telephone conversation, personal interviews, radio or television interviews, debates, radio and TV news broadcasts, play-by-play sports commentary, classroom instruction, and formal debates — and describe their linguistic, expressive, and compositional features."
EF35LP11,EF,"3º, 4º, 5º",Língua Portuguesa,"Ouvir gravações, canções, textos falados em diferentes variedades linguísticas, identificando características regionais, urbanas e rurais da fala e respeitando as diversas variedades linguísticas como características do uso da língua por diferentes grupos regionais ou diferentes culturas locais, rejeitando preconceitos linguísticos.","Listen to recordings, songs, and spoken texts produced in different linguistic varieties, identifying regional, urban, and rural speech characteristics, and demonstrate respect for diverse linguistic varieties as features of language use by different regional groups or local cultures, rejecting linguistic prejudice."
EF35LP12,EF,"3º, 4º, 5º",Língua Portuguesa,"Recorrer ao dicionário para esclarecer dúvida sobre a escrita de palavras, especialmente no caso de palavras com relações irregulares fonema-grafema.","Use a dictionary to resolve questions about the spelling of words, particularly those with irregular phoneme-grapheme correspondences."
EF35LP13,EF,"3º, 4º, 5º",Língua Portuguesa,Memorizar a grafia de palavras de uso frequente nas quais as relações fonema-grafema são irregulares e com h inicial que não representa fonema.,Memorize the spelling of high-frequency words with irregular phoneme-grapheme correspondences and words beginning with a silent ⟨h⟩.
EF35LP14,EF,"3º, 4º, 5º",Língua Portuguesa,"Identificar em textos e usar na produção textual pronomes pessoais, possessivos e demonstrativos, como recurso coesivo anafórico.","Identify personal, possessive, and demonstrative pronouns in texts and use them in written production as anaphoric cohesion devices."
EF35LP15,EF,"3º, 4º, 5º",Língua Portuguesa,"Opinar e defender ponto de vista sobre tema polêmico relacionado a situações vivenciadas na escola e/ou na comunidade, utilizando registro formal e estrutura adequada à argumentação, considerando a situação comunicativa e o tema/assunto do texto.","Express and defend a point of view on a controversial topic related to situations experienced at school and/or in the community, using formal register and an argumentative structure appropriate to the communicative situation and subject matter."
EF35LP16,EF,"3º, 4º, 5º",Língua Portuguesa,"Identificar e reproduzir, em notícias, manchetes, lides e corpo de notícias simples para público infantil e cartas de reclamação (revista infantil), digitais ou impressos, a formatação e diagramação específica de cada um desses gêneros, inclusive em suas versões orais.","Identify and reproduce, in news articles, headlines, leads, and simple news stories for young audiences and letters of complaint (children's magazines) — whether digital or print — the specific formatting and layout of each of these genres, including their oral versions."
EF35LP17,EF,"3º, 4º, 5º",Língua Portuguesa,"Buscar e selecionar, com o apoio do professor, informações de interesse sobre fenômenos sociais e naturais, em textos que circulam em meios impressos ou digitais.","Search for and select, with teacher support, information of interest about social and natural phenomena in texts that circulate in print or digital media."
EF35LP18,EF,"3º, 4º, 5º",Língua Portuguesa,"Escutar, com atenção, apresentações de trabalhos realizadas por colegas, formulando perguntas pertinentes ao tema e solicitando esclarecimentos sempre que necessário.","Listen attentively to presentations delivered by peers, formulating relevant questions about the topic and requesting clarification whenever necessary."
EF35LP19,EF,"3º, 4º, 5º",Língua Portuguesa,"Recuperar as ideias principais em situações formais de escuta de exposições, apresentações e palestras.","Identify the main ideas in formal listening situations involving lectures, presentations, and talks."
EF35LP20,EF,"3º, 4º, 5º",Língua Portuguesa,"Expor trabalhos ou pesquisas escolares, em sala de aula, com apoio de recursos multissemióticos (imagens, diagrama, tabelas etc.), orientando-se por roteiro escrito, planejando o tempo de fala e adequando a linguagem à situação comunicativa.","Present schoolwork or research to the class with the support of multisemiotic resources (images, diagrams, tables, etc.), guided by a written outline, managing speaking time, and adapting language to the communicative situation."
EF35LP21,EF,"3º, 4º, 5º",Língua Portuguesa,"Ler e compreender, de forma autônoma, textos literários de diferentes gêneros e extensões, inclusive aqueles sem ilustrações, estabelecendo preferências por gêneros, temas, autores.","Read and comprehend, independently, literary texts from a variety of genres and lengths — including those without illustrations — and develop preferences for particular genres, themes, and authors."
EF35LP22,EF,"3º, 4º, 5º",Língua Portuguesa,"Perceber diálogos em textos narrativos, observando o efeito de sentido de verbos de enunciação e, se for o caso, o uso de variedades linguísticas no discurso direto.","Identify dialogues in narrative texts, observing the semantic effect of reporting verbs and, where applicable, the use of linguistic varieties in direct speech."
EF35LP23,EF,"3º, 4º, 5º",Língua Portuguesa,"Apreciar poemas e outros textos versificados, observando rimas, aliterações e diferentes modos de divisão dos versos, estrofes e refrões e seu efeito de sentido.","Appreciate poems and other versified texts, observing rhymes, alliteration, and different ways of organizing verses, stanzas, and refrains, as well as their effects on meaning."
EF35LP24,EF,"3º, 4º, 5º",Língua Portuguesa,Identificar funções do texto dramático (escrito para ser encenado) e sua organização por meio de diálogos entre personagens e marcadores das falas das personagens e de cena.,Identify the functions of dramatic texts (written to be performed) and their organization through dialogue between characters and stage and speech markers.
EF35LP25,EF,"3º, 4º, 5º",Língua Portuguesa,"Criar narrativas ficcionais, com certa autonomia, utilizando detalhes descritivos, sequências de eventos e imagens apropriadas para sustentar o sentido do texto, e marcadores de tempo, espaço e de fala de personagens.","Compose fictional narratives with a degree of independence, using descriptive details, sequences of events, and appropriate images to sustain the meaning of the text, along with markers of time, place, and character speech."
EF35LP26,EF,"3º, 4º, 5º",Língua Portuguesa,"Ler e compreender, com certa autonomia, narrativas ficcionais que apresentem cenários e personagens, observando os elementos da estrutura narrativa: enredo, tempo, espaço, personagens, narrador e a construção do discurso indireto e discurso direto.","Read and comprehend, with a degree of independence, fictional narratives that present settings and characters, analyzing the elements of narrative structure: plot, time, setting, characters, narrator, and the construction of indirect and direct speech."
EF35LP27,EF,"3º, 4º, 5º",Língua Portuguesa,"Ler e compreender, com certa autonomia, textos em versos, explorando rimas, sons e jogos de palavras, imagens poéticas (sentidos figurados) e recursos visuais e sonoros.","Read and comprehend, with a degree of independence, texts in verse, exploring rhymes, sounds, and wordplay, poetic imagery (figurative meanings), and visual and sound devices."
EF35LP28,EF,"3º, 4º, 5º",Língua Portuguesa,"Declamar poemas, com entonação, postura e interpretação adequadas.","Recite poems with appropriate intonation, posture, and interpretive expression."
EF35LP29,EF,"3º, 4º, 5º",Língua Portuguesa,"Identificar, em narrativas, cenário, personagem central, conflito gerador, resolução e o ponto de vista com base no qual histórias são narradas, diferenciando narrativas em primeira e terceira pessoas.","Identify, in narratives, the setting, main character, inciting conflict, resolution, and the point of view from which stories are narrated, distinguishing between first- and third-person narration."
EF35LP30,EF,"3º, 4º, 5º",Língua Portuguesa,"Diferenciar discurso indireto e discurso direto, determinando o efeito de sentido de verbos de enunciação e explicando o uso de variedades linguísticas no discurso direto, quando for o caso.","Differentiate indirect speech from direct speech, determining the semantic effect of reporting verbs and explaining the use of linguistic varieties in direct speech where applicable."
EF35LP31,EF,"3º, 4º, 5º",Língua Portuguesa,"Identificar, em textos versificados, efeitos de sentido decorrentes do uso de recursos rítmicos e sonoros e de metáforas.","Identify, in versified texts, effects of meaning arising from the use of rhythmic and sound devices and metaphors."
EF67LP01,EF,"6º, 7º",Língua Portuguesa,Analisar a estrutura e funcionamento dos hiperlinks em textos noticiosos publicados na Web e vislumbrar possibilidades de uma escrita hipertextual.,Analyze the structure and function of hyperlinks in news texts published on the Web and explore the possibilities of hypertextual writing.
EF67LP02,EF,"6º, 7º",Língua Portuguesa,"Explorar o espaço reservado ao leitor nos jornais, revistas, impressos e on-line, sites noticiosos etc., destacando notícias, fotorreportagens, entrevistas, charges, assuntos, temas, debates em foco, posicionando-se de maneira ética e respeitosa frente a esses textos e opiniões a eles relacionadas, e publicar notícias, notas jornalísticas, fotorreportagem de interesse geral nesses espaços do leitor.","Explore the reader spaces in print and online newspapers, magazines, and news sites — including news stories, photo essays, interviews, editorial cartoons, topics, and debates — engaging with these texts and related opinions in an ethical and respectful manner, and publish news articles, journalistic notes, and photo essays of general interest in these reader spaces."
EF67LP03,EF,"6º, 7º",Língua Portuguesa,"Comparar informações sobre um mesmo fato divulgadas em diferentes veículos e mídias, analisando e avaliando a confiabilidade.","Compare information about the same event as reported across different outlets and media, analyzing and evaluating the reliability of each source."
EF67LP04,EF,"6º, 7º",Língua Portuguesa,"Distinguir, em segmentos descontínuos de textos, fato da opinião enunciada em relação a esse mesmo fato.","Distinguish, in discontinuous text segments, fact from opinion expressed in relation to that same fact."
EF67LP05,EF,"6º, 7º",Língua Portuguesa,"Identificar e avaliar teses/opiniões/posicionamentos explícitos e argumentos em textos argumentativos (carta de leitor, comentário, artigo de opinião, resenha crítica etc.), manifestando concordância ou discordância.","Identify and evaluate explicit theses, opinions, and positions as well as the arguments presented in argumentative texts (letters to the editor, comments, opinion articles, critical reviews, etc.), expressing agreement or disagreement."
EF67LP06,EF,"6º, 7º",Língua Portuguesa,"Identificar os efeitos de sentido provocados pela seleção lexical, topicalização de elementos e seleção e hierarquização de informações, uso de 3ª pessoa etc.","Identify the effects of meaning produced by lexical choices, topicalization of elements, selection and hierarchization of information, use of third person, and similar devices."
EF67LP07,EF,"6º, 7º",Língua Portuguesa,"Identificar o uso de recursos persuasivos em textos argumentativos diversos (como a elaboração do título, escolhas lexicais, construções metafóricas, a explicitação ou a ocultação de fontes de informação) e perceber seus efeitos de sentido.","Identify the use of persuasive strategies in various argumentative texts — such as headline construction, lexical choices, metaphorical constructions, and the disclosure or concealment of information sources — and analyze their effects on meaning."
EF67LP08,EF,"6º, 7º",Língua Portuguesa,"Identificar os efeitos de sentido devidos à escolha de imagens estáticas, sequenciação ou sobreposição de imagens, definição de figura/fundo, ângulo, profundidade e foco, cores/tonalidades, relação com o escrito (relações de reiteração, complementação ou oposição) etc. em notícias, reportagens, fotorreportagens, foto-denúncias, memes, gifs, anúncios publicitários e propagandas publicados em jornais, revistas, sites na internet etc.","Identify the effects of meaning produced by the selection of still images, sequencing or layering of images, figure/ground definition, angle, depth and focus, color and tone, and the relationship between image and written text (relations of reiteration, complementation, or opposition) in news articles, feature stories, photo essays, photo-exposés, memes, GIFs, advertisements, and promotional content published in newspapers, magazines, and websites."
EF67LP09,EF,"6º, 7º",Língua Portuguesa,"Planejar notícia impressa e para circulação em outras mídias (rádio ou TV/vídeo), tendo em vista as condições de produção, do texto – objetivo, leitores/espectadores, veículos e mídia de circulação etc. –, a partir da escolha do fato a ser noticiado (de relevância para a turma, escola ou comunidade), do levantamento de dados e informações sobre o fato – que pode envolver entrevistas com envolvidos ou com especialistas, consultas a fontes, análise de documentos, cobertura de eventos etc.–, do registro dessas informações e dados, da escolha de fotos ou imagens a produzir ou a utilizar etc. e a previsão de uma estrutura hipertextual (no caso de publicação em sites ou blogs noticiosos).","Plan a news story for print and for other media (radio or TV/video), taking into account the conditions of text production — purpose, readers/viewers, outlet, and medium of circulation — beginning with the selection of a newsworthy event (relevant to the class, school, or community), the gathering of data and information about the event (which may involve interviews with those involved or with experts, consultation of sources, document analysis, event coverage, etc.), the recording of that information and data, the selection or production of photographs or images, and the planning of a hypertextual structure (in the case of publication on news websites or blogs)."
EF67LP10,EF,"6º, 7º",Língua Portuguesa,"Produzir notícia impressa tendo em vista características do gênero – título ou manchete com verbo no tempo presente, linha fina (opcional), lide, progressão dada pela ordem decrescente de importância dos fatos, uso de 3ª pessoa, de palavras que indicam precisão –, e o estabelecimento adequado de coesão e produzir notícia para TV, rádio e internet, tendo em vista, além das características do gênero, os recursos de mídias disponíveis e o manejo de recursos de captação e edição de áudio e imagem.","Produce a print news article in keeping with the characteristics of the genre — a headline with a verb in the present tense, a subheadline (optional), a lead paragraph, information organized in descending order of importance, use of third person, and language that conveys precision — with appropriate cohesive devices; and produce a news story for TV, radio, or the internet, attending, in addition to genre characteristics, to available media resources and the handling of audio and image capture and editing tools."
EF08LP08,EF,8º,Língua Portuguesa,"Identificar, em textos lidos ou de produção própria, verbos na voz ativa e na voz passiva, interpretando os efeitos de sentido de sujeito ativo e passivo (agente da passiva).","Identify, in read texts or in one's own writing, verbs in the active voice and the passive voice, interpreting the meaning effects of active and passive subjects (agent of the passive)."
EF08LP09,EF,8º,Língua Portuguesa,"Interpretar efeitos de sentido de modificadores (adjuntos adnominais – artigos definido ou indefinido, adjetivos, expressões adjetivas) em substantivos com função de sujeito ou de complemento verbal, usando-os para enriquecer seus próprios textos.","Interpret the meaning effects of noun modifiers (adnominal adjuncts — definite and indefinite articles, adjectives, and adjectival phrases) on nouns functioning as subjects or verb complements, and apply them to enrich one's own texts."
EF08LP10,EF,8º,Língua Portuguesa,"Interpretar, em textos lidos ou de produção própria, efeitos de sentido de modificadores do verbo (adjuntos adverbiais – advérbios e expressões adverbiais), usando-os para enriquecer seus próprios textos.","Interpret, in read texts or in one's own writing, the meaning effects of verb modifiers (adverbial adjuncts — adverbs and adverbial phrases), and apply them to enrich one's own texts."
EF08LP11,EF,8º,Língua Portuguesa,"Identificar, em textos lidos ou de produção própria, agrupamento de orações em períodos, diferenciando coordenação de subordinação.","Identify, in read texts or in one's own writing, the grouping of clauses into sentences, distinguishing coordination from subordination."
EF08LP12,EF,8º,Língua Portuguesa,"Identificar, em textos lidos, orações subordinadas com conjunções de uso frequente, incorporando-as às suas próprias produções.","Identify, in read texts, subordinate clauses containing frequently used conjunctions, and incorporate them into one's own writing."
EF08LP13,EF,8º,Língua Portuguesa,Inferir efeitos de sentido decorrentes do uso de recursos de coesão sequencial: conjunções e articuladores textuais.,Infer the meaning effects arising from the use of sequential cohesion devices: conjunctions and textual connectors.
EF08LP14,EF,8º,Língua Portuguesa,"Utilizar, ao produzir texto, recursos de coesão sequencial (articuladores) e referencial (léxica e pronominal), construções passivas e impessoais, discurso direto e indireto e outros recursos expressivos adequados ao gênero textual.","Apply, when producing texts, sequential cohesion resources (connectors) and referential cohesion resources (lexical and pronominal), passive and impersonal constructions, direct and indirect speech, and other expressive resources appropriate to the text genre."
EF08LP15,EF,8º,Língua Portuguesa,"Estabelecer relações entre partes do texto, identificando o antecedente de um pronome relativo ou o referente comum de uma cadeia de substituições lexicais.",Establish relationships between parts of a text by identifying the antecedent of a relative pronoun or the shared referent within a chain of lexical substitutions.
EF08LP16,EF,8º,Língua Portuguesa,"Explicar os efeitos de sentido do uso, em textos, de estratégias de modalização e argumentatividade (sinais de pontuação, adjetivos, substantivos, expressões de grau, verbos e perífrases verbais, advérbios etc.).","Explain the meaning effects produced by the use, in texts, of modalization and argumentation strategies (punctuation marks, adjectives, nouns, degree expressions, verbs and verbal periphrases, adverbs, etc.)."
EF09LP01,EF,9º,Língua Portuguesa,"Analisar o fenômeno da disseminação de notícias falsas nas redes sociais e desenvolver estratégias para reconhecê-las, a partir da verificação/avaliação do veículo, fonte, data e local da publicação, autoria, URL, da análise da formatação, da comparação de diferentes fontes, da consulta a sites de curadoria que atestam a fidedignidade do relato dos fatos e denunciam boatos etc.","Analyze the phenomenon of the spread of fake news on social media and develop strategies to recognize it, based on the verification and evaluation of the outlet, source, publication date and location, authorship, and URL, as well as analysis of formatting, comparison of multiple sources, and consultation of fact-checking websites that attest to the accuracy of reporting and expose rumors."
EF09LP02,EF,9º,Língua Portuguesa,"Analisar e comentar a cobertura da imprensa sobre fatos de relevância social, comparando diferentes enfoques por meio do uso de ferramentas de curadoria.","Analyze and comment on press coverage of socially significant events, comparing different editorial perspectives through the use of curation tools."
EF09LP03,EF,9º,Língua Portuguesa,"Produzir artigos de opinião, tendo em vista o contexto de produção dado, assumindo posição diante de tema polêmico, argumentando de acordo com a estrutura própria desse tipo de texto e utilizando diferentes tipos de argumentos – de autoridade, comprovação, exemplificação princípio etc.","Produce opinion articles (op-eds), in view of a given production context, taking a position on a controversial topic, arguing in accordance with the structural conventions of this text type and employing different argumentative strategies — appeals to authority, evidence, exemplification, principle, etc."
EF09LP04,EF,9º,Língua Portuguesa,"Escrever textos corretamente, de acordo com a norma-padrão, com estruturas sintáticas complexas no nível da oração e do período.","Write texts correctly in accordance with the standard written norm, using complex syntactic structures at both the clause and sentence levels."
EF09LP05,EF,9º,Língua Portuguesa,"Identificar, em textos lidos e em produções próprias, orações com a estrutura sujeito-verbo de ligação-predicativo.","Identify, in read texts and in one's own writing, clauses with a subject–linking verb–predicate nominative structure."
EF09LP06,EF,9º,Língua Portuguesa,"Diferenciar, em textos lidos e em produções próprias, o efeito de sentido do uso dos verbos de ligação “ser”, “estar”, “ficar”, “parecer” e “permanecer”.","Differentiate, in read texts and in one's own writing, the meaning effects produced by the linking verbs ser, estar, ficar, parecer, and permanecer (equivalent to 'to be,' 'to be/feel,' 'to become,' 'to seem,' and 'to remain')."
EF09LP07,EF,9º,Língua Portuguesa,Comparar o uso de regência verbal e regência nominal na norma-padrão com seu uso no português brasileiro coloquial oral.,Compare the use of verbal and nominal government (verb and noun complementation patterns) in the standard written norm with their use in colloquial spoken Brazilian Portuguese.
EF09LP08,EF,9º,Língua Portuguesa,"Identificar, em textos lidos e em produções próprias, a relação que conjunções (e locuções conjuntivas) coordenativas e subordinativas estabelecem entre as orações que conectam.","Identify, in read texts and in one's own writing, the logical relationships that coordinating and subordinating conjunctions (and conjunctive locutions) establish between the clauses they connect."
EF09LP09,EF,9º,Língua Portuguesa,Identificar efeitos de sentido do uso de orações adjetivas restritivas e explicativas em um período composto.,Identify the meaning effects of the use of restrictive and non-restrictive (appositive) relative clauses within a complex sentence.
EF09LP10,EF,9º,Língua Portuguesa,Comparar as regras de colocação pronominal na norma-padrão com o seu uso no português brasileiro coloquial.,Compare the rules governing clitic pronoun placement in the standard written norm with their use in colloquial Brazilian Portuguese.
EF09LP11,EF,9º,Língua Portuguesa,Inferir efeitos de sentido decorrentes do uso de recursos de coesão sequencial (conjunções e articuladores textuais).,Infer the meaning effects arising from the use of sequential cohesion resources (conjunctions and textual connectors).
EF89LP37,EF,"8º, 9º",Língua Portuguesa,"Analisar os efeitos de sentido do uso de figuras de linguagem como ironia, eufemismo, antítese, aliteração, assonância, dentre outras.","Analyze the semantic effects produced by the use of figures of speech such as irony, euphemism, antithesis, alliteration, and assonance, among others."
EF01MA01,EF,1º,Matemática,"Utilizar números naturais como indicador de quantidade ou de ordem em diferentes situações cotidianas e reconhecer situações em que os números não indicam contagem nem ordem, mas sim código de identificação.","Use natural numbers as indicators of quantity or order in a variety of everyday situations, and recognize situations in which numbers function neither as counts nor as ordinals but as identification codes."
EF01MA02,EF,1º,Matemática,"Contar de maneira exata ou aproximada, utilizando diferentes estratégias como o pareamento e outros agrupamentos.","Count exactly or approximately using different strategies, such as one-to-one pairing and other grouping methods."
EF01MA03,EF,1º,Matemática,"Estimar e comparar quantidades de objetos de dois conjuntos (em torno de 20 elementos), por estimativa e/ou por correspondência (um a um, dois a dois) para indicar “tem mais”, “tem menos” ou “tem a mesma quantidade”.","Estimate and compare the quantities of objects in two sets (of approximately 20 elements) through estimation and/or correspondence (one-to-one, two-to-two) to indicate ""more than,"" ""fewer than,"" or ""the same amount as."""
EF01MA04,EF,1º,Matemática,"Contar a quantidade de objetos de coleções até 100 unidades e apresentar o resultado por registros verbais e simbólicos, em situações de seu interesse, como jogos, brincadeiras, materiais da sala de aula, entre outros.","Count the number of objects in collections of up to 100 units and record the result using verbal and symbolic representations in contexts of personal interest, such as games, play activities, and classroom materials, among others."
EF01MA05,EF,1º,Matemática,"Comparar números naturais de até duas ordens em situações cotidianas, com e sem suporte da reta numérica.","Compare natural numbers of up to two digits in everyday situations, with and without the support of a number line."
EF01MA06,EF,1º,Matemática,Construir fatos básicos da adição e utilizá-los em procedimentos de cálculo para resolver problemas.,Construct basic addition facts and apply them in calculation procedures to solve problems.
EF01MA07,EF,1º,Matemática,"Compor e decompor número de até duas ordens, por meio de diferentes adições, com o suporte de material manipulável, contribuindo para a compreensão de características do sistema de numeração decimal e o desenvolvimento de estratégias de cálculo.","Compose and decompose numbers of up to two digits through various additions, with the support of manipulative materials, building understanding of the characteristics of the decimal number system and developing calculation strategies."
EF01MA08,EF,1º,Matemática,"Resolver e elaborar problemas de adição e de subtração, envolvendo números de até dois algarismos, com os significados de juntar, acrescentar, separar e retirar, com o suporte de imagens e/ou material manipulável, utilizando estratégias e formas de registro pessoais.","Solve and compose addition and subtraction problems involving numbers of up to two digits, with the meanings of joining, adding to, separating, and taking away, supported by images and/or manipulative materials, using personal strategies and recording methods."
EF01MA09,EF,1º,Matemática,"Organizar e ordenar objetos familiares ou representações por figuras, por meio de atributos, tais como cor, forma e medida.","Organize and sort familiar objects or pictorial representations by attributes such as color, shape, and size."
EF01MA10,EF,1º,Matemática,"Descrever, após o reconhecimento e a explicitação de um padrão (ou regularidade), os elementos ausentes em sequências recursivas de números naturais, objetos ou figuras.","Describe, after identifying and articulating a pattern (or regularity), the missing elements in recursive sequences of natural numbers, objects, or figures."
EF01MA11,EF,1º,Matemática,"Descrever a localização de pessoas e de objetos no espaço em relação à sua própria posição, utilizando termos como à direita, à esquerda, em frente, atrás.","Describe the location of people and objects in space relative to one's own position, using terms such as to the right, to the left, in front, and behind."
EF01MA12,EF,1º,Matemática,"Descrever a localização de pessoas e de objetos no espaço segundo um dado ponto de referência, compreendendo que, para a utilização de termos que se referem à posição, como direita, esquerda, em cima, em baixo, é necessário explicitar-se o referencial.","Describe the location of people and objects in space according to a given reference point, understanding that positional terms such as right, left, above, and below require an explicit frame of reference."
EF01MA13,EF,1º,Matemática,"Relacionar figuras geométricas espaciais (cones, cilindros, esferas e blocos retangulares) a objetos familiares do mundo físico.","Relate three-dimensional geometric shapes (cones, cylinders, spheres, and rectangular prisms) to familiar objects in the physical world."
EF01MA14,EF,1º,Matemática,"Identificar e nomear figuras planas (círculo, quadrado, retângulo e triângulo) em desenhos apresentados em diferentes disposições ou em contornos de faces de sólidos geométricos.","Identify and name plane figures (circle, square, rectangle, and triangle) in drawings presented in different orientations or in the outlines of faces of geometric solids."
EF01MA15,EF,1º,Matemática,"Comparar comprimentos, capacidades ou massas, utilizando termos como mais alto, mais baixo, mais comprido, mais curto, mais grosso, mais fino, mais largo, mais pesado, mais leve, cabe mais, cabe menos, entre outros, para ordenar objetos de uso cotidiano.","Compare lengths, capacities, or masses using terms such as taller, shorter, longer, wider, thicker, thinner, heavier, lighter, holds more, and holds less, among others, to order everyday objects."
EF01MA16,EF,1º,Matemática,"Relatar em linguagem verbal ou não verbal sequência de acontecimentos relativos a um dia, utilizando, quando possível, os horários dos eventos.","Report, using verbal or non-verbal language, a sequence of events from a given day, including, where possible, the times at which those events occur."
EF01MA17,EF,1º,Matemática,"Reconhecer e relacionar períodos do dia, dias da semana e meses do ano, utilizando calendário, quando necessário.","Recognize and relate parts of the day, days of the week, and months of the year, consulting a calendar when necessary."
EF01MA18,EF,1º,Matemática,"Produzir a escrita de uma data, apresentando o dia, o mês e o ano, e indicar o dia da semana de uma data, consultando calendários.","Write a complete date showing the day, month, and year, and identify the day of the week for a given date by consulting a calendar."
EF01MA19,EF,1º,Matemática,Reconhecer e relacionar valores de moedas e cédulas do sistema monetário brasileiro para resolver situações simples do cotidiano do estudante.,Recognize and relate the values of coins and banknotes in the Brazilian monetary system (Real) to solve simple everyday situations relevant to the student.
EF67LP11,EF,"6º, 7º",Língua Portuguesa,"Planejar resenhas, vlogs, vídeos e podcasts variados, e textos e vídeos de apresentação e apreciação próprios das culturas juvenis (algumas possibilidades: fanzines, fanclipes, e-zines, gameplay, detonado etc.), dentre outros, tendo em vista as condições de produção do texto – objetivo, leitores/espectadores, veículos e mídia de circulação etc. –, a partir da escolha de uma produção ou evento cultural para analisar – livro, filme, série, game, canção, videoclipe, fanclipe, show, saraus, slams etc. – da busca de informação sobre a produção ou evento escolhido, da síntese de informações sobre a obra/evento e do elenco/seleção de aspectos, elementos ou recursos que possam ser destacados positiva ou negativamente ou da roteirização do passo a passo do game para posterior gravação dos vídeos.","Plan reviews, vlogs, videos, and varied podcasts, as well as presentation and appreciation texts and videos characteristic of youth cultures (some possibilities: fanzines, fan clips, e-zines, gameplay videos, walkthroughs, etc.), among others, taking into account the conditions of text production — purpose, readers/viewers, circulation vehicles and media, etc. — starting from the selection of a cultural production or event to analyze — book, film, series, game, song, music video, fan clip, concert, spoken-word gatherings, slam poetry events, etc. — through the gathering of information about the chosen production or event, the synthesis of information about the work/event, and the selection of aspects, elements, or features that can be highlighted positively or negatively, or through the scripting of a step-by-step game walkthrough for subsequent video recording."
EF67LP12,EF,"6º, 7º",Língua Portuguesa,"Produzir resenhas críticas, vlogs, vídeos, podcasts variados e produções e gêneros próprios das culturas juvenis (algumas possibilidades: fanzines, fanclipes, e-zines, gameplay, detonado etc.), que apresentem/descrevam e/ou avaliem produções culturais (livro, filme, série, game, canção, disco, videoclipe etc.) ou evento (show, sarau, slam etc.), tendo em vista o contexto de produção dado, as características do gênero, os recursos das mídias envolvidas e a textualização adequada dos textos e/ou produções.","Produce critical reviews, vlogs, varied videos and podcasts, and productions and genres characteristic of youth cultures (some possibilities: fanzines, fan clips, e-zines, gameplay videos, walkthroughs, etc.) that present, describe, and/or evaluate cultural productions (book, film, series, game, song, album, music video, etc.) or events (concert, spoken-word gathering, slam poetry event, etc.), taking into account the given production context, the characteristics of the genre, the resources of the media involved, and the appropriate textualization of the texts and/or productions."
EF67LP13,EF,"6º, 7º",Língua Portuguesa,"Produzir, revisar e editar textos publicitários, levando em conta o contexto de produção dado, explorando recursos multissemióticos, relacionando elementos verbais e visuais, utilizando adequadamente estratégias discursivas de persuasão e/ou convencimento e criando título ou slogan que façam o leitor motivar-se a interagir com o texto produzido e se sinta atraído pelo serviço, ideia ou produto em questão.","Produce, revise, and edit advertising texts, taking into account the given production context, drawing on multimodal resources, connecting verbal and visual elements, appropriately employing discursive strategies of persuasion and/or convincing, and creating titles or slogans that motivate readers to engage with the produced text and feel attracted to the service, idea, or product in question."
EF67LP14,EF,"6º, 7º",Língua Portuguesa,"Definir o contexto de produção da entrevista (objetivos, o que se pretende conseguir, porque aquele entrevistado etc.), levantar informações sobre o entrevistado e sobre o acontecimento ou tema em questão, preparar o roteiro de perguntar e realizar entrevista oral com envolvidos ou especialistas relacionados com o fato noticiado ou com o tema em pauta, usando roteiro previamente elaborado e formulando outras perguntas a partir das respostas dadas e, quando for o caso, selecionar partes, transcrever e proceder a uma edição escrita do texto, adequando-o a seu contexto de publicação, à construção composicional do gênero e garantindo a relevância das informações mantidas e a continuidade temática.","Define the production context of the interview (objectives, intended outcomes, rationale for selecting the interviewee, etc.), gather information about the interviewee and about the event or topic at hand, prepare a question script and conduct an oral interview with individuals involved or experts related to the reported event or topic under discussion — using a previously developed script and formulating additional questions based on responses given — and, when applicable, select excerpts, transcribe them, and carry out a written editing of the text, adapting it to its publication context and the compositional structure of the genre while ensuring the relevance of the information retained and thematic continuity."
EF67LP15,EF,"6º, 7º",Língua Portuguesa,"Identificar a proibição imposta ou o direito garantido, bem como as circunstâncias de sua aplicação, em artigos relativos a normas, regimentos escolares, regimentos e estatutos da sociedade civil, regulamentações para o mercado publicitário, Código de Defesa do Consumidor, Código Nacional de Trânsito, ECA, Constituição, dentre outros.","Identify the prohibition imposed or the right guaranteed, as well as the circumstances of its application, in articles pertaining to rules, school regulations, bylaws and statutes of civil society organizations, advertising market regulations, the Consumer Protection Code (Código de Defesa do Consumidor), the National Traffic Code (Código Nacional de Trânsito), the Statute of the Child and Adolescent (ECA — Estatuto da Criança e do Adolescente), the Federal Constitution, and other such documents."
EF67LP16,EF,"6º, 7º",Língua Portuguesa,"Explorar e analisar espaços de reclamação de direitos e de envio de solicitações (tais como ouvidorias, SAC, canais ligados a órgãos públicos, plataformas do consumidor, plataformas de reclamação), bem como de textos pertencentes a gêneros que circulam nesses espaços, reclamação ou carta de reclamação, solicitação ou carta de solicitação, como forma de ampliar as possibilidades de produção desses textos em casos que remetam a reivindicações que envolvam a escola, a comunidade ou algum de seus membros como forma de se engajar na busca de solução de problemas pessoais, dos outros e coletivos.","Explore and analyze spaces for filing rights complaints and submitting requests — such as ombudsman offices (ouvidorias), customer service channels (SAC), channels linked to public agencies, consumer platforms, and complaint platforms — as well as texts belonging to genres that circulate in these spaces, such as complaints or complaint letters and requests or request letters, as a means of expanding the possibilities for producing such texts in cases involving claims that concern the school, the community, or any of its members, as a way of engaging in the resolution of personal, collective, and others' problems."
EF67LP17,EF,"6º, 7º",Língua Portuguesa,"Analisar, a partir do contexto de produção, a forma de organização das cartas de solicitação e de reclamação (datação, forma de início, apresentação contextualizada do pedido ou da reclamação, em geral, acompanhada de explicações, argumentos e/ou relatos do problema, fórmula de finalização mais ou menos cordata, dependendo do tipo de carta e subscrição) e algumas das marcas linguísticas relacionadas à argumentação, explicação ou relato de fatos, como forma de possibilitar a escrita fundamentada de cartas como essas ou de postagens em canais próprios de reclamações e solicitações em situações que envolvam questões relativas à escola, à comunidade ou a algum dos seus membros.","Analyze, based on the production context, the organizational structure of request letters and complaint letters (dating, opening formula, contextualized presentation of the request or complaint — generally accompanied by explanations, arguments, and/or accounts of the problem — closing formula that is more or less cordial depending on the type of letter, and subscription) and some of the linguistic markers related to argumentation, explanation, or narration of facts, as a means of enabling the informed writing of such letters or of posts on dedicated complaint and request channels in situations involving issues related to the school, the community, or any of its members."
EF67LP18,EF,"6º, 7º",Língua Portuguesa,"Identificar o objeto da reclamação e/ou da solicitação e sua sustentação, explicação ou justificativa, de forma a poder analisar a pertinência da solicitação ou justificação.","Identify the subject of the complaint and/or request and its supporting explanation or justification, in order to analyze the relevance of the request or justification."
EF67LP19,EF,"6º, 7º",Língua Portuguesa,"Realizar levantamento de questões, problemas que requeiram a denúncia de desrespeito a direitos, reivindicações, reclamações, solicitações que contemplem a comunidade escolar ou algum de seus membros e examinar normas e legislações.","Conduct a survey of issues and problems requiring the denunciation of rights violations, as well as claims, complaints, and requests that address the school community or any of its members, and examine applicable rules and legislation."
EF67LP20,EF,"6º, 7º",Língua Portuguesa,"Realizar pesquisa, a partir de recortes e questões definidos previamente, usando fontes indicadas e abertas.","Conduct research, based on previously defined scope and questions, using both assigned and open sources."
EF67LP21,EF,"6º, 7º",Língua Portuguesa,"Divulgar resultados de pesquisas por meio de apresentações orais, painéis, artigos de divulgação científica, verbetes de enciclopédia, podcasts científicos etc.","Disseminate research findings through oral presentations, panels, popular science articles, encyclopedia entries, science podcasts, and similar formats."
EF67LP22,EF,"6º, 7º",Língua Portuguesa,"Produzir resumos, a partir das notas e/ou esquemas feitos, com o uso adequado de paráfrases e citações.","Produce summaries from notes and/or outlines, with appropriate use of paraphrase and quotation."
EF67LP23,EF,"6º, 7º",Língua Portuguesa,"Respeitar os turnos de fala, na participação em conversações e em discussões ou atividades coletivas, na sala de aula e na escola e formular perguntas coerentes e adequadas em momentos oportunos em situações de aulas, apresentação oral, seminário etc.","Respect conversational turn-taking when participating in conversations, discussions, or collective activities in the classroom and at school, and formulate coherent and appropriate questions at opportune moments in class sessions, oral presentations, seminars, and similar contexts."
EF67LP24,EF,"6º, 7º",Língua Portuguesa,"Tomar nota de aulas, apresentações orais, entrevistas (ao vivo, áudio, TV, vídeo), identificando e hierarquizando as informações principais, tendo em vista apoiar o estudo e a produção de sínteses e reflexões pessoais ou outros objetivos em questão.","Take notes during classes, oral presentations, and interviews (live, audio, television, or video), identifying and ranking the main information, in order to support studying and the production of summaries, personal reflections, or other relevant objectives."
EF67LP25,EF,"6º, 7º",Língua Portuguesa,"Reconhecer e utilizar os critérios de organização tópica (do geral para o específico, do específico para o geral etc.), as marcas linguísticas dessa organização (marcadores de ordenação e enumeração, de explicação, definição e exemplificação, por exemplo) e os mecanismos de paráfrase, de maneira a organizar mais adequadamente a coesão e a progressão temática de seus textos.","Recognize and apply topical organization criteria (from general to specific, from specific to general, etc.), the linguistic markers of such organization (ordering and enumeration markers, and markers of explanation, definition, and exemplification, for example), and paraphrasing mechanisms, in order to more effectively organize the cohesion and thematic progression of one's own texts."
EF67LP26,EF,"6º, 7º",Língua Portuguesa,Reconhecer a estrutura de hipertexto em textos de divulgação científica e proceder à remissão a conceitos e relações por meio de notas de rodapés ou boxes.,Recognize the hypertext structure in popular science texts and make cross-references to concepts and relationships through footnotes or sidebars.
EF67LP27,EF,"6º, 7º",Língua Portuguesa,"Analisar, entre os textos literários e entre estes e outras manifestações artísticas (como cinema, teatro, música, artes visuais e midiáticas), referências explícitas ou implícitas a outros textos, quanto aos temas, personagens e recursos literários e semióticos","Analyze, among literary texts and between literary texts and other artistic expressions (such as film, theater, music, visual arts, and media arts), explicit or implicit references to other texts with regard to themes, characters, and literary and semiotic resources."
EF67LP28,EF,"6º, 7º",Língua Portuguesa,"Ler, de forma autônoma, e compreender – selecionando procedimentos e estratégias de leitura adequados a diferentes objetivos e levando em conta características dos gêneros e suportes –, romances infantojuvenis, contos populares, contos de terror, lendas brasileiras, indígenas e africanas, narrativas de aventuras, narrativas de enigma, mitos, crônicas, autobiografias, histórias em quadrinhos, mangás, poemas de forma livre e fixa (como sonetos e cordéis), vídeo-poemas, poemas visuais, dentre outros, expressando avaliação sobre o texto lido e estabelecendo preferências por gêneros, temas, autores.","Read independently and comprehend — selecting reading procedures and strategies appropriate to different purposes and taking into account the characteristics of genres and media supports — young adult novels, folk tales, horror stories, Brazilian legends, Indigenous legends, and African legends, adventure narratives, mystery narratives, myths, chronicles (crônicas), autobiographies, comic books, manga, poems in free and fixed forms (such as sonnets and cordel literature), video poems, and visual poems, among others, expressing evaluative responses to the text read and establishing preferences for genres, themes, and authors."
EF67LP29,EF,"6º, 7º",Língua Portuguesa,"Identificar, em texto dramático, personagem, ato, cena, fala e indicações cênicas e a organização do texto: enredo, conflitos, ideias principais, pontos de vista, universos de referência.","Identify, in a dramatic text, characters, acts, scenes, dialogue, and stage directions, as well as the organization of the text: plot, conflicts, main ideas, points of view, and frames of reference."
EF67LP30,EF,"6º, 7º",Língua Portuguesa,"Criar narrativas ficcionais, tais como contos populares, contos de suspense, mistério, terror, humor, narrativas de enigma, crônicas, histórias em quadrinhos, dentre outros, que utilizem cenários e personagens realistas ou de fantasia, observando os elementos da estrutura narrativa próprios ao gênero pretendido, tais como enredo, personagens, tempo, espaço e narrador, utilizando tempos verbais adequados à narração de fatos passados, empregando conhecimentos sobre diferentes modos de se iniciar uma história e de inserir os discursos direto e indireto.","Create fictional narratives — such as folk tales, suspense stories, mystery, horror, humor, mystery narratives, chronicles (crônicas), comic books, and others — that employ realistic or fantasy settings and characters, observing the narrative structural elements appropriate to the intended genre, such as plot, characters, time, setting, and narrator, using verb tenses appropriate to the narration of past events, drawing on knowledge of different ways to begin a story and to incorporate direct and indirect speech."
EF67LP31,EF,"6º, 7º",Língua Portuguesa,"Criar poemas compostos por versos livres e de forma fixa (como quadras e sonetos), utilizando recursos visuais, semânticos e sonoros, tais como cadências, ritmos e rimas, e poemas visuais e vídeo-poemas, explorando as relações entre imagem e texto verbal, a distribuição da mancha gráfica (poema visual) e outros recursos visuais e sonoros.","Compose poems using both free verse and fixed forms (such as quatrains and sonnets), employing visual, semantic, and sound resources — including cadence, rhythm, and rhyme — as well as visual poems and video poems, exploring the relationships between image and verbal text, the distribution of the graphic layout (visual poem), and other visual and auditory resources."
EF67LP32,EF,"6º, 7º",Língua Portuguesa,"Escrever palavras com correção ortográfica, obedecendo as convenções da língua escrita.","Write words with correct spelling, observing the conventions of the written language."
EF67LP33,EF,"6º, 7º",Língua Portuguesa,Pontuar textos adequadamente.,Punctuate texts appropriately.
EF67LP34,EF,"6º, 7º",Língua Portuguesa,Formar antônimos com acréscimo de prefixos que expressam noção de negação.,Form antonyms by adding prefixes that express negation.
EF67LP35,EF,"6º, 7º",Língua Portuguesa,Distinguir palavras derivadas por acréscimo de afixos e palavras compostas.,Distinguish between words derived through the addition of affixes and compound words.
EF67LP36,EF,"6º, 7º",Língua Portuguesa,"Utilizar, ao produzir texto, recursos de coesão referencial (léxica e pronominal) e sequencial e outros recursos expressivos adequados ao gênero textual.","Apply, in written text production, resources of referential cohesion (lexical and pronominal) and sequential cohesion, as well as other expressive resources appropriate to the text genre."
EF67LP37,EF,"6º, 7º",Língua Portuguesa,"Analisar, em diferentes textos, os efeitos de sentido decorrentes do uso de recursos linguístico-discursivos de prescrição, causalidade, sequências descritivas e expositivas e ordenação de eventos.","Analyze, across a variety of texts, the meaning effects produced by the use of linguistic-discursive resources of prescription, causality, descriptive and expository sequences, and event ordering."
EF67LP38,EF,"6º, 7º",Língua Portuguesa,"Analisar os efeitos de sentido do uso de figuras de linguagem, como comparação, metáfora, metonímia, personificação, hipérbole, dentre outras.","Analyze the meaning effects of figures of speech, including simile, metaphor, metonymy, personification, hyperbole, and others."
EF69LP01,EF,"6º, 7º, 8º, 9º",Língua Portuguesa,"Diferenciar liberdade de expressão de discursos de ódio, posicionando-se contrariamente a esse tipo de discurso e vislumbrando possibilidades de denúncia quando for o caso.","Differentiate freedom of expression from hate speech, taking a stance against hate speech and identifying possible reporting mechanisms when appropriate."
EF69LP02,EF,"6º, 7º, 8º, 9º",Língua Portuguesa,"Analisar e comparar peças publicitárias variadas (cartazes, folhetos, outdoor, anúncios e propagandas em diferentes mídias, spots, jingle, vídeos etc.), de forma a perceber a articulação entre elas em campanhas, as especificidades das várias semioses e mídias, a adequação dessas peças ao público-alvo, aos objetivos do anunciante e/ou da campanha e à construção composicional e estilo dos gêneros em questão, como forma de ampliar suas possibilidades de compreensão (e produção) de textos pertencentes a esses gêneros.","Analyze and compare a variety of advertising materials — including posters, flyers, billboards, print and digital ads, spots, jingles, videos, and others — in order to recognize how individual pieces work together within campaigns, the specific characteristics of different semiotic modes and media, the appropriateness of each piece to its target audience and the advertiser's or campaign's objectives, and the compositional structure and stylistic features of the genres involved, as a means of expanding students' comprehension (and production) of texts belonging to these genres."
EF69LP03,EF,"6º, 7º, 8º, 9º",Língua Portuguesa,"Identificar, em notícias, o fato central, suas principais circunstâncias e eventuais decorrências; em reportagens e fotorreportagens o fato ou a temática retratada e a perspectiva de abordagem, em entrevistas os principais temas/subtemas abordados, explicações dadas ou teses defendidas em relação a esses subtemas; em tirinhas, memes, charge, a crítica, ironia ou humor presente.","Identify, in news articles, the central event, its main circumstances, and possible consequences; in reports and photo-essays, the event or theme depicted and the angle of approach; in interviews, the main topics and subtopics addressed, explanations provided, or theses argued in relation to those subtopics; and in comic strips, memes, and editorial cartoons, the critique, irony, or humor present."
EF69LP04,EF,"6º, 7º, 8º, 9º",Língua Portuguesa,"Identificar e analisar os efeitos de sentido que fortalecem a persuasão nos textos publicitários, relacionando as estratégias de persuasão e apelo ao consumo com os recursos linguístico-discursivos utilizados, como imagens, tempo verbal, jogos de palavras, figuras de linguagem etc., com vistas a fomentar práticas de consumo conscientes.","Identify and analyze the meaning effects that reinforce persuasion in advertising texts, connecting persuasion and consumption-appeal strategies to the linguistic-discursive resources employed — such as images, verb tense, wordplay, and figures of speech — with the aim of fostering conscious consumption practices."
EF69LP05,EF,"6º, 7º, 8º, 9º",Língua Portuguesa,"Inferir e justificar, em textos multissemióticos – tirinhas, charges, memes, gifs etc. –, o efeito de humor, ironia e/ou crítica pelo uso ambíguo de palavras, expressões ou imagens ambíguas, de clichês, de recursos iconográficos, de pontuação etc.","Infer and justify, in multisemiotic texts — including comic strips, editorial cartoons, memes, and GIFs — the effect of humor, irony, and/or social critique achieved through the ambiguous use of words, expressions, or images, clichés, iconographic resources, punctuation, and similar devices."
EF69LP06,EF,"6º, 7º, 8º, 9º",Língua Portuguesa,"Produzir e publicar notícias, fotodenúncias, fotorreportagens, reportagens, reportagens multimidiáticas, infográficos, podcasts noticiosos, entrevistas, cartas de leitor, comentários, artigos de opinião de interesse local ou global, textos de apresentação e apreciação de produção cultural – resenhas e outros próprios das formas de expressão das culturas juvenis, tais como vlogs e podcasts culturais, gameplay, detonado etc.– e cartazes, anúncios, propagandas, spots, jingles de campanhas sociais, dentre outros em várias mídias, vivenciando de forma significativa o papel de repórter, de comentador, de analista, de crítico, de editor ou articulista, de booktuber, de vlogger (vlogueiro) etc., como forma de compreender as condições de produção que envolvem a circulação desses textos e poder participar e vislumbrar possibilidades de participação nas práticas de linguagem do campo jornalístico e do campo midiático de forma ética e responsável, levando-se em consideração o contexto da Web 2.0, que amplia a possibilidade de circulação desses textos e “funde” os papéis de leitor e autor, de consumidor e produtor.","Produce and publish news articles, photo-exposés, photo-essays, reports, multimedia reports, infographics, news podcasts, interviews, letters to the editor, opinion pieces, and op-eds on topics of local or global significance; texts presenting and reviewing cultural productions — reviews and other formats characteristic of youth cultural expression, such as vlogs, cultural podcasts, gameplay videos, and walkthroughs; and posters, advertisements, public service announcements, spots, and jingles for social campaigns, among others, across a variety of media — meaningfully taking on the roles of reporter, commentator, analyst, critic, editor, op-ed writer, BookTuber, vlogger, and similar roles — as a way of understanding the conditions of production that govern the circulation of these texts and of participating, and envisioning possibilities for participation, in the language practices of the journalistic and media fields in an ethical and responsible manner, taking into account the Web 2.0 context, which expands the potential reach of these texts and merges the roles of reader and author, consumer and producer."
EF69LP07,EF,"6º, 7º, 8º, 9º",Língua Portuguesa,"Produzir textos em diferentes gêneros, considerando sua adequação ao contexto produção e circulação – os enunciadores envolvidos, os objetivos, o gênero, o suporte, a circulação -, ao modo (escrito ou oral; imagem estática ou em movimento etc.), à variedade linguística e/ou semiótica apropriada a esse contexto, à construção da textualidade relacionada às propriedades textuais e do gênero), utilizando estratégias de planejamento, elaboração, revisão, edição, reescrita/redesign e avaliação de textos, para, com a ajuda do professor e a colaboração dos colegas, corrigir e aprimorar as produções realizadas, fazendo cortes, acréscimos, reformulações, correções de concordância, ortografia, pontuação em textos e editando imagens, arquivos sonoros, fazendo cortes, acréscimos, ajustes, acrescentando/ alterando efeitos, ordenamentos etc.","Produce texts in a variety of genres, taking into account their appropriateness to the context of production and circulation — the enunciators involved, the objectives, the genre, the medium, and the intended audience — as well as the mode (written or oral; still or moving image, etc.), the linguistic and/or semiotic variety suited to that context, and the construction of textuality in relation to textual and genre-specific properties; applying strategies of planning, drafting, revision, editing, rewriting/redesign, and evaluation, and — with teacher guidance and peer collaboration — correcting and improving completed work by making cuts, additions, and reformulations, correcting agreement, spelling, and punctuation, and editing images and audio files by making cuts, additions, adjustments, and adding or altering effects and sequencing."
EF69LP08,EF,"6º, 7º, 8º, 9º",Língua Portuguesa,"Revisar/editar o texto produzido – notícia, reportagem, resenha, artigo de opinião, dentre outros –, tendo em vista sua adequação ao contexto de produção, a mídia em questão, características do gênero, aspectos relativos à textualidade, a relação entre as diferentes semioses, a formatação e uso adequado das ferramentas de edição (de texto, foto, áudio e vídeo, dependendo do caso) e adequação à norma culta.","Revise and edit the produced text — including news articles, reports, reviews, and op-eds, among others — with attention to its appropriateness to the production context, the relevant medium, the genre's characteristics, aspects of textuality, the relationship among different semiotic modes, formatting, and appropriate use of editing tools (text, photo, audio, and video, as applicable), as well as conformity to the standard written norm."
EF69LP09,EF,"6º, 7º, 8º, 9º",Língua Portuguesa,"Planejar uma campanha publicitária sobre questões/problemas, temas, causas significativas para a escola e/ou comunidade, a partir de um levantamento de material sobre o tema ou evento, da definição do público-alvo, do texto ou peça a ser produzido – cartaz, banner, folheto, panfleto, anúncio impresso e para internet, spot, propaganda de rádio, TV etc. –, da ferramenta de edição de texto, áudio ou vídeo que será utilizada, do recorte e enfoque a ser dado, das estratégias de persuasão que serão utilizadas etc.","Plan a public-awareness campaign addressing issues, problems, themes, or causes meaningful to the school and/or community, based on a survey of material related to the topic or event, the definition of the target audience, the text or piece to be produced — poster, banner, flyer, pamphlet, print or online advertisement, spot, radio or television public service announcement, etc. — the text, audio, or video editing tool to be used, the angle and focus to be taken, and the persuasion strategies to be employed."
EF69LP10,EF,"6º, 7º, 8º, 9º",Língua Portuguesa,"Produzir notícias para rádios, TV ou vídeos, podcasts noticiosos e de opinião, entrevistas, comentários, vlogs, jornais radiofônicos e televisivos, dentre outros possíveis, relativos a fato e temas de interesse pessoal, local ou global e textos orais de apreciação e opinião – podcasts e vlogs noticiosos, culturais e de opinião, orientando-se por roteiro ou texto, considerando o contexto de produção e demonstrando domínio dos gêneros.","Produce news content for radio, television, or video platforms — including news and opinion podcasts, interviews, commentaries, vlogs, and radio and television news broadcasts, among other possible formats — addressing events and topics of personal, local, or global interest, as well as oral appreciation and opinion texts such as news, cultural, and opinion podcasts and vlogs; working from a script or written text, taking into account the production context, and demonstrating command of the relevant genres."
EF69LP11,EF,"6º, 7º, 8º, 9º",Língua Portuguesa,"Identificar e analisar posicionamentos defendidos e refutados na escuta de interações polêmicas em entrevistas, discussões e debates (televisivo, em sala de aula, em redes sociais etc.), entre outros, e se posicionar frente a eles.","Identify and analyze positions defended and refuted while listening to contentious exchanges in interviews, discussions, and debates — televised, in-class, on social media, and others — and articulate a personal stance in response to them."
EF69LP12,EF,"6º, 7º, 8º, 9º",Língua Portuguesa,"Desenvolver estratégias de planejamento, elaboração, revisão, edição, reescrita/ redesign (esses três últimos quando não for situação ao vivo) e avaliação de textos orais, áudio e/ou vídeo, considerando sua adequação aos contextos em que foram produzidos, à forma composicional e estilo de gêneros, a clareza, progressão temática e variedade linguística empregada, os elementos relacionados à fala, tais como modulação de voz, entonação, ritmo, altura e intensidade, respiração etc., os elementos cinésicos, tais como postura corporal, movimentos e gestualidade significativa, expressão facial, contato de olho com plateia etc.","Develop strategies for planning, drafting, revising, editing, rewriting/redesigning (the last three when not performed live), and evaluating oral texts, audio, and/or video, taking into account their appropriateness to the contexts in which they were produced, the compositional form and style of the relevant genres, clarity, thematic progression, and the linguistic variety employed, as well as speech-related elements such as voice modulation, intonation, rhythm, pitch, volume, and breathing, and kinesic elements such as body posture, meaningful movement and gesture, facial expression, and eye contact with the audience."
EF03MA15,EF,3º,Matemática,"Classificar e comparar figuras planas (triângulo, quadrado, retângulo, trapézio e paralelogramo) em relação a seus lados (quantidade, posições relativas e comprimento) e vértices.","Classify and compare plane figures (triangles, squares, rectangles, trapezoids, and parallelograms) with respect to their sides (number, relative positions, and length) and vertices."
EF03MA16,EF,3º,Matemática,"Reconhecer figuras congruentes, usando sobreposição e desenhos em malhas quadriculadas ou triangulares, incluindo o uso de tecnologias digitais.","Identify congruent figures using superposition and drawings on square or triangular grids, including the use of digital technologies."
EF03MA17,EF,3º,Matemática,Reconhecer que o resultado de uma medida depende da unidade de medida utilizada.,Recognize that the result of a measurement depends on the unit of measure used.
EF03MA18,EF,3º,Matemática,"Escolher a unidade de medida e o instrumento mais apropriado para medições de comprimento, tempo e capacidade.","Select the most appropriate unit of measure and measuring instrument for measuring length, time, and capacity."
EF03MA19,EF,3º,Matemática,"Estimar, medir e comparar comprimentos, utilizando unidades de medida não padronizadas e padronizadas mais usuais (metro, centímetro e milímetro) e diversos instrumentos de medida.","Estimate, measure, and compare lengths using both nonstandard and standard units of measure (meter, centimeter, and millimeter) and a variety of measuring instruments."
EF03MA20,EF,3º,Matemática,"Estimar e medir capacidade e massa, utilizando unidades de medida não padronizadas e padronizadas mais usuais (litro, mililitro, quilograma, grama e miligrama), reconhecendo-as em leitura de rótulos e embalagens, entre outros.","Estimate and measure capacity and mass using both nonstandard and standard units of measure (liter, milliliter, kilogram, gram, and milligram), recognizing these units in product labels and packaging, among other contexts."
EF03MA21,EF,3º,Matemática,"Comparar, visualmente ou por superposição, áreas de faces de objetos, de figuras planas ou de desenhos.","Compare, visually or by superposition, the areas of faces of objects, plane figures, or drawings."
EF03MA22,EF,3º,Matemática,"Ler e registrar medidas e intervalos de tempo, utilizando relógios (analógico e digital) para informar os horários de início e término de realização de uma atividade e sua duração.","Read and record measurements and intervals of time using analog and digital clocks to report the start time, end time, and duration of an activity."
EF03MA23,EF,3º,Matemática,Ler horas em relógios digitais e em relógios analógicos e reconhecer a relação entre hora e minutos e entre minuto e segundos.,Tell time using both digital and analog clocks and recognize the relationship between hours and minutes and between minutes and seconds.
EF03MA24,EF,3º,Matemática,"Resolver e elaborar problemas que envolvam a comparação e a equivalência de valores monetários do sistema brasileiro em situações de compra, venda e troca.","Solve and compose problems involving the comparison and equivalence of monetary values within the Brazilian currency system in situations of buying, selling, and making change."
EF03MA25,EF,3º,Matemática,"Identificar, em eventos familiares aleatórios, todos os resultados possíveis, estimando os que têm maiores ou menores chances de ocorrência.","Identify all possible outcomes in familiar random events, estimating which outcomes have greater or lesser likelihood of occurring."
EF03MA26,EF,3º,Matemática,"Resolver problemas cujos dados estão apresentados em tabelas de dupla entrada, gráficos de barras ou de colunas.","Solve problems whose data are presented in two-way tables, bar graphs, or column graphs."
EF03MA27,EF,3º,Matemática,"Ler, interpretar e comparar dados apresentados em tabelas de dupla entrada, gráficos de barras ou de colunas, envolvendo resultados de pesquisas significativas, utilizando termos como maior e menor frequência, apropriando-se desse tipo de linguagem para compreender aspectos da realidade sociocultural significativos.","Read, interpret, and compare data presented in two-way tables, bar graphs, or column graphs involving results from meaningful surveys, using terms such as greater frequency and lesser frequency, and apply this type of mathematical language to understand significant aspects of sociocultural reality."
EF03MA28,EF,3º,Matemática,"Realizar pesquisa envolvendo variáveis categóricas em um universo de até 50 elementos, organizar os dados coletados utilizando listas, tabelas simples ou de dupla entrada e representá-los em gráficos de colunas simples, com e sem uso de tecnologias digitais.","Conduct a survey involving categorical variables within a universe of up to 50 elements, organize the collected data using lists, simple tables, or two-way tables, and represent the data in simple column graphs, with and without the use of digital technologies."
EF04MA01,EF,4º,Matemática,"Ler, escrever e ordenar números naturais até a ordem de dezenas de milhar.","Read, write, and order natural numbers up to the ten-thousands place."
EF04MA02,EF,4º,Matemática,"Mostrar, por decomposição e composição, que todo número natural pode ser escrito por meio de adições e multiplicações por potências de dez, para compreender o sistema de numeração decimal e desenvolver estratégias de cálculo.","Demonstrate, through decomposition and composition, that every natural number can be expressed through additions and multiplications by powers of ten, in order to understand the decimal number system and develop calculation strategies."
EF04MA03,EF,4º,Matemática,"Resolver e elaborar problemas com números naturais envolvendo adição e subtração, utilizando estratégias diversas, como cálculo, cálculo mental e algoritmos, além de fazer estimativas do resultado.","Solve and compose problems with natural numbers involving addition and subtraction, using a variety of strategies such as written calculation, mental computation, and algorithms, as well as making estimates of the result."
EF04MA04,EF,4º,Matemática,"Utilizar as relações entre adição e subtração, bem como entre multiplicação e divisão, para ampliar as estratégias de cálculo.","Apply the inverse relationships between addition and subtraction, as well as between multiplication and division, to expand calculation strategies."
EF04MA05,EF,4º,Matemática,Utilizar as propriedades das operações para desenvolver estratégias de cálculo.,Apply the properties of operations to develop calculation strategies.
EF04MA06,EF,4º,Matemática,"Resolver e elaborar problemas envolvendo diferentes significados da multiplicação (adição de parcelas iguais, organização retangular e proporcionalidade), utilizando estratégias diversas, como cálculo por estimativa, cálculo mental e algoritmos.","Solve and compose problems involving different meanings of multiplication (repeated addition, rectangular arrays, and proportionality), using a variety of strategies such as estimation, mental computation, and algorithms."
EF02MA18,EF,2º,Matemática,"Indicar a duração de intervalos de tempo entre duas datas, como dias da semana e meses do ano, utilizando calendário, para planejamentos e organização de agenda.","Determine the duration of time intervals between two dates — such as days of the week and months of the year — using a calendar, for the purposes of planning and schedule organization."
EF02MA19,EF,2º,Matemática,Medir a duração de um intervalo de tempo por meio de relógio digital e registrar o horário do início e do fim do intervalo.,"Measure the duration of a time interval using a digital clock, and record the start time and end time of the interval."
EF02MA20,EF,2º,Matemática,Estabelecer a equivalência de valores entre moedas e cédulas do sistema monetário brasileiro para resolver situações cotidianas.,Establish equivalent values among coins and banknotes of the Brazilian monetary system (Real) to solve everyday situations.
EF02MA21,EF,2º,Matemática,"Classificar resultados de eventos cotidianos aleatórios como “pouco prováveis”, “muito prováveis”, “improváveis” e “impossíveis”.","Classify the outcomes of everyday random events as ""unlikely,"" ""very likely,"" ""improbable,"" or ""impossible."""
EF02MA22,EF,2º,Matemática,"Comparar informações de pesquisas apresentadas por meio de tabelas de dupla entrada e em gráficos de colunas simples ou barras, para melhor compreender aspectos da realidade próxima.",Compare information from surveys presented in two-way tables and in simple column or bar graphs in order to better understand aspects of students' immediate reality.
EF02MA23,EF,2º,Matemática,"Realizar pesquisa em universo de até 30 elementos, escolhendo até três variáveis categóricas de seu interesse, organizando os dados coletados em listas, tabelas e gráficos de colunas simples.","Conduct a survey of a population of up to 30 elements, selecting up to three categorical variables of personal interest, and organize the collected data in lists, tables, and simple column graphs."
EF03MA01,EF,3º,Matemática,"Ler, escrever e comparar números naturais de até a ordem de unidade de milhar, estabelecendo relações entre os registros numéricos e em língua materna.","Read, write, and compare whole numbers up to the thousands place, establishing connections between numerical representations and written language."
EF03MA02,EF,3º,Matemática,"Identificar características do sistema de numeração decimal, utilizando a composição e a decomposição de número natural de até quatro ordens.",Identify characteristics of the decimal number system by composing and decomposing whole numbers of up to four place values.
EF03MA03,EF,3º,Matemática,Construir e utilizar fatos básicos da adição e da multiplicação para o cálculo mental ou escrito.,Construct and apply basic addition and multiplication facts to perform mental and written calculations.
EF03MA04,EF,3º,Matemática,"Estabelecer a relação entre números naturais e pontos da reta numérica para utilizá-la na ordenação dos números naturais e também na construção de fatos da adição e da subtração, relacionando-os com deslocamentos para a direita ou para a esquerda.","Establish the relationship between whole numbers and points on the number line, and use the number line to order whole numbers and to build addition and subtraction facts by relating them to movements to the right or to the left."
EF03MA05,EF,3º,Matemática,Utilizar diferentes procedimentos de cálculo mental e escrito para resolver problemas significativos envolvendo adição e subtração com números naturais.,Apply various mental and written calculation strategies to solve meaningful problems involving addition and subtraction with whole numbers.
EF03MA06,EF,3º,Matemática,"Resolver e elaborar problemas de adição e subtração com os significados de juntar, acrescentar, separar, retirar, comparar e completar quantidades, utilizando diferentes estratégias de cálculo exato ou aproximado, incluindo cálculo mental.","Solve and compose addition and subtraction problems involving the meanings of combining, adding to, separating, removing, comparing, and completing quantities, using different strategies for exact or approximate calculation, including mental computation."
EF03MA07,EF,3º,Matemática,"Resolver e elaborar problemas de multiplicação (por 2, 3, 4, 5 e 10) com os significados de adição de parcelas iguais e elementos apresentados em disposição retangular, utilizando diferentes estratégias de cálculo e registros.","Solve and compose multiplication problems (by 2, 3, 4, 5, and 10) involving the meanings of repeated addition and rectangular arrays, using different calculation strategies and recording methods."
EF03MA08,EF,3º,Matemática,"Resolver e elaborar problemas de divisão de um número natural por outro (até 10), com resto zero e com resto diferente de zero, com os significados de repartição equitativa e de medida, por meio de estratégias e registros pessoais.","Solve and compose division problems involving a whole number divided by another (up to 10), with zero remainder and with nonzero remainder, representing the meanings of equal sharing and measurement, through personal strategies and recording methods."
EF03MA09,EF,3º,Matemática,"Associar o quociente de uma divisão com resto zero de um número natural por 2, 3, 4, 5 e 10 às ideias de metade, terça, quarta, quinta e décima partes.","Connect the quotient of a zero-remainder division of a whole number by 2, 3, 4, 5, and 10 to the concepts of one-half, one-third, one-fourth, one-fifth, and one-tenth."
EF03MA10,EF,3º,Matemática,"Identificar regularidades em sequências ordenadas de números naturais, resultantes da realização de adições ou subtrações sucessivas, por um mesmo número, descrever uma regra de formação da sequência e determinar elementos faltantes ou seguintes.","Identify patterns in ordered sequences of whole numbers generated by repeated addition or subtraction of a fixed number, describe the rule governing the sequence, and determine missing or subsequent elements."
EF03MA11,EF,3º,Matemática,Compreender a ideia de igualdade para escrever diferentes sentenças de adições ou de subtrações de dois números naturais que resultem na mesma soma ou diferença.,Apply the concept of equality to write different addition or subtraction sentences with two whole numbers that yield the same sum or difference.
EF03MA12,EF,3º,Matemática,"Descrever e representar, por meio de esboços de trajetos ou utilizando croquis e maquetes, a movimentação de pessoas ou de objetos no espaço, incluindo mudanças de direção e sentido, com base em diferentes pontos de referência.","Describe and represent the movement of people or objects through space — including changes in direction and orientation — by sketching routes or using maps and scale models, based on different reference points."
EF03MA13,EF,3º,Matemática,"Associar figuras geométricas espaciais (cubo, bloco retangular, pirâmide, cone, cilindro e esfera) a objetos do mundo físico e nomear essas figuras.","Associate three-dimensional geometric figures (cube, rectangular prism, pyramid, cone, cylinder, and sphere) with objects in the physical world and identify each figure by name."
EF03MA14,EF,3º,Matemática,"Descrever características de algumas figuras geométricas espaciais (prismas retos, pirâmides, cilindros, cones), relacionando-as com suas planificações.","Describe characteristics of selected three-dimensional geometric figures (right prisms, pyramids, cylinders, and cones) and relate them to their nets (two-dimensional unfolded representations)."
EF04MA07,EF,4º,Matemática,"Resolver e elaborar problemas de divisão cujo divisor tenha no máximo dois algarismos, envolvendo os significados de repartição equitativa e de medida, utilizando estratégias diversas, como cálculo por estimativa, cálculo mental e algoritmos.","Solve and compose division problems with divisors of at most two digits, involving the concepts of equal sharing and measurement division, using a variety of strategies such as estimation, mental computation, and standard algorithms."
EF04MA08,EF,4º,Matemática,"Resolver, com o suporte de imagem e/ou material manipulável, problemas simples de contagem, como a determinação do número de agrupamentos possíveis ao se combinar cada elemento de uma coleção com todos os elementos de outra, utilizando estratégias e formas de registro pessoais.","Solve simple counting problems — such as determining the number of possible pairings when combining each element of one collection with every element of another — using visual supports and/or manipulative materials, and recording solutions through personal strategies and representations."
EF04MA09,EF,4º,Matemática,"Reconhecer as frações unitárias mais usuais (1/2, 1/3, 1/4, 1/5, 1/10 e 1/100) como unidades de medida menores do que uma unidade, utilizando a reta numérica como recurso.","Identify the most common unit fractions (1/2, 1/3, 1/4, 1/5, 1/10, and 1/100) as measures smaller than one whole, using the number line as a representational tool."
EF04MA10,EF,4º,Matemática,Reconhecer que as regras do sistema de numeração decimal podem ser estendidas para a representação decimal de um número racional e relacionar décimos e centésimos com a representação do sistema monetário brasileiro.,"Recognize that the rules of the base-ten number system can be extended to the decimal representation of rational numbers, and relate tenths and hundredths to the representation used in the Brazilian monetary system (real and centavos)."
EF04MA11,EF,4º,Matemática,Identificar regularidades em sequências numéricas compostas por múltiplos de um número natural.,Identify patterns in numerical sequences composed of multiples of a given natural number.
EF04MA12,EF,4º,Matemática,"Reconhecer, por meio de investigações, que há grupos de números naturais para os quais as divisões por um determinado número resultam em restos iguais, identificando regularidades.","Discover, through investigation, that certain groups of natural numbers yield equal remainders when divided by a given number, and identify the resulting patterns."
EF04MA13,EF,4º,Matemática,"Reconhecer, por meio de investigações, utilizando a calculadora quando necessário, as relações inversas entre as operações de adição e de subtração e de multiplicação e de divisão, para aplicá-las na resolução de problemas.","Recognize, through investigation — using a calculator when appropriate — the inverse relationships between addition and subtraction and between multiplication and division, and apply these relationships to solve problems."
EF04MA14,EF,4º,Matemática,"Reconhecer e mostrar, por meio de exemplos, que a relação de igualdade existente entre dois termos permanece quando se adiciona ou se subtrai um mesmo número a cada um desses termos.","Recognize and demonstrate, through examples, that an equality between two expressions is preserved when the same number is added to or subtracted from each expression."
EF04MA15,EF,4º,Matemática,Determinar o número desconhecido que torna verdadeira uma igualdade que envolve as operações fundamentais com números naturais.,Determine the unknown value that makes an equation involving the four fundamental operations with natural numbers true.
EF04MA16,EF,4º,Matemática,"Descrever deslocamentos e localização de pessoas e de objetos no espaço, por meio de malhas quadriculadas e representações como desenhos, mapas, planta baixa e croquis, empregando termos como direita e esquerda, mudanças de direção e sentido, intersecção, transversais, paralelas e perpendiculares.","Describe the position and movement of people and objects in space using square-grid maps and representations such as drawings, maps, floor plans, and sketches, applying terms such as right and left, changes in direction and orientation, intersection, transversals, parallel lines, and perpendicular lines."
EF04MA17,EF,4º,Matemática,"Associar prismas e pirâmides a suas planificações e analisar, nomear e comparar seus atributos, estabelecendo relações entre as representações planas e espaciais.","Match prisms and pyramids to their nets, and analyze, name, and compare their attributes, establishing relationships between two-dimensional and three-dimensional representations."
EF04MA18,EF,4º,Matemática,"Reconhecer ângulos retos e não retos em figuras poligonais com o uso de dobraduras, esquadros ou softwares de geometria.","Identify right angles and non-right angles in polygonal figures using paper folding, set squares, or geometry software."
EF04MA19,EF,4º,Matemática,"Reconhecer simetria de reflexão em figuras e em pares de figuras geométricas planas e utilizá-la na construção de figuras congruentes, com o uso de malhas quadriculadas e de softwares de geometria.","Identify line symmetry (reflection symmetry) in individual figures and in pairs of plane geometric figures, and apply it to construct congruent figures using square grids and geometry software."
EF04MA20,EF,4º,Matemática,"Medir e estimar comprimentos (incluindo perímetros), massas e capacidades, utilizando unidades de medida padronizadas mais usuais, valorizando e respeitando a cultura local.","Measure and estimate lengths (including perimeters), masses, and capacities using the most common standardized units of measurement, while valuing and respecting local cultural practices."
EF04MA21,EF,4º,Matemática,"Medir, comparar e estimar área de figuras planas desenhadas em malha quadriculada, pela contagem dos quadradinhos ou de metades de quadradinho, reconhecendo que duas figuras com formatos diferentes podem ter a mesma medida de área.","Measure, compare, and estimate the area of plane figures drawn on a square grid by counting unit squares or half-unit squares, recognizing that two figures with different shapes can have the same area."
EF04MA22,EF,4º,Matemática,"Ler e registrar medidas e intervalos de tempo em horas, minutos e segundos em situações relacionadas ao seu cotidiano, como informar os horários de início e término de realização de uma tarefa e sua duração.","Read and record measurements and intervals of time in hours, minutes, and seconds in everyday contexts, such as identifying the start time, end time, and duration of a task."
EF04MA23,EF,4º,Matemática,"Reconhecer temperatura como grandeza e o grau Celsius como unidade de medida a ela associada e utilizá-lo em comparações de temperaturas em diferentes regiões do Brasil ou no exterior ou, ainda, em discussões que envolvam problemas relacionados ao aquecimento global.","Recognize temperature as a measurable quantity and degree Celsius as its associated unit of measurement, and use Celsius temperatures to compare climatic conditions across different regions of Brazil or other countries, including in discussions related to global warming."
EF04MA24,EF,4º,Matemática,"Registrar as temperaturas máxima e mínima diárias, em locais do seu cotidiano, e elaborar gráficos de colunas com as variações diárias da temperatura, utilizando, inclusive, planilhas eletrônicas.","Record daily maximum and minimum temperatures for locations in students' everyday environment, and construct bar graphs displaying daily temperature variations, including through the use of spreadsheet software."
EF04MA25,EF,4º,Matemática,"Resolver e elaborar problemas que envolvam situações de compra e venda e formas de pagamento, utilizando termos como troco e desconto, enfatizando o consumo ético, consciente e responsável.","Solve and compose problems involving buying, selling, and forms of payment — using terms such as change and discount — with an emphasis on ethical, conscious, and responsible consumer behavior."
EF04MA26,EF,4º,Matemática,"Identificar, entre eventos aleatórios cotidianos, aqueles que têm maior chance de ocorrência, reconhecendo características de resultados mais prováveis, sem utilizar frações.","Identify, among everyday random events, those with a greater likelihood of occurring, recognizing characteristics of more probable outcomes without using fractions."
EF69LP53,EF,"6º, 7º, 8º, 9º",Língua Portuguesa,"Ler em voz alta textos literários diversos – como contos de amor, de humor, de suspense, de terror; crônicas líricas, humorísticas, críticas; bem como leituras orais capituladas (compartilhadas ou não com o professor) de livros de maior extensão, como romances, narrativas de enigma, narrativas de aventura, literatura infantojuvenil, – contar/recontar histórias tanto da tradição oral (causos, contos de esperteza, contos de animais, contos de amor, contos de encantamento, piadas, dentre outros) quanto da tradição literária escrita, expressando a compreensão e interpretação do texto por meio de uma leitura ou fala expressiva e fluente, que respeite o ritmo, as pausas, as hesitações, a entonação indicados tanto pela pontuação quanto por outros recursos gráfico-editoriais, como negritos, itálicos, caixa-alta, ilustrações etc., gravando essa leitura ou esse conto/reconto, seja para análise posterior, seja para produção de audiobooks de textos literários diversos ou de podcasts de leituras dramáticas com ou sem efeitos especiais e ler e/ou declamar poemas diversos, tanto de forma livre quanto de forma fixa (como quadras, sonetos, liras, haicais etc.), empregando os recursos linguísticos, paralinguísticos e cinésicos necessários aos efeitos de sentido pretendidos, como o ritmo e a entonação, o emprego de pausas e prolongamentos, o tom e o timbre vocais, bem como eventuais recursos de gestualidade e pantomima que convenham ao gênero poético e à situação de compartilhamento em questão.","Read aloud a variety of literary texts — including romance, humor, suspense, and horror short stories; lyrical, humorous, and critical chronicles; as well as serialized oral readings (shared with or independent of the teacher) of longer works such as novels, mystery narratives, adventure narratives, and children's and young adult literature — and tell/retell stories from both the oral tradition (tall tales, trickster tales, animal tales, love stories, enchantment tales, jokes, and others) and the written literary tradition, conveying comprehension and interpretation through expressive, fluent reading or storytelling that observes the rhythm, pauses, hesitations, and intonation indicated by punctuation as well as other graphic and editorial features such as boldface, italics, all-caps, and illustrations; record such readings or tellings/retellings either for subsequent analysis or for the production of audiobooks of diverse literary texts or podcasts of dramatic readings with or without special effects; and read and/or recite a variety of poems — in both free and fixed forms (such as quadras, sonnets, liras, haiku, etc.) — deploying the linguistic, paralinguistic, and kinesic resources required to achieve intended effects of meaning, including rhythm and intonation, the use of pauses and sound prolongation, vocal tone and timbre, as well as gesture and pantomime appropriate to the poetic genre and the particular sharing context."
EF69LP54,EF,"6º, 7º, 8º, 9º",Língua Portuguesa,"Analisar os efeitos de sentido decorrentes da interação entre os elementos linguísticos e os recursos paralinguísticos e cinésicos, como as variações no ritmo, as modulações no tom de voz, as pausas, as manipulações do estrato sonoro da linguagem, obtidos por meio da estrofação, das rimas e de figuras de linguagem como as aliterações, as assonâncias, as onomatopeias, dentre outras, a postura corporal e a gestualidade, na declamação de poemas, apresentações musicais e teatrais, tanto em gêneros em prosa quanto nos gêneros poéticos, os efeitos de sentido decorrentes do emprego de figuras de linguagem, tais como comparação, metáfora, personificação, metonímia, hipérbole, eufemismo, ironia, paradoxo e antítese e os efeitos de sentido decorrentes do emprego de palavras e expressões denotativas e conotativas (adjetivos, locuções adjetivas, orações subordinadas adjetivas etc.), que funcionam como modificadores, percebendo sua função na caracterização dos espaços, tempos, personagens e ações próprios de cada gênero narrativo.","Analyze the effects of meaning arising from the interaction between linguistic elements and paralinguistic and kinesic resources — such as variations in rhythm, modulations in vocal tone, pauses, and manipulations of the sound stratum of language achieved through stanza structure, rhyme, and figures of speech such as alliteration, assonance, and onomatopoeia, as well as body posture and gesture in the recitation of poems, musical performances, and theatrical presentations — in both prose and poetic genres; analyze the effects of meaning produced by figures of speech such as simile, metaphor, personification, metonymy, hyperbole, euphemism, irony, paradox, and antithesis; and analyze the effects of meaning arising from the use of denotative and connotative words and expressions (adjectives, adjectival phrases, adjectival subordinate clauses, etc.) that function as modifiers, recognizing their role in characterizing the settings, time periods, characters, and actions specific to each narrative genre."
EF69LP55,EF,"6º, 7º, 8º, 9º",Língua Portuguesa,"Reconhecer as variedades da língua falada, o conceito de norma-padrão e o de preconceito linguístico.","Recognize the varieties of spoken language, the concept of the standard norm (norma-padrão), and the concept of linguistic prejudice."
EF69LP56,EF,"6º, 7º, 8º, 9º",Língua Portuguesa,Fazer uso consciente e reflexivo de regras e normas da norma-padrão em situações de fala e escrita nas quais ela deve ser usada.,Apply rules and norms of the standard language variety (norma-padrão) consciously and reflectively in speaking and writing situations that call for its use.
EF89LP01,EF,"8º, 9º",Língua Portuguesa,"Analisar os interesses que movem o campo jornalístico, os efeitos das novas tecnologias no campo e as condições que fazem da informação uma mercadoria, de forma a poder desenvolver uma atitude crítica frente aos textos jornalísticos.","Analyze the interests that drive the field of journalism, the effects of new technologies on that field, and the conditions that turn information into a commodity, in order to develop a critical stance toward journalistic texts."
EF89LP02,EF,"8º, 9º",Língua Portuguesa,"Analisar diferentes práticas (curtir, compartilhar, comentar, curar etc.) e textos pertencentes a diferentes gêneros da cultura digital (meme, gif, comentário, charge digital etc.) envolvidos no trato com a informação e opinião, de forma a possibilitar uma presença mais crítica e ética nas redes.","Analyze different digital practices (liking, sharing, commenting, curating, etc.) and texts belonging to different genres of digital culture (memes, GIFs, comments, digital political cartoons, etc.) involved in the handling of information and opinion, so as to enable a more critical and ethical presence on social networks."
EF89LP03,EF,"8º, 9º",Língua Portuguesa,"Analisar textos de opinião (artigos de opinião, editoriais, cartas de leitores, comentários, posts de blog e de redes sociais, charges, memes, gifs etc.) e posicionar-se de forma crítica e fundamentada, ética e respeitosa frente a fatos e opiniões relacionados a esses textos.","Analyze opinion texts (opinion articles, editorials, letters to the editor, comments, blog posts and social media posts, political cartoons, memes, GIFs, etc.) and take a critical, well-grounded, ethical, and respectful position regarding the facts and opinions presented in those texts."
EF89LP04,EF,"8º, 9º",Língua Portuguesa,"Identificar e avaliar teses/opiniões/posicionamentos explícitos e implícitos, argumentos e contra-argumentos em textos argumentativos do campo (carta de leitor, comentário, artigo de opinião, resenha crítica etc.), posicionando-se frente à questão controversa de forma sustentada.","Identify and evaluate explicit and implicit theses/opinions/positions, arguments, and counterarguments in argumentative texts from the journalistic field (letters to the editor, comments, opinion articles, critical reviews, etc.), taking a well-supported stance on the controversial issue at hand."
EF89LP05,EF,"8º, 9º",Língua Portuguesa,"Analisar o efeito de sentido produzido pelo uso, em textos, de recurso a formas de apropriação textual (paráfrases, citações, discurso direto, indireto ou indireto livre).","Analyze the effect of meaning produced by the use, within texts, of forms of textual appropriation such as paraphrase, quotation, direct speech, indirect speech, and free indirect speech."
EF89LP06,EF,"8º, 9º",Língua Portuguesa,"Analisar o uso de recursos persuasivos em textos argumentativos diversos (como a elaboração do título, escolhas lexicais, construções metafóricas, a explicitação ou a ocultação de fontes de informação) e seus efeitos de sentido.","Analyze the use of persuasive devices in various argumentative texts — such as title construction, lexical choices, metaphorical constructions, and the explicit citation or concealment of information sources — and their effects of meaning."
EF89LP07,EF,"8º, 9º",Língua Portuguesa,"Analisar, em notícias, reportagens e peças publicitárias em várias mídias, os efeitos de sentido devidos ao tratamento e à composição dos elementos nas imagens em movimento, à performance, à montagem feita (ritmo, duração e sincronização entre as linguagens – complementaridades, interferências etc.) e ao ritmo, melodia, instrumentos e sampleamentos das músicas e efeitos sonoros.","Analyze, in news reports, feature stories, and advertising pieces across various media, the effects of meaning arising from the treatment and composition of elements in moving images, performance, and editing (rhythm, duration, and synchronization among modes of language — complementarities, interferences, etc.), as well as the rhythm, melody, instrumentation, sampling, and sound effects of music and audio."
EF89LP08,EF,"8º, 9º",Língua Portuguesa,"Planejar reportagem impressa e em outras mídias (rádio ou TV/vídeo, sites), tendo em vista as condições de produção do texto – objetivo, leitores/espectadores, veículos e mídia de circulação etc. – a partir da escolha do fato a ser aprofundado ou do tema a ser focado (de relevância para a turma, escola ou comunidade), do levantamento de dados e informações sobre o fato ou tema – que pode envolver entrevistas com envolvidos ou com especialistas, consultas a fontes diversas, análise de documentos, cobertura de eventos etc. -, do registro dessas informações e dados, da escolha de fotos ou imagens a produzir ou a utilizar etc., da produção de infográficos, quando for o caso, e da organização hipertextual (no caso a publicação em sites ou blogs noticiosos ou mesmo de jornais impressos, por meio de boxes variados).","Plan a print or multimedia feature report (radio, TV/video, websites), taking into account the conditions of text production — purpose, readers/viewers, outlets and media of circulation, etc. — beginning with the selection of the event to be examined in depth or the topic to be focused on (of relevance to the class, school, or community), the collection of data and information about the event or topic — which may involve interviews with those involved or with specialists, consultation of diverse sources, document analysis, event coverage, etc. — the recording of that information and data, the selection or production of photographs or images, the creation of infographics when applicable, and the hypertextual organization of the piece (in the case of publication on news websites or blogs or in print newspapers, through various sidebars and boxes)."
EF89LP09,EF,"8º, 9º",Língua Portuguesa,"Produzir reportagem impressa, com título, linha fina (optativa), organização composicional (expositiva, interpretativa e/ou opinativa), progressão temática e uso de recursos linguísticos compatíveis com as escolhas feitas e reportagens multimidiáticas, tendo em vista as condições de produção, as características do gênero, os recursos e mídias disponíveis, sua organização hipertextual e o manejo adequado de recursos de captação e edição de áudio e imagem e adequação à norma-padrão.","Produce a print feature report — including a headline, deck (optional), compositional organization (expository, interpretive, and/or opinion-based), thematic progression, and linguistic resources consistent with the choices made — as well as multimedia feature reports, taking into account the conditions of production, the characteristics of the genre, the available resources and media, hypertextual organization, appropriate handling of audio and image capture and editing tools, and adherence to the standard language norm."
EF89LP10,EF,"8º, 9º",Língua Portuguesa,"Planejar artigos de opinião, tendo em vista as condições de produção do texto – objetivo, leitores/espectadores, veículos e mídia de circulação etc. –, a partir da escolha do tema ou questão a ser discutido(a), da relevância para a turma, escola ou comunidade, do levantamento de dados e informações sobre a questão, de argumentos relacionados a diferentes posicionamentos em jogo, da definição – o que pode envolver consultas a fontes diversas, entrevistas com especialistas, análise de textos, organização esquemática das informações e argumentos – dos (tipos de) argumentos e estratégias que pretende utilizar para convencer os leitores.","Plan opinion articles, taking into account the conditions of text production — purpose, readers/viewers, outlets and media of circulation, etc. — beginning with the selection of the theme or issue to be discussed, its relevance to the class, school, or community, the gathering of data and information about the issue, arguments related to different positions at stake, and the definition — which may involve consulting diverse sources, interviewing specialists, analyzing texts, and schematically organizing information and arguments — of the types of arguments and strategies intended to persuade readers."
EF89LP11,EF,"8º, 9º",Língua Portuguesa,"Produzir, revisar e editar peças e campanhas publicitárias, envolvendo o uso articulado e complementar de diferentes peças publicitárias: cartaz, banner, indoor, folheto, panfleto, anúncio de jornal/revista, para internet, spot, propaganda de rádio, TV, a partir da escolha da questão/problema/causa significativa para a escola e/ou a comunidade escolar, da definição do público-alvo, das peças que serão produzidas, das estratégias de persuasão e convencimento que serão utilizadas.","Produce, revise, and edit advertising pieces and campaigns, involving the articulated and complementary use of different advertising formats — poster, banner, indoor display, leaflet, pamphlet, newspaper/magazine ad, internet ad, radio spot, and TV commercial — based on the selection of an issue, problem, or cause significant to the school and/or school community, the definition of the target audience, the pieces to be produced, and the persuasion and conviction strategies to be employed."
EF89LP12,EF,"8º, 9º",Língua Portuguesa,"Planejar coletivamente a realização de um debate sobre tema previamente definido, de interesse coletivo, com regras acordadas e planejar, em grupo, participação em debate a partir do levantamento de informações e argumentos que possam sustentar o posicionamento a ser defendido (o que pode envolver entrevistas com especialistas, consultas a fontes diversas, o registro das informações e dados obtidos etc.), tendo em vista as condições de produção do debate – perfil dos ouvintes e demais participantes, objetivos do debate, motivações para sua realização, argumentos e estratégias de convencimento mais eficazes etc. e participar de debates regrados, na condição de membro de uma equipe de debatedor, apresentador/mediador, espectador (com ou sem direito a perguntas), e/ou de juiz/avaliador, como forma de compreender o funcionamento do debate, e poder participar de forma convincente, ética, respeitosa e crítica e desenvolver uma atitude de respeito e diálogo para com as ideias divergentes.","Collaboratively plan the conduct of a debate on a previously defined topic of collective interest, with agreed-upon rules; plan, in groups, participation in a debate by gathering information and arguments capable of supporting the position to be defended — which may involve interviews with specialists, consultation of diverse sources, and the recording of information and data obtained — taking into account the conditions of production of the debate (profile of listeners and other participants, objectives of the debate, motivations for holding it, most effective arguments and persuasion strategies, etc.); and participate in moderated debates as a member of a debating team, as a presenter/moderator, as an audience member (with or without the right to ask questions), and/or as a judge/evaluator, as a means of understanding how debates function and being able to participate convincingly, ethically, respectfully, and critically, while developing an attitude of respect for and dialogue with divergent ideas."
EF89LP13,EF,"8º, 9º",Língua Portuguesa,"Planejar entrevistas orais com pessoas ligadas ao fato noticiado, especialistas etc., como forma de obter dados e informações sobre os fatos cobertos sobre o tema ou questão discutida ou temáticas em estudo, levando em conta o gênero e seu contexto de produção, partindo do levantamento de informações sobre o entrevistado e sobre a temática e da elaboração de um roteiro de perguntas, garantindo a relevância das informações mantidas e a continuidade temática, realizar entrevista e fazer edição em áudio ou vídeo, incluindo uma contextualização inicial e uma fala de encerramento para publicação da entrevista isoladamente ou como parte integrante de reportagem multimidiática, adequando-a a seu contexto de publicação e garantindo a relevância das informações mantidas e a continuidade temática.","Plan oral interviews with individuals connected to the reported event, subject-matter experts, and others as a means of obtaining data and information about the events covered, the topic or issue being discussed, or the themes under study — taking the genre and its production context into account, beginning with background research on the interviewee and the topic and the drafting of a question script that ensures the relevance of the information gathered and thematic continuity; conduct the interview and edit the audio or video, including an opening contextualization and a closing statement, for publication of the interview as a standalone piece or as an integral part of a multimedia feature report, adapting it to its publication context and ensuring the relevance of the information retained and thematic continuity."
EF89LP14,EF,"8º, 9º",Língua Portuguesa,"Analisar, em textos argumentativos e propositivos, os movimentos argumentativos de sustentação, refutação e negociação e os tipos de argumentos, avaliando a força/tipo dos argumentos utilizados.","Analyze, in argumentative and propositional texts, the argumentative moves of substantiation, refutation, and negotiation, as well as the types of arguments used, evaluating the strength and nature of those arguments."
EF89LP15,EF,"8º, 9º",Língua Portuguesa,"Utilizar, nos debates, operadores argumentativos que marcam a defesa de ideia e de diálogo com a tese do outro: concordo, discordo, concordo parcialmente, do meu ponto de vista, na perspectiva aqui assumida etc.","Use, in debates, argumentative operators that signal the defense of a position and engagement with the opposing thesis — such as 'I agree,' 'I disagree,' 'I partially agree,' 'from my point of view,' 'from the perspective adopted here,' and similar expressions."
EF89LP16,EF,"8º, 9º",Língua Portuguesa,"Analisar a modalização realizada em textos noticiosos e argumentativos, por meio das modalidades apreciativas, viabilizadas por classes e estruturas gramaticais como adjetivos, locuções adjetivas, advérbios, locuções adverbiais, orações adjetivas e adverbiais, orações relativas restritivas e explicativas etc., de maneira a perceber a apreciação ideológica sobre os fatos noticiados ou as posições implícitas ou assumidas.","Analyze the modalization present in news and argumentative texts through evaluative modalities realized by grammatical classes and structures such as adjectives, adjectival phrases, adverbs, adverbial phrases, adjectival and adverbial clauses, restrictive and non-restrictive relative clauses, etc., in order to perceive the ideological appraisal of reported events or the implicit or explicitly assumed positions of the text."
EF01MA20,EF,1º,Matemática,"Classificar eventos envolvendo o acaso, tais como “acontecerá com certeza”, “talvez aconteça” e “é impossível acontecer”, em situações do cotidiano.","Classify events involving chance — such as ""will certainly happen,"" ""might happen,"" and ""is impossible to happen"" — in everyday situations."
EF01MA21,EF,1º,Matemática,Ler dados expressos em tabelas e em gráficos de colunas simples.,Read data displayed in tables and simple bar (column) graphs.
EF01MA22,EF,1º,Matemática,"Realizar pesquisa, envolvendo até duas variáveis categóricas de seu interesse e universo de até 30 elementos, e organizar dados por meio de representações pessoais.","Conduct a survey involving up to two categorical variables of personal interest within a universe of up to 30 elements, and organize the collected data using self-created representations."
EF02MA01,EF,2º,Matemática,Comparar e ordenar números naturais (até a ordem de centenas) pela compreensão de características do sistema de numeração decimal (valor posicional e função do zero).,"Compare and order natural numbers (up to the hundreds place) by understanding the properties of the base-ten number system, including place value and the role of zero."
EF02MA02,EF,2º,Matemática,Fazer estimativas por meio de estratégias diversas a respeito da quantidade de objetos de coleções e registrar o resultado da contagem desses objetos (até 1000 unidades).,"Make estimates of the quantity of objects in collections using a variety of strategies, and record the result of counting those objects (up to 1,000 units)."
EF02MA03,EF,2º,Matemática,"Comparar quantidades de objetos de dois conjuntos, por estimativa e/ou por correspondência (um a um, dois a dois, entre outros), para indicar “tem mais”, “tem menos” ou “tem a mesma quantidade”, indicando, quando for o caso, quantos a mais e quantos a menos.","Compare quantities of objects in two sets — by estimation and/or one-to-one, two-to-two, or other correspondence — to determine ""has more,"" ""has fewer,"" or ""has the same amount,"" specifying, when applicable, how many more or how many fewer."
EF02MA04,EF,2º,Matemática,"Compor e decompor números naturais de até três ordens, com suporte de material manipulável, por meio de diferentes adições.","Compose and decompose natural numbers of up to three digits, using manipulative materials, through different additive combinations."
EF02MA05,EF,2º,Matemática,Construir fatos básicos da adição e subtração e utilizá-los no cálculo mental ou escrito.,Build basic addition and subtraction facts and apply them in mental or written computation.
EF02MA06,EF,2º,Matemática,"Resolver e elaborar problemas de adição e de subtração, envolvendo números de até três ordens, com os significados de juntar, acrescentar, separar, retirar, utilizando estratégias pessoais ou convencionais.","Solve and compose addition and subtraction problems involving numbers of up to three digits, with the meanings of joining, adding to, separating, and taking from, using personal or conventional strategies."
EF02MA07,EF,2º,Matemática,"Resolver e elaborar problemas de multiplicação (por 2, 3, 4 e 5) com a ideia de adição de parcelas iguais por meio de estratégias e formas de registro pessoais, utilizando ou não suporte de imagens e/ou material manipulável.","Solve and compose multiplication problems (by 2, 3, 4, and 5) using the concept of repeated addition, through personal strategies and recording formats, with or without the support of images and/or manipulative materials."
EF02MA08,EF,2º,Matemática,"Resolver e elaborar problemas envolvendo dobro, metade, triplo e terça parte, com o suporte de imagens ou material manipulável, utilizando estratégias pessoais.","Solve and compose problems involving double, half, triple, and one-third, using images or manipulative materials and personal strategies."
EF02MA09,EF,2º,Matemática,"Construir sequências de números naturais em ordem crescente ou decrescente a partir de um número qualquer, utilizando uma regularidade estabelecida.","Construct sequences of natural numbers in ascending or descending order starting from any given number, using an established rule or pattern."
EF02MA10,EF,2º,Matemática,"Descrever um padrão (ou regularidade) de sequências repetitivas e de sequências recursivas, por meio de palavras, símbolos ou desenhos.","Describe the pattern or regularity in repeating sequences and recursive sequences using words, symbols, or drawings."
EF02MA11,EF,2º,Matemática,"Descrever os elementos ausentes em sequências repetitivas e em sequências recursivas de números naturais, objetos ou figuras.","Identify and describe missing elements in repeating sequences and recursive sequences of natural numbers, objects, or figures."
EF02MA12,EF,2º,Matemática,"Identificar e registrar, em linguagem verbal ou não verbal, a localização e os deslocamentos de pessoas e de objetos no espaço, considerando mais de um ponto de referência, e indicar as mudanças de direção e de sentido.","Identify and record, in verbal or non-verbal language, the location and movement of people and objects in space considering more than one reference point, and indicate changes in direction and orientation."
EF02MA13,EF,2º,Matemática,"Esboçar roteiros a ser seguidos ou plantas de ambientes familiares, assinalando entradas, saídas e alguns pontos de referência.","Sketch routes to be followed or floor plans of familiar environments, marking entrances, exits, and key reference points."
EF02MA14,EF,2º,Matemática,"Reconhecer, nomear e comparar figuras geométricas espaciais (cubo, bloco retangular, pirâmide, cone, cilindro e esfera), relacionando-as com objetos do mundo físico.","Recognize, name, and compare three-dimensional geometric figures (cube, rectangular prism, pyramid, cone, cylinder, and sphere), relating them to objects in the physical world."
EF02MA15,EF,2º,Matemática,"Reconhecer, comparar e nomear figuras planas (círculo, quadrado, retângulo e triângulo), por meio de características comuns, em desenhos apresentados em diferentes disposições ou em sólidos geométricos.","Recognize, compare, and name plane figures (circle, square, rectangle, and triangle) based on shared characteristics, as presented in drawings shown in different orientations or as faces of geometric solids."
EF02MA16,EF,2º,Matemática,"Estimar, medir e comparar comprimentos de lados de salas (incluindo contorno) e de polígonos, utilizando unidades de medida não padronizadas e padronizadas (metro, centímetro e milímetro) e instrumentos adequados.","Estimate, measure, and compare the lengths of sides of rooms (including perimeter) and polygons, using non-standard and standard units of measurement (meter, centimeter, and millimeter) and appropriate measuring tools."
EF02MA17,EF,2º,Matemática,"Estimar, medir e comparar capacidade e massa, utilizando estratégias pessoais e unidades de medida não padronizadas ou padronizadas (litro, mililitro, grama e quilograma).","Estimate, measure, and compare capacity and mass using personal strategies and non-standard or standard units of measurement (liter, milliliter, gram, and kilogram)."
EF04MA27,EF,4º,Matemática,"Analisar dados apresentados em tabelas simples ou de dupla entrada e em gráficos de colunas ou pictóricos, com base em informações das diferentes áreas do conhecimento, e produzir texto com a síntese de sua análise.","Analyze data presented in simple or double-entry tables and in bar graphs or pictographs, drawing on information from different subject areas, and produce a written text summarizing the analysis."
EF04MA28,EF,4º,Matemática,"Realizar pesquisa envolvendo variáveis categóricas e numéricas e organizar dados coletados por meio de tabelas e gráficos de colunas simples ou agrupadas, com e sem uso de tecnologias digitais.","Conduct surveys involving categorical and numerical variables, and organize collected data using simple or grouped bar graphs and tables, with and without digital technologies."
EF05MA01,EF,5º,Matemática,"Ler, escrever e ordenar números naturais até a ordem das centenas de milhar com compreensão das principais características do sistema de numeração decimal.","Read, write, and order natural numbers up to the hundred-thousands place, demonstrating understanding of the principal characteristics of the decimal number system."
EF05MA02,EF,5º,Matemática,"Ler, escrever e ordenar números racionais na forma decimal com compreensão das principais características do sistema de numeração decimal, utilizando, como recursos, a composição e decomposição e a reta numérica.","Read, write, and order rational numbers in decimal form, demonstrating understanding of the principal characteristics of the decimal number system, using composition and decomposition and the number line as resources."
EF05MA03,EF,5º,Matemática,"Identificar e representar frações (menores e maiores que a unidade), associando-as ao resultado de uma divisão ou à ideia de parte de um todo, utilizando a reta numérica como recurso.","Identify and represent fractions (less than and greater than one whole), connecting them to the result of a division or to the concept of part of a whole, using the number line as a resource."
EF05MA04,EF,5º,Matemática,Identificar frações equivalentes.,Identify equivalent fractions.
EF05MA05,EF,5º,Matemática,"Comparar e ordenar números racionais positivos (representações fracionária e decimal), relacionando-os a pontos na reta numérica.","Compare and order positive rational numbers (in fractional and decimal representations), relating them to points on the number line."
EF05MA06,EF,5º,Matemática,"Associar as representações 10%, 25%, 50%, 75% e 100% respectivamente à décima parte, quarta parte, metade, três quartos e um inteiro, para calcular porcentagens, utilizando estratégias pessoais, cálculo mental e calculadora, em contextos de educação financeira, entre outros.","Associate the representations 10%, 25%, 50%, 75%, and 100% with one-tenth, one-quarter, one-half, three-quarters, and one whole, respectively, to calculate percentages using personal strategies, mental computation, and a calculator, in contexts of financial literacy, among others."
EF05MA07,EF,5º,Matemática,"Resolver e elaborar problemas de adição e subtração com números naturais e com números racionais, cuja representação decimal seja finita, utilizando estratégias diversas, como cálculo por estimativa, cálculo mental e algoritmos.","Solve and compose problems involving addition and subtraction with natural numbers and with rational numbers whose decimal representation is terminating, using a variety of strategies such as estimation, mental computation, and algorithms."
EF05MA08,EF,5º,Matemática,"Resolver e elaborar problemas de multiplicação e divisão com números naturais e com números racionais cuja representação decimal é finita (com multiplicador natural e divisor natural e diferente de zero), utilizando estratégias diversas, como cálculo por estimativa, cálculo mental e algoritmos.","Solve and compose problems involving multiplication and division with natural numbers and with rational numbers whose decimal representation is terminating (with a natural number multiplier and a nonzero natural number divisor), using a variety of strategies such as estimation, mental computation, and algorithms."
EF05MA09,EF,5º,Matemática,"Resolver e elaborar problemas simples de contagem envolvendo o princípio multiplicativo, como a determinação do número de agrupamentos possíveis ao se combinar cada elemento de uma coleção com todos os elementos de outra coleção, por meio de diagramas de árvore ou por tabelas.","Solve and compose simple counting problems involving the Fundamental Counting Principle (multiplication principle), such as determining the number of possible groupings when combining each element of one set with every element of another set, using tree diagrams or tables."
EF05MA10,EF,5º,Matemática,"Concluir, por meio de investigações, que a relação de igualdade existente entre dois membros permanece ao adicionar, subtrair, multiplicar ou dividir cada um desses membros por um mesmo número, para construir a noção de equivalência.","Conclude, through investigations, that an equality between two expressions is preserved when the same number is added to, subtracted from, multiplied by, or divided into each expression, in order to construct the notion of equivalence."
EF05MA11,EF,5º,Matemática,Resolver e elaborar problemas cuja conversão em sentença matemática seja uma igualdade com uma operação em que um dos termos é desconhecido.,Solve and compose problems whose translation into a mathematical sentence yields an equation with one operation in which one of the terms is unknown.
EF05MA12,EF,5º,Matemática,"Resolver problemas que envolvam variação de proporcionalidade direta entre duas grandezas, para associar a quantidade de um produto ao valor a pagar, alterar as quantidades de ingredientes de receitas, ampliar ou reduzir escala em mapas, entre outros.","Solve problems involving direct proportional variation between two quantities, in contexts such as determining the total cost of a given amount of a product, adjusting ingredient quantities in recipes, and enlarging or reducing scale on maps, among others."
EF05MA13,EF,5º,Matemática,"Resolver problemas envolvendo a partilha de uma quantidade em duas partes desiguais, tais como dividir uma quantidade em duas partes, de modo que uma seja o dobro da outra, com compreensão da ideia de razão entre as partes e delas com o todo.",Solve problems involving the partition of a quantity into two unequal parts — such as dividing a quantity into two parts so that one is double the other — demonstrating understanding of the concept of ratio between the parts and between each part and the whole.
EF05MA14,EF,5º,Matemática,"Utilizar e compreender diferentes representações para a localização de objetos no plano, como mapas, células em planilhas eletrônicas e coordenadas geográficas, a fim de desenvolver as primeiras noções de coordenadas cartesianas.","Use and interpret different representations for locating objects in the plane — such as maps, cells in spreadsheets, and geographic coordinates — in order to develop initial understanding of Cartesian coordinates."
EF05MA15,EF,5º,Matemática,"Interpretar, descrever e representar a localização ou movimentação de objetos no plano cartesiano (1º quadrante), utilizando coordenadas cartesianas, indicando mudanças de direção e de sentido e giros.","Interpret, describe, and represent the location or movement of objects in the Cartesian plane (first quadrant) using Cartesian coordinates, indicating changes in direction and orientation and rotations."
EF05MA16,EF,5º,Matemática,"Associar figuras espaciais a suas planificações (prismas, pirâmides, cilindros e cones) e analisar, nomear e comparar seus atributos.","Match three-dimensional figures to their nets (prisms, pyramids, cylinders, and cones), and analyze, name, and compare their attributes."
EF05MA17,EF,5º,Matemática,"Reconhecer, nomear e comparar polígonos, considerando lados, vértices e ângulos, e desenhá-los, utilizando material de desenho ou tecnologias digitais.","Recognize, name, and compare polygons with respect to their sides, vertices, and angles, and draw them using drawing tools or digital technologies."
EF05MA18,EF,5º,Matemática,Reconhecer a congruência dos ângulos e a proporcionalidade entre os lados correspondentes de figuras poligonais em situações de ampliação e de redução em malhas quadriculadas e usando tecnologias digitais.,Recognize the congruence of angles and the proportionality of corresponding sides of polygonal figures in situations of enlargement and reduction on square-grid paper and using digital technologies.
EF06MA14,EF,6º,Matemática,"Reconhecer que a relação de igualdade matemática não se altera ao adicionar, subtrair, multiplicar ou dividir os seus dois membros por um mesmo número e utilizar essa noção para determinar valores desconhecidos na resolução de problemas.","Recognize that a mathematical equality is preserved when the same number is added to, subtracted from, multiplied by, or divided into both sides of the equation, and apply this property to determine unknown values when solving problems."
EF06MA15,EF,6º,Matemática,"Resolver e elaborar problemas que envolvam a partilha de uma quantidade em duas partes desiguais, envolvendo relações aditivas e multiplicativas, bem como a razão entre as partes e entre uma das partes e o todo.","Solve and compose problems involving the partition of a quantity into two unequal parts, encompassing additive and multiplicative relationships as well as the ratio between the parts and between each part and the whole."
EF06MA16,EF,6º,Matemática,"Associar pares ordenados de números a pontos do plano cartesiano do 1º quadrante, em situações como a localização dos vértices de um polígono.",Plot ordered pairs of numbers as points in the first quadrant of the Cartesian plane in contexts such as identifying the vertices of a polygon.
EF06MA17,EF,6º,Matemática,"Quantificar e estabelecer relações entre o número de vértices, faces e arestas de prismas e pirâmides, em função do seu polígono da base, para resolver problemas e desenvolver a percepção espacial.","Quantify and establish relationships among the number of vertices, faces, and edges of prisms and pyramids as a function of their base polygon, in order to solve problems and develop spatial reasoning."
EF06MA18,EF,6º,Matemática,"Reconhecer, nomear e comparar polígonos, considerando lados, vértices e ângulos, e classificá-los em regulares e não regulares, tanto em suas representações no plano como em faces de poliedros.","Recognize, name, and compare polygons with respect to their sides, vertices, and angles; classify them as regular or irregular; and identify these properties both in planar representations and in the faces of polyhedra."
EF06MA19,EF,6º,Matemática,Identificar características dos triângulos e classificá-los em relação às medidas dos lados e dos ângulos.,Identify the properties of triangles and classify them according to their side lengths and angle measures.
EF06MA20,EF,6º,Matemática,"Identificar características dos quadriláteros, classificá-los em relação a lados e a ângulos e reconhecer a inclusão e a intersecção de classes entre eles.","Identify the properties of quadrilaterals, classify them with respect to sides and angles, and recognize inclusion relationships and intersections among their classes."
EF06MA21,EF,6º,Matemática,"Construir figuras planas semelhantes em situações de ampliação e de redução, com o uso de malhas quadriculadas, plano cartesiano ou tecnologias digitais.","Construct similar plane figures in enlargement and reduction situations using grid paper, the Cartesian plane, or digital technologies."
EF06MA22,EF,6º,Matemática,"Utilizar instrumentos, como réguas e esquadros, ou softwares para representações de retas paralelas e perpendiculares e construção de quadriláteros, entre outros.","Use tools such as rulers and set squares, or software, to represent parallel and perpendicular lines and to construct quadrilaterals, among other figures."
EF06MA23,EF,6º,Matemática,Construir algoritmo para resolver situações passo a passo (como na construção de dobraduras ou na indicação de deslocamento de um objeto no plano segundo pontos de referência e distâncias fornecidas etc.).,"Develop an algorithm to solve step-by-step situations, such as those involved in origami construction or in specifying the movement of an object in a plane using reference points and given distances."
EF06MA24,EF,6º,Matemática,"Resolver e elaborar problemas que envolvam as grandezas comprimento, massa, tempo, temperatura, área (triângulos e retângulos), capacidade e volume (sólidos formados por blocos retangulares), sem uso de fórmulas, inseridos, sempre que possível, em contextos oriundos de situações reais e/ou relacionadas às outras áreas do conhecimento.","Solve and compose problems involving the quantities of length, mass, time, temperature, area (triangles and rectangles), capacity, and volume (solids formed by rectangular blocks) without the use of formulas, embedded wherever possible in real-world contexts and/or contexts connected to other areas of knowledge."
EF06MA25,EF,6º,Matemática,Reconhecer a abertura do ângulo como grandeza associada às figuras geométricas.,Recognize angle measure (the opening of an angle) as a quantity associated with geometric figures.
EF06MA26,EF,6º,Matemática,"Resolver problemas que envolvam a noção de ângulo em diferentes contextos e em situações reais, como ângulo de visão.","Solve problems involving the concept of angle in different contexts and real-world situations, such as field of vision (viewing angle)."
EF06MA27,EF,6º,Matemática,"Determinar medidas da abertura de ângulos, por meio de transferidor e/ou tecnologias digitais.",Determine angle measures using a protractor and/or digital technologies.
EF06MA28,EF,6º,Matemática,"Interpretar, descrever e desenhar plantas baixas simples de residências e vistas aéreas.","Interpret, describe, and draw simple floor plans of residences and aerial-view diagrams."
EF06MA29,EF,6º,Matemática,"Analisar e descrever mudanças que ocorrem no perímetro e na área de um quadrado ao se ampliarem ou reduzirem, igualmente, as medidas de seus lados, para compreender que o perímetro é proporcional à medida do lado, o que não ocorre com a área.","Analyze and describe the changes that occur in the perimeter and area of a square when its side lengths are uniformly enlarged or reduced, in order to understand that perimeter is proportional to side length whereas area is not."
EF06MA30,EF,6º,Matemática,"Calcular a probabilidade de um evento aleatório, expressando-a por número racional (forma fracionária, decimal e percentual) e comparar esse número com a probabilidade obtida por meio de experimentos sucessivos.","Calculate the probability of a random event, expressing it as a rational number (in fractional, decimal, and percent form), and compare that theoretical probability with the probability obtained through repeated experiments."
EF06MA31,EF,6º,Matemática,"Identificar as variáveis e suas frequências e os elementos constitutivos (título, eixos, legendas, fontes e datas) em diferentes tipos de gráfico.","Identify variables, their frequencies, and the constituent elements (title, axes, legends, sources, and dates) in different types of graphs."
EF06MA32,EF,6º,Matemática,"Interpretar e resolver situações que envolvam dados de pesquisas sobre contextos ambientais, sustentabilidade, trânsito, consumo responsável, entre outros, apresentadas pela mídia em tabelas e em diferentes tipos de gráficos e redigir textos escritos com o objetivo de sintetizar conclusões.","Interpret and solve problems involving survey data on topics such as environmental issues, sustainability, traffic, and responsible consumption as presented by the media in tables and various types of graphs, and compose written texts to summarize conclusions."
EF06MA33,EF,6º,Matemática,"Planejar e coletar dados de pesquisa referente a práticas sociais escolhidas pelos alunos e fazer uso de planilhas eletrônicas para registro, representação e interpretação das informações, em tabelas, vários tipos de gráficos e texto.","Plan and collect data from a survey on social practices chosen by students, and use spreadsheet software to record, represent, and interpret the information in tables, multiple types of graphs, and written text."
EF06MA34,EF,6º,Matemática,"Interpretar e desenvolver fluxogramas simples, identificando as relações entre os objetos representados (por exemplo, posição de cidades considerando as estradas que as unem, hierarquia dos funcionários de uma empresa etc.).","Interpret and develop simple flowcharts, identifying the relationships among the objects represented (e.g., the relative position of cities connected by roads, the hierarchy of employees within a company)."
EF07MA01,EF,7º,Matemática,"Resolver e elaborar problemas com números naturais, envolvendo as noções de divisor e de múltiplo, podendo incluir máximo divisor comum ou mínimo múltiplo comum, por meio de estratégias diversas, sem a aplicação de algoritmos.","Solve and construct problems involving natural numbers and the concepts of divisors and multiples, including greatest common divisor (GCD) and least common multiple (LCM) where applicable, using a variety of strategies without applying standard algorithms."
EF07MA02,EF,7º,Matemática,"Resolver e elaborar problemas que envolvam porcentagens, como os que lidam com acréscimos e decréscimos simples, utilizando estratégias pessoais, cálculo mental e calculadora, no contexto de educação financeira, entre outros.","Solve and construct problems involving percentages — including those dealing with simple increases and decreases — using personal strategies, mental computation, and calculators, in the context of financial literacy, among other contexts."
EF07MA03,EF,7º,Matemática,"Comparar e ordenar números inteiros em diferentes contextos, incluindo o histórico, associá-los a pontos da reta numérica e utilizá-los em situações que envolvam adição e subtração.","Compare and order integers in various contexts, including historical ones, associate them with points on the number line, and apply them in situations involving addition and subtraction."
EF07MA04,EF,7º,Matemática,Resolver e elaborar problemas que envolvam operações com números inteiros.,Solve and construct problems involving operations with integers.
EF07MA05,EF,7º,Matemática,Resolver um mesmo problema utilizando diferentes algoritmos.,Solve a single problem using different algorithms.
EF07MA06,EF,7º,Matemática,Reconhecer que as resoluções de um grupo de problemas que têm a mesma estrutura podem ser obtidas utilizando os mesmos procedimentos.,Recognize that solutions to a set of problems sharing the same structure can be obtained by applying the same procedures.
EF07MA07,EF,7º,Matemática,Representar por meio de um fluxograma os passos utilizados para resolver um grupo de problemas.,"Represent, using a flowchart, the steps used to solve a set of problems."
EF07MA08,EF,7º,Matemática,"Comparar e ordenar frações associadas às ideias de partes de inteiros, resultado da divisão, razão e operador.","Compare and order fractions associated with the concepts of parts of a whole, the result of division, ratio, and operator."
EF07MA09,EF,7º,Matemática,"Utilizar, na resolução de problemas, a associação entre razão e fração, como a fração 2/3 para expressar a razão de duas partes de uma grandeza para três partes da mesma ou três partes de outra grandeza.","Apply, in problem-solving situations, the association between ratio and fraction — such as using the fraction 2/3 to express the ratio of two parts of a quantity to three parts of the same quantity, or to three parts of another quantity."
EF07MA10,EF,7º,Matemática,Comparar e ordenar números racionais em diferentes contextos e associá-los a pontos da reta numérica.,Compare and order rational numbers in different contexts and associate them with points on the number line.
EF07MA11,EF,7º,Matemática,"Compreender e utilizar a multiplicação e a divisão de números racionais, a relação entre elas e suas propriedades operatórias.","Understand and apply multiplication and division of rational numbers, the relationship between these operations, and their operational properties."
EF07MA12,EF,7º,Matemática,Resolver e elaborar problemas que envolvam as operações com números racionais.,Solve and construct problems involving operations with rational numbers.
EF07MA13,EF,7º,Matemática,"Compreender a ideia de variável, representada por letra ou símbolo, para expressar relação entre duas grandezas, diferenciando-a da ideia de incógnita.","Understand the concept of a variable — represented by a letter or symbol — as a way to express the relationship between two quantities, distinguishing it from the concept of an unknown."
EF07MA14,EF,7º,Matemática,"Classificar sequências em recursivas e não recursivas, reconhecendo que o conceito de recursão está presente não apenas na matemática, mas também nas artes e na literatura.","Classify sequences as recursive or non-recursive, recognizing that the concept of recursion appears not only in mathematics but also in the arts and literature."
EF07MA15,EF,7º,Matemática,Utilizar a simbologia algébrica para expressar regularidades encontradas em sequências numéricas.,Use algebraic notation to express patterns found in numerical sequences.
EF07MA16,EF,7º,Matemática,Reconhecer se duas expressões algébricas obtidas para descrever a regularidade de uma mesma sequência numérica são ou não equivalentes.,Determine whether two algebraic expressions derived to describe the pattern of the same numerical sequence are equivalent.
EF07MA17,EF,7º,Matemática,"Resolver e elaborar problemas que envolvam variação de proporcionalidade direta e de proporcionalidade inversa entre duas grandezas, utilizando sentença algébrica para expressar a relação entre elas.","Solve and construct problems involving direct proportional variation and inverse proportional variation between two quantities, using an algebraic sentence to express the relationship between them."
EF07MA18,EF,7º,Matemática,"Resolver e elaborar problemas que possam ser representados por equações polinomiais de 1º grau, redutíveis à forma ax + b = c, fazendo uso das propriedades da igualdade.","Solve and construct problems that can be represented by first-degree polynomial equations reducible to the form ax + b = c, applying the properties of equality."
EF07MA19,EF,7º,Matemática,"Realizar transformações de polígonos representados no plano cartesiano, decorrentes da multiplicação das coordenadas de seus vértices por um número inteiro.",Perform transformations of polygons represented in the coordinate plane resulting from the multiplication of the coordinates of their vertices by an integer.
EF05MA19,EF,5º,Matemática,"Resolver e elaborar problemas envolvendo medidas das grandezas comprimento, área, massa, tempo, temperatura e capacidade, recorrendo a transformações entre as unidades mais usuais em contextos socioculturais.","Solve and compose problems involving measurements of the quantities length, area, mass, time, temperature, and capacity, applying conversions among the most common units within sociocultural contexts."
EF05MA20,EF,5º,Matemática,"Concluir, por meio de investigações, que figuras de perímetros iguais podem ter áreas diferentes e que, também, figuras que têm a mesma área podem ter perímetros diferentes.","Conclude, through investigations, that figures with equal perimeters can have different areas and that figures with the same area can have different perimeters."
EF05MA21,EF,5º,Matemática,"Reconhecer volume como grandeza associada a sólidos geométricos e medir volumes por meio de empilhamento de cubos, utilizando, preferencialmente, objetos concretos.","Recognize volume as a quantity associated with geometric solids and measure volumes by stacking unit cubes, preferably using concrete objects."
EF05MA22,EF,5º,Matemática,"Apresentar todos os possíveis resultados de um experimento aleatório, estimando se esses resultados são igualmente prováveis ou não.","List all possible outcomes of a random experiment, estimating whether those outcomes are equally likely or not."
EF05MA23,EF,5º,Matemática,"Determinar a probabilidade de ocorrência de um resultado em eventos aleatórios, quando todos os resultados possíveis têm a mesma chance de ocorrer (equiprováveis).",Determine the probability of a specific outcome in random events in which all possible outcomes are equally likely (equiprobable).
EF05MA24,EF,5º,Matemática,"Interpretar dados estatísticos apresentados em textos, tabelas e gráficos (colunas ou linhas), referentes a outras áreas do conhecimento ou a outros contextos, como saúde e trânsito, e produzir textos com o objetivo de sintetizar conclusões.","Interpret statistical data presented in texts, tables, and graphs (bar or line) related to other areas of knowledge or to contexts such as health and traffic, and produce written texts that synthesize conclusions."
EF05MA25,EF,5º,Matemática,"Realizar pesquisa envolvendo variáveis categóricas e numéricas, organizar dados coletados por meio de tabelas, gráficos de colunas, pictóricos e de linhas, com e sem uso de tecnologias digitais, e apresentar texto escrito sobre a finalidade da pesquisa e a síntese dos resultados.","Conduct surveys involving categorical and numerical variables, organize collected data using tables, bar graphs, pictographs, and line graphs—with and without digital technologies—and present a written text describing the purpose of the survey and a synthesis of the results."
EF06MA01,EF,6º,Matemática,"Comparar, ordenar, ler e escrever números naturais e números racionais cuja representação decimal é finita, fazendo uso da reta numérica.","Compare, order, read, and write natural numbers and rational numbers whose decimal representation is terminating, making use of the number line."
EF06MA02,EF,6º,Matemática,"Reconhecer o sistema de numeração decimal, como o que prevaleceu no mundo ocidental, e destacar semelhanças e diferenças com outros sistemas, de modo a sistematizar suas principais características (base, valor posicional e função do zero), utilizando, inclusive, a composição e decomposição de números naturais e números racionais em sua representação decimal.","Recognize the decimal numeration system as the one that prevailed in the Western world, and identify similarities and differences with other numeration systems, in order to systematize its principal characteristics (base, place value, and the role of zero), including through composing and decomposing natural numbers and rational numbers in their decimal representation."
EF06MA03,EF,6º,Matemática,"Resolver e elaborar problemas que envolvam cálculos (mentais ou escritos, exatos ou aproximados) com números naturais, por meio de estratégias variadas, com compreensão dos processos neles envolvidos com e sem uso de calculadora.","Solve and compose problems involving calculations (mental or written, exact or approximate) with natural numbers, using a variety of strategies and demonstrating understanding of the processes involved, with and without the use of a calculator."
EF06MA04,EF,6º,Matemática,"Construir algoritmo em linguagem natural e representá-lo por fluxograma que indique a resolução de um problema simples (por exemplo, se um número natural qualquer é par).","Construct an algorithm in natural language and represent it as a flowchart that shows the solution to a simple problem (for example, determining whether any given natural number is even or odd)."
EF06MA05,EF,6º,Matemática,"Classificar números naturais em primos e compostos, estabelecer relações entre números, expressas pelos termos “é múltiplo de”, “é divisor de”, “é fator de”, e estabelecer, por meio de investigações, critérios de divisibilidade por 2, 3, 4, 5, 6, 8, 9, 10, 100 e 1000.","Classify natural numbers as prime or composite, express relationships between numbers using the terms 'is a multiple of,' 'is a divisor of,' and 'is a factor of,' and establish, through investigations, divisibility rules for 2, 3, 4, 5, 6, 8, 9, 10, 100, and 1,000."
EF06MA06,EF,6º,Matemática,Resolver e elaborar problemas que envolvam as ideias de múltiplo e de divisor.,Solve and compose problems involving the concepts of multiples and divisors.
EF06MA07,EF,6º,Matemática,"Compreender, comparar e ordenar frações associadas às ideias de partes de inteiros e resultado de divisão, identificando frações equivalentes.","Understand, compare, and order fractions associated with the concepts of parts of a whole and the result of division, identifying equivalent fractions."
EF06MA08,EF,6º,Matemática,"Reconhecer que os números racionais positivos podem ser expressos nas formas fracionária e decimal, estabelecer relações entre essas representações, passando de uma representação para outra, e relacioná-los a pontos na reta numérica.","Recognize that positive rational numbers can be expressed in both fractional and decimal form, establish relationships between these representations by converting from one form to the other, and locate them as points on the number line."
EF06MA09,EF,6º,Matemática,"Resolver e elaborar problemas que envolvam o cálculo da fração de uma quantidade e cujo resultado seja um número natural, com e sem uso de calculadora.","Solve and compose problems involving the calculation of a fraction of a quantity whose result is a natural number, with and without the use of a calculator."
EF06MA10,EF,6º,Matemática,Resolver e elaborar problemas que envolvam adição ou subtração com números racionais positivos na representação fracionária.,Solve and compose problems involving addition and subtraction of positive rational numbers in fractional representation.
EF06MA11,EF,6º,Matemática,"Resolver e elaborar problemas com números racionais positivos na representação decimal, envolvendo as quatro operações fundamentais e a potenciação, por meio de estratégias diversas, utilizando estimativas e arredondamentos para verificar a razoabilidade de respostas, com e sem uso de calculadora.","Solve and compose problems with positive rational numbers in decimal representation involving the four fundamental operations and exponentiation, using a variety of strategies and applying estimation and rounding to verify the reasonableness of answers, with and without the use of a calculator."
EF06MA12,EF,6º,Matemática,Fazer estimativas de quantidades e aproximar números para múltiplos da potência de 10 mais próxima.,Estimate quantities and round numbers to the nearest power of 10.
EF06MA13,EF,6º,Matemática,"Resolver e elaborar problemas que envolvam porcentagens, com base na ideia de proporcionalidade, sem fazer uso da “regra de três”, utilizando estratégias pessoais, cálculo mental e calculadora, em contextos de educação financeira, entre outros.","Solve and compose problems involving percentages, based on the concept of proportionality and without applying cross-multiplication ('rule of three'), using personal strategies, mental computation, and a calculator in contexts including financial literacy."
EF08MA03,EF,8º,Matemática,Resolver e elaborar problemas de contagem cuja resolução envolva a aplicação do princípio multiplicativo.,Solve and compose counting problems whose solution involves applying the Fundamental Counting Principle (multiplication principle).
EF08MA04,EF,8º,Matemática,"Resolver e elaborar problemas, envolvendo cálculo de porcentagens, incluindo o uso de tecnologias digitais.","Solve and compose problems involving the calculation of percentages, including the use of digital technologies."
EF08MA05,EF,8º,Matemática,Reconhecer e utilizar procedimentos para a obtenção de uma fração geratriz para uma dízima periódica.,Recognize and apply procedures for finding a generative fraction (repeating decimal conversion) for a repeating decimal.
EF08MA06,EF,8º,Matemática,"Resolver e elaborar problemas que envolvam cálculo do valor numérico de expressões algébricas, utilizando as propriedades das operações.","Solve and compose problems involving the evaluation of algebraic expressions, using properties of operations."
EF08MA07,EF,8º,Matemática,Associar uma equação linear de 1º grau com duas incógnitas a uma reta no plano cartesiano.,Associate a first-degree linear equation in two unknowns with a line in the Cartesian plane.
EF08MA08,EF,8º,Matemática,"Resolver e elaborar problemas relacionados ao seu contexto próximo, que possam ser representados por sistemas de equações de 1º grau com duas incógnitas e interpretá-los, utilizando, inclusive, o plano cartesiano como recurso.","Solve and compose problems drawn from real-world contexts that can be represented by systems of first-degree equations in two unknowns, and interpret their solutions, including the use of the Cartesian plane as a tool."
EF08MA09,EF,8º,Matemática,"Resolver e elaborar, com e sem uso de tecnologias, problemas que possam ser representados por equações polinomiais de 2º grau do tipo ax2 = b.","Solve and compose problems, with and without the use of technology, that can be represented by second-degree polynomial equations of the form ax² = b."
EF08MA10,EF,8º,Matemática,Identificar a regularidade de uma sequência numérica ou figural não recursiva e construir um algoritmo por meio de um fluxograma que permita indicar os números ou as figuras seguintes.,"Identify the pattern of a non-recursive numerical or figural sequence and construct an algorithm, using a flowchart, to determine subsequent numbers or figures in the sequence."
EF08MA11,EF,8º,Matemática,Identificar a regularidade de uma sequência numérica recursiva e construir um algoritmo por meio de um fluxograma que permita indicar os números seguintes.,"Identify the pattern of a recursive numerical sequence and construct an algorithm, using a flowchart, to determine subsequent numbers in the sequence."
EF08MA12,EF,8º,Matemática,"Identificar a natureza da variação de duas grandezas, diretamente, inversamente proporcionais ou não proporcionais, expressando a relação existente por meio de sentença algébrica e representá-la no plano cartesiano.","Identify the nature of the relationship between two quantities as directly proportional, inversely proportional, or non-proportional, express the relationship as an algebraic equation, and represent it in the Cartesian plane."
EF08MA13,EF,8º,Matemática,"Resolver e elaborar problemas que envolvam grandezas diretamente ou inversamente proporcionais, por meio de estratégias variadas.","Solve and compose problems involving directly or inversely proportional quantities, using a variety of strategies."
EF08MA14,EF,8º,Matemática,Demonstrar propriedades de quadriláteros por meio da identificação da congruência de triângulos.,Prove properties of quadrilaterals by identifying triangle congruence.
EF08MA15,EF,8º,Matemática,"Construir, utilizando instrumentos de desenho ou softwares de geometria dinâmica, mediatriz, bissetriz, ângulos de 90°, 60°, 45° e 30° e polígonos regulares.","Construct, using drawing instruments or dynamic geometry software, perpendicular bisectors, angle bisectors, angles of 90°, 60°, 45°, and 30°, and regular polygons."
EF08MA16,EF,8º,Matemática,"Descrever, por escrito e por meio de um fluxograma, um algoritmo para a construção de um hexágono regular de qualquer área, a partir da medida do ângulo central e da utilização de esquadros e compasso.","Describe, in writing and by means of a flowchart, an algorithm for constructing a regular hexagon of any given area, based on the measure of the central angle and the use of set squares and a compass."
EF08MA17,EF,8º,Matemática,Aplicar os conceitos de mediatriz e bissetriz como lugares geométricos na resolução de problemas.,Apply the concepts of perpendicular bisector and angle bisector as loci in problem solving.
EF08MA18,EF,8º,Matemática,"Reconhecer e construir figuras obtidas por composições de transformações geométricas (translação, reflexão e rotação), com o uso de instrumentos de desenho ou de softwares de geometria dinâmica.","Recognize and construct figures produced by compositions of geometric transformations (translation, reflection, and rotation), using drawing instruments or dynamic geometry software."
EF08MA19,EF,8º,Matemática,"Resolver e elaborar problemas que envolvam medidas de área de figuras geométricas, utilizando expressões de cálculo de área (quadriláteros, triângulos e círculos), em situações como determinar medida de terrenos.","Solve and compose problems involving the measurement of area of geometric figures, using area formulas (quadrilaterals, triangles, and circles), in contexts such as determining land area."
EF08MA20,EF,8º,Matemática,"Reconhecer a relação entre um litro e um decímetro cúbico e a relação entre litro e metro cúbico, para resolver problemas de cálculo de capacidade de recipientes.","Recognize the relationship between one liter and one cubic decimeter, and between one liter and one cubic meter, in order to solve problems involving the capacity of containers."
EF08MA21,EF,8º,Matemática,Resolver e elaborar problemas que envolvam o cálculo do volume de recipiente cujo formato é o de um bloco retangular.,Solve and compose problems involving the calculation of the volume of a container in the shape of a rectangular prism.
EF08MA22,EF,8º,Matemática,"Calcular a probabilidade de eventos, com base na construção do espaço amostral, utilizando o princípio multiplicativo, e reconhecer que a soma das probabilidades de todos os elementos do espaço amostral é igual a 1.","Calculate the probability of events by constructing the sample space and applying the Fundamental Counting Principle, and recognize that the sum of the probabilities of all elements in the sample space equals 1."
EF07MA20,EF,7º,Matemática,"Reconhecer e representar, no plano cartesiano, o simétrico de figuras em relação aos eixos e à origem.","Identify and represent, in the Cartesian plane, the reflection of figures across the axes and across the origin."
EF07MA21,EF,7º,Matemática,"Reconhecer e construir figuras obtidas por simetrias de translação, rotação e reflexão, usando instrumentos de desenho ou softwares de geometria dinâmica e vincular esse estudo a representações planas de obras de arte, elementos arquitetônicos, entre outros.","Identify and construct figures produced by translation, rotation, and reflection symmetries using drawing instruments or dynamic geometry software, and connect this study to flat representations of works of art, architectural elements, and other contexts."
EF07MA22,EF,7º,Matemática,"Construir circunferências, utilizando compasso, reconhecê-las como lugar geométrico e utilizá-las para fazer composições artísticas e resolver problemas que envolvam objetos equidistantes.","Construct circles using a compass, recognize them as loci of points, and use them to create artistic compositions and solve problems involving equidistant objects."
EF07MA23,EF,7º,Matemática,"Verificar relações entre os ângulos formados por retas paralelas cortadas por uma transversal, com e sem uso de softwares de geometria dinâmica.","Verify the relationships among angles formed by parallel lines cut by a transversal, with and without the use of dynamic geometry software."
EF07MA24,EF,7º,Matemática,"Construir triângulos, usando régua e compasso, reconhecer a condição de existência do triângulo quanto à medida dos lados e verificar que a soma das medidas dos ângulos internos de um triângulo é 180°.","Construct triangles using a straightedge and compass, recognize the triangle inequality as the condition for a triangle's existence with respect to side lengths, and verify that the sum of the interior angles of a triangle is 180°."
EF07MA25,EF,7º,Matemática,"Reconhecer a rigidez geométrica dos triângulos e suas aplicações, como na construção de estruturas arquitetônicas (telhados, estruturas metálicas e outras) ou nas artes plásticas.","Recognize the geometric rigidity of triangles and its applications, such as in the construction of architectural structures (roofs, metal frameworks, and others) or in the visual arts."
EF07MA26,EF,7º,Matemática,"Descrever, por escrito e por meio de um fluxograma, um algoritmo para a construção de um triângulo qualquer, conhecidas as medidas dos três lados.","Describe, in writing and by means of a flowchart, an algorithm for constructing any triangle given the measurements of its three sides."
EF07MA27,EF,7º,Matemática,"Calcular medidas de ângulos internos de polígonos regulares, sem o uso de fórmulas, e estabelecer relações entre ângulos internos e externos de polígonos, preferencialmente vinculadas à construção de mosaicos e de ladrilhamentos.","Calculate interior angle measures of regular polygons without the use of formulas, and establish relationships between interior and exterior angles of polygons, preferably in connection with the construction of mosaics and tessellations."
EF07MA28,EF,7º,Matemática,"Descrever, por escrito e por meio de um fluxograma, um algoritmo para a construção de um polígono regular (como quadrado e triângulo equilátero), conhecida a medida de seu lado.","Describe, in writing and by means of a flowchart, an algorithm for constructing a regular polygon (such as a square or equilateral triangle) given the measurement of its side."
EF07MA29,EF,7º,Matemática,"Resolver e elaborar problemas que envolvam medidas de grandezas inseridos em contextos oriundos de situações cotidianas ou de outras áreas do conhecimento, reconhecendo que toda medida empírica é aproximada.","Solve and compose problems involving measurement of quantities embedded in contexts drawn from everyday situations or other areas of knowledge, recognizing that every empirical measurement is an approximation."
EF07MA30,EF,7º,Matemática,"Resolver e elaborar problemas de cálculo de medida do volume de blocos retangulares, envolvendo as unidades usuais (metro cúbico, decímetro cúbico e centímetro cúbico).","Solve and compose problems involving the calculation of the volume of rectangular prisms using standard units (cubic meter, cubic decimeter, and cubic centimeter)."
EF07MA31,EF,7º,Matemática,Estabelecer expressões de cálculo de área de triângulos e de quadriláteros.,Derive area formulas for triangles and quadrilaterals.
EF07MA32,EF,7º,Matemática,"Resolver e elaborar problemas de cálculo de medida de área de figuras planas que podem ser decompostas por quadrados, retângulos e/ou triângulos, utilizando a equivalência entre áreas.","Solve and compose problems involving the calculation of the area of plane figures that can be decomposed into squares, rectangles, and/or triangles, applying the principle of area equivalence."
EF07MA33,EF,7º,Matemática,"Estabelecer o número π como a razão entre a medida de uma circunferência e seu diâmetro, para compreender e resolver problemas, inclusive os de natureza histórica.","Establish the number π as the ratio of a circle's circumference to its diameter in order to understand and solve problems, including those of a historical nature."
EF07MA34,EF,7º,Matemática,Planejar e realizar experimentos aleatórios ou simulações que envolvem cálculo de probabilidades ou estimativas por meio de frequência de ocorrências.,Plan and carry out random experiments or simulations involving the calculation of probabilities or estimation through relative frequencies of outcomes.
EF07MA35,EF,7º,Matemática,"Compreender, em contextos significativos, o significado de média estatística como indicador da tendência de uma pesquisa, calcular seu valor e relacioná-lo, intuitivamente, com a amplitude do conjunto de dados.","Understand, in meaningful contexts, the meaning of the statistical mean as an indicator of the central tendency of a data set, calculate its value, and relate it intuitively to the range of the data set."
EF07MA36,EF,7º,Matemática,"Planejar e realizar pesquisa envolvendo tema da realidade social, identificando a necessidade de ser censitária ou de usar amostra, e interpretar os dados para comunicá-los por meio de relatório escrito, tabelas e gráficos, com o apoio de planilhas eletrônicas.","Plan and conduct a survey on a topic from social reality, identifying whether a census or a sample is needed, and interpret the data to communicate findings through a written report, tables, and graphs, with the support of spreadsheet software."
EF07MA37,EF,7º,Matemática,Interpretar e analisar dados apresentados em gráfico de setores divulgados pela mídia e compreender quando é possível ou conveniente sua utilização.,"Interpret and analyze data presented in pie charts published in the media, and determine when their use is appropriate or convenient."
EF08MA01,EF,8º,Matemática,Efetuar cálculos com potências de expoentes inteiros e aplicar esse conhecimento na representação de números em notação científica.,Perform calculations with powers of integer exponents and apply this knowledge to representing numbers in scientific notation.
EF08MA02,EF,8º,Matemática,"Resolver e elaborar problemas usando a relação entre potenciação e radiciação, para representar uma raiz como potência de expoente fracionário.",Solve and compose problems using the relationship between exponentiation and root extraction to represent a radical as a power with a fractional exponent.
EF08MA23,EF,8º,Matemática,Avaliar a adequação de diferentes tipos de gráficos para representar um conjunto de dados de uma pesquisa.,Evaluate the appropriateness of different types of graphs for representing a data set from a statistical survey.
EF08MA24,EF,8º,Matemática,"Classificar as frequências de uma variável contínua de uma pesquisa em classes, de modo que resumam os dados de maneira adequada para a tomada de decisões.",Classify the frequencies of a continuous variable from a statistical survey into class intervals in a way that adequately summarizes the data to support decision-making.
EF08MA25,EF,8º,Matemática,"Obter os valores de medidas de tendência central de uma pesquisa estatística (média, moda e mediana) com a compreensão de seus significados e relacioná-los com a dispersão de dados, indicada pela amplitude.","Calculate measures of central tendency (mean, mode, and median) from a statistical survey, demonstrate understanding of their meanings, and relate them to data dispersion as indicated by range."
EF08MA26,EF,8º,Matemática,"Selecionar razões, de diferentes naturezas (física, ética ou econômica), que justificam a realização de pesquisas amostrais e não censitárias, e reconhecer que a seleção da amostra pode ser feita de diferentes maneiras (amostra casual simples, sistemática e estratificada).","Select reasons of different natures — physical, ethical, or economic — that justify conducting sample-based rather than census-based surveys, and recognize that sample selection can be carried out in different ways (simple random sampling, systematic sampling, and stratified sampling)."
EF08MA27,EF,8º,Matemática,"Planejar e executar pesquisa amostral, selecionando uma técnica de amostragem adequada, e escrever relatório que contenha os gráficos apropriados para representar os conjuntos de dados, destacando aspectos como as medidas de tendência central, a amplitude e as conclusões.","Plan and conduct a sample survey by selecting an appropriate sampling technique, and write a report containing suitable graphs to represent the data sets, highlighting aspects such as measures of central tendency, range, and conclusions."
EF09MA01,EF,9º,Matemática,"Reconhecer que, uma vez fixada uma unidade de comprimento, existem segmentos de reta cujo comprimento não é expresso por número racional (como as medidas de diagonais de um polígono e alturas de um triângulo, quando se toma a medida de cada lado como unidade).","Recognize that, once a unit of length is fixed, there exist line segments whose length cannot be expressed as a rational number (such as the lengths of diagonals of a polygon and the altitudes of a triangle, when the length of each side is taken as the unit)."
EF09MA02,EF,9º,Matemática,"Reconhecer um número irracional como um número real cuja representação decimal é infinita e não periódica, e estimar a localização de alguns deles na reta numérica.","Recognize an irrational number as a real number whose decimal representation is infinite and non-repeating, and estimate the location of selected irrational numbers on the number line."
EF09MA03,EF,9º,Matemática,"Efetuar cálculos com números reais, inclusive potências com expoentes fracionários.","Perform calculations with real numbers, including powers with fractional exponents."
EF09MA04,EF,9º,Matemática,"Resolver e elaborar problemas com números reais, inclusive em notação científica, envolvendo diferentes operações.","Solve and compose problems involving real numbers, including numbers in scientific notation, using a variety of operations."
EF09MA05,EF,9º,Matemática,"Resolver e elaborar problemas que envolvam porcentagens, com a ideia de aplicação de percentuais sucessivos e a determinação das taxas percentuais, preferencialmente com o uso de tecnologias digitais, no contexto da educação financeira.","Solve and compose problems involving percentages — including the concept of successive percent changes and the determination of percentage rates — preferably using digital technologies, in the context of financial literacy."
EF09MA06,EF,9º,Matemática,"Compreender as funções como relações de dependência unívoca entre duas variáveis e suas representações numérica, algébrica e gráfica e utilizar esse conceito para analisar situações que envolvam relações funcionais entre duas variáveis.","Understand functions as one-to-one dependency relations between two variables and their numerical, algebraic, and graphical representations, and apply this concept to analyze situations involving functional relationships between two variables."
EF09MA07,EF,9º,Matemática,"Resolver problemas que envolvam a razão entre duas grandezas de espécies diferentes, como velocidade e densidade demográfica.","Solve problems involving the ratio between two quantities of different types, such as speed and population density."
EF09MA08,EF,9º,Matemática,"Resolver e elaborar problemas que envolvam relações de proporcionalidade direta e inversa entre duas ou mais grandezas, inclusive escalas, divisão em partes proporcionais e taxa de variação, em contextos socioculturais, ambientais e de outras áreas.","Solve and compose problems involving direct and inverse proportionality relationships between two or more quantities — including scales, division into proportional parts, and rates of change — in sociocultural, environmental, and cross-disciplinary contexts."
EF09MA09,EF,9º,Matemática,"Compreender os processos de fatoração de expressões algébricas, com base em suas relações com os produtos notáveis, para resolver e elaborar problemas que possam ser representados por equações polinomiais do 2º grau.","Understand the processes of factoring algebraic expressions based on their relationships with special products (notable products), in order to solve and compose problems that can be represented by second-degree polynomial equations."
EF09MA10,EF,9º,Matemática,Demonstrar relações simples entre os ângulos formados por retas paralelas cortadas por uma transversal.,Prove simple relationships among the angles formed by parallel lines cut by a transversal.
EF09MA11,EF,9º,Matemática,"Resolver problemas por meio do estabelecimento de relações entre arcos, ângulos centrais e ângulos inscritos na circunferência, fazendo uso, inclusive, de softwares de geometria dinâmica.","Solve problems by establishing relationships among arcs, central angles, and inscribed angles in a circle, including through the use of dynamic geometry software."
EF09MA12,EF,9º,Matemática,Reconhecer as condições necessárias e suficientes para que dois triângulos sejam semelhantes.,Identify the necessary and sufficient conditions for two triangles to be similar.
EF09MA13,EF,9º,Matemática,"Demonstrar relações métricas do triângulo retângulo, entre elas o teorema de Pitágoras, utilizando, inclusive, a semelhança de triângulos.","Prove metric relationships in right triangles, including the Pythagorean theorem, using triangle similarity among other approaches."
EF09MA14,EF,9º,Matemática,Resolver e elaborar problemas de aplicação do teorema de Pitágoras ou das relações de proporcionalidade envolvendo retas paralelas cortadas por secantes.,Solve and compose application problems involving the Pythagorean theorem or proportionality relationships arising from parallel lines cut by transversals.
EF09MA15,EF,9º,Matemática,"Descrever, por escrito e por meio de um fluxograma, um algoritmo para a construção de um polígono regular cuja medida do lado é conhecida, utilizando régua e compasso, como também softwares.","Describe, in writing and by means of a flowchart, an algorithm for constructing a regular polygon with a known side length, using compass and straightedge as well as software."
EF09MA16,EF,9º,Matemática,"Determinar o ponto médio de um segmento de reta e a distância entre dois pontos quaisquer, dadas as coordenadas desses pontos no plano cartesiano, sem o uso de fórmulas, e utilizar esse conhecimento para calcular, por exemplo, medidas de perímetros e áreas de figuras planas construídas no plano.","Determine the midpoint of a line segment and the distance between any two points, given their coordinates in the Cartesian plane, without the use of formulas, and apply this knowledge to calculate, for example, perimeter and area measures of plane figures constructed in the coordinate plane."
EF09MA17,EF,9º,Matemática,Reconhecer vistas ortogonais de figuras espaciais e aplicar esse conhecimento para desenhar objetos em perspectiva.,Recognize orthographic views of three-dimensional figures and apply this knowledge to draw objects in perspective.
EF09MA18,EF,9º,Matemática,"Reconhecer e empregar unidades usadas para expressar medidas muito grandes ou muito pequenas, tais como distância entre planetas e sistemas solares, tamanho de vírus ou de células, capacidade de armazenamento de computadores, entre outros.","Recognize and use units employed to express very large or very small measurements — such as distances between planets and solar systems, the size of viruses or cells, and computer storage capacity, among others."
EF09MA19,EF,9º,Matemática,"Resolver e elaborar problemas que envolvam medidas de volumes de prismas e de cilindros retos, inclusive com uso de expressões de cálculo, em situações cotidianas.","Solve and compose problems involving the measurement of volumes of right prisms and right cylinders, including the use of calculation formulas, in everyday situations."
EF09MA20,EF,9º,Matemática,"Reconhecer, em experimentos aleatórios, eventos independentes e dependentes e calcular a probabilidade de sua ocorrência, nos dois casos.",Identify independent and dependent events in random experiments and calculate the probability of their occurrence in both cases.
EF09MA21,EF,9º,Matemática,"Analisar e identificar, em gráficos divulgados pela mídia, os elementos que podem induzir, às vezes propositadamente, erros de leitura, como escalas inapropriadas, legendas não explicitadas corretamente, omissão de informações importantes (fontes e datas), entre outros.","Analyze and identify, in graphs published by the media, elements that can lead — sometimes deliberately — to misreading, such as inappropriate scales, incorrectly labeled legends, omission of important information (sources and dates), and other such features."
EF09MA22,EF,9º,Matemática,"Escolher e construir o gráfico mais adequado (colunas, setores, linhas), com ou sem uso de planilhas eletrônicas, para apresentar um determinado conjunto de dados, destacando aspectos como as medidas de tendência central.","Select and construct the most appropriate graph type (bar, pie, or line chart), with or without the use of spreadsheet software, to display a given data set, highlighting aspects such as measures of central tendency."
EF09MA23,EF,9º,Matemática,"Planejar e executar pesquisa amostral envolvendo tema da realidade social e comunicar os resultados por meio de relatório contendo avaliação de medidas de tendência central e da amplitude, tabelas e gráficos adequados, construídos com o apoio de planilhas eletrônicas.","Plan and carry out a sample survey on a topic relevant to social reality, and communicate the results through a report that includes an evaluation of measures of central tendency and range, along with appropriate tables and graphs constructed with the support of spreadsheet software."
EI01CG01,EI,Bebês (zero a 1 ano e 6 meses),"Corpo, Gestos e Movimentos","Movimentar as partes do corpo para exprimir corporalmente emoções, necessidades e desejos.","Move parts of the body to express emotions, needs, and desires through bodily movement."
EI01CG02,EI,Bebês (zero a 1 ano e 6 meses),"Corpo, Gestos e Movimentos",Experimentar as possibilidades corporais nas brincadeiras e interações em ambientes acolhedores e desafiantes.,Explore bodily possibilities through play and interactions in nurturing and challenging environments.
EI01CG03,EI,Bebês (zero a 1 ano e 6 meses),"Corpo, Gestos e Movimentos","Imitar gestos e movimentos de outras crianças, adultos e animais.","Imitate the gestures and movements of other children, adults, and animals."
EI01CG04,EI,Bebês (zero a 1 ano e 6 meses),"Corpo, Gestos e Movimentos",Participar do cuidado do seu corpo e da promoção do seu bem-estar.,Participate in the care of their own body and the promotion of their own well-being.
EI01CG05,EI,Bebês (zero a 1 ano e 6 meses),"Corpo, Gestos e Movimentos","Utilizar os movimentos de preensão, encaixe e lançamento, ampliando suas possibilidades de manuseio de diferentes materiais e objetos.","Use grasping, fitting, and throwing movements, expanding their capacity to handle a variety of materials and objects."
EI02CG01,EI,Crianças bem pequenas (1 ano e 7 meses a 3 anos e 11 meses),"Corpo, Gestos e Movimentos",Apropriar-se de gestos e movimentos de sua cultura no cuidado de si e nos jogos e brincadeiras.,Internalize the gestures and movements of their own culture in self-care routines and in games and play activities.
EI02CG02,EI,Crianças bem pequenas (1 ano e 7 meses a 3 anos e 11 meses),"Corpo, Gestos e Movimentos","Deslocar seu corpo no espaço, orientando-se por noções como em frente, atrás, no alto, embaixo, dentro, fora etc., ao se envolver em brincadeiras e atividades de diferentes naturezas.","Move through space using spatial orientation concepts such as in front, behind, above, below, inside, and outside while engaging in play and activities of various kinds."
EI02CG03,EI,Crianças bem pequenas (1 ano e 7 meses a 3 anos e 11 meses),"Corpo, Gestos e Movimentos","Explorar formas de deslocamento no espaço (pular, saltar, dançar), combinando movimentos e seguindo orientações.","Explore different ways of moving through space (jumping, leaping, dancing), combining movements and following directions."
EI02CG04,EI,Crianças bem pequenas (1 ano e 7 meses a 3 anos e 11 meses),"Corpo, Gestos e Movimentos",Demonstrar progressiva independência no cuidado do seu corpo.,Demonstrate progressive independence in caring for their own body.
EI02CG05,EI,Crianças bem pequenas (1 ano e 7 meses a 3 anos e 11 meses),"Corpo, Gestos e Movimentos","Desenvolver progressivamente as habilidades manuais, adquirindo controle para desenhar, pintar, rasgar, folhear, entre outros.","Progressively develop fine motor skills, gaining control for drawing, painting, tearing, turning pages, and similar activities."
EI03CG01,EI,Crianças pequenas (4 anos a 5 anos e 11 meses),"Corpo, Gestos e Movimentos","Criar com o corpo formas diversificadas de expressão de sentimentos, sensações e emoções, tanto nas situações do cotidiano quanto em brincadeiras, dança, teatro, música.","Create diverse forms of bodily expression of feelings, sensations, and emotions — both in everyday situations and through play, dance, theater, and music."
EI03CG02,EI,Crianças pequenas (4 anos a 5 anos e 11 meses),"Corpo, Gestos e Movimentos","Demonstrar controle e adequação do uso de seu corpo em brincadeiras e jogos, escuta e reconto de histórias, atividades artísticas, entre outras possibilidades.","Demonstrate control and appropriate use of the body during play and games, listening to and retelling stories, artistic activities, and other contexts."
EI02EF09,EI,Crianças bem pequenas (1 ano e 7 meses a 3 anos e 11 meses),"Escuta, Fala, Pensamento e Imaginação","Manusear diferentes instrumentos e suportes de escrita para desenhar, traçar letras e outros sinais gráficos.","Handle different writing instruments and surfaces to draw, trace letters, and produce other graphic marks."
EI03EF01,EI,Crianças pequenas (4 anos a 5 anos e 11 meses),"Escuta, Fala, Pensamento e Imaginação","Expressar ideias, desejos e sentimentos sobre suas vivências, por meio da linguagem oral e escrita (escrita espontânea), de fotos, desenhos e outras formas de expressão.","Express ideas, desires, and feelings about personal experiences through oral and written language (emergent writing), photos, drawings, and other forms of expression."
EI03EF02,EI,Crianças pequenas (4 anos a 5 anos e 11 meses),"Escuta, Fala, Pensamento e Imaginação","Inventar brincadeiras cantadas, poemas e canções, criando rimas, aliterações e ritmos.","Invent singing games, poems, and songs, creating rhymes, alliterations, and rhythmic patterns."
EI03EF03,EI,Crianças pequenas (4 anos a 5 anos e 11 meses),"Escuta, Fala, Pensamento e Imaginação","Escolher e folhear livros, procurando orientar-se por temas e ilustrações e tentando identificar palavras conhecidas.","Select and browse through books, attempting to navigate by themes and illustrations and trying to identify familiar words."
EI03EF04,EI,Crianças pequenas (4 anos a 5 anos e 11 meses),"Escuta, Fala, Pensamento e Imaginação","Recontar histórias ouvidas e planejar coletivamente roteiros de vídeos e de encenações, definindo os contextos, os personagens, a estrutura da história.","Retell heard stories and collaboratively plan scripts for videos and dramatic performances, defining settings, characters, and story structure."
EI03EF05,EI,Crianças pequenas (4 anos a 5 anos e 11 meses),"Escuta, Fala, Pensamento e Imaginação","Recontar histórias ouvidas para produção de reconto escrito, tendo o professor como escriba.","Retell heard stories to produce a written retelling, with the teacher serving as scribe."
EI03EF06,EI,Crianças pequenas (4 anos a 5 anos e 11 meses),"Escuta, Fala, Pensamento e Imaginação","Produzir suas próprias histórias orais e escritas (escrita espontânea), em situações com função social significativa.",Produce original oral and written stories (emergent writing) in situations with meaningful social purposes.
EI03EF07,EI,Crianças pequenas (4 anos a 5 anos e 11 meses),"Escuta, Fala, Pensamento e Imaginação","Levantar hipóteses sobre gêneros textuais veiculados em portadores conhecidos, recorrendo a estratégias de observação gráfica e/ou de leitura.","Generate hypotheses about text genres presented in familiar text carriers, drawing on graphic observation strategies and/or reading strategies."
EI03EF08,EI,Crianças pequenas (4 anos a 5 anos e 11 meses),"Escuta, Fala, Pensamento e Imaginação","Selecionar livros e textos de gêneros conhecidos para a leitura de um adulto e/ou para sua própria leitura (partindo de seu repertório sobre esses textos, como a recuperação pela memória, pela leitura das ilustrações etc.).","Select books and texts from familiar genres for reading by an adult and/or for independent reading, drawing on prior knowledge of those texts through memory recall, illustration reading, and similar strategies."
EI03EF09,EI,Crianças pequenas (4 anos a 5 anos e 11 meses),"Escuta, Fala, Pensamento e Imaginação","Levantar hipóteses em relação à linguagem escrita, realizando registros de palavras e textos, por meio de escrita espontânea.",Generate hypotheses about written language by recording words and texts through emergent writing.
EI01EO01,EI,Bebês (zero a 1 ano e 6 meses),"O eu, o outro e o nós",Perceber que suas ações têm efeitos nas outras crianças e nos adultos.,Recognize that their own actions have effects on other children and on adults.
EI01EO02,EI,Bebês (zero a 1 ano e 6 meses),"O eu, o outro e o nós",Perceber as possibilidades e os limites de seu corpo nas brincadeiras e interações das quais participa.,Recognize the possibilities and limits of their own body during play and interactions.
EI01EO03,EI,Bebês (zero a 1 ano e 6 meses),"O eu, o outro e o nós","Interagir com crianças da mesma faixa etária e adultos ao explorar espaços, materiais, objetos, brinquedos.","Interact with same-age peers and adults while exploring spaces, materials, objects, and toys."
EI01EO04,EI,Bebês (zero a 1 ano e 6 meses),"O eu, o outro e o nós","Comunicar necessidades, desejos e emoções, utilizando gestos, balbucios, palavras.","Communicate needs, desires, and emotions using gestures, babbling, and words."
EI01EO05,EI,Bebês (zero a 1 ano e 6 meses),"O eu, o outro e o nós","Reconhecer seu corpo e expressar suas sensações em momentos de alimentação, higiene, brincadeira e descanso.","Recognize their own body and express physical sensations during feeding, hygiene, play, and rest routines."
EI01EO06,EI,Bebês (zero a 1 ano e 6 meses),"O eu, o outro e o nós","Interagir com outras crianças da mesma faixa etária e adultos, adaptando-se ao convívio social.","Interact with same-age peers and adults, adapting to social group life."
EI02EO01,EI,Crianças bem pequenas (1 ano e 7 meses a 3 anos e 11 meses),"O eu, o outro e o nós",Demonstrar atitudes de cuidado e solidariedade na interação com crianças e adultos.,Demonstrate attitudes of care and solidarity when interacting with other children and adults.
EI02EO02,EI,Crianças bem pequenas (1 ano e 7 meses a 3 anos e 11 meses),"O eu, o outro e o nós",Demonstrar imagem positiva de si e confiança em sua capacidade para enfrentar dificuldades e desafios.,Demonstrate a positive self-image and confidence in their own ability to face difficulties and challenges.
EI02EO03,EI,Crianças bem pequenas (1 ano e 7 meses a 3 anos e 11 meses),"O eu, o outro e o nós",Compartilhar os objetos e os espaços com crianças da mesma faixa etária e adultos.,Share objects and spaces with same-age peers and adults.
EI02EO04,EI,Crianças bem pequenas (1 ano e 7 meses a 3 anos e 11 meses),"O eu, o outro e o nós","Comunicar-se com os colegas e os adultos, buscando compreendê-los e fazendo-se compreender.","Communicate with peers and adults, seeking to understand them and to make themselves understood."
EI02EO05,EI,Crianças bem pequenas (1 ano e 7 meses a 3 anos e 11 meses),"O eu, o outro e o nós","Perceber que as pessoas têm características físicas diferentes, respeitando essas diferenças.",Recognize that people have different physical characteristics and demonstrate respect for those differences.
EI02EO06,EI,Crianças bem pequenas (1 ano e 7 meses a 3 anos e 11 meses),"O eu, o outro e o nós",Respeitar regras básicas de convívio social nas interações e brincadeiras.,Respect basic rules of social interaction during play and group activities.
EI02EO07,EI,Crianças bem pequenas (1 ano e 7 meses a 3 anos e 11 meses),"O eu, o outro e o nós","Resolver conflitos nas interações e brincadeiras, com a orientação de um adulto.",Resolve conflicts that arise during interactions and play with the guidance of an adult.
EI03EO01,EI,Crianças pequenas (4 anos a 5 anos e 11 meses),"O eu, o outro e o nós","Demonstrar empatia pelos outros, percebendo que as pessoas têm diferentes sentimentos, necessidades e maneiras de pensar e agir.","Demonstrate empathy toward others by recognizing that people have different feelings, needs, and ways of thinking and acting."
EI03EO02,EI,Crianças pequenas (4 anos a 5 anos e 11 meses),"O eu, o outro e o nós","Agir de maneira independente, com confiança em suas capacidades, reconhecendo suas conquistas e limitações.","Act independently and with confidence in one's own abilities, acknowledging personal accomplishments as well as limitations."
EI03EO03,EI,Crianças pequenas (4 anos a 5 anos e 11 meses),"O eu, o outro e o nós","Ampliar as relações interpessoais, desenvolvendo atitudes de participação e cooperação.",Expand interpersonal relationships by developing attitudes of participation and cooperation.
EI03EO04,EI,Crianças pequenas (4 anos a 5 anos e 11 meses),"O eu, o outro e o nós",Comunicar suas ideias e sentimentos a pessoas e grupos diversos.,Communicate one's ideas and feelings to a variety of individuals and groups.
EI03EO05,EI,Crianças pequenas (4 anos a 5 anos e 11 meses),"O eu, o outro e o nós",Demonstrar valorização das características de seu corpo e respeitar as características dos outros (crianças e adultos) com os quais convive.,Demonstrate appreciation for the characteristics of one's own body and respect the physical characteristics of the other children and adults in one's daily environment.
EI03EO06,EI,Crianças pequenas (4 anos a 5 anos e 11 meses),"O eu, o outro e o nós",Manifestar interesse e respeito por diferentes culturas e modos de vida.,Express interest in and respect for different cultures and ways of life.
EI03EO07,EI,Crianças pequenas (4 anos a 5 anos e 11 meses),"O eu, o outro e o nós",Usar estratégias pautadas no respeito mútuo para lidar com conflitos nas interações com crianças e adultos.,Apply strategies grounded in mutual respect to navigate conflicts that arise in interactions with other children and adults.
EI01ET01,EI,Bebês (zero a 1 ano e 6 meses),"Espaços, Tempos, Quantidades, Relações e Transformações","Explorar e descobrir as propriedades de objetos e materiais (odor, cor, sabor, temperatura).","Explore and discover the properties of objects and materials, including odor, color, taste, and temperature."
EI01ET02,EI,Bebês (zero a 1 ano e 6 meses),"Espaços, Tempos, Quantidades, Relações e Transformações","Explorar relações de causa e efeito (transbordar, tingir, misturar, mover e remover etc.) na interação com o mundo físico.","Explore cause-and-effect relationships (overflowing, dyeing, mixing, moving, removing, etc.) through interaction with the physical world."
EI01ET03,EI,Bebês (zero a 1 ano e 6 meses),"Espaços, Tempos, Quantidades, Relações e Transformações","Explorar o ambiente pela ação e observação, manipulando, experimentando e fazendo descobertas.","Investigate the environment through action and observation by handling objects, conducting trials, and making discoveries."
EI01ET04,EI,Bebês (zero a 1 ano e 6 meses),"Espaços, Tempos, Quantidades, Relações e Transformações","Manipular, experimentar, arrumar e explorar o espaço por meio de experiências de deslocamentos de si e dos objetos.","Handle, experiment with, arrange, and explore space through experiences involving the movement of one's own body and of objects."
EI01ET05,EI,Bebês (zero a 1 ano e 6 meses),"Espaços, Tempos, Quantidades, Relações e Transformações",Manipular materiais diversos e variados para comparar as diferenças e semelhanças entre eles.,Manipulate a wide variety of materials to compare their similarities and differences.
EI01ET06,EI,Bebês (zero a 1 ano e 6 meses),"Espaços, Tempos, Quantidades, Relações e Transformações","Vivenciar diferentes ritmos, velocidades e fluxos nas interações e brincadeiras (em danças, balanços, escorregadores etc.).","Experience different rhythms, speeds, and flows during interactions and play, such as in dancing, swinging, and sliding."
EI02ET01,EI,Crianças bem pequenas (1 ano e 7 meses a 3 anos e 11 meses),"Espaços, Tempos, Quantidades, Relações e Transformações","Explorar e descrever semelhanças e diferenças entre as características e propriedades dos objetos (textura, massa, tamanho).","Explore and describe similarities and differences among the characteristics and properties of objects, including texture, mass, and size."
EI02ET02,EI,Crianças bem pequenas (1 ano e 7 meses a 3 anos e 11 meses),"Espaços, Tempos, Quantidades, Relações e Transformações","Observar, relatar e descrever incidentes do cotidiano e fenômenos naturais (luz solar, vento, chuva etc.).","Observe, report, and describe everyday occurrences and natural phenomena such as sunlight, wind, and rain."
EI02ET03,EI,Crianças bem pequenas (1 ano e 7 meses a 3 anos e 11 meses),"Espaços, Tempos, Quantidades, Relações e Transformações","Compartilhar, com outras crianças, situações de cuidado de plantas e animais nos espaços da instituição e fora dela.",Share with other children in the care of plants and animals within the early childhood setting and in outside environments.
EI02ET04,EI,Crianças bem pequenas (1 ano e 7 meses a 3 anos e 11 meses),"Espaços, Tempos, Quantidades, Relações e Transformações","Identificar relações espaciais (dentro e fora, em cima, embaixo, acima, abaixo, entre e do lado) e temporais (antes, durante e depois).","Identify spatial relationships (inside and outside, on top of, underneath, above, below, between, and beside) and temporal relationships (before, during, and after)."
EI03CG03,EI,Crianças pequenas (4 anos a 5 anos e 11 meses),"Corpo, Gestos e Movimentos","Criar movimentos, gestos, olhares e mímicas em brincadeiras, jogos e atividades artísticas como dança, teatro e música.","Create movements, gestures, gazes, and mime expressions in play, games, and artistic activities such as dance, theater, and music."
EI03CG04,EI,Crianças pequenas (4 anos a 5 anos e 11 meses),"Corpo, Gestos e Movimentos","Adotar hábitos de autocuidado relacionados a higiene, alimentação, conforto e aparência.","Adopt self-care habits related to hygiene, nutrition, comfort, and personal appearance."
EI03CG05,EI,Crianças pequenas (4 anos a 5 anos e 11 meses),"Corpo, Gestos e Movimentos",Coordenar suas habilidades manuais no atendimento adequado a seus interesses e necessidades em situações diversas.,Coordinate fine motor skills to adequately meet one's own interests and needs across a variety of situations.
EI01EF01,EI,Bebês (zero a 1 ano e 6 meses),"Escuta, Fala, Pensamento e Imaginação",Reconhecer quando é chamado por seu nome e reconhecer os nomes de pessoas com quem convive.,Recognize when called by one's own name and recognize the names of familiar people in one's daily environment.
EI01EF02,EI,Bebês (zero a 1 ano e 6 meses),"Escuta, Fala, Pensamento e Imaginação",Demonstrar interesse ao ouvir a leitura de poemas e a apresentação de músicas.,Demonstrate interest while listening to the reading of poems and the presentation of songs.
EI01EF03,EI,Bebês (zero a 1 ano e 6 meses),"Escuta, Fala, Pensamento e Imaginação","Demonstrar interesse ao ouvir histórias lidas ou contadas, observando ilustrações e os movimentos de leitura do adulto-leitor (modo de segurar o portador e de virar as páginas).","Demonstrate interest while listening to stories that are read aloud or told orally, attending to illustrations and to the adult reader's reading behaviors (such as how to hold the book and how to turn pages)."
EI01EF04,EI,Bebês (zero a 1 ano e 6 meses),"Escuta, Fala, Pensamento e Imaginação","Reconhecer elementos das ilustrações de histórias, apontando-os, a pedido do adulto-leitor.",Recognize elements in story illustrations by pointing to them when prompted by the adult reader.
EI01EF05,EI,Bebês (zero a 1 ano e 6 meses),"Escuta, Fala, Pensamento e Imaginação","Imitar as variações de entonação e gestos realizados pelos adultos, ao ler histórias e ao cantar.",Imitate variations in intonation and gestures used by adults when reading stories aloud and when singing.
EI01EF06,EI,Bebês (zero a 1 ano e 6 meses),"Escuta, Fala, Pensamento e Imaginação","Comunicar-se com outras pessoas usando movimentos, gestos, balbucios, fala e outras formas de expressão.","Communicate with other people using movements, gestures, babbling, speech, and other forms of expression."
EI01EF07,EI,Bebês (zero a 1 ano e 6 meses),"Escuta, Fala, Pensamento e Imaginação","Conhecer e manipular materiais impressos e audiovisuais em diferentes portadores (livro, revista, gibi, jornal, cartaz, CD, tablet etc.).","Explore and handle print and audiovisual materials across different text carriers (books, magazines, comic books, newspapers, posters, CDs, tablets, etc.)."
EI01EF08,EI,Bebês (zero a 1 ano e 6 meses),"Escuta, Fala, Pensamento e Imaginação","Participar de situações de escuta de textos em diferentes gêneros textuais (poemas, fábulas, contos, receitas, quadrinhos, anúncios etc.).","Participate in listening experiences with texts across different genres (poems, fables, tales, recipes, comics, advertisements, etc.)."
EI01EF09,EI,Bebês (zero a 1 ano e 6 meses),"Escuta, Fala, Pensamento e Imaginação",Conhecer e manipular diferentes instrumentos e suportes de escrita.,Explore and handle different writing instruments and writing surfaces.
EI02EF01,EI,Crianças bem pequenas (1 ano e 7 meses a 3 anos e 11 meses),"Escuta, Fala, Pensamento e Imaginação","Dialogar com crianças e adultos, expressando seus desejos, necessidades, sentimentos e opiniões.","Engage in dialogue with children and adults, expressing one's own desires, needs, feelings, and opinions."
EI02EF02,EI,Crianças bem pequenas (1 ano e 7 meses a 3 anos e 11 meses),"Escuta, Fala, Pensamento e Imaginação",Identificar e criar diferentes sons e reconhecer rimas e aliterações em cantigas de roda e textos poéticos.,"Identify and produce different sounds, and recognize rhymes and alliteration in singing games (cantigas de roda) and poetic texts."
EI02EF03,EI,Crianças bem pequenas (1 ano e 7 meses a 3 anos e 11 meses),"Escuta, Fala, Pensamento e Imaginação","Demonstrar interesse e atenção ao ouvir a leitura de histórias e outros textos, diferenciando escrita de ilustrações, e acompanhando, com orientação do adulto-leitor, a direção da leitura (de cima para baixo, da esquerda para a direita).","Demonstrate interest and attention while listening to stories and other texts read aloud, distinguishing written text from illustrations, and tracking, with guidance from the adult reader, the directionality of print (top to bottom, left to right)."
EI02EF04,EI,Crianças bem pequenas (1 ano e 7 meses a 3 anos e 11 meses),"Escuta, Fala, Pensamento e Imaginação","Formular e responder perguntas sobre fatos da história narrada, identificando cenários, personagens e principais acontecimentos.","Formulate and answer questions about events in a narrated story, identifying settings, characters, and key plot events."
EI02EF05,EI,Crianças bem pequenas (1 ano e 7 meses a 3 anos e 11 meses),"Escuta, Fala, Pensamento e Imaginação","Relatar experiências e fatos acontecidos, histórias ouvidas, filmes ou peças teatrais assistidos etc.","Retell personal experiences and events, stories heard, films watched, or theatrical performances attended."
EI02EF06,EI,Crianças bem pequenas (1 ano e 7 meses a 3 anos e 11 meses),"Escuta, Fala, Pensamento e Imaginação","Criar e contar histórias oralmente, com base em imagens ou temas sugeridos.","Create and tell stories orally, drawing on images or suggested themes."
EI02EF07,EI,Crianças bem pequenas (1 ano e 7 meses a 3 anos e 11 meses),"Escuta, Fala, Pensamento e Imaginação","Manusear diferentes portadores textuais, demonstrando reconhecer seus usos sociais.","Handle different text carriers, demonstrating awareness of their social uses."
EI02EF08,EI,Crianças bem pequenas (1 ano e 7 meses a 3 anos e 11 meses),"Escuta, Fala, Pensamento e Imaginação","Manipular textos e participar de situações de escuta para ampliar seu contato com diferentes gêneros textuais (parlendas, histórias de aventura, tirinhas, cartazes de sala, cardápios, notícias etc.).","Handle texts and participate in listening experiences to broaden contact with different text genres (counting rhymes, adventure stories, comic strips, classroom posters, menus, news articles, etc.)."
EI02ET05,EI,Crianças bem pequenas (1 ano e 7 meses a 3 anos e 11 meses),"Espaços, Tempos, Quantidades, Relações e Transformações","Classificar objetos, considerando determinado atributo (tamanho, peso, cor, forma etc.).","Classify objects according to a given attribute (size, weight, color, shape, etc.)."
EI02ET06,EI,Crianças bem pequenas (1 ano e 7 meses a 3 anos e 11 meses),"Espaços, Tempos, Quantidades, Relações e Transformações","Utilizar conceitos básicos de tempo (agora, antes, durante, depois, ontem, hoje, amanhã, lento, rápido, depressa, devagar).","Use basic time concepts (now, before, during, after, yesterday, today, tomorrow, slow, fast, quickly, slowly)."
EI02ET07,EI,Crianças bem pequenas (1 ano e 7 meses a 3 anos e 11 meses),"Espaços, Tempos, Quantidades, Relações e Transformações","Contar oralmente objetos, pessoas, livros etc., em contextos diversos.","Count objects, people, books, etc., orally in a variety of contexts."
EI02ET08,EI,Crianças bem pequenas (1 ano e 7 meses a 3 anos e 11 meses),"Espaços, Tempos, Quantidades, Relações e Transformações","Registrar com números a quantidade de crianças (meninas e meninos, presentes e ausentes) e a quantidade de objetos da mesma natureza (bonecas, bolas, livros etc.).","Record with numerals the number of children (girls and boys, present and absent) and the quantity of objects of the same kind (dolls, balls, books, etc.)."
EI03ET01,EI,Crianças pequenas (4 anos a 5 anos e 11 meses),"Espaços, Tempos, Quantidades, Relações e Transformações","Estabelecer relações de comparação entre objetos, observando suas propriedades.",Establish comparative relationships between objects by observing their properties.
EI03ET02,EI,Crianças pequenas (4 anos a 5 anos e 11 meses),"Espaços, Tempos, Quantidades, Relações e Transformações","Observar e descrever mudanças em diferentes materiais, resultantes de ações sobre eles, em experimentos envolvendo fenômenos naturais e artificiais.","Observe and describe changes in different materials resulting from actions applied to them, in experiments involving natural and artificial phenomena."
EI03ET03,EI,Crianças pequenas (4 anos a 5 anos e 11 meses),"Espaços, Tempos, Quantidades, Relações e Transformações","Identificar e selecionar fontes de informações, para responder a questões sobre a natureza, seus fenômenos, sua conservação.","Identify and select sources of information to answer questions about nature, its phenomena, and its conservation."
EI03ET04,EI,Crianças pequenas (4 anos a 5 anos e 11 meses),"Espaços, Tempos, Quantidades, Relações e Transformações","Registrar observações, manipulações e medidas, usando múltiplas linguagens (desenho, registro por números ou escrita espontânea), em diferentes suportes.","Record observations, manipulations, and measurements using multiple forms of representation (drawing, numerical notation, or spontaneous writing) on different media."
EI03ET05,EI,Crianças pequenas (4 anos a 5 anos e 11 meses),"Espaços, Tempos, Quantidades, Relações e Transformações",Classificar objetos e figuras de acordo com suas semelhanças e diferenças.,Classify objects and figures according to their similarities and differences.
EI03ET06,EI,Crianças pequenas (4 anos a 5 anos e 11 meses),"Espaços, Tempos, Quantidades, Relações e Transformações","Relatar fatos importantes sobre seu nascimento e desenvolvimento, a história dos seus familiares e da sua comunidade.","Recount important facts about their own birth and development, the history of their family members, and their community."
EI03ET07,EI,Crianças pequenas (4 anos a 5 anos e 11 meses),"Espaços, Tempos, Quantidades, Relações e Transformações","Relacionar números às suas respectivas quantidades e identificar o antes, o depois e o entre em uma sequência.","Match numbers to their corresponding quantities and identify what comes before, after, and between elements in a sequence."
EI03ET08,EI,Crianças pequenas (4 anos a 5 anos e 11 meses),"Espaços, Tempos, Quantidades, Relações e Transformações","Expressar medidas (peso, altura etc.), construindo gráficos básicos.","Express measurements (weight, height, etc.) by constructing basic graphs."
EI01TS01,EI,Bebês (zero a 1 ano e 6 meses),"Traços, Sons, Cores e Formas",Explorar sons produzidos com o próprio corpo e com objetos do ambiente.,Explore sounds produced with their own body and with objects in the environment.
EI01TS02,EI,Bebês (zero a 1 ano e 6 meses),"Traços, Sons, Cores e Formas","Traçar marcas gráficas, em diferentes suportes, usando instrumentos riscantes e tintas.",Make graphic marks on different surfaces using drawing instruments and paints.
EI01TS03,EI,Bebês (zero a 1 ano e 6 meses),"Traços, Sons, Cores e Formas","Explorar diferentes fontes sonoras e materiais para acompanhar brincadeiras cantadas, canções, músicas e melodias.","Explore different sound sources and materials to accompany singing games, songs, music, and melodies."
EI02TS01,EI,Crianças bem pequenas (1 ano e 7 meses a 3 anos e 11 meses),"Traços, Sons, Cores e Formas","Criar sons com materiais, objetos e instrumentos musicais, para acompanhar diversos ritmos de música.","Create sounds with materials, objects, and musical instruments to accompany a variety of musical rhythms."
EI02TS02,EI,Crianças bem pequenas (1 ano e 7 meses a 3 anos e 11 meses),"Traços, Sons, Cores e Formas","Utilizar materiais variados com possibilidades de manipulação (argila, massa de modelar), explorando cores, texturas, superfícies, planos, formas e volumes ao criar objetos tridimensionais.","Use varied manipulable materials (clay, modeling dough) to explore colors, textures, surfaces, planes, shapes, and volumes when creating three-dimensional objects."
EI02TS03,EI,Crianças bem pequenas (1 ano e 7 meses a 3 anos e 11 meses),"Traços, Sons, Cores e Formas","Utilizar diferentes fontes sonoras disponíveis no ambiente em brincadeiras cantadas, canções, músicas e melodias.","Use different sound sources available in the environment in singing games, songs, music, and melodies."
EI03TS01,EI,Crianças pequenas (4 anos a 5 anos e 11 meses),"Traços, Sons, Cores e Formas","Utilizar sons produzidos por materiais, objetos e instrumentos musicais durante brincadeiras de faz de conta, encenações, criações musicais, festas.","Use sounds produced by materials, objects, and musical instruments during pretend play, dramatizations, musical creations, and celebrations."
EI03TS02,EI,Crianças pequenas (4 anos a 5 anos e 11 meses),"Traços, Sons, Cores e Formas","Expressar-se livremente por meio de desenho, pintura, colagem, dobradura e escultura, criando produções bidimensionais e tridimensionais.","Express themselves freely through drawing, painting, collage, paper folding, and sculpture, creating two-dimensional and three-dimensional works."
EM13CO02,EM,"1º, 2º, 3º",Computação,"Explorar e construir a solução de problemas por meio de refinamentos, utilizando diversos níveis de abstração desde a especificação até a implementação.","Explore and construct solutions to problems through successive refinements, applying multiple levels of abstraction from specification to implementation."
EM13CO03,EM,"1º, 2º, 3º",Computação,"Identificar o comportamento dos algoritmos no que diz respeito ao consumo de recursos como tempo de execução, espaço de memória e energia, entre outros","Identify the behavior of algorithms with respect to resource consumption, including execution time, memory space, and energy use, among other factors."
EM13CO04,EM,"1º, 2º, 3º",Computação,"Reconhecer o conceito de metaprogramação como uma forma de generalização na construção de programas, permitindo que algoritmos sejam entrada ou saída para outros algoritmos.","Recognize the concept of metaprogramming as a form of generalization in program construction, allowing algorithms to serve as input or output for other algorithms."
EM13CO05,EM,"1º, 2º, 3º",Computação,"Identificar os limites da Computação para diferenciar o que pode ou não ser automatizado, buscando uma compreensão mais ampla dos limites dos processos mentais envolvidos na resolução de problemas.","Identify the limits of computing to distinguish what can and cannot be automated, building a broader understanding of the boundaries of the mental processes involved in problem solving."
EM13CO06,EM,"1º, 2º, 3º",Computação,Avaliar software levando em consideração diferentes características e métricas associadas.,Evaluate software by taking into account its various characteristics and associated metrics.
EM13CO07,EM,"1º, 2º, 3º",Computação,"Compreender as diferentes tecnologias, bem como equipamentos, protocolos e serviços envolvidos no funcionamento de redes de computadores, identificando suas possibilidades de escala e confiabilidade.","Explain the different technologies, devices, protocols, and services involved in the operation of computer networks, identifying their potential for scalability and reliability."
EM13CO08,EM,"1º, 2º, 3º",Computação,"Entender como mudanças na tecnologia afetam a segurança, incluindo novas maneiras de preservar sua privacidade e dados pessoais on-line, reportando suspeitas e buscando ajuda em situações de risco","Explain how changes in technology affect security, including new ways to protect personal privacy and data online, and demonstrate the ability to report suspicious activity and seek help in situations of risk."
EM13CO09,EM,"1º, 2º, 3º",Computação,"Identificar tecnologias digitais, sua presença e formas de uso, nas diferentes atividades no mundo do trabalho.","Identify digital technologies, their presence, and their modes of use across different activities in the world of work."
EM13CO10,EM,"1º, 2º, 3º",Computação,"Conhecer os fundamentos da Inteligência Artificial, comparando-a com a inteligência humana, analisando suas potencialidades, riscos e limites.","Describe the foundations of Artificial Intelligence, comparing it to human intelligence and analyzing its potential, risks, and limitations."
EM13CO11,EM,"1º, 2º, 3º",Computação,"Criar e explorar modelos computacionais simples para simular e fazer previsões, identificando sua importância no desenvolvimento científico.","Create and explore simple computational models to simulate phenomena and make predictions, identifying their significance in scientific development."
EM13CO12,EM,"1º, 2º, 3º",Computação,"Produzir, analisar, gerir e compartilhar informações a partir de dados, utilizando princípios de ciência de dados.","Produce, analyze, manage, and share information derived from data, applying principles of data science."
EM13CO13,EM,"1º, 2º, 3º",Computação,Analisar e utilizar as diferentes formas de representação e consulta a dados em formato digital para pesquisas científicas.,Analyze and apply different forms of digital data representation and querying in support of scientific research.
EM13CO14,EM,"1º, 2º, 3º",Computação,"Avaliar a confiabilidade das informações encontradas em meio digital, investigando seus modos de construção e considerando a autoria, a estrutura e o propósito da mensagem.","Evaluate the reliability of information found in digital environments by investigating how it is constructed and considering the authorship, structure, and purpose of the message."
EM13CO15,EM,"1º, 2º, 3º",Computação,"Analisar a interação entre usuários e artefatos computacionais, abordando aspectos da experiência do usuário e promovendo reflexão sobre a qualidade do uso dos artefatos nas esferas do trabalho, do lazer e do estudo.","Analyze the interaction between users and computational artifacts, addressing aspects of user experience and fostering critical reflection on the quality of artifact use in the contexts of work, leisure, and study."
EM13CO16,EM,"1º, 2º, 3º",Computação,"Desenvolver projetos com robótica, utilizando artefatos físicos ou simuladores.",Develop projects involving robotics using physical devices or simulators.
EM13CO17,EM,"1º, 2º, 3º",Computação,"Construir redes virtuais de interação e colaboração, favorecendo o desenvolvimento de projetos de forma segura, legal e ética.","Construct virtual networks for interaction and collaboration, supporting the development of projects in a safe, legal, and ethical manner."
EM13CO18,EM,"1º, 2º, 3º",Computação,"Planejar e gerenciar projetos integrados às áreas de conhecimento de forma colaborativa, solucionando problemas, usando diversos artefatos computacionais.","Plan and manage projects integrated across knowledge areas in a collaborative manner, solving problems through the use of diverse computational artifacts."
EM13CO19,EM,"1º, 2º, 3º",Computação,"Expor, argumentar e negociar propostas, produtos e serviços, utilizando diferentes mídias e ferramentas digitais.","Present, argue for, and negotiate proposals, products, and services using different media and digital tools."
EM13CO20,EM,"1º, 2º, 3º",Computação,"Criar conteúdos, disponibilizando-os em ambientes virtuais para publicação e compartilhamento, avaliando a confiabilidade e as consequências da disseminação dessas informações.","Create content and make it available in virtual environments for publication and sharing, evaluating the reliability and potential consequences of disseminating such information."
EM13CO21,EM,"1º, 2º, 3º",Computação,"Comunicar ideias complexas de forma clara por meio de objetos digitais como mapas conceituais, infográficos, hipertextos e outros.","Communicate complex ideas clearly through digital objects such as concept maps, infographics, hypertexts, and other formats."
EM13CNT201,EM,"1º, 2º, 3º",Ciências da Natureza e suas Tecnologias,"Analisar e discutir modelos, teorias e leis propostos em diferentes épocas e culturas para comparar distintas explicações sobre o surgimento e a evolução da Vida, da Terra e do Universo com as teorias científicas aceitas atualmente.","Analyze and discuss models, theories, and laws proposed across different eras and cultures to compare distinct explanations for the origin and evolution of Life, Earth, and the Universe with currently accepted scientific theories."
EM13CNT202,EM,"1º, 2º, 3º",Ciências da Natureza e suas Tecnologias,"Analisar as diversas formas de manifestação da vida em seus diferentes níveis de organização, bem como as condições ambientais favoráveis e os fatores limitantes a elas, com ou sem o uso de dispositivos e aplicativos digitais (como softwares de simulação e de realidade virtual, entre outros).","Analyze the diverse forms of life manifestation across different levels of biological organization, as well as the favorable environmental conditions and limiting factors associated with them, with or without the use of digital devices and applications (such as simulation software and virtual reality tools, among others)."
EM13CNT203,EM,"1º, 2º, 3º",Ciências da Natureza e suas Tecnologias,"Avaliar e prever efeitos de intervenções nos ecossistemas, e seus impactos nos seres vivos e no corpo humano, com base nos mecanismos de manutenção da vida, nos ciclos da matéria e nas transformações e transferências de energia, utilizando representações e simulações sobre tais fatores, com ou sem o uso de dispositivos e aplicativos digitais (como softwares de simulação e de realidade virtual, entre outros).","Evaluate and predict the effects of interventions in ecosystems and their impacts on living organisms and the human body, based on the mechanisms of life maintenance, matter cycles, and energy transformations and transfers, using representations and simulations of such factors, with or without the use of digital devices and applications (such as simulation software and virtual reality tools, among others)."
EM13CNT204,EM,"1º, 2º, 3º",Ciências da Natureza e suas Tecnologias,"Elaborar explicações, previsões e cálculos a respeito dos movimentos de objetos na Terra, no Sistema Solar e no Universo com base na análise das interações gravitacionais, com ou sem o uso de dispositivos e aplicativos digitais (como softwares de simulação e de realidade virtual, entre outros).","Construct explanations, predictions, and calculations regarding the motion of objects on Earth, in the Solar System, and in the Universe based on the analysis of gravitational interactions, with or without the use of digital devices and applications (such as simulation software and virtual reality tools, among others)."
EM13CNT205,EM,"1º, 2º, 3º",Ciências da Natureza e suas Tecnologias,"Interpretar resultados e realizar previsões sobre atividades experimentais, fenômenos naturais e processos tecnológicos, com base nas noções de probabilidade e incerteza, reconhecendo os limites explicativos das ciências.","Interpret results and make predictions about experimental activities, natural phenomena, and technological processes based on concepts of probability and uncertainty, recognizing the explanatory limits of the sciences."
EM13CNT206,EM,"1º, 2º, 3º",Ciências da Natureza e suas Tecnologias,"Discutir a importância da preservação e conservação da biodiversidade, considerando parâmetros qualitativos e quantitativos, e avaliar os efeitos da ação humana e das políticas ambientais para a garantia da sustentabilidade do planeta.","Discuss the importance of biodiversity preservation and conservation using qualitative and quantitative parameters, and evaluate the effects of human activity and environmental policies in ensuring planetary sustainability."
EM13CNT207,EM,"1º, 2º, 3º",Ciências da Natureza e suas Tecnologias,"Identificar, analisar e discutir vulnerabilidades vinculadas às vivências e aos desafios contemporâneos aos quais as juventudes estão expostas, considerando os aspectos físico, psicoemocional e social, a fim de desenvolver e divulgar ações de prevenção e de promoção da saúde e do bem-estar.","Identify, analyze, and discuss vulnerabilities linked to the lived experiences and contemporary challenges to which young people are exposed, considering physical, psycho-emotional, and social dimensions, in order to develop and disseminate prevention and health and well-being promotion initiatives."
EM13CNT208,EM,"1º, 2º, 3º",Ciências da Natureza e suas Tecnologias,"Aplicar os princípios da evolução biológica para analisar a história humana, considerando sua origem, diversificação, dispersão pelo planeta e diferentes formas de interação com a natureza, valorizando e respeitando a diversidade étnica e cultural humana.","Apply the principles of biological evolution to analyze human history, considering human origins, diversification, dispersal across the planet, and different forms of interaction with nature, while valuing and respecting human ethnic and cultural diversity."
EM13CNT209,EM,"1º, 2º, 3º",Ciências da Natureza e suas Tecnologias,"Analisar a evolução estelar associando-a aos modelos de origem e distribuição dos elementos químicos no Universo, compreendendo suas relações com as condições necessárias ao surgimento de sistemas solares e planetários, suas estruturas e composições e as possibilidades de existência de vida, utilizando representações e simulações, com ou sem o uso de dispositivos e aplicativos digitais (como softwares de simulação e de realidade virtual, entre outros).","Analyze stellar evolution by connecting it to models of the origin and distribution of chemical elements in the Universe, understanding its relationship to the conditions necessary for the formation of solar and planetary systems, their structures and compositions, and the possibilities of life existing elsewhere, using representations and simulations, with or without the use of digital devices and applications (such as simulation software and virtual reality tools, among others)."
EM13CNT301,EM,"1º, 2º, 3º",Ciências da Natureza e suas Tecnologias,"Construir questões, elaborar hipóteses, previsões e estimativas, empregar instrumentos de medição e representar e interpretar modelos explicativos, dados e/ou resultados experimentais para construir, avaliar e justificar conclusões no enfrentamento de situações-problema sob uma perspectiva científica.","Formulate questions, develop hypotheses, predictions, and estimates, employ measurement instruments, and represent and interpret explanatory models, data, and/or experimental results in order to construct, evaluate, and justify conclusions when addressing problem-solving situations from a scientific perspective."
EM13CNT302,EM,"1º, 2º, 3º",Ciências da Natureza e suas Tecnologias,"Comunicar, para públicos variados, em diversos contextos, resultados de análises, pesquisas e/ou experimentos, elaborando e/ou interpretando textos, gráficos, tabelas, símbolos, códigos, sistemas de classificação e equações, por meio de diferentes linguagens, mídias, tecnologias digitais de informação e comunicação (TDIC), de modo a participar e/ou promover debates em torno de temas científicos e/ou tecnológicos de relevância sociocultural e ambiental.","Communicate the results of analyses, research, and/or experiments to varied audiences in diverse contexts by composing and/or interpreting texts, graphs, tables, symbols, codes, classification systems, and equations through different languages, media, and digital information and communication technologies (DICT), so as to participate in and/or promote debates around scientifically and/or technologically relevant topics of sociocultural and environmental significance."
EM13CNT303,EM,"1º, 2º, 3º",Ciências da Natureza e suas Tecnologias,"Interpretar textos de divulgação científica que tratem de temáticas das Ciências da Natureza, disponíveis em diferentes mídias, considerando a apresentação dos dados, tanto na forma de textos como em equações, gráficos e/ou tabelas, a consistência dos argumentos e a coerência das conclusões, visando construir estratégias de seleção de fontes confiáveis de informações.","Interpret science communication texts addressing Natural Sciences topics available across different media, evaluating the presentation of data in textual, equation, graph, and/or table form, the soundness of the arguments, and the coherence of the conclusions, with the aim of building strategies for selecting reliable information sources."
EM13CNT304,EM,"1º, 2º, 3º",Ciências da Natureza e suas Tecnologias,"Analisar e debater situações controversas sobre a aplicação de conhecimentos da área de Ciências da Natureza (tais como tecnologias do DNA, tratamentos com células-tronco, neurotecnologias, produção de tecnologias de defesa, estratégias de controle de pragas, entre outros), com base em argumentos consistentes, legais, éticos e responsáveis, distinguindo diferentes pontos de vista.","Analyze and debate controversial situations involving the application of Natural Sciences knowledge (such as DNA technologies, stem-cell therapies, neurotechnologies, defense technology development, pest-control strategies, and others), drawing on sound, legal, and ethical arguments, and distinguishing among different points of view."
EM13CNT305,EM,"1º, 2º, 3º",Ciências da Natureza e suas Tecnologias,"Investigar e discutir o uso indevido de conhecimentos das Ciências da Natureza na justificativa de processos de discriminação, segregação e privação de direitos individuais e coletivos, em diferentes contextos sociais e históricos, para promover a equidade e o respeito à diversidade.","Investigate and discuss the misuse of Natural Sciences knowledge to justify processes of discrimination, segregation, and deprivation of individual and collective rights across different social and historical contexts, in order to promote equity and respect for diversity."
EM13CNT306,EM,"1º, 2º, 3º",Ciências da Natureza e suas Tecnologias,"Avaliar os riscos envolvidos em atividades cotidianas, aplicando conhecimentos das Ciências da Natureza, para justificar o uso de equipamentos e recursos, bem como comportamentos de segurança, visando à integridade física, individual e coletiva, e socioambiental, podendo fazer uso de dispositivos e aplicativos digitais que viabilizem a estruturação de simulações de tais riscos.","Evaluate the risks involved in everyday activities by applying Natural Sciences knowledge to justify the use of equipment and resources, as well as safety behaviors aimed at protecting individual, collective, and socio-environmental physical integrity, potentially using digital devices and applications that enable the modeling and simulation of such risks."
EM13CNT307,EM,"1º, 2º, 3º",Ciências da Natureza e suas Tecnologias,"Analisar as propriedades dos materiais para avaliar a adequação de seu uso em diferentes aplicações (industriais, cotidianas, arquitetônicas ou tecnológicas) e/ ou propor soluções seguras e sustentáveis considerando seu contexto local e cotidiano.","Analyze the properties of materials to assess their suitability for different applications (industrial, everyday, architectural, or technological) and/or propose safe and sustainable solutions appropriate to the student's local and everyday context."
EM13CNT308,EM,"1º, 2º, 3º",Ciências da Natureza e suas Tecnologias,"Investigar e analisar o funcionamento de equipamentos elétricos e/ou eletrônicos e sistemas de automação para compreender as tecnologias contemporâneas e avaliar seus impactos sociais, culturais e ambientais.","Investigate and analyze the functioning of electrical and/or electronic equipment and automation systems in order to understand contemporary technologies and evaluate their social, cultural, and environmental impacts."
EM13CNT309,EM,"1º, 2º, 3º",Ciências da Natureza e suas Tecnologias,"Analisar questões socioambientais, políticas e econômicas relativas à dependência do mundo atual em relação aos recursos não renováveis e discutir a necessidade de introdução de alternativas e novas tecnologias energéticas e de materiais, comparando diferentes tipos de motores e processos de produção de novos materiais.","Analyze socio-environmental, political, and economic issues related to the current world's dependence on non-renewable resources, and discuss the need to introduce alternative energy sources, new energy technologies, and advanced materials, comparing different types of engines and processes for producing new materials."
EM13CNT310,EM,"1º, 2º, 3º",Ciências da Natureza e suas Tecnologias,"Investigar e analisar os efeitos de programas de infraestrutura e demais serviços básicos (saneamento, energia elétrica, transporte, telecomunicações, cobertura vacinal, atendimento primário à saúde e produção de alimentos, entre outros) e identificar necessidades locais e/ou regionais em relação a esses serviços, a fim de avaliar e/ou promover ações que contribuam para a melhoria na qualidade de vida e nas condições de saúde da população.","Investigate and analyze the effects of infrastructure programs and other basic services (including sanitation, electric power, transportation, telecommunications, vaccination coverage, primary healthcare, and food production, among others), identify local and/or regional gaps in access to these services, and evaluate and/or promote actions that contribute to improving quality of life and population health outcomes."
EM13CO01,EM,"1º, 2º, 3º",Computação,Explorar e construir a solução de problemas por meio da reutilização de partes de soluções existentes.,Explore and construct solutions to problems by reusing components of existing solutions.
EM13CO22,EM,"1º, 2º, 3º",Computação,"Produzir e publicar conteúdo como textos, imagens, áudios, vídeos e suas associações, bem como ferramentas para sua integração, organização e apresentação, utilizando diferentes mídias digitais.","Produce and publish content such as texts, images, audio, videos, and combinations thereof, as well as tools for their integration, organization, and presentation, using a variety of digital media."
EM13CO23,EM,"1º, 2º, 3º",Computação,"Analisar criticamente as experiências em comunidades virtuais e as relações advindas da interação e comunicação com outras pessoas, bem como seus impactos na sociedade.","Critically analyze experiences in virtual communities and the relationships arising from interaction and communication with others, as well as their impacts on society."
EM13CO24,EM,"1º, 2º, 3º",Computação,Identificar e reconhecer como as redes sociais e artefatos computacionais em geral interferem na saúde física e mental de seus usuários.,Identify and recognize how social networks and computational artifacts in general affect the physical and mental health of their users.
EM13CO25,EM,"1º, 2º, 3º",Computação,"Dialogar em ambientes virtuais com segurança e respeito às diferenças culturais e pessoais, reconhecendo e denunciando atitudes abusivas.","Engage in virtual environments safely and respectfully across cultural and personal differences, recognizing and reporting abusive behavior."
EM13CO26,EM,"1º, 2º, 3º",Computação,"Aplicar os conceitos e pressupostos do direito digital em sua conduta e experiências com o cotidiano da cultura digital, bem como na produção e uso de artefatos computacionais.","Apply the concepts and principles of digital law to one's own conduct and everyday experiences within digital culture, as well as to the production and use of computational artifacts."
EM13LGG101,EM,"1º, 2º, 3º",Linguagens e suas Tecnologias,"Compreender e analisar processos de produção e circulação de discursos, nas diferentes linguagens, para fazer escolhas fundamentadas em função de interesses pessoais e coletivos.",Comprehend and analyze the processes of discourse production and circulation across different languages and modalities in order to make informed choices in the service of personal and collective interests.
EM13LGG102,EM,"1º, 2º, 3º",Linguagens e suas Tecnologias,"Analisar visões de mundo, conflitos de interesse, preconceitos e ideologias presentes nos discursos veiculados nas diferentes mídias, ampliando suas possibilidades de explicação, interpretação e intervenção crítica da/na realidade.","Analyze worldviews, conflicts of interest, prejudices, and ideologies present in discourses conveyed across different media, expanding one's capacity for critical explanation, interpretation, and intervention in and on reality."
EM13LGG103,EM,"1º, 2º, 3º",Linguagens e suas Tecnologias,"Analisar o funcionamento das linguagens, para interpretar e produzir criticamente discursos em textos de diversas semioses (visuais, verbais, sonoras, gestuais).","Analyze how different language systems function in order to critically interpret and produce discourses in texts across multiple semiotic modes (visual, verbal, sonic, and gestural)."
EM13LGG104,EM,"1º, 2º, 3º",Linguagens e suas Tecnologias,"Utilizar as diferentes linguagens, levando em conta seus funcionamentos, para a compreensão e produção de textos e discursos em diversos campos de atuação social.",Use different languages and modalities—taking into account how each functions—to comprehend and produce texts and discourses across diverse fields of social practice.
EM13LGG105,EM,"1º, 2º, 3º",Linguagens e suas Tecnologias,"Analisar e experimentar diversos processos de remidiação de produções multissemióticas, multimídia e transmídia, desenvolvendo diferentes modos de participação e intervenção social.","Analyze and experiment with various remediation processes involving multisemiotic, multimedia, and transmedia productions, developing different modes of social participation and intervention."
EM13LGG201,EM,"1º, 2º, 3º",Linguagens e suas Tecnologias,"Utilizar as diversas linguagens (artísticas, corporais e verbais) em diferentes contextos, valorizando-as como fenômeno social, cultural, histórico, variável, heterogêneo e sensível aos contextos de uso.","Use diverse languages (artistic, bodily, and verbal) in different contexts, recognizing them as social, cultural, and historical phenomena that are variable, heterogeneous, and sensitive to the contexts in which they are used."
EM13LGG202,EM,"1º, 2º, 3º",Linguagens e suas Tecnologias,"Analisar interesses, relações de poder e perspectivas de mundo nos discursos das diversas práticas de linguagem (artísticas, corporais e verbais), compreendendo criticamente o modo como circulam, constituem-se e (re)produzem significação e ideologias.","Analyze interests, power relations, and worldviews in the discourses of diverse language practices (artistic, bodily, and verbal), critically examining how they circulate, are constituted, and (re)produce meaning and ideologies."
EM13LGG203,EM,"1º, 2º, 3º",Linguagens e suas Tecnologias,"Analisar os diálogos e os processos de disputa por legitimidade nas práticas de linguagem e em suas produções (artísticas, corporais e verbais).","Analyze the dialogues and processes of competition for legitimacy within language practices and their productions (artistic, bodily, and verbal)."
EM13LGG204,EM,"1º, 2º, 3º",Linguagens e suas Tecnologias,"Dialogar e produzir entendimento mútuo, nas diversas linguagens (artísticas, corporais e verbais), com vistas ao interesse comum pautado em princípios e valores de equidade assentados na democracia e nos Direitos Humanos.","Engage in dialogue and build mutual understanding across diverse languages (artistic, bodily, and verbal), in pursuit of the common good grounded in principles and values of equity rooted in democracy and Human Rights."
EM13LGG301,EM,"1º, 2º, 3º",Linguagens e suas Tecnologias,"Participar de processos de produção individual e colaborativa em diferentes linguagens (artísticas, corporais e verbais), levando em conta suas formas e seus funcionamentos, para produzir sentidos em diferentes contextos.","Participate in individual and collaborative production processes across different languages (artistic, bodily, and verbal)—attending to their forms and functions—in order to generate meaning in diverse contexts."
EM13LGG302,EM,"1º, 2º, 3º",Linguagens e suas Tecnologias,"Posicionar-se criticamente diante de diversas visões de mundo presentes nos discursos em diferentes linguagens, levando em conta seus contextos de produção e de circulação.","Take a critical stance toward diverse worldviews present in discourses across different languages, taking into account their contexts of production and circulation."
EM13LGG303,EM,"1º, 2º, 3º",Linguagens e suas Tecnologias,"Debater questões polêmicas de relevância social, analisando diferentes argumentos e opiniões, para formular, negociar e sustentar posições, frente à análise de perspectivas distintas.","Debate socially relevant and controversial issues by analyzing different arguments and perspectives in order to formulate, negotiate, and defend positions in response to distinct viewpoints."
EM13LGG304,EM,"1º, 2º, 3º",Linguagens e suas Tecnologias,"Formular propostas, intervir e tomar decisões que levem em conta o bem comum e os Direitos Humanos, a consciência socioambiental e o consumo responsável em âmbito local, regional e global.","Formulate proposals, intervene, and make decisions that account for the common good and Human Rights, socioenvironmental awareness, and responsible consumption at local, regional, and global scales."
EM13LGG305,EM,"1º, 2º, 3º",Linguagens e suas Tecnologias,"Mapear e criar, por meio de práticas de linguagem, possibilidades de atuação social, política, artística e cultural para enfrentar desafios contemporâneos, discutindo princípios e objetivos dessa atuação de maneira crítica, criativa, solidária e ética.","Map and create, through language practices, opportunities for social, political, artistic, and cultural engagement to address contemporary challenges, critically and creatively discussing the principles and goals of that engagement in a spirit of solidarity and ethical responsibility."
EM13LGG401,EM,"1º, 2º, 3º",Linguagens e suas Tecnologias,"Analisar criticamente textos de modo a compreender e caracterizar as línguas como fenômeno (geo)político, histórico, social, cultural, variável, heterogêneo e sensível aos contextos de uso.","Critically analyze texts in order to comprehend and characterize languages as (geo)political, historical, social, and cultural phenomena that are variable, heterogeneous, and sensitive to the contexts in which they are used."
EM13CHS402,EM,"1º, 2º, 3º",Ciências Humanas e Sociais Aplicadas,"Analisar e comparar indicadores de emprego, trabalho e renda em diferentes espaços, escalas e tempos, associando-os a processos de estratificação e desigualdade socioeconômica.","Analyze and compare employment, labor, and income indicators across different spaces, scales, and time periods, connecting them to processes of socioeconomic stratification and inequality."
EM13CHS403,EM,"1º, 2º, 3º",Ciências Humanas e Sociais Aplicadas,"Caracterizar e analisar os impactos das transformações tecnológicas nas relações sociais e de trabalho próprias da contemporaneidade, promovendo ações voltadas à superação das desigualdades sociais, da opressão e da violação dos Direitos Humanos.","Characterize and analyze the impacts of technological transformations on social and labor relations in contemporary society, promoting actions aimed at overcoming social inequalities, oppression, and violations of Human Rights."
EM13CHS404,EM,"1º, 2º, 3º",Ciências Humanas e Sociais Aplicadas,"Identificar e discutir os múltiplos aspectos do trabalho em diferentes circunstâncias e contextos históricos e/ou geográficos e seus efeitos sobre as gerações, em especial, os jovens, levando em consideração, na atualidade, as transformações técnicas, tecnológicas e informacionais.","Identify and discuss the multiple dimensions of work across different historical and/or geographic circumstances and contexts, and its effects on generations—particularly youth—taking into account current technical, technological, and informational transformations."
EM13CHS501,EM,"1º, 2º, 3º",Ciências Humanas e Sociais Aplicadas,"Analisar os fundamentos da ética em diferentes culturas, tempos e espaços, identificando processos que contribuem para a formação de sujeitos éticos que valorizem a liberdade, a cooperação, a autonomia, o empreendedorismo, a convivência democrática e a solidariedade.","Analyze the foundations of ethics across different cultures, time periods, and spaces, identifying processes that contribute to the formation of ethical subjects who value freedom, cooperation, autonomy, entrepreneurship, democratic coexistence, and solidarity."
EM13CHS502,EM,"1º, 2º, 3º",Ciências Humanas e Sociais Aplicadas,"Analisar situações da vida cotidiana, estilos de vida, valores, condutas etc., desnaturalizando e problematizando formas de desigualdade, preconceito, intolerância e discriminação, e identificar ações que promovam os Direitos Humanos, a solidariedade e o respeito às diferenças e às liberdades individuais.","Analyze situations of everyday life, lifestyles, values, and behaviors by denaturalizing and critically examining forms of inequality, prejudice, intolerance, and discrimination, and identify actions that promote Human Rights, solidarity, and respect for differences and individual freedoms."
EM13CHS503,EM,"1º, 2º, 3º",Ciências Humanas e Sociais Aplicadas,"Identificar diversas formas de violência (física, simbólica, psicológica etc.), suas principais vítimas, suas causas sociais, psicológicas e afetivas, seus significados e usos políticos, sociais e culturais, discutindo e avaliando mecanismos para combatê-las, com base em argumentos éticos.","Identify diverse forms of violence (physical, symbolic, psychological, etc.), their primary victims, their social, psychological, and affective causes, their meanings, and their political, social, and cultural uses, discussing and evaluating mechanisms to combat them on the basis of ethical arguments."
EM13CHS504,EM,"1º, 2º, 3º",Ciências Humanas e Sociais Aplicadas,"Analisar e avaliar os impasses ético-políticos decorrentes das transformações culturais, sociais, históricas, científicas e tecnológicas no mundo contemporâneo e seus desdobramentos nas atitudes e nos valores de indivíduos, grupos sociais, sociedades e culturas.","Analyze and evaluate the ethical-political dilemmas arising from cultural, social, historical, scientific, and technological transformations in the contemporary world and their consequences for the attitudes and values of individuals, social groups, societies, and cultures."
EM13CHS601,EM,"1º, 2º, 3º",Ciências Humanas e Sociais Aplicadas,"Identificar e analisar as demandas e os protagonismos políticos, sociais e culturais dos povos indígenas e das populações afrodescendentes (incluindo as quilombolas) no Brasil contemporâneo considerando a história das Américas e o contexto de exclusão e inclusão precária desses grupos na ordem social e econômica atual, promovendo ações para a redução das desigualdades étnico-raciais no país.","Identify and analyze the political, social, and cultural demands and agency of indigenous peoples and Afro-descendant populations (including Quilombolas — communities descended from escaped enslaved Africans) in contemporary Brazil, considering the history of the Americas and the context of exclusion and precarious inclusion of these groups in the current social and economic order, and promote actions to reduce ethnic-racial inequalities in the country."
EM13CHS602,EM,"1º, 2º, 3º",Ciências Humanas e Sociais Aplicadas,"Identificar e caracterizar a presença do paternalismo, do autoritarismo e do populismo na política, na sociedade e nas culturas brasileira e latino-americana, em períodos ditatoriais e democráticos, relacionando-os com as formas de organização e de articulação das sociedades em defesa da autonomia, da liberdade, do diálogo e da promoção da democracia, da cidadania e dos direitos humanos na sociedade atual.","Identify and characterize the presence of paternalism, authoritarianism, and populism in Brazilian and Latin American politics, society, and cultures during both dictatorial and democratic periods, relating them to the forms of social organization and collective action in defense of autonomy, freedom, dialogue, and the promotion of democracy, citizenship, and human rights in contemporary society."
EM13CHS603,EM,"1º, 2º, 3º",Ciências Humanas e Sociais Aplicadas,"Analisar a formação de diferentes países, povos e nações e de suas experiências políticas e de exercício da cidadania, aplicando conceitos políticos básicos (Estado, poder, formas, sistemas e regimes de governo, soberania etc.).","Analyze the formation of different countries, peoples, and nations and their political experiences and practices of citizenship, applying basic political concepts (state, power, forms, systems and regimes of government, sovereignty, etc.)."
EM13CHS604,EM,"1º, 2º, 3º",Ciências Humanas e Sociais Aplicadas,"Discutir o papel dos organismos internacionais no contexto mundial, com vistas à elaboração de uma visão crítica sobre seus limites e suas formas de atuação nos países, considerando os aspectos positivos e negativos dessa atuação para as populações locais.","Discuss the role of international organizations in the global context, with a view to developing a critical perspective on their limitations and modes of operation in different countries, considering both the positive and negative effects of that operation on local populations."
EM13CHS605,EM,"1º, 2º, 3º",Ciências Humanas e Sociais Aplicadas,"Analisar os princípios da declaração dos Direitos Humanos, recorrendo às noções de justiça, igualdade e fraternidade, identificar os progressos e entraves à concretização desses direitos nas diversas sociedades contemporâneas e promover ações concretas diante da desigualdade e das violações desses direitos em diferentes espaços de vivência, respeitando a identidade de cada grupo e de cada indivíduo.","Analyze the principles of the Declaration of Human Rights by drawing on the concepts of justice, equality, and fraternity; identify progress and obstacles to the realization of these rights across various contemporary societies; and promote concrete actions in response to inequality and violations of these rights across different living spaces, respecting the identity of each group and each individual."
EM13CHS606,EM,"1º, 2º, 3º",Ciências Humanas e Sociais Aplicadas,"Analisar as características socioeconômicas da sociedade brasileira - com base na análise de documentos (dados, tabelas, mapas etc.) de diferentes fontes - e propor medidas para enfrentar os problemas identificados e construir uma sociedade mais próspera, justa e inclusiva, que valorize o protagonismo de seus cidadãos e promova o autoconhecimento, a autoestima, a autoconfiança e a empatia.","Analyze the socioeconomic characteristics of Brazilian society—drawing on documents (data, tables, maps, etc.) from multiple sources—and propose measures to address identified problems and build a more prosperous, just, and inclusive society that values citizen agency and promotes self-knowledge, self-esteem, self-confidence, and empathy."
EM13CNT101,EM,"1º, 2º, 3º",Ciências da Natureza e suas Tecnologias,"Analisar e representar, com ou sem o uso de dispositivos e de aplicativos digitais específicos, as transformações e conservações em sistemas que envolvam quantidade de matéria, de energia e de movimento para realizar previsões sobre seus comportamentos em situações cotidianas e em processos produtivos que priorizem o desenvolvimento sustentável, o uso consciente dos recursos naturais e a preservação da vida em todas as suas formas.","Analyze and represent, with or without the use of specific digital devices and applications, the transformations and conservation laws in systems involving quantity of matter, energy, and momentum, in order to make predictions about their behavior in everyday situations and in productive processes that prioritize sustainable development, the conscious use of natural resources, and the preservation of life in all its forms."
EM13CNT102,EM,"1º, 2º, 3º",Ciências da Natureza e suas Tecnologias,"Realizar previsões, avaliar intervenções e/ou construir protótipos de sistemas térmicos que visem à sustentabilidade, considerando sua composição e os efeitos das variáveis termodinâmicas sobre seu funcionamento, considerando também o uso de tecnologias digitais que auxiliem no cálculo de estimativas e no apoio à construção dos protótipos.","Make predictions, evaluate interventions, and/or construct prototypes of thermal systems aimed at sustainability, considering their composition and the effects of thermodynamic variables on their operation, including the use of digital technologies to assist in estimating calculations and supporting prototype construction."
EM13CNT103,EM,"1º, 2º, 3º",Ciências da Natureza e suas Tecnologias,"Utilizar o conhecimento sobre as radiações e suas origens para avaliar as potencialidades e os riscos de sua aplicação em equipamentos de uso cotidiano, na saúde, no ambiente, na indústria, na agricultura e na geração de energia elétrica.","Apply knowledge of radiation and its origins to evaluate the potential benefits and risks of its use in everyday equipment, in health care, in the environment, in industry, in agriculture, and in the generation of electrical energy."
EM13CNT104,EM,"1º, 2º, 3º",Ciências da Natureza e suas Tecnologias,"Avaliar os benefícios e os riscos à saúde e ao ambiente, considerando a composição, a toxicidade e a reatividade de diferentes materiais e produtos, como também o nível de exposição a eles, posicionando-se criticamente e propondo soluções individuais e/ou coletivas para seus usos e descartes responsáveis.","Evaluate the benefits and risks to human health and the environment posed by different materials and products, considering their composition, toxicity, and reactivity as well as the level of exposure to them, taking a critical stance and proposing individual and/or collective solutions for their responsible use and disposal."
EM13CNT105,EM,"1º, 2º, 3º",Ciências da Natureza e suas Tecnologias,"Analisar os ciclos biogeoquímicos e interpretar os efeitos de fenômenos naturais e da interferência humana sobre esses ciclos, para promover ações individuais e/ ou coletivas que minimizem consequências nocivas à vida.","Analyze biogeochemical cycles and interpret the effects of natural phenomena and human interference on those cycles, in order to promote individual and/or collective actions that minimize harmful consequences for life."
EM13CNT106,EM,"1º, 2º, 3º",Ciências da Natureza e suas Tecnologias,"Avaliar, com ou sem o uso de dispositivos e aplicativos digitais, tecnologias e possíveis soluções para as demandas que envolvem a geração, o transporte, a distribuição e o consumo de energia elétrica, considerando a disponibilidade de recursos, a eficiência energética, a relação custo/benefício, as características geográficas e ambientais, a produção de resíduos e os impactos socioambientais e culturais.","Evaluate, with or without the use of digital devices and applications, technologies and possible solutions to demands involving the generation, transmission, distribution, and consumption of electrical energy, considering resource availability, energy efficiency, cost-benefit relationships, geographic and environmental characteristics, waste production, and socioenvironmental and cultural impacts."
EM13CNT107,EM,"1º, 2º, 3º",Ciências da Natureza e suas Tecnologias,"Realizar previsões qualitativas e quantitativas sobre o funcionamento de geradores, motores elétricos e seus componentes, bobinas, transformadores, pilhas, baterias e dispositivos eletrônicos, com base na análise dos processos de transformação e condução de energia envolvidos - com ou sem o uso de dispositivos e aplicativos digitais -, para propor ações que visem a sustentabilidade.","Make qualitative and quantitative predictions about the operation of generators, electric motors and their components, coils, transformers, batteries, cells, and electronic devices, based on analysis of the energy transformation and conduction processes involved—with or without the use of digital devices and applications—in order to propose actions aimed at sustainability."
EF89LP17,EF,"8º, 9º",Língua Portuguesa,"Relacionar textos e documentos legais e normativos de importância universal, nacional ou local que envolvam direitos, em especial, de crianças, adolescentes e jovens – tais como a Declaração dos Direitos Humanos, a Constituição Brasileira, o ECA -, e a regulamentação da organização escolar – por exemplo, regimento escolar -, a seus contextos de produção, reconhecendo e analisando possíveis motivações, finalidades e sua vinculação com experiências humanas e fatos históricos e sociais, como forma de ampliar a compreensão dos direitos e deveres, de fomentar os princípios democráticos e uma atuação pautada pela ética da responsabilidade (o outro tem direito a uma vida digna tanto quanto eu tenho).","Relate legal and normative texts and documents of universal, national, or local importance concerning rights — particularly those of children, adolescents, and youth, such as the Universal Declaration of Human Rights, the Brazilian Constitution (Brazil's federal constitution), and the ECA (Estatuto da Criança e do Adolescente, the Brazilian Child and Adolescent Statute) — as well as documents regulating school organization, such as school bylaws, to their contexts of production, recognizing and analyzing their possible motivations, purposes, and connections to human experiences and historical and social events, as a means of broadening understanding of rights and responsibilities, fostering democratic principles, and promoting conduct guided by an ethics of responsibility (the other has as much right to a dignified life as I do)."
EF89LP18,EF,"8º, 9º",Língua Portuguesa,"Explorar e analisar instâncias e canais de participação disponíveis na escola (conselho de escola, outros colegiados, grêmio livre), na comunidade (associações, coletivos, movimentos, etc.), no munícipio ou no país, incluindo formas de participação digital, como canais e plataformas de participação (como portal e-cidadania), serviços, portais e ferramentas de acompanhamentos do trabalho de políticos e de tramitação de leis, canais de educação política, bem como de propostas e proposições que circulam nesses canais, de forma a participar do debate de ideias e propostas na esfera social e a engajar-se com a busca de soluções para problemas ou questões que envolvam a vida da escola e da comunidade.","Explore and analyze participation forums and channels available at school (school councils, other collegiate bodies, student unions), in the community (associations, collectives, movements, etc.), and at the municipal or national level — including forms of digital participation such as civic engagement platforms and portals (e.g., the e-cidadania portal), services and tools for tracking the work of elected officials and the progress of legislation, and political education channels — as well as proposals and initiatives circulating through those channels, in order to engage in the exchange of ideas and proposals in the public sphere and to participate in seeking solutions to problems or issues affecting school and community life."
EF89LP19,EF,"8º, 9º",Língua Portuguesa,"Analisar, a partir do contexto de produção, a forma de organização das cartas abertas, abaixo-assinados e petições on-line (identificação dos signatários, explicitação da reivindicação feita, acompanhada ou não de uma breve apresentação da problemática e/ou de justificativas que visam sustentar a reivindicação) e a proposição, discussão e aprovação de propostas políticas ou de soluções para problemas de interesse público, apresentadas ou lidas nos canais digitais de participação, identificando suas marcas linguísticas, como forma de possibilitar a escrita ou subscrição consciente de abaixo-assinados e textos dessa natureza e poder se posicionar de forma crítica e fundamentada frente às propostas","Analyze, based on their context of production, the organizational structure of open letters, petitions, and online signature campaigns (identification of signatories, statement of the demand made, accompanied or not by a brief presentation of the issue and/or justifications intended to support the demand) and the proposal, discussion, and approval of policy initiatives or solutions to problems of public interest presented or read on digital participation channels, identifying their linguistic markers, as a means of enabling the informed drafting or signing of petitions and similar texts and of critically and substantively evaluating such proposals."
EF89LP20,EF,"8º, 9º",Língua Portuguesa,"Comparar propostas políticas e de solução de problemas, identificando o que se pretende fazer/implementar, por que (motivações, justificativas), para que (objetivos, benefícios e consequências esperados), como (ações e passos), quando etc. e a forma de avaliar a eficácia da proposta/solução, contrastando dados e informações de diferentes fontes, identificando coincidências, complementaridades e contradições, de forma a poder compreender e posicionar-se criticamente sobre os dados e informações usados em fundamentação de propostas e analisar a coerência entre os elementos, de forma a tomar decisões fundamentadas.","Compare policy proposals and problem-solving solutions, identifying what is intended to be done or implemented, why (motivations and justifications), for what purpose (objectives, expected benefits, and consequences), how (actions and steps), when, etc., and the criteria for evaluating the effectiveness of each proposal or solution, contrasting data and information from different sources and identifying points of agreement, complementarity, and contradiction, in order to critically understand and evaluate the data and information used to support proposals and to assess the internal coherence of their elements, thereby making well-informed decisions."
EF89LP21,EF,"8º, 9º",Língua Portuguesa,"Realizar enquetes e pesquisas de opinião, de forma a levantar prioridades, problemas a resolver ou propostas que possam contribuir para melhoria da escola ou da comunidade, caracterizar demanda/necessidade, documentando-a de diferentes maneiras por meio de diferentes procedimentos, gêneros e mídias e, quando for o caso, selecionar informações e dados relevantes de fontes pertinentes diversas (sites, impressos, vídeos etc.), avaliando a qualidade e a utilidade dessas fontes, que possam servir de contextualização e fundamentação de propostas, de forma a justificar a proposição de propostas, projetos culturais e ações de intervenção.","Conduct surveys and opinion polls to identify priorities, problems to be addressed, or proposals that may contribute to the improvement of the school or community; characterize the demand or need, documenting it in multiple ways through different procedures, genres, and media; and, where applicable, select relevant information and data from a variety of credible sources (websites, print materials, videos, etc.), evaluating the quality and usefulness of those sources as contextual and evidentiary support for proposals, in order to justify the development of proposals, cultural projects, and intervention initiatives."
EF89LP22,EF,"8º, 9º",Língua Portuguesa,"Compreender e comparar as diferentes posições e interesses em jogo em uma discussão ou apresentação de propostas, avaliando a validade e força dos argumentos e as consequências do que está sendo proposto e, quando for o caso, formular e negociar propostas de diferentes naturezas relativas a interesses coletivos envolvendo a escola ou comunidade escolar.","Comprehend and compare the different positions and interests at stake in a discussion or presentation of proposals, evaluating the validity and strength of the arguments and the consequences of what is being proposed, and — when appropriate — formulate and negotiate proposals of various kinds addressing collective interests that involve the school or school community."
EF89LP23,EF,"8º, 9º",Língua Portuguesa,"Analisar, em textos argumentativos, reivindicatórios e propositivos, os movimentos argumentativos utilizados (sustentação, refutação e negociação), avaliando a força dos argumentos utilizados.","Analyze, in argumentative, advocacy-oriented, and proposal-driven texts, the argumentative moves employed (support, refutation, and negotiation), evaluating the strength of the arguments used."
EF89LP24,EF,"8º, 9º",Língua Portuguesa,"Realizar pesquisa, estabelecendo o recorte das questões, usando fontes abertas e confiáveis.",Conduct research by establishing a clear focus for the inquiry and using open and reliable sources.
EF89LP25,EF,"8º, 9º",Língua Portuguesa,"Divulgar o resultado de pesquisas por meio de apresentações orais, verbetes de enciclopédias colaborativas, reportagens de divulgação científica, vlogs científicos, vídeos de diferentes tipos etc.","Disseminate research findings through oral presentations, collaborative encyclopedia entries, science communication articles, science vlogs, videos of various types, and other formats."
EF89LP26,EF,"8º, 9º",Língua Portuguesa,"Produzir resenhas, a partir das notas e/ou esquemas feitos, com o manejo adequado das vozes envolvidas (do resenhador, do autor da obra e, se for o caso, também dos autores citados na obra resenhada), por meio do uso de paráfrases, marcas do discurso reportado e citações.","Produce reviews, drawing on notes and/or outlines, with appropriate management of the voices involved (the reviewer's, the author's of the work reviewed, and, where applicable, authors cited within the reviewed work), through the use of paraphrase, markers of reported speech, and direct quotation."
EF89LP27,EF,"8º, 9º",Língua Portuguesa,"Tecer considerações e formular problematizações pertinentes, em momentos oportunos, em situações de aulas, apresentação oral, seminário etc.","Offer relevant observations and pose pertinent questions at appropriate moments in class discussions, oral presentations, seminars, and similar academic contexts."
EF89LP28,EF,"8º, 9º",Língua Portuguesa,"Tomar nota de videoaulas, aulas digitais, apresentações multimídias, vídeos de divulgação científica, documentários e afins, identificando, em função dos objetivos, informações principais para apoio ao estudo e realizando, quando necessário, uma síntese final que destaque e reorganize os pontos ou conceitos centrais e suas relações e que, em alguns casos, seja acompanhada de reflexões pessoais, que podem conter dúvidas, questionamentos, considerações etc.","Take notes on video lectures, digital classes, multimedia presentations, science communication videos, documentaries, and similar materials, identifying — based on learning objectives — key information to support study, and producing, when necessary, a final summary that highlights and reorganizes the central points or concepts and their relationships, which may in some cases include personal reflections such as questions, uncertainties, and commentary."
EF89LP29,EF,"8º, 9º",Língua Portuguesa,"Utilizar e perceber mecanismos de progressão temática, tais como retomadas anafóricas (“que, cujo, onde”, pronomes do caso reto e oblíquos, pronomes demonstrativos, nomes correferentes etc.), catáforas (remetendo para adiante ao invés de retomar o já dito), uso de organizadores textuais, de coesivos etc., e analisar os mecanismos de reformulação e paráfrase utilizados nos textos de divulgação do conhecimento.","Employ and recognize mechanisms of thematic progression, such as anaphoric reference (relative pronouns such as 'que, cujo, onde'; subject and object pronouns; demonstrative pronouns; coreferential nouns; etc.), cataphoric reference (pointing forward rather than back to previously stated content), textual organizers, and cohesive devices, and analyze the reformulation and paraphrase mechanisms used in knowledge-dissemination texts."
EF89LP30,EF,"8º, 9º",Língua Portuguesa,Analisar a estrutura de hipertexto e hiperlinks em textos de divulgação científica que circulam na Web e proceder à remissão a conceitos e relações por meio de links.,"Analyze the hypertext and hyperlink structure of science communication texts published on the Web, and use links to refer to related concepts and relationships."
EF89LP31,EF,"8º, 9º",Língua Portuguesa,"Analisar e utilizar modalização epistêmica, isto é, modos de indicar uma avaliação sobre o valor de verdade e as condições de verdade de uma proposição, tais como os asseverativos – quando se concorda com (“realmente, evidentemente, naturalmente, efetivamente, claro, certo, lógico, sem dúvida” etc.) ou discorda de (“de jeito nenhum, de forma alguma”) uma ideia; e os quase-asseverativos, que indicam que se considera o conteúdo como quase certo (“talvez, assim, possivelmente, provavelmente, eventualmente”).","Analyze and employ epistemic modalization — that is, ways of indicating an assessment of the truth value and truth conditions of a proposition — including assertive expressions, used when the speaker agrees with ('realmente, evidentemente, naturalmente, efetivamente, claro, certo, lógico, sem dúvida' / 'indeed, evidently, naturally, effectively, of course, certainly, obviously, without a doubt,' etc.) or disagrees with ('de jeito nenhum, de forma alguma' / 'in no way, not at all') an idea, and quasi-assertive expressions, which indicate that the content is considered nearly certain ('talvez, assim, possivelmente, provavelmente, eventualmente' / 'perhaps, so, possibly, probably, possibly')."
EF89LP32,EF,"8º, 9º",Língua Portuguesa,"Analisar os efeitos de sentido decorrentes do uso de mecanismos de intertextualidade (referências, alusões, retomadas) entre os textos literários, entre esses textos literários e outras manifestações artísticas (cinema, teatro, artes visuais e midiáticas, música), quanto aos temas, personagens, estilos, autores etc., e entre o texto original e paródias, paráfrases, pastiches, trailer honesto, vídeos-minuto, vidding, dentre outros.","Analyze the effects of meaning arising from the use of intertextuality mechanisms (references, allusions, and callbacks) among literary texts, between those literary texts and other artistic expressions (film, theater, visual and media arts, music) with respect to themes, characters, styles, and authors, and between an original text and parodies, paraphrases, pastiches, honest trailers, short-form videos, vidding, and other derivative forms."
EF89LP33,EF,"8º, 9º",Língua Portuguesa,"Ler, de forma autônoma, e compreender – selecionando procedimentos e estratégias de leitura adequados a diferentes objetivos e levando em conta características dos gêneros e suportes – romances, contos contemporâneos, minicontos, fábulas contemporâneas, romances juvenis, biografias romanceadas, novelas, crônicas visuais, narrativas de ficção científica, narrativas de suspense, poemas de forma livre e fixa (como haicai), poema concreto, ciberpoema, dentre outros, expressando avaliação sobre o texto lido e estabelecendo preferências por gêneros, temas, autores.","Read independently and demonstrate comprehension of — selecting reading procedures and strategies appropriate to different purposes and taking into account the characteristics of genres and media — novels, contemporary short stories, flash fiction, contemporary fables, young adult novels, fictionalized biographies, novellas, visual chronicles, science fiction narratives, suspense narratives, free-verse and fixed-form poems (such as haiku), concrete poetry, cyberpoems, and other forms, expressing evaluative responses to texts read and articulating preferences for genres, themes, and authors."
EF89LP34,EF,"8º, 9º",Língua Portuguesa,"Analisar a organização de texto dramático apresentado em teatro, televisão, cinema, identificando e percebendo os sentidos decorrentes dos recursos linguísticos e semióticos que sustentam sua realização como peça teatral, novela, filme etc.","Analyze the structure of dramatic texts as performed in theater, television, and film, identifying and interpreting the meanings that emerge from the linguistic and semiotic resources that sustain their realization as stage plays, telenovelas, films, etc."
EF89LP35,EF,"8º, 9º",Língua Portuguesa,"Criar contos ou crônicas (em especial, líricas), crônicas visuais, minicontos, narrativas de aventura e de ficção científica, dentre outros, com temáticas próprias ao gênero, usando os conhecimentos sobre os constituintes estruturais e recursos expressivos típicos dos gêneros narrativos pretendidos, e, no caso de produção em grupo, ferramentas de escrita colaborativa.","Create short stories or chronicles (particularly lyrical ones), visual chronicles, flash fiction, adventure narratives, and science fiction narratives, among others, with themes appropriate to the genre, drawing on knowledge of the structural components and expressive resources characteristic of the intended narrative genres, and — in the case of group production — using collaborative writing tools."
EF89LP36,EF,"8º, 9º",Língua Portuguesa,"Parodiar poemas conhecidos da literatura e criar textos em versos (como poemas concretos, ciberpoemas, haicais, liras, microrroteiros, lambe-lambes e outros tipos de poemas), explorando o uso de recursos sonoros e semânticos (como figuras de linguagem e jogos de palavras) e visuais (como relações entre imagem e texto verbal e distribuição da mancha gráfica), de forma a propiciar diferentes efeitos de sentido.","Parody well-known literary poems and compose verse texts (such as concrete poems, cyberpoems, haiku, liras, micro-scripts, lambe-lambes, and other poetic forms), experimenting with sonic and semantic resources (such as figures of speech and wordplay) and visual resources (such as the relationship between image and verbal text and the arrangement of the text on the page), so as to produce a range of effects of meaning."
EI03TS03,EI,Crianças pequenas (4 anos a 5 anos e 11 meses),"Traços, Sons, Cores e Formas","Reconhecer as qualidades do som (intensidade, duração, altura e timbre), utilizando-as em suas produções sonoras e ao ouvir músicas e sons.","Recognize the properties of sound (intensity, duration, pitch, and timbre), applying them in their own sound productions and while listening to music and other sounds."
EM13CHS101,EM,"1º, 2º, 3º",Ciências Humanas e Sociais Aplicadas,"Identificar, analisar e comparar diferentes fontes e narrativas expressas em diversas linguagens, com vistas à compreensão de ideias filosóficas e de processos e eventos históricos, geográficos, políticos, econômicos, sociais, ambientais e culturais.","Identify, analyze, and compare different sources and narratives expressed in diverse forms of language, with a view to understanding philosophical ideas and historical, geographic, political, economic, social, environmental, and cultural processes and events."
EM13CHS102,EM,"1º, 2º, 3º",Ciências Humanas e Sociais Aplicadas,"Identificar, analisar e discutir as circunstâncias históricas, geográficas, políticas, econômicas, sociais, ambientais e culturais de matrizes conceituais (etnocentrismo, racismo, evolução, modernidade, cooperativismo/desenvolvimento etc.), avaliando criticamente seu significado histórico e comparando-as a narrativas que contemplem outros agentes e discursos.","Identify, analyze, and discuss the historical, geographic, political, economic, social, environmental, and cultural circumstances underlying conceptual frameworks (ethnocentrism, racism, evolution, modernity, cooperativism/development, etc.), critically evaluating their historical significance and comparing them to narratives that foreground other agents and discourses."
EM13CHS103,EM,"1º, 2º, 3º",Ciências Humanas e Sociais Aplicadas,"Elaborar hipóteses, selecionar evidências e compor argumentos relativos a processos políticos, econômicos, sociais, ambientais, culturais e epistemológicos, com base na sistematização de dados e informações de diversas naturezas (expressões artísticas, textos filosóficos e sociológicos, documentos históricos e geográficos, gráficos, mapas, tabelas, tradições orais, entre outros).","Formulate hypotheses, select evidence, and construct arguments pertaining to political, economic, social, environmental, cultural, and epistemological processes, based on the systematic organization of data and information from diverse sources (artistic expressions, philosophical and sociological texts, historical and geographic documents, graphs, maps, tables, oral traditions, and others)."
EM13CHS104,EM,"1º, 2º, 3º",Ciências Humanas e Sociais Aplicadas,"Analisar objetos e vestígios da cultura material e imaterial de modo a identificar conhecimentos, valores, crenças e práticas que caracterizam a identidade e a diversidade cultural de diferentes sociedades inseridas no tempo e no espaço.","Analyze objects and traces of material and immaterial culture in order to identify the knowledge, values, beliefs, and practices that characterize the identity and cultural diversity of different societies situated across time and space."
EM13CHS105,EM,"1º, 2º, 3º",Ciências Humanas e Sociais Aplicadas,"Identificar, contextualizar e criticar tipologias evolutivas (populações nômades e sedentárias, entre outras) e oposições dicotômicas (cidade/campo, cultura/ natureza, civilizados/bárbaros, razão/emoção, material/virtual etc.), explicitando suas ambiguidades.","Identify, contextualize, and critically examine evolutionary typologies (nomadic and sedentary populations, among others) and dichotomous oppositions (urban/rural, culture/nature, civilized/barbarian, reason/emotion, material/virtual, etc.), making their ambiguities explicit."
EM13CHS106,EM,"1º, 2º, 3º",Ciências Humanas e Sociais Aplicadas,"Utilizar as linguagens cartográfica, gráfica e iconográfica, diferentes gêneros textuais e tecnologias digitais de informação e comunicação de forma crítica, significativa, reflexiva e ética nas diversas práticas sociais, incluindo as escolares, para se comunicar, acessar e difundir informações, produzir conhecimentos, resolver problemas e exercer protagonismo e autoria na vida pessoal e coletiva.","Apply cartographic, graphic, and iconographic languages, diverse text genres, and digital information and communication technologies in a critical, meaningful, reflective, and ethical manner across various social practices — including academic ones — in order to communicate, access and disseminate information, produce knowledge, solve problems, and exercise agency and authorship in personal and collective life."
EM13CHS201,EM,"1º, 2º, 3º",Ciências Humanas e Sociais Aplicadas,"Analisar e caracterizar as dinâmicas das populações, das mercadorias e do capital nos diversos continentes, com destaque para a mobilidade e a fixação de pessoas, grupos humanos e povos, em função de eventos naturais, políticos, econômicos, sociais, religiosos e culturais, de modo a compreender e posicionar-se criticamente em relação a esses processos e às possíveis relações entre eles.","Analyze and characterize the dynamics of populations, goods, and capital across the continents, with emphasis on the mobility and settlement of individuals, human groups, and peoples in response to natural, political, economic, social, religious, and cultural events, so as to understand and take a critical stance on these processes and their possible interrelations."
EM13CHS202,EM,"1º, 2º, 3º",Ciências Humanas e Sociais Aplicadas,"Analisar e avaliar os impactos das tecnologias na estruturação e nas dinâmicas de grupos, povos e sociedades contemporâneos (fluxos populacionais, financeiros, de mercadorias, de informações, de valores éticos e culturais etc.), bem como suas interferências nas decisões políticas, sociais, ambientais, econômicas e culturais.","Analyze and evaluate the impacts of technology on the structure and dynamics of contemporary groups, peoples, and societies (population, financial, goods, information, and ethical and cultural value flows, etc.), as well as technology's influence on political, social, environmental, economic, and cultural decision-making."
EM13CHS203,EM,"1º, 2º, 3º",Ciências Humanas e Sociais Aplicadas,"Comparar os significados de território, fronteiras e vazio (espacial, temporal e cultural) em diferentes sociedades, contextualizando e relativizando visões dualistas (civilização/barbárie, nomadismo/sedentarismo, esclarecimento/obscurantismo, cidade/campo, entre outras).","Compare the meanings of territory, borders, and void (spatial, temporal, and cultural) across different societies, contextualizing and relativizing dualistic frameworks (civilization/barbarism, nomadism/sedentarism, enlightenment/obscurantism, urban/rural, among others)."
EM13CHS204,EM,"1º, 2º, 3º",Ciências Humanas e Sociais Aplicadas,"Comparar e avaliar os processos de ocupação do espaço e a formação de territórios, territorialidades e fronteiras, identificando o papel de diferentes agentes (como grupos sociais e culturais, impérios, Estados Nacionais e organismos internacionais) e considerando os conflitos populacionais (internos e externos), a diversidade étnico-cultural e as características socioeconômicas, políticas e tecnológicas.","Compare and evaluate processes of spatial occupation and the formation of territories, territorialities, and borders, identifying the role of different agents (such as social and cultural groups, empires, nation-states, and international organizations) and considering population conflicts (internal and external), ethnic-cultural diversity, and socioeconomic, political, and technological characteristics."
EM13CHS205,EM,"1º, 2º, 3º",Ciências Humanas e Sociais Aplicadas,"Analisar a produção de diferentes territorialidades em suas dimensões culturais, econômicas, ambientais, políticas e sociais, no Brasil e no mundo contemporâneo, com destaque para as culturas juvenis.","Analyze the production of different territorialities in their cultural, economic, environmental, political, and social dimensions, in Brazil and in the contemporary world, with particular attention to youth cultures."
EM13CHS206,EM,"1º, 2º, 3º",Ciências Humanas e Sociais Aplicadas,"Analisar a ocupação humana e a produção do espaço em diferentes tempos, aplicando os princípios de localização, distribuição, ordem, extensão, conexão, arranjos, casualidade, entre outros que contribuem para o raciocínio geográfico.","Analyze human occupation and the production of space across different time periods, applying geographic reasoning principles such as location, distribution, order, extent, connection, spatial arrangement, and causality, among others."
EM13CHS301,EM,"1º, 2º, 3º",Ciências Humanas e Sociais Aplicadas,"Problematizar hábitos e práticas individuais e coletivos de produção, reaproveitamento e descarte de resíduos em metrópoles, áreas urbanas e rurais, e comunidades com diferentes características socioeconômicas, e elaborar e/ou selecionar propostas de ação que promovam a sustentabilidade socioambiental, o combate à poluição sistêmica e o consumo responsável.","Examine individual and collective habits and practices related to the production, reuse, and disposal of waste in metropolitan areas, urban and rural settings, and communities with varying socioeconomic characteristics, and develop and/or select action proposals that promote socio-environmental sustainability, combat systemic pollution, and encourage responsible consumption."
EM13CHS302,EM,"1º, 2º, 3º",Ciências Humanas e Sociais Aplicadas,"Analisar e avaliar criticamente os impactos econômicos e socioambientais de cadeias produtivas ligadas à exploração de recursos naturais e às atividades agropecuárias em diferentes ambientes e escalas de análise, considerando o modo de vida das populações locais - entre elas as indígenas, quilombolas e demais comunidades tradicionais -, suas práticas agroextrativistas e o compromisso com a sustentabilidade.","Critically analyze and evaluate the economic and socio-environmental impacts of supply chains linked to the extraction of natural resources and to agricultural and livestock activities across different environments and scales of analysis, taking into account the ways of life of local populations — including Indigenous peoples, Quilombolas (communities descended from escaped enslaved Africans), and other traditional communities — their agroextractivist practices, and their commitment to sustainability."
EM13CHS303,EM,"1º, 2º, 3º",Ciências Humanas e Sociais Aplicadas,"Debater e avaliar o papel da indústria cultural e das culturas de massa no estímulo ao consumismo, seus impactos econômicos e socioambientais, com vistas à percepção crítica das necessidades criadas pelo consumo e à adoção de hábitos sustentáveis.","Discuss and evaluate the role of the culture industry and mass cultures in stimulating consumerism, as well as their economic and socio-environmental impacts, with a view to developing critical awareness of consumption-driven needs and adopting sustainable habits."
EM13CHS304,EM,"1º, 2º, 3º",Ciências Humanas e Sociais Aplicadas,"Analisar os impactos socioambientais decorrentes de práticas de instituições governamentais, de empresas e de indivíduos, discutindo as origens dessas práticas, selecionando, incorporando e promovendo aquelas que favoreçam a consciência e a ética socioambiental e o consumo responsável.","Analyze the socio-environmental impacts of practices by governmental institutions, companies, and individuals, discussing the origins of those practices and selecting, incorporating, and promoting those that foster socio-environmental awareness and ethics and responsible consumption."
EM13CHS305,EM,"1º, 2º, 3º",Ciências Humanas e Sociais Aplicadas,"Analisar e discutir o papel e as competências legais dos organismos nacionais e internacionais de regulação, controle e fiscalização ambiental e dos acordos internacionais para a promoção e a garantia de práticas ambientais sustentáveis.","Analyze and discuss the role and legal authority of national and international bodies responsible for environmental regulation, oversight, and enforcement, as well as the role of international agreements in promoting and ensuring sustainable environmental practices."
EM13CHS306,EM,"1º, 2º, 3º",Ciências Humanas e Sociais Aplicadas,"Contextualizar, comparar e avaliar os impactos de diferentes modelos socioeconômicos no uso dos recursos naturais e na promoção da sustentabilidade econômica e socioambiental do planeta (como a adoção dos sistemas da agrobiodiversidade e agroflorestal por diferentes comunidades, entre outros).","Contextualize, compare, and evaluate the impacts of different socioeconomic models on the use of natural resources and on the promotion of economic and socio-environmental sustainability for the planet (such as the adoption of agrobiodiversity and agroforestry systems by different communities, among others)."
EM13CHS401,EM,"1º, 2º, 3º",Ciências Humanas e Sociais Aplicadas,"Identificar e analisar as relações entre sujeitos, grupos, classes sociais e sociedades com culturas distintas diante das transformações técnicas, tecnológicas e informacionais e das novas formas de trabalho ao longo do tempo, em diferentes espaços (urbanos e rurais) e contextos.","Identify and analyze the relationships among individuals, groups, social classes, and societies with distinct cultures in the face of technical, technological, and informational transformations and new forms of labor across time, in different spaces (urban and rural), and in different contexts."
EM13MAT502,EM,"1º, 2º, 3º",Matemática e suas Tecnologias,"Investigar relações entre números expressos em tabelas para representá-los no plano cartesiano, identificando padrões e criando conjecturas para generalizar e expressar algebricamente essa generalização, reconhecendo quando essa representação é de função polinomial de 2º grau do tipo y = ax2.","Investigate relationships between numbers expressed in tables in order to represent them in the Cartesian plane, identifying patterns and formulating conjectures to generalize and express that generalization algebraically, recognizing when such a representation corresponds to a second-degree polynomial function of the form y = ax²."
EM13MAT503,EM,"1º, 2º, 3º",Matemática e suas Tecnologias,"Investigar pontos de máximo ou de mínimo de funções quadráticas em contextos envolvendo superfícies, Matemática Financeira ou Cinemática, entre outros, com apoio de tecnologias digitais.","Investigate maximum and minimum points of quadratic functions in contexts involving surface area, financial mathematics, or kinematics, among others, with the support of digital technologies."
EM13MAT504,EM,"1º, 2º, 3º",Matemática e suas Tecnologias,"Investigar processos de obtenção da medida do volume de prismas, pirâmides, cilindros e cones, incluindo o princípio de Cavalieri, para a obtenção das fórmulas de cálculo da medida do volume dessas figuras.","Investigate processes for determining the volume of prisms, pyramids, cylinders, and cones — including Cavalieri's principle — in order to derive the volume formulas for each of these figures."
EM13MAT505,EM,"1º, 2º, 3º",Matemática e suas Tecnologias,"Resolver problemas sobre ladrilhamento do plano, com ou sem apoio de aplicativos de geometria dinâmica, para conjecturar a respeito dos tipos ou composição de polígonos que podem ser utilizados em ladrilhamento, generalizando padrões observados.","Solve problems involving plane tessellation, with or without the support of dynamic geometry applications, in order to conjecture about the types or combinations of polygons that can be used in tessellations, generalizing observed patterns."
EM13MAT506,EM,"1º, 2º, 3º",Matemática e suas Tecnologias,"Representar graficamente a variação da área e do perímetro de um polígono regular quando os comprimentos de seus lados variam, analisando e classificando as funções envolvidas.","Represent graphically the variation in area and perimeter of a regular polygon as its side lengths vary, analyzing and classifying the functions involved."
EM13MAT507,EM,"1º, 2º, 3º",Matemática e suas Tecnologias,"Identificar e associar progressões aritméticas (PA) a funções afins de domínios discretos, para análise de propriedades, dedução de algumas fórmulas e resolução de problemas.","Identify and connect arithmetic progressions (APs) to linear functions with discrete domains, in order to analyze properties, derive selected formulas, and solve problems."
EM13MAT508,EM,"1º, 2º, 3º",Matemática e suas Tecnologias,"Identificar e associar progressões geométricas (PG) a funções exponenciais de domínios discretos, para análise de propriedades, dedução de algumas fórmulas e resolução de problemas.","Identify and connect geometric progressions (GPs) to exponential functions with discrete domains, in order to analyze properties, derive selected formulas, and solve problems."
EM13MAT509,EM,"1º, 2º, 3º",Matemática e suas Tecnologias,"Investigar a deformação de ângulos e áreas provocada pelas diferentes projeções usadas em cartografia (como a cilíndrica e a cônica), com ou sem suporte de tecnologia digital.",Investigate the distortion of angles and areas produced by different projections used in cartography — such as cylindrical and conic projections — with or without the support of digital technology.
EM13MAT510,EM,"1º, 2º, 3º",Matemática e suas Tecnologias,"Investigar conjuntos de dados relativos ao comportamento de duas variáveis numéricas, usando ou não tecnologias da informação, e, quando apropriado, levar em conta a variação e utilizar uma reta para descrever a relação observada.","Investigate data sets describing the behavior of two numerical variables, with or without the use of information technology, and, when appropriate, account for variation and use a line to describe the observed relationship."
EM13MAT511,EM,"1º, 2º, 3º",Matemática e suas Tecnologias,"Reconhecer a existência de diferentes tipos de espaços amostrais, discretos ou não, e de eventos, equiprováveis ou não, e investigar implicações no cálculo de probabilidades.",Recognize the existence of different types of sample spaces — discrete or otherwise — and of events — equally likely or otherwise — and investigate the implications for the calculation of probabilities.
EM13LGG402,EM,"1º, 2º, 3º",Linguagens e suas Tecnologias,"Empregar, nas interações sociais, a variedade e o estilo de língua adequados à situação comunicativa, ao(s) interlocutor(es) e ao gênero do discurso, respeitando os usos das línguas por esse(s) interlocutor(es) e sem preconceito linguístico.","Employ, in social interactions, the language variety and style appropriate to the communicative situation, the interlocutor(s), and the discourse genre, respecting the language uses of those interlocutor(s) and without linguistic prejudice."
EM13LGG403,EM,"1º, 2º, 3º",Linguagens e suas Tecnologias,"Fazer uso do inglês como língua de comunicação global, levando em conta a multiplicidade e variedade de usos, usuários e funções dessa língua no mundo contemporâneo.","Use English as a global communication language, taking into account the multiplicity and variety of uses, users, and functions of this language in the contemporary world."
EM13LGG501,EM,"1º, 2º, 3º",Linguagens e suas Tecnologias,"Selecionar e utilizar movimentos corporais de forma consciente e intencional para interagir socialmente em práticas corporais, de modo a estabelecer relações construtivas, empáticas, éticas e de respeito às diferenças.","Select and apply bodily movements consciously and intentionally to interact socially in physical practices, in order to establish constructive, empathetic, ethical, and difference-respecting relationships."
EM13LGG502,EM,"1º, 2º, 3º",Linguagens e suas Tecnologias,"Analisar criticamente preconceitos, estereótipos e relações de poder presentes nas práticas corporais, adotando posicionamento contrário a qualquer manifestação de injustiça e desrespeito a direitos humanos e valores democráticos.","Critically analyze prejudices, stereotypes, and power relations present in physical practices, adopting a stance against any manifestation of injustice and disregard for human rights and democratic values."
EM13LGG503,EM,"1º, 2º, 3º",Linguagens e suas Tecnologias,"Vivenciar práticas corporais e significá-las em seu projeto de vida, como forma de autoconhecimento, autocuidado com o corpo e com a saúde, socialização e entretenimento.","Engage in physical practices and integrate them meaningfully into one's life project as a means of self-knowledge, self-care for the body and health, socialization, and entertainment."
EM13LGG601,EM,"1º, 2º, 3º",Linguagens e suas Tecnologias,"Apropriar-se do patrimônio artístico de diferentes tempos e lugares, compreendendo a sua diversidade, bem como os processos de legitimação das manifestações artísticas na sociedade, desenvolvendo visão crítica e histórica.","Engage with the artistic heritage of different times and places, understanding its diversity as well as the processes by which artistic expressions are legitimized in society, while developing a critical and historical perspective."
EM13LGG602,EM,"1º, 2º, 3º",Linguagens e suas Tecnologias,"Fruir e apreciar esteticamente diversas manifestações artísticas e culturais, das locais às mundiais, assim como delas participar, de modo a aguçar continuamente a sensibilidade, a imaginação e a criatividade.","Appreciate and respond aesthetically to diverse artistic and cultural expressions—from local to global—and participate in them, so as to continuously sharpen sensitivity, imagination, and creativity."
EM13LGG603,EM,"1º, 2º, 3º",Linguagens e suas Tecnologias,"Expressar-se e atuar em processos de criação autorais individuais e coletivos nas diferentes linguagens artísticas (artes visuais, audiovisual, dança, música e teatro) e nas intersecções entre elas, recorrendo a referências estéticas e culturais, conhecimentos de naturezas diversas (artísticos, históricos, sociais e políticos) e experiências individuais e coletivas.","Express oneself and engage in individual and collective original creative processes across different artistic languages (visual arts, audiovisual, dance, music, and theater) and their intersections, drawing on aesthetic and cultural references, diverse bodies of knowledge (artistic, historical, social, and political), and individual and collective experiences."
EM13LGG604,EM,"1º, 2º, 3º",Linguagens e suas Tecnologias,"Relacionar as práticas artísticas às diferentes dimensões da vida social, cultural, política e econômica e identificar o processo de construção histórica dessas práticas.","Relate artistic practices to the different dimensions of social, cultural, political, and economic life, and identify the historical construction process of those practices."
EM13LGG701,EM,"1º, 2º, 3º",Linguagens e suas Tecnologias,"Explorar tecnologias digitais da informação e comunicação (TDIC), compreendendo seus princípios e funcionalidades, e utilizá-las de modo ético, criativo, responsável e adequado a práticas de linguagem em diferentes contextos.","Explore digital information and communication technologies (DICT), understanding their principles and functionalities, and use them ethically, creatively, responsibly, and appropriately in language practices across different contexts."
EM13LGG702,EM,"1º, 2º, 3º",Linguagens e suas Tecnologias,"Avaliar o impacto das tecnologias digitais da informação e comunicação (TDIC) na formação do sujeito e em suas práticas sociais, para fazer uso crítico dessa mídia em práticas de seleção, compreensão e produção de discursos em ambiente digital.","Evaluate the impact of digital information and communication technologies (DICT) on the formation of the individual and on their social practices, in order to engage critically with these media in practices of selecting, comprehending, and producing discourse in digital environments."
EM13LGG703,EM,"1º, 2º, 3º",Linguagens e suas Tecnologias,"Utilizar diferentes linguagens, mídias e ferramentas digitais em processos de produção coletiva, colaborativa e projetos autorais em ambientes digitais.","Use different languages, media, and digital tools in collective, collaborative production processes and original authorial projects in digital environments."
EM13LGG704,EM,"1º, 2º, 3º",Linguagens e suas Tecnologias,"Apropriar-se criticamente de processos de pesquisa e busca de informação, por meio de ferramentas e dos novos formatos de produção e distribuição do conhecimento na cultura de rede.",Critically appropriate research and information-seeking processes through tools and new formats of knowledge production and distribution in networked culture.
EM13LP01,EM,"1º, 2º, 3º",Língua Portuguesa,"Relacionar o texto, tanto na produção como na leitura/escuta, com suas condições de produção e seu contexto sócio-histórico de circulação (leitor/audiência previstos, objetivos, pontos de vista e perspectivas, papel social do autor, época, gênero do discurso etc.), de forma a ampliar as possibilidades de construção de sentidos e de análise crítica e produzir textos adequados a diferentes situações.","Relate texts—both in production and in reading/listening—to their conditions of production and their socio-historical context of circulation (intended reader/audience, objectives, points of view and perspectives, author's social role, historical period, discourse genre, etc.), in order to expand the possibilities for meaning-making, support critical analysis, and produce texts appropriate to different situations."
EM13LP02,EM,"1º, 2º, 3º",Língua Portuguesa,"Estabelecer relações entre as partes do texto, tanto na produção como na leitura/escuta, considerando a construção composicional e o estilo do gênero, usando/reconhecendo adequadamente elementos e recursos coesivos diversos que contribuam para a coerência, a continuidade do texto e sua progressão temática, e organizando informações, tendo em vista as condições de produção e as relações lógico-discursivas envolvidas (causa/efeito ou consequência; tese/argumentos; problema/solução; definição/exemplos etc.).","Establish relationships among the parts of a text—both in production and in reading/listening—considering the compositional structure and style of the genre, appropriately using and recognizing diverse cohesive elements and resources that contribute to coherence, textual continuity, and thematic progression, and organizing information in view of the conditions of production and the logical-discursive relations involved (cause/effect or consequence; thesis/arguments; problem/solution; definition/examples, etc.)."
EM13LP03,EM,"1º, 2º, 3º",Língua Portuguesa,"Analisar relações de intertextualidade e interdiscursividade que permitam a explicitação de relações dialógicas, a identificação de posicionamentos ou de perspectivas, a compreensão de paráfrases, paródias e estilizações, entre outras possibilidades.","Analyze relations of intertextuality and interdiscursivity that allow for the explicitation of dialogic relationships, the identification of stances or perspectives, and the understanding of paraphrase, parody, and stylization, among other possibilities."
EM13LP04,EM,"1º, 2º, 3º",Língua Portuguesa,"Estabelecer relações de interdiscursividade e intertextualidade para explicitar, sustentar e conferir consistência a posicionamentos e para construir e corroborar explicações e relatos, fazendo uso de citações e paráfrases devidamente marcadas.","Establish relations of interdiscursivity and intertextuality to articulate, support, and lend consistency to positions, and to construct and corroborate explanations and accounts, making appropriate use of properly marked quotations and paraphrases."
EM13LP05,EM,"1º, 2º, 3º",Língua Portuguesa,"Analisar, em textos argumentativos, os posicionamentos assumidos, os movimentos argumentativos (sustentação, refutação/contra-argumentação e negociação) e os argumentos utilizados para sustentá-los, para avaliar sua força e eficácia, e posicionar-se criticamente diante da questão discutida e/ou dos argumentos utilizados, recorrendo aos mecanismos linguísticos necessários.","Analyze, in argumentative texts, the positions adopted, the argumentative moves (support, refutation/counter-argumentation, and negotiation), and the arguments used to sustain them, in order to assess their force and effectiveness, and to take a critical stance toward the issue under discussion and/or the arguments employed, drawing on the necessary linguistic mechanisms."
EM13LP06,EM,"1º, 2º, 3º",Língua Portuguesa,"Analisar efeitos de sentido decorrentes de usos expressivos da linguagem, da escolha de determinadas palavras ou expressões e da ordenação, combinação e contraposição de palavras, dentre outros, para ampliar as possibilidades de construção de sentidos e de uso crítico da língua.","Analyze meaning effects arising from expressive uses of language—including word and expression choice, and the ordering, combination, and juxtaposition of words, among others—in order to expand the possibilities for meaning-making and for the critical use of language."
EM13LP07,EM,"1º, 2º, 3º",Língua Portuguesa,"Analisar, em textos de diferentes gêneros, marcas que expressam a posição do enunciador frente àquilo que é dito: uso de diferentes modalidades (epistêmica, deôntica e apreciativa) e de diferentes recursos gramaticais que operam como modalizadores (verbos modais, tempos e modos verbais, expressões modais, adjetivos, locuções ou orações adjetivas, advérbios, locuções ou orações adverbiais, entonação etc.), uso de estratégias de impessoalização (uso de terceira pessoa e de voz passiva etc.), com vistas ao incremento da compreensão e da criticidade e ao manejo adequado desses elementos nos textos produzidos, considerando os contextos de produção.","Analyze, in texts of different genres, markers that express the enunciator's stance toward what is said: use of different modalities (epistemic, deontic, and appreciative) and of different grammatical resources functioning as modalizers (modal verbs, verb tenses and moods, modal expressions, adjectives, adjectival phrases or clauses, adverbs, adverbial phrases or clauses, intonation, etc.), use of impersonalization strategies (use of third person and passive voice, etc.), with a view to enhancing comprehension and critical awareness and to appropriately managing these elements in texts produced, considering the contexts of production."
EM13MAT305,EM,"1º, 2º, 3º",Matemática e suas Tecnologias,"Resolver e elaborar problemas com funções logarítmicas nos quais seja necessário compreender e interpretar a variação das grandezas envolvidas, em contextos como os de abalos sísmicos, pH, radioatividade, Matemática Financeira, entre outros.","Solve and create problems involving logarithmic functions in which it is necessary to understand and interpret the variation of the quantities involved, in contexts such as seismic activity, pH, radioactivity, financial mathematics, and others."
EM13MAT306,EM,"1º, 2º, 3º",Matemática e suas Tecnologias,"Resolver e elaborar problemas em contextos que envolvem fenômenos periódicos reais (ondas sonoras, fases da lua, movimentos cíclicos, entre outros) e comparar suas representações com as funções seno e cosseno, no plano cartesiano, com ou sem apoio de aplicativos de álgebra e geometria.","Solve and create problems in contexts involving real periodic phenomena (sound waves, lunar phases, cyclical motion, and others) and compare their representations with sine and cosine functions in the Cartesian plane, with or without the support of algebra and geometry applications."
EM13MAT307,EM,"1º, 2º, 3º",Matemática e suas Tecnologias,"Empregar diferentes métodos para a obtenção da medida da área de uma superfície (reconfigurações, aproximação por cortes etc.) e deduzir expressões de cálculo para aplicá-las em situações reais (como o remanejamento e a distribuição de plantações, entre outros), com ou sem apoio de tecnologias digitais.","Apply different methods for determining the area of a surface (reconfiguration, approximation by subdivision, etc.) and derive calculation expressions to apply them in real-world situations (such as the redistribution and layout of crop plantings, among others), with or without the support of digital technologies."
EM13MAT308,EM,"1º, 2º, 3º",Matemática e suas Tecnologias,"Aplicar as relações métricas, incluindo as leis do seno e do cosseno ou as noções de congruência e semelhança, para resolver e elaborar problemas que envolvem triângulos, em variados contextos.","Apply metric relations, including the Law of Sines and the Law of Cosines or the concepts of congruence and similarity, to solve and create problems involving triangles in a variety of contexts."
EM13MAT309,EM,"1º, 2º, 3º",Matemática e suas Tecnologias,"Resolver e elaborar problemas que envolvem o cálculo de áreas totais e de volumes de prismas, pirâmides e corpos redondos em situações reais (como o cálculo do gasto de material para revestimento ou pinturas de objetos cujos formatos sejam composições dos sólidos estudados), com ou sem apoio de tecnologias digitais.","Solve and create problems involving the calculation of total surface areas and volumes of prisms, pyramids, and solids of revolution in real-world situations (such as calculating the amount of material needed to coat or paint objects whose shapes are composites of the solids studied), with or without the support of digital technologies."
EM13MAT310,EM,"1º, 2º, 3º",Matemática e suas Tecnologias,"Resolver e elaborar problemas de contagem envolvendo agrupamentos ordenáveis ou não de elementos, por meio dos princípios multiplicativo e aditivo, recorrendo a estratégias diversas, como o diagrama de árvore.","Solve and create counting problems involving ordered and unordered arrangements of elements by applying the Multiplication Principle and the Addition Principle, using a variety of strategies such as tree diagrams."
EM13MAT311,EM,"1º, 2º, 3º",Matemática e suas Tecnologias,"Identificar e descrever o espaço amostral de eventos aleatórios, realizando contagem das possibilidades, para resolver e elaborar problemas que envolvem o cálculo da probabilidade.",Identify and describe the sample space of random events by counting outcomes in order to solve and create problems involving the calculation of probability.
EM13MAT312,EM,"1º, 2º, 3º",Matemática e suas Tecnologias,Resolver e elaborar problemas que envolvem o cálculo de probabilidade de eventos em experimentos aleatórios sucessivos.,Solve and create problems involving the calculation of the probability of events in successive random experiments.
EM13MAT313,EM,"1º, 2º, 3º",Matemática e suas Tecnologias,"Utilizar, quando necessário, a notação científica para expressar uma medida, compreendendo as noções de algarismos significativos e algarismos duvidosos, e reconhecendo que toda medida é inevitavelmente acompanhada de erro.","Apply scientific notation, when appropriate, to express a measurement, demonstrating understanding of the concepts of significant figures and doubtful digits, and recognizing that every measurement is inevitably accompanied by error."
EM13MAT314,EM,"1º, 2º, 3º",Matemática e suas Tecnologias,"Resolver e elaborar problemas que envolvem grandezas determinadas pela razão ou pelo produto de outras (velocidade, densidade demográfica, energia elétrica etc.).","Solve and create problems involving quantities defined by the ratio or product of other quantities (speed, population density, electrical energy, etc.)."
EM13MAT315,EM,"1º, 2º, 3º",Matemática e suas Tecnologias,"Investigar e registrar, por meio de um fluxograma, quando possível, um algoritmo que resolve um problema.","Investigate and record, by means of a flowchart when possible, an algorithm that solves a given problem."
EM13MAT316,EM,"1º, 2º, 3º",Matemática e suas Tecnologias,"Resolver e elaborar problemas, em diferentes contextos, que envolvem cálculo e interpretação das medidas de tendência central (média, moda, mediana) e das medidas de dispersão (amplitude, variância e desvio padrão).","Solve and create problems, in different contexts, involving the calculation and interpretation of measures of central tendency (mean, mode, median) and measures of dispersion (range, variance, and standard deviation)."
EM13MAT401,EM,"1º, 2º, 3º",Matemática e suas Tecnologias,"Converter representações algébricas de funções polinomiais de 1º grau em representações geométricas no plano cartesiano, distinguindo os casos nos quais o comportamento é proporcional, recorrendo ou não a softwares ou aplicativos de álgebra e geometria dinâmica.","Convert algebraic representations of first-degree polynomial functions into geometric representations in the Cartesian plane, distinguishing cases in which the relationship is proportional, with or without the use of algebra and dynamic geometry software or applications."
EM13MAT402,EM,"1º, 2º, 3º",Matemática e suas Tecnologias,"Converter representações algébricas de funções polinomiais de 2º grau em representações geométricas no plano cartesiano, distinguindo os casos nos quais uma variável for diretamente proporcional ao quadrado da outra, recorrendo ou não a softwares ou aplicativos de álgebra e geometria dinâmica, entre outros materiais.","Convert algebraic representations of second-degree polynomial functions into geometric representations in the Cartesian plane, distinguishing cases in which one variable is directly proportional to the square of the other, with or without the use of algebra and dynamic geometry software or applications, among other materials."
EM13MAT403,EM,"1º, 2º, 3º",Matemática e suas Tecnologias,"Analisar e estabelecer relações, com ou sem apoio de tecnologias digitais, entre as representações de funções exponencial e logarítmica expressas em tabelas e em plano cartesiano, para identificar as características fundamentais (domínio, imagem, crescimento) de cada função.","Analyze and establish relationships, with or without the support of digital technologies, between representations of exponential and logarithmic functions expressed in tables and in the Cartesian plane, in order to identify the fundamental characteristics (domain, range, growth behavior) of each function."
EM13MAT404,EM,"1º, 2º, 3º",Matemática e suas Tecnologias,"Analisar funções definidas por uma ou mais sentenças (tabela do Imposto de Renda, contas de luz, água, gás etc.), em suas representações algébrica e gráfica, identificando domínios de validade, imagem, crescimento e decrescimento, e convertendo essas representações de uma para outra, com ou sem apoio de tecnologias digitais.","Analyze functions defined by one or more rules (income tax tables, electricity, water, and gas bills, etc.) in their algebraic and graphical representations, identifying domains of validity, range, intervals of increase and decrease, and converting between these representations, with or without the support of digital technologies."
EM13MAT405,EM,"1º, 2º, 3º",Matemática e suas Tecnologias,Utilizar conceitos iniciais de uma linguagem de programação na implementação de algoritmos escritos em linguagem corrente e/ou matemática.,Apply introductory concepts of a programming language to implement algorithms written in natural language and/or mathematical notation.
EM13MAT406,EM,"1º, 2º, 3º",Matemática e suas Tecnologias,"Construir e interpretar tabelas e gráficos de frequências com base em dados obtidos em pesquisas por amostras estatísticas, incluindo ou não o uso de softwares que inter-relacionem estatística, geometria e álgebra.","Construct and interpret frequency tables and graphs based on data obtained from statistical sample surveys, including or not the use of software that integrates statistics, geometry, and algebra."
EM13MAT407,EM,"1º, 2º, 3º",Matemática e suas Tecnologias,"Interpretar e comparar conjuntos de dados estatísticos por meio de diferentes diagramas e gráficos (histograma, de caixa (box-plot), de ramos e folhas, entre outros), reconhecendo os mais eficientes para sua análise.","Interpret and compare sets of statistical data using different diagrams and graphs (histograms, box plots, stem-and-leaf plots, and others), identifying the most effective representations for a given analysis."
EM13MAT501,EM,"1º, 2º, 3º",Matemática e suas Tecnologias,"Investigar relações entre números expressos em tabelas para representá-los no plano cartesiano, identificando padrões e criando conjecturas para generalizar e expressar algebricamente essa generalização, reconhecendo quando essa representação é de função polinomial de 1º grau.","Investigate relationships among numbers expressed in tables in order to represent them in the Cartesian plane, identifying patterns and forming conjectures to generalize and express that generalization algebraically, recognizing when such a representation corresponds to a first-degree polynomial function."
EM13LP48,EM,"1º, 2º, 3º",Língua Portuguesa,"Identificar assimilações, rupturas e permanências no processo de constituição da literatura brasileira e ao longo de sua trajetória, por meio da leitura e análise de obras fundamentais do cânone ocidental, em especial da literatura portuguesa, para perceber a historicidade de matrizes e procedimentos estéticos.","Identify assimilations, ruptures, and continuities in the process of formation of Brazilian literature and throughout its trajectory, through the reading and analysis of foundational works of the Western canon—especially Portuguese literature—in order to perceive the historicity of aesthetic models and procedures."
EM13LP49,EM,"1º, 2º, 3º",Língua Portuguesa,"Perceber as peculiaridades estruturais e estilísticas de diferentes gêneros literários (a apreensão pessoal do cotidiano nas crônicas, a manifestação livre e subjetiva do eu lírico diante do mundo nos poemas, a múltipla perspectiva da vida humana e social dos romances, a dimensão política e social de textos da literatura marginal e da periferia etc.) para experimentar os diferentes ângulos de apreensão do indivíduo e do mundo pela literatura.","Recognize the structural and stylistic particularities of different literary genres—such as the personal apprehension of everyday life in chronicles (crônicas), the free and subjective expression of the lyric self in poems, the multiple perspectives on human and social life in novels, and the political and social dimensions of marginal and peripheral literature texts—so as to experience the different angles through which literature captures the individual and the world."
EM13LP50,EM,"1º, 2º, 3º",Língua Portuguesa,"Analisar relações intertextuais e interdiscursivas entre obras de diferentes autores e gêneros literários de um mesmo momento histórico e de momentos históricos diversos, explorando os modos como a literatura e as artes em geral se constituem, dialogam e se retroalimentam.","Analyze intertextual and interdiscursive relationships among works by different authors and literary genres from the same historical period and from distinct historical periods, exploring the ways in which literature and the arts in general are constituted, enter into dialogue, and mutually inform one another."
EM13LP51,EM,"1º, 2º, 3º",Língua Portuguesa,"Selecionar obras do repertório artístico-literário contemporâneo à disposição segundo suas predileções, de modo a constituir um acervo pessoal e dele se apropriar para se inserir e intervir com autonomia e criticidade no meio cultural.","Select works from the contemporary artistic-literary repertoire available according to personal preferences, so as to build a personal collection and draw upon it to engage and intervene autonomously and critically within the cultural sphere."
EM13LP52,EM,"1º, 2º, 3º",Língua Portuguesa,"Analisar obras significativas das literaturas brasileiras e de outros países e povos, em especial a portuguesa, a indígena, a africana e a latino-americana, com base em ferramentas da crítica literária (estrutura da composição, estilo, aspectos discursivos) ou outros critérios relacionados a diferentes matrizes culturais, considerando o contexto de produção (visões de mundo, diálogos com outros textos, inserções em movimentos estéticos e culturais etc.) e o modo como dialogam com o presente.","Analyze significant works of Brazilian literature and of other countries and peoples—particularly Portuguese, indigenous, African, and Latin American literature—using tools of literary criticism (compositional structure, style, discursive aspects) or other criteria related to different cultural traditions, taking into account the context of production (worldviews, dialogues with other texts, situatedness within aesthetic and cultural movements, etc.) and the ways in which these works speak to the present."
EM13LP53,EM,"1º, 2º, 3º",Língua Portuguesa,"Produzir apresentações e comentários apreciativos e críticos sobre livros, filmes, discos, canções, espetáculos de teatro e dança, exposições etc. (resenhas, vlogs e podcasts literários e artísticos, playlists comentadas, fanzines, e-zines etc.).","Produce appreciative and critical presentations and commentaries about books, films, albums, songs, theater and dance performances, exhibitions, and similar works, in formats such as reviews, literary and artistic vlogs and podcasts, annotated playlists, fanzines, e-zines, and others."
EM13LP54,EM,"1º, 2º, 3º",Língua Portuguesa,"Criar obras autorais, em diferentes gêneros e mídias - mediante seleção e apropriação de recursos textuais e expressivos do repertório artístico -, e/ou produções derivadas (paródias, estilizações, fanfics, fanclipes etc.), como forma de dialogar crítica e/ou subjetivamente com o texto literário.","Create original works in different genres and media—through the selection and appropriation of textual and expressive resources from the artistic repertoire—and/or derivative productions (parodies, stylizations, fanfics, fan edits, etc.) as a means of engaging critically and/or subjectively with literary texts."
EM13MAT101,EM,"1º, 2º, 3º",Matemática e suas Tecnologias,"Interpretar criticamente situações econômicas, sociais e fatos relativos às Ciências da Natureza que envolvam a variação de grandezas, pela análise dos gráficos das funções representadas e das taxas de variação, com ou sem apoio de tecnologias digitais.","Critically interpret economic and social situations and phenomena from the natural sciences that involve the variation of quantities, by analyzing the graphs of the represented functions and their rates of change, with or without the support of digital technologies."
EM13MAT102,EM,"1º, 2º, 3º",Matemática e suas Tecnologias,"Analisar tabelas, gráficos e amostras de pesquisas estatísticas apresentadas em relatórios divulgados por diferentes meios de comunicação, identificando, quando for o caso, inadequações que possam induzir a erros de interpretação, como escalas e amostras não apropriadas.","Analyze tables, graphs, and samples from statistical surveys presented in reports disseminated by different media outlets, identifying, where applicable, inadequacies that may lead to errors of interpretation, such as inappropriate scales and non-representative samples."
EM13MAT103,EM,"1º, 2º, 3º",Matemática e suas Tecnologias,"Interpretar e compreender textos científicos ou divulgados pelas mídias, que empregam unidades de medida de diferentes grandezas e as conversões possíveis entre elas, adotadas ou não pelo Sistema Internacional (SI), como as de armazenamento e velocidade de transferência de dados, ligadas aos avanços tecnológicos.",Interpret and comprehend scientific texts or texts disseminated by the media that employ units of measurement for different quantities and the possible conversions among them—whether or not adopted by the International System of Units (SI)—including units of data storage and data transfer speed associated with technological advances.
EM13MAT104,EM,"1º, 2º, 3º",Matemática e suas Tecnologias,"Interpretar taxas e índices de natureza socioeconômica (índice de desenvolvimento humano, taxas de inflação, entre outros), investigando os processos de cálculo desses números, para analisar criticamente a realidade e produzir argumentos.","Interpret rates and indices of a socioeconomic nature—such as the Human Development Index and inflation rates, among others—by investigating the calculation processes behind these figures, in order to critically analyze reality and construct well-reasoned arguments."
EM13MAT105,EM,"1º, 2º, 3º",Matemática e suas Tecnologias,"Utilizar as noções de transformações isométricas (translação, reflexão, rotação e composições destas) e transformações homotéticas para construir figuras e analisar elementos da natureza e diferentes produções humanas (fractais, construções civis, obras de arte, entre outras).","Apply concepts of isometric transformations (translation, reflection, rotation, and compositions thereof) and homothetic transformations to construct figures and analyze elements of nature and diverse human productions, including fractals, civil constructions, and works of art, among others."
EM13MAT106,EM,"1º, 2º, 3º",Matemática e suas Tecnologias,"Identificar situações da vida cotidiana nas quais seja necessário fazer escolhas levando-se em conta os riscos probabilísticos (usar este ou aquele método contraceptivo, optar por um tratamento médico em detrimento de outro etc.).","Identify everyday situations in which choices must be made while accounting for probabilistic risks, such as choosing between contraceptive methods or opting for one medical treatment over another."
EM13MAT201,EM,"1º, 2º, 3º",Matemática e suas Tecnologias,"Propor ou participar de ações adequadas às demandas da região, preferencialmente para sua comunidade, envolvendo medições e cálculos de perímetro, de área, de volume, de capacidade ou de massa.","Propose or participate in actions suited to regional needs—preferably within one's own community—involving measurement and calculation of perimeter, area, volume, capacity, or mass."
EM13MAT202,EM,"1º, 2º, 3º",Matemática e suas Tecnologias,"Planejar e executar pesquisa amostral sobre questões relevantes, usando dados coletados diretamente ou em diferentes fontes, e comunicar os resultados por meio de relatório contendo gráficos e interpretação das medidas de tendência central e das medidas de dispersão (amplitude e desvio padrão), utilizando ou não recursos tecnológicos.","Plan and conduct a sample survey on relevant issues, using data collected directly or from different sources, and communicate the results through a report containing graphs and interpretation of measures of central tendency and measures of dispersion (range and standard deviation), with or without the use of technological resources."
EM13MAT203,EM,"1º, 2º, 3º",Matemática e suas Tecnologias,"Aplicar conceitos matemáticos no planejamento, na execução e na análise de ações envolvendo a utilização de aplicativos e a criação de planilhas (para o controle de orçamento familiar, simuladores de cálculos de juros simples e compostos, entre outros), para tomar decisões.","Apply mathematical concepts in the planning, execution, and analysis of activities involving the use of apps and the creation of spreadsheets—such as household budget trackers and simple and compound interest calculators, among others—in order to make informed decisions."
EM13MAT301,EM,"1º, 2º, 3º",Matemática e suas Tecnologias,"Resolver e elaborar problemas do cotidiano, da Matemática e de outras áreas do conhecimento, que envolvem equações lineares simultâneas, usando técnicas algébricas e gráficas, com ou sem apoio de tecnologias digitais.","Solve and formulate everyday problems and problems from mathematics and other areas of knowledge that involve systems of simultaneous linear equations, using algebraic and graphical techniques, with or without the support of digital technologies."
EM13MAT302,EM,"1º, 2º, 3º",Matemática e suas Tecnologias,"Construir modelos empregando as funções polinomiais de 1º ou 2º graus, para resolver problemas em contextos diversos, com ou sem apoio de tecnologias digitais.","Construct models using first- or second-degree polynomial functions to solve problems in diverse contexts, with or without the support of digital technologies."
EM13MAT303,EM,"1º, 2º, 3º",Matemática e suas Tecnologias,"Interpretar e comparar situações que envolvam juros simples com as que envolvem juros compostos, por meio de representações gráficas ou análise de planilhas, destacando o crescimento linear ou exponencial de cada caso.","Interpret and compare situations involving simple interest with those involving compound interest, through graphical representations or the analysis of spreadsheets, highlighting the linear or exponential growth characteristic of each case."
EM13MAT304,EM,"1º, 2º, 3º",Matemática e suas Tecnologias,"Resolver e elaborar problemas com funções exponenciais nos quais seja necessário compreender e interpretar a variação das grandezas envolvidas, em contextos como o da Matemática Financeira, entre outros.","Solve and formulate problems involving exponential functions in which it is necessary to understand and interpret the variation of the quantities involved, in contexts such as financial mathematics, among others."
EM13LP28,EM,"1º, 2º, 3º",Língua Portuguesa,Organizar situações de estudo e utilizar procedimentos e estratégias de leitura adequados aos objetivos e à natureza do conhecimento em questão.,Organize study situations and apply reading procedures and strategies appropriate to the objectives and the nature of the knowledge under consideration.
EM13LP29,EM,"1º, 2º, 3º",Língua Portuguesa,"Resumir e resenhar textos, por meio do uso de paráfrases, de marcas do discurso reportado e de citações, para uso em textos de divulgação de estudos e pesquisas.","Summarize and review texts through the use of paraphrase, reported-discourse markers, and direct quotation, for use in texts that disseminate studies and research findings."
EM13LP30,EM,"1º, 2º, 3º",Língua Portuguesa,"Realizar pesquisas de diferentes tipos (bibliográfica, de campo, experimento científico, levantamento de dados etc.), usando fontes abertas e confiáveis, registrando o processo e comunicando os resultados, tendo em vista os objetivos pretendidos e demais elementos do contexto de produção, como forma de compreender como o conhecimento científico é produzido e apropriar-se dos procedimentos e dos gêneros textuais envolvidos na realização de pesquisas.","Conduct different types of research (bibliographic, field-based, scientific experiment, data collection, etc.) using open and reliable sources, documenting the process and communicating the results in light of the intended objectives and other elements of the production context, as a means of understanding how scientific knowledge is produced and appropriating the procedures and textual genres involved in conducting research."
EM13LP31,EM,"1º, 2º, 3º",Língua Portuguesa,"Compreender criticamente textos de divulgação científica orais, escritos e multissemióticos de diferentes áreas do conhecimento, identificando sua organização tópica e a hierarquização das informações, identificando e descartando fontes não confiáveis e problematizando enfoques tendenciosos ou superficiais.","Critically interpret oral, written, and multimodal science communication texts from different fields of knowledge, identifying their topical organization and the hierarchical ordering of information, recognizing and discarding unreliable sources, and problematizing biased or superficial approaches."
EM13LP32,EM,"1º, 2º, 3º",Língua Portuguesa,"Selecionar informações e dados necessários para uma dada pesquisa (sem excedê-los) em diferentes fontes (orais, impressas, digitais etc.) e comparar autonomamente esses conteúdos, levando em conta seus contextos de produção, referências e índices de confiabilidade, e percebendo coincidências, complementaridades, contradições, erros ou imprecisões conceituais e de dados, de forma a compreender e posicionar-se criticamente sobre esses conteúdos e estabelecer recortes precisos.","Select the information and data necessary for a given research project (without exceeding what is needed) from multiple sources (oral, print, digital, etc.) and independently compare that content, taking into account production contexts, references, and reliability indicators, and identifying coincidences, complementarities, contradictions, errors, or conceptual and factual inaccuracies, in order to understand and critically position oneself with respect to that content and establish precise analytical frames."
EM13LP33,EM,"1º, 2º, 3º",Língua Portuguesa,"Selecionar, elaborar e utilizar instrumentos de coleta de dados e informações (questionários, enquetes, mapeamentos, opinários) e de tratamento e análise dos conteúdos obtidos, que atendam adequadamente a diferentes objetivos de pesquisa.","Select, design, and use data- and information-collection instruments (questionnaires, surveys, mapping tools, opinion polls) as well as methods for processing and analyzing the content obtained, ensuring that these instruments adequately serve different research objectives."
EM13LP34,EM,"1º, 2º, 3º",Língua Portuguesa,"Produzir textos para a divulgação do conhecimento e de resultados de levantamentos e pesquisas - texto monográfico, ensaio, artigo de divulgação científica, verbete de enciclopédia (colaborativa ou não), infográfico (estático ou animado), relato de experimento, relatório, relatório multimidiático de campo, reportagem científica, podcast ou vlog científico, apresentações orais, seminários, comunicações em mesas redondas, mapas dinâmicos etc. -, considerando o contexto de produção e utilizando os conhecimentos sobre os gêneros de divulgação científica, de forma a engajar-se em processos significativos de socialização e divulgação do conhecimento.","Produce texts for disseminating knowledge and the results of surveys and research — including monographs, essays, popular science articles, encyclopedia entries (collaborative or otherwise), infographics (static or animated), experiment reports, reports, multimedia field reports, science journalism pieces, scientific podcasts or vlogs, oral presentations, seminars, roundtable communications, dynamic maps, etc. — taking the production context into account and drawing on knowledge of science communication genres, in order to engage meaningfully in processes of knowledge sharing and dissemination."
EM13LP35,EM,"1º, 2º, 3º",Língua Portuguesa,"Utilizar adequadamente ferramentas de apoio a apresentações orais, escolhendo e usando tipos e tamanhos de fontes que permitam boa visualização, topicalizando e/ou organizando o conteúdo em itens, inserindo de forma adequada imagens, gráficos, tabelas, formas e elementos gráficos, dimensionando a quantidade texto e imagem por slide e usando, de forma harmônica, recursos (efeitos de transição, slides mestres, layouts personalizados, gravação de áudios em slides etc.).","Effectively use presentation support tools for oral presentations, selecting font types and sizes that ensure legibility, organizing content into topics and/or bulleted items, appropriately incorporating images, graphs, tables, shapes, and graphic elements, balancing the ratio of text to images per slide, and harmoniously applying available features (transition effects, master slides, custom layouts, audio recording within slides, etc.)."
EM13LP36,EM,"1º, 2º, 3º",Língua Portuguesa,"Analisar os interesses que movem o campo jornalístico, os impactos das novas tecnologias digitais de informação e comunicação e da Web 2.0 no campo e as condições que fazem da informação uma mercadoria e da checagem de informação uma prática (e um serviço) essencial, adotando atitude analítica e crítica diante dos textos jornalísticos.","Analyze the interests that drive the journalistic field, the impact of new digital information and communication technologies and Web 2.0 on that field, and the conditions that make information a commodity and fact-checking an essential practice (and service), adopting an analytical and critical stance toward journalistic texts."
EM13LP37,EM,"1º, 2º, 3º",Língua Portuguesa,"Conhecer e analisar diferentes projetos editorias - institucionais, privados, públicos, financiados, independentes etc. -, de forma a ampliar o repertório de escolhas possíveis de fontes de informação e opinião, reconhecendo o papel da mídia plural para a consolidação da democracia.","Examine and analyze different editorial projects — institutional, private, public, funded, independent, etc. — in order to expand the repertoire of available information and opinion sources, recognizing the role of a pluralistic media landscape in consolidating democracy."
EM13LP38,EM,"1º, 2º, 3º",Língua Portuguesa,"Analisar os diferentes graus de parcialidade/imparcialidade (no limite, a não neutralidade) em textos noticiosos, comparando relatos de diferentes fontes e analisando o recorte feito de fatos/dados e os efeitos de sentido provocados pelas escolhas realizadas pelo autor do texto, de forma a manter uma atitude crítica diante dos textos jornalísticos e tornar-se consciente das escolhas feitas como produtor.","Analyze varying degrees of partiality/impartiality (and, ultimately, the absence of neutrality) in news texts, comparing accounts from different sources and analyzing the framing of facts and data as well as the meaning effects produced by the author's choices, in order to maintain a critical stance toward journalistic texts and develop awareness of one's own choices as a producer."
EM13LP39,EM,"1º, 2º, 3º",Língua Portuguesa,"Usar procedimentos de checagem de fatos noticiados e fotos publicadas (verificar/avaliar veículo, fonte, data e local da publicação, autoria, URL, formatação; comparar diferentes fontes; consultar ferramentas e sites checadores etc.), de forma a combater a proliferação de notícias falsas (fake news).","Apply fact-checking procedures to reported news stories and published photographs (verifying and evaluating the outlet, source, publication date and location, authorship, URL, and formatting; cross-referencing multiple sources; consulting fact-checking tools and websites; etc.) in order to combat the proliferation of false information (fake news)."
EM13LP40,EM,"1º, 2º, 3º",Língua Portuguesa,"Analisar o fenômeno da pós-verdade - discutindo as condições e os mecanismos de disseminação de fake news e também exemplos, causas e consequências desse fenômeno e da prevalência de crenças e opiniões sobre fatos -, de forma a adotar atitude crítica em relação ao fenômeno e desenvolver uma postura flexível que permita rever crenças e opiniões quando fatos apurados as contradisserem.","Analyze the phenomenon of post-truth — examining the conditions and mechanisms behind the spread of fake news as well as examples, causes, and consequences of this phenomenon and of the prevalence of beliefs and opinions over verified facts — in order to adopt a critical stance toward the phenomenon and develop a flexible posture that allows for the revision of beliefs and opinions when established facts contradict them."
EM13LP41,EM,"1º, 2º, 3º",Língua Portuguesa,"Analisar os processos humanos e automáticos de curadoria que operam nas redes sociais e outros domínios da internet, comparando os feeds de diferentes páginas de redes sociais e discutindo os efeitos desses modelos de curadoria, de forma a ampliar as possibilidades de trato com o diferente e minimizar o efeito bolha e a manipulação de terceiros.","Analyze the human and automated curation processes that operate on social networks and other domains of the internet, comparing feeds from different social media pages and discussing the effects of these curation models, in order to broaden the capacity to engage with difference and minimize the filter-bubble effect and the manipulation of third parties."
EM13LP42,EM,"1º, 2º, 3º",Língua Portuguesa,"Acompanhar, analisar e discutir a cobertura da mídia diante de acontecimentos e questões de relevância social, local e global, comparando diferentes enfoques e perspectivas, por meio do uso de ferramentas de curadoria (como agregadores de conteúdo) e da consulta a serviços e fontes de checagem e curadoria de informação, de forma a aprofundar o entendimento sobre um determinado fato ou questão, identificar o enfoque preponderante da mídia e manter-se implicado, de forma crítica, com os fatos e as questões que afetam a coletividade.","Monitor, analyze, and discuss media coverage of events and issues of local and global social relevance, comparing different approaches and perspectives through the use of curation tools (such as content aggregators) and by consulting fact-checking and information-curation services and sources, in order to deepen understanding of a specific event or issue, identify the predominant media framing, and remain critically engaged with facts and issues that affect the broader community."
EM13LP43,EM,"1º, 2º, 3º",Língua Portuguesa,"Atuar de forma fundamentada, ética e crítica na produção e no compartilhamento de comentários, textos noticiosos e de opinião, memes, gifs, remixes variados etc. em redes sociais ou outros ambientes digitais.","Act in an informed, ethical, and critical manner in the production and sharing of comments, news and opinion texts, memes, GIFs, remixes, and other content on social networks or other digital environments."
EM13LP44,EM,"1º, 2º, 3º",Língua Portuguesa,"Analisar formas contemporâneas de publicidade em contexto digital (advergame, anúncios em vídeos, social advertising, unboxing, narrativa mercadológica, entre outras), e peças de campanhas publicitárias e políticas (cartazes, folhetos, anúncios, propagandas em diferentes mídias, spots, jingles etc.), identificando valores e representações de situações, grupos e configurações sociais veiculadas, desconstruindo estereótipos, destacando estratégias de engajamento e viralização e explicando os mecanismos de persuasão utilizados e os efeitos de sentido provocados pelas escolhas feitas em termos de elementos e recursos linguístico-discursivos, imagéticos, sonoros, gestuais e espaciais, entre outros.","Analyze contemporary forms of advertising in digital contexts (advergames, in-video ads, social advertising, unboxing, branded storytelling, and others) as well as materials from advertising and political campaigns (posters, flyers, ads, commercials across different media, spots, jingles, etc.), identifying the values and representations of situations, groups, and social configurations they convey, deconstructing stereotypes, highlighting engagement and viralization strategies, and explaining the persuasion mechanisms employed and the meaning effects produced by choices made in terms of linguistic-discursive, visual, sonic, gestural, and spatial elements and resources, among others."
EM13LP45,EM,"1º, 2º, 3º",Língua Portuguesa,"Analisar, discutir, produzir e socializar, tendo em vista temas e acontecimentos de interesse local ou global, notícias, fotodenúncias, fotorreportagens, reportagens multimidiáticas, documentários, infográficos, podcasts noticiosos, artigos de opinião, críticas da mídia, vlogs de opinião, textos de apresentação e apreciação de produções culturais (resenhas, ensaios etc.) e outros gêneros próprios das formas de expressão das culturas juvenis (vlogs e podcasts culturais, gameplay etc.), em várias mídias, vivenciando de forma significativa o papel de repórter, analista, crítico, editorialista ou articulista, leitor, vlogueiro e booktuber, entre outros.","Analyze, discuss, produce, and share — in response to topics and events of local or global interest — news reports, photo-denunciations, photo-essays, multimedia reportages, documentaries, infographics, news podcasts, opinion articles, media criticism pieces, opinion vlogs, texts presenting and appraising cultural productions (reviews, essays, etc.), and other genres characteristic of youth cultural expression (cultural vlogs and podcasts, gameplay content, etc.) across multiple media, meaningfully experiencing the roles of reporter, analyst, critic, editorial writer, columnist, reader, vlogger, and booktuber, among others."
EM13LP46,EM,"1º, 2º, 3º",Língua Portuguesa,"Compartilhar sentidos construídos na leitura/escuta de textos literários, percebendo diferenças e eventuais tensões entre as formas pessoais e as coletivas de apreensão desses textos, para exercitar o diálogo cultural e aguçar a perspectiva crítica.","Share meanings constructed through the reading or listening of literary texts, recognizing differences and potential tensions between personal and collective interpretations of those texts, in order to practice cultural dialogue and sharpen critical perspective."
EM13LP47,EM,"1º, 2º, 3º",Língua Portuguesa,"Participar de eventos (saraus, competições orais, audições, mostras, festivais, feiras culturais e literárias, rodas e clubes de leitura, cooperativas culturais, jograis, repentes, slams etc.), inclusive para socializar obras da própria autoria (poemas, contos e suas variedades, roteiros e microrroteiros, videominutos, playlists comentadas de música etc.) e/ou interpretar obras de outros, inserindo-se nas diferentes práticas culturais de seu tempo.","Participate in events (spoken-word gatherings, oral competitions, listening sessions, showcases, festivals, cultural and literary fairs, reading circles and clubs, cultural cooperatives, choral recitations, repentes, slams, etc.), including to share works of one's own authorship (poems, short stories and their variants, scripts and micro-scripts, video minutes, annotated music playlists, etc.) and/or to perform works by others, thereby engaging with the diverse cultural practices of one's time."
EM13LP08,EM,"1º, 2º, 3º",Língua Portuguesa,"Analisar elementos e aspectos da sintaxe do português, como a ordem dos constituintes da sentença (e os efeito que causam sua inversão), a estrutura dos sintagmas, as categorias sintáticas, os processos de coordenação e subordinação (e os efeitos de seus usos) e a sintaxe de concordância e de regência, de modo a potencializar os processos de compreensão e produção de textos e a possibilitar escolhas adequadas à situação comunicativa.","Analyze elements and aspects of Portuguese syntax — including the ordering of sentence constituents (and the effects produced by their inversion), phrase structure, syntactic categories, the processes of coordination and subordination (and the effects of their use), and the syntax of agreement and government (verb and noun valency) — in order to strengthen reading comprehension and text production processes and to enable choices appropriate to the communicative situation."
EM13LP09,EM,"1º, 2º, 3º",Língua Portuguesa,"Comparar o tratamento dado pela gramática tradicional e pelas gramáticas de uso contemporâneas em relação a diferentes tópicos gramaticais, de forma a perceber as diferenças de abordagem e o fenômeno da variação linguística e analisar motivações que levam ao predomínio do ensino da norma-padrão na escola.","Compare the treatment given to different grammatical topics by traditional grammar and by contemporary usage-based grammars, so as to recognize differences in approach and the phenomenon of linguistic variation, and to analyze the motivations underlying the predominance of standard-norm instruction in schools."
EM13LP10,EM,"1º, 2º, 3º",Língua Portuguesa,"Analisar o fenômeno da variação linguística, em seus diferentes níveis (variações fonético-fonológica, lexical, sintática, semântica e estilístico-pragmática) e em suas diferentes dimensões (regional, histórica, social, situacional, ocupacional, etária etc.), de forma a ampliar a compreensão sobre a natureza viva e dinâmica da língua e sobre o fenômeno da constituição de variedades linguísticas de prestígio e estigmatizadas, e a fundamentar o respeito às variedades linguísticas e o combate a preconceitos linguísticos.","Analyze the phenomenon of linguistic variation at its different levels — phonetic-phonological, lexical, syntactic, semantic, and stylistic-pragmatic — and across its different dimensions — regional, historical, social, situational, occupational, age-related, and others — in order to deepen understanding of the living and dynamic nature of language and of the processes by which prestigious and stigmatized language varieties are constituted, and to ground respect for linguistic varieties and the rejection of linguistic prejudice."
EM13LP11,EM,"1º, 2º, 3º",Língua Portuguesa,"Fazer curadoria de informação, tendo em vista diferentes propósitos e projetos discursivos.",Curate information with a view to different discursive purposes and projects.
EM13LP12,EM,"1º, 2º, 3º",Língua Portuguesa,"Selecionar informações, dados e argumentos em fontes confiáveis, impressas e digitais, e utilizá-los de forma referenciada, para que o texto a ser produzido tenha um nível de aprofundamento adequado (para além do senso comum) e contemple a sustentação das posições defendidas.","Select information, data, and arguments from reliable print and digital sources and use them with proper attribution, so that the text to be produced reaches an appropriate level of depth (beyond common knowledge) and supports the positions being defended."
EM13LP13,EM,"1º, 2º, 3º",Língua Portuguesa,"Analisar, a partir de referências contextuais, estéticas e culturais, efeitos de sentido decorrentes de escolhas de elementos sonoros (volume, timbre, intensidade, pausas, ritmo, efeitos sonoros, sincronização etc.) e de suas relações com o verbal, levando-os em conta na produção de áudios, para ampliar as possibilidades de construção de sentidos e de apreciação.","Analyze, drawing on contextual, aesthetic, and cultural references, the meaning effects arising from choices of sound elements — such as volume, timbre, intensity, pauses, rhythm, sound effects, and synchronization — and from their relationships with verbal language, applying this analysis to audio production in order to expand possibilities for meaning-making and appreciation."
EM13LP14,EM,"1º, 2º, 3º",Língua Portuguesa,"Analisar, a partir de referências contextuais, estéticas e culturais, efeitos de sentido decorrentes de escolhas e composição das imagens (enquadramento, ângulo/vetor, foco/profundidade de campo, iluminação, cor, linhas, formas etc.) e de sua sequenciação (disposição e transição, movimentos de câmera, remix, entre outros), das performances (movimentos do corpo, gestos, ocupação do espaço cênico), dos elementos sonoros (entonação, trilha sonora, sampleamento etc.) e das relações desses elementos com o verbal, levando em conta esses efeitos nas produções de imagens e vídeos, para ampliar as possibilidades de construção de sentidos e de apreciação.","Analyze, drawing on contextual, aesthetic, and cultural references, the meaning effects arising from choices and composition of images — including framing, angle/vector, focus/depth of field, lighting, color, lines, and shapes — and from their sequencing (arrangement and transitions, camera movements, remixing, and similar techniques), from performances (body movements, gestures, use of stage space), from sound elements (intonation, soundtrack, sampling, etc.), and from the relationships among these elements and verbal language, applying this analysis to image and video production in order to expand possibilities for meaning-making and appreciation."
EM13LP15,EM,"1º, 2º, 3º",Língua Portuguesa,"Planejar, produzir, revisar, editar, reescrever e avaliar textos escritos e multissemióticos, considerando sua adequação às condições de produção do texto, no que diz respeito ao lugar social a ser assumido e à imagem que se pretende passar a respeito de si mesmo, ao leitor pretendido, ao veículo e mídia em que o texto ou produção cultural vai circular, ao contexto imediato e sócio-histórico mais geral, ao gênero textual em questão e suas regularidades, à variedade linguística apropriada a esse contexto e ao uso do conhecimento dos aspectos notacionais (ortografia padrão, pontuação adequada, mecanismos de concordância nominal e verbal, regência verbal etc.), sempre que o contexto o exigir.","Plan, produce, revise, edit, rewrite, and evaluate written and multimodal texts, considering their appropriateness to the conditions of text production — with regard to the social role to be assumed and the self-image to be projected, the intended reader, the vehicle and medium in which the text or cultural production will circulate, the immediate and broader sociohistorical context, the textual genre in question and its regularities, the linguistic variety appropriate to that context, and the application of notational knowledge (standard spelling, appropriate punctuation, mechanisms of nominal and verbal agreement, verb government, etc.) whenever the context requires."
EM13LP16,EM,"1º, 2º, 3º",Língua Portuguesa,"Produzir e analisar textos orais, considerando sua adequação aos contextos de produção, à forma composicional e ao estilo do gênero em questão, à clareza, à progressão temática e à variedade linguística empregada, como também aos elementos relacionados à fala (modulação de voz, entonação, ritmo, altura e intensidade, respiração etc.) e à cinestesia (postura corporal, movimentos e gestualidade significativa, expressão facial, contato de olho com plateia etc.).","Produce and analyze oral texts, considering their appropriateness to the contexts of production, to the compositional form and style of the genre in question, to clarity, thematic progression, and the linguistic variety employed, as well as to elements related to speech (voice modulation, intonation, rhythm, pitch and intensity, breathing, etc.) and to kinesics (body posture, meaningful movements and gestures, facial expression, eye contact with the audience, etc.)."
EM13LP17,EM,"1º, 2º, 3º",Língua Portuguesa,"Elaborar roteiros para a produção de vídeos variados (vlog, videoclipe, videominuto, documentário etc.), apresentações teatrais, narrativas multimídia e transmídia, podcasts, playlists comentadas etc., para ampliar as possibilidades de produção de sentidos e engajar-se em práticas autorais e coletivas.","Develop scripts for the production of varied videos (vlogs, music videos, one-minute videos, documentaries, etc.), theatrical presentations, multimedia and transmedia narratives, podcasts, annotated playlists, and similar formats, in order to expand possibilities for meaning-making and to engage in individual and collaborative authorial practices."
EM13LP18,EM,"1º, 2º, 3º",Língua Portuguesa,"Utilizar softwares de edição de textos, fotos, vídeos e áudio, além de ferramentas e ambientes colaborativos para criar textos e produções multissemióticas com finalidades diversas, explorando os recursos e efeitos disponíveis e apropriando-se de práticas colaborativas de escrita, de construção coletiva do conhecimento e de desenvolvimento de projetos.","Use text, photo, video, and audio editing software, as well as collaborative tools and environments, to create texts and multimodal productions for diverse purposes, exploring available resources and effects and engaging in collaborative writing practices, collective knowledge construction, and project development."
EM13LP19,EM,"1º, 2º, 3º",Língua Portuguesa,"Apresentar-se por meio de textos multimodais diversos (perfis variados, gifs biográficos, biodata, currículo web, videocurrículo etc.) e de ferramentas digitais (ferramenta de gif, wiki, site etc.), para falar de si mesmo de formas variadas, considerando diferentes situações e objetivos.","Represent oneself through diverse multimodal texts — such as varied profiles, biographical GIFs, biodatas, web résumés, and video résumés — and digital tools (GIF makers, wikis, websites, etc.) in order to present oneself in varied ways, taking into account different situations and objectives."
EM13LP20,EM,"1º, 2º, 3º",Língua Portuguesa,"Compartilhar gostos, interesses, práticas culturais, temas/ problemas/questões que despertam maior interesse ou preocupação, respeitando e valorizando diferenças, como forma de identificar afinidades e interesses comuns, como também de organizar e/ou participar de grupos, clubes, oficinas e afins.","Share personal tastes, interests, cultural practices, and topics/problems/issues of particular interest or concern, respecting and valuing differences, as a way of identifying affinities and shared interests and of organizing or participating in groups, clubs, workshops, and similar communities."
EM13LP21,EM,"1º, 2º, 3º",Língua Portuguesa,"Produzir, de forma colaborativa, e socializar playlists comentadas de preferências culturais e de entretenimento, revistas culturais, fanzines, e-zines ou publicações afins que divulguem, comentem e avaliem músicas, games, séries, filmes, quadrinhos, livros, peças, exposições, espetáculos de dança etc., de forma a compartilhar gostos, identificar afinidades, fomentar comunidades etc.","Collaboratively produce and share annotated playlists of cultural and entertainment preferences, cultural magazines, fanzines, e-zines, or similar publications that feature, comment on, and review music, games, series, films, comics, books, plays, exhibitions, dance performances, and other works, in order to share tastes, identify affinities, and foster communities."
EM13LP22,EM,"1º, 2º, 3º",Língua Portuguesa,"Construir e/ou atualizar, de forma colaborativa, registros dinâmicos (mapas, wiki etc.) de profissões e ocupações de seu interesse (áreas de atuação, dados sobre formação, fazeres, produções, depoimentos de profissionais etc.) que possibilitem vislumbrar trajetórias pessoais e profissionais.","Collaboratively construct and/or update dynamic records — such as maps and wikis — of professions and occupations of personal interest, including information on fields of practice, educational requirements, activities, outputs, and testimonials from professionals, so as to envision personal and professional trajectories."
EM13LP23,EM,"1º, 2º, 3º",Língua Portuguesa,"Analisar criticamente o histórico e o discurso político de candidatos, propagandas políticas, políticas públicas, programas e propostas de governo, de forma a participar do debate político e tomar decisões conscientes e fundamentadas.","Critically analyze the political history and discourse of candidates, political advertisements, public policies, and government programs and proposals, in order to participate in political debate and make informed, well-grounded decisions."
EM13LP24,EM,"1º, 2º, 3º",Língua Portuguesa,"Analisar formas não institucionalizadas de participação social, sobretudo as vinculadas a manifestações artísticas, produções culturais, intervenções urbanas e formas de expressão típica das culturas juvenis que pretendam expor uma problemática ou promover uma reflexão/ação, posicionando-se em relação a essas produções e manifestações.","Analyze non-institutionalized forms of social participation — particularly those linked to artistic expressions, cultural productions, urban interventions, and forms of expression characteristic of youth cultures that seek to expose a problem or promote reflection and action — taking a reasoned position in relation to these productions and manifestations."
EM13LP25,EM,"1º, 2º, 3º",Língua Portuguesa,"Participar de reuniões na escola (conselho de escola e de classe, grêmio livre etc.), agremiações, coletivos ou movimentos, entre outros, em debates, assembleias, fóruns de discussão etc., exercitando a escuta atenta, respeitando seu turno e tempo de fala, posicionando-se de forma fundamentada, respeitosa e ética diante da apresentação de propostas e defesas de opiniões, usando estratégias linguísticas típicas de negociação e de apoio e/ou de consideração do discurso do outro (como solicitar esclarecimento, detalhamento, fazer referência direta ou retomar a fala do outro, parafraseando-a para endossá-la, enfatizá-la, complementá-la ou enfraquecê-la), considerando propostas alternativas e reformulando seu posicionamento, quando for caso, com vistas ao entendimento e ao bem comum.","Participate in school meetings (school and class councils, student government, etc.), associations, collectives, or movements, and in debates, assemblies, discussion forums, and similar settings, practicing attentive listening, respecting one's turn and allotted speaking time, and taking reasoned, respectful, and ethical positions when proposals are presented and opinions defended — using linguistic strategies typical of negotiation and of acknowledging or building on the discourse of others (such as requesting clarification or elaboration, making direct reference to or restating another speaker's words to endorse, emphasize, complement, or challenge them), considering alternative proposals and reformulating one's position when appropriate, with a view to mutual understanding and the common good."
EM13LP26,EM,"1º, 2º, 3º",Língua Portuguesa,"Relacionar textos e documentos legais e normativos de âmbito universal, nacional, local ou escolar que envolvam a definição de direitos e deveres - em especial, os voltados a adolescentes e jovens - aos seus contextos de produção, identificando ou inferindo possíveis motivações e finalidades, como forma de ampliar a compreensão desses direitos e deveres.","Relate legal and normative texts and documents of universal, national, local, or school scope — particularly those addressing the rights and duties of adolescents and young people — to their contexts of production, identifying or inferring possible motivations and purposes, as a way of deepening understanding of those rights and duties."
EM13LP27,EM,"1º, 2º, 3º",Língua Portuguesa,"Engajar-se na busca de solução para problemas que envolvam a coletividade, denunciando o desrespeito a direitos, organizando e/ou participando de discussões, campanhas e debates, produzindo textos reivindicatórios, normativos, entre outras possibilidades, como forma de fomentar os princípios democráticos e uma atuação pautada pela ética da responsabilidade, pelo consumo consciente e pela consciência socioambiental.","Engage in efforts to address problems affecting the collective, including denouncing violations of rights, organizing and/or participating in discussions, campaigns, and debates, and producing advocacy and normative texts, among other possibilities, as a way of fostering democratic principles and a practice grounded in ethical responsibility, conscious consumption, and social and environmental awareness."
EF69LP33,EF,"6º, 7º, 8º, 9º",Língua Portuguesa,"Articular o verbal com os esquemas, infográficos, imagens variadas etc. na (re)construção dos sentidos dos textos de divulgação científica e retextualizar do discursivo para o esquemático – infográfico, esquema, tabela, gráfico, ilustração etc. – e, ao contrário, transformar o conteúdo das tabelas, esquemas, infográficos, ilustrações etc. em texto discursivo, como forma de ampliar as possibilidades de compreensão desses textos e analisar as características das multissemioses e dos gêneros em questão.","Integrate verbal text with diagrams, infographics, varied images, and other visual elements in the (re)construction of meaning in science communication texts, and retextualize from discursive to schematic formats — infographic, diagram, table, graph, illustration, etc. — and, conversely, transform the content of tables, diagrams, infographics, illustrations, and similar elements into discursive text, as a means of expanding comprehension of these texts and analyzing the characteristics of multisemiotic forms and the genres in question."
EF69LP34,EF,"6º, 7º, 8º, 9º",Língua Portuguesa,"Grifar as partes essenciais do texto, tendo em vista os objetivos de leitura, produzir marginálias (ou tomar notas em outro suporte), sínteses organizadas em itens, quadro sinóptico, quadro comparativo, esquema, resumo ou resenha do texto lido (com ou sem comentário/análise), mapa conceitual, dependendo do que for mais adequado, como forma de possibilitar uma maior compreensão do texto, a sistematização de conteúdos e informações e","Highlight the essential parts of a text in light of reading objectives; produce marginal annotations (or take notes in another medium); and compose organized summaries in outline form, synoptic charts, comparative charts, diagrams, abstracts, or reviews of the text read (with or without commentary/analysis), or concept maps — selecting whichever format is most appropriate — as a means of deepening comprehension of the text, systematizing content and information, and"
EF69LP35,EF,"6º, 7º, 8º, 9º",Língua Portuguesa,"Planejar textos de divulgação científica, a partir da elaboração de esquema que considere as pesquisas feitas anteriormente, de notas e sínteses de leituras ou de registros de experimentos ou de estudo de campo, produzir, revisar e editar textos voltados para a divulgação do conhecimento e de dados e resultados de pesquisas, tais como artigo de divulgação científica, artigo de opinião, reportagem científica, verbete de enciclopédia, verbete de enciclopédia digital colaborativa , infográfico, relatório, relato de experimento científico, relato (multimidiático) de campo, tendo em vista seus contextos de produção, que podem envolver a disponibilização de informações e conhecimentos em circulação em um formato mais acessível para um público específico ou a divulgação de conhecimentos advindos de pesquisas bibliográficas, experimentos científicos e estudos de campo realizados.","Plan science communication texts by developing an outline that draws on prior research, reading notes and summaries, or records of experiments or field studies; produce, revise, and edit texts aimed at disseminating knowledge and sharing data and research findings — such as popular science articles, opinion articles, science news reports, encyclopedia entries, collaborative digital encyclopedia entries, infographics, reports, scientific experiment reports, and (multimedia) field reports — with attention to their production contexts, which may involve making information and knowledge available in a more accessible format for a specific audience or disseminating knowledge derived from bibliographic research, scientific experiments, and field studies conducted."
EF69LP36,EF,"6º, 7º, 8º, 9º",Língua Portuguesa,"Produzir, revisar e editar textos voltados para a divulgação do conhecimento e de dados e resultados de pesquisas, tais como artigos de divulgação científica, verbete de enciclopédia, infográfico, infográfico animado, podcast ou vlog científico, relato de experimento, relatório, relatório multimidiático de campo, dentre outros, considerando o contexto de produção e as regularidades dos gêneros em termos de suas construções composicionais e estilos.","Produce, revise, and edit texts aimed at disseminating knowledge and sharing data and research findings — such as popular science articles, encyclopedia entries, infographics, animated infographics, science podcasts or vlogs, experiment reports, reports, multimedia field reports, and others — taking into account the production context and the conventions of each genre with respect to its compositional structure and style."
EF69LP37,EF,"6º, 7º, 8º, 9º",Língua Portuguesa,"Produzir roteiros para elaboração de vídeos de diferentes tipos (vlog científico, vídeo-minuto, programa de rádio, podcasts) para divulgação de conhecimentos científicos e resultados de pesquisa, tendo em vista seu contexto de produção, os elementos e a construção composicional dos roteiros.","Produce scripts for the creation of various types of videos (science vlogs, one-minute videos, radio programs, podcasts) for the dissemination of scientific knowledge and research findings, with attention to the production context and to the elements and compositional structure of scripts."
EF69LP38,EF,"6º, 7º, 8º, 9º",Língua Portuguesa,"Organizar os dados e informações pesquisados em painéis ou slides de apresentação, levando em conta o contexto de produção, o tempo disponível, as características do gênero apresentação oral, a multissemiose, as mídias e tecnologias que serão utilizadas, ensaiar a apresentação, considerando também elementos paralinguísticos e cinésicos e proceder à exposição oral de resultados de estudos e pesquisas, no tempo determinado, a partir do planejamento e da definição de diferentes formas de uso da fala – memorizada, com apoio da leitura ou fala espontânea.","Organize researched data and information into panels or presentation slides, taking into account the production context, time constraints, the characteristics of the oral presentation genre, multimodality, and the media and technologies to be used; rehearse the presentation, also considering paralinguistic and kinesic elements; and deliver an oral presentation of study and research findings within the allotted time, based on planning and on defining different modes of delivery — memorized speech, reading-supported speech, or spontaneous speech."
EF69LP39,EF,"6º, 7º, 8º, 9º",Língua Portuguesa,"Definir o recorte temático da entrevista e o entrevistado, levantar informações sobre o entrevistado e sobre o tema da entrevista, elaborar roteiro de perguntas, realizar entrevista, a partir do roteiro, abrindo possibilidades para fazer perguntas a partir da resposta, se o contexto permitir, tomar nota, gravar ou salvar a entrevista e usar adequadamente as informações obtidas, de acordo com os objetivos estabelecidos.","Define the thematic focus of an interview and identify the interviewee; gather background information about the interviewee and the interview topic; develop a question guide; conduct the interview following the guide while remaining open to asking follow-up questions based on responses when the context allows; take notes, record, or save the interview; and use the information obtained appropriately in accordance with established objectives."
EF69LP40,EF,"6º, 7º, 8º, 9º",Língua Portuguesa,"Analisar, em gravações de seminários, conferências rápidas, trechos de palestras, dentre outros, a construção composicional dos gêneros de apresentação – abertura/saudação, introdução ao tema, apresentação do plano de exposição, desenvolvimento dos conteúdos, por meio do encadeamento de temas e subtemas (coesão temática), síntese final e/ou conclusão, encerramento –, os elementos paralinguísticos (tais como: tom e volume da voz, pausas e hesitações – que, em geral, devem ser minimizadas –, modulação de voz e entonação, ritmo, respiração etc.) e cinésicos (tais como: postura corporal, movimentos e gestualidade significativa, expressão facial, contato de olho com plateia, modulação de voz e entonação, sincronia da fala com ferramenta de apoio etc.), para melhor performar apresentações orais no campo da divulgação do conhecimento.","Analyze, in recordings of seminars, short talks, lecture excerpts, and similar formats, the compositional structure of presentation genres — including opening/greeting, introduction to the topic, overview of the presentation plan, content development through the sequencing of themes and subthemes (thematic cohesion), final synthesis and/or conclusion, and closing — as well as paralinguistic elements (such as tone and volume of voice, pauses and hesitations — which should generally be minimized —, vocal modulation and intonation, rhythm, breathing, etc.) and kinesic elements (such as body posture, meaningful movements and gestures, facial expression, eye contact with the audience, vocal modulation and intonation, and synchronization of speech with supporting materials, etc.), in order to improve performance in oral presentations in the field of knowledge dissemination."
EF69LP41,EF,"6º, 7º, 8º, 9º",Língua Portuguesa,"Usar adequadamente ferramentas de apoio a apresentações orais, escolhendo e usando tipos e tamanhos de fontes que permitam boa visualização, topicalizando e/ou organizando o conteúdo em itens, inserindo de forma adequada imagens, gráficos, tabelas, formas e elementos gráficos, dimensionando a quantidade de texto (e imagem) por slide, usando progressivamente e de forma harmônica recursos mais sofisticados como efeitos de transição, slides mestres, layouts personalizados etc.","Use presentation support tools effectively by selecting font types and sizes that ensure readability, organizing content in topics and/or bullet points, inserting images, graphs, tables, shapes, and graphic elements appropriately, calibrating the amount of text (and images) per slide, and progressively and harmoniously incorporating more sophisticated features such as transition effects, master slides, and custom layouts."
EF69LP42,EF,"6º, 7º, 8º, 9º",Língua Portuguesa,"Analisar a construção composicional dos textos pertencentes a gêneros relacionados à divulgação de conhecimentos: título, (olho), introdução, divisão do texto em subtítulos, imagens ilustrativas de conceitos, relações, ou resultados complexos (fotos, ilustrações, esquemas, gráficos, infográficos, diagramas, figuras, tabelas, mapas) etc., exposição, contendo definições, descrições, comparações, enumerações, exemplificações e remissões a conceitos e relações por meio de notas de rodapé, boxes ou links; ou título, contextualização do campo, ordenação temporal ou temática por tema ou subtema, intercalação de trechos verbais com fotos, ilustrações, áudios, vídeos etc. e reconhecer traços da linguagem dos textos de divulgação científica, fazendo uso consciente das estratégias de impessoalização da linguagem (ou de pessoalização, se o tipo de publicação e objetivos assim o demandarem, como em alguns podcasts e vídeos de divulgação científica), 3ª pessoa, presente atemporal, recurso à citação, uso de vocabulário técnico/especializado etc., como forma de ampliar suas capacidades de compreensão e produção de textos nesses gêneros.","Analyze the compositional structure of texts belonging to genres associated with the dissemination of knowledge — including title, (deck), introduction, division of text into subtitled sections, illustrative images of concepts, relationships, or complex results (photographs, illustrations, diagrams, graphs, infographics, figures, tables, maps), exposition containing definitions, descriptions, comparisons, enumerations, examples, and cross-references to concepts and relationships through footnotes, sidebars, or links — or title, contextualization of the field, chronological or thematic organization by theme or subtheme, and alternation of verbal passages with photographs, illustrations, audio, video, etc.; and recognize features of the language used in science communication texts, making conscious use of strategies for depersonalizing language (or personalizing it, if the type of publication and its objectives so require, as in some podcasts and science communication videos), third person, the timeless present tense, citation, and technical/specialized vocabulary, as a means of expanding comprehension and production abilities in these genres."
EF69LP43,EF,"6º, 7º, 8º, 9º",Língua Portuguesa,"Identificar e utilizar os modos de introdução de outras vozes no texto – citação literal e sua formatação e paráfrase –, as pistas linguísticas responsáveis por introduzir no texto a posição do autor e dos outros autores citados (“Segundo X; De acordo com Y; De minha/nossa parte, penso/amos que”...) e os elementos de normatização (tais como as regras de inclusão e formatação de citações e paráfrases, de organização de referências bibliográficas) em textos científicos, desenvolvendo reflexão sobre o modo como a intertextualidade e a retextualização ocorrem nesses textos.","Identify and use the modes of introducing other voices into a text — direct quotation and its formatting, and paraphrase —, the linguistic cues responsible for introducing the positions of the author and of other cited authors ('According to X; In accordance with Y; For my/our part, I/we believe that'…), and the elements of normative convention (such as rules for including and formatting quotations and paraphrases and for organizing bibliographic references) in scientific texts, developing critical reflection on how intertextuality and retextualization operate in these texts."
EF69LP44,EF,"6º, 7º, 8º, 9º",Língua Portuguesa,"Inferir a presença de valores sociais, culturais e humanos e de diferentes visões de mundo, em textos literários, reconhecendo nesses textos formas de estabelecer múltiplos olhares sobre as identidades, sociedades e culturas e considerando a autoria e o contexto social e histórico de sua produção.","Infer the presence of social, cultural, and human values and of different worldviews in literary texts, recognizing in these texts ways of constructing multiple perspectives on identities, societies, and cultures, and taking into account authorship and the social and historical context of their production."
EF69LP45,EF,"6º, 7º, 8º, 9º",Língua Portuguesa,"Posicionar-se criticamente em relação a textos pertencentes a gêneros como quarta-capa, programa (de teatro, dança, exposição etc.), sinopse, resenha crítica, comentário em blog/vlog cultural etc., para selecionar obras literárias e outras manifestações artísticas (cinema, teatro, exposições, espetáculos, CD´s, DVD´s etc.), diferenciando as sequências descritivas e avaliativas e reconhecendo-os como gêneros que apoiam a escolha do livro ou produção cultural e consultando-os no momento de fazer escolhas, quando for o caso.","Take a critical stance toward texts belonging to genres such as back-cover copy, programs (for theater, dance, exhibitions, etc.), synopses, critical reviews, and blog/vlog cultural commentary, in order to select literary works and other artistic productions (cinema, theater, exhibitions, performances, CDs, DVDs, etc.); distinguish descriptive from evaluative sequences within these texts; recognize them as genres that support the selection of books or cultural productions; and consult them when making choices, as appropriate."
EF69LP46,EF,"6º, 7º, 8º, 9º",Língua Portuguesa,"Participar de práticas de compartilhamento de leitura/recepção de obras literárias/ manifestações artísticas, como rodas de leitura, clubes de leitura, eventos de contação de histórias, de leituras dramáticas, de apresentações teatrais, musicais e de filmes, cineclubes, festivais de vídeo, saraus, slams, canais de booktubers, redes sociais temáticas (de leitores, de cinéfilos, de música etc.), dentre outros, tecendo, quando possível, comentários de ordem estética e afetiva","Participate in practices of sharing and receiving literary works and artistic productions — such as reading circles, book clubs, storytelling events, dramatic readings, theatrical and musical performances and film screenings, film clubs, video festivals, poetry slams, spoken-word events (saraus), booktuber channels, and themed social networks (for readers, film enthusiasts, music lovers, etc.) — offering, whenever possible, comments of an aesthetic and affective nature."
EF69LP47,EF,"6º, 7º, 8º, 9º",Língua Portuguesa,"Analisar, em textos narrativos ficcionais, as diferentes formas de composição próprias de cada gênero, os recursos coesivos que constroem a passagem do tempo e articulam suas partes, a escolha lexical típica de cada gênero para a caracterização dos cenários e dos personagens e os efeitos de sentido decorrentes dos tempos verbais, dos tipos de discurso, dos verbos de enunciação e das variedades linguísticas (no discurso direto, se houver) empregados, identificando o enredo e o foco narrativo e percebendo como se estrutura a narrativa nos diferentes gêneros e os efeitos de sentido decorrentes do foco narrativo típico de cada gênero, da caracterização dos espaços físico e psicológico e dos tempos cronológico e psicológico, das diferentes vozes no texto (do narrador, de personagens em discurso direto e indireto), do uso de pontuação expressiva, palavras e expressões conotativas e processos figurativos e do uso de recursos linguístico-gramaticais próprios a cada gênero narrativo.","Analyze, in fictional narrative texts, the different compositional forms characteristic of each genre, the cohesive devices that construct the passage of time and connect the parts of the text, the lexical choices typical of each genre for the characterization of settings and characters, and the effects of meaning produced by verb tenses, types of discourse, verba dicendi, and linguistic varieties (in direct speech, when present); identify the plot and narrative point of view; and recognize how narrative structure operates across different genres and the effects of meaning arising from the narrative focus typical of each genre, the characterization of physical and psychological space and of chronological and psychological time, the different voices in the text (narrator, characters in direct and indirect discourse), the use of expressive punctuation, connotative words and expressions, figurative processes, and the use of linguistic and grammatical resources specific to each narrative genre."
EF69LP48,EF,"6º, 7º, 8º, 9º",Língua Portuguesa,"Interpretar, em poemas, efeitos produzidos pelo uso de recursos expressivos sonoros (estrofação, rimas, aliterações etc), semânticos (figuras de linguagem, por exemplo), gráfico- espacial (distribuição da mancha gráfica no papel), imagens e sua relação com o texto verbal.","Interpret, in poems, the effects produced by the use of sound-based expressive resources (stanza structure, rhyme, alliteration, etc.), semantic resources (figures of speech, for example), graphic-spatial resources (the distribution of text on the page), images, and their relationship to the verbal text."
EF69LP49,EF,"6º, 7º, 8º, 9º",Língua Portuguesa,"Mostrar-se interessado e envolvido pela leitura de livros de literatura e por outras produções culturais do campo e receptivo a textos que rompam com seu universo de expectativas, que representem um desafio em relação às suas possibilidades atuais e suas experiências anteriores de leitura, apoiando-se nas marcas linguísticas, em seu conhecimento sobre os gêneros e a temática e nas orientações dadas pelo professor.","Demonstrate genuine interest and engagement in reading literary books and other cultural productions in the field, and remain receptive to texts that challenge their existing expectations, present a difficulty relative to their current abilities, or differ from their prior reading experiences, drawing on linguistic cues, knowledge of genres and themes, and teacher guidance."
EF69LP50,EF,"6º, 7º, 8º, 9º",Língua Portuguesa,"Elaborar texto teatral, a partir da adaptação de romances, contos, mitos, narrativas de enigma e de aventura, novelas, biografias romanceadas, crônicas, dentre outros, indicando as rubricas para caracterização do cenário, do espaço, do tempo; explicitando a caracterização física e psicológica dos personagens e dos seus modos de ação; reconfigurando a inserção do discurso direto e dos tipos de narrador; explicitando as marcas de variação linguística (dialetos, registros e jargões) e retextualizando o tratamento da temática.","Compose a dramatic text adapted from novels, short stories, myths, mystery and adventure narratives, novellas, fictionalized biographies, chronicles (crônicas), or other sources, incorporating stage directions to characterize the setting, space, and time; making explicit the physical and psychological characterization of characters and their modes of action; reconfiguring the rendering of direct speech and narrator types; making explicit markers of linguistic variation (dialects, registers, and jargon); and retextualizing the treatment of the theme."
EF69LP51,EF,"6º, 7º, 8º, 9º",Língua Portuguesa,"Engajar-se ativamente nos processos de planejamento, textualização, revisão/ edição e reescrita, tendo em vista as restrições temáticas, composicionais e estilísticas dos textos pretendidos e as configurações da situação de produção – o leitor pretendido, o suporte, o contexto de circulação do texto, as finalidades etc. – e considerando a imaginação, a estesia e a verossimilhança próprias ao texto literário.","Engage actively in the processes of planning, drafting, revising/editing, and rewriting, with attention to the thematic, compositional, and stylistic constraints of the intended texts and to the features of the production situation — the intended reader, the medium, the context of circulation, the purposes, etc. — and taking into account the imagination, aesthetic sensibility, and verisimilitude characteristic of literary texts."
EF69LP52,EF,"6º, 7º, 8º, 9º",Língua Portuguesa,"Representar cenas ou textos dramáticos, considerando, na caracterização dos personagens, os aspectos linguísticos e paralinguísticos das falas (timbre e tom de voz, pausas e hesitações, entonação e expressividade, variedades e registros linguísticos), os gestos e os deslocamentos no espaço cênico, o figurino e a maquiagem e elaborando as rubricas indicadas pelo autor por meio do cenário, da trilha sonora e da exploração dos modos de interpretação.","Perform scenes or dramatic texts, attending, in the characterization of characters, to the linguistic and paralinguistic aspects of dialogue (vocal timbre and tone, pauses and hesitations, intonation and expressiveness, linguistic varieties and registers), to gestures and movement within the stage space, to costume and makeup, and to the realization of the author's stage directions through set design, soundtrack, and the exploration of performance styles."
EF06HI18,EF,6º,História,Analisar o papel da religião cristã na cultura e nos modos de organização social no período medieval.,Analyze the role of the Christian religion in the culture and modes of social organization of the medieval period.
EF06HI19,EF,6º,História,Descrever e analisar os diferentes papéis sociais das mulheres no mundo antigo e nas sociedades medievais.,Describe and analyze the different social roles of women in the ancient world and in medieval societies.
EF07HI01,EF,7º,História,"Explicar o significado de “modernidade” e suas lógicas de inclusão e exclusão, com base em uma concepção europeia.","Explain the meaning of ""modernity"" and its logics of inclusion and exclusion as constructed from a European perspective."
EF07HI02,EF,7º,História,"Identificar conexões e interações entre as sociedades do Novo Mundo, da Europa, da África e da Ásia no contexto das navegações e indicar a complexidade e as interações que ocorrem nos Oceanos Atlântico, Índico e Pacífico.","Identify connections and interactions among the societies of the New World, Europe, Africa, and Asia in the context of the Age of Sail, and describe the complexity of and interactions occurring across the Atlantic, Indian, and Pacific Oceans."
EF07HI03,EF,7º,História,"Identificar aspectos e processos específicos das sociedades africanas e americanas antes da chegada dos europeus, com destaque para as formas de organização social e o desenvolvimento de saberes e técnicas.","Identify specific features and processes of African and American societies prior to European contact, with emphasis on forms of social organization and the development of knowledge and techniques."
EF07HI04,EF,7º,História,Identificar as principais características dos Humanismos e dos Renascimentos e analisar seus significados.,Identify the principal characteristics of Humanism and the Renaissance movements and analyze their historical significance.
EF07HI05,EF,7º,História,Identificar e relacionar as vinculações entre as reformas religiosas e os processos culturais e sociais do período moderno na Europa e na América.,Identify and explain the connections between the religious reformations and the cultural and social processes of the early modern period in Europe and the Americas.
EF07HI06,EF,7º,História,Comparar as navegações no Atlântico e no Pacífico entre os séculos XIV e XVI.,Compare Atlantic and Pacific navigations between the fourteenth and sixteenth centuries.
EF07HI07,EF,7º,História,Descrever os processos de formação e consolidação das monarquias e suas principais características com vistas à compreensão das razões da centralização política.,"Describe the processes of formation and consolidation of monarchies and their principal characteristics, with a view to understanding the reasons for political centralization."
EF07HI08,EF,7º,História,"Descrever as formas de organização das sociedades americanas no tempo da conquista com vistas à compreensão dos mecanismos de alianças, confrontos e resistências.","Describe the forms of social organization of American societies at the time of conquest, with a view to understanding the mechanisms of alliances, confrontations, and resistance."
EF07HI09,EF,7º,História,Analisar os diferentes impactos da conquista europeia da América para as populações ameríndias e identificar as formas de resistência.,Analyze the varied impacts of the European conquest of the Americas on Amerindian populations and identify the forms of resistance they employed.
EF07HI10,EF,7º,História,"Analisar, com base em documentos históricos, diferentes interpretações sobre as dinâmicas das sociedades americanas no período colonial.","Analyze, using primary historical documents, different interpretations of the dynamics of American societies during the colonial period."
EF07HI11,EF,7º,História,Analisar a formação histórico-geográfica do território da América portuguesa por meio de mapas históricos.,Analyze the historical-geographic formation of the territory of Portuguese America (colonial Brazil) through the use of historical maps.
EF07HI12,EF,7º,História,"Identificar a distribuição territorial da população brasileira em diferentes épocas, considerando a diversidade étnico-racial e étnico-cultural (indígena, africana, europeia e asiática).","Identify the territorial distribution of the Brazilian population across different time periods, considering its ethnic-racial and ethnocultural diversity (Indigenous, African, European, and Asian)."
EF07HI13,EF,7º,História,Caracterizar a ação dos europeus e suas lógicas mercantis visando ao domínio no mundo atlântico.,Characterize the actions of Europeans and their mercantilist logics aimed at achieving dominance in the Atlantic world.
EF07HI14,EF,7º,História,Descrever as dinâmicas comerciais das sociedades americanas e africanas e analisar suas interações com outras sociedades do Ocidente e do Oriente.,Describe the commercial dynamics of American and African societies and analyze their interactions with other societies of the Western and Eastern worlds.
EF07HI15,EF,7º,História,Discutir o conceito de escravidão moderna e suas distinções em relação ao escravismo antigo e à servidão medieval.,Discuss the concept of modern slavery and its distinctions from ancient slaveholding and medieval serfdom.
EF07HI16,EF,7º,História,"Analisar os mecanismos e as dinâmicas de comércio de escravizados em suas diferentes fases, identificando os agentes responsáveis pelo tráfico e as regiões e zonas africanas de procedência dos escravizados.","Analyze the mechanisms and dynamics of the enslaved-persons trade across its different phases, identifying the agents responsible for the traffic and the African regions and zones of origin of the enslaved."
EF07HI17,EF,7º,História,Discutir as razões da passagem do mercantilismo para o capitalismo.,Discuss the reasons for the transition from mercantilism to capitalism.
EF08HI01,EF,8º,História,Identificar os principais aspectos conceituais do iluminismo e do liberalismo e discutir a relação entre eles e a organização do mundo contemporâneo.,"Identify the principal conceptual features of Enlightenment thought and liberalism, and discuss their relationship to the organization of the contemporary world."
EF69LP13,EF,"6º, 7º, 8º, 9º",Língua Portuguesa,"Engajar-se e contribuir com a busca de conclusões comuns relativas a problemas, temas ou questões polêmicas de interesse da turma e/ou de relevância social.","Engage and contribute to the pursuit of shared conclusions regarding problems, topics, or controversial issues of interest to the class and/or of broader social relevance."
EF69LP14,EF,"6º, 7º, 8º, 9º",Língua Portuguesa,"Formular perguntas e decompor, com a ajuda dos colegas e dos professores, tema/questão polêmica, explicações e ou argumentos relativos ao objeto de discussão para análise mais minuciosa e buscar em fontes diversas informações ou dados que permitam analisar partes da questão e compartilhá-los com a turma.","Formulate questions and, with the support of peers and teachers, break down a controversial topic or issue — including related explanations and arguments — for more detailed analysis, seeking information or data from diverse sources that allow examination of specific aspects of the issue and sharing findings with the class."
EF69LP15,EF,"6º, 7º, 8º, 9º",Língua Portuguesa,"Apresentar argumentos e contra-argumentos coerentes, respeitando os turnos de fala, na participação em discussões sobre temas controversos e/ou polêmicos.","Present coherent arguments and counterarguments, respecting turn-taking conventions, when participating in discussions about controversial and/or contentious topics."
EF69LP16,EF,"6º, 7º, 8º, 9º",Língua Portuguesa,"Analisar e utilizar as formas de composição dos gêneros jornalísticos da ordem do relatar, tais como notícias (pirâmide invertida no impresso X blocos noticiosos hipertextuais e hipermidiáticos no digital, que também pode contar com imagens de vários tipos, vídeos, gravações de áudio etc.), da ordem do argumentar, tais como artigos de opinião e editorial (contextualização, defesa de tese/opinião e uso de argumentos) e das entrevistas: apresentação e contextualização do entrevistado e do tema, estrutura pergunta e resposta etc.","Analyze and apply the compositional features of journalistic genres in the reporting mode — such as news articles (inverted pyramid structure in print versus hypertextual and hypermedia news blocks in digital formats, which may also include various image types, videos, audio recordings, etc.) — in the argumentative mode — such as opinion articles and editorials (contextualization, thesis/opinion statement, and use of supporting arguments) — and in interview formats: introduction and contextualization of the interviewee and topic, question-and-answer structure, etc."
EF69LP17,EF,"6º, 7º, 8º, 9º",Língua Portuguesa,"Perceber e analisar os recursos estilísticos e semióticos dos gêneros jornalísticos e publicitários, os aspectos relativos ao tratamento da informação em notícias, como a ordenação dos eventos, as escolhas lexicais, o efeito de imparcialidade do relato, a morfologia do verbo, em textos noticiosos e argumentativos, reconhecendo marcas de pessoa, número, tempo, modo, a distribuição dos verbos nos gêneros textuais (por exemplo, as formas de pretérito em relatos; as formas de presente e futuro em gêneros argumentativos; as formas de imperativo em gêneros publicitários), o uso de recursos persuasivos em textos argumentativos diversos (como a elaboração do título, escolhas lexicais, construções metafóricas, a explicitação ou a ocultação de fontes de informação) e as estratégias de persuasão e apelo ao consumo com os recursos linguístico-discursivos utilizados (tempo verbal, jogos de palavras, metáforas, imagens).","Identify and analyze the stylistic and semiotic resources of journalistic and advertising genres, including aspects of information treatment in news texts — such as event sequencing, lexical choices, the effect of impartiality in reporting, and verb morphology — in both news and argumentative texts; recognize markers of person, number, tense, and mood, as well as the distribution of verb forms across text types (e.g., past tenses in narratives; present and future tenses in argumentative genres; imperative forms in advertising genres); and examine the use of persuasive devices in various argumentative texts (such as headline construction, lexical choices, metaphorical structures, and the disclosure or concealment of information sources), as well as the persuasion strategies and appeals to consumption achieved through linguistic and discursive resources (verb tense, wordplay, metaphors, and images)."
EF69LP23,EF,"6º, 7º, 8º, 9º",Língua Portuguesa,"Contribuir com a escrita de textos normativos, quando houver esse tipo de demanda na escola – regimentos e estatutos de organizações da sociedade civil do âmbito da atuação das crianças e jovens (grêmio livre, clubes de leitura, associações culturais etc.) – e de regras e regulamentos nos vários âmbitos da escola – campeonatos, festivais, regras de convivência etc., levando em conta o contexto de produção e as características dos gêneros em questão.","Contribute to the writing of normative texts, when such demand arises at school — bylaws and statutes of civil society organizations within the sphere of children's and youth participation (student unions, reading clubs, cultural associations, etc.) — as well as rules and regulations across various school contexts — championships, festivals, codes of conduct, etc. — taking into account the production context and the genre characteristics involved."
EF69LP24,EF,"6º, 7º, 8º, 9º",Língua Portuguesa,"Discutir casos, reais ou simulações, submetidos a juízo, que envolvam (supostos) desrespeitos a artigos, do ECA, do Código de Defesa do Consumidor, do Código Nacional de Trânsito, de regulamentações do mercado publicitário etc., como forma de criar familiaridade com textos legais – seu vocabulário, formas de organização, marcas de estilo etc. -, de maneira a facilitar a compreensão de leis, fortalecer a defesa de direitos, fomentar a escrita de textos normativos (se e quando isso for necessário) e possibilitar a compreensão do caráter interpretativo das leis e as várias perspectivas que podem estar em jogo.","Discuss real or simulated cases brought to judgment involving alleged violations of articles from the ECA (Statute of the Child and Adolescent), the Consumer Protection Code, the National Traffic Code, advertising market regulations, and similar legal texts — as a means of building familiarity with legal language, including its vocabulary, organizational structures, and stylistic features — in order to facilitate comprehension of laws, strengthen the defense of rights, support the writing of normative texts when necessary, and enable understanding of the interpretive nature of laws and the multiple perspectives that may be at stake."
EF69LP25,EF,"6º, 7º, 8º, 9º",Língua Portuguesa,"Posicionar-se de forma consistente e sustentada em uma discussão, assembleia, reuniões de colegiados da escola, de agremiações e outras situações de apresentação de propostas e defesas de opiniões, respeitando as opiniões contrárias e propostas alternativas e fundamentando seus posicionamentos, no tempo de fala previsto, valendo-se de sínteses e propostas claras e justificadas.","Articulate and sustain a consistent position in discussions, assemblies, school collegiate meetings, student organization gatherings, and other situations involving the presentation of proposals and the defense of opinions, respecting opposing views and alternative proposals, grounding one's stances within the allotted speaking time, and drawing on clear, well-justified summaries and proposals."
EF69LP26,EF,"6º, 7º, 8º, 9º",Língua Portuguesa,"Tomar nota em discussões, debates, palestras, apresentação de propostas, reuniões, como forma de documentar o evento e apoiar a própria fala (que pode se dar no momento do evento ou posteriormente, quando, por exemplo, for necessária a retomada dos assuntos tratados em outros contextos públicos, como diante dos representados).","Take notes during discussions, debates, lectures, proposal presentations, and meetings as a way of documenting the event and supporting one's own contributions — whether made during the event itself or afterward, such as when previously addressed topics must be revisited in other public contexts, including before one's constituents."
EF69LP27,EF,"6º, 7º, 8º, 9º",Língua Portuguesa,"Analisar a forma composicional de textos pertencentes a gêneros normativos/ jurídicos e a gêneros da esfera política, tais como propostas, programas políticos (posicionamento quanto a diferentes ações a serem propostas, objetivos, ações previstas etc.), propaganda política (propostas e sua sustentação, posicionamento quanto a temas em discussão) e textos reivindicatórios: cartas de reclamação, petição (proposta, suas justificativas e ações a serem adotadas) e suas marcas linguísticas, de forma a incrementar a compreensão de textos pertencentes a esses gêneros e a possibilitar a produção de textos mais adequados e/ou fundamentados quando isso for requerido.","Analyze the compositional structure of texts belonging to normative and legal genres and to genres of the political sphere — such as proposals, political platforms (positions on various proposed actions, objectives, and planned measures), political campaign materials (proposals and their supporting arguments, positions on issues under debate), and advocacy texts including complaint letters and petitions (proposals, their justifications, and actions to be taken) — as well as their linguistic features, in order to deepen comprehension of texts belonging to these genres and to enable the production of more appropriate and well-grounded texts when required."
EF69LP28,EF,"6º, 7º, 8º, 9º",Língua Portuguesa,"Observar os mecanismos de modalização adequados aos textos jurídicos, as modalidades deônticas, que se referem ao eixo da conduta (obrigatoriedade/permissibilidade) como, por exemplo: Proibição: “Não se deve fumar em recintos fechados.”; Obrigatoriedade: “A vida tem que valer a pena.”; Possibilidade: “É permitido a entrada de menores acompanhados de adultos responsáveis”, e os mecanismos de modalização adequados aos textos políticos e propositivos, as modalidades apreciativas, em que o locutor exprime um juízo de valor (positivo ou negativo) acerca do que enuncia. Por exemplo: “Que belo discurso!”, “Discordo das escolhas de Antônio.” “Felizmente, o buraco ainda não causou acidentes mais graves.”","Examine the modalization mechanisms appropriate to legal texts — specifically deontic modalities, which operate along the axis of conduct (obligation/permissibility) — as illustrated by the following examples: Prohibition: ""Smoking is not permitted in enclosed spaces.""; Obligation: ""Life must be worth living.""; Permission: ""Minors accompanied by responsible adults are allowed entry"" — and examine the modalization mechanisms appropriate to political and propositional texts — specifically appreciative modalities, in which the speaker expresses a value judgment (positive or negative) about what is being stated, as in: ""What a wonderful speech!"", ""I disagree with Antônio's choices."", ""Fortunately, the pothole has not yet caused more serious accidents."""
EF69LP29,EF,"6º, 7º, 8º, 9º",Língua Portuguesa,"Refletir sobre a relação entre os contextos de produção dos gêneros de divulgação científica – texto didático, artigo de divulgação científica, reportagem de divulgação científica, verbete de enciclopédia (impressa e digital), esquema, infográfico (estático e animado), relatório, relato multimidiático de campo, podcasts e vídeos variados de divulgação científica etc. – e os aspectos relativos à construção composicional e às marcas linguística características desses gêneros, de forma a ampliar suas possibilidades de compreensão (e produção) de textos pertencentes a esses gêneros.","Reflect on the relationship between the contexts of production of science communication genres — including textbook passages, popular science articles, science news reports, encyclopedia entries (print and digital), diagrams, infographics (static and animated), reports, multimedia field accounts, podcasts, and various science communication videos — and the aspects related to the compositional structure and characteristic linguistic features of these genres, in order to expand students' capacity for comprehension (and production) of texts belonging to these genres."
EF69LP30,EF,"6º, 7º, 8º, 9º",Língua Portuguesa,"Comparar, com a ajuda do professor, conteúdos, dados e informações de diferentes fontes, levando em conta seus contextos de produção e referências, identificando coincidências, complementaridades e contradições, de forma a poder identificar erros/imprecisões conceituais, compreender e posicionar-se criticamente sobre os conteúdos e informações em questão.","Compare, with teacher support, content, data, and information from different sources — taking into account their contexts of production and references — identifying coincidences, complementarities, and contradictions, so as to detect errors or conceptual inaccuracies, and to develop a critical understanding of and stance toward the content and information under examination."
EF69LP31,EF,"6º, 7º, 8º, 9º",Língua Portuguesa,"Utilizar pistas linguísticas – tais como “em primeiro/segundo/terceiro lugar”, “por outro lado”, “dito de outro modo”, isto é”, “por exemplo” – para compreender a hierarquização das proposições, sintetizando o conteúdo dos textos.","Use linguistic cues — such as ""first/second/third,"" ""on the other hand,"" ""in other words,"" ""that is,"" and ""for example"" — to understand the hierarchical organization of propositions and synthesize the content of texts."
EF69LP32,EF,"6º, 7º, 8º, 9º",Língua Portuguesa,"Selecionar informações e dados relevantes de fontes diversas (impressas, digitais, orais etc.), avaliando a qualidade e a utilidade dessas fontes, e organizar, esquematicamente, com ajuda do professor, as informações necessárias (sem excedê-las) com ou sem apoio de ferramentas digitais, em quadros, tabelas ou gráficos.","Select relevant information and data from diverse sources (print, digital, oral, etc.), evaluating the quality and usefulness of those sources, and organize the necessary information schematically — without exceeding what is required — with or without the support of digital tools, in charts, tables, or graphs, with teacher guidance."
EF69LP19,EF,"6º, 7º, 8º, 9º",Língua Portuguesa,"Analisar, em gêneros orais que envolvam argumentação, os efeitos de sentido de elementos típicos da modalidade falada, como a pausa, a entonação, o ritmo, a gestualidade e expressão facial, as hesitações etc.","Analyze, in oral genres involving argumentation, the effects of meaning produced by elements characteristic of spoken language, such as pauses, intonation, rhythm, gestures and facial expressions, hesitations, and related features."
EF69LP22,EF,"6º, 7º, 8º, 9º",Língua Portuguesa,"Produzir, revisar e editar textos reivindicatórios ou propositivos sobre problemas que afetam a vida escolar ou da comunidade, justificando pontos de vista, reivindicações e detalhando propostas (justificativa, objetivos, ações previstas etc.), levando em conta seu contexto de produção e as características dos gêneros em questão.","Produce, revise, and edit argumentative or proposal-based texts addressing problems that affect school or community life, justifying viewpoints and demands while elaborating on proposals (rationale, objectives, planned actions, etc.), taking into account the context of production and the characteristic features of the relevant genres."
EF69LP21,EF,"6º, 7º, 8º, 9º",Língua Portuguesa,"Posicionar-se em relação a conteúdos veiculados em práticas não institucionalizadas de participação social, sobretudo àquelas vinculadas a manifestações artísticas, produções culturais, intervenções urbanas e práticas próprias das culturas juvenis que pretendam denunciar, expor uma problemática ou “convocar” para uma reflexão/ação, relacionando esse texto/produção com seu contexto de produção e relacionando as partes e semioses presentes para a construção de sentidos.","Take a position regarding content conveyed in non-institutionalized forms of social participation, particularly those linked to artistic expressions, cultural productions, urban interventions, and practices characteristic of youth cultures that aim to denounce, expose a problem, or 'call upon' audiences for reflection or action, connecting the text or production to its context of creation and relating its constituent parts and semiotic modes to the construction of meaning."
EF69LP20,EF,"6º, 7º, 8º, 9º",Língua Portuguesa,"Identificar, tendo em vista o contexto de produção, a forma de organização dos textos normativos e legais, a lógica de hierarquização de seus itens e subitens e suas partes: parte inicial (título – nome e data – e ementa), blocos de artigos (parte, livro, capítulo, seção, subseção), artigos (caput e parágrafos e incisos) e parte final (disposições pertinentes à sua implementação) e analisar efeitos de sentido causados pelo uso de vocabulário técnico, pelo uso do imperativo, de palavras e expressões que indicam circunstâncias, como advérbios e locuções adverbiais, de palavras que indicam generalidade, como alguns pronomes indefinidos, de forma a poder compreender o caráter imperativo, coercitivo e generalista das leis e de outras formas de regulamentação.","Identify, considering the production context, the organizational structure of normative and legal texts, the logic governing the hierarchy of their items, subitems, and parts — including the opening section (title, name, date, and explanatory caption), article blocks (parts, books, chapters, sections, subsections), articles (caput and paragraphs with numbered clauses), and closing section (provisions pertaining to implementation) — and analyze the effects of meaning produced by the use of technical vocabulary, the imperative mood, words and expressions indicating circumstances (such as adverbs and adverbial phrases), and words indicating generality (such as certain indefinite pronouns), in order to understand the imperative, coercive, and generalizing character of laws and other forms of regulation."
EF69LP18,EF,"6º, 7º, 8º, 9º",Língua Portuguesa,"Utilizar, na escrita/reescrita de textos argumentativos, recursos linguísticos que marquem as relações de sentido entre parágrafos e enunciados do texto e operadores de conexão adequados aos tipos de argumento e à forma de composição de textos argumentativos, de maneira a garantir a coesão, a coerência e a progressão temática nesses textos (“primeiramente, mas, no entanto, em primeiro/segundo/terceiro lugar, finalmente, em conclusão” etc.).","Use, in the writing and revision of argumentative texts, linguistic resources that signal meaning relationships between paragraphs and utterances, as well as connective operators appropriate to the types of argument and to the compositional structure of argumentative texts — ensuring cohesion, coherence, and thematic progression through expressions such as ""first,"" ""however,"" ""in the first/second/third place,"" ""finally,"" and ""in conclusion,"" among others."
