component_id,bncc_code,confidence,cc_subject,bncc_subject,source
562698cf-4e3d-4181-8370-f27c0af1e1c4,EF01LP11,high,English Language Arts,"Ciências Humanas e Sociais Aplicadas, Escuta, Fala, Pensamento e Imaginação, Geografia, História, Linguagens e suas Tecnologias, Língua Inglesa, Língua Portuguesa",ai_generated
e9ea154e-3513-4930-85b2-faf4dae8bb55,EF01LP11,high,English Language Arts,"Ciências Humanas e Sociais Aplicadas, Escuta, Fala, Pensamento e Imaginação, Geografia, História, Linguagens e suas Tecnologias, Língua Inglesa, Língua Portuguesa",ai_generated
acd57ee2-516c-4b23-be82-c0f49d9cb5c4,EM13LP08,medium,English Language Arts,"Ciências Humanas e Sociais Aplicadas, Escuta, Fala, Pensamento e Imaginação, Geografia, História, Linguagens e suas Tecnologias, Língua Inglesa, Língua Portuguesa",ai_generated
33990999-9d71-45b9-8f8d-ba87430da460,EM13LP08,medium,English Language Arts,"Ciências Humanas e Sociais Aplicadas, Escuta, Fala, Pensamento e Imaginação, Geografia, História, Linguagens e suas Tecnologias, Língua Inglesa, Língua Portuguesa",ai_generated
f067248f-5d71-4c0a-8213-66ae9d1efe00,EM13LP08,medium,English Language Arts,"Ciências Humanas e Sociais Aplicadas, Escuta, Fala, Pensamento e Imaginação, Geografia, História, Linguagens e suas Tecnologias, Língua Inglesa, Língua Portuguesa",ai_generated
8edd0748-65b4-469b-bcaa-35cde598869d,EF03LP07,high,English Language Arts,"Ciências Humanas e Sociais Aplicadas, Escuta, Fala, Pensamento e Imaginação, Geografia, História, Linguagens e suas Tecnologias, Língua Inglesa, Língua Portuguesa",ai_generated
d16fd0b7-619f-49d1-a316-5acccf7cf99e,EF69LP07,medium,English Language Arts,"Ciências Humanas e Sociais Aplicadas, Escuta, Fala, Pensamento e Imaginação, Geografia, História, Linguagens e suas Tecnologias, Língua Inglesa, Língua Portuguesa",ai_generated
4a8d4172-872c-4e2d-af22-9be9fb519e81,EF09LP04,medium,English Language Arts,"Ciências Humanas e Sociais Aplicadas, Escuta, Fala, Pensamento e Imaginação, Geografia, História, Linguagens e suas Tecnologias, Língua Inglesa, Língua Portuguesa",ai_generated
ac2d159f-2f53-4d3e-b5b1-dc09ddf452ca,EF08LP06,medium,English Language Arts,"Ciências Humanas e Sociais Aplicadas, Escuta, Fala, Pensamento e Imaginação, Geografia, História, Linguagens e suas Tecnologias, Língua Inglesa, Língua Portuguesa",ai_generated
ce2acedd-e186-48e6-b80c-befd404f13cf,EF69LP26,high,English Language Arts,"Ciências Humanas e Sociais Aplicadas, Escuta, Fala, Pensamento e Imaginação, Geografia, História, Linguagens e suas Tecnologias, Língua Inglesa, Língua Portuguesa",ai_generated
5b37a619-563e-4e01-a9ff-aea2f44a8156,EF35LP12,high,English Language Arts,"Ciências Humanas e Sociais Aplicadas, Escuta, Fala, Pensamento e Imaginação, Geografia, História, Linguagens e suas Tecnologias, Língua Inglesa, Língua Portuguesa",ai_generated
6ee9f7bb-0865-47e9-b8c9-9f0123fc5ff5,EF67LP38,high,English Language Arts,"Ciências Humanas e Sociais Aplicadas, Escuta, Fala, Pensamento e Imaginação, Geografia, História, Linguagens e suas Tecnologias, Língua Inglesa, Língua Portuguesa",ai_generated
03067871-9e45-49f3-8dac-b350a823361f,EF15LP09,high,English Language Arts,"Ciências Humanas e Sociais Aplicadas, Escuta, Fala, Pensamento e Imaginação, Geografia, História, Linguagens e suas Tecnologias, Língua Inglesa, Língua Portuguesa",ai_generated
6d9f8655-0703-48f2-a81a-95ec017c671b,EM13LP35,high,English Language Arts,"Ciências Humanas e Sociais Aplicadas, Escuta, Fala, Pensamento e Imaginação, Geografia, História, Linguagens e suas Tecnologias, Língua Inglesa, Língua Portuguesa",ai_generated
868700da-90b8-4db8-b88f-231597cf69dc,EF89LP07,high,English Language Arts,"Ciências Humanas e Sociais Aplicadas, Escuta, Fala, Pensamento e Imaginação, Geografia, História, Linguagens e suas Tecnologias, Língua Inglesa, Língua Portuguesa",ai_generated
79563247-6bb7-4dfc-8673-b8664097e3aa,EM13LGG102,high,English Language Arts,"Ciências Humanas e Sociais Aplicadas, Escuta, Fala, Pensamento e Imaginação, Geografia, História, Linguagens e suas Tecnologias, Língua Inglesa, Língua Portuguesa",ai_generated
f2143475-b384-43c1-bad6-5f14f9827a1e,EF67LP38,high,English Language Arts,"Ciências Humanas e Sociais Aplicadas, Escuta, Fala, Pensamento e Imaginação, Geografia, História, Linguagens e suas Tecnologias, Língua Inglesa, Língua Portuguesa",ai_generated
a2189d16-4ad8-490f-b8c7-83f72d79f977,EF67LP23,medium,English Language Arts,"Ciências Humanas e Sociais Aplicadas, Escuta, Fala, Pensamento e Imaginação, Geografia, História, Linguagens e suas Tecnologias, Língua Inglesa, Língua Portuguesa",ai_generated
060785c2-8f94-4a7b-aeb2-58309df49e38,EF89LP03,high,English Language Arts,"Ciências Humanas e Sociais Aplicadas, Escuta, Fala, Pensamento e Imaginação, Geografia, História, Linguagens e suas Tecnologias, Língua Inglesa, Língua Portuguesa",ai_generated
a76414bd-293e-4055-8202-08b4344909c0,EF35LP05,high,English Language Arts,"Ciências Humanas e Sociais Aplicadas, Escuta, Fala, Pensamento e Imaginação, Geografia, História, Linguagens e suas Tecnologias, Língua Inglesa, Língua Portuguesa",ai_generated
ac6d1235-0568-4f3d-b805-1667912ef540,EM13LP05,high,English Language Arts,"Ciências Humanas e Sociais Aplicadas, Escuta, Fala, Pensamento e Imaginação, Geografia, História, Linguagens e suas Tecnologias, Língua Inglesa, Língua Portuguesa",ai_generated
f08d7341-044f-4f38-a57c-4484d8802889,EF03LP05,high,English Language Arts,"Ciências Humanas e Sociais Aplicadas, Escuta, Fala, Pensamento e Imaginação, Geografia, História, Linguagens e suas Tecnologias, Língua Inglesa, Língua Portuguesa",ai_generated
2f241d39-f781-4c5a-b62e-afc3e69435f8,EF15LP08,medium,English Language Arts,"Ciências Humanas e Sociais Aplicadas, Escuta, Fala, Pensamento e Imaginação, Geografia, História, Linguagens e suas Tecnologias, Língua Inglesa, Língua Portuguesa",ai_generated
375a144d-572d-4b71-8247-0799928d9c3b,EF15LP19,high,English Language Arts,"Ciências Humanas e Sociais Aplicadas, Escuta, Fala, Pensamento e Imaginação, Geografia, História, Linguagens e suas Tecnologias, Língua Inglesa, Língua Portuguesa",ai_generated
1380dbcf-4905-4193-9031-792e1c1b07eb,EF67LP30,high,English Language Arts,"Ciências Humanas e Sociais Aplicadas, Escuta, Fala, Pensamento e Imaginação, Geografia, História, Linguagens e suas Tecnologias, Língua Inglesa, Língua Portuguesa",ai_generated
42b94c70-f691-457d-8304-d5b376323eb6,EF89LP25,high,English Language Arts,"Ciências Humanas e Sociais Aplicadas, Escuta, Fala, Pensamento e Imaginação, Geografia, História, Linguagens e suas Tecnologias, Língua Inglesa, Língua Portuguesa",ai_generated
1c48874d-2233-4d27-9916-15638a5f1250,EF69LP25,high,English Language Arts,"Ciências Humanas e Sociais Aplicadas, Escuta, Fala, Pensamento e Imaginação, Geografia, História, Linguagens e suas Tecnologias, Língua Inglesa, Língua Portuguesa",ai_generated
878bd645-00e1-41f8-ae00-f3550130b44e,EF35LP24,high,English Language Arts,"Ciências Humanas e Sociais Aplicadas, Escuta, Fala, Pensamento e Imaginação, Geografia, História, Linguagens e suas Tecnologias, Língua Inglesa, Língua Portuguesa",ai_generated
11c1397e-c630-483f-a2b3-7b3da546f059,EF67LP29,high,English Language Arts,"Ciências Humanas e Sociais Aplicadas, Escuta, Fala, Pensamento e Imaginação, Geografia, História, Linguagens e suas Tecnologias, Língua Inglesa, Língua Portuguesa",ai_generated
55ba8023-3201-4de3-89de-987240bd33bd,EF05LP22,medium,English Language Arts,"Ciências Humanas e Sociais Aplicadas, Escuta, Fala, Pensamento e Imaginação, Geografia, História, Linguagens e suas Tecnologias, Língua Inglesa, Língua Portuguesa",ai_generated
0e103d8f-c9a9-492e-8344-fdb08da944c8,EF04LP03,high,English Language Arts,"Ciências Humanas e Sociais Aplicadas, Escuta, Fala, Pensamento e Imaginação, Geografia, História, Linguagens e suas Tecnologias, Língua Inglesa, Língua Portuguesa",ai_generated
a08f1ab1-073e-4edc-88c6-9c9a96795fd8,EF15LP11,high,English Language Arts,"Ciências Humanas e Sociais Aplicadas, Escuta, Fala, Pensamento e Imaginação, Geografia, História, Linguagens e suas Tecnologias, Língua Inglesa, Língua Portuguesa",ai_generated
7afaf05d-e7d5-4e39-ad8b-c11c89a1bb41,EF69LP52,high,English Language Arts,"Ciências Humanas e Sociais Aplicadas, Escuta, Fala, Pensamento e Imaginação, Geografia, História, Linguagens e suas Tecnologias, Língua Inglesa, Língua Portuguesa",ai_generated
1a1d2ef7-f886-42c2-811d-5e252d7d5083,EF35LP14,high,English Language Arts,"Ciências Humanas e Sociais Aplicadas, Escuta, Fala, Pensamento e Imaginação, Geografia, História, Linguagens e suas Tecnologias, Língua Inglesa, Língua Portuguesa",ai_generated
e733b6de-573f-4484-bf08-1e37f2289acf,EF05LP23,high,English Language Arts,"Ciências Humanas e Sociais Aplicadas, Escuta, Fala, Pensamento e Imaginação, Geografia, História, Linguagens e suas Tecnologias, Língua Inglesa, Língua Portuguesa",ai_generated
8529d19a-443f-4acc-acba-5a1eaced2a57,EF69LP33,medium,English Language Arts,"Ciências Humanas e Sociais Aplicadas, Escuta, Fala, Pensamento e Imaginação, Geografia, História, Linguagens e suas Tecnologias, Língua Inglesa, Língua Portuguesa",ai_generated
09043b93-e0fc-4f77-951c-95788af4a40f,EF69LP31,medium,English Language Arts,"Ciências Humanas e Sociais Aplicadas, Escuta, Fala, Pensamento e Imaginação, Geografia, História, Linguagens e suas Tecnologias, Língua Inglesa, Língua Portuguesa",ai_generated
0d8feadd-7dfb-4516-8149-96769a7cf11f,EF02LP02,high,English Language Arts,"Ciências Humanas e Sociais Aplicadas, Escuta, Fala, Pensamento e Imaginação, Geografia, História, Linguagens e suas Tecnologias, Língua Inglesa, Língua Portuguesa",ai_generated
93c06487-46e4-4f2d-8e5e-61c162ed4755,EF03LP05,high,English Language Arts,"Ciências Humanas e Sociais Aplicadas, Escuta, Fala, Pensamento e Imaginação, Geografia, História, Linguagens e suas Tecnologias, Língua Inglesa, Língua Portuguesa",ai_generated
631fb907-c9e8-4b29-a912-53172b1faf97,EF15LP18,high,English Language Arts,"Ciências Humanas e Sociais Aplicadas, Escuta, Fala, Pensamento e Imaginação, Geografia, História, Linguagens e suas Tecnologias, Língua Inglesa, Língua Portuguesa",ai_generated
3d4c7d8a-960f-44a5-abd0-39a7680232e7,EF03LP11,medium,English Language Arts,"Ciências Humanas e Sociais Aplicadas, Escuta, Fala, Pensamento e Imaginação, Geografia, História, Linguagens e suas Tecnologias, Língua Inglesa, Língua Portuguesa",ai_generated
73b25208-9b3b-4250-baff-f0cdc024f969,EF08LP16,medium,English Language Arts,"Ciências Humanas e Sociais Aplicadas, Escuta, Fala, Pensamento e Imaginação, Geografia, História, Linguagens e suas Tecnologias, Língua Inglesa, Língua Portuguesa",ai_generated
0d67ca36-2095-40c0-b8e8-cb6194db0a26,EF05LP04,medium,English Language Arts,"Ciências Humanas e Sociais Aplicadas, Escuta, Fala, Pensamento e Imaginação, Geografia, História, Linguagens e suas Tecnologias, Língua Inglesa, Língua Portuguesa",ai_generated
7588c63a-eb2b-4495-8d94-38e496dbc76c,EF08LP16,medium,English Language Arts,"Ciências Humanas e Sociais Aplicadas, Escuta, Fala, Pensamento e Imaginação, Geografia, História, Linguagens e suas Tecnologias, Língua Inglesa, Língua Portuguesa",ai_generated
fb872c77-1fbe-455c-9e85-463741bfc230,EF09LP09,high,English Language Arts,"Ciências Humanas e Sociais Aplicadas, Escuta, Fala, Pensamento e Imaginação, Geografia, História, Linguagens e suas Tecnologias, Língua Inglesa, Língua Portuguesa",ai_generated
5a4863d3-559b-48e0-b727-d3a64abaa54f,EF09LP09,high,English Language Arts,"Ciências Humanas e Sociais Aplicadas, Escuta, Fala, Pensamento e Imaginação, Geografia, História, Linguagens e suas Tecnologias, Língua Inglesa, Língua Portuguesa",ai_generated
a1e0f7e5-5f25-4412-b8a0-b17958526399,EF09LP09,high,English Language Arts,"Ciências Humanas e Sociais Aplicadas, Escuta, Fala, Pensamento e Imaginação, Geografia, História, Linguagens e suas Tecnologias, Língua Inglesa, Língua Portuguesa",ai_generated
17915a2e-157e-4b65-8b35-d4646f6b2723,EF02LP03,high,English Language Arts,"Ciências Humanas e Sociais Aplicadas, Escuta, Fala, Pensamento e Imaginação, Geografia, História, Linguagens e suas Tecnologias, Língua Inglesa, Língua Portuguesa",ai_generated
467f3345-5586-4906-8850-7b1c3eb53e7e,EF03LP08,medium,English Language Arts,"Ciências Humanas e Sociais Aplicadas, Escuta, Fala, Pensamento e Imaginação, Geografia, História, Linguagens e suas Tecnologias, Língua Inglesa, Língua Portuguesa",ai_generated
a589e915-a097-4c2b-a675-787a8cb03407,EF15LP10,high,English Language Arts,"Ciências Humanas e Sociais Aplicadas, Escuta, Fala, Pensamento e Imaginação, Geografia, História, Linguagens e suas Tecnologias, Língua Inglesa, Língua Portuguesa",ai_generated
3dc7587d-b188-4591-9eb2-a7c57a2d09c3,EF15LP11,high,English Language Arts,"Ciências Humanas e Sociais Aplicadas, Escuta, Fala, Pensamento e Imaginação, Geografia, História, Linguagens e suas Tecnologias, Língua Inglesa, Língua Portuguesa",ai_generated
cacc5e3b-042a-4742-8e0c-5d6b3fab9c18,EF02LP17,high,English Language Arts,"Ciências Humanas e Sociais Aplicadas, Escuta, Fala, Pensamento e Imaginação, Geografia, História, Linguagens e suas Tecnologias, Língua Inglesa, Língua Portuguesa",ai_generated
3e5ab254-b85e-4fbc-8328-efc2b3203cbb,EF35LP27,high,English Language Arts,"Ciências Humanas e Sociais Aplicadas, Escuta, Fala, Pensamento e Imaginação, Geografia, História, Linguagens e suas Tecnologias, Língua Inglesa, Língua Portuguesa",ai_generated
62ad832a-9370-4c3a-a65b-2c290f895506,EF35LP01,high,English Language Arts,"Ciências Humanas e Sociais Aplicadas, Escuta, Fala, Pensamento e Imaginação, Geografia, História, Linguagens e suas Tecnologias, Língua Inglesa, Língua Portuguesa",ai_generated
910a97c9-635f-4dc0-a319-021d46232b20,EF02LP04,high,English Language Arts,"Ciências Humanas e Sociais Aplicadas, Escuta, Fala, Pensamento e Imaginação, Geografia, História, Linguagens e suas Tecnologias, Língua Inglesa, Língua Portuguesa",ai_generated
6243c865-aba3-4760-9c73-b321493940c7,EF05LP07,medium,English Language Arts,"Ciências Humanas e Sociais Aplicadas, Escuta, Fala, Pensamento e Imaginação, Geografia, História, Linguagens e suas Tecnologias, Língua Inglesa, Língua Portuguesa",ai_generated
9518167d-b0c5-446a-bcfe-3cecffee20a9,EF05LP07,medium,English Language Arts,"Ciências Humanas e Sociais Aplicadas, Escuta, Fala, Pensamento e Imaginação, Geografia, História, Linguagens e suas Tecnologias, Língua Inglesa, Língua Portuguesa",ai_generated
2a8c41e2-db8d-4467-9043-94c980d357b4,EF05LP05,medium,English Language Arts,"Ciências Humanas e Sociais Aplicadas, Escuta, Fala, Pensamento e Imaginação, Geografia, História, Linguagens e suas Tecnologias, Língua Inglesa, Língua Portuguesa",ai_generated
ef61cab8-e9af-4e27-911b-915bf74c8cf0,EM13LP06,medium,English Language Arts,"Ciências Humanas e Sociais Aplicadas, Escuta, Fala, Pensamento e Imaginação, Geografia, História, Linguagens e suas Tecnologias, Língua Inglesa, Língua Portuguesa",ai_generated
dc6c8b78-21f2-4dee-a952-6983880f9998,EF15LP08,medium,English Language Arts,"Ciências Humanas e Sociais Aplicadas, Escuta, Fala, Pensamento e Imaginação, Geografia, História, Linguagens e suas Tecnologias, Língua Inglesa, Língua Portuguesa",ai_generated
9d000bd5-c1a3-43f8-8747-a9ec7434ea27,EF35LP30,medium,English Language Arts,"Ciências Humanas e Sociais Aplicadas, Escuta, Fala, Pensamento e Imaginação, Geografia, História, Linguagens e suas Tecnologias, Língua Inglesa, Língua Portuguesa",ai_generated
87525187-dac7-4948-aef5-babb37b16160,EF03LP07,medium,English Language Arts,"Ciências Humanas e Sociais Aplicadas, Escuta, Fala, Pensamento e Imaginação, Geografia, História, Linguagens e suas Tecnologias, Língua Inglesa, Língua Portuguesa",ai_generated
13072b7a-5a7d-4b8e-989e-74b9f3aa71c2,EF05LP26,medium,English Language Arts,"Ciências Humanas e Sociais Aplicadas, Escuta, Fala, Pensamento e Imaginação, Geografia, História, Linguagens e suas Tecnologias, Língua Inglesa, Língua Portuguesa",ai_generated
d747488f-f894-4d2c-8e84-23337486a1a4,EF05LP26,medium,English Language Arts,"Ciências Humanas e Sociais Aplicadas, Escuta, Fala, Pensamento e Imaginação, Geografia, História, Linguagens e suas Tecnologias, Língua Inglesa, Língua Portuguesa",ai_generated
67b94bf6-c7c9-4878-9cd7-402010e29c3b,EF35LP30,medium,English Language Arts,"Ciências Humanas e Sociais Aplicadas, Escuta, Fala, Pensamento e Imaginação, Geografia, História, Linguagens e suas Tecnologias, Língua Inglesa, Língua Portuguesa",ai_generated
bb1d350b-b800-418b-9f38-fec22ff78ded,EF08LP02,high,English Language Arts,"Ciências Humanas e Sociais Aplicadas, Escuta, Fala, Pensamento e Imaginação, Geografia, História, Linguagens e suas Tecnologias, Língua Inglesa, Língua Portuguesa",ai_generated
494d6fae-43d8-4835-a8ba-4be3693b4c52,EF67LP07,high,English Language Arts,"Ciências Humanas e Sociais Aplicadas, Escuta, Fala, Pensamento e Imaginação, Geografia, História, Linguagens e suas Tecnologias, Língua Inglesa, Língua Portuguesa",ai_generated
af215cf8-f8fa-4a41-a51f-31165c944320,EF35LP22,high,English Language Arts,"Ciências Humanas e Sociais Aplicadas, Escuta, Fala, Pensamento e Imaginação, Geografia, História, Linguagens e suas Tecnologias, Língua Inglesa, Língua Portuguesa",ai_generated
ac0e268e-d741-4f31-80f6-44ea0363a193,EF69LP30,high,English Language Arts,"Ciências Humanas e Sociais Aplicadas, Escuta, Fala, Pensamento e Imaginação, Geografia, História, Linguagens e suas Tecnologias, Língua Inglesa, Língua Portuguesa",ai_generated
b01923f6-593e-4b5a-aa91-2a7a16d90cae,EF08LP03,high,English Language Arts,"Ciências Humanas e Sociais Aplicadas, Escuta, Fala, Pensamento e Imaginação, Geografia, História, Linguagens e suas Tecnologias, Língua Inglesa, Língua Portuguesa",ai_generated
8e8d65f3-839b-495e-8322-2b54d4b2efaa,EM13LP18,high,English Language Arts,"Ciências Humanas e Sociais Aplicadas, Escuta, Fala, Pensamento e Imaginação, Geografia, História, Linguagens e suas Tecnologias, Língua Inglesa, Língua Portuguesa",ai_generated
f724c4ba-09f9-4bbd-b90e-6f460840f317,EM13LP15,high,English Language Arts,"Ciências Humanas e Sociais Aplicadas, Escuta, Fala, Pensamento e Imaginação, Geografia, História, Linguagens e suas Tecnologias, Língua Inglesa, Língua Portuguesa",ai_generated
f560d3d7-6442-449c-9b6f-be57a9e56331,EF69LP11,medium,English Language Arts,"Ciências Humanas e Sociais Aplicadas, Escuta, Fala, Pensamento e Imaginação, Geografia, História, Linguagens e suas Tecnologias, Língua Inglesa, Língua Portuguesa",ai_generated
75abb07a-5f9f-4e25-9c14-982ccb1cc5aa,EF06HI02,medium,English Language Arts,"Ciências Humanas e Sociais Aplicadas, Escuta, Fala, Pensamento e Imaginação, Geografia, História, Linguagens e suas Tecnologias, Língua Inglesa, Língua Portuguesa",ai_generated
107334c9-7319-4c38-9b4d-c18fd680d8d8,EF67LP07,medium,English Language Arts,"Ciências Humanas e Sociais Aplicadas, Escuta, Fala, Pensamento e Imaginação, Geografia, História, Linguagens e suas Tecnologias, Língua Inglesa, Língua Portuguesa",ai_generated
22ab0602-cfd5-4d85-94f9-50ede40bb8f2,EF69LP11,medium,English Language Arts,"Ciências Humanas e Sociais Aplicadas, Escuta, Fala, Pensamento e Imaginação, Geografia, História, Linguagens e suas Tecnologias, Língua Inglesa, Língua Portuguesa",ai_generated
06d6b023-311a-4716-8dfb-3bd81f59458b,EF15LP03,high,English Language Arts,"Ciências Humanas e Sociais Aplicadas, Escuta, Fala, Pensamento e Imaginação, Geografia, História, Linguagens e suas Tecnologias, Língua Inglesa, Língua Portuguesa",ai_generated
423d1623-8574-433d-8502-98c00d94778f,EF06LP04,high,English Language Arts,"Ciências Humanas e Sociais Aplicadas, Escuta, Fala, Pensamento e Imaginação, Geografia, História, Linguagens e suas Tecnologias, Língua Inglesa, Língua Portuguesa",ai_generated
d583f088-f623-40f4-98fe-787f4585629f,EF06LP04,medium,English Language Arts,"Ciências Humanas e Sociais Aplicadas, Escuta, Fala, Pensamento e Imaginação, Geografia, História, Linguagens e suas Tecnologias, Língua Inglesa, Língua Portuguesa",ai_generated
aa6a4642-471b-4cea-9a5e-f9bdbd957de6,EF67LP25,medium,English Language Arts,"Ciências Humanas e Sociais Aplicadas, Escuta, Fala, Pensamento e Imaginação, Geografia, História, Linguagens e suas Tecnologias, Língua Inglesa, Língua Portuguesa",ai_generated
ad0204de-5762-4480-a2b1-e2a2c13a7b27,EF05LP01,high,English Language Arts,"Ciências Humanas e Sociais Aplicadas, Escuta, Fala, Pensamento e Imaginação, Geografia, História, Linguagens e suas Tecnologias, Língua Inglesa, Língua Portuguesa",ai_generated
ff75580c-2c76-4c42-b9d9-b250d47b812b,EF03LP07,medium,English Language Arts,"Ciências Humanas e Sociais Aplicadas, Escuta, Fala, Pensamento e Imaginação, Geografia, História, Linguagens e suas Tecnologias, Língua Inglesa, Língua Portuguesa",ai_generated
12b2298a-8742-41fb-b162-1a677dda3fcc,EF03LP01,high,English Language Arts,"Ciências Humanas e Sociais Aplicadas, Escuta, Fala, Pensamento e Imaginação, Geografia, História, Linguagens e suas Tecnologias, Língua Inglesa, Língua Portuguesa",ai_generated
0fb42c92-7341-41a2-97fd-1c33d78e038f,EF03LP01,high,English Language Arts,"Ciências Humanas e Sociais Aplicadas, Escuta, Fala, Pensamento e Imaginação, Geografia, História, Linguagens e suas Tecnologias, Língua Inglesa, Língua Portuguesa",ai_generated
67a619e3-dcff-4608-bad8-bfcf40d6790a,EF35LP13,high,English Language Arts,"Ciências Humanas e Sociais Aplicadas, Escuta, Fala, Pensamento e Imaginação, Geografia, História, Linguagens e suas Tecnologias, Língua Inglesa, Língua Portuguesa",ai_generated
02065010-21c4-4190-8184-44bd91c5e789,EF35LP03,high,English Language Arts,"Ciências Humanas e Sociais Aplicadas, Escuta, Fala, Pensamento e Imaginação, Geografia, História, Linguagens e suas Tecnologias, Língua Inglesa, Língua Portuguesa",ai_generated
bc637361-e26e-4643-9ee6-067ee00666e6,EF89LP31,medium,English Language Arts,"Ciências Humanas e Sociais Aplicadas, Escuta, Fala, Pensamento e Imaginação, Geografia, História, Linguagens e suas Tecnologias, Língua Inglesa, Língua Portuguesa",ai_generated
d4dc57b5-cda3-41d3-8153-b8676d177149,EF69LP29,low,English Language Arts,"Ciências Humanas e Sociais Aplicadas, Escuta, Fala, Pensamento e Imaginação, Geografia, História, Linguagens e suas Tecnologias, Língua Inglesa, Língua Portuguesa",ai_generated
1547482c-d590-4bb6-a988-cd0121ebdefa,EF07LP03,medium,English Language Arts,"Ciências Humanas e Sociais Aplicadas, Escuta, Fala, Pensamento e Imaginação, Geografia, História, Linguagens e suas Tecnologias, Língua Inglesa, Língua Portuguesa",ai_generated
e80db9be-bac7-4336-aece-dac7ca93e33c,EF15LP02,medium,English Language Arts,"Ciências Humanas e Sociais Aplicadas, Escuta, Fala, Pensamento e Imaginação, Geografia, História, Linguagens e suas Tecnologias, Língua Inglesa, Língua Portuguesa",ai_generated
460f4e1e-a0a7-474a-93b8-b05fa1eec511,EF67LP06,medium,English Language Arts,"Ciências Humanas e Sociais Aplicadas, Escuta, Fala, Pensamento e Imaginação, Geografia, História, Linguagens e suas Tecnologias, Língua Inglesa, Língua Portuguesa",ai_generated
1eea979a-c084-487f-bdf8-ecfae74e3b79,EF35LP31,high,English Language Arts,"Ciências Humanas e Sociais Aplicadas, Escuta, Fala, Pensamento e Imaginação, Geografia, História, Linguagens e suas Tecnologias, Língua Inglesa, Língua Portuguesa",ai_generated
9badb6d7-407e-40c3-ae1c-e4cd2659a7a3,EF15LP18,high,English Language Arts,"Ciências Humanas e Sociais Aplicadas, Escuta, Fala, Pensamento e Imaginação, Geografia, História, Linguagens e suas Tecnologias, Língua Inglesa, Língua Portuguesa",ai_generated
58bd82d8-d9dc-4f9e-9eee-35032ef2995d,EF05LP07,high,English Language Arts,"Ciências Humanas e Sociais Aplicadas, Escuta, Fala, Pensamento e Imaginação, Geografia, História, Linguagens e suas Tecnologias, Língua Inglesa, Língua Portuguesa",ai_generated
ce337f7c-de4f-46ef-8239-bc8764c195f7,EF07LP02,medium,English Language Arts,"Ciências Humanas e Sociais Aplicadas, Escuta, Fala, Pensamento e Imaginação, Geografia, História, Linguagens e suas Tecnologias, Língua Inglesa, Língua Portuguesa",ai_generated
f2b601ae-a348-49ee-a28c-0b21d378e12e,EF67LP38,high,English Language Arts,"Ciências Humanas e Sociais Aplicadas, Escuta, Fala, Pensamento e Imaginação, Geografia, História, Linguagens e suas Tecnologias, Língua Inglesa, Língua Portuguesa",ai_generated
1a72b776-c232-4d0f-835c-a596ab728e6a,EM13LGG105,medium,English Language Arts,"Ciências Humanas e Sociais Aplicadas, Escuta, Fala, Pensamento e Imaginação, Geografia, História, Linguagens e suas Tecnologias, Língua Inglesa, Língua Portuguesa",ai_generated
0644e979-cd36-41da-9b15-68fa30e0ff44,EF06LP01,medium,English Language Arts,"Ciências Humanas e Sociais Aplicadas, Escuta, Fala, Pensamento e Imaginação, Geografia, História, Linguagens e suas Tecnologias, Língua Inglesa, Língua Portuguesa",ai_generated
de75e92a-02d4-49dd-aaea-a68cbe7881e9,EF06LP03,high,English Language Arts,"Ciências Humanas e Sociais Aplicadas, Escuta, Fala, Pensamento e Imaginação, Geografia, História, Linguagens e suas Tecnologias, Língua Inglesa, Língua Portuguesa",ai_generated
3bb6e11b-eee3-4ddd-9672-4e6328d04539,EF69LP30,medium,English Language Arts,"Ciências Humanas e Sociais Aplicadas, Escuta, Fala, Pensamento e Imaginação, Geografia, História, Linguagens e suas Tecnologias, Língua Inglesa, Língua Portuguesa",ai_generated
e841736d-d85c-46a6-bfff-50e34dee5f85,EF15LP04,medium,English Language Arts,"Ciências Humanas e Sociais Aplicadas, Escuta, Fala, Pensamento e Imaginação, Geografia, História, Linguagens e suas Tecnologias, Língua Inglesa, Língua Portuguesa",ai_generated
afa22670-df2f-414f-83b8-9a1d14868bf2,EF69LP32,medium,English Language Arts,"Ciências Humanas e Sociais Aplicadas, Escuta, Fala, Pensamento e Imaginação, Geografia, História, Linguagens e suas Tecnologias, Língua Inglesa, Língua Portuguesa",ai_generated
dd9f4702-e6cb-4255-beea-488e29a54f8c,EM13LP29,medium,English Language Arts,"Ciências Humanas e Sociais Aplicadas, Escuta, Fala, Pensamento e Imaginação, Geografia, História, Linguagens e suas Tecnologias, Língua Inglesa, Língua Portuguesa",ai_generated
13fa94f4-7d62-4fe9-b2d1-e0156530aaaa,EF05LP02,high,English Language Arts,"Ciências Humanas e Sociais Aplicadas, Escuta, Fala, Pensamento e Imaginação, Geografia, História, Linguagens e suas Tecnologias, Língua Inglesa, Língua Portuguesa",ai_generated
5804d310-a546-495b-8519-1c2bbfac758c,EF35LP05,high,English Language Arts,"Ciências Humanas e Sociais Aplicadas, Escuta, Fala, Pensamento e Imaginação, Geografia, História, Linguagens e suas Tecnologias, Língua Inglesa, Língua Portuguesa",ai_generated
59eef724-f855-4414-8794-a63ded3ef031,EF05LP09,medium,English Language Arts,"Ciências Humanas e Sociais Aplicadas, Escuta, Fala, Pensamento e Imaginação, Geografia, História, Linguagens e suas Tecnologias, Língua Inglesa, Língua Portuguesa",ai_generated
1b643458-d304-4c8d-a44a-0963365c9b92,EF05LP09,medium,English Language Arts,"Ciências Humanas e Sociais Aplicadas, Escuta, Fala, Pensamento e Imaginação, Geografia, História, Linguagens e suas Tecnologias, Língua Inglesa, Língua Portuguesa",ai_generated
7c2ffcd3-5f71-43b0-adad-001bb77c81be,EF05LP09,medium,English Language Arts,"Ciências Humanas e Sociais Aplicadas, Escuta, Fala, Pensamento e Imaginação, Geografia, História, Linguagens e suas Tecnologias, Língua Inglesa, Língua Portuguesa",ai_generated
50184bbc-24bf-4fad-a9ae-b4ef4e20ea57,EF05LP09,medium,English Language Arts,"Ciências Humanas e Sociais Aplicadas, Escuta, Fala, Pensamento e Imaginação, Geografia, História, Linguagens e suas Tecnologias, Língua Inglesa, Língua Portuguesa",ai_generated
a4296b2c-dba6-466d-a168-fe229b135789,EF69LP43,high,English Language Arts,"Ciências Humanas e Sociais Aplicadas, Escuta, Fala, Pensamento e Imaginação, Geografia, História, Linguagens e suas Tecnologias, Língua Inglesa, Língua Portuguesa",ai_generated
a37483a7-9408-4dea-8fe4-1d9f07bcfc36,EF67LP33,high,English Language Arts,"Ciências Humanas e Sociais Aplicadas, Escuta, Fala, Pensamento e Imaginação, Geografia, História, Linguagens e suas Tecnologias, Língua Inglesa, Língua Portuguesa",ai_generated
3f207c2e-f998-4f0d-bcdd-bbe4f87ba8e4,EF67LP32,medium,English Language Arts,"Ciências Humanas e Sociais Aplicadas, Escuta, Fala, Pensamento e Imaginação, Geografia, História, Linguagens e suas Tecnologias, Língua Inglesa, Língua Portuguesa",ai_generated
24f00792-5dd1-4f12-b358-8ddb1adde230,EM13LP12,high,English Language Arts,"Ciências Humanas e Sociais Aplicadas, Escuta, Fala, Pensamento e Imaginação, Geografia, História, Linguagens e suas Tecnologias, Língua Inglesa, Língua Portuguesa",ai_generated
c3cc03ca-96ac-4301-86e1-bc0163e182cd,EF69LP08,high,English Language Arts,"Ciências Humanas e Sociais Aplicadas, Escuta, Fala, Pensamento e Imaginação, Geografia, História, Linguagens e suas Tecnologias, Língua Inglesa, Língua Portuguesa",ai_generated
0aee4ea2-35b0-4527-bce4-5afd10783bd0,EF15LP06,high,English Language Arts,"Ciências Humanas e Sociais Aplicadas, Escuta, Fala, Pensamento e Imaginação, Geografia, História, Linguagens e suas Tecnologias, Língua Inglesa, Língua Portuguesa",ai_generated
3a7c24b5-fddc-4a75-a371-b76c7187f0b0,EF89LP14,high,English Language Arts,"Ciências Humanas e Sociais Aplicadas, Escuta, Fala, Pensamento e Imaginação, Geografia, História, Linguagens e suas Tecnologias, Língua Inglesa, Língua Portuguesa",ai_generated
adff5f85-4df7-48fd-99c1-d6f04475e93d,EF69LP28,medium,English Language Arts,"Ciências Humanas e Sociais Aplicadas, Escuta, Fala, Pensamento e Imaginação, Geografia, História, Linguagens e suas Tecnologias, Língua Inglesa, Língua Portuguesa",ai_generated
b7d718c4-c043-4a19-b4b0-baf418d1e732,EF01LP05,high,English Language Arts,"Ciências Humanas e Sociais Aplicadas, Escuta, Fala, Pensamento e Imaginação, Geografia, História, Linguagens e suas Tecnologias, Língua Inglesa, Língua Portuguesa",ai_generated
01778346-86f5-4e73-a9dd-dbf9e68a2e37,EF01LP08,high,English Language Arts,"Ciências Humanas e Sociais Aplicadas, Escuta, Fala, Pensamento e Imaginação, Geografia, História, Linguagens e suas Tecnologias, Língua Inglesa, Língua Portuguesa",ai_generated
4cff7077-ca0e-491c-9188-c2cd1403cd94,EM13CHS103,high,English Language Arts,"Ciências Humanas e Sociais Aplicadas, Escuta, Fala, Pensamento e Imaginação, Geografia, História, Linguagens e suas Tecnologias, Língua Inglesa, Língua Portuguesa",ai_generated
28ff8772-5192-4ed6-8af4-0500a02200b1,EM13CHS102,high,English Language Arts,"Ciências Humanas e Sociais Aplicadas, Escuta, Fala, Pensamento e Imaginação, Geografia, História, Linguagens e suas Tecnologias, Língua Inglesa, Língua Portuguesa",ai_generated
2933fb14-dedc-4d8f-b5cf-b1e313a97d8d,EM13CHS101,high,English Language Arts,"Ciências Humanas e Sociais Aplicadas, Escuta, Fala, Pensamento e Imaginação, Geografia, História, Linguagens e suas Tecnologias, Língua Inglesa, Língua Portuguesa",ai_generated
5c87fcf0-a482-4518-9562-bbff2a235eab,EF03GE07,low,English Language Arts,"Ciências Humanas e Sociais Aplicadas, Escuta, Fala, Pensamento e Imaginação, Geografia, História, Linguagens e suas Tecnologias, Língua Inglesa, Língua Portuguesa",ai_generated
7a6c2759-cb1e-4654-8cb8-72d70f8e9af1,EF09LP03,medium,English Language Arts,"Ciências Humanas e Sociais Aplicadas, Escuta, Fala, Pensamento e Imaginação, Geografia, História, Linguagens e suas Tecnologias, Língua Inglesa, Língua Portuguesa",ai_generated
a7f69e89-67ec-44b3-aa7a-2d57afbd9fb6,EM13LP12,medium,English Language Arts,"Ciências Humanas e Sociais Aplicadas, Escuta, Fala, Pensamento e Imaginação, Geografia, História, Linguagens e suas Tecnologias, Língua Inglesa, Língua Portuguesa",ai_generated
1efc8768-782f-4224-9f6a-edf6d37ad59a,EF69LP32,medium,English Language Arts,"Ciências Humanas e Sociais Aplicadas, Escuta, Fala, Pensamento e Imaginação, Geografia, História, Linguagens e suas Tecnologias, Língua Inglesa, Língua Portuguesa",ai_generated
d2fa34e6-2770-4685-bcc9-911f44123a6e,EF89LP24,medium,English Language Arts,"Ciências Humanas e Sociais Aplicadas, Escuta, Fala, Pensamento e Imaginação, Geografia, História, Linguagens e suas Tecnologias, Língua Inglesa, Língua Portuguesa",ai_generated
01ffbc2e-f3be-4f89-84a9-b55e22386688,EF69LP08,high,English Language Arts,"Ciências Humanas e Sociais Aplicadas, Escuta, Fala, Pensamento e Imaginação, Geografia, História, Linguagens e suas Tecnologias, Língua Inglesa, Língua Portuguesa",ai_generated
fc054e9b-d7de-4fc1-adf7-853e42e0cd23,EM13LP02,high,English Language Arts,"Ciências Humanas e Sociais Aplicadas, Escuta, Fala, Pensamento e Imaginação, Geografia, História, Linguagens e suas Tecnologias, Língua Inglesa, Língua Portuguesa",ai_generated
9a4bd9c5-53b6-4c73-b42d-f508862e2354,EM13LP38,medium,English Language Arts,"Ciências Humanas e Sociais Aplicadas, Escuta, Fala, Pensamento e Imaginação, Geografia, História, Linguagens e suas Tecnologias, Língua Inglesa, Língua Portuguesa",ai_generated
246159e4-d9de-489e-82f5-76d00e24ed49,EF35LP03,high,English Language Arts,"Ciências Humanas e Sociais Aplicadas, Escuta, Fala, Pensamento e Imaginação, Geografia, História, Linguagens e suas Tecnologias, Língua Inglesa, Língua Portuguesa",ai_generated
aa07f595-1e59-4606-a959-2faa5b6d1c9c,EF67LP06,high,English Language Arts,"Ciências Humanas e Sociais Aplicadas, Escuta, Fala, Pensamento e Imaginação, Geografia, História, Linguagens e suas Tecnologias, Língua Inglesa, Língua Portuguesa",ai_generated
7e4c839f-8a2f-489a-a11f-2a98de9291d2,EF06LI02,medium,English Language Arts,"Ciências Humanas e Sociais Aplicadas, Escuta, Fala, Pensamento e Imaginação, Geografia, História, Linguagens e suas Tecnologias, Língua Inglesa, Língua Portuguesa",ai_generated
64fcd087-00cf-46a5-9366-40a3760650ca,EF89LP31,medium,English Language Arts,"Ciências Humanas e Sociais Aplicadas, Escuta, Fala, Pensamento e Imaginação, Geografia, História, Linguagens e suas Tecnologias, Língua Inglesa, Língua Portuguesa",ai_generated
ab684459-b04b-48fc-bfac-396bd9fca410,EF35LP04,high,English Language Arts,"Ciências Humanas e Sociais Aplicadas, Escuta, Fala, Pensamento e Imaginação, Geografia, História, Linguagens e suas Tecnologias, Língua Inglesa, Língua Portuguesa",ai_generated
37c6a5a5-738d-4846-b5b2-24eb7dfc2229,EF67LP12,medium,English Language Arts,"Ciências Humanas e Sociais Aplicadas, Escuta, Fala, Pensamento e Imaginação, Geografia, História, Linguagens e suas Tecnologias, Língua Inglesa, Língua Portuguesa",ai_generated
8336c8ab-25d7-4e06-ac0f-cb1741d01f5b,EM13LP48,medium,English Language Arts,"Ciências Humanas e Sociais Aplicadas, Escuta, Fala, Pensamento e Imaginação, Geografia, História, Linguagens e suas Tecnologias, Língua Inglesa, Língua Portuguesa",ai_generated
69099903-e646-4373-98ac-0d669e3b3a0d,EM13LP50,medium,English Language Arts,"Ciências Humanas e Sociais Aplicadas, Escuta, Fala, Pensamento e Imaginação, Geografia, História, Linguagens e suas Tecnologias, Língua Inglesa, Língua Portuguesa",ai_generated
f58dd88f-bc9a-4a87-95a1-4b79c66c72ce,EM13LP49,medium,English Language Arts,"Ciências Humanas e Sociais Aplicadas, Escuta, Fala, Pensamento e Imaginação, Geografia, História, Linguagens e suas Tecnologias, Língua Inglesa, Língua Portuguesa",ai_generated
dc35ad0c-3e30-459a-9d08-2291656a71f1,EF67LP25,medium,English Language Arts,"Ciências Humanas e Sociais Aplicadas, Escuta, Fala, Pensamento e Imaginação, Geografia, História, Linguagens e suas Tecnologias, Língua Inglesa, Língua Portuguesa",ai_generated
d0ca70fb-f96e-4276-b0a5-9ea6c91b9568,EF06LP11,medium,English Language Arts,"Ciências Humanas e Sociais Aplicadas, Escuta, Fala, Pensamento e Imaginação, Geografia, História, Linguagens e suas Tecnologias, Língua Inglesa, Língua Portuguesa",ai_generated
ab5c9c44-1462-4226-a7dd-e59c3099c38a,EF35LP09,medium,English Language Arts,"Ciências Humanas e Sociais Aplicadas, Escuta, Fala, Pensamento e Imaginação, Geografia, História, Linguagens e suas Tecnologias, Língua Inglesa, Língua Portuguesa",ai_generated
b40531cf-c955-477f-aa85-d83d7f354bbb,EF69LP35,medium,English Language Arts,"Ciências Humanas e Sociais Aplicadas, Escuta, Fala, Pensamento e Imaginação, Geografia, História, Linguagens e suas Tecnologias, Língua Inglesa, Língua Portuguesa",ai_generated
252e8366-d18e-4596-9c64-c07eacb29ed3,EF89LP35,medium,English Language Arts,"Ciências Humanas e Sociais Aplicadas, Escuta, Fala, Pensamento e Imaginação, Geografia, História, Linguagens e suas Tecnologias, Língua Inglesa, Língua Portuguesa",ai_generated
c163a6c4-ab7b-412d-bfe0-c2ae0817f02d,EF89LP05,medium,English Language Arts,"Ciências Humanas e Sociais Aplicadas, Escuta, Fala, Pensamento e Imaginação, Geografia, História, Linguagens e suas Tecnologias, Língua Inglesa, Língua Portuguesa",ai_generated
e142cd10-ab1f-4cc4-bd5e-e9ec3a453f0c,EF07LP02,medium,English Language Arts,"Ciências Humanas e Sociais Aplicadas, Escuta, Fala, Pensamento e Imaginação, Geografia, História, Linguagens e suas Tecnologias, Língua Inglesa, Língua Portuguesa",ai_generated
6cd13b5d-3035-4373-9428-1fc1f29c4c7b,EF89LP31,medium,English Language Arts,"Ciências Humanas e Sociais Aplicadas, Escuta, Fala, Pensamento e Imaginação, Geografia, História, Linguagens e suas Tecnologias, Língua Inglesa, Língua Portuguesa",ai_generated
c78358db-23b3-4e50-a9b6-ca9c02bf0ff9,EF09LI06,medium,English Language Arts,"Ciências Humanas e Sociais Aplicadas, Escuta, Fala, Pensamento e Imaginação, Geografia, História, Linguagens e suas Tecnologias, Língua Inglesa, Língua Portuguesa",ai_generated
23891d85-1f02-47dc-b8b0-3329eebf8004,EM13LP34,medium,English Language Arts,"Ciências Humanas e Sociais Aplicadas, Escuta, Fala, Pensamento e Imaginação, Geografia, História, Linguagens e suas Tecnologias, Língua Inglesa, Língua Portuguesa",ai_generated
0151b3ef-63b6-4a1b-9a22-99b40b917528,EF69LP56,medium,English Language Arts,"Ciências Humanas e Sociais Aplicadas, Escuta, Fala, Pensamento e Imaginação, Geografia, História, Linguagens e suas Tecnologias, Língua Inglesa, Língua Portuguesa",ai_generated
06e5be78-4da1-40f7-aa36-96b836eac520,EF89LP23,medium,English Language Arts,"Ciências Humanas e Sociais Aplicadas, Escuta, Fala, Pensamento e Imaginação, Geografia, História, Linguagens e suas Tecnologias, Língua Inglesa, Língua Portuguesa",ai_generated
84631d57-04fd-42eb-970a-39615de569ed,EF35LP07,medium,English Language Arts,"Ciências Humanas e Sociais Aplicadas, Escuta, Fala, Pensamento e Imaginação, Geografia, História, Linguagens e suas Tecnologias, Língua Inglesa, Língua Portuguesa",ai_generated
43628a88-6780-4b16-a427-7591d383c974,EF67LP03,high,English Language Arts,"Ciências Humanas e Sociais Aplicadas, Escuta, Fala, Pensamento e Imaginação, Geografia, História, Linguagens e suas Tecnologias, Língua Inglesa, Língua Portuguesa",ai_generated
1426ba02-674b-44b6-82cc-b9e64683f771,EF05LP16,high,English Language Arts,"Ciências Humanas e Sociais Aplicadas, Escuta, Fala, Pensamento e Imaginação, Geografia, História, Linguagens e suas Tecnologias, Língua Inglesa, Língua Portuguesa",ai_generated
55c86dac-bb59-4b64-a515-7d4512dbff4a,EF02LP07,high,English Language Arts,"Ciências Humanas e Sociais Aplicadas, Escuta, Fala, Pensamento e Imaginação, Geografia, História, Linguagens e suas Tecnologias, Língua Inglesa, Língua Portuguesa",ai_generated
bde98894-c549-4e5f-805b-c839d5f5a388,EI03EF03,medium,English Language Arts,"Ciências Humanas e Sociais Aplicadas, Escuta, Fala, Pensamento e Imaginação, Geografia, História, Linguagens e suas Tecnologias, Língua Inglesa, Língua Portuguesa",ai_generated
eadca6e2-13bd-44d9-9acc-82cb57b322e7,EF01LP04,high,English Language Arts,"Ciências Humanas e Sociais Aplicadas, Escuta, Fala, Pensamento e Imaginação, Geografia, História, Linguagens e suas Tecnologias, Língua Inglesa, Língua Portuguesa",ai_generated
8c198ee1-c7b7-4b8f-b773-86360d4fd85f,EF01LP12,high,English Language Arts,"Ciências Humanas e Sociais Aplicadas, Escuta, Fala, Pensamento e Imaginação, Geografia, História, Linguagens e suas Tecnologias, Língua Inglesa, Língua Portuguesa",ai_generated
365d95e5-0776-44d6-8459-263568ae3236,EF01LP01,high,English Language Arts,"Ciências Humanas e Sociais Aplicadas, Escuta, Fala, Pensamento e Imaginação, Geografia, História, Linguagens e suas Tecnologias, Língua Inglesa, Língua Portuguesa",ai_generated
12f5091c-0c5f-4c86-986e-fc721ea9f204,EF15LP15,medium,English Language Arts,"Ciências Humanas e Sociais Aplicadas, Escuta, Fala, Pensamento e Imaginação, Geografia, História, Linguagens e suas Tecnologias, Língua Inglesa, Língua Portuguesa",ai_generated
58621f89-fb43-4195-99d5-01bc1c643b8b,EF67LP20,medium,English Language Arts,"Ciências Humanas e Sociais Aplicadas, Escuta, Fala, Pensamento e Imaginação, Geografia, História, Linguagens e suas Tecnologias, Língua Inglesa, Língua Portuguesa",ai_generated
e752e1ab-baba-4c5c-81fe-3617857bc62c,EF01LP26,high,English Language Arts,"Ciências Humanas e Sociais Aplicadas, Escuta, Fala, Pensamento e Imaginação, Geografia, História, Linguagens e suas Tecnologias, Língua Inglesa, Língua Portuguesa",ai_generated
616e9696-bb92-44eb-8d5a-942b56bf5b4e,EF07LI10,medium,English Language Arts,"Ciências Humanas e Sociais Aplicadas, Escuta, Fala, Pensamento e Imaginação, Geografia, História, Linguagens e suas Tecnologias, Língua Inglesa, Língua Portuguesa",ai_generated
92fd64d3-c51d-4f90-8a6e-29a8b7441f0b,EF15LP09,medium,English Language Arts,"Ciências Humanas e Sociais Aplicadas, Escuta, Fala, Pensamento e Imaginação, Geografia, História, Linguagens e suas Tecnologias, Língua Inglesa, Língua Portuguesa",ai_generated
999b5494-4fbd-46ca-aaa0-b35a79a5f2e4,EF35LP18,medium,English Language Arts,"Ciências Humanas e Sociais Aplicadas, Escuta, Fala, Pensamento e Imaginação, Geografia, História, Linguagens e suas Tecnologias, Língua Inglesa, Língua Portuguesa",ai_generated
60a867b6-769b-44df-bc7a-7619031d8b4e,EM13LP06,medium,English Language Arts,"Ciências Humanas e Sociais Aplicadas, Escuta, Fala, Pensamento e Imaginação, Geografia, História, Linguagens e suas Tecnologias, Língua Inglesa, Língua Portuguesa",ai_generated
069dbeb6-25c7-44cd-87f5-0f974596141f,EF07LP03,high,English Language Arts,"Ciências Humanas e Sociais Aplicadas, Escuta, Fala, Pensamento e Imaginação, Geografia, História, Linguagens e suas Tecnologias, Língua Inglesa, Língua Portuguesa",ai_generated
887fbdcc-168e-46a8-a8b1-f8d5be7b8233,EF07LP03,high,English Language Arts,"Ciências Humanas e Sociais Aplicadas, Escuta, Fala, Pensamento e Imaginação, Geografia, História, Linguagens e suas Tecnologias, Língua Inglesa, Língua Portuguesa",ai_generated
db6f5da3-8691-4b4a-9b0b-aa4d336665a9,EF69LP12,high,English Language Arts,"Ciências Humanas e Sociais Aplicadas, Escuta, Fala, Pensamento e Imaginação, Geografia, História, Linguagens e suas Tecnologias, Língua Inglesa, Língua Portuguesa",ai_generated
1961a2f7-5be9-4feb-afaa-15d04003490c,EM13LP15,high,English Language Arts,"Ciências Humanas e Sociais Aplicadas, Escuta, Fala, Pensamento e Imaginação, Geografia, História, Linguagens e suas Tecnologias, Língua Inglesa, Língua Portuguesa",ai_generated
06084df6-a55b-456c-bf7e-dd6bc7acc2b8,EF12LP01,high,English Language Arts,"Ciências Humanas e Sociais Aplicadas, Escuta, Fala, Pensamento e Imaginação, Geografia, História, Linguagens e suas Tecnologias, Língua Inglesa, Língua Portuguesa",ai_generated
241e2839-ca75-40fa-baf7-e0d577623000,EF35LP13,high,English Language Arts,"Ciências Humanas e Sociais Aplicadas, Escuta, Fala, Pensamento e Imaginação, Geografia, História, Linguagens e suas Tecnologias, Língua Inglesa, Língua Portuguesa",ai_generated
854eeede-bd9f-4420-a4d8-6010043b566a,EF15LP16,high,English Language Arts,"Ciências Humanas e Sociais Aplicadas, Escuta, Fala, Pensamento e Imaginação, Geografia, História, Linguagens e suas Tecnologias, Língua Inglesa, Língua Portuguesa",ai_generated
c466b3b7-c058-4bda-affd-51d70e69dd13,EF01LP16,medium,English Language Arts,"Ciências Humanas e Sociais Aplicadas, Escuta, Fala, Pensamento e Imaginação, Geografia, História, Linguagens e suas Tecnologias, Língua Inglesa, Língua Portuguesa",ai_generated
c26ed82f-32eb-47dd-a7d7-c83af2422838,EF04LP21,high,English Language Arts,"Ciências Humanas e Sociais Aplicadas, Escuta, Fala, Pensamento e Imaginação, Geografia, História, Linguagens e suas Tecnologias, Língua Inglesa, Língua Portuguesa",ai_generated
f9dbfdbe-ab52-41ef-8ca1-127dc68936cb,EM13LP05,high,English Language Arts,"Ciências Humanas e Sociais Aplicadas, Escuta, Fala, Pensamento e Imaginação, Geografia, História, Linguagens e suas Tecnologias, Língua Inglesa, Língua Portuguesa",ai_generated
df0d1657-8eba-43f7-8f47-6f34979462fb,EF89LP14,high,English Language Arts,"Ciências Humanas e Sociais Aplicadas, Escuta, Fala, Pensamento e Imaginação, Geografia, História, Linguagens e suas Tecnologias, Língua Inglesa, Língua Portuguesa",ai_generated
094f34b3-0c2d-487b-acc5-b8b6ff3e09b4,EF03LP11,medium,English Language Arts,"Ciências Humanas e Sociais Aplicadas, Escuta, Fala, Pensamento e Imaginação, Geografia, História, Linguagens e suas Tecnologias, Língua Inglesa, Língua Portuguesa",ai_generated
b12d3ce7-d9c1-4419-8708-04bd8e4c5f85,EF03LP14,medium,English Language Arts,"Ciências Humanas e Sociais Aplicadas, Escuta, Fala, Pensamento e Imaginação, Geografia, História, Linguagens e suas Tecnologias, Língua Inglesa, Língua Portuguesa",ai_generated
963c08b9-5ba8-4b37-9615-f73ecb97cc2b,EF05LP09,medium,English Language Arts,"Ciências Humanas e Sociais Aplicadas, Escuta, Fala, Pensamento e Imaginação, Geografia, História, Linguagens e suas Tecnologias, Língua Inglesa, Língua Portuguesa",ai_generated
c27a5a0c-c13b-4b4d-bf9b-e62457126b58,EF67LP22,medium,English Language Arts,"Ciências Humanas e Sociais Aplicadas, Escuta, Fala, Pensamento e Imaginação, Geografia, História, Linguagens e suas Tecnologias, Língua Inglesa, Língua Portuguesa",ai_generated
621dbcca-d462-4af9-a004-a186efe09a29,EM13LP29,medium,English Language Arts,"Ciências Humanas e Sociais Aplicadas, Escuta, Fala, Pensamento e Imaginação, Geografia, História, Linguagens e suas Tecnologias, Língua Inglesa, Língua Portuguesa",ai_generated
16d3c7c6-21c1-4c25-8056-dc7ce958a06f,EF03LP16,medium,English Language Arts,"Ciências Humanas e Sociais Aplicadas, Escuta, Fala, Pensamento e Imaginação, Geografia, História, Linguagens e suas Tecnologias, Língua Inglesa, Língua Portuguesa",ai_generated
6e2e6073-c17d-466a-aa91-1618847282a2,EF01LP06,high,English Language Arts,"Ciências Humanas e Sociais Aplicadas, Escuta, Fala, Pensamento e Imaginação, Geografia, História, Linguagens e suas Tecnologias, Língua Inglesa, Língua Portuguesa",ai_generated
3ce7c0b4-fb4f-4623-b482-34382bf0070c,EF35LP26,high,English Language Arts,"Ciências Humanas e Sociais Aplicadas, Escuta, Fala, Pensamento e Imaginação, Geografia, História, Linguagens e suas Tecnologias, Língua Inglesa, Língua Portuguesa",ai_generated
1b3ee972-5423-402f-9b2d-b714c86c680d,EF35LP21,high,English Language Arts,"Ciências Humanas e Sociais Aplicadas, Escuta, Fala, Pensamento e Imaginação, Geografia, História, Linguagens e suas Tecnologias, Língua Inglesa, Língua Portuguesa",ai_generated
039c626c-5e94-4a10-816a-468c7faec15e,EF69LP11,medium,English Language Arts,"Ciências Humanas e Sociais Aplicadas, Escuta, Fala, Pensamento e Imaginação, Geografia, História, Linguagens e suas Tecnologias, Língua Inglesa, Língua Portuguesa",ai_generated
de5f0206-109c-4f65-8918-aa834ce9c32f,EF15LP07,medium,English Language Arts,"Ciências Humanas e Sociais Aplicadas, Escuta, Fala, Pensamento e Imaginação, Geografia, História, Linguagens e suas Tecnologias, Língua Inglesa, Língua Portuguesa",ai_generated
47a9e9e5-6078-4392-adb1-35a325f730a3,EF15LP07,medium,English Language Arts,"Ciências Humanas e Sociais Aplicadas, Escuta, Fala, Pensamento e Imaginação, Geografia, História, Linguagens e suas Tecnologias, Língua Inglesa, Língua Portuguesa",ai_generated
7a61e46c-7769-4deb-ba68-5b3c9158499e,EF69LP37,medium,English Language Arts,"Ciências Humanas e Sociais Aplicadas, Escuta, Fala, Pensamento e Imaginação, Geografia, História, Linguagens e suas Tecnologias, Língua Inglesa, Língua Portuguesa",ai_generated
128c5e3b-48b1-4968-a7ff-8972d0d37445,EF69LP31,medium,English Language Arts,"Ciências Humanas e Sociais Aplicadas, Escuta, Fala, Pensamento e Imaginação, Geografia, História, Linguagens e suas Tecnologias, Língua Inglesa, Língua Portuguesa",ai_generated
748fed41-58c6-49df-a73f-67a9a91d70bb,EF67LP36,medium,English Language Arts,"Ciências Humanas e Sociais Aplicadas, Escuta, Fala, Pensamento e Imaginação, Geografia, História, Linguagens e suas Tecnologias, Língua Inglesa, Língua Portuguesa",ai_generated
c01d769a-a8d8-4c10-9c16-6fdb85ecb6ca,EF89LP35,medium,English Language Arts,"Ciências Humanas e Sociais Aplicadas, Escuta, Fala, Pensamento e Imaginação, Geografia, História, Linguagens e suas Tecnologias, Língua Inglesa, Língua Portuguesa",ai_generated
2eb5d875-d858-4877-b003-bab584b1bf77,EF89LP35,medium,English Language Arts,"Ciências Humanas e Sociais Aplicadas, Escuta, Fala, Pensamento e Imaginação, Geografia, História, Linguagens e suas Tecnologias, Língua Inglesa, Língua Portuguesa",ai_generated
1bb0c1a6-d2ce-4c04-9f46-0fbcb2753487,EF67LP30,medium,English Language Arts,"Ciências Humanas e Sociais Aplicadas, Escuta, Fala, Pensamento e Imaginação, Geografia, História, Linguagens e suas Tecnologias, Língua Inglesa, Língua Portuguesa",ai_generated
f36c9287-6474-450a-b249-3ab579c84717,EF69LP55,medium,English Language Arts,"Ciências Humanas e Sociais Aplicadas, Escuta, Fala, Pensamento e Imaginação, Geografia, História, Linguagens e suas Tecnologias, Língua Inglesa, Língua Portuguesa",ai_generated
cdb60a54-55ff-4615-9ac2-340717a8bc0f,EF69LP33,medium,English Language Arts,"Ciências Humanas e Sociais Aplicadas, Escuta, Fala, Pensamento e Imaginação, Geografia, História, Linguagens e suas Tecnologias, Língua Inglesa, Língua Portuguesa",ai_generated
6cd2dfca-8f15-4043-a61e-e858e482cf42,EF35LP09,high,English Language Arts,"Ciências Humanas e Sociais Aplicadas, Escuta, Fala, Pensamento e Imaginação, Geografia, História, Linguagens e suas Tecnologias, Língua Inglesa, Língua Portuguesa",ai_generated
2943b0de-64d0-4033-b154-aff1bdec6c5c,EF69LP31,medium,English Language Arts,"Ciências Humanas e Sociais Aplicadas, Escuta, Fala, Pensamento e Imaginação, Geografia, História, Linguagens e suas Tecnologias, Língua Inglesa, Língua Portuguesa",ai_generated
7131451a-083f-4cce-8164-09f9b04820ca,EF06LP10,medium,English Language Arts,"Ciências Humanas e Sociais Aplicadas, Escuta, Fala, Pensamento e Imaginação, Geografia, História, Linguagens e suas Tecnologias, Língua Inglesa, Língua Portuguesa",ai_generated
742b1eb4-726b-4034-a824-a46ec087d3eb,EF69LP40,medium,English Language Arts,"Ciências Humanas e Sociais Aplicadas, Escuta, Fala, Pensamento e Imaginação, Geografia, História, Linguagens e suas Tecnologias, Língua Inglesa, Língua Portuguesa",ai_generated
cb7502b9-04f1-4bd0-a092-3a59eb838751,EF69LP40,medium,English Language Arts,"Ciências Humanas e Sociais Aplicadas, Escuta, Fala, Pensamento e Imaginação, Geografia, História, Linguagens e suas Tecnologias, Língua Inglesa, Língua Portuguesa",ai_generated
4d7aa517-dd58-4d26-a01b-ba5f086ca7ce,EF69LP40,medium,English Language Arts,"Ciências Humanas e Sociais Aplicadas, Escuta, Fala, Pensamento e Imaginação, Geografia, História, Linguagens e suas Tecnologias, Língua Inglesa, Língua Portuguesa",ai_generated
d14d7a09-f28d-4ae0-80cc-b749cd2f1bce,EF69LP12,medium,English Language Arts,"Ciências Humanas e Sociais Aplicadas, Escuta, Fala, Pensamento e Imaginação, Geografia, História, Linguagens e suas Tecnologias, Língua Inglesa, Língua Portuguesa",ai_generated
3192f857-ed32-43a6-aaf2-d9d67eb5e15d,EF69LP08,medium,English Language Arts,"Ciências Humanas e Sociais Aplicadas, Escuta, Fala, Pensamento e Imaginação, Geografia, História, Linguagens e suas Tecnologias, Língua Inglesa, Língua Portuguesa",ai_generated
84223db2-39b3-4cba-8ac7-76e146c001ae,EF15LP07,medium,English Language Arts,"Ciências Humanas e Sociais Aplicadas, Escuta, Fala, Pensamento e Imaginação, Geografia, História, Linguagens e suas Tecnologias, Língua Inglesa, Língua Portuguesa",ai_generated
88dc372b-e33f-4fcd-b926-816302938015,EF06LI19,medium,English Language Arts,"Ciências Humanas e Sociais Aplicadas, Escuta, Fala, Pensamento e Imaginação, Geografia, História, Linguagens e suas Tecnologias, Língua Inglesa, Língua Portuguesa",ai_generated
2cd43b94-c970-44de-a219-e7cef8ccc308,EF35LP14,medium,English Language Arts,"Ciências Humanas e Sociais Aplicadas, Escuta, Fala, Pensamento e Imaginação, Geografia, História, Linguagens e suas Tecnologias, Língua Inglesa, Língua Portuguesa",ai_generated
75b46836-fee5-4999-a338-5696901ec919,EF05LP02,medium,English Language Arts,"Ciências Humanas e Sociais Aplicadas, Escuta, Fala, Pensamento e Imaginação, Geografia, História, Linguagens e suas Tecnologias, Língua Inglesa, Língua Portuguesa",ai_generated
c857711b-fad3-471a-9937-319b8e3f728a,EF02LP10,medium,English Language Arts,"Ciências Humanas e Sociais Aplicadas, Escuta, Fala, Pensamento e Imaginação, Geografia, História, Linguagens e suas Tecnologias, Língua Inglesa, Língua Portuguesa",ai_generated
9f7a3f81-8d64-4615-a1d1-98495b1f001b,EF35LP24,high,English Language Arts,"Ciências Humanas e Sociais Aplicadas, Escuta, Fala, Pensamento e Imaginação, Geografia, História, Linguagens e suas Tecnologias, Língua Inglesa, Língua Portuguesa",ai_generated
c341c783-48e7-4fc5-89f3-6de6430be0f5,EF69LP30,high,English Language Arts,"Ciências Humanas e Sociais Aplicadas, Escuta, Fala, Pensamento e Imaginação, Geografia, História, Linguagens e suas Tecnologias, Língua Inglesa, Língua Portuguesa",ai_generated
c649daf8-1cd1-4ce8-ad9f-92b6b86d4274,EF69LP42,high,English Language Arts,"Ciências Humanas e Sociais Aplicadas, Escuta, Fala, Pensamento e Imaginação, Geografia, História, Linguagens e suas Tecnologias, Língua Inglesa, Língua Portuguesa",ai_generated
80dcf95b-1ce1-42a0-8b12-9704eaec2b60,EF67LP38,medium,English Language Arts,"Ciências Humanas e Sociais Aplicadas, Escuta, Fala, Pensamento e Imaginação, Geografia, História, Linguagens e suas Tecnologias, Língua Inglesa, Língua Portuguesa",ai_generated
4ba93957-c03e-4f10-8690-66d8fbb60977,EF69LP15,high,English Language Arts,"Ciências Humanas e Sociais Aplicadas, Escuta, Fala, Pensamento e Imaginação, Geografia, História, Linguagens e suas Tecnologias, Língua Inglesa, Língua Portuguesa",ai_generated
f2ff144b-03d9-4075-b7d7-e1903dbce9ab,EF69LP29,high,English Language Arts,"Ciências Humanas e Sociais Aplicadas, Escuta, Fala, Pensamento e Imaginação, Geografia, História, Linguagens e suas Tecnologias, Língua Inglesa, Língua Portuguesa",ai_generated
31c3b810-a1ee-49c6-94e0-f22473c192ac,EF03LP02,medium,English Language Arts,"Ciências Humanas e Sociais Aplicadas, Escuta, Fala, Pensamento e Imaginação, Geografia, História, Linguagens e suas Tecnologias, Língua Inglesa, Língua Portuguesa",ai_generated
8fd82ce3-7ac4-4b3d-8007-bd037c0f38bf,EF03LP01,medium,English Language Arts,"Ciências Humanas e Sociais Aplicadas, Escuta, Fala, Pensamento e Imaginação, Geografia, História, Linguagens e suas Tecnologias, Língua Inglesa, Língua Portuguesa",ai_generated
edd451b9-7901-40a3-bd8c-14a7f80dc664,EF05LP07,high,English Language Arts,"Ciências Humanas e Sociais Aplicadas, Escuta, Fala, Pensamento e Imaginação, Geografia, História, Linguagens e suas Tecnologias, Língua Inglesa, Língua Portuguesa",ai_generated
05d9a2bf-d469-4ce5-851d-f26b60b414a1,EF69LP29,medium,English Language Arts,"Ciências Humanas e Sociais Aplicadas, Escuta, Fala, Pensamento e Imaginação, Geografia, História, Linguagens e suas Tecnologias, Língua Inglesa, Língua Portuguesa",ai_generated
4fd8de1b-1bc3-4f67-9d98-08271cd0b278,EF35LP20,medium,English Language Arts,"Ciências Humanas e Sociais Aplicadas, Escuta, Fala, Pensamento e Imaginação, Geografia, História, Linguagens e suas Tecnologias, Língua Inglesa, Língua Portuguesa",ai_generated
d062c05c-47ae-4b1d-897d-893ba695b503,EF69LP13,medium,English Language Arts,"Ciências Humanas e Sociais Aplicadas, Escuta, Fala, Pensamento e Imaginação, Geografia, História, Linguagens e suas Tecnologias, Língua Inglesa, Língua Portuguesa",ai_generated
51e0a791-f0cc-4d9b-aafa-d85089e9bbc9,EF07LP09,medium,English Language Arts,"Ciências Humanas e Sociais Aplicadas, Escuta, Fala, Pensamento e Imaginação, Geografia, História, Linguagens e suas Tecnologias, Língua Inglesa, Língua Portuguesa",ai_generated
d463b030-4b76-41a2-ae23-730600b01928,EF35LP12,high,English Language Arts,"Ciências Humanas e Sociais Aplicadas, Escuta, Fala, Pensamento e Imaginação, Geografia, História, Linguagens e suas Tecnologias, Língua Inglesa, Língua Portuguesa",ai_generated
b7707ea3-29bf-41d2-bffd-df49c15e0b0a,EF67LP26,medium,English Language Arts,"Ciências Humanas e Sociais Aplicadas, Escuta, Fala, Pensamento e Imaginação, Geografia, História, Linguagens e suas Tecnologias, Língua Inglesa, Língua Portuguesa",ai_generated
4891868e-844f-4bd3-a051-9c981d9266b7,EF35LP17,medium,English Language Arts,"Ciências Humanas e Sociais Aplicadas, Escuta, Fala, Pensamento e Imaginação, Geografia, História, Linguagens e suas Tecnologias, Língua Inglesa, Língua Portuguesa",ai_generated
fa326531-46e4-4eda-aec0-ef4c1aed0ede,EF67LP26,medium,English Language Arts,"Ciências Humanas e Sociais Aplicadas, Escuta, Fala, Pensamento e Imaginação, Geografia, História, Linguagens e suas Tecnologias, Língua Inglesa, Língua Portuguesa",ai_generated
a48c5f28-ebea-4088-b6fa-93c69096caa9,EF67LP27,medium,English Language Arts,"Ciências Humanas e Sociais Aplicadas, Escuta, Fala, Pensamento e Imaginação, Geografia, História, Linguagens e suas Tecnologias, Língua Inglesa, Língua Portuguesa",ai_generated
509a5694-764a-4033-a742-57eaade7a6d4,EF69LP13,high,English Language Arts,"Ciências Humanas e Sociais Aplicadas, Escuta, Fala, Pensamento e Imaginação, Geografia, História, Linguagens e suas Tecnologias, Língua Inglesa, Língua Portuguesa",ai_generated
e7294316-7408-4943-8349-1627e587e1eb,EF35LP15,medium,English Language Arts,"Ciências Humanas e Sociais Aplicadas, Escuta, Fala, Pensamento e Imaginação, Geografia, História, Linguagens e suas Tecnologias, Língua Inglesa, Língua Portuguesa",ai_generated
3e45dc25-ef79-4140-ac6a-64cdefda494e,EF35LP20,medium,English Language Arts,"Ciências Humanas e Sociais Aplicadas, Escuta, Fala, Pensamento e Imaginação, Geografia, História, Linguagens e suas Tecnologias, Língua Inglesa, Língua Portuguesa",ai_generated
d553534f-46e0-4223-a4ec-7a602828e04b,EF35LP28,high,English Language Arts,"Ciências Humanas e Sociais Aplicadas, Escuta, Fala, Pensamento e Imaginação, Geografia, História, Linguagens e suas Tecnologias, Língua Inglesa, Língua Portuguesa",ai_generated
990dacfc-4ffc-48fc-9e38-0ab4e71408c2,EF67LP05,high,English Language Arts,"Ciências Humanas e Sociais Aplicadas, Escuta, Fala, Pensamento e Imaginação, Geografia, História, Linguagens e suas Tecnologias, Língua Inglesa, Língua Portuguesa",ai_generated
0d908527-9fac-4c69-bf49-e3ab9c5ae405,EF02LP03,high,English Language Arts,"Ciências Humanas e Sociais Aplicadas, Escuta, Fala, Pensamento e Imaginação, Geografia, História, Linguagens e suas Tecnologias, Língua Inglesa, Língua Portuguesa",ai_generated
2de685be-cd2e-40ba-bf32-12eb4829bab2,EF01LP07,high,English Language Arts,"Ciências Humanas e Sociais Aplicadas, Escuta, Fala, Pensamento e Imaginação, Geografia, História, Linguagens e suas Tecnologias, Língua Inglesa, Língua Portuguesa",ai_generated
d932038b-29f8-41e9-9e55-cb69cf564b95,EF69LP33,medium,English Language Arts,"Ciências Humanas e Sociais Aplicadas, Escuta, Fala, Pensamento e Imaginação, Geografia, História, Linguagens e suas Tecnologias, Língua Inglesa, Língua Portuguesa",ai_generated
88e98c01-9b83-4db9-af51-0827bf72b887,EM13LP30,high,English Language Arts,"Ciências Humanas e Sociais Aplicadas, Escuta, Fala, Pensamento e Imaginação, Geografia, História, Linguagens e suas Tecnologias, Língua Inglesa, Língua Portuguesa",ai_generated
a8492748-503b-4566-90e4-2f3cc78071a0,EF69LP32,high,English Language Arts,"Ciências Humanas e Sociais Aplicadas, Escuta, Fala, Pensamento e Imaginação, Geografia, História, Linguagens e suas Tecnologias, Língua Inglesa, Língua Portuguesa",ai_generated
ae51a8c1-f051-4d30-996b-6d1da5873a40,EM13LP12,high,English Language Arts,"Ciências Humanas e Sociais Aplicadas, Escuta, Fala, Pensamento e Imaginação, Geografia, História, Linguagens e suas Tecnologias, Língua Inglesa, Língua Portuguesa",ai_generated
075810a0-6af3-4c8b-ad97-71fe20152bbe,EM13LP29,high,English Language Arts,"Ciências Humanas e Sociais Aplicadas, Escuta, Fala, Pensamento e Imaginação, Geografia, História, Linguagens e suas Tecnologias, Língua Inglesa, Língua Portuguesa",ai_generated
921b7c47-b9da-437a-a56c-84b6821059b8,EF05LP01,high,English Language Arts,"Ciências Humanas e Sociais Aplicadas, Escuta, Fala, Pensamento e Imaginação, Geografia, História, Linguagens e suas Tecnologias, Língua Inglesa, Língua Portuguesa",ai_generated
9e541405-3268-4d3d-be17-d2d2d58645df,EF07LP11,high,English Language Arts,"Ciências Humanas e Sociais Aplicadas, Escuta, Fala, Pensamento e Imaginação, Geografia, História, Linguagens e suas Tecnologias, Língua Inglesa, Língua Portuguesa",ai_generated
152b1092-128a-4054-8334-c6586064cf7a,EF07LP08,medium,English Language Arts,"Ciências Humanas e Sociais Aplicadas, Escuta, Fala, Pensamento e Imaginação, Geografia, História, Linguagens e suas Tecnologias, Língua Inglesa, Língua Portuguesa",ai_generated
06f91e03-9b82-4962-bfd0-47cdaff8156b,EF07LP07,high,English Language Arts,"Ciências Humanas e Sociais Aplicadas, Escuta, Fala, Pensamento e Imaginação, Geografia, História, Linguagens e suas Tecnologias, Língua Inglesa, Língua Portuguesa",ai_generated
1ed1e50d-5c2d-4f26-9d1b-c21d669534ae,EF69LP43,medium,English Language Arts,"Ciências Humanas e Sociais Aplicadas, Escuta, Fala, Pensamento e Imaginação, Geografia, História, Linguagens e suas Tecnologias, Língua Inglesa, Língua Portuguesa",ai_generated
b2833f20-9460-4c4c-9701-e1b95cb0de8a,EM13LP08,medium,English Language Arts,"Ciências Humanas e Sociais Aplicadas, Escuta, Fala, Pensamento e Imaginação, Geografia, História, Linguagens e suas Tecnologias, Língua Inglesa, Língua Portuguesa",ai_generated
f8491d6d-b55c-4f6a-a1c3-a7e97dc79f0f,EF69LP33,medium,English Language Arts,"Ciências Humanas e Sociais Aplicadas, Escuta, Fala, Pensamento e Imaginação, Geografia, História, Linguagens e suas Tecnologias, Língua Inglesa, Língua Portuguesa",ai_generated
ce23f5a4-93ae-4854-8c28-19ea70256189,EF67LP01,medium,English Language Arts,"Ciências Humanas e Sociais Aplicadas, Escuta, Fala, Pensamento e Imaginação, Geografia, História, Linguagens e suas Tecnologias, Língua Inglesa, Língua Portuguesa",ai_generated
982c7a1f-098b-48a9-af2c-86107b67a6be,EF15LP08,medium,English Language Arts,"Ciências Humanas e Sociais Aplicadas, Escuta, Fala, Pensamento e Imaginação, Geografia, História, Linguagens e suas Tecnologias, Língua Inglesa, Língua Portuguesa",ai_generated
57400f45-72d0-4302-92ac-88b9e0eca3c6,EM13LP05,high,English Language Arts,"Ciências Humanas e Sociais Aplicadas, Escuta, Fala, Pensamento e Imaginação, Geografia, História, Linguagens e suas Tecnologias, Língua Inglesa, Língua Portuguesa",ai_generated
0a8f759f-fff8-4bf3-8527-613b8e0831c6,EF69LP46,medium,English Language Arts,"Ciências Humanas e Sociais Aplicadas, Escuta, Fala, Pensamento e Imaginação, Geografia, História, Linguagens e suas Tecnologias, Língua Inglesa, Língua Portuguesa",ai_generated
794b652b-0bda-4474-a16a-c1852e457851,EF67LP05,high,English Language Arts,"Ciências Humanas e Sociais Aplicadas, Escuta, Fala, Pensamento e Imaginação, Geografia, História, Linguagens e suas Tecnologias, Língua Inglesa, Língua Portuguesa",ai_generated
28c3e6d3-920d-4f81-b84d-de5bd7b7e92f,EF69LP43,high,English Language Arts,"Ciências Humanas e Sociais Aplicadas, Escuta, Fala, Pensamento e Imaginação, Geografia, História, Linguagens e suas Tecnologias, Língua Inglesa, Língua Portuguesa",ai_generated
dbc6e0ec-2dff-430b-9625-1bbb3cf1f97d,EF67LP26,medium,English Language Arts,"Ciências Humanas e Sociais Aplicadas, Escuta, Fala, Pensamento e Imaginação, Geografia, História, Linguagens e suas Tecnologias, Língua Inglesa, Língua Portuguesa",ai_generated
bd5c209d-2b21-4aa9-9490-cf24bbf9bae1,EF15LP01,medium,English Language Arts,"Ciências Humanas e Sociais Aplicadas, Escuta, Fala, Pensamento e Imaginação, Geografia, História, Linguagens e suas Tecnologias, Língua Inglesa, Língua Portuguesa",ai_generated
b3805090-9500-499d-a0c0-b573997b4c8d,EF09LP04,medium,English Language Arts,"Ciências Humanas e Sociais Aplicadas, Escuta, Fala, Pensamento e Imaginação, Geografia, História, Linguagens e suas Tecnologias, Língua Inglesa, Língua Portuguesa",ai_generated
8cda8c9c-2594-48c9-ade0-477f8f787fec,EF69LP30,medium,English Language Arts,"Ciências Humanas e Sociais Aplicadas, Escuta, Fala, Pensamento e Imaginação, Geografia, História, Linguagens e suas Tecnologias, Língua Inglesa, Língua Portuguesa",ai_generated
d7031a3a-f536-4d1a-b01c-4937736766a3,EF69LP13,high,English Language Arts,"Ciências Humanas e Sociais Aplicadas, Escuta, Fala, Pensamento e Imaginação, Geografia, História, Linguagens e suas Tecnologias, Língua Inglesa, Língua Portuguesa",ai_generated
04d9bb00-a826-456e-9c0c-ee16efe99e71,EM13LP12,high,English Language Arts,"Ciências Humanas e Sociais Aplicadas, Escuta, Fala, Pensamento e Imaginação, Geografia, História, Linguagens e suas Tecnologias, Língua Inglesa, Língua Portuguesa",ai_generated
d20b64df-5d7a-43fb-ac8f-9f54ed295a5a,EM13LP30,high,English Language Arts,"Ciências Humanas e Sociais Aplicadas, Escuta, Fala, Pensamento e Imaginação, Geografia, História, Linguagens e suas Tecnologias, Língua Inglesa, Língua Portuguesa",ai_generated
e33f1326-1cec-4553-bf6d-bc18fa70582b,EM13LP34,high,English Language Arts,"Ciências Humanas e Sociais Aplicadas, Escuta, Fala, Pensamento e Imaginação, Geografia, História, Linguagens e suas Tecnologias, Língua Inglesa, Língua Portuguesa",ai_generated
cb00ea3e-4fb7-44b5-876f-a444b19830f9,EF01LP06,medium,English Language Arts,"Ciências Humanas e Sociais Aplicadas, Escuta, Fala, Pensamento e Imaginação, Geografia, História, Linguagens e suas Tecnologias, Língua Inglesa, Língua Portuguesa",ai_generated
295f466a-9913-4f1e-9537-237ed8693158,EF69LP47,high,English Language Arts,"Ciências Humanas e Sociais Aplicadas, Escuta, Fala, Pensamento e Imaginação, Geografia, História, Linguagens e suas Tecnologias, Língua Inglesa, Língua Portuguesa",ai_generated
5871ba42-b4a0-4d5a-b031-132d66349909,EF67LP11,medium,English Language Arts,"Ciências Humanas e Sociais Aplicadas, Escuta, Fala, Pensamento e Imaginação, Geografia, História, Linguagens e suas Tecnologias, Língua Inglesa, Língua Portuguesa",ai_generated
e6a6162e-9785-4a86-ace9-05a9bdc02bd8,EF69LP07,high,English Language Arts,"Ciências Humanas e Sociais Aplicadas, Escuta, Fala, Pensamento e Imaginação, Geografia, História, Linguagens e suas Tecnologias, Língua Inglesa, Língua Portuguesa",ai_generated
e3b23cb8-c09b-4fae-9450-dd3573dc7795,EF06LP03,medium,English Language Arts,"Ciências Humanas e Sociais Aplicadas, Escuta, Fala, Pensamento e Imaginação, Geografia, História, Linguagens e suas Tecnologias, Língua Inglesa, Língua Portuguesa",ai_generated
34feb0b0-cf60-4ace-8fdb-12da5b07ca21,EF08LP05,medium,English Language Arts,"Ciências Humanas e Sociais Aplicadas, Escuta, Fala, Pensamento e Imaginação, Geografia, História, Linguagens e suas Tecnologias, Língua Inglesa, Língua Portuguesa",ai_generated
acb26621-8e6b-407a-a3d4-8cdcb8f589aa,EF67LP35,medium,English Language Arts,"Ciências Humanas e Sociais Aplicadas, Escuta, Fala, Pensamento e Imaginação, Geografia, História, Linguagens e suas Tecnologias, Língua Inglesa, Língua Portuguesa",ai_generated
23cd85cd-3436-44e2-942a-a35b70e5b126,EF08LP05,medium,English Language Arts,"Ciências Humanas e Sociais Aplicadas, Escuta, Fala, Pensamento e Imaginação, Geografia, História, Linguagens e suas Tecnologias, Língua Inglesa, Língua Portuguesa",ai_generated
754715ae-0a51-4bd7-b5df-2decec96e176,EF67LP22,medium,English Language Arts,"Ciências Humanas e Sociais Aplicadas, Escuta, Fala, Pensamento e Imaginação, Geografia, História, Linguagens e suas Tecnologias, Língua Inglesa, Língua Portuguesa",ai_generated
d3a08eac-193b-4654-b4c2-77340eef495c,EF35LP03,high,English Language Arts,"Ciências Humanas e Sociais Aplicadas, Escuta, Fala, Pensamento e Imaginação, Geografia, História, Linguagens e suas Tecnologias, Língua Inglesa, Língua Portuguesa",ai_generated
6a82b8fd-0c1a-43eb-b45a-88234d459afa,EF67LP23,medium,English Language Arts,"Ciências Humanas e Sociais Aplicadas, Escuta, Fala, Pensamento e Imaginação, Geografia, História, Linguagens e suas Tecnologias, Língua Inglesa, Língua Portuguesa",ai_generated
716b7392-9902-40e8-816a-267d62bfb2f5,EF69LP14,high,English Language Arts,"Ciências Humanas e Sociais Aplicadas, Escuta, Fala, Pensamento e Imaginação, Geografia, História, Linguagens e suas Tecnologias, Língua Inglesa, Língua Portuguesa",ai_generated
f9720c87-3fe5-4537-8102-29b99368fbd1,EF89LP25,high,English Language Arts,"Ciências Humanas e Sociais Aplicadas, Escuta, Fala, Pensamento e Imaginação, Geografia, História, Linguagens e suas Tecnologias, Língua Inglesa, Língua Portuguesa",ai_generated
36a017c3-415b-413b-96bf-2e4af8db434e,EF69LP15,high,English Language Arts,"Ciências Humanas e Sociais Aplicadas, Escuta, Fala, Pensamento e Imaginação, Geografia, História, Linguagens e suas Tecnologias, Língua Inglesa, Língua Portuguesa",ai_generated
ae35f38a-ffa3-4d90-a620-5ba6508d2fab,EF35LP09,medium,English Language Arts,"Ciências Humanas e Sociais Aplicadas, Escuta, Fala, Pensamento e Imaginação, Geografia, História, Linguagens e suas Tecnologias, Língua Inglesa, Língua Portuguesa",ai_generated
d512afa6-d39c-434e-8b0b-adff422c545f,EF89LP04,high,English Language Arts,"Ciências Humanas e Sociais Aplicadas, Escuta, Fala, Pensamento e Imaginação, Geografia, História, Linguagens e suas Tecnologias, Língua Inglesa, Língua Portuguesa",ai_generated
812bdadb-883d-458a-868b-e46fff1f41f8,EF35LP29,high,English Language Arts,"Ciências Humanas e Sociais Aplicadas, Escuta, Fala, Pensamento e Imaginação, Geografia, História, Linguagens e suas Tecnologias, Língua Inglesa, Língua Portuguesa",ai_generated
7903373e-058f-4d1d-8a1b-0f8d0d82d26a,EF35LP05,high,English Language Arts,"Ciências Humanas e Sociais Aplicadas, Escuta, Fala, Pensamento e Imaginação, Geografia, História, Linguagens e suas Tecnologias, Língua Inglesa, Língua Portuguesa",ai_generated
a833db9c-3865-49c2-8e1a-774bf899b9a8,EF89LP04,high,English Language Arts,"Ciências Humanas e Sociais Aplicadas, Escuta, Fala, Pensamento e Imaginação, Geografia, História, Linguagens e suas Tecnologias, Língua Inglesa, Língua Portuguesa",ai_generated
2dd9f9d0-7e78-445b-9060-ff419e701e9f,EF35LP01,high,English Language Arts,"Ciências Humanas e Sociais Aplicadas, Escuta, Fala, Pensamento e Imaginação, Geografia, História, Linguagens e suas Tecnologias, Língua Inglesa, Língua Portuguesa",ai_generated
12fd08a1-2e30-4767-8e3e-76d8022df15d,EF67LP36,high,English Language Arts,"Ciências Humanas e Sociais Aplicadas, Escuta, Fala, Pensamento e Imaginação, Geografia, História, Linguagens e suas Tecnologias, Língua Inglesa, Língua Portuguesa",ai_generated
ef636d66-56b3-4d8f-853e-c0b43e6896ea,EF69LP31,high,English Language Arts,"Ciências Humanas e Sociais Aplicadas, Escuta, Fala, Pensamento e Imaginação, Geografia, História, Linguagens e suas Tecnologias, Língua Inglesa, Língua Portuguesa",ai_generated
d5adc9c6-694c-4ce5-ab5d-01f89a34d5bf,EM13LP03,medium,English Language Arts,"Ciências Humanas e Sociais Aplicadas, Escuta, Fala, Pensamento e Imaginação, Geografia, História, Linguagens e suas Tecnologias, Língua Inglesa, Língua Portuguesa",ai_generated
25182b12-9809-4712-b871-c8ba7bb35a8e,EF67LP28,high,English Language Arts,"Ciências Humanas e Sociais Aplicadas, Escuta, Fala, Pensamento e Imaginação, Geografia, História, Linguagens e suas Tecnologias, Língua Inglesa, Língua Portuguesa",ai_generated
72e4d037-bc2b-41a4-a53c-4d4671d43263,EF35LP21,high,English Language Arts,"Ciências Humanas e Sociais Aplicadas, Escuta, Fala, Pensamento e Imaginação, Geografia, História, Linguagens e suas Tecnologias, Língua Inglesa, Língua Portuguesa",ai_generated
776235c6-d9ef-4a19-b229-03178625615e,EM13LGG402,high,English Language Arts,"Ciências Humanas e Sociais Aplicadas, Escuta, Fala, Pensamento e Imaginação, Geografia, História, Linguagens e suas Tecnologias, Língua Inglesa, Língua Portuguesa",ai_generated
fd1c205b-95d4-4149-b0ae-6b266ee12c8a,EF15LP06,high,English Language Arts,"Ciências Humanas e Sociais Aplicadas, Escuta, Fala, Pensamento e Imaginação, Geografia, História, Linguagens e suas Tecnologias, Língua Inglesa, Língua Portuguesa",ai_generated
00555c57-d18f-4cf3-bd83-0bdd3f637483,EF02LP17,high,English Language Arts,"Ciências Humanas e Sociais Aplicadas, Escuta, Fala, Pensamento e Imaginação, Geografia, História, Linguagens e suas Tecnologias, Língua Inglesa, Língua Portuguesa",ai_generated
dfc45e07-bfdc-4ff7-8c33-3341ab2af527,EM13LP09,medium,English Language Arts,"Ciências Humanas e Sociais Aplicadas, Escuta, Fala, Pensamento e Imaginação, Geografia, História, Linguagens e suas Tecnologias, Língua Inglesa, Língua Portuguesa",ai_generated
88154256-5ee1-4dd6-a6c7-80aa2351d2c6,EM13LP10,medium,English Language Arts,"Ciências Humanas e Sociais Aplicadas, Escuta, Fala, Pensamento e Imaginação, Geografia, História, Linguagens e suas Tecnologias, Língua Inglesa, Língua Portuguesa",ai_generated
9e654eba-b787-434d-b794-b4cd65e043d3,EM13LP07,medium,English Language Arts,"Ciências Humanas e Sociais Aplicadas, Escuta, Fala, Pensamento e Imaginação, Geografia, História, Linguagens e suas Tecnologias, Língua Inglesa, Língua Portuguesa",ai_generated
ae2b5e16-ae0f-4206-8356-c5b0a5c3a698,EF67LP37,medium,English Language Arts,"Ciências Humanas e Sociais Aplicadas, Escuta, Fala, Pensamento e Imaginação, Geografia, História, Linguagens e suas Tecnologias, Língua Inglesa, Língua Portuguesa",ai_generated
be6f54e3-31eb-40b1-933b-d7570d653bbd,EF89LP26,medium,English Language Arts,"Ciências Humanas e Sociais Aplicadas, Escuta, Fala, Pensamento e Imaginação, Geografia, História, Linguagens e suas Tecnologias, Língua Inglesa, Língua Portuguesa",ai_generated
778cbb01-0dc7-4cca-9421-c10c85d50986,EF67LP23,high,English Language Arts,"Ciências Humanas e Sociais Aplicadas, Escuta, Fala, Pensamento e Imaginação, Geografia, História, Linguagens e suas Tecnologias, Língua Inglesa, Língua Portuguesa",ai_generated
9e8101dd-cabf-4a3d-ab80-3e4557b0fb24,EF05LP27,medium,English Language Arts,"Ciências Humanas e Sociais Aplicadas, Escuta, Fala, Pensamento e Imaginação, Geografia, História, Linguagens e suas Tecnologias, Língua Inglesa, Língua Portuguesa",ai_generated
d89d92f3-f24a-4bbf-9453-f22ae278efd8,EF89LP12,medium,English Language Arts,"Ciências Humanas e Sociais Aplicadas, Escuta, Fala, Pensamento e Imaginação, Geografia, História, Linguagens e suas Tecnologias, Língua Inglesa, Língua Portuguesa",ai_generated
02f02e4d-1850-4637-af03-49408f23cc8e,EF12LP01,medium,English Language Arts,"Ciências Humanas e Sociais Aplicadas, Escuta, Fala, Pensamento e Imaginação, Geografia, História, Linguagens e suas Tecnologias, Língua Inglesa, Língua Portuguesa",ai_generated
02dd7c59-2132-468f-9778-de4eb88a82d0,EF69LP55,medium,English Language Arts,"Ciências Humanas e Sociais Aplicadas, Escuta, Fala, Pensamento e Imaginação, Geografia, História, Linguagens e suas Tecnologias, Língua Inglesa, Língua Portuguesa",ai_generated
416d7bfa-1404-4d72-89ff-5354b1b000d0,EF69LP15,medium,English Language Arts,"Ciências Humanas e Sociais Aplicadas, Escuta, Fala, Pensamento e Imaginação, Geografia, História, Linguagens e suas Tecnologias, Língua Inglesa, Língua Portuguesa",ai_generated
5320030d-2bc1-4548-a1e0-1f250b314cf2,EF07LI08,medium,English Language Arts,"Ciências Humanas e Sociais Aplicadas, Escuta, Fala, Pensamento e Imaginação, Geografia, História, Linguagens e suas Tecnologias, Língua Inglesa, Língua Portuguesa",ai_generated
3a8ae9e9-250d-465b-a5ab-60459fe4b750,EF07LI08,medium,English Language Arts,"Ciências Humanas e Sociais Aplicadas, Escuta, Fala, Pensamento e Imaginação, Geografia, História, Linguagens e suas Tecnologias, Língua Inglesa, Língua Portuguesa",ai_generated
df52044a-b080-4506-ae08-9bf2ca8ffda8,EF07LI07,medium,English Language Arts,"Ciências Humanas e Sociais Aplicadas, Escuta, Fala, Pensamento e Imaginação, Geografia, História, Linguagens e suas Tecnologias, Língua Inglesa, Língua Portuguesa",ai_generated
0761b9fb-dc1e-4274-9ff1-71f1d1fea3a9,EF07LI09,medium,English Language Arts,"Ciências Humanas e Sociais Aplicadas, Escuta, Fala, Pensamento e Imaginação, Geografia, História, Linguagens e suas Tecnologias, Língua Inglesa, Língua Portuguesa",ai_generated
7d75c605-6f39-4515-97fd-2cab79770da4,EF06LI17,medium,English Language Arts,"Ciências Humanas e Sociais Aplicadas, Escuta, Fala, Pensamento e Imaginação, Geografia, História, Linguagens e suas Tecnologias, Língua Inglesa, Língua Portuguesa",ai_generated
be8a8a00-955c-453e-9791-634e57ddb6b0,EF35LP31,high,English Language Arts,"Ciências Humanas e Sociais Aplicadas, Escuta, Fala, Pensamento e Imaginação, Geografia, História, Linguagens e suas Tecnologias, Língua Inglesa, Língua Portuguesa",ai_generated
b478537c-0665-4b3a-8775-acb7ebc11b63,EF35LP31,high,English Language Arts,"Ciências Humanas e Sociais Aplicadas, Escuta, Fala, Pensamento e Imaginação, Geografia, História, Linguagens e suas Tecnologias, Língua Inglesa, Língua Portuguesa",ai_generated
7c9b5393-1d3b-434e-ad64-07696e0d0f78,EF69LP18,high,English Language Arts,"Ciências Humanas e Sociais Aplicadas, Escuta, Fala, Pensamento e Imaginação, Geografia, História, Linguagens e suas Tecnologias, Língua Inglesa, Língua Portuguesa",ai_generated
73ece30a-96fa-4479-acd3-92ea1c58df68,EF03LP09,medium,English Language Arts,"Ciências Humanas e Sociais Aplicadas, Escuta, Fala, Pensamento e Imaginação, Geografia, História, Linguagens e suas Tecnologias, Língua Inglesa, Língua Portuguesa",ai_generated
d3fe1eaf-caa2-4ad6-ab70-204e562d4da3,EF35LP12,high,English Language Arts,"Ciências Humanas e Sociais Aplicadas, Escuta, Fala, Pensamento e Imaginação, Geografia, História, Linguagens e suas Tecnologias, Língua Inglesa, Língua Portuguesa",ai_generated
97d4a96f-7ca7-48e0-adae-43943ed0d609,EF07LP09,medium,English Language Arts,"Ciências Humanas e Sociais Aplicadas, Escuta, Fala, Pensamento e Imaginação, Geografia, História, Linguagens e suas Tecnologias, Língua Inglesa, Língua Portuguesa",ai_generated
655e1420-20d6-4b2e-9abc-e48bbc226aec,EF06LI18,medium,English Language Arts,"Ciências Humanas e Sociais Aplicadas, Escuta, Fala, Pensamento e Imaginação, Geografia, História, Linguagens e suas Tecnologias, Língua Inglesa, Língua Portuguesa",ai_generated
6f8fb749-73ea-4f63-8e3b-daf5f8af4b72,EF69LP33,medium,English Language Arts,"Ciências Humanas e Sociais Aplicadas, Escuta, Fala, Pensamento e Imaginação, Geografia, História, Linguagens e suas Tecnologias, Língua Inglesa, Língua Portuguesa",ai_generated
8b88a741-1238-45c1-8e48-f250d7e564c7,EF15LP10,high,English Language Arts,"Ciências Humanas e Sociais Aplicadas, Escuta, Fala, Pensamento e Imaginação, Geografia, História, Linguagens e suas Tecnologias, Língua Inglesa, Língua Portuguesa",ai_generated
0fa85507-bc4e-44db-bf5b-00a05ad0ab6e,EF67LP30,high,English Language Arts,"Ciências Humanas e Sociais Aplicadas, Escuta, Fala, Pensamento e Imaginação, Geografia, História, Linguagens e suas Tecnologias, Língua Inglesa, Língua Portuguesa",ai_generated
ce6eb3b1-69be-4371-b905-fc7695db1de9,EF69LP32,medium,English Language Arts,"Ciências Humanas e Sociais Aplicadas, Escuta, Fala, Pensamento e Imaginação, Geografia, História, Linguagens e suas Tecnologias, Língua Inglesa, Língua Portuguesa",ai_generated
d46d66a6-82ca-48f4-bed0-ededd7bcdfe4,EM13LP28,medium,English Language Arts,"Ciências Humanas e Sociais Aplicadas, Escuta, Fala, Pensamento e Imaginação, Geografia, História, Linguagens e suas Tecnologias, Língua Inglesa, Língua Portuguesa",ai_generated
f5f3ced1-e2ec-4427-9d56-b54a6628a70d,EM13LP35,medium,English Language Arts,"Ciências Humanas e Sociais Aplicadas, Escuta, Fala, Pensamento e Imaginação, Geografia, História, Linguagens e suas Tecnologias, Língua Inglesa, Língua Portuguesa",ai_generated
fbb07b82-09f7-4488-908c-36616837e558,EF35LP09,medium,English Language Arts,"Ciências Humanas e Sociais Aplicadas, Escuta, Fala, Pensamento e Imaginação, Geografia, História, Linguagens e suas Tecnologias, Língua Inglesa, Língua Portuguesa",ai_generated
07ada203-6126-4e8b-89ab-b155ee46ac71,EF03LP01,medium,English Language Arts,"Ciências Humanas e Sociais Aplicadas, Escuta, Fala, Pensamento e Imaginação, Geografia, História, Linguagens e suas Tecnologias, Língua Inglesa, Língua Portuguesa",ai_generated
92349202-7765-4117-af21-992013b5f495,EF09LP08,medium,English Language Arts,"Ciências Humanas e Sociais Aplicadas, Escuta, Fala, Pensamento e Imaginação, Geografia, História, Linguagens e suas Tecnologias, Língua Inglesa, Língua Portuguesa",ai_generated
b4357a71-e158-4d53-99ea-5259eee6f2f1,EF67LP36,medium,English Language Arts,"Ciências Humanas e Sociais Aplicadas, Escuta, Fala, Pensamento e Imaginação, Geografia, História, Linguagens e suas Tecnologias, Língua Inglesa, Língua Portuguesa",ai_generated
1e930933-a296-4193-a06d-eb26fc28f533,EF02LP04,medium,English Language Arts,"Ciências Humanas e Sociais Aplicadas, Escuta, Fala, Pensamento e Imaginação, Geografia, História, Linguagens e suas Tecnologias, Língua Inglesa, Língua Portuguesa",ai_generated
722f7511-550e-4057-8435-fc151eaffa6f,EF03LP02,high,English Language Arts,"Ciências Humanas e Sociais Aplicadas, Escuta, Fala, Pensamento e Imaginação, Geografia, História, Linguagens e suas Tecnologias, Língua Inglesa, Língua Portuguesa",ai_generated
31335ffd-42c9-4446-bfe4-5c87b480ea38,EF03LP06,medium,English Language Arts,"Ciências Humanas e Sociais Aplicadas, Escuta, Fala, Pensamento e Imaginação, Geografia, História, Linguagens e suas Tecnologias, Língua Inglesa, Língua Portuguesa",ai_generated
9faa8b05-24a5-4344-bf94-4dea3b1c9c7f,EF06LP05,medium,English Language Arts,"Ciências Humanas e Sociais Aplicadas, Escuta, Fala, Pensamento e Imaginação, Geografia, História, Linguagens e suas Tecnologias, Língua Inglesa, Língua Portuguesa",ai_generated
a4071f29-3d6f-4a57-8e09-4b9b67c59b11,EF09LI15,medium,English Language Arts,"Ciências Humanas e Sociais Aplicadas, Escuta, Fala, Pensamento e Imaginação, Geografia, História, Linguagens e suas Tecnologias, Língua Inglesa, Língua Portuguesa",ai_generated
4f7441c6-baf5-41bd-9c13-da8923e16efc,EF08LP08,high,English Language Arts,"Ciências Humanas e Sociais Aplicadas, Escuta, Fala, Pensamento e Imaginação, Geografia, História, Linguagens e suas Tecnologias, Língua Inglesa, Língua Portuguesa",ai_generated
526e61c4-a6d6-4efe-8109-ec1152b153da,EF04LP01,medium,English Language Arts,"Ciências Humanas e Sociais Aplicadas, Escuta, Fala, Pensamento e Imaginação, Geografia, História, Linguagens e suas Tecnologias, Língua Inglesa, Língua Portuguesa",ai_generated
5033b01b-d7f1-4373-90b2-63a883369eaf,EF05LP16,medium,English Language Arts,"Ciências Humanas e Sociais Aplicadas, Escuta, Fala, Pensamento e Imaginação, Geografia, História, Linguagens e suas Tecnologias, Língua Inglesa, Língua Portuguesa",ai_generated
c118e0c0-3965-4b1d-a95c-64c8041ad22c,EF06LP03,medium,English Language Arts,"Ciências Humanas e Sociais Aplicadas, Escuta, Fala, Pensamento e Imaginação, Geografia, História, Linguagens e suas Tecnologias, Língua Inglesa, Língua Portuguesa",ai_generated
0fde9d92-88c0-4092-b4b5-3c79d79658f9,EF35LP15,medium,English Language Arts,"Ciências Humanas e Sociais Aplicadas, Escuta, Fala, Pensamento e Imaginação, Geografia, História, Linguagens e suas Tecnologias, Língua Inglesa, Língua Portuguesa",ai_generated
68360749-0510-4472-b946-b8a090b7d5f2,EF89LP14,medium,English Language Arts,"Ciências Humanas e Sociais Aplicadas, Escuta, Fala, Pensamento e Imaginação, Geografia, História, Linguagens e suas Tecnologias, Língua Inglesa, Língua Portuguesa",ai_generated
1bfa9876-192f-4401-a7cb-5589bc0bb74c,EF08LP03,medium,English Language Arts,"Ciências Humanas e Sociais Aplicadas, Escuta, Fala, Pensamento e Imaginação, Geografia, História, Linguagens e suas Tecnologias, Língua Inglesa, Língua Portuguesa",ai_generated
f885d730-088b-4f72-a82a-18b2cd47058c,EF05LP26,medium,English Language Arts,"Ciências Humanas e Sociais Aplicadas, Escuta, Fala, Pensamento e Imaginação, Geografia, História, Linguagens e suas Tecnologias, Língua Inglesa, Língua Portuguesa",ai_generated
a8e99bd7-1962-4167-8ca9-0044fd87668d,EF05LP24,medium,English Language Arts,"Ciências Humanas e Sociais Aplicadas, Escuta, Fala, Pensamento e Imaginação, Geografia, História, Linguagens e suas Tecnologias, Língua Inglesa, Língua Portuguesa",ai_generated
9d6e82ac-e7c7-4f32-bdf5-249d3abbe307,EF69LP47,medium,English Language Arts,"Ciências Humanas e Sociais Aplicadas, Escuta, Fala, Pensamento e Imaginação, Geografia, História, Linguagens e suas Tecnologias, Língua Inglesa, Língua Portuguesa",ai_generated
1fc9cda1-28a8-4113-8efc-c4dd0fd7b9df,EF06LP08,medium,English Language Arts,"Ciências Humanas e Sociais Aplicadas, Escuta, Fala, Pensamento e Imaginação, Geografia, História, Linguagens e suas Tecnologias, Língua Inglesa, Língua Portuguesa",ai_generated
b3fcb1da-6cbd-4a2c-84b7-3a0881baa944,EF01LP14,medium,English Language Arts,"Ciências Humanas e Sociais Aplicadas, Escuta, Fala, Pensamento e Imaginação, Geografia, História, Linguagens e suas Tecnologias, Língua Inglesa, Língua Portuguesa",ai_generated
cd4b15e6-3d1e-459d-baf5-f928b01a0a5f,EF01LP14,medium,English Language Arts,"Ciências Humanas e Sociais Aplicadas, Escuta, Fala, Pensamento e Imaginação, Geografia, História, Linguagens e suas Tecnologias, Língua Inglesa, Língua Portuguesa",ai_generated
1348bd31-4397-45f3-8861-096aa6aa7c61,EF69LP07,medium,English Language Arts,"Ciências Humanas e Sociais Aplicadas, Escuta, Fala, Pensamento e Imaginação, Geografia, História, Linguagens e suas Tecnologias, Língua Inglesa, Língua Portuguesa",ai_generated
e6984320-af32-4ed2-a626-b1bae359ffa4,EF35LP08,medium,English Language Arts,"Ciências Humanas e Sociais Aplicadas, Escuta, Fala, Pensamento e Imaginação, Geografia, História, Linguagens e suas Tecnologias, Língua Inglesa, Língua Portuguesa",ai_generated
ebf0ce41-537c-4650-8cf7-d2871e520d89,EF35LP08,medium,English Language Arts,"Ciências Humanas e Sociais Aplicadas, Escuta, Fala, Pensamento e Imaginação, Geografia, História, Linguagens e suas Tecnologias, Língua Inglesa, Língua Portuguesa",ai_generated
cd455382-2651-49d3-9033-57e786fb0d26,EF35LP08,medium,English Language Arts,"Ciências Humanas e Sociais Aplicadas, Escuta, Fala, Pensamento e Imaginação, Geografia, História, Linguagens e suas Tecnologias, Língua Inglesa, Língua Portuguesa",ai_generated
fb2b036f-e9b9-483b-b799-d2a8a9d14992,EF69LP18,medium,English Language Arts,"Ciências Humanas e Sociais Aplicadas, Escuta, Fala, Pensamento e Imaginação, Geografia, História, Linguagens e suas Tecnologias, Língua Inglesa, Língua Portuguesa",ai_generated
9d010f82-22c3-406a-8eff-ca81f78efbde,EF05LP04,medium,English Language Arts,"Ciências Humanas e Sociais Aplicadas, Escuta, Fala, Pensamento e Imaginação, Geografia, História, Linguagens e suas Tecnologias, Língua Inglesa, Língua Portuguesa",ai_generated
acb84969-b800-4e72-9306-07b4f1a548da,EF35LP22,high,English Language Arts,"Ciências Humanas e Sociais Aplicadas, Escuta, Fala, Pensamento e Imaginação, Geografia, História, Linguagens e suas Tecnologias, Língua Inglesa, Língua Portuguesa",ai_generated
bb30bf82-359a-438c-97bf-56a4edb62797,EF05HI06,medium,English Language Arts,"Ciências Humanas e Sociais Aplicadas, Escuta, Fala, Pensamento e Imaginação, Geografia, História, Linguagens e suas Tecnologias, Língua Inglesa, Língua Portuguesa",ai_generated
f85508ae-0705-476b-bf17-ade7eae5b00e,EF35LP19,medium,English Language Arts,"Ciências Humanas e Sociais Aplicadas, Escuta, Fala, Pensamento e Imaginação, Geografia, História, Linguagens e suas Tecnologias, Língua Inglesa, Língua Portuguesa",ai_generated
c2d98125-76a6-42f1-9de5-eec847ad286a,EF15LP07,medium,English Language Arts,"Ciências Humanas e Sociais Aplicadas, Escuta, Fala, Pensamento e Imaginação, Geografia, História, Linguagens e suas Tecnologias, Língua Inglesa, Língua Portuguesa",ai_generated
8beab1d9-66c8-41dc-940f-b76677ded69e,EF05LP02,high,English Language Arts,"Ciências Humanas e Sociais Aplicadas, Escuta, Fala, Pensamento e Imaginação, Geografia, História, Linguagens e suas Tecnologias, Língua Inglesa, Língua Portuguesa",ai_generated
244f10c9-d391-4cc7-9fa9-d1704c2586dc,EF35LP03,high,English Language Arts,"Ciências Humanas e Sociais Aplicadas, Escuta, Fala, Pensamento e Imaginação, Geografia, História, Linguagens e suas Tecnologias, Língua Inglesa, Língua Portuguesa",ai_generated
4a16adfc-0027-40c1-bc75-650506418723,EF04LP05,high,English Language Arts,"Ciências Humanas e Sociais Aplicadas, Escuta, Fala, Pensamento e Imaginação, Geografia, História, Linguagens e suas Tecnologias, Língua Inglesa, Língua Portuguesa",ai_generated
8cafbff2-b41a-420d-8106-8885e9b9d282,EF35LP17,medium,English Language Arts,"Ciências Humanas e Sociais Aplicadas, Escuta, Fala, Pensamento e Imaginação, Geografia, História, Linguagens e suas Tecnologias, Língua Inglesa, Língua Portuguesa",ai_generated
ca236008-1815-407f-85d4-4cec69f6ab53,EF08LP05,medium,English Language Arts,"Ciências Humanas e Sociais Aplicadas, Escuta, Fala, Pensamento e Imaginação, Geografia, História, Linguagens e suas Tecnologias, Língua Inglesa, Língua Portuguesa",ai_generated
107295c0-e69e-40bf-93e7-2b4e6c9d8ee9,EF69LP46,medium,English Language Arts,"Ciências Humanas e Sociais Aplicadas, Escuta, Fala, Pensamento e Imaginação, Geografia, História, Linguagens e suas Tecnologias, Língua Inglesa, Língua Portuguesa",ai_generated
df2b870b-6ce8-4da7-97c2-6a2d5f76309c,EF69LP46,medium,English Language Arts,"Ciências Humanas e Sociais Aplicadas, Escuta, Fala, Pensamento e Imaginação, Geografia, História, Linguagens e suas Tecnologias, Língua Inglesa, Língua Portuguesa",ai_generated
49d1aa93-afd8-456f-9243-158abc055b32,EF69LP46,medium,English Language Arts,"Ciências Humanas e Sociais Aplicadas, Escuta, Fala, Pensamento e Imaginação, Geografia, História, Linguagens e suas Tecnologias, Língua Inglesa, Língua Portuguesa",ai_generated
696c782a-b182-4580-8725-71870ff9b9f9,EF69LP46,medium,English Language Arts,"Ciências Humanas e Sociais Aplicadas, Escuta, Fala, Pensamento e Imaginação, Geografia, História, Linguagens e suas Tecnologias, Língua Inglesa, Língua Portuguesa",ai_generated
c1fb2971-4230-4308-b163-a87dda12b25e,EF01LP13,high,English Language Arts,"Ciências Humanas e Sociais Aplicadas, Escuta, Fala, Pensamento e Imaginação, Geografia, História, Linguagens e suas Tecnologias, Língua Inglesa, Língua Portuguesa",ai_generated
0cc5f112-9a69-458a-b0f0-76ca0c3977de,EF69LP40,medium,English Language Arts,"Ciências Humanas e Sociais Aplicadas, Escuta, Fala, Pensamento e Imaginação, Geografia, História, Linguagens e suas Tecnologias, Língua Inglesa, Língua Portuguesa",ai_generated
d0c53f0e-bbce-40ed-addb-841f9f2588cd,EF67LP33,high,English Language Arts,"Ciências Humanas e Sociais Aplicadas, Escuta, Fala, Pensamento e Imaginação, Geografia, História, Linguagens e suas Tecnologias, Língua Inglesa, Língua Portuguesa",ai_generated
459dc8df-9ab6-4469-b0c5-b161bf6d2096,EF05LP04,medium,English Language Arts,"Ciências Humanas e Sociais Aplicadas, Escuta, Fala, Pensamento e Imaginação, Geografia, História, Linguagens e suas Tecnologias, Língua Inglesa, Língua Portuguesa",ai_generated
44a575c8-54ad-49ea-9e6a-29ed026afb61,EF15LP08,medium,English Language Arts,"Ciências Humanas e Sociais Aplicadas, Escuta, Fala, Pensamento e Imaginação, Geografia, História, Linguagens e suas Tecnologias, Língua Inglesa, Língua Portuguesa",ai_generated
a9db7a95-6a2b-43eb-9ecd-0c2b10078d08,EF03LP01,high,English Language Arts,"Ciências Humanas e Sociais Aplicadas, Escuta, Fala, Pensamento e Imaginação, Geografia, História, Linguagens e suas Tecnologias, Língua Inglesa, Língua Portuguesa",ai_generated
92a60ce1-fbf8-4de4-b617-cca7a9acfc5d,EF08LP02,medium,English Language Arts,"Ciências Humanas e Sociais Aplicadas, Escuta, Fala, Pensamento e Imaginação, Geografia, História, Linguagens e suas Tecnologias, Língua Inglesa, Língua Portuguesa",ai_generated
45bf24ee-e426-4caf-aba8-41081b4c4299,EF08LP02,medium,English Language Arts,"Ciências Humanas e Sociais Aplicadas, Escuta, Fala, Pensamento e Imaginação, Geografia, História, Linguagens e suas Tecnologias, Língua Inglesa, Língua Portuguesa",ai_generated
432cf99b-5a52-45ed-8913-9e96d7142b4b,EF05LP27,medium,English Language Arts,"Ciências Humanas e Sociais Aplicadas, Escuta, Fala, Pensamento e Imaginação, Geografia, História, Linguagens e suas Tecnologias, Língua Inglesa, Língua Portuguesa",ai_generated
b9c81da0-dcec-4dd0-a044-c2a11b6b4a2c,EF15LP04,high,English Language Arts,"Ciências Humanas e Sociais Aplicadas, Escuta, Fala, Pensamento e Imaginação, Geografia, História, Linguagens e suas Tecnologias, Língua Inglesa, Língua Portuguesa",ai_generated
05557f68-9c22-4f20-b21e-509cab12caac,EF67LP38,high,English Language Arts,"Ciências Humanas e Sociais Aplicadas, Escuta, Fala, Pensamento e Imaginação, Geografia, História, Linguagens e suas Tecnologias, Língua Inglesa, Língua Portuguesa",ai_generated
0baac60a-c515-42da-aa7a-67e8e355b0dd,EF01LP02,high,English Language Arts,"Ciências Humanas e Sociais Aplicadas, Escuta, Fala, Pensamento e Imaginação, Geografia, História, Linguagens e suas Tecnologias, Língua Inglesa, Língua Portuguesa",ai_generated
9c9705a9-ea7e-43a0-bc32-fbc7e771f745,EF01LP08,high,English Language Arts,"Ciências Humanas e Sociais Aplicadas, Escuta, Fala, Pensamento e Imaginação, Geografia, História, Linguagens e suas Tecnologias, Língua Inglesa, Língua Portuguesa",ai_generated
63abd1e3-df4b-4a4f-b90b-a7237a83e047,EF09LP08,medium,English Language Arts,"Ciências Humanas e Sociais Aplicadas, Escuta, Fala, Pensamento e Imaginação, Geografia, História, Linguagens e suas Tecnologias, Língua Inglesa, Língua Portuguesa",ai_generated
b5f190de-e5c7-45e3-be1e-afd711655ece,EF03LP14,medium,English Language Arts,"Ciências Humanas e Sociais Aplicadas, Escuta, Fala, Pensamento e Imaginação, Geografia, História, Linguagens e suas Tecnologias, Língua Inglesa, Língua Portuguesa",ai_generated
ba4514ce-d919-4799-8956-810f3347ec6b,EF35LP09,medium,English Language Arts,"Ciências Humanas e Sociais Aplicadas, Escuta, Fala, Pensamento e Imaginação, Geografia, História, Linguagens e suas Tecnologias, Língua Inglesa, Língua Portuguesa",ai_generated
f83fe51e-c1e1-428b-9418-380d3adb52d7,EF67LP24,medium,English Language Arts,"Ciências Humanas e Sociais Aplicadas, Escuta, Fala, Pensamento e Imaginação, Geografia, História, Linguagens e suas Tecnologias, Língua Inglesa, Língua Portuguesa",ai_generated
ec762b1f-beb0-49dd-a5d3-5d6bf1c2a68a,EF89LP33,medium,English Language Arts,"Ciências Humanas e Sociais Aplicadas, Escuta, Fala, Pensamento e Imaginação, Geografia, História, Linguagens e suas Tecnologias, Língua Inglesa, Língua Portuguesa",ai_generated
e4602d80-204a-4c86-97de-ee9c136e0030,EF05LP01,medium,English Language Arts,"Ciências Humanas e Sociais Aplicadas, Escuta, Fala, Pensamento e Imaginação, Geografia, História, Linguagens e suas Tecnologias, Língua Inglesa, Língua Portuguesa",ai_generated
2ad593d5-1a39-48b9-9850-5672ad68175b,EF07LP11,high,English Language Arts,"Ciências Humanas e Sociais Aplicadas, Escuta, Fala, Pensamento e Imaginação, Geografia, História, Linguagens e suas Tecnologias, Língua Inglesa, Língua Portuguesa",ai_generated
e429fbe0-208c-43bb-a820-6ae28918a574,EF06LP05,high,English Language Arts,"Ciências Humanas e Sociais Aplicadas, Escuta, Fala, Pensamento e Imaginação, Geografia, História, Linguagens e suas Tecnologias, Língua Inglesa, Língua Portuguesa",ai_generated
cbfd9225-5a68-4ffd-8a62-c8245392c36e,EF06LP04,high,English Language Arts,"Ciências Humanas e Sociais Aplicadas, Escuta, Fala, Pensamento e Imaginação, Geografia, História, Linguagens e suas Tecnologias, Língua Inglesa, Língua Portuguesa",ai_generated
70d51eb0-4c49-45b7-bcca-b5376fb67fc5,EF06LP04,high,English Language Arts,"Ciências Humanas e Sociais Aplicadas, Escuta, Fala, Pensamento e Imaginação, Geografia, História, Linguagens e suas Tecnologias, Língua Inglesa, Língua Portuguesa",ai_generated
d574edb5-8898-48db-8ed1-cf1c02a3cf08,EF15LP08,medium,English Language Arts,"Ciências Humanas e Sociais Aplicadas, Escuta, Fala, Pensamento e Imaginação, Geografia, História, Linguagens e suas Tecnologias, Língua Inglesa, Língua Portuguesa",ai_generated
afa98c1a-70d2-4385-a072-43e88cc02b7e,EM13LP30,medium,English Language Arts,"Ciências Humanas e Sociais Aplicadas, Escuta, Fala, Pensamento e Imaginação, Geografia, História, Linguagens e suas Tecnologias, Língua Inglesa, Língua Portuguesa",ai_generated
ee1191ba-b28a-489a-8032-3b72978d8c6a,EF69LP14,medium,English Language Arts,"Ciências Humanas e Sociais Aplicadas, Escuta, Fala, Pensamento e Imaginação, Geografia, História, Linguagens e suas Tecnologias, Língua Inglesa, Língua Portuguesa",ai_generated
34eecce3-b163-4ad8-b8a9-84d0058143b0,EF08LP03,high,English Language Arts,"Ciências Humanas e Sociais Aplicadas, Escuta, Fala, Pensamento e Imaginação, Geografia, História, Linguagens e suas Tecnologias, Língua Inglesa, Língua Portuguesa",ai_generated
54de5212-9ab7-47dd-a732-0267a9dea3dc,EF07LP10,medium,English Language Arts,"Ciências Humanas e Sociais Aplicadas, Escuta, Fala, Pensamento e Imaginação, Geografia, História, Linguagens e suas Tecnologias, Língua Inglesa, Língua Portuguesa",ai_generated
5b1fa706-2513-4c32-b904-0907b1f666a6,EF09LP04,high,English Language Arts,"Ciências Humanas e Sociais Aplicadas, Escuta, Fala, Pensamento e Imaginação, Geografia, História, Linguagens e suas Tecnologias, Língua Inglesa, Língua Portuguesa",ai_generated
d0cacc31-9d3f-4edb-9662-53e0df52f19d,EM13LGG703,high,English Language Arts,"Ciências Humanas e Sociais Aplicadas, Escuta, Fala, Pensamento e Imaginação, Geografia, História, Linguagens e suas Tecnologias, Língua Inglesa, Língua Portuguesa",ai_generated
2feff0ac-1224-461a-a570-4b9cdaaf3198,EF69LP54,high,English Language Arts,"Ciências Humanas e Sociais Aplicadas, Escuta, Fala, Pensamento e Imaginação, Geografia, História, Linguagens e suas Tecnologias, Língua Inglesa, Língua Portuguesa",ai_generated
d5911a19-f00c-48be-b5aa-180a74cdc501,EF67LP01,high,English Language Arts,"Ciências Humanas e Sociais Aplicadas, Escuta, Fala, Pensamento e Imaginação, Geografia, História, Linguagens e suas Tecnologias, Língua Inglesa, Língua Portuguesa",ai_generated
278787d2-4159-4ce7-a924-14990ff2eb6c,EF15LP05,high,English Language Arts,"Ciências Humanas e Sociais Aplicadas, Escuta, Fala, Pensamento e Imaginação, Geografia, História, Linguagens e suas Tecnologias, Língua Inglesa, Língua Portuguesa",ai_generated
82154c7f-dddd-4c94-8028-5d233f9b668e,EM13LP15,medium,English Language Arts,"Ciências Humanas e Sociais Aplicadas, Escuta, Fala, Pensamento e Imaginação, Geografia, História, Linguagens e suas Tecnologias, Língua Inglesa, Língua Portuguesa",ai_generated
dc476c67-78f0-46dd-b516-d61db06ead29,EF69LP12,medium,English Language Arts,"Ciências Humanas e Sociais Aplicadas, Escuta, Fala, Pensamento e Imaginação, Geografia, História, Linguagens e suas Tecnologias, Língua Inglesa, Língua Portuguesa",ai_generated
f2a31e19-cd69-4ab2-af55-78424e2b1b53,EF69LP07,medium,English Language Arts,"Ciências Humanas e Sociais Aplicadas, Escuta, Fala, Pensamento e Imaginação, Geografia, História, Linguagens e suas Tecnologias, Língua Inglesa, Língua Portuguesa",ai_generated
27d88de6-5463-4061-866f-0bba2bf4be1f,EF69LP56,medium,English Language Arts,"Ciências Humanas e Sociais Aplicadas, Escuta, Fala, Pensamento e Imaginação, Geografia, História, Linguagens e suas Tecnologias, Língua Inglesa, Língua Portuguesa",ai_generated
7847edaf-0b8f-4c27-8e73-fcc88a4e2b0d,EF69LP34,medium,English Language Arts,"Ciências Humanas e Sociais Aplicadas, Escuta, Fala, Pensamento e Imaginação, Geografia, História, Linguagens e suas Tecnologias, Língua Inglesa, Língua Portuguesa",ai_generated
07fb00e6-f78b-41bd-a4dd-5b3fa748e238,EF06LP03,medium,English Language Arts,"Ciências Humanas e Sociais Aplicadas, Escuta, Fala, Pensamento e Imaginação, Geografia, História, Linguagens e suas Tecnologias, Língua Inglesa, Língua Portuguesa",ai_generated
77c7b47b-5837-4c63-8d72-10e894926dfd,EF15LP03,medium,English Language Arts,"Ciências Humanas e Sociais Aplicadas, Escuta, Fala, Pensamento e Imaginação, Geografia, História, Linguagens e suas Tecnologias, Língua Inglesa, Língua Portuguesa",ai_generated
47ab084f-67cc-49f3-861d-054dfdd31cbf,EF15LP18,medium,English Language Arts,"Ciências Humanas e Sociais Aplicadas, Escuta, Fala, Pensamento e Imaginação, Geografia, História, Linguagens e suas Tecnologias, Língua Inglesa, Língua Portuguesa",ai_generated
46cb7874-4031-48e5-84b1-52decfabae9d,EM13LGG703,medium,English Language Arts,"Ciências Humanas e Sociais Aplicadas, Escuta, Fala, Pensamento e Imaginação, Geografia, História, Linguagens e suas Tecnologias, Língua Inglesa, Língua Portuguesa",ai_generated
787c6e84-507f-4f28-8ea5-a4cf568f1a9c,EF69LP42,medium,English Language Arts,"Ciências Humanas e Sociais Aplicadas, Escuta, Fala, Pensamento e Imaginação, Geografia, História, Linguagens e suas Tecnologias, Língua Inglesa, Língua Portuguesa",ai_generated
66a9f5ac-82b6-4c7c-8881-1ff82ce7a735,EF08LP12,medium,English Language Arts,"Ciências Humanas e Sociais Aplicadas, Escuta, Fala, Pensamento e Imaginação, Geografia, História, Linguagens e suas Tecnologias, Língua Inglesa, Língua Portuguesa",ai_generated
cb5a3f7e-1e7c-44a0-8c38-0daf6afd06ff,EF07LP11,medium,English Language Arts,"Ciências Humanas e Sociais Aplicadas, Escuta, Fala, Pensamento e Imaginação, Geografia, História, Linguagens e suas Tecnologias, Língua Inglesa, Língua Portuguesa",ai_generated
87d88718-5509-474d-8934-99af54406ae8,EF08LP12,medium,English Language Arts,"Ciências Humanas e Sociais Aplicadas, Escuta, Fala, Pensamento e Imaginação, Geografia, História, Linguagens e suas Tecnologias, Língua Inglesa, Língua Portuguesa",ai_generated
f74961d6-c732-43de-a951-3bde6b75a270,EF07LP11,medium,English Language Arts,"Ciências Humanas e Sociais Aplicadas, Escuta, Fala, Pensamento e Imaginação, Geografia, História, Linguagens e suas Tecnologias, Língua Inglesa, Língua Portuguesa",ai_generated
ed45e443-45e7-4c23-9982-a936ec8cb97b,EF69LP18,medium,English Language Arts,"Ciências Humanas e Sociais Aplicadas, Escuta, Fala, Pensamento e Imaginação, Geografia, História, Linguagens e suas Tecnologias, Língua Inglesa, Língua Portuguesa",ai_generated
9d5a2fe4-5152-4be5-acbc-77ade24c58a5,EF09LI14,medium,English Language Arts,"Ciências Humanas e Sociais Aplicadas, Escuta, Fala, Pensamento e Imaginação, Geografia, História, Linguagens e suas Tecnologias, Língua Inglesa, Língua Portuguesa",ai_generated
9fded250-100b-4cb2-8d29-4923fa0c765e,EF67LP33,medium,English Language Arts,"Ciências Humanas e Sociais Aplicadas, Escuta, Fala, Pensamento e Imaginação, Geografia, História, Linguagens e suas Tecnologias, Língua Inglesa, Língua Portuguesa",ai_generated
d0f8bd54-7c82-4ed4-a5be-196cf9514311,EF67LP26,medium,English Language Arts,"Ciências Humanas e Sociais Aplicadas, Escuta, Fala, Pensamento e Imaginação, Geografia, História, Linguagens e suas Tecnologias, Língua Inglesa, Língua Portuguesa",ai_generated
65786631-2dcd-4b80-bca5-07e88125c48a,EF09LI14,medium,English Language Arts,"Ciências Humanas e Sociais Aplicadas, Escuta, Fala, Pensamento e Imaginação, Geografia, História, Linguagens e suas Tecnologias, Língua Inglesa, Língua Portuguesa",ai_generated
70777058-dc81-43e3-8230-ea256c577e10,EF08LP02,medium,English Language Arts,"Ciências Humanas e Sociais Aplicadas, Escuta, Fala, Pensamento e Imaginação, Geografia, História, Linguagens e suas Tecnologias, Língua Inglesa, Língua Portuguesa",ai_generated
24717ab1-e9f3-44a5-a374-597f25c72819,EF67LP26,medium,English Language Arts,"Ciências Humanas e Sociais Aplicadas, Escuta, Fala, Pensamento e Imaginação, Geografia, História, Linguagens e suas Tecnologias, Língua Inglesa, Língua Portuguesa",ai_generated
e9ebf763-a555-4cbf-a3a4-5f3bc0168a35,EF67LP27,medium,English Language Arts,"Ciências Humanas e Sociais Aplicadas, Escuta, Fala, Pensamento e Imaginação, Geografia, História, Linguagens e suas Tecnologias, Língua Inglesa, Língua Portuguesa",ai_generated
c5d4bd3a-c22a-42fa-8ed7-c721ce215f15,EF69LP53,medium,English Language Arts,"Ciências Humanas e Sociais Aplicadas, Escuta, Fala, Pensamento e Imaginação, Geografia, História, Linguagens e suas Tecnologias, Língua Inglesa, Língua Portuguesa",ai_generated
c3421ef4-638a-40da-8745-b03c11e6f9f3,EF01LP15,medium,English Language Arts,"Ciências Humanas e Sociais Aplicadas, Escuta, Fala, Pensamento e Imaginação, Geografia, História, Linguagens e suas Tecnologias, Língua Inglesa, Língua Portuguesa",ai_generated
1bee2e4b-bab9-4336-bdab-e59d96231a17,EF12LP02,medium,English Language Arts,"Ciências Humanas e Sociais Aplicadas, Escuta, Fala, Pensamento e Imaginação, Geografia, História, Linguagens e suas Tecnologias, Língua Inglesa, Língua Portuguesa",ai_generated
d8898491-a34f-4517-8b14-ba81f6bb1f3d,EF07LP02,medium,English Language Arts,"Ciências Humanas e Sociais Aplicadas, Escuta, Fala, Pensamento e Imaginação, Geografia, História, Linguagens e suas Tecnologias, Língua Inglesa, Língua Portuguesa",ai_generated
d95f030e-bfba-4544-92d5-c6af2fb17f81,EF69LP03,medium,English Language Arts,"Ciências Humanas e Sociais Aplicadas, Escuta, Fala, Pensamento e Imaginação, Geografia, História, Linguagens e suas Tecnologias, Língua Inglesa, Língua Portuguesa",ai_generated
aa8ee6fe-6a8a-4f21-89fb-fb757da5c36d,EF35LP04,medium,English Language Arts,"Ciências Humanas e Sociais Aplicadas, Escuta, Fala, Pensamento e Imaginação, Geografia, História, Linguagens e suas Tecnologias, Língua Inglesa, Língua Portuguesa",ai_generated
e16faa4e-7d60-45be-ad27-9331ff945157,EF09LI14,medium,English Language Arts,"Ciências Humanas e Sociais Aplicadas, Escuta, Fala, Pensamento e Imaginação, Geografia, História, Linguagens e suas Tecnologias, Língua Inglesa, Língua Portuguesa",ai_generated
d24b795d-ddeb-4a6a-a0de-0d1072326c73,EF35LP29,high,English Language Arts,"Ciências Humanas e Sociais Aplicadas, Escuta, Fala, Pensamento e Imaginação, Geografia, História, Linguagens e suas Tecnologias, Língua Inglesa, Língua Portuguesa",ai_generated
1ac3254b-284e-435d-9e0a-199d2e2413fa,EF01LP12,high,English Language Arts,"Ciências Humanas e Sociais Aplicadas, Escuta, Fala, Pensamento e Imaginação, Geografia, História, Linguagens e suas Tecnologias, Língua Inglesa, Língua Portuguesa",ai_generated
e9ef2440-bd62-4144-ad4e-60e9abb983d2,EF69LP55,high,English Language Arts,"Ciências Humanas e Sociais Aplicadas, Escuta, Fala, Pensamento e Imaginação, Geografia, História, Linguagens e suas Tecnologias, Língua Inglesa, Língua Portuguesa",ai_generated
f1c7d0ed-11a2-4d40-9b4c-bc427b77c5fb,EF02LP17,high,English Language Arts,"Ciências Humanas e Sociais Aplicadas, Escuta, Fala, Pensamento e Imaginação, Geografia, História, Linguagens e suas Tecnologias, Língua Inglesa, Língua Portuguesa",ai_generated
a2ed5944-4926-4392-aae1-733e65600b1e,EF69LP29,low,English Language Arts,"Ciências Humanas e Sociais Aplicadas, Escuta, Fala, Pensamento e Imaginação, Geografia, História, Linguagens e suas Tecnologias, Língua Inglesa, Língua Portuguesa",ai_generated
385bc870-b2f6-4800-9a5e-8e7b2157673e,EM13LP08,medium,English Language Arts,"Ciências Humanas e Sociais Aplicadas, Escuta, Fala, Pensamento e Imaginação, Geografia, História, Linguagens e suas Tecnologias, Língua Inglesa, Língua Portuguesa",ai_generated
ed79569f-b74b-459d-9172-1f4d435af64d,EM13LP09,medium,English Language Arts,"Ciências Humanas e Sociais Aplicadas, Escuta, Fala, Pensamento e Imaginação, Geografia, História, Linguagens e suas Tecnologias, Língua Inglesa, Língua Portuguesa",ai_generated
9a5fd97f-828e-4a35-8bc0-143097b0e120,EM13LP06,medium,English Language Arts,"Ciências Humanas e Sociais Aplicadas, Escuta, Fala, Pensamento e Imaginação, Geografia, História, Linguagens e suas Tecnologias, Língua Inglesa, Língua Portuguesa",ai_generated
92bcfc9f-d691-4dac-8c54-78cd97062497,EF06HI02,high,English Language Arts,"Ciências Humanas e Sociais Aplicadas, Escuta, Fala, Pensamento e Imaginação, Geografia, História, Linguagens e suas Tecnologias, Língua Inglesa, Língua Portuguesa",ai_generated
9355550c-966a-422a-959a-5db8da1323f1,EF06HI02,high,English Language Arts,"Ciências Humanas e Sociais Aplicadas, Escuta, Fala, Pensamento e Imaginação, Geografia, História, Linguagens e suas Tecnologias, Língua Inglesa, Língua Portuguesa",ai_generated
0483f457-cf42-4e6d-a15e-3a6b1af0bc70,EF06HI02,high,English Language Arts,"Ciências Humanas e Sociais Aplicadas, Escuta, Fala, Pensamento e Imaginação, Geografia, História, Linguagens e suas Tecnologias, Língua Inglesa, Língua Portuguesa",ai_generated
ac931c5f-a7f3-41b0-83cd-a2e2e4d052f9,EF09LP08,high,English Language Arts,"Ciências Humanas e Sociais Aplicadas, Escuta, Fala, Pensamento e Imaginação, Geografia, História, Linguagens e suas Tecnologias, Língua Inglesa, Língua Portuguesa",ai_generated
65182608-1011-4ecb-90e2-37c8440bc641,EF69LP53,high,English Language Arts,"Ciências Humanas e Sociais Aplicadas, Escuta, Fala, Pensamento e Imaginação, Geografia, História, Linguagens e suas Tecnologias, Língua Inglesa, Língua Portuguesa",ai_generated
f8258255-3a19-4e09-8c3c-c3fde950ade3,EF35LP01,medium,English Language Arts,"Ciências Humanas e Sociais Aplicadas, Escuta, Fala, Pensamento e Imaginação, Geografia, História, Linguagens e suas Tecnologias, Língua Inglesa, Língua Portuguesa",ai_generated
3901ea61-47f7-4a62-a41e-31eaa08b17bc,EF15LP02,high,English Language Arts,"Ciências Humanas e Sociais Aplicadas, Escuta, Fala, Pensamento e Imaginação, Geografia, História, Linguagens e suas Tecnologias, Língua Inglesa, Língua Portuguesa",ai_generated
e6def78d-2526-46b0-85c4-f9bb37fde477,EF01LP12,high,English Language Arts,"Ciências Humanas e Sociais Aplicadas, Escuta, Fala, Pensamento e Imaginação, Geografia, História, Linguagens e suas Tecnologias, Língua Inglesa, Língua Portuguesa",ai_generated
b7d25298-5f85-4dd5-9f69-e0e3414f54f5,EF01LP12,high,English Language Arts,"Ciências Humanas e Sociais Aplicadas, Escuta, Fala, Pensamento e Imaginação, Geografia, História, Linguagens e suas Tecnologias, Língua Inglesa, Língua Portuguesa",ai_generated
e855f8a0-685e-48ed-b3eb-3c58c8c2ecf1,EM13CHS106,medium,English Language Arts,"Ciências Humanas e Sociais Aplicadas, Escuta, Fala, Pensamento e Imaginação, Geografia, História, Linguagens e suas Tecnologias, Língua Inglesa, Língua Portuguesa",ai_generated
d37bb2d3-82c5-4c75-83f8-2b661f5ec6be,EF07LP09,medium,English Language Arts,"Ciências Humanas e Sociais Aplicadas, Escuta, Fala, Pensamento e Imaginação, Geografia, História, Linguagens e suas Tecnologias, Língua Inglesa, Língua Portuguesa",ai_generated
61784f92-07f7-4311-83ba-f008e6bcddec,EF04LP06,medium,English Language Arts,"Ciências Humanas e Sociais Aplicadas, Escuta, Fala, Pensamento e Imaginação, Geografia, História, Linguagens e suas Tecnologias, Língua Inglesa, Língua Portuguesa",ai_generated
b5a9aa1d-b9e4-434c-977a-8261c0156ebd,EF35LP25,medium,English Language Arts,"Ciências Humanas e Sociais Aplicadas, Escuta, Fala, Pensamento e Imaginação, Geografia, História, Linguagens e suas Tecnologias, Língua Inglesa, Língua Portuguesa",ai_generated
03a447eb-8905-41b0-a15e-613a5f72b7f0,EF35LP25,medium,English Language Arts,"Ciências Humanas e Sociais Aplicadas, Escuta, Fala, Pensamento e Imaginação, Geografia, História, Linguagens e suas Tecnologias, Língua Inglesa, Língua Portuguesa",ai_generated
d4c32aaf-8568-49f4-9446-90590c0895a0,EF07LP11,medium,English Language Arts,"Ciências Humanas e Sociais Aplicadas, Escuta, Fala, Pensamento e Imaginação, Geografia, História, Linguagens e suas Tecnologias, Língua Inglesa, Língua Portuguesa",ai_generated
f34c2d00-c8b6-47f1-a92d-e0eeb47db511,EF08LP11,high,English Language Arts,"Ciências Humanas e Sociais Aplicadas, Escuta, Fala, Pensamento e Imaginação, Geografia, História, Linguagens e suas Tecnologias, Língua Inglesa, Língua Portuguesa",ai_generated
461991d5-ef5b-44d1-a074-d27e4c134f44,EF67LP32,high,English Language Arts,"Ciências Humanas e Sociais Aplicadas, Escuta, Fala, Pensamento e Imaginação, Geografia, História, Linguagens e suas Tecnologias, Língua Inglesa, Língua Portuguesa",ai_generated
4f115194-77df-4cfa-868c-2cf9a34346f0,EF01LP07,high,English Language Arts,"Ciências Humanas e Sociais Aplicadas, Escuta, Fala, Pensamento e Imaginação, Geografia, História, Linguagens e suas Tecnologias, Língua Inglesa, Língua Portuguesa",ai_generated
5ca110bb-ea8b-48a6-a142-72e086bd61a7,EF01LP07,high,English Language Arts,"Ciências Humanas e Sociais Aplicadas, Escuta, Fala, Pensamento e Imaginação, Geografia, História, Linguagens e suas Tecnologias, Língua Inglesa, Língua Portuguesa",ai_generated
e7006b5f-ae18-4b1f-aaef-5f52c47720bb,EF69LP32,high,English Language Arts,"Ciências Humanas e Sociais Aplicadas, Escuta, Fala, Pensamento e Imaginação, Geografia, História, Linguagens e suas Tecnologias, Língua Inglesa, Língua Portuguesa",ai_generated
447c4a98-bd53-4d7e-bce8-8faa0f26b759,EF07LP14,high,English Language Arts,"Ciências Humanas e Sociais Aplicadas, Escuta, Fala, Pensamento e Imaginação, Geografia, História, Linguagens e suas Tecnologias, Língua Inglesa, Língua Portuguesa",ai_generated
32235720-64b6-466f-b37d-b03bf80e11ef,EF06LI17,medium,English Language Arts,"Ciências Humanas e Sociais Aplicadas, Escuta, Fala, Pensamento e Imaginação, Geografia, História, Linguagens e suas Tecnologias, Língua Inglesa, Língua Portuguesa",ai_generated
67eb81e8-42a8-41c2-a6ce-36858ffee9bd,EF89LP35,high,English Language Arts,"Ciências Humanas e Sociais Aplicadas, Escuta, Fala, Pensamento e Imaginação, Geografia, História, Linguagens e suas Tecnologias, Língua Inglesa, Língua Portuguesa",ai_generated
81e4be28-4729-410a-b42d-6bd33f6845ab,EF04LP06,high,English Language Arts,"Ciências Humanas e Sociais Aplicadas, Escuta, Fala, Pensamento e Imaginação, Geografia, História, Linguagens e suas Tecnologias, Língua Inglesa, Língua Portuguesa",ai_generated
4e75f2e6-d331-41c6-977a-4395c2d9f4a3,EF07LP10,medium,English Language Arts,"Ciências Humanas e Sociais Aplicadas, Escuta, Fala, Pensamento e Imaginação, Geografia, História, Linguagens e suas Tecnologias, Língua Inglesa, Língua Portuguesa",ai_generated
c0cfce6e-b129-46da-917e-f082458b5b6e,EF15LP06,high,English Language Arts,"Ciências Humanas e Sociais Aplicadas, Escuta, Fala, Pensamento e Imaginação, Geografia, História, Linguagens e suas Tecnologias, Língua Inglesa, Língua Portuguesa",ai_generated
45ee1e9d-ec1d-4d69-aa98-f15cd31fc777,EF07LP06,high,English Language Arts,"Ciências Humanas e Sociais Aplicadas, Escuta, Fala, Pensamento e Imaginação, Geografia, História, Linguagens e suas Tecnologias, Língua Inglesa, Língua Portuguesa",ai_generated
4fcec3c2-deb6-4a46-9a9a-92a635005882,EF01LP08,medium,English Language Arts,"Ciências Humanas e Sociais Aplicadas, Escuta, Fala, Pensamento e Imaginação, Geografia, História, Linguagens e suas Tecnologias, Língua Inglesa, Língua Portuguesa",ai_generated
6ba82806-d3f3-4fb0-b1b6-26fab840eb23,EF09LP03,medium,English Language Arts,"Ciências Humanas e Sociais Aplicadas, Escuta, Fala, Pensamento e Imaginação, Geografia, História, Linguagens e suas Tecnologias, Língua Inglesa, Língua Portuguesa",ai_generated
41936c77-4af9-4a76-ba90-0e95dea3d41b,EF15LP04,medium,English Language Arts,"Ciências Humanas e Sociais Aplicadas, Escuta, Fala, Pensamento e Imaginação, Geografia, História, Linguagens e suas Tecnologias, Língua Inglesa, Língua Portuguesa",ai_generated
8d4485a1-acb4-45c0-a38a-733bbd6d109c,EF02LP04,high,English Language Arts,"Ciências Humanas e Sociais Aplicadas, Escuta, Fala, Pensamento e Imaginação, Geografia, História, Linguagens e suas Tecnologias, Língua Inglesa, Língua Portuguesa",ai_generated
0fbba2ca-17b1-4e0e-a6ad-3c6776854abd,EF02LP17,medium,English Language Arts,"Ciências Humanas e Sociais Aplicadas, Escuta, Fala, Pensamento e Imaginação, Geografia, História, Linguagens e suas Tecnologias, Língua Inglesa, Língua Portuguesa",ai_generated
d3c2f896-4235-4e3a-8777-b2d8a426b671,EF69LP44,medium,English Language Arts,"Ciências Humanas e Sociais Aplicadas, Escuta, Fala, Pensamento e Imaginação, Geografia, História, Linguagens e suas Tecnologias, Língua Inglesa, Língua Portuguesa",ai_generated
7c3afcd8-a8fd-466c-9100-fc2551900198,EF69LP44,medium,English Language Arts,"Ciências Humanas e Sociais Aplicadas, Escuta, Fala, Pensamento e Imaginação, Geografia, História, Linguagens e suas Tecnologias, Língua Inglesa, Língua Portuguesa",ai_generated
9adcf2ed-60ce-4dc8-bea0-df46fb50f039,EF15LP11,medium,English Language Arts,"Ciências Humanas e Sociais Aplicadas, Escuta, Fala, Pensamento e Imaginação, Geografia, História, Linguagens e suas Tecnologias, Língua Inglesa, Língua Portuguesa",ai_generated
139cf6a8-c71d-4d3e-95c7-5fa061db4da1,EF15LP05,medium,English Language Arts,"Ciências Humanas e Sociais Aplicadas, Escuta, Fala, Pensamento e Imaginação, Geografia, História, Linguagens e suas Tecnologias, Língua Inglesa, Língua Portuguesa",ai_generated
9d430a56-baee-45ba-8170-073dca3373d1,EF05LP24,medium,English Language Arts,"Ciências Humanas e Sociais Aplicadas, Escuta, Fala, Pensamento e Imaginação, Geografia, História, Linguagens e suas Tecnologias, Língua Inglesa, Língua Portuguesa",ai_generated
b1c1dc57-df67-4d6a-b65e-6cd78af16b47,EF67LP25,medium,English Language Arts,"Ciências Humanas e Sociais Aplicadas, Escuta, Fala, Pensamento e Imaginação, Geografia, História, Linguagens e suas Tecnologias, Língua Inglesa, Língua Portuguesa",ai_generated
90f9436c-35d4-4967-a66c-d5fcd8ef9303,EF67LP27,medium,English Language Arts,"Ciências Humanas e Sociais Aplicadas, Escuta, Fala, Pensamento e Imaginação, Geografia, História, Linguagens e suas Tecnologias, Língua Inglesa, Língua Portuguesa",ai_generated
c61d37bd-07b8-40e5-a096-87be318d4e39,EF67LP23,medium,English Language Arts,"Ciências Humanas e Sociais Aplicadas, Escuta, Fala, Pensamento e Imaginação, Geografia, História, Linguagens e suas Tecnologias, Língua Inglesa, Língua Portuguesa",ai_generated
d1dff697-900e-42d5-9f5a-a377f82109e6,EF89LP34,medium,English Language Arts,"Ciências Humanas e Sociais Aplicadas, Escuta, Fala, Pensamento e Imaginação, Geografia, História, Linguagens e suas Tecnologias, Língua Inglesa, Língua Portuguesa",ai_generated
6f76d523-70c4-4547-b1bc-b707c27f736d,EM13LP49,medium,English Language Arts,"Ciências Humanas e Sociais Aplicadas, Escuta, Fala, Pensamento e Imaginação, Geografia, História, Linguagens e suas Tecnologias, Língua Inglesa, Língua Portuguesa",ai_generated
418bd4f4-5879-4ad2-9706-23ecd8dffa94,EF67LP29,medium,English Language Arts,"Ciências Humanas e Sociais Aplicadas, Escuta, Fala, Pensamento e Imaginação, Geografia, História, Linguagens e suas Tecnologias, Língua Inglesa, Língua Portuguesa",ai_generated
15a48b4d-4388-47b1-9f3d-3c203d2ce4a7,EF02LP04,medium,English Language Arts,"Ciências Humanas e Sociais Aplicadas, Escuta, Fala, Pensamento e Imaginação, Geografia, História, Linguagens e suas Tecnologias, Língua Inglesa, Língua Portuguesa",ai_generated
10f70a71-7911-4ec3-a90a-7f07be27b42a,EF02LP03,medium,English Language Arts,"Ciências Humanas e Sociais Aplicadas, Escuta, Fala, Pensamento e Imaginação, Geografia, História, Linguagens e suas Tecnologias, Língua Inglesa, Língua Portuguesa",ai_generated
691db23c-9912-465c-bef9-2e45f0f3104f,EF02LP03,medium,English Language Arts,"Ciências Humanas e Sociais Aplicadas, Escuta, Fala, Pensamento e Imaginação, Geografia, História, Linguagens e suas Tecnologias, Língua Inglesa, Língua Portuguesa",ai_generated
e7e51db8-f719-42d2-ac64-9942b37fa07d,EF35LP30,medium,English Language Arts,"Ciências Humanas e Sociais Aplicadas, Escuta, Fala, Pensamento e Imaginação, Geografia, História, Linguagens e suas Tecnologias, Língua Inglesa, Língua Portuguesa",ai_generated
0cbd1b62-14f0-4004-815c-afbfbb594626,EF15LP06,high,English Language Arts,"Ciências Humanas e Sociais Aplicadas, Escuta, Fala, Pensamento e Imaginação, Geografia, História, Linguagens e suas Tecnologias, Língua Inglesa, Língua Portuguesa",ai_generated
a96abd24-5aaf-4de2-8f94-1bf57c94d876,EF67LP03,medium,English Language Arts,"Ciências Humanas e Sociais Aplicadas, Escuta, Fala, Pensamento e Imaginação, Geografia, História, Linguagens e suas Tecnologias, Língua Inglesa, Língua Portuguesa",ai_generated
eec2f771-e73d-488e-8643-75f8586af63a,EF15LP10,medium,English Language Arts,"Ciências Humanas e Sociais Aplicadas, Escuta, Fala, Pensamento e Imaginação, Geografia, História, Linguagens e suas Tecnologias, Língua Inglesa, Língua Portuguesa",ai_generated
667a9476-5fe9-4452-8ab6-fd0402207274,EF89LP12,medium,English Language Arts,"Ciências Humanas e Sociais Aplicadas, Escuta, Fala, Pensamento e Imaginação, Geografia, História, Linguagens e suas Tecnologias, Língua Inglesa, Língua Portuguesa",ai_generated
1d5d37c0-a37c-4c41-ad62-9ed126265e1e,EF89LP12,medium,English Language Arts,"Ciências Humanas e Sociais Aplicadas, Escuta, Fala, Pensamento e Imaginação, Geografia, História, Linguagens e suas Tecnologias, Língua Inglesa, Língua Portuguesa",ai_generated
f9b7bfe0-56bd-4f7f-9da2-ad8a4c68e504,EF35LP31,medium,English Language Arts,"Ciências Humanas e Sociais Aplicadas, Escuta, Fala, Pensamento e Imaginação, Geografia, História, Linguagens e suas Tecnologias, Língua Inglesa, Língua Portuguesa",ai_generated
52f73b9c-7380-4979-80a6-7a47be53ab4b,EF12LP19,medium,English Language Arts,"Ciências Humanas e Sociais Aplicadas, Escuta, Fala, Pensamento e Imaginação, Geografia, História, Linguagens e suas Tecnologias, Língua Inglesa, Língua Portuguesa",ai_generated
67c1354f-7736-4020-9e54-f57eccb1bffe,EM13CHS101,medium,English Language Arts,"Ciências Humanas e Sociais Aplicadas, Escuta, Fala, Pensamento e Imaginação, Geografia, História, Linguagens e suas Tecnologias, Língua Inglesa, Língua Portuguesa",ai_generated
0a5d1ca5-6f3f-41ba-b68b-0a27b953e93c,EF06LP01,medium,English Language Arts,"Ciências Humanas e Sociais Aplicadas, Escuta, Fala, Pensamento e Imaginação, Geografia, História, Linguagens e suas Tecnologias, Língua Inglesa, Língua Portuguesa",ai_generated
0b45fd87-0d16-4045-b061-3129798e89e4,EF35LP12,high,English Language Arts,"Ciências Humanas e Sociais Aplicadas, Escuta, Fala, Pensamento e Imaginação, Geografia, História, Linguagens e suas Tecnologias, Língua Inglesa, Língua Portuguesa",ai_generated
85972102-4f88-45dd-97bd-954ddf145835,EF05LP01,high,English Language Arts,"Ciências Humanas e Sociais Aplicadas, Escuta, Fala, Pensamento e Imaginação, Geografia, História, Linguagens e suas Tecnologias, Língua Inglesa, Língua Portuguesa",ai_generated
7df1e119-d102-4b7f-92a4-2e6ff50f54ee,EF01LP02,high,English Language Arts,"Ciências Humanas e Sociais Aplicadas, Escuta, Fala, Pensamento e Imaginação, Geografia, História, Linguagens e suas Tecnologias, Língua Inglesa, Língua Portuguesa",ai_generated
3df15a5b-bd6e-4540-aa0b-6ef181c6c5e5,EF69LP54,medium,English Language Arts,"Ciências Humanas e Sociais Aplicadas, Escuta, Fala, Pensamento e Imaginação, Geografia, História, Linguagens e suas Tecnologias, Língua Inglesa, Língua Portuguesa",ai_generated
797f2440-93dd-4969-8ff5-11070640e001,EF69LP54,medium,English Language Arts,"Ciências Humanas e Sociais Aplicadas, Escuta, Fala, Pensamento e Imaginação, Geografia, História, Linguagens e suas Tecnologias, Língua Inglesa, Língua Portuguesa",ai_generated
3e252b19-51bc-4298-a25c-07123ca18354,EF09LI16,high,English Language Arts,"Ciências Humanas e Sociais Aplicadas, Escuta, Fala, Pensamento e Imaginação, Geografia, História, Linguagens e suas Tecnologias, Língua Inglesa, Língua Portuguesa",ai_generated
38074000-a4f8-4455-a60d-a828a04c9a55,EM13LP10,medium,English Language Arts,"Ciências Humanas e Sociais Aplicadas, Escuta, Fala, Pensamento e Imaginação, Geografia, História, Linguagens e suas Tecnologias, Língua Inglesa, Língua Portuguesa",ai_generated
ea41df9d-827f-4d45-95f5-4f91bf6d431b,EM13LP10,medium,English Language Arts,"Ciências Humanas e Sociais Aplicadas, Escuta, Fala, Pensamento e Imaginação, Geografia, História, Linguagens e suas Tecnologias, Língua Inglesa, Língua Portuguesa",ai_generated
fccd5877-35f1-406a-88bd-9a80793328d1,EF69LP56,low,English Language Arts,"Ciências Humanas e Sociais Aplicadas, Escuta, Fala, Pensamento e Imaginação, Geografia, História, Linguagens e suas Tecnologias, Língua Inglesa, Língua Portuguesa",ai_generated
12d5b5c9-926a-4772-9623-8dd0667b1c2d,EF09LI16,high,English Language Arts,"Ciências Humanas e Sociais Aplicadas, Escuta, Fala, Pensamento e Imaginação, Geografia, História, Linguagens e suas Tecnologias, Língua Inglesa, Língua Portuguesa",ai_generated
c0f1e5e4-c33c-4506-a6d3-524fc785e846,EF35LP29,high,English Language Arts,"Ciências Humanas e Sociais Aplicadas, Escuta, Fala, Pensamento e Imaginação, Geografia, História, Linguagens e suas Tecnologias, Língua Inglesa, Língua Portuguesa",ai_generated
5e6927bc-dae0-4f0d-9926-f4cccc69e920,EF67LP03,medium,English Language Arts,"Ciências Humanas e Sociais Aplicadas, Escuta, Fala, Pensamento e Imaginação, Geografia, História, Linguagens e suas Tecnologias, Língua Inglesa, Língua Portuguesa",ai_generated
63d80273-5e3d-4f6b-a48e-26450ef298f6,EF69LP42,medium,English Language Arts,"Ciências Humanas e Sociais Aplicadas, Escuta, Fala, Pensamento e Imaginação, Geografia, História, Linguagens e suas Tecnologias, Língua Inglesa, Língua Portuguesa",ai_generated
49c9a138-ef63-42e6-8ce1-7ef906c24d34,EF67LP08,medium,English Language Arts,"Ciências Humanas e Sociais Aplicadas, Escuta, Fala, Pensamento e Imaginação, Geografia, História, Linguagens e suas Tecnologias, Língua Inglesa, Língua Portuguesa",ai_generated
dccadfa1-e03a-46a5-94e9-546505f2fb00,EF09LI14,medium,English Language Arts,"Ciências Humanas e Sociais Aplicadas, Escuta, Fala, Pensamento e Imaginação, Geografia, História, Linguagens e suas Tecnologias, Língua Inglesa, Língua Portuguesa",ai_generated
f78ddff5-2c50-495c-91bc-984de77b1747,EF69LP47,medium,English Language Arts,"Ciências Humanas e Sociais Aplicadas, Escuta, Fala, Pensamento e Imaginação, Geografia, História, Linguagens e suas Tecnologias, Língua Inglesa, Língua Portuguesa",ai_generated
4be8cb64-e938-4683-b7ff-522ee640e02d,EM13LP02,medium,English Language Arts,"Ciências Humanas e Sociais Aplicadas, Escuta, Fala, Pensamento e Imaginação, Geografia, História, Linguagens e suas Tecnologias, Língua Inglesa, Língua Portuguesa",ai_generated
6474db48-3f05-46bc-8528-67ba6ef61977,EM13LGG105,medium,English Language Arts,"Ciências Humanas e Sociais Aplicadas, Escuta, Fala, Pensamento e Imaginação, Geografia, História, Linguagens e suas Tecnologias, Língua Inglesa, Língua Portuguesa",ai_generated
eb4b6c1e-becd-4445-942d-c73b155f1795,EF15LP02,medium,English Language Arts,"Ciências Humanas e Sociais Aplicadas, Escuta, Fala, Pensamento e Imaginação, Geografia, História, Linguagens e suas Tecnologias, Língua Inglesa, Língua Portuguesa",ai_generated
232cab33-7142-4364-b271-15c7efcd8cdc,EF06LP12,medium,English Language Arts,"Ciências Humanas e Sociais Aplicadas, Escuta, Fala, Pensamento e Imaginação, Geografia, História, Linguagens e suas Tecnologias, Língua Inglesa, Língua Portuguesa",ai_generated
44ad3776-3795-495d-ad0e-086f631e8fcc,EM13LP30,medium,English Language Arts,"Ciências Humanas e Sociais Aplicadas, Escuta, Fala, Pensamento e Imaginação, Geografia, História, Linguagens e suas Tecnologias, Língua Inglesa, Língua Portuguesa",ai_generated
19c62d33-13db-426b-969e-0409699586c8,EF09LP08,medium,English Language Arts,"Ciências Humanas e Sociais Aplicadas, Escuta, Fala, Pensamento e Imaginação, Geografia, História, Linguagens e suas Tecnologias, Língua Inglesa, Língua Portuguesa",ai_generated
6e24e456-14a3-4944-b5c1-a71f41367a2f,EF03LP11,medium,English Language Arts,"Ciências Humanas e Sociais Aplicadas, Escuta, Fala, Pensamento e Imaginação, Geografia, História, Linguagens e suas Tecnologias, Língua Inglesa, Língua Portuguesa",ai_generated
d1173af9-f5d6-4fff-a70e-057a08c61480,EF09LI16,high,English Language Arts,"Ciências Humanas e Sociais Aplicadas, Escuta, Fala, Pensamento e Imaginação, Geografia, História, Linguagens e suas Tecnologias, Língua Inglesa, Língua Portuguesa",ai_generated
3c5ed166-a065-4b22-9f7a-487a26d73b15,EF89LP26,medium,English Language Arts,"Ciências Humanas e Sociais Aplicadas, Escuta, Fala, Pensamento e Imaginação, Geografia, História, Linguagens e suas Tecnologias, Língua Inglesa, Língua Portuguesa",ai_generated
3b73b201-fb89-4d0c-944e-4f947429d896,EM13LP15,medium,English Language Arts,"Ciências Humanas e Sociais Aplicadas, Escuta, Fala, Pensamento e Imaginação, Geografia, História, Linguagens e suas Tecnologias, Língua Inglesa, Língua Portuguesa",ai_generated
b00b2f81-0dce-4989-9516-8d33d955d652,EM13LP18,high,English Language Arts,"Ciências Humanas e Sociais Aplicadas, Escuta, Fala, Pensamento e Imaginação, Geografia, História, Linguagens e suas Tecnologias, Língua Inglesa, Língua Portuguesa",ai_generated
54ebd6e3-8651-4e8c-a987-c6d67d53ed31,EF35LP20,medium,English Language Arts,"Ciências Humanas e Sociais Aplicadas, Escuta, Fala, Pensamento e Imaginação, Geografia, História, Linguagens e suas Tecnologias, Língua Inglesa, Língua Portuguesa",ai_generated
d00808ad-e104-410d-b50c-332f4587becd,EF01LP07,high,English Language Arts,"Ciências Humanas e Sociais Aplicadas, Escuta, Fala, Pensamento e Imaginação, Geografia, História, Linguagens e suas Tecnologias, Língua Inglesa, Língua Portuguesa",ai_generated
7f142f81-6232-462c-87b4-a1760a32046d,EF01LP06,high,English Language Arts,"Ciências Humanas e Sociais Aplicadas, Escuta, Fala, Pensamento e Imaginação, Geografia, História, Linguagens e suas Tecnologias, Língua Inglesa, Língua Portuguesa",ai_generated
79bc2256-e0d2-4712-ba22-b6c53943d592,EI02EF02,high,English Language Arts,"Ciências Humanas e Sociais Aplicadas, Escuta, Fala, Pensamento e Imaginação, Geografia, História, Linguagens e suas Tecnologias, Língua Inglesa, Língua Portuguesa",ai_generated
5f3c6223-7c54-45e8-aae6-1b11ea613340,EI03EF01,medium,English Language Arts,"Ciências Humanas e Sociais Aplicadas, Escuta, Fala, Pensamento e Imaginação, Geografia, História, Linguagens e suas Tecnologias, Língua Inglesa, Língua Portuguesa",ai_generated
b4d48d96-7b3c-4f2e-92bd-47ada730c836,EF67LP36,high,English Language Arts,"Ciências Humanas e Sociais Aplicadas, Escuta, Fala, Pensamento e Imaginação, Geografia, História, Linguagens e suas Tecnologias, Língua Inglesa, Língua Portuguesa",ai_generated
9aeb36e6-782f-42bc-af00-aa219a0dd362,EF05HI06,medium,English Language Arts,"Ciências Humanas e Sociais Aplicadas, Escuta, Fala, Pensamento e Imaginação, Geografia, História, Linguagens e suas Tecnologias, Língua Inglesa, Língua Portuguesa",ai_generated
25a2321a-a90e-4efe-96ab-82da5dc588cf,EF89LP04,medium,English Language Arts,"Ciências Humanas e Sociais Aplicadas, Escuta, Fala, Pensamento e Imaginação, Geografia, História, Linguagens e suas Tecnologias, Língua Inglesa, Língua Portuguesa",ai_generated
aeb93cb1-0fe1-4366-9811-0f339fbfdc5c,EM13LP09,medium,English Language Arts,"Ciências Humanas e Sociais Aplicadas, Escuta, Fala, Pensamento e Imaginação, Geografia, História, Linguagens e suas Tecnologias, Língua Inglesa, Língua Portuguesa",ai_generated
d2ed33f1-f881-49a1-b060-061c6f92fdc3,EF69LP56,high,English Language Arts,"Ciências Humanas e Sociais Aplicadas, Escuta, Fala, Pensamento e Imaginação, Geografia, História, Linguagens e suas Tecnologias, Língua Inglesa, Língua Portuguesa",ai_generated
441af80c-ce44-42d8-a5e5-efee66a15f02,EF01LP12,medium,English Language Arts,"Ciências Humanas e Sociais Aplicadas, Escuta, Fala, Pensamento e Imaginação, Geografia, História, Linguagens e suas Tecnologias, Língua Inglesa, Língua Portuguesa",ai_generated
f2823f91-c853-4000-8938-8a5c51195361,EF01LP14,high,English Language Arts,"Ciências Humanas e Sociais Aplicadas, Escuta, Fala, Pensamento e Imaginação, Geografia, História, Linguagens e suas Tecnologias, Língua Inglesa, Língua Portuguesa",ai_generated
f1be907f-ff0a-4835-9134-a21b99ae7504,EF69LP54,high,English Language Arts,"Ciências Humanas e Sociais Aplicadas, Escuta, Fala, Pensamento e Imaginação, Geografia, História, Linguagens e suas Tecnologias, Língua Inglesa, Língua Portuguesa",ai_generated
83b42664-d46b-4d40-b5c1-77344731e382,EF69LP54,high,English Language Arts,"Ciências Humanas e Sociais Aplicadas, Escuta, Fala, Pensamento e Imaginação, Geografia, História, Linguagens e suas Tecnologias, Língua Inglesa, Língua Portuguesa",ai_generated
8d77100f-54e7-4578-8c3a-6cbf23d8d84f,EF03LP08,medium,English Language Arts,"Ciências Humanas e Sociais Aplicadas, Escuta, Fala, Pensamento e Imaginação, Geografia, História, Linguagens e suas Tecnologias, Língua Inglesa, Língua Portuguesa",ai_generated
c692b55a-cf26-4d79-a524-6fe097d37ec1,EF67LP04,high,English Language Arts,"Ciências Humanas e Sociais Aplicadas, Escuta, Fala, Pensamento e Imaginação, Geografia, História, Linguagens e suas Tecnologias, Língua Inglesa, Língua Portuguesa",ai_generated
89527703-3d2e-4153-a3d1-05fafff5c248,EF67LP22,medium,English Language Arts,"Ciências Humanas e Sociais Aplicadas, Escuta, Fala, Pensamento e Imaginação, Geografia, História, Linguagens e suas Tecnologias, Língua Inglesa, Língua Portuguesa",ai_generated
6f75dc5f-66db-400f-83e0-93bb41edfd10,EF06LI10,high,English Language Arts,"Ciências Humanas e Sociais Aplicadas, Escuta, Fala, Pensamento e Imaginação, Geografia, História, Linguagens e suas Tecnologias, Língua Inglesa, Língua Portuguesa",ai_generated
6517f8c4-b78d-4b91-ba7a-69a50943686e,EF04HI02,medium,English Language Arts,"Ciências Humanas e Sociais Aplicadas, Escuta, Fala, Pensamento e Imaginação, Geografia, História, Linguagens e suas Tecnologias, Língua Inglesa, Língua Portuguesa",ai_generated
a4b14744-fb87-433e-b5e1-4291630b588a,EF02GE07,low,English Language Arts,"Ciências Humanas e Sociais Aplicadas, Escuta, Fala, Pensamento e Imaginação, Geografia, História, Linguagens e suas Tecnologias, Língua Inglesa, Língua Portuguesa",ai_generated
00e0227a-64aa-4936-9463-b6fa33e4e893,EF69LP34,medium,English Language Arts,"Ciências Humanas e Sociais Aplicadas, Escuta, Fala, Pensamento e Imaginação, Geografia, História, Linguagens e suas Tecnologias, Língua Inglesa, Língua Portuguesa",ai_generated
f0a50a72-5f04-4661-81a9-03e04922046c,EF03GE06,low,English Language Arts,"Ciências Humanas e Sociais Aplicadas, Escuta, Fala, Pensamento e Imaginação, Geografia, História, Linguagens e suas Tecnologias, Língua Inglesa, Língua Portuguesa",ai_generated
d518fe99-9437-4d76-a2c9-d948bedfa970,EF03GE07,low,English Language Arts,"Ciências Humanas e Sociais Aplicadas, Escuta, Fala, Pensamento e Imaginação, Geografia, História, Linguagens e suas Tecnologias, Língua Inglesa, Língua Portuguesa",ai_generated
b4ac6073-5d0a-47ee-ac12-ec0a9f7fa34b,EF35LP07,high,English Language Arts,"Ciências Humanas e Sociais Aplicadas, Escuta, Fala, Pensamento e Imaginação, Geografia, História, Linguagens e suas Tecnologias, Língua Inglesa, Língua Portuguesa",ai_generated
23cbf16a-ad30-488f-86e5-095f2c862c60,EF02HI06,medium,English Language Arts,"Ciências Humanas e Sociais Aplicadas, Escuta, Fala, Pensamento e Imaginação, Geografia, História, Linguagens e suas Tecnologias, Língua Inglesa, Língua Portuguesa",ai_generated
025c6aa0-440e-43a1-8213-8ab9f03dc964,EF12LP01,high,English Language Arts,"Ciências Humanas e Sociais Aplicadas, Escuta, Fala, Pensamento e Imaginação, Geografia, História, Linguagens e suas Tecnologias, Língua Inglesa, Língua Portuguesa",ai_generated
4de91def-64ff-4e6a-b40c-0e26134c2eb2,EF03LP02,medium,English Language Arts,"Ciências Humanas e Sociais Aplicadas, Escuta, Fala, Pensamento e Imaginação, Geografia, História, Linguagens e suas Tecnologias, Língua Inglesa, Língua Portuguesa",ai_generated
cd42ec57-2195-40b9-88ee-35e466a2a308,EF35LP25,high,English Language Arts,"Ciências Humanas e Sociais Aplicadas, Escuta, Fala, Pensamento e Imaginação, Geografia, História, Linguagens e suas Tecnologias, Língua Inglesa, Língua Portuguesa",ai_generated
c5499d8d-4f07-46fe-a250-1c8e4058d1e2,EM13LP02,medium,English Language Arts,"Ciências Humanas e Sociais Aplicadas, Escuta, Fala, Pensamento e Imaginação, Geografia, História, Linguagens e suas Tecnologias, Língua Inglesa, Língua Portuguesa",ai_generated
67a53316-0998-4a75-adc0-c4225f4fb889,EF01LP02,medium,English Language Arts,"Ciências Humanas e Sociais Aplicadas, Escuta, Fala, Pensamento e Imaginação, Geografia, História, Linguagens e suas Tecnologias, Língua Inglesa, Língua Portuguesa",ai_generated
30291368-8373-4c96-b728-546b2c5a04c6,EF01LP14,high,English Language Arts,"Ciências Humanas e Sociais Aplicadas, Escuta, Fala, Pensamento e Imaginação, Geografia, História, Linguagens e suas Tecnologias, Língua Inglesa, Língua Portuguesa",ai_generated
2d58fd1e-4d00-429e-8f6f-50dd9b98af63,EF07LI23,medium,English Language Arts,"Ciências Humanas e Sociais Aplicadas, Escuta, Fala, Pensamento e Imaginação, Geografia, História, Linguagens e suas Tecnologias, Língua Inglesa, Língua Portuguesa",ai_generated
bb43ac94-4c1f-405c-9541-c12d9cd16f75,EF69LP55,medium,English Language Arts,"Ciências Humanas e Sociais Aplicadas, Escuta, Fala, Pensamento e Imaginação, Geografia, História, Linguagens e suas Tecnologias, Língua Inglesa, Língua Portuguesa",ai_generated
d8e3d994-024b-4e85-9c13-d516f52eaea9,EF03LP07,high,English Language Arts,"Ciências Humanas e Sociais Aplicadas, Escuta, Fala, Pensamento e Imaginação, Geografia, História, Linguagens e suas Tecnologias, Língua Inglesa, Língua Portuguesa",ai_generated
e4de3f11-06db-468a-85f3-8c9359f83cde,EF01LP02,high,English Language Arts,"Ciências Humanas e Sociais Aplicadas, Escuta, Fala, Pensamento e Imaginação, Geografia, História, Linguagens e suas Tecnologias, Língua Inglesa, Língua Portuguesa",ai_generated
13b51b50-95e5-4ddb-801c-e1c5daf2b8b4,EF01LP02,medium,English Language Arts,"Ciências Humanas e Sociais Aplicadas, Escuta, Fala, Pensamento e Imaginação, Geografia, História, Linguagens e suas Tecnologias, Língua Inglesa, Língua Portuguesa",ai_generated
3ada34e8-5c1d-4e00-8a48-a3680516d4b0,EM13LP50,medium,English Language Arts,"Ciências Humanas e Sociais Aplicadas, Escuta, Fala, Pensamento e Imaginação, Geografia, História, Linguagens e suas Tecnologias, Língua Inglesa, Língua Portuguesa",ai_generated
81a0164d-9e9c-4c8c-8b2a-1a9181d35d0a,EM13LP50,medium,English Language Arts,"Ciências Humanas e Sociais Aplicadas, Escuta, Fala, Pensamento e Imaginação, Geografia, História, Linguagens e suas Tecnologias, Língua Inglesa, Língua Portuguesa",ai_generated
db6600f8-ca39-47d1-8882-d3696cd5a72c,EM13LP04,medium,English Language Arts,"Ciências Humanas e Sociais Aplicadas, Escuta, Fala, Pensamento e Imaginação, Geografia, História, Linguagens e suas Tecnologias, Língua Inglesa, Língua Portuguesa",ai_generated
3430bcdc-45c8-4bca-8567-837bf9ce5ce5,EM13LP03,medium,English Language Arts,"Ciências Humanas e Sociais Aplicadas, Escuta, Fala, Pensamento e Imaginação, Geografia, História, Linguagens e suas Tecnologias, Língua Inglesa, Língua Portuguesa",ai_generated
155843d4-242d-48e0-ab27-8380cea99e69,EF67LP06,high,English Language Arts,"Ciências Humanas e Sociais Aplicadas, Escuta, Fala, Pensamento e Imaginação, Geografia, História, Linguagens e suas Tecnologias, Língua Inglesa, Língua Portuguesa",ai_generated
76d2a637-b7dd-4dac-a18e-85995c1128cf,EF69LP19,high,English Language Arts,"Ciências Humanas e Sociais Aplicadas, Escuta, Fala, Pensamento e Imaginação, Geografia, História, Linguagens e suas Tecnologias, Língua Inglesa, Língua Portuguesa",ai_generated
f7b49564-d27d-43f3-9bbd-621b426c2628,EF69LP12,medium,English Language Arts,"Ciências Humanas e Sociais Aplicadas, Escuta, Fala, Pensamento e Imaginação, Geografia, História, Linguagens e suas Tecnologias, Língua Inglesa, Língua Portuguesa",ai_generated
92dcbdfd-7a8a-4e86-961b-931250d2f1d4,EF89LP10,high,English Language Arts,"Ciências Humanas e Sociais Aplicadas, Escuta, Fala, Pensamento e Imaginação, Geografia, História, Linguagens e suas Tecnologias, Língua Inglesa, Língua Portuguesa",ai_generated
cd9ed376-0336-4345-bf33-edf5240af998,EF67LP04,high,English Language Arts,"Ciências Humanas e Sociais Aplicadas, Escuta, Fala, Pensamento e Imaginação, Geografia, História, Linguagens e suas Tecnologias, Língua Inglesa, Língua Portuguesa",ai_generated
bf5e702f-12bc-4bf7-b1cd-12018bf7bc65,EF69LP11,medium,English Language Arts,"Ciências Humanas e Sociais Aplicadas, Escuta, Fala, Pensamento e Imaginação, Geografia, História, Linguagens e suas Tecnologias, Língua Inglesa, Língua Portuguesa",ai_generated
6fb6ab03-0005-47cd-a5e0-0d06264663d7,EF35LP01,high,English Language Arts,"Ciências Humanas e Sociais Aplicadas, Escuta, Fala, Pensamento e Imaginação, Geografia, História, Linguagens e suas Tecnologias, Língua Inglesa, Língua Portuguesa",ai_generated
964ff78a-1adc-4a48-8a29-93af2f6d9233,EF15LP03,medium,English Language Arts,"Ciências Humanas e Sociais Aplicadas, Escuta, Fala, Pensamento e Imaginação, Geografia, História, Linguagens e suas Tecnologias, Língua Inglesa, Língua Portuguesa",ai_generated
7096d108-4b9f-4c36-8c56-532417c4dd59,EF89LP37,medium,English Language Arts,"Ciências Humanas e Sociais Aplicadas, Escuta, Fala, Pensamento e Imaginação, Geografia, História, Linguagens e suas Tecnologias, Língua Inglesa, Língua Portuguesa",ai_generated
1ec1aac0-d262-4c01-bee7-e9eb714a48f9,EF89LP37,medium,English Language Arts,"Ciências Humanas e Sociais Aplicadas, Escuta, Fala, Pensamento e Imaginação, Geografia, História, Linguagens e suas Tecnologias, Língua Inglesa, Língua Portuguesa",ai_generated
97d03820-6c63-4e8d-b8e3-5850108e08ad,EF89LP37,high,English Language Arts,"Ciências Humanas e Sociais Aplicadas, Escuta, Fala, Pensamento e Imaginação, Geografia, História, Linguagens e suas Tecnologias, Língua Inglesa, Língua Portuguesa",ai_generated
091068e5-bb31-42f8-b1bd-435fb9771586,EM13CHS103,medium,English Language Arts,"Ciências Humanas e Sociais Aplicadas, Escuta, Fala, Pensamento e Imaginação, Geografia, História, Linguagens e suas Tecnologias, Língua Inglesa, Língua Portuguesa",ai_generated
9c39042f-21e8-4025-8e23-197490605c34,EF69LP31,medium,English Language Arts,"Ciências Humanas e Sociais Aplicadas, Escuta, Fala, Pensamento e Imaginação, Geografia, História, Linguagens e suas Tecnologias, Língua Inglesa, Língua Portuguesa",ai_generated
29f0b84d-9bee-420f-b9e7-e857dc8ae9ee,EF35LP06,medium,English Language Arts,"Ciências Humanas e Sociais Aplicadas, Escuta, Fala, Pensamento e Imaginação, Geografia, História, Linguagens e suas Tecnologias, Língua Inglesa, Língua Portuguesa",ai_generated
9262dfc6-a715-470d-b1be-e90989adc0ae,EF01HI02,medium,English Language Arts,"Ciências Humanas e Sociais Aplicadas, Escuta, Fala, Pensamento e Imaginação, Geografia, História, Linguagens e suas Tecnologias, Língua Inglesa, Língua Portuguesa",ai_generated
14fe2402-dfc5-4652-b2c8-de8e9b8f8c27,EF35LP19,medium,English Language Arts,"Ciências Humanas e Sociais Aplicadas, Escuta, Fala, Pensamento e Imaginação, Geografia, História, Linguagens e suas Tecnologias, Língua Inglesa, Língua Portuguesa",ai_generated
a14fa37e-bd86-4ca5-a01c-23ceb16fe974,EF69LP04,medium,English Language Arts,"Ciências Humanas e Sociais Aplicadas, Escuta, Fala, Pensamento e Imaginação, Geografia, História, Linguagens e suas Tecnologias, Língua Inglesa, Língua Portuguesa",ai_generated
19fc2f8c-b292-48ea-a2ec-5657301119ed,EF89LP22,medium,English Language Arts,"Ciências Humanas e Sociais Aplicadas, Escuta, Fala, Pensamento e Imaginação, Geografia, História, Linguagens e suas Tecnologias, Língua Inglesa, Língua Portuguesa",ai_generated
0fc9bf46-5774-4e25-9ced-19c702dd8d95,EF69LP35,medium,English Language Arts,"Ciências Humanas e Sociais Aplicadas, Escuta, Fala, Pensamento e Imaginação, Geografia, História, Linguagens e suas Tecnologias, Língua Inglesa, Língua Portuguesa",ai_generated
87b980c4-69e2-4186-ad15-e4e56569a946,EM13LP05,high,English Language Arts,"Ciências Humanas e Sociais Aplicadas, Escuta, Fala, Pensamento e Imaginação, Geografia, História, Linguagens e suas Tecnologias, Língua Inglesa, Língua Portuguesa",ai_generated
e9fb917c-3148-4b7d-9d5a-8a8822ce145f,EF89LP14,medium,English Language Arts,"Ciências Humanas e Sociais Aplicadas, Escuta, Fala, Pensamento e Imaginação, Geografia, História, Linguagens e suas Tecnologias, Língua Inglesa, Língua Portuguesa",ai_generated
feb06512-0b85-4207-a939-1b0d4986c265,EF67LP06,high,English Language Arts,"Ciências Humanas e Sociais Aplicadas, Escuta, Fala, Pensamento e Imaginação, Geografia, História, Linguagens e suas Tecnologias, Língua Inglesa, Língua Portuguesa",ai_generated
bf9d4354-b976-4dee-ba17-15228815b90c,EF35LP13,medium,English Language Arts,"Ciências Humanas e Sociais Aplicadas, Escuta, Fala, Pensamento e Imaginação, Geografia, História, Linguagens e suas Tecnologias, Língua Inglesa, Língua Portuguesa",ai_generated
0e45e1a9-8ee9-456c-b96a-d564ffbf8060,EF03LP05,medium,English Language Arts,"Ciências Humanas e Sociais Aplicadas, Escuta, Fala, Pensamento e Imaginação, Geografia, História, Linguagens e suas Tecnologias, Língua Inglesa, Língua Portuguesa",ai_generated
598c2a4e-6ce3-4687-abbf-6a6b0046f34b,EF02LP02,medium,English Language Arts,"Ciências Humanas e Sociais Aplicadas, Escuta, Fala, Pensamento e Imaginação, Geografia, História, Linguagens e suas Tecnologias, Língua Inglesa, Língua Portuguesa",ai_generated
870759bb-9561-4276-91df-d33be4a62f3f,EF02LP02,medium,English Language Arts,"Ciências Humanas e Sociais Aplicadas, Escuta, Fala, Pensamento e Imaginação, Geografia, História, Linguagens e suas Tecnologias, Língua Inglesa, Língua Portuguesa",ai_generated
aaff6a27-cf9f-476b-9680-35022c761706,EF67LP24,high,English Language Arts,"Ciências Humanas e Sociais Aplicadas, Escuta, Fala, Pensamento e Imaginação, Geografia, História, Linguagens e suas Tecnologias, Língua Inglesa, Língua Portuguesa",ai_generated
643c2198-91c6-4687-8e32-aa817303b482,EF67LP30,medium,English Language Arts,"Ciências Humanas e Sociais Aplicadas, Escuta, Fala, Pensamento e Imaginação, Geografia, História, Linguagens e suas Tecnologias, Língua Inglesa, Língua Portuguesa",ai_generated
18e9a53d-1141-48c7-bddb-54eb75d8b6d1,EF03LP08,high,English Language Arts,"Ciências Humanas e Sociais Aplicadas, Escuta, Fala, Pensamento e Imaginação, Geografia, História, Linguagens e suas Tecnologias, Língua Inglesa, Língua Portuguesa",ai_generated
0d4bf2c6-70f6-4269-9d58-74a9ca5f5366,EF69LP29,medium,English Language Arts,"Ciências Humanas e Sociais Aplicadas, Escuta, Fala, Pensamento e Imaginação, Geografia, História, Linguagens e suas Tecnologias, Língua Inglesa, Língua Portuguesa",ai_generated
e8dcd8b0-61ad-49e2-8f1c-fbec7197f02e,EM13LP35,medium,English Language Arts,"Ciências Humanas e Sociais Aplicadas, Escuta, Fala, Pensamento e Imaginação, Geografia, História, Linguagens e suas Tecnologias, Língua Inglesa, Língua Portuguesa",ai_generated
a6a1fc00-2b8e-464c-ac2e-cfc44c688d00,EF03LP09,high,English Language Arts,"Ciências Humanas e Sociais Aplicadas, Escuta, Fala, Pensamento e Imaginação, Geografia, História, Linguagens e suas Tecnologias, Língua Inglesa, Língua Portuguesa",ai_generated
9a1c4351-cf49-4ae1-ac6a-e4863e2cb0fe,EF03LP09,high,English Language Arts,"Ciências Humanas e Sociais Aplicadas, Escuta, Fala, Pensamento e Imaginação, Geografia, História, Linguagens e suas Tecnologias, Língua Inglesa, Língua Portuguesa",ai_generated
0a57d262-52af-4e9c-b08a-a0bcabbdbf65,EF89LP33,high,English Language Arts,"Ciências Humanas e Sociais Aplicadas, Escuta, Fala, Pensamento e Imaginação, Geografia, História, Linguagens e suas Tecnologias, Língua Inglesa, Língua Portuguesa",ai_generated
b81547c1-f7ed-4fef-b5b0-1ddf9b0946eb,EM13LP50,high,English Language Arts,"Ciências Humanas e Sociais Aplicadas, Escuta, Fala, Pensamento e Imaginação, Geografia, História, Linguagens e suas Tecnologias, Língua Inglesa, Língua Portuguesa",ai_generated
86adc04f-d656-4406-90f2-5978801a6ea4,EM13LP52,high,English Language Arts,"Ciências Humanas e Sociais Aplicadas, Escuta, Fala, Pensamento e Imaginação, Geografia, História, Linguagens e suas Tecnologias, Língua Inglesa, Língua Portuguesa",ai_generated
f7f830ff-eaff-4300-8d3a-fe857f580eb3,EM13LP48,medium,English Language Arts,"Ciências Humanas e Sociais Aplicadas, Escuta, Fala, Pensamento e Imaginação, Geografia, História, Linguagens e suas Tecnologias, Língua Inglesa, Língua Portuguesa",ai_generated
d9c63335-616e-44a0-8ec2-927234f56749,EF35LP07,high,English Language Arts,"Ciências Humanas e Sociais Aplicadas, Escuta, Fala, Pensamento e Imaginação, Geografia, História, Linguagens e suas Tecnologias, Língua Inglesa, Língua Portuguesa",ai_generated
f592d996-b4e4-4a79-955e-4d7e176ec1f7,EM13CHS101,medium,English Language Arts,"Ciências Humanas e Sociais Aplicadas, Escuta, Fala, Pensamento e Imaginação, Geografia, História, Linguagens e suas Tecnologias, Língua Inglesa, Língua Portuguesa",ai_generated
6dd0dfd1-2a4c-4b9c-9833-2370e791e3c6,EF89LP03,medium,English Language Arts,"Ciências Humanas e Sociais Aplicadas, Escuta, Fala, Pensamento e Imaginação, Geografia, História, Linguagens e suas Tecnologias, Língua Inglesa, Língua Portuguesa",ai_generated
21364746-9fb0-45a8-bbe9-dd31200b4a8c,EF03HI02,medium,English Language Arts,"Ciências Humanas e Sociais Aplicadas, Escuta, Fala, Pensamento e Imaginação, Geografia, História, Linguagens e suas Tecnologias, Língua Inglesa, Língua Portuguesa",ai_generated
5ac120dc-1824-4fd8-86d5-f5509ff3c8f6,EF67LP04,medium,English Language Arts,"Ciências Humanas e Sociais Aplicadas, Escuta, Fala, Pensamento e Imaginação, Geografia, História, Linguagens e suas Tecnologias, Língua Inglesa, Língua Portuguesa",ai_generated
930ac5aa-6c66-4016-9398-1ea72cbcfaa6,EF67LP37,medium,English Language Arts,"Ciências Humanas e Sociais Aplicadas, Escuta, Fala, Pensamento e Imaginação, Geografia, História, Linguagens e suas Tecnologias, Língua Inglesa, Língua Portuguesa",ai_generated
02e13700-076c-4d3e-bb10-c97302233387,EF35LP03,high,English Language Arts,"Ciências Humanas e Sociais Aplicadas, Escuta, Fala, Pensamento e Imaginação, Geografia, História, Linguagens e suas Tecnologias, Língua Inglesa, Língua Portuguesa",ai_generated
cf8a4eb9-de18-42b6-acc3-0cdd3e995182,EF89LP06,medium,English Language Arts,"Ciências Humanas e Sociais Aplicadas, Escuta, Fala, Pensamento e Imaginação, Geografia, História, Linguagens e suas Tecnologias, Língua Inglesa, Língua Portuguesa",ai_generated
16e89c66-cd61-456d-baee-3cc7e5e55b94,EF89LP06,medium,English Language Arts,"Ciências Humanas e Sociais Aplicadas, Escuta, Fala, Pensamento e Imaginação, Geografia, História, Linguagens e suas Tecnologias, Língua Inglesa, Língua Portuguesa",ai_generated
66ec5f23-8dd9-4eb3-82e6-ceef201d4a0d,EF69LP08,high,English Language Arts,"Ciências Humanas e Sociais Aplicadas, Escuta, Fala, Pensamento e Imaginação, Geografia, História, Linguagens e suas Tecnologias, Língua Inglesa, Língua Portuguesa",ai_generated
6a20dc8e-a391-441c-8c8a-d29ca35afe7d,EF89LP12,medium,English Language Arts,"Ciências Humanas e Sociais Aplicadas, Escuta, Fala, Pensamento e Imaginação, Geografia, História, Linguagens e suas Tecnologias, Língua Inglesa, Língua Portuguesa",ai_generated
c9c2f0a3-ed2c-4d18-90ea-7a25553158bb,EF35LP17,medium,English Language Arts,"Ciências Humanas e Sociais Aplicadas, Escuta, Fala, Pensamento e Imaginação, Geografia, História, Linguagens e suas Tecnologias, Língua Inglesa, Língua Portuguesa",ai_generated
583a546e-f830-4d55-81eb-66ca3285ed57,EF05LP24,medium,English Language Arts,"Ciências Humanas e Sociais Aplicadas, Escuta, Fala, Pensamento e Imaginação, Geografia, História, Linguagens e suas Tecnologias, Língua Inglesa, Língua Portuguesa",ai_generated
3f309797-5bf7-4ae4-bb18-75432d76d73a,EF35LP18,medium,English Language Arts,"Ciências Humanas e Sociais Aplicadas, Escuta, Fala, Pensamento e Imaginação, Geografia, História, Linguagens e suas Tecnologias, Língua Inglesa, Língua Portuguesa",ai_generated
5ea2dfae-c7f9-498e-a4c8-8b9daae16fcc,EF69LP30,medium,English Language Arts,"Ciências Humanas e Sociais Aplicadas, Escuta, Fala, Pensamento e Imaginação, Geografia, História, Linguagens e suas Tecnologias, Língua Inglesa, Língua Portuguesa",ai_generated
6da6bb28-0b56-45d9-9005-7b3ddecb4bc1,EF35LP21,medium,English Language Arts,"Ciências Humanas e Sociais Aplicadas, Escuta, Fala, Pensamento e Imaginação, Geografia, História, Linguagens e suas Tecnologias, Língua Inglesa, Língua Portuguesa",ai_generated
2e960f0e-24e2-4583-8a94-4cb10009a18b,EF05LP02,medium,English Language Arts,"Ciências Humanas e Sociais Aplicadas, Escuta, Fala, Pensamento e Imaginação, Geografia, História, Linguagens e suas Tecnologias, Língua Inglesa, Língua Portuguesa",ai_generated
80206c8b-ebc8-41cc-aeeb-387fdb0df304,EF05LP24,medium,English Language Arts,"Ciências Humanas e Sociais Aplicadas, Escuta, Fala, Pensamento e Imaginação, Geografia, História, Linguagens e suas Tecnologias, Língua Inglesa, Língua Portuguesa",ai_generated
bd6e8217-b2a0-4a1f-8ea3-7a53dca605b5,EF01LP14,medium,English Language Arts,"Ciências Humanas e Sociais Aplicadas, Escuta, Fala, Pensamento e Imaginação, Geografia, História, Linguagens e suas Tecnologias, Língua Inglesa, Língua Portuguesa",ai_generated
4d1daa46-8b5c-4b74-900d-e5d5d6a2cadc,EF01LP15,medium,English Language Arts,"Ciências Humanas e Sociais Aplicadas, Escuta, Fala, Pensamento e Imaginação, Geografia, História, Linguagens e suas Tecnologias, Língua Inglesa, Língua Portuguesa",ai_generated
eb219182-1649-4fc7-8c1b-ddf8eaf7a028,EF01LP15,medium,English Language Arts,"Ciências Humanas e Sociais Aplicadas, Escuta, Fala, Pensamento e Imaginação, Geografia, História, Linguagens e suas Tecnologias, Língua Inglesa, Língua Portuguesa",ai_generated
aeb09d98-dd9d-4523-a412-96a5bd7f3403,EF67LP32,medium,English Language Arts,"Ciências Humanas e Sociais Aplicadas, Escuta, Fala, Pensamento e Imaginação, Geografia, História, Linguagens e suas Tecnologias, Língua Inglesa, Língua Portuguesa",ai_generated
c064ae4f-e8b1-4fbd-8203-ef708a96c25a,EF15LP01,medium,English Language Arts,"Ciências Humanas e Sociais Aplicadas, Escuta, Fala, Pensamento e Imaginação, Geografia, História, Linguagens e suas Tecnologias, Língua Inglesa, Língua Portuguesa",ai_generated
c74c0f75-efdc-4697-8ccc-6173b0dc9f8e,EF07LP01,medium,English Language Arts,"Ciências Humanas e Sociais Aplicadas, Escuta, Fala, Pensamento e Imaginação, Geografia, História, Linguagens e suas Tecnologias, Língua Inglesa, Língua Portuguesa",ai_generated
243bf83c-afa2-411c-bd49-e6e1c343d2b6,EF07LP01,medium,English Language Arts,"Ciências Humanas e Sociais Aplicadas, Escuta, Fala, Pensamento e Imaginação, Geografia, História, Linguagens e suas Tecnologias, Língua Inglesa, Língua Portuguesa",ai_generated
52eb55e9-0570-47da-801c-c4136aecf443,EF07LP01,medium,English Language Arts,"Ciências Humanas e Sociais Aplicadas, Escuta, Fala, Pensamento e Imaginação, Geografia, História, Linguagens e suas Tecnologias, Língua Inglesa, Língua Portuguesa",ai_generated
33bf738c-d659-411b-b17b-eb0b6aebe6d5,EF35LP05,high,English Language Arts,"Ciências Humanas e Sociais Aplicadas, Escuta, Fala, Pensamento e Imaginação, Geografia, História, Linguagens e suas Tecnologias, Língua Inglesa, Língua Portuguesa",ai_generated
272c304c-4c63-46dd-b334-391b80a7f66a,EF06LP06,medium,English Language Arts,"Ciências Humanas e Sociais Aplicadas, Escuta, Fala, Pensamento e Imaginação, Geografia, História, Linguagens e suas Tecnologias, Língua Inglesa, Língua Portuguesa",ai_generated
7094a379-5aa4-41e1-8603-410712508f12,EF03LP08,high,English Language Arts,"Ciências Humanas e Sociais Aplicadas, Escuta, Fala, Pensamento e Imaginação, Geografia, História, Linguagens e suas Tecnologias, Língua Inglesa, Língua Portuguesa",ai_generated
6c1bd38c-9abe-4afb-992b-c334a1f2094c,EF06LP09,medium,English Language Arts,"Ciências Humanas e Sociais Aplicadas, Escuta, Fala, Pensamento e Imaginação, Geografia, História, Linguagens e suas Tecnologias, Língua Inglesa, Língua Portuguesa",ai_generated
e516a179-ce46-4b16-8c33-20f749eff7b9,EF03LP08,medium,English Language Arts,"Ciências Humanas e Sociais Aplicadas, Escuta, Fala, Pensamento e Imaginação, Geografia, História, Linguagens e suas Tecnologias, Língua Inglesa, Língua Portuguesa",ai_generated
e8fc575b-f855-4928-9b4b-4eea2abbe561,EF67LP20,high,English Language Arts,"Ciências Humanas e Sociais Aplicadas, Escuta, Fala, Pensamento e Imaginação, Geografia, História, Linguagens e suas Tecnologias, Língua Inglesa, Língua Portuguesa",ai_generated
05635f05-b96f-4036-bced-90edc26592c2,EF08LP08,high,English Language Arts,"Ciências Humanas e Sociais Aplicadas, Escuta, Fala, Pensamento e Imaginação, Geografia, História, Linguagens e suas Tecnologias, Língua Inglesa, Língua Portuguesa",ai_generated
1225d241-3e8c-48cd-a70b-b6715e42b6da,EF67LP20,high,English Language Arts,"Ciências Humanas e Sociais Aplicadas, Escuta, Fala, Pensamento e Imaginação, Geografia, História, Linguagens e suas Tecnologias, Língua Inglesa, Língua Portuguesa",ai_generated
420fb293-e9b7-40db-b96b-39581a6cedb4,EF01LP07,high,English Language Arts,"Ciências Humanas e Sociais Aplicadas, Escuta, Fala, Pensamento e Imaginação, Geografia, História, Linguagens e suas Tecnologias, Língua Inglesa, Língua Portuguesa",ai_generated
de23f4fd-e931-4da9-b1f2-412d2f45116d,EF35LP22,medium,English Language Arts,"Ciências Humanas e Sociais Aplicadas, Escuta, Fala, Pensamento e Imaginação, Geografia, História, Linguagens e suas Tecnologias, Língua Inglesa, Língua Portuguesa",ai_generated
934cccf4-5bf6-4e15-ba5b-5ca860049f8a,EF06LP08,medium,English Language Arts,"Ciências Humanas e Sociais Aplicadas, Escuta, Fala, Pensamento e Imaginação, Geografia, História, Linguagens e suas Tecnologias, Língua Inglesa, Língua Portuguesa",ai_generated
ca412e4b-3e86-4751-9218-e00dc10157ca,EF09LI16,medium,English Language Arts,"Ciências Humanas e Sociais Aplicadas, Escuta, Fala, Pensamento e Imaginação, Geografia, História, Linguagens e suas Tecnologias, Língua Inglesa, Língua Portuguesa",ai_generated
5928323c-927b-4d23-90e4-849e34080ace,EF06LI20,high,English Language Arts,"Ciências Humanas e Sociais Aplicadas, Escuta, Fala, Pensamento e Imaginação, Geografia, História, Linguagens e suas Tecnologias, Língua Inglesa, Língua Portuguesa",ai_generated
41818481-d727-4251-9e46-633786b49286,EF08LI17,high,English Language Arts,"Ciências Humanas e Sociais Aplicadas, Escuta, Fala, Pensamento e Imaginação, Geografia, História, Linguagens e suas Tecnologias, Língua Inglesa, Língua Portuguesa",ai_generated
05132ab7-0911-4823-a790-d4b94942e311,EF35LP14,medium,English Language Arts,"Ciências Humanas e Sociais Aplicadas, Escuta, Fala, Pensamento e Imaginação, Geografia, História, Linguagens e suas Tecnologias, Língua Inglesa, Língua Portuguesa",ai_generated
76096322-55fc-42f9-8844-27b42236baa2,EF67LP33,medium,English Language Arts,"Ciências Humanas e Sociais Aplicadas, Escuta, Fala, Pensamento e Imaginação, Geografia, História, Linguagens e suas Tecnologias, Língua Inglesa, Língua Portuguesa",ai_generated
587b1b58-c338-491e-8543-49492d4c033a,EF06LP10,medium,English Language Arts,"Ciências Humanas e Sociais Aplicadas, Escuta, Fala, Pensamento e Imaginação, Geografia, História, Linguagens e suas Tecnologias, Língua Inglesa, Língua Portuguesa",ai_generated
4726067a-c6a7-426c-88f6-52965e357afb,EF67LP22,high,English Language Arts,"Ciências Humanas e Sociais Aplicadas, Escuta, Fala, Pensamento e Imaginação, Geografia, História, Linguagens e suas Tecnologias, Língua Inglesa, Língua Portuguesa",ai_generated
05754497-7b9c-4bff-88f2-52b9cb78871e,EF89LP24,high,English Language Arts,"Ciências Humanas e Sociais Aplicadas, Escuta, Fala, Pensamento e Imaginação, Geografia, História, Linguagens e suas Tecnologias, Língua Inglesa, Língua Portuguesa",ai_generated
6f3cc261-8b9b-49af-ab9f-3619d8402912,EM13LP31,medium,English Language Arts,"Ciências Humanas e Sociais Aplicadas, Escuta, Fala, Pensamento e Imaginação, Geografia, História, Linguagens e suas Tecnologias, Língua Inglesa, Língua Portuguesa",ai_generated
176ed055-11d7-4313-8581-67f030303f6c,EM13LP31,medium,English Language Arts,"Ciências Humanas e Sociais Aplicadas, Escuta, Fala, Pensamento e Imaginação, Geografia, História, Linguagens e suas Tecnologias, Língua Inglesa, Língua Portuguesa",ai_generated
5066ec23-9e6b-494d-8b5d-ea74aa1cb4a4,EM13LP31,medium,English Language Arts,"Ciências Humanas e Sociais Aplicadas, Escuta, Fala, Pensamento e Imaginação, Geografia, História, Linguagens e suas Tecnologias, Língua Inglesa, Língua Portuguesa",ai_generated
0fb01cc7-3574-4a33-8bbb-39643cf04b15,EM13LP35,medium,English Language Arts,"Ciências Humanas e Sociais Aplicadas, Escuta, Fala, Pensamento e Imaginação, Geografia, História, Linguagens e suas Tecnologias, Língua Inglesa, Língua Portuguesa",ai_generated
d4f80a66-3d84-4efc-b936-031c2b385cf4,EM13LP35,medium,English Language Arts,"Ciências Humanas e Sociais Aplicadas, Escuta, Fala, Pensamento e Imaginação, Geografia, História, Linguagens e suas Tecnologias, Língua Inglesa, Língua Portuguesa",ai_generated
da806e53-6b92-4d78-8495-0738bca033a6,EF69LP41,medium,English Language Arts,"Ciências Humanas e Sociais Aplicadas, Escuta, Fala, Pensamento e Imaginação, Geografia, História, Linguagens e suas Tecnologias, Língua Inglesa, Língua Portuguesa",ai_generated
b78633bd-b495-4e6e-8b30-af21525f9bfe,EF69LP41,medium,English Language Arts,"Ciências Humanas e Sociais Aplicadas, Escuta, Fala, Pensamento e Imaginação, Geografia, História, Linguagens e suas Tecnologias, Língua Inglesa, Língua Portuguesa",ai_generated
4fdf8848-1800-4f81-aade-264f782904a8,EF69LP41,medium,English Language Arts,"Ciências Humanas e Sociais Aplicadas, Escuta, Fala, Pensamento e Imaginação, Geografia, História, Linguagens e suas Tecnologias, Língua Inglesa, Língua Portuguesa",ai_generated
4c84c6e0-5205-45c5-95a0-aa7bbd4af7f2,EF08LI15,medium,English Language Arts,"Ciências Humanas e Sociais Aplicadas, Escuta, Fala, Pensamento e Imaginação, Geografia, História, Linguagens e suas Tecnologias, Língua Inglesa, Língua Portuguesa",ai_generated
4c452447-564f-49d4-b59b-0be5b367867d,EF08LI15,medium,English Language Arts,"Ciências Humanas e Sociais Aplicadas, Escuta, Fala, Pensamento e Imaginação, Geografia, História, Linguagens e suas Tecnologias, Língua Inglesa, Língua Portuguesa",ai_generated
48f6c1d4-fe59-4ad3-bc2b-ef1eeaec1ca1,EM13LP34,medium,English Language Arts,"Ciências Humanas e Sociais Aplicadas, Escuta, Fala, Pensamento e Imaginação, Geografia, História, Linguagens e suas Tecnologias, Língua Inglesa, Língua Portuguesa",ai_generated
1718534e-e13f-4bec-8d16-7e47a89c33d6,EF35LP14,medium,English Language Arts,"Ciências Humanas e Sociais Aplicadas, Escuta, Fala, Pensamento e Imaginação, Geografia, História, Linguagens e suas Tecnologias, Língua Inglesa, Língua Portuguesa",ai_generated
ad57a76b-7c3f-4a5d-8307-a4d1148f8e12,EF09LP03,medium,English Language Arts,"Ciências Humanas e Sociais Aplicadas, Escuta, Fala, Pensamento e Imaginação, Geografia, História, Linguagens e suas Tecnologias, Língua Inglesa, Língua Portuguesa",ai_generated
5479e6f3-f35a-43cd-bd97-af63c813b92a,EF15LP05,medium,English Language Arts,"Ciências Humanas e Sociais Aplicadas, Escuta, Fala, Pensamento e Imaginação, Geografia, História, Linguagens e suas Tecnologias, Língua Inglesa, Língua Portuguesa",ai_generated
62af988a-ba7c-4089-a13f-bd681cc1adf5,EF67LP20,medium,English Language Arts,"Ciências Humanas e Sociais Aplicadas, Escuta, Fala, Pensamento e Imaginação, Geografia, História, Linguagens e suas Tecnologias, Língua Inglesa, Língua Portuguesa",ai_generated
2595850f-ee69-401b-8659-217d5a8e193a,EF69LP13,medium,English Language Arts,"Ciências Humanas e Sociais Aplicadas, Escuta, Fala, Pensamento e Imaginação, Geografia, História, Linguagens e suas Tecnologias, Língua Inglesa, Língua Portuguesa",ai_generated
64101ee2-6f22-4062-94eb-43ebb9b6d9b0,EM13LP34,medium,English Language Arts,"Ciências Humanas e Sociais Aplicadas, Escuta, Fala, Pensamento e Imaginação, Geografia, História, Linguagens e suas Tecnologias, Língua Inglesa, Língua Portuguesa",ai_generated
41aaabf6-5dd6-43ec-a508-d5da727224d6,EF07LP04,medium,English Language Arts,"Ciências Humanas e Sociais Aplicadas, Escuta, Fala, Pensamento e Imaginação, Geografia, História, Linguagens e suas Tecnologias, Língua Inglesa, Língua Portuguesa",ai_generated
b992a1bc-e3a8-4837-9d63-3b23a6651d9e,EF07LP04,medium,English Language Arts,"Ciências Humanas e Sociais Aplicadas, Escuta, Fala, Pensamento e Imaginação, Geografia, História, Linguagens e suas Tecnologias, Língua Inglesa, Língua Portuguesa",ai_generated
85c14068-5af6-4847-90ff-abb2879b8831,EF07LP05,medium,English Language Arts,"Ciências Humanas e Sociais Aplicadas, Escuta, Fala, Pensamento e Imaginação, Geografia, História, Linguagens e suas Tecnologias, Língua Inglesa, Língua Portuguesa",ai_generated
7b7fea2e-2ef5-4f9b-bb40-5f9221843092,EF89LP32,medium,English Language Arts,"Ciências Humanas e Sociais Aplicadas, Escuta, Fala, Pensamento e Imaginação, Geografia, História, Linguagens e suas Tecnologias, Língua Inglesa, Língua Portuguesa",ai_generated
0037b720-73ac-4be9-a5d4-e976b26d67ed,EF06LI17,medium,English Language Arts,"Ciências Humanas e Sociais Aplicadas, Escuta, Fala, Pensamento e Imaginação, Geografia, História, Linguagens e suas Tecnologias, Língua Inglesa, Língua Portuguesa",ai_generated
ffba4cb7-84b5-481b-bbc5-f8c4cd635134,EF09LI14,high,English Language Arts,"Ciências Humanas e Sociais Aplicadas, Escuta, Fala, Pensamento e Imaginação, Geografia, História, Linguagens e suas Tecnologias, Língua Inglesa, Língua Portuguesa",ai_generated
f5ed87f2-3160-4e40-ab58-cb40104bb1da,EF07LP10,medium,English Language Arts,"Ciências Humanas e Sociais Aplicadas, Escuta, Fala, Pensamento e Imaginação, Geografia, História, Linguagens e suas Tecnologias, Língua Inglesa, Língua Portuguesa",ai_generated
c8df6eb5-9647-4c1c-80f5-2062f8d32a83,EF67LP08,high,English Language Arts,"Ciências Humanas e Sociais Aplicadas, Escuta, Fala, Pensamento e Imaginação, Geografia, História, Linguagens e suas Tecnologias, Língua Inglesa, Língua Portuguesa",ai_generated
d5af46e8-7eda-47d1-99e0-7d2cf7cc7531,EF67LP08,medium,English Language Arts,"Ciências Humanas e Sociais Aplicadas, Escuta, Fala, Pensamento e Imaginação, Geografia, História, Linguagens e suas Tecnologias, Língua Inglesa, Língua Portuguesa",ai_generated
4bac271d-e7bf-4a16-8a6a-be2495cb80a7,EF06LP08,high,English Language Arts,"Ciências Humanas e Sociais Aplicadas, Escuta, Fala, Pensamento e Imaginação, Geografia, História, Linguagens e suas Tecnologias, Língua Inglesa, Língua Portuguesa",ai_generated
81860016-41d3-45a9-8310-01982f2531ec,EF35LP13,medium,English Language Arts,"Ciências Humanas e Sociais Aplicadas, Escuta, Fala, Pensamento e Imaginação, Geografia, História, Linguagens e suas Tecnologias, Língua Inglesa, Língua Portuguesa",ai_generated
5b2b7d84-92b7-4ffc-bf4a-ceb8fd9f0955,EF08LI15,medium,English Language Arts,"Ciências Humanas e Sociais Aplicadas, Escuta, Fala, Pensamento e Imaginação, Geografia, História, Linguagens e suas Tecnologias, Língua Inglesa, Língua Portuguesa",ai_generated
ea9e43e1-edc2-4374-af33-235fe51cc6ae,EF89LP37,medium,English Language Arts,"Ciências Humanas e Sociais Aplicadas, Escuta, Fala, Pensamento e Imaginação, Geografia, História, Linguagens e suas Tecnologias, Língua Inglesa, Língua Portuguesa",ai_generated
0e978aa9-31eb-4222-8467-e9d1e9f0acc9,EF04LP06,medium,English Language Arts,"Ciências Humanas e Sociais Aplicadas, Escuta, Fala, Pensamento e Imaginação, Geografia, História, Linguagens e suas Tecnologias, Língua Inglesa, Língua Portuguesa",ai_generated
5d29944a-d06c-46e4-b7b5-3ded1c5e26e3,EF35LP22,medium,English Language Arts,"Ciências Humanas e Sociais Aplicadas, Escuta, Fala, Pensamento e Imaginação, Geografia, História, Linguagens e suas Tecnologias, Língua Inglesa, Língua Portuguesa",ai_generated
80100f5f-0632-4331-8726-453d4895cd18,EF08LP03,medium,English Language Arts,"Ciências Humanas e Sociais Aplicadas, Escuta, Fala, Pensamento e Imaginação, Geografia, História, Linguagens e suas Tecnologias, Língua Inglesa, Língua Portuguesa",ai_generated
cc282c4f-3c8c-47cc-84b9-603d83719f54,EF09LP03,medium,English Language Arts,"Ciências Humanas e Sociais Aplicadas, Escuta, Fala, Pensamento e Imaginação, Geografia, História, Linguagens e suas Tecnologias, Língua Inglesa, Língua Portuguesa",ai_generated
85568bbe-bd80-4a0c-afb0-fbd9417b8645,EF89LP25,medium,English Language Arts,"Ciências Humanas e Sociais Aplicadas, Escuta, Fala, Pensamento e Imaginação, Geografia, História, Linguagens e suas Tecnologias, Língua Inglesa, Língua Portuguesa",ai_generated
232ef153-e6fc-4730-8685-c38ca630e221,EF69LP15,medium,English Language Arts,"Ciências Humanas e Sociais Aplicadas, Escuta, Fala, Pensamento e Imaginação, Geografia, História, Linguagens e suas Tecnologias, Língua Inglesa, Língua Portuguesa",ai_generated
3f5a6117-2d6a-445a-b0e3-da0193c72dea,EF89LP12,medium,English Language Arts,"Ciências Humanas e Sociais Aplicadas, Escuta, Fala, Pensamento e Imaginação, Geografia, História, Linguagens e suas Tecnologias, Língua Inglesa, Língua Portuguesa",ai_generated
f82b4c47-0407-4efd-8124-61a3b11d1b85,EF67LP05,medium,English Language Arts,"Ciências Humanas e Sociais Aplicadas, Escuta, Fala, Pensamento e Imaginação, Geografia, História, Linguagens e suas Tecnologias, Língua Inglesa, Língua Portuguesa",ai_generated
a6f9fc2f-2420-4fa7-befa-f6503dbc211a,EM13LGG104,low,English Language Arts,"Ciências Humanas e Sociais Aplicadas, Escuta, Fala, Pensamento e Imaginação, Geografia, História, Linguagens e suas Tecnologias, Língua Inglesa, Língua Portuguesa",ai_generated
9ac27933-790c-44bc-b03d-371c4865bf32,EF06LI08,medium,English Language Arts,"Ciências Humanas e Sociais Aplicadas, Escuta, Fala, Pensamento e Imaginação, Geografia, História, Linguagens e suas Tecnologias, Língua Inglesa, Língua Portuguesa",ai_generated
986ab22f-b243-423e-bde0-5da9b00011fc,EF06LI26,medium,English Language Arts,"Ciências Humanas e Sociais Aplicadas, Escuta, Fala, Pensamento e Imaginação, Geografia, História, Linguagens e suas Tecnologias, Língua Inglesa, Língua Portuguesa",ai_generated
d5e49ce8-13de-493f-9376-15e79b04581f,EF03HI03,medium,English Language Arts,"Ciências Humanas e Sociais Aplicadas, Escuta, Fala, Pensamento e Imaginação, Geografia, História, Linguagens e suas Tecnologias, Língua Inglesa, Língua Portuguesa",ai_generated
69a8cae3-3e77-4560-bd88-47334604b251,EM13CHS502,medium,English Language Arts,"Ciências Humanas e Sociais Aplicadas, Escuta, Fala, Pensamento e Imaginação, Geografia, História, Linguagens e suas Tecnologias, Língua Inglesa, Língua Portuguesa",ai_generated
3d90e81f-7710-4a77-8bd4-503ae5e7b9ab,EF69LP09,medium,English Language Arts,"Ciências Humanas e Sociais Aplicadas, Escuta, Fala, Pensamento e Imaginação, Geografia, História, Linguagens e suas Tecnologias, Língua Inglesa, Língua Portuguesa",ai_generated
fcac7c5a-8a04-4b04-a2dd-000be078d68d,EF06GE03,medium,English Language Arts,"Ciências Humanas e Sociais Aplicadas, Escuta, Fala, Pensamento e Imaginação, Geografia, História, Linguagens e suas Tecnologias, Língua Inglesa, Língua Portuguesa",ai_generated
ab05816c-6e40-4105-8448-6278e19ad8a0,EF06GE09,medium,English Language Arts,"Ciências Humanas e Sociais Aplicadas, Escuta, Fala, Pensamento e Imaginação, Geografia, História, Linguagens e suas Tecnologias, Língua Inglesa, Língua Portuguesa",ai_generated
c4046528-6168-4e1a-b431-9557cb149f04,EF12LP04,medium,English Language Arts,"Ciências Humanas e Sociais Aplicadas, Escuta, Fala, Pensamento e Imaginação, Geografia, História, Linguagens e suas Tecnologias, Língua Inglesa, Língua Portuguesa",ai_generated
e31da773-766b-4a62-a9a8-1a834237e2c7,EF06GE13,medium,English Language Arts,"Ciências Humanas e Sociais Aplicadas, Escuta, Fala, Pensamento e Imaginação, Geografia, História, Linguagens e suas Tecnologias, Língua Inglesa, Língua Portuguesa",ai_generated
22c71209-ce2f-4ee5-aab6-37bff3cd6c2f,EM13LP28,medium,English Language Arts,"Ciências Humanas e Sociais Aplicadas, Escuta, Fala, Pensamento e Imaginação, Geografia, História, Linguagens e suas Tecnologias, Língua Inglesa, Língua Portuguesa",ai_generated
0693f49b-628e-4f5c-a4d8-e2cc06feac2c,EF02GE03,medium,English Language Arts,"Ciências Humanas e Sociais Aplicadas, Escuta, Fala, Pensamento e Imaginação, Geografia, História, Linguagens e suas Tecnologias, Língua Inglesa, Língua Portuguesa",ai_generated
984b3742-c848-402d-a747-7cd85cd363d9,EF89LP27,medium,English Language Arts,"Ciências Humanas e Sociais Aplicadas, Escuta, Fala, Pensamento e Imaginação, Geografia, História, Linguagens e suas Tecnologias, Língua Inglesa, Língua Portuguesa",ai_generated
051b9f16-32b4-4a14-9af0-08f4893f3d8f,EF15LP15,medium,English Language Arts,"Ciências Humanas e Sociais Aplicadas, Escuta, Fala, Pensamento e Imaginação, Geografia, História, Linguagens e suas Tecnologias, Língua Inglesa, Língua Portuguesa",ai_generated
b1ee3d5a-28c8-4d3e-ae44-fbb5dcd83981,EF15LP14,medium,English Language Arts,"Ciências Humanas e Sociais Aplicadas, Escuta, Fala, Pensamento e Imaginação, Geografia, História, Linguagens e suas Tecnologias, Língua Inglesa, Língua Portuguesa",ai_generated
38260817-e8e4-44c5-8836-c9645113ac9d,EM13LGG301,low,English Language Arts,"Ciências Humanas e Sociais Aplicadas, Escuta, Fala, Pensamento e Imaginação, Geografia, História, Linguagens e suas Tecnologias, Língua Inglesa, Língua Portuguesa",ai_generated
64bd6fa6-b8b3-4d01-a092-6ec0fc360442,EF05LP23,medium,English Language Arts,"Ciências Humanas e Sociais Aplicadas, Escuta, Fala, Pensamento e Imaginação, Geografia, História, Linguagens e suas Tecnologias, Língua Inglesa, Língua Portuguesa",ai_generated
bc42fe36-8db2-4b4d-8030-eab17a89023c,EM13CHS103,medium,English Language Arts,"Ciências Humanas e Sociais Aplicadas, Escuta, Fala, Pensamento e Imaginação, Geografia, História, Linguagens e suas Tecnologias, Língua Inglesa, Língua Portuguesa",ai_generated
ff1d335f-3f4b-4ed5-bebc-b60a4cf2639c,EF06HI02,high,English Language Arts,"Ciências Humanas e Sociais Aplicadas, Escuta, Fala, Pensamento e Imaginação, Geografia, História, Linguagens e suas Tecnologias, Língua Inglesa, Língua Portuguesa",ai_generated
e1b2d904-4d87-46a0-8f9a-c3eb9132621e,EF03LP11,medium,English Language Arts,"Ciências Humanas e Sociais Aplicadas, Escuta, Fala, Pensamento e Imaginação, Geografia, História, Linguagens e suas Tecnologias, Língua Inglesa, Língua Portuguesa",ai_generated
f28cd3f7-456f-4e87-a7a8-d41c24113d60,EM13CHS202,medium,English Language Arts,"Ciências Humanas e Sociais Aplicadas, Escuta, Fala, Pensamento e Imaginação, Geografia, História, Linguagens e suas Tecnologias, Língua Inglesa, Língua Portuguesa",ai_generated
6445593c-6a48-4529-85b0-ef57a1b470ff,EM13LGG104,medium,English Language Arts,"Ciências Humanas e Sociais Aplicadas, Escuta, Fala, Pensamento e Imaginação, Geografia, História, Linguagens e suas Tecnologias, Língua Inglesa, Língua Portuguesa",ai_generated
9bf3af7f-72d8-42e1-8d6b-937d0d623d27,EM13LGG204,medium,English Language Arts,"Ciências Humanas e Sociais Aplicadas, Escuta, Fala, Pensamento e Imaginação, Geografia, História, Linguagens e suas Tecnologias, Língua Inglesa, Língua Portuguesa",ai_generated
d8c612ee-f882-4e2e-9d69-1cc4fdba39c9,EF09LI17,medium,English Language Arts,"Ciências Humanas e Sociais Aplicadas, Escuta, Fala, Pensamento e Imaginação, Geografia, História, Linguagens e suas Tecnologias, Língua Inglesa, Língua Portuguesa",ai_generated
aefe8e7e-c581-4ddc-b4c1-e27685c0855d,EF89LP16,medium,English Language Arts,"Ciências Humanas e Sociais Aplicadas, Escuta, Fala, Pensamento e Imaginação, Geografia, História, Linguagens e suas Tecnologias, Língua Inglesa, Língua Portuguesa",ai_generated
ed9d1bb6-fafd-4009-b583-60f56fde2fe1,EF04GE08,medium,English Language Arts,"Ciências Humanas e Sociais Aplicadas, Escuta, Fala, Pensamento e Imaginação, Geografia, História, Linguagens e suas Tecnologias, Língua Inglesa, Língua Portuguesa",ai_generated
846aba5c-5d5d-4c7d-a825-06459bcedb59,EF89LP16,medium,English Language Arts,"Ciências Humanas e Sociais Aplicadas, Escuta, Fala, Pensamento e Imaginação, Geografia, História, Linguagens e suas Tecnologias, Língua Inglesa, Língua Portuguesa",ai_generated
38ba76d5-56b8-4cf0-ad2d-2feb0e617d81,EM13CHS502,medium,English Language Arts,"Ciências Humanas e Sociais Aplicadas, Escuta, Fala, Pensamento e Imaginação, Geografia, História, Linguagens e suas Tecnologias, Língua Inglesa, Língua Portuguesa",ai_generated
93cc1d71-933e-425a-8e98-5dd258826eba,EM13CHS104,medium,English Language Arts,"Ciências Humanas e Sociais Aplicadas, Escuta, Fala, Pensamento e Imaginação, Geografia, História, Linguagens e suas Tecnologias, Língua Inglesa, Língua Portuguesa",ai_generated
a9692426-9612-4db1-920b-aeda8646418d,EF89LP03,medium,English Language Arts,"Ciências Humanas e Sociais Aplicadas, Escuta, Fala, Pensamento e Imaginação, Geografia, História, Linguagens e suas Tecnologias, Língua Inglesa, Língua Portuguesa",ai_generated
9c9aa9a3-0380-433a-bf6a-fc8cc14c3a7d,EM13LGG105,medium,English Language Arts,"Ciências Humanas e Sociais Aplicadas, Escuta, Fala, Pensamento e Imaginação, Geografia, História, Linguagens e suas Tecnologias, Língua Inglesa, Língua Portuguesa",ai_generated
e49ec202-d696-498e-bcb5-3c29421a2d5a,EM13LP07,medium,English Language Arts,"Ciências Humanas e Sociais Aplicadas, Escuta, Fala, Pensamento e Imaginação, Geografia, História, Linguagens e suas Tecnologias, Língua Inglesa, Língua Portuguesa",ai_generated
862c2cb7-2544-4462-ac73-5c2345b42e29,EM13LGG101,medium,English Language Arts,"Ciências Humanas e Sociais Aplicadas, Escuta, Fala, Pensamento e Imaginação, Geografia, História, Linguagens e suas Tecnologias, Língua Inglesa, Língua Portuguesa",ai_generated
ba0947bc-ca76-4f10-ab43-13bec38deb01,EF67LP03,medium,English Language Arts,"Ciências Humanas e Sociais Aplicadas, Escuta, Fala, Pensamento e Imaginação, Geografia, História, Linguagens e suas Tecnologias, Língua Inglesa, Língua Portuguesa",ai_generated
cdfff6c9-5c23-4e7b-95e5-9a669223f813,EF89LP05,high,English Language Arts,"Ciências Humanas e Sociais Aplicadas, Escuta, Fala, Pensamento e Imaginação, Geografia, História, Linguagens e suas Tecnologias, Língua Inglesa, Língua Portuguesa",ai_generated
8ddd3159-1d23-46cd-9f25-eff7ae96c156,EF69LP25,high,English Language Arts,"Ciências Humanas e Sociais Aplicadas, Escuta, Fala, Pensamento e Imaginação, Geografia, História, Linguagens e suas Tecnologias, Língua Inglesa, Língua Portuguesa",ai_generated
065c52e9-3f65-4483-b216-6e2e34e20919,EF89LP22,medium,English Language Arts,"Ciências Humanas e Sociais Aplicadas, Escuta, Fala, Pensamento e Imaginação, Geografia, História, Linguagens e suas Tecnologias, Língua Inglesa, Língua Portuguesa",ai_generated
7e2a056f-3040-4ec3-b424-de43bf45ede3,EM13LGG703,medium,English Language Arts,"Ciências Humanas e Sociais Aplicadas, Escuta, Fala, Pensamento e Imaginação, Geografia, História, Linguagens e suas Tecnologias, Língua Inglesa, Língua Portuguesa",ai_generated
5cf86caa-e8ba-4e48-97dd-cd77eb6f1ab7,EF69LP34,medium,English Language Arts,"Ciências Humanas e Sociais Aplicadas, Escuta, Fala, Pensamento e Imaginação, Geografia, História, Linguagens e suas Tecnologias, Língua Inglesa, Língua Portuguesa",ai_generated
46f66d0b-baf2-48b1-9f14-99fc236907a7,EF06GE01,medium,English Language Arts,"Ciências Humanas e Sociais Aplicadas, Escuta, Fala, Pensamento e Imaginação, Geografia, História, Linguagens e suas Tecnologias, Língua Inglesa, Língua Portuguesa",ai_generated
6babf56d-9986-4fed-84aa-ccef6ec52c3f,EF03GE01,medium,English Language Arts,"Ciências Humanas e Sociais Aplicadas, Escuta, Fala, Pensamento e Imaginação, Geografia, História, Linguagens e suas Tecnologias, Língua Inglesa, Língua Portuguesa",ai_generated
eae10e81-b9ec-4d4e-b29c-d491277ab985,EF02GE02,high,English Language Arts,"Ciências Humanas e Sociais Aplicadas, Escuta, Fala, Pensamento e Imaginação, Geografia, História, Linguagens e suas Tecnologias, Língua Inglesa, Língua Portuguesa",ai_generated
db22f97e-c382-4b82-8daf-d3f4befbb44a,EF05GE11,medium,English Language Arts,"Ciências Humanas e Sociais Aplicadas, Escuta, Fala, Pensamento e Imaginação, Geografia, História, Linguagens e suas Tecnologias, Língua Inglesa, Língua Portuguesa",ai_generated
47f3a24c-602a-4f8b-afac-d670caed066f,EF02HI02,high,English Language Arts,"Ciências Humanas e Sociais Aplicadas, Escuta, Fala, Pensamento e Imaginação, Geografia, História, Linguagens e suas Tecnologias, Língua Inglesa, Língua Portuguesa",ai_generated
087d83f5-3ca8-43ac-899d-361ef3d0d293,EF03GE01,medium,English Language Arts,"Ciências Humanas e Sociais Aplicadas, Escuta, Fala, Pensamento e Imaginação, Geografia, História, Linguagens e suas Tecnologias, Língua Inglesa, Língua Portuguesa",ai_generated
4b65c68a-acdb-4f77-bc26-77564e9b5056,EF03HI01,medium,English Language Arts,"Ciências Humanas e Sociais Aplicadas, Escuta, Fala, Pensamento e Imaginação, Geografia, História, Linguagens e suas Tecnologias, Língua Inglesa, Língua Portuguesa",ai_generated
d3f8389d-1462-45b7-8488-8f29930976a9,EF03GE08,medium,English Language Arts,"Ciências Humanas e Sociais Aplicadas, Escuta, Fala, Pensamento e Imaginação, Geografia, História, Linguagens e suas Tecnologias, Língua Inglesa, Língua Portuguesa",ai_generated
7ab6793b-4f38-496a-bdd7-6e882015b312,EF01HI03,medium,English Language Arts,"Ciências Humanas e Sociais Aplicadas, Escuta, Fala, Pensamento e Imaginação, Geografia, História, Linguagens e suas Tecnologias, Língua Inglesa, Língua Portuguesa",ai_generated
76bba2ee-dc29-4038-a1e7-d146f7d8cec6,EM13LP31,medium,English Language Arts,"Ciências Humanas e Sociais Aplicadas, Escuta, Fala, Pensamento e Imaginação, Geografia, História, Linguagens e suas Tecnologias, Língua Inglesa, Língua Portuguesa",ai_generated
7ade445f-056d-4e6f-a384-150e82c19025,EF02GE02,medium,English Language Arts,"Ciências Humanas e Sociais Aplicadas, Escuta, Fala, Pensamento e Imaginação, Geografia, História, Linguagens e suas Tecnologias, Língua Inglesa, Língua Portuguesa",ai_generated
56a2f248-f0cd-471e-9fac-278c54df917b,EF04HI02,medium,English Language Arts,"Ciências Humanas e Sociais Aplicadas, Escuta, Fala, Pensamento e Imaginação, Geografia, História, Linguagens e suas Tecnologias, Língua Inglesa, Língua Portuguesa",ai_generated
a2ecdd8f-65c4-4aac-a911-918da21bc3a8,EF04HI02,high,English Language Arts,"Ciências Humanas e Sociais Aplicadas, Escuta, Fala, Pensamento e Imaginação, Geografia, História, Linguagens e suas Tecnologias, Língua Inglesa, Língua Portuguesa",ai_generated
faacfde2-c15d-4012-ae2f-1ac42a9aaf66,EF03GE02,medium,English Language Arts,"Ciências Humanas e Sociais Aplicadas, Escuta, Fala, Pensamento e Imaginação, Geografia, História, Linguagens e suas Tecnologias, Língua Inglesa, Língua Portuguesa",ai_generated
622912f6-f1b7-4453-a604-3fbb0b3466bb,EF06LI17,medium,English Language Arts,"Ciências Humanas e Sociais Aplicadas, Escuta, Fala, Pensamento e Imaginação, Geografia, História, Linguagens e suas Tecnologias, Língua Inglesa, Língua Portuguesa",ai_generated
788dd475-9c40-4706-987d-e560fe410c8a,EF02LP22,medium,English Language Arts,"Ciências Humanas e Sociais Aplicadas, Escuta, Fala, Pensamento e Imaginação, Geografia, História, Linguagens e suas Tecnologias, Língua Inglesa, Língua Portuguesa",ai_generated
d22c541a-9ed1-4cb1-a13c-3f04a184b9b4,EF67LP37,medium,English Language Arts,"Ciências Humanas e Sociais Aplicadas, Escuta, Fala, Pensamento e Imaginação, Geografia, História, Linguagens e suas Tecnologias, Língua Inglesa, Língua Portuguesa",ai_generated
06fd6abe-1289-4651-97bb-1705fdc671a3,EF69LP14,medium,English Language Arts,"Ciências Humanas e Sociais Aplicadas, Escuta, Fala, Pensamento e Imaginação, Geografia, História, Linguagens e suas Tecnologias, Língua Inglesa, Língua Portuguesa",ai_generated
84aab99d-6439-4ff6-9b29-dbcafcb02395,EM13LGG101,low,English Language Arts,"Ciências Humanas e Sociais Aplicadas, Escuta, Fala, Pensamento e Imaginação, Geografia, História, Linguagens e suas Tecnologias, Língua Inglesa, Língua Portuguesa",ai_generated
028644e6-fcb2-412d-80ad-93fd6a4a8aef,EM13LGG301,medium,English Language Arts,"Ciências Humanas e Sociais Aplicadas, Escuta, Fala, Pensamento e Imaginação, Geografia, História, Linguagens e suas Tecnologias, Língua Inglesa, Língua Portuguesa",ai_generated
b0f34879-0a38-4831-b65e-2c5f0d648513,EF05GE12,medium,English Language Arts,"Ciências Humanas e Sociais Aplicadas, Escuta, Fala, Pensamento e Imaginação, Geografia, História, Linguagens e suas Tecnologias, Língua Inglesa, Língua Portuguesa",ai_generated
2bfdb200-3011-4c41-baa0-0da48bbab648,EM13LGG303,medium,English Language Arts,"Ciências Humanas e Sociais Aplicadas, Escuta, Fala, Pensamento e Imaginação, Geografia, História, Linguagens e suas Tecnologias, Língua Inglesa, Língua Portuguesa",ai_generated
657b3c65-9188-4bf5-ba16-e85eb42a81cb,EF09LI06,medium,English Language Arts,"Ciências Humanas e Sociais Aplicadas, Escuta, Fala, Pensamento e Imaginação, Geografia, História, Linguagens e suas Tecnologias, Língua Inglesa, Língua Portuguesa",ai_generated
5406572f-4217-48f6-a7f1-fe4e8e3b3c4e,EF69LP25,medium,English Language Arts,"Ciências Humanas e Sociais Aplicadas, Escuta, Fala, Pensamento e Imaginação, Geografia, História, Linguagens e suas Tecnologias, Língua Inglesa, Língua Portuguesa",ai_generated
4904c319-7724-4f65-9fe6-234e222e5754,EF01HI03,low,English Language Arts,"Ciências Humanas e Sociais Aplicadas, Escuta, Fala, Pensamento e Imaginação, Geografia, História, Linguagens e suas Tecnologias, Língua Inglesa, Língua Portuguesa",ai_generated
b624f13a-c780-4789-93d8-c5ef838c67ed,EM13LGG104,medium,English Language Arts,"Ciências Humanas e Sociais Aplicadas, Escuta, Fala, Pensamento e Imaginação, Geografia, História, Linguagens e suas Tecnologias, Língua Inglesa, Língua Portuguesa",ai_generated
009ac8da-3c83-4cef-b840-feb967595254,EM13LGG301,medium,English Language Arts,"Ciências Humanas e Sociais Aplicadas, Escuta, Fala, Pensamento e Imaginação, Geografia, História, Linguagens e suas Tecnologias, Língua Inglesa, Língua Portuguesa",ai_generated
5477b335-5e0a-4f86-a618-14eea0cfe99a,EF06LI08,medium,English Language Arts,"Ciências Humanas e Sociais Aplicadas, Escuta, Fala, Pensamento e Imaginação, Geografia, História, Linguagens e suas Tecnologias, Língua Inglesa, Língua Portuguesa",ai_generated
bd5f9b79-a9c9-48e3-ad63-fc469bd3de39,EF06LI09,medium,English Language Arts,"Ciências Humanas e Sociais Aplicadas, Escuta, Fala, Pensamento e Imaginação, Geografia, História, Linguagens e suas Tecnologias, Língua Inglesa, Língua Portuguesa",ai_generated
bd231971-bdec-4f1f-a23b-a7950c3092bc,EF08LI06,medium,English Language Arts,"Ciências Humanas e Sociais Aplicadas, Escuta, Fala, Pensamento e Imaginação, Geografia, História, Linguagens e suas Tecnologias, Língua Inglesa, Língua Portuguesa",ai_generated
683865a4-c27b-41ca-b8de-0605fa32f9ce,EF09LI19,high,English Language Arts,"Ciências Humanas e Sociais Aplicadas, Escuta, Fala, Pensamento e Imaginação, Geografia, História, Linguagens e suas Tecnologias, Língua Inglesa, Língua Portuguesa",ai_generated
6318b558-8259-46a8-bad9-1b103878ae3a,EF09LI01,medium,English Language Arts,"Ciências Humanas e Sociais Aplicadas, Escuta, Fala, Pensamento e Imaginação, Geografia, História, Linguagens e suas Tecnologias, Língua Inglesa, Língua Portuguesa",ai_generated
d7bd147e-d840-4448-85b3-0cdabc1f90d0,EF08LI01,medium,English Language Arts,"Ciências Humanas e Sociais Aplicadas, Escuta, Fala, Pensamento e Imaginação, Geografia, História, Linguagens e suas Tecnologias, Língua Inglesa, Língua Portuguesa",ai_generated
078e0a7a-6aab-4691-bf6b-6f10899b1c35,EF09LI01,medium,English Language Arts,"Ciências Humanas e Sociais Aplicadas, Escuta, Fala, Pensamento e Imaginação, Geografia, História, Linguagens e suas Tecnologias, Língua Inglesa, Língua Portuguesa",ai_generated
e6da2c57-0eb6-4b1a-8ce0-b71d26f18857,EF07LI01,medium,English Language Arts,"Ciências Humanas e Sociais Aplicadas, Escuta, Fala, Pensamento e Imaginação, Geografia, História, Linguagens e suas Tecnologias, Língua Inglesa, Língua Portuguesa",ai_generated
c127615c-4df9-433b-ae60-e9f8da0d2839,EF89LP31,medium,English Language Arts,"Ciências Humanas e Sociais Aplicadas, Escuta, Fala, Pensamento e Imaginação, Geografia, História, Linguagens e suas Tecnologias, Língua Inglesa, Língua Portuguesa",ai_generated
bbcd3f8b-f0f3-4424-97a5-a346c39d3afc,EF69LP37,medium,English Language Arts,"Ciências Humanas e Sociais Aplicadas, Escuta, Fala, Pensamento e Imaginação, Geografia, História, Linguagens e suas Tecnologias, Língua Inglesa, Língua Portuguesa",ai_generated
14c648f2-b5c0-4508-ab3c-c795f91175b1,EF01HI03,medium,English Language Arts,"Ciências Humanas e Sociais Aplicadas, Escuta, Fala, Pensamento e Imaginação, Geografia, História, Linguagens e suas Tecnologias, Língua Inglesa, Língua Portuguesa",ai_generated
27a1fbf0-5611-441c-9417-37191d916105,EI03EF06,medium,English Language Arts,"Ciências Humanas e Sociais Aplicadas, Escuta, Fala, Pensamento e Imaginação, Geografia, História, Linguagens e suas Tecnologias, Língua Inglesa, Língua Portuguesa",ai_generated
84f08988-5635-4562-9ddc-91d506e79cd8,EI02EF05,high,English Language Arts,"Ciências Humanas e Sociais Aplicadas, Escuta, Fala, Pensamento e Imaginação, Geografia, História, Linguagens e suas Tecnologias, Língua Inglesa, Língua Portuguesa",ai_generated
aa9f5b5a-b4aa-46bc-8e4e-18e8d5663fac,EF08LI03,medium,English Language Arts,"Ciências Humanas e Sociais Aplicadas, Escuta, Fala, Pensamento e Imaginação, Geografia, História, Linguagens e suas Tecnologias, Língua Inglesa, Língua Portuguesa",ai_generated
83f38b5e-6226-4763-964a-321f42c8baee,EF07LI05,medium,English Language Arts,"Ciências Humanas e Sociais Aplicadas, Escuta, Fala, Pensamento e Imaginação, Geografia, História, Linguagens e suas Tecnologias, Língua Inglesa, Língua Portuguesa",ai_generated
a93e0763-e4b5-4009-8900-fe41ff28f30d,EF67LP28,medium,English Language Arts,"Ciências Humanas e Sociais Aplicadas, Escuta, Fala, Pensamento e Imaginação, Geografia, História, Linguagens e suas Tecnologias, Língua Inglesa, Língua Portuguesa",ai_generated
358ebc61-b7c0-41c7-9604-24b730778efb,EM13LGG303,high,English Language Arts,"Ciências Humanas e Sociais Aplicadas, Escuta, Fala, Pensamento e Imaginação, Geografia, História, Linguagens e suas Tecnologias, Língua Inglesa, Língua Portuguesa",ai_generated
c8fd5b51-2f08-45f1-8a13-a22ae45414b2,EF69LP37,medium,English Language Arts,"Ciências Humanas e Sociais Aplicadas, Escuta, Fala, Pensamento e Imaginação, Geografia, História, Linguagens e suas Tecnologias, Língua Inglesa, Língua Portuguesa",ai_generated
43c8607f-4622-40d7-8a5f-36c8d33c0dff,EF89LP14,high,English Language Arts,"Ciências Humanas e Sociais Aplicadas, Escuta, Fala, Pensamento e Imaginação, Geografia, História, Linguagens e suas Tecnologias, Língua Inglesa, Língua Portuguesa",ai_generated
b51dde28-c269-4f2c-963c-ef05a5c9b041,EF69LP35,medium,English Language Arts,"Ciências Humanas e Sociais Aplicadas, Escuta, Fala, Pensamento e Imaginação, Geografia, História, Linguagens e suas Tecnologias, Língua Inglesa, Língua Portuguesa",ai_generated
3ff79fb6-8675-4070-a28c-c9622d10aa80,EF06LI08,medium,English Language Arts,"Ciências Humanas e Sociais Aplicadas, Escuta, Fala, Pensamento e Imaginação, Geografia, História, Linguagens e suas Tecnologias, Língua Inglesa, Língua Portuguesa",ai_generated
77b691a9-7085-4029-a6e3-acf19724570d,EF03GE07,low,English Language Arts,"Ciências Humanas e Sociais Aplicadas, Escuta, Fala, Pensamento e Imaginação, Geografia, História, Linguagens e suas Tecnologias, Língua Inglesa, Língua Portuguesa",ai_generated
5b9902a3-7a6c-48ad-9e29-4ae8424919e4,EF01HI02,medium,English Language Arts,"Ciências Humanas e Sociais Aplicadas, Escuta, Fala, Pensamento e Imaginação, Geografia, História, Linguagens e suas Tecnologias, Língua Inglesa, Língua Portuguesa",ai_generated
894f94b7-faf8-4c72-89fc-9763478ae809,EM13CHS102,low,English Language Arts,"Ciências Humanas e Sociais Aplicadas, Escuta, Fala, Pensamento e Imaginação, Geografia, História, Linguagens e suas Tecnologias, Língua Inglesa, Língua Portuguesa",ai_generated
7f95b5e2-c585-437b-9590-977cfdf666e2,EF67LP19,low,English Language Arts,"Ciências Humanas e Sociais Aplicadas, Escuta, Fala, Pensamento e Imaginação, Geografia, História, Linguagens e suas Tecnologias, Língua Inglesa, Língua Portuguesa",ai_generated
7ce49a2e-9e40-4692-9651-119292295230,EF69LP28,low,English Language Arts,"Ciências Humanas e Sociais Aplicadas, Escuta, Fala, Pensamento e Imaginação, Geografia, História, Linguagens e suas Tecnologias, Língua Inglesa, Língua Portuguesa",ai_generated
804ca76d-7b93-4d03-bde8-8d494713cf89,EF05HI04,medium,English Language Arts,"Ciências Humanas e Sociais Aplicadas, Escuta, Fala, Pensamento e Imaginação, Geografia, História, Linguagens e suas Tecnologias, Língua Inglesa, Língua Portuguesa",ai_generated
f1afe1cf-1fa4-4325-ab79-d3995553051b,EF06LI12,medium,English Language Arts,"Ciências Humanas e Sociais Aplicadas, Escuta, Fala, Pensamento e Imaginação, Geografia, História, Linguagens e suas Tecnologias, Língua Inglesa, Língua Portuguesa",ai_generated
85445c6a-fbf2-46d3-b7e0-d0952b56421b,EM13LP12,high,English Language Arts,"Ciências Humanas e Sociais Aplicadas, Escuta, Fala, Pensamento e Imaginação, Geografia, História, Linguagens e suas Tecnologias, Língua Inglesa, Língua Portuguesa",ai_generated
fb16aee8-3907-4334-98c3-1c710875a0e4,EF03GE01,medium,English Language Arts,"Ciências Humanas e Sociais Aplicadas, Escuta, Fala, Pensamento e Imaginação, Geografia, História, Linguagens e suas Tecnologias, Língua Inglesa, Língua Portuguesa",ai_generated
2813c7c9-482b-4826-97c7-83c51c2956c9,EF03HI08,medium,English Language Arts,"Ciências Humanas e Sociais Aplicadas, Escuta, Fala, Pensamento e Imaginação, Geografia, História, Linguagens e suas Tecnologias, Língua Inglesa, Língua Portuguesa",ai_generated
3332e38e-080a-4db7-868c-225b46a44daa,EF89LP15,high,English Language Arts,"Ciências Humanas e Sociais Aplicadas, Escuta, Fala, Pensamento e Imaginação, Geografia, História, Linguagens e suas Tecnologias, Língua Inglesa, Língua Portuguesa",ai_generated
bbac5a1c-534b-448c-bab5-d4ec22ec50e5,EM13CHS102,medium,English Language Arts,"Ciências Humanas e Sociais Aplicadas, Escuta, Fala, Pensamento e Imaginação, Geografia, História, Linguagens e suas Tecnologias, Língua Inglesa, Língua Portuguesa",ai_generated
9bea5549-0e74-4635-ba0b-47f57403065b,EF89LP04,high,English Language Arts,"Ciências Humanas e Sociais Aplicadas, Escuta, Fala, Pensamento e Imaginação, Geografia, História, Linguagens e suas Tecnologias, Língua Inglesa, Língua Portuguesa",ai_generated
e1807c1d-d48b-4755-88db-73852d706692,EF03GE08,low,English Language Arts,"Ciências Humanas e Sociais Aplicadas, Escuta, Fala, Pensamento e Imaginação, Geografia, História, Linguagens e suas Tecnologias, Língua Inglesa, Língua Portuguesa",ai_generated
57a183f7-a297-41c7-b096-84eedbb8c768,EF03GE04,medium,English Language Arts,"Ciências Humanas e Sociais Aplicadas, Escuta, Fala, Pensamento e Imaginação, Geografia, História, Linguagens e suas Tecnologias, Língua Inglesa, Língua Portuguesa",ai_generated
bb35e9c4-43f7-48cd-866b-98f10a7659e2,EM13CHS102,medium,English Language Arts,"Ciências Humanas e Sociais Aplicadas, Escuta, Fala, Pensamento e Imaginação, Geografia, História, Linguagens e suas Tecnologias, Língua Inglesa, Língua Portuguesa",ai_generated
95fadd13-11b9-4bd9-99ce-5e26e668fbd6,EM13LGG303,medium,English Language Arts,"Ciências Humanas e Sociais Aplicadas, Escuta, Fala, Pensamento e Imaginação, Geografia, História, Linguagens e suas Tecnologias, Língua Inglesa, Língua Portuguesa",ai_generated
77b77678-9fec-4a15-96aa-5a55c950f922,EF69LP03,medium,English Language Arts,"Ciências Humanas e Sociais Aplicadas, Escuta, Fala, Pensamento e Imaginação, Geografia, História, Linguagens e suas Tecnologias, Língua Inglesa, Língua Portuguesa",ai_generated
e43dfd60-62ff-40c2-bfea-af7afd62e01e,EF09LI01,medium,English Language Arts,"Ciências Humanas e Sociais Aplicadas, Escuta, Fala, Pensamento e Imaginação, Geografia, História, Linguagens e suas Tecnologias, Língua Inglesa, Língua Portuguesa",ai_generated
02bac600-d375-4cab-b6a8-27c25ee978c6,EF69LP24,medium,English Language Arts,"Ciências Humanas e Sociais Aplicadas, Escuta, Fala, Pensamento e Imaginação, Geografia, História, Linguagens e suas Tecnologias, Língua Inglesa, Língua Portuguesa",ai_generated
6313ae92-13d9-411f-b512-bbfc70fd2475,EF06LI05,medium,English Language Arts,"Ciências Humanas e Sociais Aplicadas, Escuta, Fala, Pensamento e Imaginação, Geografia, História, Linguagens e suas Tecnologias, Língua Inglesa, Língua Portuguesa",ai_generated
199d1224-39f0-4d0e-a06e-b56e75837102,EF06LP01,medium,English Language Arts,"Ciências Humanas e Sociais Aplicadas, Escuta, Fala, Pensamento e Imaginação, Geografia, História, Linguagens e suas Tecnologias, Língua Inglesa, Língua Portuguesa",ai_generated
89954743-b6af-4806-8dde-ecf09af1a6dc,EF09GE03,medium,English Language Arts,"Ciências Humanas e Sociais Aplicadas, Escuta, Fala, Pensamento e Imaginação, Geografia, História, Linguagens e suas Tecnologias, Língua Inglesa, Língua Portuguesa",ai_generated
72b4f927-3f1f-400d-8b03-05cad6deb439,EM13LP28,low,English Language Arts,"Ciências Humanas e Sociais Aplicadas, Escuta, Fala, Pensamento e Imaginação, Geografia, História, Linguagens e suas Tecnologias, Língua Inglesa, Língua Portuguesa",ai_generated
5fe20fc5-decd-4427-ba64-ccbb520dea12,EF08LI08,medium,English Language Arts,"Ciências Humanas e Sociais Aplicadas, Escuta, Fala, Pensamento e Imaginação, Geografia, História, Linguagens e suas Tecnologias, Língua Inglesa, Língua Portuguesa",ai_generated
ac4f5131-c46d-412e-a1da-95ff6b3a89d5,EF89LP31,medium,English Language Arts,"Ciências Humanas e Sociais Aplicadas, Escuta, Fala, Pensamento e Imaginação, Geografia, História, Linguagens e suas Tecnologias, Língua Inglesa, Língua Portuguesa",ai_generated
30591f70-83c8-431a-a3e7-3a8b59bf9fea,EF89LP27,medium,English Language Arts,"Ciências Humanas e Sociais Aplicadas, Escuta, Fala, Pensamento e Imaginação, Geografia, História, Linguagens e suas Tecnologias, Língua Inglesa, Língua Portuguesa",ai_generated
fb9189e1-e1a8-45f2-875a-5a6207a92bc8,EF07LI12,medium,English Language Arts,"Ciências Humanas e Sociais Aplicadas, Escuta, Fala, Pensamento e Imaginação, Geografia, História, Linguagens e suas Tecnologias, Língua Inglesa, Língua Portuguesa",ai_generated
484de282-c65a-4eaa-b8a2-3fbabe462f9e,EM13CHS101,medium,English Language Arts,"Ciências Humanas e Sociais Aplicadas, Escuta, Fala, Pensamento e Imaginação, Geografia, História, Linguagens e suas Tecnologias, Língua Inglesa, Língua Portuguesa",ai_generated
819db76e-ad6f-4907-a187-da18f160618a,EF05HI09,medium,English Language Arts,"Ciências Humanas e Sociais Aplicadas, Escuta, Fala, Pensamento e Imaginação, Geografia, História, Linguagens e suas Tecnologias, Língua Inglesa, Língua Portuguesa",ai_generated
4edcb0cc-d7eb-42ec-9faf-c69e9d31380f,EF89LP03,medium,English Language Arts,"Ciências Humanas e Sociais Aplicadas, Escuta, Fala, Pensamento e Imaginação, Geografia, História, Linguagens e suas Tecnologias, Língua Inglesa, Língua Portuguesa",ai_generated
730a75f6-f11b-458e-af82-a4894f7eff2c,EM13CHS502,medium,English Language Arts,"Ciências Humanas e Sociais Aplicadas, Escuta, Fala, Pensamento e Imaginação, Geografia, História, Linguagens e suas Tecnologias, Língua Inglesa, Língua Portuguesa",ai_generated
4d5dc9a3-f947-4283-ad53-5a0b58f70195,EF08LI03,medium,English Language Arts,"Ciências Humanas e Sociais Aplicadas, Escuta, Fala, Pensamento e Imaginação, Geografia, História, Linguagens e suas Tecnologias, Língua Inglesa, Língua Portuguesa",ai_generated
71c52635-ee4d-45dd-b717-198b83fd00dd,EF07LI15,medium,English Language Arts,"Ciências Humanas e Sociais Aplicadas, Escuta, Fala, Pensamento e Imaginação, Geografia, História, Linguagens e suas Tecnologias, Língua Inglesa, Língua Portuguesa",ai_generated
c1006238-0414-4141-859e-2dd33f9c78c8,EF02GE03,low,English Language Arts,"Ciências Humanas e Sociais Aplicadas, Escuta, Fala, Pensamento e Imaginação, Geografia, História, Linguagens e suas Tecnologias, Língua Inglesa, Língua Portuguesa",ai_generated
b68f6d96-53a8-4c6c-a591-bc53b3eb4089,EF09LI08,medium,English Language Arts,"Ciências Humanas e Sociais Aplicadas, Escuta, Fala, Pensamento e Imaginação, Geografia, História, Linguagens e suas Tecnologias, Língua Inglesa, Língua Portuguesa",ai_generated
0d8bfee7-5060-4104-a2c8-8c4de3a76a46,EF08LI08,medium,English Language Arts,"Ciências Humanas e Sociais Aplicadas, Escuta, Fala, Pensamento e Imaginação, Geografia, História, Linguagens e suas Tecnologias, Língua Inglesa, Língua Portuguesa",ai_generated
2fcefcd0-ac63-4360-be75-24c9825bc50e,EM13CHS106,medium,English Language Arts,"Ciências Humanas e Sociais Aplicadas, Escuta, Fala, Pensamento e Imaginação, Geografia, História, Linguagens e suas Tecnologias, Língua Inglesa, Língua Portuguesa",ai_generated
139bd3ec-90ab-4a8b-bc48-a1720eb36034,EF09LI01,medium,English Language Arts,"Ciências Humanas e Sociais Aplicadas, Escuta, Fala, Pensamento e Imaginação, Geografia, História, Linguagens e suas Tecnologias, Língua Inglesa, Língua Portuguesa",ai_generated
b75e7f6c-beba-42d9-86ef-9a683243cfa3,EF07LI05,medium,English Language Arts,"Ciências Humanas e Sociais Aplicadas, Escuta, Fala, Pensamento e Imaginação, Geografia, História, Linguagens e suas Tecnologias, Língua Inglesa, Língua Portuguesa",ai_generated
d25fc452-6920-4a1b-ada9-b35d1932026a,EM13LGG104,medium,English Language Arts,"Ciências Humanas e Sociais Aplicadas, Escuta, Fala, Pensamento e Imaginação, Geografia, História, Linguagens e suas Tecnologias, Língua Inglesa, Língua Portuguesa",ai_generated
cd18d12f-afc9-4216-9dcb-f41d4c9200e8,EI03EF01,medium,English Language Arts,"Ciências Humanas e Sociais Aplicadas, Escuta, Fala, Pensamento e Imaginação, Geografia, História, Linguagens e suas Tecnologias, Língua Inglesa, Língua Portuguesa",ai_generated
4b3a1898-5e7f-4dc5-8139-94cbb4885278,EF69LP05,medium,English Language Arts,"Ciências Humanas e Sociais Aplicadas, Escuta, Fala, Pensamento e Imaginação, Geografia, História, Linguagens e suas Tecnologias, Língua Inglesa, Língua Portuguesa",ai_generated
cae60ff9-f738-4903-bdcd-d37e3030d085,EM13LGG102,medium,English Language Arts,"Ciências Humanas e Sociais Aplicadas, Escuta, Fala, Pensamento e Imaginação, Geografia, História, Linguagens e suas Tecnologias, Língua Inglesa, Língua Portuguesa",ai_generated
7b59042e-88b8-45d2-85b2-776d71053e7c,EF03HI03,medium,English Language Arts,"Ciências Humanas e Sociais Aplicadas, Escuta, Fala, Pensamento e Imaginação, Geografia, História, Linguagens e suas Tecnologias, Língua Inglesa, Língua Portuguesa",ai_generated
48e191a4-2665-4668-abe9-5a764e7a29e4,EM13CHS106,medium,English Language Arts,"Ciências Humanas e Sociais Aplicadas, Escuta, Fala, Pensamento e Imaginação, Geografia, História, Linguagens e suas Tecnologias, Língua Inglesa, Língua Portuguesa",ai_generated
ea90a750-0da3-480e-8670-a700f7e0b8a4,EF02GE05,medium,English Language Arts,"Ciências Humanas e Sociais Aplicadas, Escuta, Fala, Pensamento e Imaginação, Geografia, História, Linguagens e suas Tecnologias, Língua Inglesa, Língua Portuguesa",ai_generated
a466dc71-7998-4c58-978c-171843d4b8e2,EF03GE01,medium,English Language Arts,"Ciências Humanas e Sociais Aplicadas, Escuta, Fala, Pensamento e Imaginação, Geografia, História, Linguagens e suas Tecnologias, Língua Inglesa, Língua Portuguesa",ai_generated
1065d025-e063-42da-9266-fb72fd417d22,EF05HI04,medium,English Language Arts,"Ciências Humanas e Sociais Aplicadas, Escuta, Fala, Pensamento e Imaginação, Geografia, História, Linguagens e suas Tecnologias, Língua Inglesa, Língua Portuguesa",ai_generated
0e0178c3-5189-4bbe-bed0-d6e13b6036a8,EF03GE08,medium,English Language Arts,"Ciências Humanas e Sociais Aplicadas, Escuta, Fala, Pensamento e Imaginação, Geografia, História, Linguagens e suas Tecnologias, Língua Inglesa, Língua Portuguesa",ai_generated
712d3e13-fe3e-47c0-98c6-e56cb72e20a1,EF15LP19,medium,English Language Arts,"Ciências Humanas e Sociais Aplicadas, Escuta, Fala, Pensamento e Imaginação, Geografia, História, Linguagens e suas Tecnologias, Língua Inglesa, Língua Portuguesa",ai_generated
c2dc4a78-2fb4-4e93-b67d-0f95dea9bc66,EF02HI06,medium,English Language Arts,"Ciências Humanas e Sociais Aplicadas, Escuta, Fala, Pensamento e Imaginação, Geografia, História, Linguagens e suas Tecnologias, Língua Inglesa, Língua Portuguesa",ai_generated
0c0855de-a504-4922-99eb-4a9ea2495761,EF07LI10,medium,English Language Arts,"Ciências Humanas e Sociais Aplicadas, Escuta, Fala, Pensamento e Imaginação, Geografia, História, Linguagens e suas Tecnologias, Língua Inglesa, Língua Portuguesa",ai_generated
62ce6229-c143-4956-bc15-59a185e51db5,EF04HI02,medium,English Language Arts,"Ciências Humanas e Sociais Aplicadas, Escuta, Fala, Pensamento e Imaginação, Geografia, História, Linguagens e suas Tecnologias, Língua Inglesa, Língua Portuguesa",ai_generated
d4ec8996-798e-49a3-9049-bd69732a36cb,EF69LP03,medium,English Language Arts,"Ciências Humanas e Sociais Aplicadas, Escuta, Fala, Pensamento e Imaginação, Geografia, História, Linguagens e suas Tecnologias, Língua Inglesa, Língua Portuguesa",ai_generated
c666fd96-c732-4cf5-8407-a080ff24dd9e,EF02GE05,medium,English Language Arts,"Ciências Humanas e Sociais Aplicadas, Escuta, Fala, Pensamento e Imaginação, Geografia, História, Linguagens e suas Tecnologias, Língua Inglesa, Língua Portuguesa",ai_generated
5ee5e8fc-c5b4-4932-a8bd-7ffb8c315cb4,EF89LP25,medium,English Language Arts,"Ciências Humanas e Sociais Aplicadas, Escuta, Fala, Pensamento e Imaginação, Geografia, História, Linguagens e suas Tecnologias, Língua Inglesa, Língua Portuguesa",ai_generated
c11433d7-0806-4ae7-ad16-145620fe621d,EF06LI13,medium,English Language Arts,"Ciências Humanas e Sociais Aplicadas, Escuta, Fala, Pensamento e Imaginação, Geografia, História, Linguagens e suas Tecnologias, Língua Inglesa, Língua Portuguesa",ai_generated
3df1cd8a-5b54-451e-a847-544e8acc7c31,EF07LI08,medium,English Language Arts,"Ciências Humanas e Sociais Aplicadas, Escuta, Fala, Pensamento e Imaginação, Geografia, História, Linguagens e suas Tecnologias, Língua Inglesa, Língua Portuguesa",ai_generated
f1c8fd06-476b-4d65-9331-a530ddcf365f,EF35LP24,medium,English Language Arts,"Ciências Humanas e Sociais Aplicadas, Escuta, Fala, Pensamento e Imaginação, Geografia, História, Linguagens e suas Tecnologias, Língua Inglesa, Língua Portuguesa",ai_generated
8da948c3-2e8b-4fad-9563-47205fa13d7e,EF07LI22,medium,English Language Arts,"Ciências Humanas e Sociais Aplicadas, Escuta, Fala, Pensamento e Imaginação, Geografia, História, Linguagens e suas Tecnologias, Língua Inglesa, Língua Portuguesa",ai_generated
ccc3e491-cd9a-4ac4-ac59-7052e85ad5da,EF69LP05,medium,English Language Arts,"Ciências Humanas e Sociais Aplicadas, Escuta, Fala, Pensamento e Imaginação, Geografia, História, Linguagens e suas Tecnologias, Língua Inglesa, Língua Portuguesa",ai_generated
950eaf3c-ca3f-4157-9ba6-527bb98eaff0,EF15LP01,high,English Language Arts,"Ciências Humanas e Sociais Aplicadas, Escuta, Fala, Pensamento e Imaginação, Geografia, História, Linguagens e suas Tecnologias, Língua Inglesa, Língua Portuguesa",ai_generated
935bdfe5-c78e-42df-8d7f-0066f86e46a3,EM13CHS104,low,English Language Arts,"Ciências Humanas e Sociais Aplicadas, Escuta, Fala, Pensamento e Imaginação, Geografia, História, Linguagens e suas Tecnologias, Língua Inglesa, Língua Portuguesa",ai_generated
544baa10-e30d-4082-be34-0122487929be,EF03HI03,medium,English Language Arts,"Ciências Humanas e Sociais Aplicadas, Escuta, Fala, Pensamento e Imaginação, Geografia, História, Linguagens e suas Tecnologias, Língua Inglesa, Língua Portuguesa",ai_generated
a567890f-5d46-4e80-b975-e496d21e2e04,EM13CHS106,low,English Language Arts,"Ciências Humanas e Sociais Aplicadas, Escuta, Fala, Pensamento e Imaginação, Geografia, História, Linguagens e suas Tecnologias, Língua Inglesa, Língua Portuguesa",ai_generated
70f9974f-90fb-4a12-9a17-b209508b1bd4,EF89LP03,medium,English Language Arts,"Ciências Humanas e Sociais Aplicadas, Escuta, Fala, Pensamento e Imaginação, Geografia, História, Linguagens e suas Tecnologias, Língua Inglesa, Língua Portuguesa",ai_generated
788ffe7f-6a1b-47c6-bada-0810204a779e,EF07LI04,medium,English Language Arts,"Ciências Humanas e Sociais Aplicadas, Escuta, Fala, Pensamento e Imaginação, Geografia, História, Linguagens e suas Tecnologias, Língua Inglesa, Língua Portuguesa",ai_generated
bbd07da7-f1c7-4c40-9ddb-4514ebeedfdf,EF08LI03,medium,English Language Arts,"Ciências Humanas e Sociais Aplicadas, Escuta, Fala, Pensamento e Imaginação, Geografia, História, Linguagens e suas Tecnologias, Língua Inglesa, Língua Portuguesa",ai_generated
e8ada03b-f580-4056-a804-07acec7594a4,EF89LP06,medium,English Language Arts,"Ciências Humanas e Sociais Aplicadas, Escuta, Fala, Pensamento e Imaginação, Geografia, História, Linguagens e suas Tecnologias, Língua Inglesa, Língua Portuguesa",ai_generated
c56937d3-3032-48f2-928f-2f92732148b4,EF08LI08,medium,English Language Arts,"Ciências Humanas e Sociais Aplicadas, Escuta, Fala, Pensamento e Imaginação, Geografia, História, Linguagens e suas Tecnologias, Língua Inglesa, Língua Portuguesa",ai_generated
a5f24296-d297-442c-b115-bb34ab4f9b71,EM13LP03,medium,English Language Arts,"Ciências Humanas e Sociais Aplicadas, Escuta, Fala, Pensamento e Imaginação, Geografia, História, Linguagens e suas Tecnologias, Língua Inglesa, Língua Portuguesa",ai_generated
ca2a8c9e-ea5a-49ea-9943-acb8e6dc57af,EM13LP38,medium,English Language Arts,"Ciências Humanas e Sociais Aplicadas, Escuta, Fala, Pensamento e Imaginação, Geografia, História, Linguagens e suas Tecnologias, Língua Inglesa, Língua Portuguesa",ai_generated
77ccd034-a3f1-4e6c-856b-2d51ec5ed573,EF89LP05,medium,English Language Arts,"Ciências Humanas e Sociais Aplicadas, Escuta, Fala, Pensamento e Imaginação, Geografia, História, Linguagens e suas Tecnologias, Língua Inglesa, Língua Portuguesa",ai_generated
f0776945-ce68-4294-9c7f-de0773af7411,EF69LP42,medium,English Language Arts,"Ciências Humanas e Sociais Aplicadas, Escuta, Fala, Pensamento e Imaginação, Geografia, História, Linguagens e suas Tecnologias, Língua Inglesa, Língua Portuguesa",ai_generated
3504a7a9-a824-4d51-89ab-5f13983f5188,EF15LP15,medium,English Language Arts,"Ciências Humanas e Sociais Aplicadas, Escuta, Fala, Pensamento e Imaginação, Geografia, História, Linguagens e suas Tecnologias, Língua Inglesa, Língua Portuguesa",ai_generated
292cdd2b-0ccc-4d24-a721-a7ac4ca670c2,EF12LP17,medium,English Language Arts,"Ciências Humanas e Sociais Aplicadas, Escuta, Fala, Pensamento e Imaginação, Geografia, História, Linguagens e suas Tecnologias, Língua Inglesa, Língua Portuguesa",ai_generated
9b19b12e-0de2-466d-9a84-2d1639fc2024,EM13LGG702,medium,English Language Arts,"Ciências Humanas e Sociais Aplicadas, Escuta, Fala, Pensamento e Imaginação, Geografia, História, Linguagens e suas Tecnologias, Língua Inglesa, Língua Portuguesa",ai_generated
af02d569-36da-4868-bf86-9e6bb398411d,EM13LGG204,medium,English Language Arts,"Ciências Humanas e Sociais Aplicadas, Escuta, Fala, Pensamento e Imaginação, Geografia, História, Linguagens e suas Tecnologias, Língua Inglesa, Língua Portuguesa",ai_generated
662a6ab6-9f7f-49cd-8b42-1bdf2abe67e7,EF15LP16,medium,English Language Arts,"Ciências Humanas e Sociais Aplicadas, Escuta, Fala, Pensamento e Imaginação, Geografia, História, Linguagens e suas Tecnologias, Língua Inglesa, Língua Portuguesa",ai_generated
fc6a7200-e1cd-4bd5-b085-e98b5c27c811,EM13LGG301,medium,English Language Arts,"Ciências Humanas e Sociais Aplicadas, Escuta, Fala, Pensamento e Imaginação, Geografia, História, Linguagens e suas Tecnologias, Língua Inglesa, Língua Portuguesa",ai_generated
825db4ae-6705-42f7-a493-ae4478f3f3c6,EF35LP18,medium,English Language Arts,"Ciências Humanas e Sociais Aplicadas, Escuta, Fala, Pensamento e Imaginação, Geografia, História, Linguagens e suas Tecnologias, Língua Inglesa, Língua Portuguesa",ai_generated
af683b2c-abed-40ec-a2cf-0c335bdae605,EF06LI12,medium,English Language Arts,"Ciências Humanas e Sociais Aplicadas, Escuta, Fala, Pensamento e Imaginação, Geografia, História, Linguagens e suas Tecnologias, Língua Inglesa, Língua Portuguesa",ai_generated
2bd953ff-4a08-4f45-bdad-93c288c262cd,EF05HI04,medium,English Language Arts,"Ciências Humanas e Sociais Aplicadas, Escuta, Fala, Pensamento e Imaginação, Geografia, História, Linguagens e suas Tecnologias, Língua Inglesa, Língua Portuguesa",ai_generated
97b3c7cb-e184-4639-b484-1dfa4eb879b6,EF06LI02,medium,English Language Arts,"Ciências Humanas e Sociais Aplicadas, Escuta, Fala, Pensamento e Imaginação, Geografia, História, Linguagens e suas Tecnologias, Língua Inglesa, Língua Portuguesa",ai_generated
e79eb7cf-9491-41f0-a0e9-ca414abb3a04,EF03HI03,medium,English Language Arts,"Ciências Humanas e Sociais Aplicadas, Escuta, Fala, Pensamento e Imaginação, Geografia, História, Linguagens e suas Tecnologias, Língua Inglesa, Língua Portuguesa",ai_generated
6b7bf4d6-9a7a-4031-86bb-42426c5234e6,EF06LI03,medium,English Language Arts,"Ciências Humanas e Sociais Aplicadas, Escuta, Fala, Pensamento e Imaginação, Geografia, História, Linguagens e suas Tecnologias, Língua Inglesa, Língua Portuguesa",ai_generated
33960da0-1d62-4707-81f0-8a72b598d580,EF69LP01,low,English Language Arts,"Ciências Humanas e Sociais Aplicadas, Escuta, Fala, Pensamento e Imaginação, Geografia, História, Linguagens e suas Tecnologias, Língua Inglesa, Língua Portuguesa",ai_generated
6b413330-b46f-44b8-8d77-073d9ac109dd,EF07LI06,medium,English Language Arts,"Ciências Humanas e Sociais Aplicadas, Escuta, Fala, Pensamento e Imaginação, Geografia, História, Linguagens e suas Tecnologias, Língua Inglesa, Língua Portuguesa",ai_generated
fb292b0d-c4ef-47b7-94c6-b2ab5bbc3db0,EF08LI06,medium,English Language Arts,"Ciências Humanas e Sociais Aplicadas, Escuta, Fala, Pensamento e Imaginação, Geografia, História, Linguagens e suas Tecnologias, Língua Inglesa, Língua Portuguesa",ai_generated
761f4a4d-d5c3-4056-b9dd-92ab2513fa77,EF08LI09,medium,English Language Arts,"Ciências Humanas e Sociais Aplicadas, Escuta, Fala, Pensamento e Imaginação, Geografia, História, Linguagens e suas Tecnologias, Língua Inglesa, Língua Portuguesa",ai_generated
a092c284-3f7b-40a3-b5ec-8fd695eefff1,EM13LGG105,medium,English Language Arts,"Ciências Humanas e Sociais Aplicadas, Escuta, Fala, Pensamento e Imaginação, Geografia, História, Linguagens e suas Tecnologias, Língua Inglesa, Língua Portuguesa",ai_generated
21ca0dcb-5ede-47fe-bd8b-4dc2276a72fc,EF12LP17,low,English Language Arts,"Ciências Humanas e Sociais Aplicadas, Escuta, Fala, Pensamento e Imaginação, Geografia, História, Linguagens e suas Tecnologias, Língua Inglesa, Língua Portuguesa",ai_generated
88172ad7-6bf6-4f01-ac1b-e1f06bce352d,EF12LP17,low,English Language Arts,"Ciências Humanas e Sociais Aplicadas, Escuta, Fala, Pensamento e Imaginação, Geografia, História, Linguagens e suas Tecnologias, Língua Inglesa, Língua Portuguesa",ai_generated
0282ec8c-0183-44af-b764-688e2424018c,EF12LP17,low,English Language Arts,"Ciências Humanas e Sociais Aplicadas, Escuta, Fala, Pensamento e Imaginação, Geografia, História, Linguagens e suas Tecnologias, Língua Inglesa, Língua Portuguesa",ai_generated
c38c2c06-cc08-4bf0-8f1d-1b483d48745f,EF12LP17,low,English Language Arts,"Ciências Humanas e Sociais Aplicadas, Escuta, Fala, Pensamento e Imaginação, Geografia, História, Linguagens e suas Tecnologias, Língua Inglesa, Língua Portuguesa",ai_generated
0b5ba627-3358-4cc1-8274-ec60660cfe38,EF09LI17,medium,English Language Arts,"Ciências Humanas e Sociais Aplicadas, Escuta, Fala, Pensamento e Imaginação, Geografia, História, Linguagens e suas Tecnologias, Língua Inglesa, Língua Portuguesa",ai_generated
aa3db7b6-ba2a-44af-943f-9d1de67c003b,EI03EF04,medium,English Language Arts,"Ciências Humanas e Sociais Aplicadas, Escuta, Fala, Pensamento e Imaginação, Geografia, História, Linguagens e suas Tecnologias, Língua Inglesa, Língua Portuguesa",ai_generated
5aa1ce87-3c8c-428b-bf63-f5e1590edf84,EF06LI05,medium,English Language Arts,"Ciências Humanas e Sociais Aplicadas, Escuta, Fala, Pensamento e Imaginação, Geografia, História, Linguagens e suas Tecnologias, Língua Inglesa, Língua Portuguesa",ai_generated
a56593fc-4159-4109-ab37-da589d348e96,EF06LI06,medium,English Language Arts,"Ciências Humanas e Sociais Aplicadas, Escuta, Fala, Pensamento e Imaginação, Geografia, História, Linguagens e suas Tecnologias, Língua Inglesa, Língua Portuguesa",ai_generated
1751ceda-9c0e-4ef9-ad41-72dea1e920ab,EM13LGG101,medium,English Language Arts,"Ciências Humanas e Sociais Aplicadas, Escuta, Fala, Pensamento e Imaginação, Geografia, História, Linguagens e suas Tecnologias, Língua Inglesa, Língua Portuguesa",ai_generated
c251ba85-e804-48fc-9e6c-2aa81b9df684,EM13CHS301,medium,English Language Arts,"Ciências Humanas e Sociais Aplicadas, Escuta, Fala, Pensamento e Imaginação, Geografia, História, Linguagens e suas Tecnologias, Língua Inglesa, Língua Portuguesa",ai_generated
67368eae-7218-4662-8a54-7f494a94a5f6,EF01LP22,low,English Language Arts,"Ciências Humanas e Sociais Aplicadas, Escuta, Fala, Pensamento e Imaginação, Geografia, História, Linguagens e suas Tecnologias, Língua Inglesa, Língua Portuguesa",ai_generated
86c8d41e-c850-49f8-be3b-4abb0cd3c61d,EM13LGG201,medium,English Language Arts,"Ciências Humanas e Sociais Aplicadas, Escuta, Fala, Pensamento e Imaginação, Geografia, História, Linguagens e suas Tecnologias, Língua Inglesa, Língua Portuguesa",ai_generated
eed7dbdf-b7d8-449d-bd50-190dbe5b23e8,EF08LI01,medium,English Language Arts,"Ciências Humanas e Sociais Aplicadas, Escuta, Fala, Pensamento e Imaginação, Geografia, História, Linguagens e suas Tecnologias, Língua Inglesa, Língua Portuguesa",ai_generated
f17d0e2e-12cb-439a-a147-4beda4aebef5,EF07LI01,low,English Language Arts,"Ciências Humanas e Sociais Aplicadas, Escuta, Fala, Pensamento e Imaginação, Geografia, História, Linguagens e suas Tecnologias, Língua Inglesa, Língua Portuguesa",ai_generated
c25186e7-c4d5-40d5-8373-efb78e7fdc41,EM13LGG701,medium,English Language Arts,"Ciências Humanas e Sociais Aplicadas, Escuta, Fala, Pensamento e Imaginação, Geografia, História, Linguagens e suas Tecnologias, Língua Inglesa, Língua Portuguesa",ai_generated
47a4015d-5bfa-4bdb-8492-00697a452057,EM13LGG201,medium,English Language Arts,"Ciências Humanas e Sociais Aplicadas, Escuta, Fala, Pensamento e Imaginação, Geografia, História, Linguagens e suas Tecnologias, Língua Inglesa, Língua Portuguesa",ai_generated
7914f50c-a976-4fd2-b616-f9b72709b8d7,EF08LI08,medium,English Language Arts,"Ciências Humanas e Sociais Aplicadas, Escuta, Fala, Pensamento e Imaginação, Geografia, História, Linguagens e suas Tecnologias, Língua Inglesa, Língua Portuguesa",ai_generated
b3926723-795b-45ef-a43c-7540c7cd0f38,EM13LGG701,medium,English Language Arts,"Ciências Humanas e Sociais Aplicadas, Escuta, Fala, Pensamento e Imaginação, Geografia, História, Linguagens e suas Tecnologias, Língua Inglesa, Língua Portuguesa",ai_generated
cd6f48b1-bd8f-4e7e-876d-baecda37071a,EF07LI01,low,English Language Arts,"Ciências Humanas e Sociais Aplicadas, Escuta, Fala, Pensamento e Imaginação, Geografia, História, Linguagens e suas Tecnologias, Língua Inglesa, Língua Portuguesa",ai_generated
0d315c55-2953-4bae-9638-93d987d0e4b4,EM13CHS102,medium,English Language Arts,"Ciências Humanas e Sociais Aplicadas, Escuta, Fala, Pensamento e Imaginação, Geografia, História, Linguagens e suas Tecnologias, Língua Inglesa, Língua Portuguesa",ai_generated
9a272d15-896e-4a95-920d-5427941a828e,EF35LP29,high,English Language Arts,"Ciências Humanas e Sociais Aplicadas, Escuta, Fala, Pensamento e Imaginação, Geografia, História, Linguagens e suas Tecnologias, Língua Inglesa, Língua Portuguesa",ai_generated
064971b4-6719-4599-9e2a-5d7d882680b5,EF35LP21,medium,English Language Arts,"Ciências Humanas e Sociais Aplicadas, Escuta, Fala, Pensamento e Imaginação, Geografia, História, Linguagens e suas Tecnologias, Língua Inglesa, Língua Portuguesa",ai_generated
661ca863-4f3e-47c2-85ae-78efcedcaee5,EF67LP15,medium,English Language Arts,"Ciências Humanas e Sociais Aplicadas, Escuta, Fala, Pensamento e Imaginação, Geografia, História, Linguagens e suas Tecnologias, Língua Inglesa, Língua Portuguesa",ai_generated
b12d164b-fb98-4301-a18d-4630b9ed90d2,EF15LP01,medium,English Language Arts,"Ciências Humanas e Sociais Aplicadas, Escuta, Fala, Pensamento e Imaginação, Geografia, História, Linguagens e suas Tecnologias, Língua Inglesa, Língua Portuguesa",ai_generated
20de7a9e-bd01-40d8-906b-99597105208d,EF02GE02,medium,English Language Arts,"Ciências Humanas e Sociais Aplicadas, Escuta, Fala, Pensamento e Imaginação, Geografia, História, Linguagens e suas Tecnologias, Língua Inglesa, Língua Portuguesa",ai_generated
723e3d60-7556-4e66-bb48-0081694462e1,EF15LP17,low,English Language Arts,"Ciências Humanas e Sociais Aplicadas, Escuta, Fala, Pensamento e Imaginação, Geografia, História, Linguagens e suas Tecnologias, Língua Inglesa, Língua Portuguesa",ai_generated
5b81f664-9307-44fa-bfee-36d8d424e688,EF69LP47,high,English Language Arts,"Ciências Humanas e Sociais Aplicadas, Escuta, Fala, Pensamento e Imaginação, Geografia, História, Linguagens e suas Tecnologias, Língua Inglesa, Língua Portuguesa",ai_generated
b5d7700c-9ee9-455f-b064-bda08b0f93ed,EM13LGG204,medium,English Language Arts,"Ciências Humanas e Sociais Aplicadas, Escuta, Fala, Pensamento e Imaginação, Geografia, História, Linguagens e suas Tecnologias, Língua Inglesa, Língua Portuguesa",ai_generated
50d70d16-0731-4804-b78b-4d0f25b4a319,EM13LGG701,medium,English Language Arts,"Ciências Humanas e Sociais Aplicadas, Escuta, Fala, Pensamento e Imaginação, Geografia, História, Linguagens e suas Tecnologias, Língua Inglesa, Língua Portuguesa",ai_generated
227846c6-4ba9-46aa-9f2e-31039d54680d,EF06LI11,medium,English Language Arts,"Ciências Humanas e Sociais Aplicadas, Escuta, Fala, Pensamento e Imaginação, Geografia, História, Linguagens e suas Tecnologias, Língua Inglesa, Língua Portuguesa",ai_generated
fee3eb03-30a6-446a-b55c-9730405e1f2a,EM13LGG101,medium,English Language Arts,"Ciências Humanas e Sociais Aplicadas, Escuta, Fala, Pensamento e Imaginação, Geografia, História, Linguagens e suas Tecnologias, Língua Inglesa, Língua Portuguesa",ai_generated
1721e6a9-0eda-424b-830a-d7bca296e8d0,EM13LGG103,medium,English Language Arts,"Ciências Humanas e Sociais Aplicadas, Escuta, Fala, Pensamento e Imaginação, Geografia, História, Linguagens e suas Tecnologias, Língua Inglesa, Língua Portuguesa",ai_generated
215b7932-cc39-4314-af26-59c3396228b7,EM13LGG102,medium,English Language Arts,"Ciências Humanas e Sociais Aplicadas, Escuta, Fala, Pensamento e Imaginação, Geografia, História, Linguagens e suas Tecnologias, Língua Inglesa, Língua Portuguesa",ai_generated
db002dba-955c-4246-8ab2-7871bf90f4a5,EF69LP44,medium,English Language Arts,"Ciências Humanas e Sociais Aplicadas, Escuta, Fala, Pensamento e Imaginação, Geografia, História, Linguagens e suas Tecnologias, Língua Inglesa, Língua Portuguesa",ai_generated
acabc92b-56ac-4cf9-a219-2d8b22768b43,EM13LGG204,medium,English Language Arts,"Ciências Humanas e Sociais Aplicadas, Escuta, Fala, Pensamento e Imaginação, Geografia, História, Linguagens e suas Tecnologias, Língua Inglesa, Língua Portuguesa",ai_generated
46d01c9e-2a32-4c19-873d-5182c2433999,EM13CHS106,medium,English Language Arts,"Ciências Humanas e Sociais Aplicadas, Escuta, Fala, Pensamento e Imaginação, Geografia, História, Linguagens e suas Tecnologias, Língua Inglesa, Língua Portuguesa",ai_generated
e90b5f18-8d9a-455d-9d67-1a09f9467a00,EF08LI08,medium,English Language Arts,"Ciências Humanas e Sociais Aplicadas, Escuta, Fala, Pensamento e Imaginação, Geografia, História, Linguagens e suas Tecnologias, Língua Inglesa, Língua Portuguesa",ai_generated
1e7d445d-4468-42d4-b74b-5610785d4c34,EF05HI04,medium,English Language Arts,"Ciências Humanas e Sociais Aplicadas, Escuta, Fala, Pensamento e Imaginação, Geografia, História, Linguagens e suas Tecnologias, Língua Inglesa, Língua Portuguesa",ai_generated
87472e32-ff4e-47cb-89c2-2b8bfbd54587,EM13LGG105,low,English Language Arts,"Ciências Humanas e Sociais Aplicadas, Escuta, Fala, Pensamento e Imaginação, Geografia, História, Linguagens e suas Tecnologias, Língua Inglesa, Língua Portuguesa",ai_generated
817c9adb-c587-4e2c-bc36-5e551581d908,EM13LGG201,medium,English Language Arts,"Ciências Humanas e Sociais Aplicadas, Escuta, Fala, Pensamento e Imaginação, Geografia, História, Linguagens e suas Tecnologias, Língua Inglesa, Língua Portuguesa",ai_generated
5c5d01e6-0c44-4ff4-8fdb-3beecad35c3e,EI03EF04,medium,English Language Arts,"Ciências Humanas e Sociais Aplicadas, Escuta, Fala, Pensamento e Imaginação, Geografia, História, Linguagens e suas Tecnologias, Língua Inglesa, Língua Portuguesa",ai_generated
c6995463-d4d5-4f33-8355-e0d45b59d346,EF07LI04,medium,English Language Arts,"Ciências Humanas e Sociais Aplicadas, Escuta, Fala, Pensamento e Imaginação, Geografia, História, Linguagens e suas Tecnologias, Língua Inglesa, Língua Portuguesa",ai_generated
41f758c6-6bec-4039-8e9a-beea7cc116c3,EF07LI11,medium,English Language Arts,"Ciências Humanas e Sociais Aplicadas, Escuta, Fala, Pensamento e Imaginação, Geografia, História, Linguagens e suas Tecnologias, Língua Inglesa, Língua Portuguesa",ai_generated
5baed3a3-9839-4ad9-a85f-212d41120e08,EF06LI03,medium,English Language Arts,"Ciências Humanas e Sociais Aplicadas, Escuta, Fala, Pensamento e Imaginação, Geografia, História, Linguagens e suas Tecnologias, Língua Inglesa, Língua Portuguesa",ai_generated
1420bf19-c20a-412f-856f-e437525ce949,EF07LI18,medium,English Language Arts,"Ciências Humanas e Sociais Aplicadas, Escuta, Fala, Pensamento e Imaginação, Geografia, História, Linguagens e suas Tecnologias, Língua Inglesa, Língua Portuguesa",ai_generated
72b09b1a-8ad0-4140-9fce-fd35c223b21f,EF07LI05,medium,English Language Arts,"Ciências Humanas e Sociais Aplicadas, Escuta, Fala, Pensamento e Imaginação, Geografia, História, Linguagens e suas Tecnologias, Língua Inglesa, Língua Portuguesa",ai_generated
6e5aa957-9140-4548-99a7-ce506fdfba19,EF06LI26,medium,English Language Arts,"Ciências Humanas e Sociais Aplicadas, Escuta, Fala, Pensamento e Imaginação, Geografia, História, Linguagens e suas Tecnologias, Língua Inglesa, Língua Portuguesa",ai_generated
83b143b6-3162-4f42-b29b-d62a4b04595f,EF15LP12,medium,English Language Arts,"Ciências Humanas e Sociais Aplicadas, Escuta, Fala, Pensamento e Imaginação, Geografia, História, Linguagens e suas Tecnologias, Língua Inglesa, Língua Portuguesa",ai_generated
aa457326-3bdc-4279-8aea-317683fe7c79,EI02EF05,medium,English Language Arts,"Ciências Humanas e Sociais Aplicadas, Escuta, Fala, Pensamento e Imaginação, Geografia, História, Linguagens e suas Tecnologias, Língua Inglesa, Língua Portuguesa",ai_generated
676f2d36-bd9b-4153-9c8e-60bc5135527e,EI03EF01,medium,English Language Arts,"Ciências Humanas e Sociais Aplicadas, Escuta, Fala, Pensamento e Imaginação, Geografia, História, Linguagens e suas Tecnologias, Língua Inglesa, Língua Portuguesa",ai_generated
8cc27e91-d4e9-4e46-a181-26086b0c58c4,EF03HI02,medium,English Language Arts,"Ciências Humanas e Sociais Aplicadas, Escuta, Fala, Pensamento e Imaginação, Geografia, História, Linguagens e suas Tecnologias, Língua Inglesa, Língua Portuguesa",ai_generated
c8e8610f-e417-4f8d-ad6c-e47355a4f093,EF01HI03,high,English Language Arts,"Ciências Humanas e Sociais Aplicadas, Escuta, Fala, Pensamento e Imaginação, Geografia, História, Linguagens e suas Tecnologias, Língua Inglesa, Língua Portuguesa",ai_generated
9ef0907b-2619-464f-a1f8-08e439132e7c,EF05GE12,medium,English Language Arts,"Ciências Humanas e Sociais Aplicadas, Escuta, Fala, Pensamento e Imaginação, Geografia, História, Linguagens e suas Tecnologias, Língua Inglesa, Língua Portuguesa",ai_generated
c4945a52-a3ac-44c6-b45d-6bc868889bbe,EM13CHS504,low,English Language Arts,"Ciências Humanas e Sociais Aplicadas, Escuta, Fala, Pensamento e Imaginação, Geografia, História, Linguagens e suas Tecnologias, Língua Inglesa, Língua Portuguesa",ai_generated
bc8aa2b7-bbd3-4a9b-baae-9f8a63edc888,EF02GE02,medium,English Language Arts,"Ciências Humanas e Sociais Aplicadas, Escuta, Fala, Pensamento e Imaginação, Geografia, História, Linguagens e suas Tecnologias, Língua Inglesa, Língua Portuguesa",ai_generated
ff7ec833-a90e-43d3-ba8d-3992ed8fe2b4,EF04HI01,medium,English Language Arts,"Ciências Humanas e Sociais Aplicadas, Escuta, Fala, Pensamento e Imaginação, Geografia, História, Linguagens e suas Tecnologias, Língua Inglesa, Língua Portuguesa",ai_generated
408744d1-07e4-4682-9d5b-036f07c7b6d6,EF04GE08,medium,English Language Arts,"Ciências Humanas e Sociais Aplicadas, Escuta, Fala, Pensamento e Imaginação, Geografia, História, Linguagens e suas Tecnologias, Língua Inglesa, Língua Portuguesa",ai_generated
8aaec0d2-500e-4ecb-b184-a3087416c052,EM13CHS502,low,English Language Arts,"Ciências Humanas e Sociais Aplicadas, Escuta, Fala, Pensamento e Imaginação, Geografia, História, Linguagens e suas Tecnologias, Língua Inglesa, Língua Portuguesa",ai_generated
9b1f73ff-6bf8-4a25-a5cd-69754963a88c,EM13CHS503,medium,English Language Arts,"Ciências Humanas e Sociais Aplicadas, Escuta, Fala, Pensamento e Imaginação, Geografia, História, Linguagens e suas Tecnologias, Língua Inglesa, Língua Portuguesa",ai_generated
700da42a-9908-43e8-97e6-2952c0c28c42,EM13LGG703,medium,English Language Arts,"Ciências Humanas e Sociais Aplicadas, Escuta, Fala, Pensamento e Imaginação, Geografia, História, Linguagens e suas Tecnologias, Língua Inglesa, Língua Portuguesa",ai_generated
4a708778-22cb-4e78-b071-cbba7a5ffa25,EM13LGG403,medium,English Language Arts,"Ciências Humanas e Sociais Aplicadas, Escuta, Fala, Pensamento e Imaginação, Geografia, História, Linguagens e suas Tecnologias, Língua Inglesa, Língua Portuguesa",ai_generated
a518b1ed-a7d3-4c13-a675-2411f03dad24,EM13LGG403,medium,English Language Arts,"Ciências Humanas e Sociais Aplicadas, Escuta, Fala, Pensamento e Imaginação, Geografia, História, Linguagens e suas Tecnologias, Língua Inglesa, Língua Portuguesa",ai_generated
f00ad575-1e2d-4ccb-b795-081002b3d524,EM13LGG303,high,English Language Arts,"Ciências Humanas e Sociais Aplicadas, Escuta, Fala, Pensamento e Imaginação, Geografia, História, Linguagens e suas Tecnologias, Língua Inglesa, Língua Portuguesa",ai_generated
3ecfa267-f8da-4f1e-ac0d-94f9a767d36d,EM13LGG303,high,English Language Arts,"Ciências Humanas e Sociais Aplicadas, Escuta, Fala, Pensamento e Imaginação, Geografia, História, Linguagens e suas Tecnologias, Língua Inglesa, Língua Portuguesa",ai_generated
74b181dc-1cd6-4de2-bbda-4b785a0d0ba1,EF67LP21,medium,English Language Arts,"Ciências Humanas e Sociais Aplicadas, Escuta, Fala, Pensamento e Imaginação, Geografia, História, Linguagens e suas Tecnologias, Língua Inglesa, Língua Portuguesa",ai_generated
881b7966-b65b-45af-8227-2e4709482abd,EM13LP28,medium,English Language Arts,"Ciências Humanas e Sociais Aplicadas, Escuta, Fala, Pensamento e Imaginação, Geografia, História, Linguagens e suas Tecnologias, Língua Inglesa, Língua Portuguesa",ai_generated
11623e69-330d-4835-a3a8-444f2573caa4,EF35LP04,medium,English Language Arts,"Ciências Humanas e Sociais Aplicadas, Escuta, Fala, Pensamento e Imaginação, Geografia, História, Linguagens e suas Tecnologias, Língua Inglesa, Língua Portuguesa",ai_generated
a8639135-5095-4daa-80e2-3e8fa2d3ea33,EF05LP23,medium,English Language Arts,"Ciências Humanas e Sociais Aplicadas, Escuta, Fala, Pensamento e Imaginação, Geografia, História, Linguagens e suas Tecnologias, Língua Inglesa, Língua Portuguesa",ai_generated
deef3073-1190-446f-8223-732a789292e1,EF01LP10,high,English Language Arts,"Ciências Humanas e Sociais Aplicadas, Escuta, Fala, Pensamento e Imaginação, Geografia, História, Linguagens e suas Tecnologias, Língua Inglesa, Língua Portuguesa",ai_generated
900ed6dc-b44e-43e8-b951-6b2c98a420c3,EF01LP10,high,English Language Arts,"Ciências Humanas e Sociais Aplicadas, Escuta, Fala, Pensamento e Imaginação, Geografia, História, Linguagens e suas Tecnologias, Língua Inglesa, Língua Portuguesa",ai_generated
d9cf7fad-729d-465b-b2f5-fa4a6fd1de10,EF89LP33,high,English Language Arts,"Ciências Humanas e Sociais Aplicadas, Escuta, Fala, Pensamento e Imaginação, Geografia, História, Linguagens e suas Tecnologias, Língua Inglesa, Língua Portuguesa",ai_generated
7f9a724f-229f-4dd7-82ca-b6c62b51ccf1,EM13LGG402,medium,English Language Arts,"Ciências Humanas e Sociais Aplicadas, Escuta, Fala, Pensamento e Imaginação, Geografia, História, Linguagens e suas Tecnologias, Língua Inglesa, Língua Portuguesa",ai_generated
4988158f-28a5-48ad-bc08-58429521ff12,EF05LP23,medium,English Language Arts,"Ciências Humanas e Sociais Aplicadas, Escuta, Fala, Pensamento e Imaginação, Geografia, História, Linguagens e suas Tecnologias, Língua Inglesa, Língua Portuguesa",ai_generated
6ac6e569-1c07-459b-a817-41f338e60470,EF05LP23,medium,English Language Arts,"Ciências Humanas e Sociais Aplicadas, Escuta, Fala, Pensamento e Imaginação, Geografia, História, Linguagens e suas Tecnologias, Língua Inglesa, Língua Portuguesa",ai_generated
cd44511f-bc81-4e45-8d35-7ea85c37f7ad,EF02LP23,medium,English Language Arts,"Ciências Humanas e Sociais Aplicadas, Escuta, Fala, Pensamento e Imaginação, Geografia, História, Linguagens e suas Tecnologias, Língua Inglesa, Língua Portuguesa",ai_generated
3ec8febc-93db-4c15-a0a1-fd8a4233da12,EF35LP19,high,English Language Arts,"Ciências Humanas e Sociais Aplicadas, Escuta, Fala, Pensamento e Imaginação, Geografia, História, Linguagens e suas Tecnologias, Língua Inglesa, Língua Portuguesa",ai_generated
7e2ddf7c-1aee-4fe8-a17c-e089860f2032,EF06LI10,medium,English Language Arts,"Ciências Humanas e Sociais Aplicadas, Escuta, Fala, Pensamento e Imaginação, Geografia, História, Linguagens e suas Tecnologias, Língua Inglesa, Língua Portuguesa",ai_generated
784c3d96-4c9b-4fff-8b98-c63d296618ea,EF05GE10,medium,English Language Arts,"Ciências Humanas e Sociais Aplicadas, Escuta, Fala, Pensamento e Imaginação, Geografia, História, Linguagens e suas Tecnologias, Língua Inglesa, Língua Portuguesa",ai_generated
44adea94-b233-4e28-91ef-cec49150104a,EI02EF01,medium,English Language Arts,"Ciências Humanas e Sociais Aplicadas, Escuta, Fala, Pensamento e Imaginação, Geografia, História, Linguagens e suas Tecnologias, Língua Inglesa, Língua Portuguesa",ai_generated
e1363fd6-0525-457c-a6f2-10c5b1570b2f,EF06LI02,medium,English Language Arts,"Ciências Humanas e Sociais Aplicadas, Escuta, Fala, Pensamento e Imaginação, Geografia, História, Linguagens e suas Tecnologias, Língua Inglesa, Língua Portuguesa",ai_generated
673025c9-c427-49b4-be10-0bd5d85ca67c,EI03EF04,medium,English Language Arts,"Ciências Humanas e Sociais Aplicadas, Escuta, Fala, Pensamento e Imaginação, Geografia, História, Linguagens e suas Tecnologias, Língua Inglesa, Língua Portuguesa",ai_generated
4523a35f-175f-4083-875a-6b9f16457762,EF69LP22,medium,English Language Arts,"Ciências Humanas e Sociais Aplicadas, Escuta, Fala, Pensamento e Imaginação, Geografia, História, Linguagens e suas Tecnologias, Língua Inglesa, Língua Portuguesa",ai_generated
cbd5d1e1-168a-40d1-ab5d-ac6f8acf3b9c,EI02EF05,medium,English Language Arts,"Ciências Humanas e Sociais Aplicadas, Escuta, Fala, Pensamento e Imaginação, Geografia, História, Linguagens e suas Tecnologias, Língua Inglesa, Língua Portuguesa",ai_generated
cf016c02-6a8a-479b-a6f9-31ff2d37c37a,EI02EF06,medium,English Language Arts,"Ciências Humanas e Sociais Aplicadas, Escuta, Fala, Pensamento e Imaginação, Geografia, História, Linguagens e suas Tecnologias, Língua Inglesa, Língua Portuguesa",ai_generated
6f73487f-d881-4925-b353-244a773d543c,EI03EF04,medium,English Language Arts,"Ciências Humanas e Sociais Aplicadas, Escuta, Fala, Pensamento e Imaginação, Geografia, História, Linguagens e suas Tecnologias, Língua Inglesa, Língua Portuguesa",ai_generated
287c88ba-dae2-41cf-aa15-fa26a75a8eba,EF67LP25,medium,English Language Arts,"Ciências Humanas e Sociais Aplicadas, Escuta, Fala, Pensamento e Imaginação, Geografia, História, Linguagens e suas Tecnologias, Língua Inglesa, Língua Portuguesa",ai_generated
27bcf8de-a765-46b6-9c55-4631058424a4,EF69LP25,medium,English Language Arts,"Ciências Humanas e Sociais Aplicadas, Escuta, Fala, Pensamento e Imaginação, Geografia, História, Linguagens e suas Tecnologias, Língua Inglesa, Língua Portuguesa",ai_generated
87a9d78c-4d2e-42ea-81e1-e0eaede02ae7,EF35LP15,medium,English Language Arts,"Ciências Humanas e Sociais Aplicadas, Escuta, Fala, Pensamento e Imaginação, Geografia, História, Linguagens e suas Tecnologias, Língua Inglesa, Língua Portuguesa",ai_generated
e08bd003-17e9-4920-905a-aea74cb4aafa,EF69LP22,medium,English Language Arts,"Ciências Humanas e Sociais Aplicadas, Escuta, Fala, Pensamento e Imaginação, Geografia, História, Linguagens e suas Tecnologias, Língua Inglesa, Língua Portuguesa",ai_generated
d878451a-eee3-4b6b-ae8a-a2bbcb87824f,EF04LP03,high,English Language Arts,"Ciências Humanas e Sociais Aplicadas, Escuta, Fala, Pensamento e Imaginação, Geografia, História, Linguagens e suas Tecnologias, Língua Inglesa, Língua Portuguesa",ai_generated
4198e7e2-c132-4447-89ed-bd9425e483ef,EF05LP02,high,English Language Arts,"Ciências Humanas e Sociais Aplicadas, Escuta, Fala, Pensamento e Imaginação, Geografia, História, Linguagens e suas Tecnologias, Língua Inglesa, Língua Portuguesa",ai_generated
1cc53208-035b-4170-bd8e-f7b6e33c93d1,EF01LP08,high,English Language Arts,"Ciências Humanas e Sociais Aplicadas, Escuta, Fala, Pensamento e Imaginação, Geografia, História, Linguagens e suas Tecnologias, Língua Inglesa, Língua Portuguesa",ai_generated
484a10fd-7369-4092-98ae-e0fe38b839f0,EM13LP03,high,English Language Arts,"Ciências Humanas e Sociais Aplicadas, Escuta, Fala, Pensamento e Imaginação, Geografia, História, Linguagens e suas Tecnologias, Língua Inglesa, Língua Portuguesa",ai_generated
91737efa-6be2-4dc7-ad15-894e1440bb52,EF35LP17,medium,English Language Arts,"Ciências Humanas e Sociais Aplicadas, Escuta, Fala, Pensamento e Imaginação, Geografia, História, Linguagens e suas Tecnologias, Língua Inglesa, Língua Portuguesa",ai_generated
01758e05-d74c-4c62-9b8d-f869aaab1b29,EF67LP37,high,English Language Arts,"Ciências Humanas e Sociais Aplicadas, Escuta, Fala, Pensamento e Imaginação, Geografia, História, Linguagens e suas Tecnologias, Língua Inglesa, Língua Portuguesa",ai_generated
aba42c66-0ee3-4748-b5fe-fbb636f9d643,EF06LP07,medium,English Language Arts,"Ciências Humanas e Sociais Aplicadas, Escuta, Fala, Pensamento e Imaginação, Geografia, História, Linguagens e suas Tecnologias, Língua Inglesa, Língua Portuguesa",ai_generated
4c69eafa-6851-4746-85b6-0bdabb1d1ec7,EF06LI03,high,English Language Arts,"Ciências Humanas e Sociais Aplicadas, Escuta, Fala, Pensamento e Imaginação, Geografia, História, Linguagens e suas Tecnologias, Língua Inglesa, Língua Portuguesa",ai_generated
210259c6-222d-44dd-b40d-1a2ac7ea1fd6,EF06LP07,medium,English Language Arts,"Ciências Humanas e Sociais Aplicadas, Escuta, Fala, Pensamento e Imaginação, Geografia, História, Linguagens e suas Tecnologias, Língua Inglesa, Língua Portuguesa",ai_generated
76953f47-1ff3-486d-b7b3-b4ff5d628276,EI02EF01,medium,English Language Arts,"Ciências Humanas e Sociais Aplicadas, Escuta, Fala, Pensamento e Imaginação, Geografia, História, Linguagens e suas Tecnologias, Língua Inglesa, Língua Portuguesa",ai_generated
5a2afeb5-92b7-4451-b38a-5f735c546e78,EF08LI20,medium,English Language Arts,"Ciências Humanas e Sociais Aplicadas, Escuta, Fala, Pensamento e Imaginação, Geografia, História, Linguagens e suas Tecnologias, Língua Inglesa, Língua Portuguesa",ai_generated
1d78470a-6f52-4e0d-bda0-386817e460f0,EM13LGG101,medium,English Language Arts,"Ciências Humanas e Sociais Aplicadas, Escuta, Fala, Pensamento e Imaginação, Geografia, História, Linguagens e suas Tecnologias, Língua Inglesa, Língua Portuguesa",ai_generated
b919b0b6-4b7a-4fa5-8501-4af00d08c581,EF69LP47,medium,English Language Arts,"Ciências Humanas e Sociais Aplicadas, Escuta, Fala, Pensamento e Imaginação, Geografia, História, Linguagens e suas Tecnologias, Língua Inglesa, Língua Portuguesa",ai_generated
19427ae7-3968-44bf-8484-9c86ce0f98a8,EF08LI14,high,English Language Arts,"Ciências Humanas e Sociais Aplicadas, Escuta, Fala, Pensamento e Imaginação, Geografia, História, Linguagens e suas Tecnologias, Língua Inglesa, Língua Portuguesa",ai_generated
8789916f-1baf-4fb9-952b-2a829ba66dab,EF06LI19,high,English Language Arts,"Ciências Humanas e Sociais Aplicadas, Escuta, Fala, Pensamento e Imaginação, Geografia, História, Linguagens e suas Tecnologias, Língua Inglesa, Língua Portuguesa",ai_generated
4f2704b8-a474-4483-890f-b8374dea6d4a,EF07LI18,high,English Language Arts,"Ciências Humanas e Sociais Aplicadas, Escuta, Fala, Pensamento e Imaginação, Geografia, História, Linguagens e suas Tecnologias, Língua Inglesa, Língua Portuguesa",ai_generated
8a4ddacf-bca8-4117-b81f-7e03833ad712,EF67LP28,medium,English Language Arts,"Ciências Humanas e Sociais Aplicadas, Escuta, Fala, Pensamento e Imaginação, Geografia, História, Linguagens e suas Tecnologias, Língua Inglesa, Língua Portuguesa",ai_generated
396296e5-5799-48d8-8bd3-032c284fa90d,EF15LP03,high,English Language Arts,"Ciências Humanas e Sociais Aplicadas, Escuta, Fala, Pensamento e Imaginação, Geografia, História, Linguagens e suas Tecnologias, Língua Inglesa, Língua Portuguesa",ai_generated
c047abb4-54d2-44be-9020-5c53a8b639e8,EF15LP19,high,English Language Arts,"Ciências Humanas e Sociais Aplicadas, Escuta, Fala, Pensamento e Imaginação, Geografia, História, Linguagens e suas Tecnologias, Língua Inglesa, Língua Portuguesa",ai_generated
5bcad828-0b72-468e-adfe-6c0b76427391,EF05LP08,high,English Language Arts,"Ciências Humanas e Sociais Aplicadas, Escuta, Fala, Pensamento e Imaginação, Geografia, História, Linguagens e suas Tecnologias, Língua Inglesa, Língua Portuguesa",ai_generated
06da0b4f-e0f5-479b-b748-6e6f09d92a15,EF05LP08,high,English Language Arts,"Ciências Humanas e Sociais Aplicadas, Escuta, Fala, Pensamento e Imaginação, Geografia, História, Linguagens e suas Tecnologias, Língua Inglesa, Língua Portuguesa",ai_generated
3f502ff0-a244-44c3-b53e-7774bf7a4576,EM13LP04,medium,English Language Arts,"Ciências Humanas e Sociais Aplicadas, Escuta, Fala, Pensamento e Imaginação, Geografia, História, Linguagens e suas Tecnologias, Língua Inglesa, Língua Portuguesa",ai_generated
5cf480c8-c4d6-4b11-96e4-f5a4cf677836,EM13LP03,medium,English Language Arts,"Ciências Humanas e Sociais Aplicadas, Escuta, Fala, Pensamento e Imaginação, Geografia, História, Linguagens e suas Tecnologias, Língua Inglesa, Língua Portuguesa",ai_generated
44b95d85-fe71-47a2-ae7c-2abe0b04b5e8,EF69LP14,medium,English Language Arts,"Ciências Humanas e Sociais Aplicadas, Escuta, Fala, Pensamento e Imaginação, Geografia, História, Linguagens e suas Tecnologias, Língua Inglesa, Língua Portuguesa",ai_generated
8726ab73-cc0e-43b2-a466-9ab3357825e8,EM13LGG703,medium,English Language Arts,"Ciências Humanas e Sociais Aplicadas, Escuta, Fala, Pensamento e Imaginação, Geografia, História, Linguagens e suas Tecnologias, Língua Inglesa, Língua Portuguesa",ai_generated
5ee23f06-906f-4f6e-a1a7-a841ddd19381,EM13LGG402,medium,English Language Arts,"Ciências Humanas e Sociais Aplicadas, Escuta, Fala, Pensamento e Imaginação, Geografia, História, Linguagens e suas Tecnologias, Língua Inglesa, Língua Portuguesa",ai_generated
b2a1b9a5-625d-400a-8020-97989465a7ed,EF15LP18,medium,English Language Arts,"Ciências Humanas e Sociais Aplicadas, Escuta, Fala, Pensamento e Imaginação, Geografia, História, Linguagens e suas Tecnologias, Língua Inglesa, Língua Portuguesa",ai_generated
d62309e9-73fd-4112-9df3-c5d8d69aa5d2,EF69LP13,medium,English Language Arts,"Ciências Humanas e Sociais Aplicadas, Escuta, Fala, Pensamento e Imaginação, Geografia, História, Linguagens e suas Tecnologias, Língua Inglesa, Língua Portuguesa",ai_generated
ce19980f-eabb-47b3-86ec-4958599bf4b0,EM13LP31,medium,English Language Arts,"Ciências Humanas e Sociais Aplicadas, Escuta, Fala, Pensamento e Imaginação, Geografia, História, Linguagens e suas Tecnologias, Língua Inglesa, Língua Portuguesa",ai_generated
3512e40a-c0fd-415e-8f3b-bab76b1b6ad5,EF01LP11,high,English Language Arts,"Ciências Humanas e Sociais Aplicadas, Escuta, Fala, Pensamento e Imaginação, Geografia, História, Linguagens e suas Tecnologias, Língua Inglesa, Língua Portuguesa",ai_generated
ad447011-65db-4aa2-b16e-66e67cb98815,EF35LP28,high,English Language Arts,"Ciências Humanas e Sociais Aplicadas, Escuta, Fala, Pensamento e Imaginação, Geografia, História, Linguagens e suas Tecnologias, Língua Inglesa, Língua Portuguesa",ai_generated
b682be8e-2e82-474f-987a-e0a7376c2561,EF35LP04,high,English Language Arts,"Ciências Humanas e Sociais Aplicadas, Escuta, Fala, Pensamento e Imaginação, Geografia, História, Linguagens e suas Tecnologias, Língua Inglesa, Língua Portuguesa",ai_generated
aa5c8c4b-28fa-4b45-b6e0-8fdd7c58eac4,EF35LP12,medium,English Language Arts,"Ciências Humanas e Sociais Aplicadas, Escuta, Fala, Pensamento e Imaginação, Geografia, História, Linguagens e suas Tecnologias, Língua Inglesa, Língua Portuguesa",ai_generated
12ffb516-7fd5-46dd-b0d4-fd78642335a7,EF35LP25,medium,English Language Arts,"Ciências Humanas e Sociais Aplicadas, Escuta, Fala, Pensamento e Imaginação, Geografia, História, Linguagens e suas Tecnologias, Língua Inglesa, Língua Portuguesa",ai_generated
c19b3cef-f549-46f1-aa84-7ec4082034c0,EF67LP28,medium,English Language Arts,"Ciências Humanas e Sociais Aplicadas, Escuta, Fala, Pensamento e Imaginação, Geografia, História, Linguagens e suas Tecnologias, Língua Inglesa, Língua Portuguesa",ai_generated
23e540ea-48f1-4c04-a8a7-73441fa2fbae,EF69LP35,medium,English Language Arts,"Ciências Humanas e Sociais Aplicadas, Escuta, Fala, Pensamento e Imaginação, Geografia, História, Linguagens e suas Tecnologias, Língua Inglesa, Língua Portuguesa",ai_generated
d5af203a-5477-43a3-b799-a1045a3ab532,EF67LP04,high,English Language Arts,"Ciências Humanas e Sociais Aplicadas, Escuta, Fala, Pensamento e Imaginação, Geografia, História, Linguagens e suas Tecnologias, Língua Inglesa, Língua Portuguesa",ai_generated
9f683805-a5c9-4fe1-9129-408c8a61a2eb,EF67LP22,high,English Language Arts,"Ciências Humanas e Sociais Aplicadas, Escuta, Fala, Pensamento e Imaginação, Geografia, História, Linguagens e suas Tecnologias, Língua Inglesa, Língua Portuguesa",ai_generated
29c1cac8-04f6-4639-8e8e-d809b025327b,EF35LP20,high,English Language Arts,"Ciências Humanas e Sociais Aplicadas, Escuta, Fala, Pensamento e Imaginação, Geografia, História, Linguagens e suas Tecnologias, Língua Inglesa, Língua Portuguesa",ai_generated
5d8deafa-5906-45bc-a1e6-2e665ec28f55,EF12LP02,medium,English Language Arts,"Ciências Humanas e Sociais Aplicadas, Escuta, Fala, Pensamento e Imaginação, Geografia, História, Linguagens e suas Tecnologias, Língua Inglesa, Língua Portuguesa",ai_generated
8e2450ae-cb04-40ac-a6a9-9b6c9ecfbd35,EF35LP08,medium,English Language Arts,"Ciências Humanas e Sociais Aplicadas, Escuta, Fala, Pensamento e Imaginação, Geografia, História, Linguagens e suas Tecnologias, Língua Inglesa, Língua Portuguesa",ai_generated
969e2a39-8026-4e4a-aa9e-ba1d81daed2c,EF05LP27,medium,English Language Arts,"Ciências Humanas e Sociais Aplicadas, Escuta, Fala, Pensamento e Imaginação, Geografia, História, Linguagens e suas Tecnologias, Língua Inglesa, Língua Portuguesa",ai_generated
08146edb-70f0-4e11-8eaf-0b96b6adb49c,EF12LP05,medium,English Language Arts,"Ciências Humanas e Sociais Aplicadas, Escuta, Fala, Pensamento e Imaginação, Geografia, História, Linguagens e suas Tecnologias, Língua Inglesa, Língua Portuguesa",ai_generated
82d1e99c-3fe6-4ab1-b623-a41678760075,EF02LP09,high,English Language Arts,"Ciências Humanas e Sociais Aplicadas, Escuta, Fala, Pensamento e Imaginação, Geografia, História, Linguagens e suas Tecnologias, Língua Inglesa, Língua Portuguesa",ai_generated
ee6fe30d-89d1-4334-8045-8ccfce0ca902,EF02LP01,medium,English Language Arts,"Ciências Humanas e Sociais Aplicadas, Escuta, Fala, Pensamento e Imaginação, Geografia, História, Linguagens e suas Tecnologias, Língua Inglesa, Língua Portuguesa",ai_generated
4c3d3b53-4192-4789-a663-58cd5582a0ab,EF67LP01,medium,English Language Arts,"Ciências Humanas e Sociais Aplicadas, Escuta, Fala, Pensamento e Imaginação, Geografia, História, Linguagens e suas Tecnologias, Língua Inglesa, Língua Portuguesa",ai_generated
76a69617-99b1-421e-a7e5-13c4c335d35b,EF01LP15,high,English Language Arts,"Ciências Humanas e Sociais Aplicadas, Escuta, Fala, Pensamento e Imaginação, Geografia, História, Linguagens e suas Tecnologias, Língua Inglesa, Língua Portuguesa",ai_generated
7d012a42-9a55-4aec-b3cb-e2513c76b33a,EF67LP05,high,English Language Arts,"Ciências Humanas e Sociais Aplicadas, Escuta, Fala, Pensamento e Imaginação, Geografia, História, Linguagens e suas Tecnologias, Língua Inglesa, Língua Portuguesa",ai_generated
4c683610-d1a3-47d6-aa6d-529be899c8fa,EF02HI06,medium,English Language Arts,"Ciências Humanas e Sociais Aplicadas, Escuta, Fala, Pensamento e Imaginação, Geografia, História, Linguagens e suas Tecnologias, Língua Inglesa, Língua Portuguesa",ai_generated
05c0a7e5-33a1-4d3d-8b79-ef166f210880,EF15LP15,high,English Language Arts,"Ciências Humanas e Sociais Aplicadas, Escuta, Fala, Pensamento e Imaginação, Geografia, História, Linguagens e suas Tecnologias, Língua Inglesa, Língua Portuguesa",ai_generated
a7773120-073c-479a-a2f4-c088fa9b11f6,EF07LP10,medium,English Language Arts,"Ciências Humanas e Sociais Aplicadas, Escuta, Fala, Pensamento e Imaginação, Geografia, História, Linguagens e suas Tecnologias, Língua Inglesa, Língua Portuguesa",ai_generated
fade473b-775a-4b31-930d-e0778accba48,EM13LGG402,medium,English Language Arts,"Ciências Humanas e Sociais Aplicadas, Escuta, Fala, Pensamento e Imaginação, Geografia, História, Linguagens e suas Tecnologias, Língua Inglesa, Língua Portuguesa",ai_generated
2b51819e-327e-4272-a1a7-5dd2ca292333,EM13LP06,high,English Language Arts,"Ciências Humanas e Sociais Aplicadas, Escuta, Fala, Pensamento e Imaginação, Geografia, História, Linguagens e suas Tecnologias, Língua Inglesa, Língua Portuguesa",ai_generated
309c7bf2-1abd-40f0-9a75-03e25a0e8d8f,EI02EF02,medium,English Language Arts,"Ciências Humanas e Sociais Aplicadas, Escuta, Fala, Pensamento e Imaginação, Geografia, História, Linguagens e suas Tecnologias, Língua Inglesa, Língua Portuguesa",ai_generated
7505f027-2871-4ae5-afbd-5daae9b11fe3,EI02EF02,high,English Language Arts,"Ciências Humanas e Sociais Aplicadas, Escuta, Fala, Pensamento e Imaginação, Geografia, História, Linguagens e suas Tecnologias, Língua Inglesa, Língua Portuguesa",ai_generated
d3bfcaf1-a87e-4277-b7d6-7a1f9860d235,EF67LP03,high,English Language Arts,"Ciências Humanas e Sociais Aplicadas, Escuta, Fala, Pensamento e Imaginação, Geografia, História, Linguagens e suas Tecnologias, Língua Inglesa, Língua Portuguesa",ai_generated
0aef5868-a158-49bf-bc6e-8736ea6d79ae,EF35LP17,high,English Language Arts,"Ciências Humanas e Sociais Aplicadas, Escuta, Fala, Pensamento e Imaginação, Geografia, História, Linguagens e suas Tecnologias, Língua Inglesa, Língua Portuguesa",ai_generated
17dd541b-2ba8-4d8f-9adc-bfcf9d996b7e,EF89LP23,high,English Language Arts,"Ciências Humanas e Sociais Aplicadas, Escuta, Fala, Pensamento e Imaginação, Geografia, História, Linguagens e suas Tecnologias, Língua Inglesa, Língua Portuguesa",ai_generated
531ea63a-7d9e-4eb6-b81c-eb7cf261faa6,EF06LP06,medium,English Language Arts,"Ciências Humanas e Sociais Aplicadas, Escuta, Fala, Pensamento e Imaginação, Geografia, História, Linguagens e suas Tecnologias, Língua Inglesa, Língua Portuguesa",ai_generated
4d256cdd-a53f-4e87-ae54-1df3c4744021,EF01HI01,medium,English Language Arts,"Ciências Humanas e Sociais Aplicadas, Escuta, Fala, Pensamento e Imaginação, Geografia, História, Linguagens e suas Tecnologias, Língua Inglesa, Língua Portuguesa",ai_generated
766f2377-acd7-4b63-9e36-2ae2f72ee29a,EF35LP06,medium,English Language Arts,"Ciências Humanas e Sociais Aplicadas, Escuta, Fala, Pensamento e Imaginação, Geografia, História, Linguagens e suas Tecnologias, Língua Inglesa, Língua Portuguesa",ai_generated
d2e02450-f0a2-46a8-b8b3-a501aa9ec157,EF03GE07,low,English Language Arts,"Ciências Humanas e Sociais Aplicadas, Escuta, Fala, Pensamento e Imaginação, Geografia, História, Linguagens e suas Tecnologias, Língua Inglesa, Língua Portuguesa",ai_generated
1e7962fc-06b5-4841-8b48-a3a1cebd325e,EF04HI01,medium,English Language Arts,"Ciências Humanas e Sociais Aplicadas, Escuta, Fala, Pensamento e Imaginação, Geografia, História, Linguagens e suas Tecnologias, Língua Inglesa, Língua Portuguesa",ai_generated
6fd27e3b-1777-4a8c-a416-e46c1ce23aa9,EI03EF01,medium,English Language Arts,"Ciências Humanas e Sociais Aplicadas, Escuta, Fala, Pensamento e Imaginação, Geografia, História, Linguagens e suas Tecnologias, Língua Inglesa, Língua Portuguesa",ai_generated
ba5ddcda-60a7-4694-88a6-5abf5072416b,EF03LP10,medium,English Language Arts,"Ciências Humanas e Sociais Aplicadas, Escuta, Fala, Pensamento e Imaginação, Geografia, História, Linguagens e suas Tecnologias, Língua Inglesa, Língua Portuguesa",ai_generated
27d7319f-8608-4ba2-b339-5dd5a8955b61,EF35LP26,medium,English Language Arts,"Ciências Humanas e Sociais Aplicadas, Escuta, Fala, Pensamento e Imaginação, Geografia, História, Linguagens e suas Tecnologias, Língua Inglesa, Língua Portuguesa",ai_generated
835213fc-0f3e-4fcc-9552-8b4dc411ba0b,EF69LP42,medium,English Language Arts,"Ciências Humanas e Sociais Aplicadas, Escuta, Fala, Pensamento e Imaginação, Geografia, História, Linguagens e suas Tecnologias, Língua Inglesa, Língua Portuguesa",ai_generated
f852f1f6-264e-45b5-9ed9-47ae4f9572ab,EF35LP01,high,English Language Arts,"Ciências Humanas e Sociais Aplicadas, Escuta, Fala, Pensamento e Imaginação, Geografia, História, Linguagens e suas Tecnologias, Língua Inglesa, Língua Portuguesa",ai_generated
f288d38f-8e3a-4120-bcb1-f8603aa1eb9a,EF01LP01,medium,English Language Arts,"Ciências Humanas e Sociais Aplicadas, Escuta, Fala, Pensamento e Imaginação, Geografia, História, Linguagens e suas Tecnologias, Língua Inglesa, Língua Portuguesa",ai_generated
ff7aa38d-804d-46a9-975e-42337cc899a4,EF67LP20,medium,English Language Arts,"Ciências Humanas e Sociais Aplicadas, Escuta, Fala, Pensamento e Imaginação, Geografia, História, Linguagens e suas Tecnologias, Língua Inglesa, Língua Portuguesa",ai_generated
94891356-305d-4a30-9d4e-057936850119,EF12LP05,medium,English Language Arts,"Ciências Humanas e Sociais Aplicadas, Escuta, Fala, Pensamento e Imaginação, Geografia, História, Linguagens e suas Tecnologias, Língua Inglesa, Língua Portuguesa",ai_generated
fa35e031-8560-402d-bee7-1d8226401d63,EF12LP05,medium,English Language Arts,"Ciências Humanas e Sociais Aplicadas, Escuta, Fala, Pensamento e Imaginação, Geografia, História, Linguagens e suas Tecnologias, Língua Inglesa, Língua Portuguesa",ai_generated
4b8ae4ac-e390-47da-8e46-6f036acd1c7c,EF35LP15,medium,English Language Arts,"Ciências Humanas e Sociais Aplicadas, Escuta, Fala, Pensamento e Imaginação, Geografia, História, Linguagens e suas Tecnologias, Língua Inglesa, Língua Portuguesa",ai_generated
6f473ebf-7455-4e65-8f1e-5057c9dd2108,EF69LP43,medium,English Language Arts,"Ciências Humanas e Sociais Aplicadas, Escuta, Fala, Pensamento e Imaginação, Geografia, História, Linguagens e suas Tecnologias, Língua Inglesa, Língua Portuguesa",ai_generated
8f3fd862-932f-4374-96ce-30b25e0144d8,EM13LP29,high,English Language Arts,"Ciências Humanas e Sociais Aplicadas, Escuta, Fala, Pensamento e Imaginação, Geografia, História, Linguagens e suas Tecnologias, Língua Inglesa, Língua Portuguesa",ai_generated
24108c9a-7c50-44c2-b95b-2077f15e598f,EF15LP09,medium,English Language Arts,"Ciências Humanas e Sociais Aplicadas, Escuta, Fala, Pensamento e Imaginação, Geografia, História, Linguagens e suas Tecnologias, Língua Inglesa, Língua Portuguesa",ai_generated
adadd1a2-966a-4828-a08d-f9f2f3fbd03c,EF67LP34,high,English Language Arts,"Ciências Humanas e Sociais Aplicadas, Escuta, Fala, Pensamento e Imaginação, Geografia, História, Linguagens e suas Tecnologias, Língua Inglesa, Língua Portuguesa",ai_generated
32f0adc9-2b46-485e-b15d-3baefe9c9d87,EF03LP11,medium,English Language Arts,"Ciências Humanas e Sociais Aplicadas, Escuta, Fala, Pensamento e Imaginação, Geografia, História, Linguagens e suas Tecnologias, Língua Inglesa, Língua Portuguesa",ai_generated
2787ceed-a469-4e9b-bf52-80f7663b7219,EF09LP09,medium,English Language Arts,"Ciências Humanas e Sociais Aplicadas, Escuta, Fala, Pensamento e Imaginação, Geografia, História, Linguagens e suas Tecnologias, Língua Inglesa, Língua Portuguesa",ai_generated
e9d34933-48d3-4b52-940d-4b5b3f8525d8,EF08LI17,high,English Language Arts,"Ciências Humanas e Sociais Aplicadas, Escuta, Fala, Pensamento e Imaginação, Geografia, História, Linguagens e suas Tecnologias, Língua Inglesa, Língua Portuguesa",ai_generated
52065278-f318-4cdd-a980-6c0f49e44e43,EF08LI17,high,English Language Arts,"Ciências Humanas e Sociais Aplicadas, Escuta, Fala, Pensamento e Imaginação, Geografia, História, Linguagens e suas Tecnologias, Língua Inglesa, Língua Portuguesa",ai_generated
152bc3d5-b96c-497e-83b4-9b740f62f46a,EF08LP08,high,English Language Arts,"Ciências Humanas e Sociais Aplicadas, Escuta, Fala, Pensamento e Imaginação, Geografia, História, Linguagens e suas Tecnologias, Língua Inglesa, Língua Portuguesa",ai_generated
5894e8ba-f3c8-40f4-b94b-6b588b670d95,EF69LP07,medium,English Language Arts,"Ciências Humanas e Sociais Aplicadas, Escuta, Fala, Pensamento e Imaginação, Geografia, História, Linguagens e suas Tecnologias, Língua Inglesa, Língua Portuguesa",ai_generated
41cab24b-9f61-4040-b3cf-7ae302133cc5,EF07LI12,medium,English Language Arts,"Ciências Humanas e Sociais Aplicadas, Escuta, Fala, Pensamento e Imaginação, Geografia, História, Linguagens e suas Tecnologias, Língua Inglesa, Língua Portuguesa",ai_generated
b08da04e-199e-4af4-9b24-77d7d7d93866,EF12LP01,medium,English Language Arts,"Ciências Humanas e Sociais Aplicadas, Escuta, Fala, Pensamento e Imaginação, Geografia, História, Linguagens e suas Tecnologias, Língua Inglesa, Língua Portuguesa",ai_generated
94771754-bf98-46b4-9a6c-ba429f9952bb,EF35LP25,medium,English Language Arts,"Ciências Humanas e Sociais Aplicadas, Escuta, Fala, Pensamento e Imaginação, Geografia, História, Linguagens e suas Tecnologias, Língua Inglesa, Língua Portuguesa",ai_generated
90edcb9e-0afe-44b6-afb1-35e0ee39969d,EM13LP02,medium,English Language Arts,"Ciências Humanas e Sociais Aplicadas, Escuta, Fala, Pensamento e Imaginação, Geografia, História, Linguagens e suas Tecnologias, Língua Inglesa, Língua Portuguesa",ai_generated
40ce6d9a-1630-49cf-ada4-a72669b8f8c5,EF03LP14,medium,English Language Arts,"Ciências Humanas e Sociais Aplicadas, Escuta, Fala, Pensamento e Imaginação, Geografia, História, Linguagens e suas Tecnologias, Língua Inglesa, Língua Portuguesa",ai_generated
7564753c-5c7b-45ef-9161-6c2fdaf6e6e8,EF69LP14,medium,English Language Arts,"Ciências Humanas e Sociais Aplicadas, Escuta, Fala, Pensamento e Imaginação, Geografia, História, Linguagens e suas Tecnologias, Língua Inglesa, Língua Portuguesa",ai_generated
42a27d06-a3d1-45aa-93fe-29f5a1f2f060,EF89LP24,medium,English Language Arts,"Ciências Humanas e Sociais Aplicadas, Escuta, Fala, Pensamento e Imaginação, Geografia, História, Linguagens e suas Tecnologias, Língua Inglesa, Língua Portuguesa",ai_generated
145e8b0f-667a-4df8-8f04-53840520f0d3,EF01LP01,high,English Language Arts,"Ciências Humanas e Sociais Aplicadas, Escuta, Fala, Pensamento e Imaginação, Geografia, História, Linguagens e suas Tecnologias, Língua Inglesa, Língua Portuguesa",ai_generated
44b813a1-6f56-4961-a49a-f4df19ede879,EF35LP26,high,English Language Arts,"Ciências Humanas e Sociais Aplicadas, Escuta, Fala, Pensamento e Imaginação, Geografia, História, Linguagens e suas Tecnologias, Língua Inglesa, Língua Portuguesa",ai_generated
630c4ec5-a202-4b2a-89bf-498abfeb356a,EF35LP26,high,English Language Arts,"Ciências Humanas e Sociais Aplicadas, Escuta, Fala, Pensamento e Imaginação, Geografia, História, Linguagens e suas Tecnologias, Língua Inglesa, Língua Portuguesa",ai_generated
1d7fe1f5-0ca4-4b0b-a607-8cc8b3457b9e,EF89LP24,medium,English Language Arts,"Ciências Humanas e Sociais Aplicadas, Escuta, Fala, Pensamento e Imaginação, Geografia, História, Linguagens e suas Tecnologias, Língua Inglesa, Língua Portuguesa",ai_generated
85171c82-a848-496e-8283-0ea5dc98ac5d,EM13LP28,medium,English Language Arts,"Ciências Humanas e Sociais Aplicadas, Escuta, Fala, Pensamento e Imaginação, Geografia, História, Linguagens e suas Tecnologias, Língua Inglesa, Língua Portuguesa",ai_generated
0bfc6bb1-4a7b-42f3-a42f-8afb5aa79d42,EF35LP07,high,English Language Arts,"Ciências Humanas e Sociais Aplicadas, Escuta, Fala, Pensamento e Imaginação, Geografia, História, Linguagens e suas Tecnologias, Língua Inglesa, Língua Portuguesa",ai_generated
6e86bfae-10a5-4e3b-b119-e4438542fc32,EF35LP05,medium,English Language Arts,"Ciências Humanas e Sociais Aplicadas, Escuta, Fala, Pensamento e Imaginação, Geografia, História, Linguagens e suas Tecnologias, Língua Inglesa, Língua Portuguesa",ai_generated
1e8ec4dd-123d-4238-8424-ce8fac073ac3,EF15LP05,high,English Language Arts,"Ciências Humanas e Sociais Aplicadas, Escuta, Fala, Pensamento e Imaginação, Geografia, História, Linguagens e suas Tecnologias, Língua Inglesa, Língua Portuguesa",ai_generated
b69934ab-d136-46c0-bcbc-5b9dd0d91bad,EF15LP01,medium,English Language Arts,"Ciências Humanas e Sociais Aplicadas, Escuta, Fala, Pensamento e Imaginação, Geografia, História, Linguagens e suas Tecnologias, Língua Inglesa, Língua Portuguesa",ai_generated
7d07bc45-5cc1-4f2c-85bb-e36f26216fd6,EF15LP11,high,English Language Arts,"Ciências Humanas e Sociais Aplicadas, Escuta, Fala, Pensamento e Imaginação, Geografia, História, Linguagens e suas Tecnologias, Língua Inglesa, Língua Portuguesa",ai_generated
23743a3a-b24f-49f7-9622-4d96e4006c90,EF08LP08,high,English Language Arts,"Ciências Humanas e Sociais Aplicadas, Escuta, Fala, Pensamento e Imaginação, Geografia, História, Linguagens e suas Tecnologias, Língua Inglesa, Língua Portuguesa",ai_generated
dd7adeaf-dc1e-4b3d-8bfc-26088b5f7b98,EF03LP05,medium,English Language Arts,"Ciências Humanas e Sociais Aplicadas, Escuta, Fala, Pensamento e Imaginação, Geografia, História, Linguagens e suas Tecnologias, Língua Inglesa, Língua Portuguesa",ai_generated
d29e1c04-6c0b-4ad5-9bae-e5dedb3e2af5,EF15LP04,medium,English Language Arts,"Ciências Humanas e Sociais Aplicadas, Escuta, Fala, Pensamento e Imaginação, Geografia, História, Linguagens e suas Tecnologias, Língua Inglesa, Língua Portuguesa",ai_generated
36f26b67-f8e8-4304-ac7d-c29aa6208431,EF06LP08,medium,English Language Arts,"Ciências Humanas e Sociais Aplicadas, Escuta, Fala, Pensamento e Imaginação, Geografia, História, Linguagens e suas Tecnologias, Língua Inglesa, Língua Portuguesa",ai_generated
e6f1b1d0-a195-46ed-b59f-827be0262b9b,EF08LP11,medium,English Language Arts,"Ciências Humanas e Sociais Aplicadas, Escuta, Fala, Pensamento e Imaginação, Geografia, História, Linguagens e suas Tecnologias, Língua Inglesa, Língua Portuguesa",ai_generated
0b82d676-01d7-4d97-9f07-d23377a87255,EF06LP08,medium,English Language Arts,"Ciências Humanas e Sociais Aplicadas, Escuta, Fala, Pensamento e Imaginação, Geografia, História, Linguagens e suas Tecnologias, Língua Inglesa, Língua Portuguesa",ai_generated
922b0c8f-7e6d-4e01-8df9-8f5c9a703745,EF08LP09,medium,English Language Arts,"Ciências Humanas e Sociais Aplicadas, Escuta, Fala, Pensamento e Imaginação, Geografia, História, Linguagens e suas Tecnologias, Língua Inglesa, Língua Portuguesa",ai_generated
e0a82848-7128-42f7-9d9c-ed38483ff611,EF08LP09,medium,English Language Arts,"Ciências Humanas e Sociais Aplicadas, Escuta, Fala, Pensamento e Imaginação, Geografia, História, Linguagens e suas Tecnologias, Língua Inglesa, Língua Portuguesa",ai_generated
9e4812ec-3af8-4845-b07d-cf7494b6cdb0,EF08LP09,medium,English Language Arts,"Ciências Humanas e Sociais Aplicadas, Escuta, Fala, Pensamento e Imaginação, Geografia, História, Linguagens e suas Tecnologias, Língua Inglesa, Língua Portuguesa",ai_generated
b24dd41d-58bd-4439-968b-b85974004a2c,EF89LP33,medium,English Language Arts,"Ciências Humanas e Sociais Aplicadas, Escuta, Fala, Pensamento e Imaginação, Geografia, História, Linguagens e suas Tecnologias, Língua Inglesa, Língua Portuguesa",ai_generated
af67ee0e-6b4c-4bc2-aebd-cd046ce37fc6,EF08LP11,medium,English Language Arts,"Ciências Humanas e Sociais Aplicadas, Escuta, Fala, Pensamento e Imaginação, Geografia, História, Linguagens e suas Tecnologias, Língua Inglesa, Língua Portuguesa",ai_generated
531b30fa-61ec-4b9f-8eaa-e33c56f7d619,EF03LP10,high,English Language Arts,"Ciências Humanas e Sociais Aplicadas, Escuta, Fala, Pensamento e Imaginação, Geografia, História, Linguagens e suas Tecnologias, Língua Inglesa, Língua Portuguesa",ai_generated
ad4b8159-761f-4cef-a82c-dca2841db864,EF15LP11,medium,English Language Arts,"Ciências Humanas e Sociais Aplicadas, Escuta, Fala, Pensamento e Imaginação, Geografia, História, Linguagens e suas Tecnologias, Língua Inglesa, Língua Portuguesa",ai_generated
04dab461-9f38-4533-bf3f-3d817bc3c697,EF15LP19,medium,English Language Arts,"Ciências Humanas e Sociais Aplicadas, Escuta, Fala, Pensamento e Imaginação, Geografia, História, Linguagens e suas Tecnologias, Língua Inglesa, Língua Portuguesa",ai_generated
125d7d99-2f53-4173-befb-e23eeda52bbf,EF69LP55,high,English Language Arts,"Ciências Humanas e Sociais Aplicadas, Escuta, Fala, Pensamento e Imaginação, Geografia, História, Linguagens e suas Tecnologias, Língua Inglesa, Língua Portuguesa",ai_generated
493b63d1-ce79-46fa-830a-7a111de678e0,EF01LP01,high,English Language Arts,"Ciências Humanas e Sociais Aplicadas, Escuta, Fala, Pensamento e Imaginação, Geografia, História, Linguagens e suas Tecnologias, Língua Inglesa, Língua Portuguesa",ai_generated
05dfb33c-ac94-4c6d-a646-df87fdf83fee,EF67LP32,high,English Language Arts,"Ciências Humanas e Sociais Aplicadas, Escuta, Fala, Pensamento e Imaginação, Geografia, História, Linguagens e suas Tecnologias, Língua Inglesa, Língua Portuguesa",ai_generated
7fd0418d-d697-49c2-9afd-beed7417121d,EF69LP12,medium,English Language Arts,"Ciências Humanas e Sociais Aplicadas, Escuta, Fala, Pensamento e Imaginação, Geografia, História, Linguagens e suas Tecnologias, Língua Inglesa, Língua Portuguesa",ai_generated
6af51612-bb6f-4eed-8d03-5fc416ca6bf0,EF05LP05,high,English Language Arts,"Ciências Humanas e Sociais Aplicadas, Escuta, Fala, Pensamento e Imaginação, Geografia, História, Linguagens e suas Tecnologias, Língua Inglesa, Língua Portuguesa",ai_generated
c16cded6-2f45-4a46-8eee-688b2ac8c7a7,EF89LP24,high,English Language Arts,"Ciências Humanas e Sociais Aplicadas, Escuta, Fala, Pensamento e Imaginação, Geografia, História, Linguagens e suas Tecnologias, Língua Inglesa, Língua Portuguesa",ai_generated
cae63784-4d73-4fe1-83be-b7dd5b182b2c,EF07LP14,medium,English Language Arts,"Ciências Humanas e Sociais Aplicadas, Escuta, Fala, Pensamento e Imaginação, Geografia, História, Linguagens e suas Tecnologias, Língua Inglesa, Língua Portuguesa",ai_generated
22e08a40-abdb-4727-bafc-219d0a4d7c8d,EF07LP14,medium,English Language Arts,"Ciências Humanas e Sociais Aplicadas, Escuta, Fala, Pensamento e Imaginação, Geografia, História, Linguagens e suas Tecnologias, Língua Inglesa, Língua Portuguesa",ai_generated
c54898ab-b6c6-4fa8-aaf5-d6cbb778f20f,EF67LP04,medium,English Language Arts,"Ciências Humanas e Sociais Aplicadas, Escuta, Fala, Pensamento e Imaginação, Geografia, História, Linguagens e suas Tecnologias, Língua Inglesa, Língua Portuguesa",ai_generated
bed04226-6ce4-42e2-b14d-0cb991486e30,EF03LP07,high,English Language Arts,"Ciências Humanas e Sociais Aplicadas, Escuta, Fala, Pensamento e Imaginação, Geografia, História, Linguagens e suas Tecnologias, Língua Inglesa, Língua Portuguesa",ai_generated
a0b8e97d-f1c6-457e-b823-a3be4f0748fd,EF04LP05,high,English Language Arts,"Ciências Humanas e Sociais Aplicadas, Escuta, Fala, Pensamento e Imaginação, Geografia, História, Linguagens e suas Tecnologias, Língua Inglesa, Língua Portuguesa",ai_generated
5be72d09-14f4-4d84-8a2c-1408c9f74d86,EF01LP08,medium,English Language Arts,"Ciências Humanas e Sociais Aplicadas, Escuta, Fala, Pensamento e Imaginação, Geografia, História, Linguagens e suas Tecnologias, Língua Inglesa, Língua Portuguesa",ai_generated
563ce990-4fd6-4887-81a7-c917e2f00124,EF06LI21,medium,English Language Arts,"Ciências Humanas e Sociais Aplicadas, Escuta, Fala, Pensamento e Imaginação, Geografia, História, Linguagens e suas Tecnologias, Língua Inglesa, Língua Portuguesa",ai_generated
d6b349cf-8d62-4d9a-a7ee-48be7eddf8e2,EF06LI19,medium,English Language Arts,"Ciências Humanas e Sociais Aplicadas, Escuta, Fala, Pensamento e Imaginação, Geografia, História, Linguagens e suas Tecnologias, Língua Inglesa, Língua Portuguesa",ai_generated
01688d03-b90a-4202-8909-66981695c7d3,EF35LP06,medium,English Language Arts,"Ciências Humanas e Sociais Aplicadas, Escuta, Fala, Pensamento e Imaginação, Geografia, História, Linguagens e suas Tecnologias, Língua Inglesa, Língua Portuguesa",ai_generated
6b6a63ad-969b-4d87-ae61-f6e5941f153d,EM13LP30,medium,English Language Arts,"Ciências Humanas e Sociais Aplicadas, Escuta, Fala, Pensamento e Imaginação, Geografia, História, Linguagens e suas Tecnologias, Língua Inglesa, Língua Portuguesa",ai_generated
73c21447-4e80-42b8-a8e2-f4c4f27603c7,EM13LP34,high,English Language Arts,"Ciências Humanas e Sociais Aplicadas, Escuta, Fala, Pensamento e Imaginação, Geografia, História, Linguagens e suas Tecnologias, Língua Inglesa, Língua Portuguesa",ai_generated
4b5fdad9-c943-4709-9cbc-99c475f716d0,EF67LP25,high,English Language Arts,"Ciências Humanas e Sociais Aplicadas, Escuta, Fala, Pensamento e Imaginação, Geografia, História, Linguagens e suas Tecnologias, Língua Inglesa, Língua Portuguesa",ai_generated
24c0e5f5-607f-4e6f-9756-44fee69aa044,EF69LP35,high,English Language Arts,"Ciências Humanas e Sociais Aplicadas, Escuta, Fala, Pensamento e Imaginação, Geografia, História, Linguagens e suas Tecnologias, Língua Inglesa, Língua Portuguesa",ai_generated
4b9b93ea-8007-422b-a91c-502575ac7581,EF04HI02,medium,English Language Arts,"Ciências Humanas e Sociais Aplicadas, Escuta, Fala, Pensamento e Imaginação, Geografia, História, Linguagens e suas Tecnologias, Língua Inglesa, Língua Portuguesa",ai_generated
204d1e3d-1793-4bad-ac5d-ea0cb2beeaf2,EF02HI06,medium,English Language Arts,"Ciências Humanas e Sociais Aplicadas, Escuta, Fala, Pensamento e Imaginação, Geografia, História, Linguagens e suas Tecnologias, Língua Inglesa, Língua Portuguesa",ai_generated
7851deb3-f047-4a16-9895-19c23d98ce87,EF69LP15,high,English Language Arts,"Ciências Humanas e Sociais Aplicadas, Escuta, Fala, Pensamento e Imaginação, Geografia, História, Linguagens e suas Tecnologias, Língua Inglesa, Língua Portuguesa",ai_generated
933df0b4-affd-49aa-8310-d4798fc74c73,EF69LP25,high,English Language Arts,"Ciências Humanas e Sociais Aplicadas, Escuta, Fala, Pensamento e Imaginação, Geografia, História, Linguagens e suas Tecnologias, Língua Inglesa, Língua Portuguesa",ai_generated
3a30940f-64f0-4b74-a6c7-99f0c726ddf0,EF15LP10,high,English Language Arts,"Ciências Humanas e Sociais Aplicadas, Escuta, Fala, Pensamento e Imaginação, Geografia, História, Linguagens e suas Tecnologias, Língua Inglesa, Língua Portuguesa",ai_generated
c788751c-a447-472f-9836-34ea3dbea885,EF89LP05,high,English Language Arts,"Ciências Humanas e Sociais Aplicadas, Escuta, Fala, Pensamento e Imaginação, Geografia, História, Linguagens e suas Tecnologias, Língua Inglesa, Língua Portuguesa",ai_generated
4a85f09a-f0d0-43ea-8279-28cbb516a6f2,EF35LP18,high,English Language Arts,"Ciências Humanas e Sociais Aplicadas, Escuta, Fala, Pensamento e Imaginação, Geografia, História, Linguagens e suas Tecnologias, Língua Inglesa, Língua Portuguesa",ai_generated
47c87244-e883-43af-8c0f-d9046f40af7f,EF35LP19,high,English Language Arts,"Ciências Humanas e Sociais Aplicadas, Escuta, Fala, Pensamento e Imaginação, Geografia, História, Linguagens e suas Tecnologias, Língua Inglesa, Língua Portuguesa",ai_generated
c02d66b1-833b-4b6a-b8ae-2818f0dcad66,EF08LP03,high,English Language Arts,"Ciências Humanas e Sociais Aplicadas, Escuta, Fala, Pensamento e Imaginação, Geografia, História, Linguagens e suas Tecnologias, Língua Inglesa, Língua Portuguesa",ai_generated
07af7f6b-4980-42c9-afaa-ce91f33d9e00,EF05LP08,high,English Language Arts,"Ciências Humanas e Sociais Aplicadas, Escuta, Fala, Pensamento e Imaginação, Geografia, História, Linguagens e suas Tecnologias, Língua Inglesa, Língua Portuguesa",ai_generated
3440fa07-9640-4ff3-b7e7-aba4acc7b206,EF08LI13,high,English Language Arts,"Ciências Humanas e Sociais Aplicadas, Escuta, Fala, Pensamento e Imaginação, Geografia, História, Linguagens e suas Tecnologias, Língua Inglesa, Língua Portuguesa",ai_generated
b6aa8667-9391-4aed-becc-9489de2f34ee,EF35LP13,high,English Language Arts,"Ciências Humanas e Sociais Aplicadas, Escuta, Fala, Pensamento e Imaginação, Geografia, História, Linguagens e suas Tecnologias, Língua Inglesa, Língua Portuguesa",ai_generated
f1b9e055-fe85-49e4-b9cc-9f817cd104fd,EF05LP01,high,English Language Arts,"Ciências Humanas e Sociais Aplicadas, Escuta, Fala, Pensamento e Imaginação, Geografia, História, Linguagens e suas Tecnologias, Língua Inglesa, Língua Portuguesa",ai_generated
61370439-046f-4cfb-9699-b28d1011d3f4,EF69LP18,high,English Language Arts,"Ciências Humanas e Sociais Aplicadas, Escuta, Fala, Pensamento e Imaginação, Geografia, História, Linguagens e suas Tecnologias, Língua Inglesa, Língua Portuguesa",ai_generated
aa231f56-a7ca-4f2c-80ef-18d2a19746ab,EM13LP06,medium,English Language Arts,"Ciências Humanas e Sociais Aplicadas, Escuta, Fala, Pensamento e Imaginação, Geografia, História, Linguagens e suas Tecnologias, Língua Inglesa, Língua Portuguesa",ai_generated
5939cb13-0f65-4339-abab-a8d66a65de09,EF69LP18,high,English Language Arts,"Ciências Humanas e Sociais Aplicadas, Escuta, Fala, Pensamento e Imaginação, Geografia, História, Linguagens e suas Tecnologias, Língua Inglesa, Língua Portuguesa",ai_generated
c6487949-b71d-4800-903f-bbd7baad103f,EF07LP06,high,English Language Arts,"Ciências Humanas e Sociais Aplicadas, Escuta, Fala, Pensamento e Imaginação, Geografia, História, Linguagens e suas Tecnologias, Língua Inglesa, Língua Portuguesa",ai_generated
c4b5de04-f25a-41ee-91bb-259ea3d8b8e8,EF67LP32,medium,English Language Arts,"Ciências Humanas e Sociais Aplicadas, Escuta, Fala, Pensamento e Imaginação, Geografia, História, Linguagens e suas Tecnologias, Língua Inglesa, Língua Portuguesa",ai_generated
a158c74d-11c9-4ccf-92b2-cc5b73799aef,EF01LP15,medium,English Language Arts,"Ciências Humanas e Sociais Aplicadas, Escuta, Fala, Pensamento e Imaginação, Geografia, História, Linguagens e suas Tecnologias, Língua Inglesa, Língua Portuguesa",ai_generated
43cabf23-a3a4-4c9a-b240-1eea9c3cc68e,EF15LP07,medium,English Language Arts,"Ciências Humanas e Sociais Aplicadas, Escuta, Fala, Pensamento e Imaginação, Geografia, História, Linguagens e suas Tecnologias, Língua Inglesa, Língua Portuguesa",ai_generated
a4056048-4edc-47f5-951f-c2a15df9a6cf,EF35LP30,medium,English Language Arts,"Ciências Humanas e Sociais Aplicadas, Escuta, Fala, Pensamento e Imaginação, Geografia, História, Linguagens e suas Tecnologias, Língua Inglesa, Língua Portuguesa",ai_generated
f156f058-c920-4a53-9d06-4e28f2c7dc1d,EF35LP29,medium,English Language Arts,"Ciências Humanas e Sociais Aplicadas, Escuta, Fala, Pensamento e Imaginação, Geografia, História, Linguagens e suas Tecnologias, Língua Inglesa, Língua Portuguesa",ai_generated
f1fdf8e7-0208-49cc-ab85-2d7fa93b345f,EF06LP01,high,English Language Arts,"Ciências Humanas e Sociais Aplicadas, Escuta, Fala, Pensamento e Imaginação, Geografia, História, Linguagens e suas Tecnologias, Língua Inglesa, Língua Portuguesa",ai_generated
9de7da01-0295-483d-86b1-4d754ecb5ba5,EF35LP19,medium,English Language Arts,"Ciências Humanas e Sociais Aplicadas, Escuta, Fala, Pensamento e Imaginação, Geografia, História, Linguagens e suas Tecnologias, Língua Inglesa, Língua Portuguesa",ai_generated
d6b92cd8-0171-4315-9513-54e05d6df0ca,EF69LP08,high,English Language Arts,"Ciências Humanas e Sociais Aplicadas, Escuta, Fala, Pensamento e Imaginação, Geografia, História, Linguagens e suas Tecnologias, Língua Inglesa, Língua Portuguesa",ai_generated
f31a64ba-ff2c-4414-b0af-94cf45e4578d,EF69LP34,medium,English Language Arts,"Ciências Humanas e Sociais Aplicadas, Escuta, Fala, Pensamento e Imaginação, Geografia, História, Linguagens e suas Tecnologias, Língua Inglesa, Língua Portuguesa",ai_generated
5b441760-f667-44a8-9c32-7b469a23340e,EF06LP09,medium,English Language Arts,"Ciências Humanas e Sociais Aplicadas, Escuta, Fala, Pensamento e Imaginação, Geografia, História, Linguagens e suas Tecnologias, Língua Inglesa, Língua Portuguesa",ai_generated
41b21ec6-dfd8-46ef-aa3a-8dc8fb32c72e,EF07LP14,medium,English Language Arts,"Ciências Humanas e Sociais Aplicadas, Escuta, Fala, Pensamento e Imaginação, Geografia, História, Linguagens e suas Tecnologias, Língua Inglesa, Língua Portuguesa",ai_generated
bb2fa1d4-5d9f-4fd6-a7cd-0e47b48482dc,EF67LP06,medium,English Language Arts,"Ciências Humanas e Sociais Aplicadas, Escuta, Fala, Pensamento e Imaginação, Geografia, História, Linguagens e suas Tecnologias, Língua Inglesa, Língua Portuguesa",ai_generated
59d523ff-a94d-4955-adab-a165230d93cd,EF03LP10,high,English Language Arts,"Ciências Humanas e Sociais Aplicadas, Escuta, Fala, Pensamento e Imaginação, Geografia, História, Linguagens e suas Tecnologias, Língua Inglesa, Língua Portuguesa",ai_generated
ad28daad-85d1-4175-a24c-644c117e446b,EF05LP16,high,English Language Arts,"Ciências Humanas e Sociais Aplicadas, Escuta, Fala, Pensamento e Imaginação, Geografia, História, Linguagens e suas Tecnologias, Língua Inglesa, Língua Portuguesa",ai_generated
0e4c0130-2444-4673-9605-80e1932ae14a,EF06LI03,medium,English Language Arts,"Ciências Humanas e Sociais Aplicadas, Escuta, Fala, Pensamento e Imaginação, Geografia, História, Linguagens e suas Tecnologias, Língua Inglesa, Língua Portuguesa",ai_generated
009efe8e-d581-4ca8-bb7d-fd694309be4d,EF89LP37,high,English Language Arts,"Ciências Humanas e Sociais Aplicadas, Escuta, Fala, Pensamento e Imaginação, Geografia, História, Linguagens e suas Tecnologias, Língua Inglesa, Língua Portuguesa",ai_generated
fe5006a6-9602-4090-8f75-4711753cf15a,EF05LP04,high,English Language Arts,"Ciências Humanas e Sociais Aplicadas, Escuta, Fala, Pensamento e Imaginação, Geografia, História, Linguagens e suas Tecnologias, Língua Inglesa, Língua Portuguesa",ai_generated
d363fad1-f8ba-46f2-9b1f-f097629ecbc7,EF06LI17,medium,English Language Arts,"Ciências Humanas e Sociais Aplicadas, Escuta, Fala, Pensamento e Imaginação, Geografia, História, Linguagens e suas Tecnologias, Língua Inglesa, Língua Portuguesa",ai_generated
297756fb-cc02-4108-92d4-8a837b6671e4,EF67LP23,high,English Language Arts,"Ciências Humanas e Sociais Aplicadas, Escuta, Fala, Pensamento e Imaginação, Geografia, História, Linguagens e suas Tecnologias, Língua Inglesa, Língua Portuguesa",ai_generated
5c8a1933-bb66-451f-8b2f-5b641e1719d0,EF06LI03,high,English Language Arts,"Ciências Humanas e Sociais Aplicadas, Escuta, Fala, Pensamento e Imaginação, Geografia, História, Linguagens e suas Tecnologias, Língua Inglesa, Língua Portuguesa",ai_generated
3c370afa-8d44-42ad-8b90-9cd67d46581a,EF69LP48,high,English Language Arts,"Ciências Humanas e Sociais Aplicadas, Escuta, Fala, Pensamento e Imaginação, Geografia, História, Linguagens e suas Tecnologias, Língua Inglesa, Língua Portuguesa",ai_generated
cbf2dfaf-3613-4b11-ba45-ac569a0f1e03,EF69LP37,medium,English Language Arts,"Ciências Humanas e Sociais Aplicadas, Escuta, Fala, Pensamento e Imaginação, Geografia, História, Linguagens e suas Tecnologias, Língua Inglesa, Língua Portuguesa",ai_generated
b910144b-8ffb-495a-9270-a391dd7c56aa,EF89LP27,medium,English Language Arts,"Ciências Humanas e Sociais Aplicadas, Escuta, Fala, Pensamento e Imaginação, Geografia, História, Linguagens e suas Tecnologias, Língua Inglesa, Língua Portuguesa",ai_generated
035dac55-b012-41ff-8a9a-c15906562d14,EF07LP14,medium,English Language Arts,"Ciências Humanas e Sociais Aplicadas, Escuta, Fala, Pensamento e Imaginação, Geografia, História, Linguagens e suas Tecnologias, Língua Inglesa, Língua Portuguesa",ai_generated
fecf3d8c-e81a-43fa-8a97-dc2c3162647c,EF69LP05,medium,English Language Arts,"Ciências Humanas e Sociais Aplicadas, Escuta, Fala, Pensamento e Imaginação, Geografia, História, Linguagens e suas Tecnologias, Língua Inglesa, Língua Portuguesa",ai_generated
5fed0d87-911b-40d1-b293-9b1c181ef2cd,EF15LP16,medium,English Language Arts,"Ciências Humanas e Sociais Aplicadas, Escuta, Fala, Pensamento e Imaginação, Geografia, História, Linguagens e suas Tecnologias, Língua Inglesa, Língua Portuguesa",ai_generated
42623f65-71b0-4123-9b32-0c9f46a0e15d,EF69LP44,medium,English Language Arts,"Ciências Humanas e Sociais Aplicadas, Escuta, Fala, Pensamento e Imaginação, Geografia, História, Linguagens e suas Tecnologias, Língua Inglesa, Língua Portuguesa",ai_generated
936d5e47-7cc1-491d-ac4a-4646f1348daa,EF89LP33,medium,English Language Arts,"Ciências Humanas e Sociais Aplicadas, Escuta, Fala, Pensamento e Imaginação, Geografia, História, Linguagens e suas Tecnologias, Língua Inglesa, Língua Portuguesa",ai_generated
234067ab-4da7-4f73-876b-b5ee60c8ac69,EF15LP02,medium,English Language Arts,"Ciências Humanas e Sociais Aplicadas, Escuta, Fala, Pensamento e Imaginação, Geografia, História, Linguagens e suas Tecnologias, Língua Inglesa, Língua Portuguesa",ai_generated
ecf254d7-f0e2-4699-b84d-0ee639b74177,EF67LP33,medium,English Language Arts,"Ciências Humanas e Sociais Aplicadas, Escuta, Fala, Pensamento e Imaginação, Geografia, História, Linguagens e suas Tecnologias, Língua Inglesa, Língua Portuguesa",ai_generated
fac2f2bc-62e4-4c38-aa45-0d08cb609aa5,EF07LI22,medium,English Language Arts,"Ciências Humanas e Sociais Aplicadas, Escuta, Fala, Pensamento e Imaginação, Geografia, História, Linguagens e suas Tecnologias, Língua Inglesa, Língua Portuguesa",ai_generated
db4f699b-e39e-42d2-90b6-86ca9ad2724d,EF05HI04,medium,English Language Arts,"Ciências Humanas e Sociais Aplicadas, Escuta, Fala, Pensamento e Imaginação, Geografia, História, Linguagens e suas Tecnologias, Língua Inglesa, Língua Portuguesa",ai_generated
f858ed4e-5162-46ca-813a-d58bcc8faad3,EF67LP36,medium,English Language Arts,"Ciências Humanas e Sociais Aplicadas, Escuta, Fala, Pensamento e Imaginação, Geografia, História, Linguagens e suas Tecnologias, Língua Inglesa, Língua Portuguesa",ai_generated
75084793-69f5-4275-b397-93fb7a7ff74e,EF67LP30,medium,English Language Arts,"Ciências Humanas e Sociais Aplicadas, Escuta, Fala, Pensamento e Imaginação, Geografia, História, Linguagens e suas Tecnologias, Língua Inglesa, Língua Portuguesa",ai_generated
79bdaeee-5640-4899-978e-0d75d626eaef,EF69LP34,medium,English Language Arts,"Ciências Humanas e Sociais Aplicadas, Escuta, Fala, Pensamento e Imaginação, Geografia, História, Linguagens e suas Tecnologias, Língua Inglesa, Língua Portuguesa",ai_generated
57f90d8a-4f2e-49b3-baa6-a667287eca42,EF35LP24,high,English Language Arts,"Ciências Humanas e Sociais Aplicadas, Escuta, Fala, Pensamento e Imaginação, Geografia, História, Linguagens e suas Tecnologias, Língua Inglesa, Língua Portuguesa",ai_generated
cd9f7a6b-758b-4d9f-a2c0-ee5d28008159,EF35LP31,high,English Language Arts,"Ciências Humanas e Sociais Aplicadas, Escuta, Fala, Pensamento e Imaginação, Geografia, História, Linguagens e suas Tecnologias, Língua Inglesa, Língua Portuguesa",ai_generated
3088f0db-ab1f-4708-9fad-0f8cb5e1e2aa,EF15LP05,medium,English Language Arts,"Ciências Humanas e Sociais Aplicadas, Escuta, Fala, Pensamento e Imaginação, Geografia, História, Linguagens e suas Tecnologias, Língua Inglesa, Língua Portuguesa",ai_generated
a27799cd-6832-49cf-b671-564b40519735,EF07LP06,high,English Language Arts,"Ciências Humanas e Sociais Aplicadas, Escuta, Fala, Pensamento e Imaginação, Geografia, História, Linguagens e suas Tecnologias, Língua Inglesa, Língua Portuguesa",ai_generated
cb9803a1-0b1e-43cd-80cd-8c691ff610f3,EF05LP05,high,English Language Arts,"Ciências Humanas e Sociais Aplicadas, Escuta, Fala, Pensamento e Imaginação, Geografia, História, Linguagens e suas Tecnologias, Língua Inglesa, Língua Portuguesa",ai_generated
0376f9fd-cd7d-44cc-a81b-1a63bdbbb369,EF15LP02,medium,English Language Arts,"Ciências Humanas e Sociais Aplicadas, Escuta, Fala, Pensamento e Imaginação, Geografia, História, Linguagens e suas Tecnologias, Língua Inglesa, Língua Portuguesa",ai_generated
60887ead-f21a-49bf-97ac-c604405207f3,EF15LP03,high,English Language Arts,"Ciências Humanas e Sociais Aplicadas, Escuta, Fala, Pensamento e Imaginação, Geografia, História, Linguagens e suas Tecnologias, Língua Inglesa, Língua Portuguesa",ai_generated
b570066b-db9a-40a2-845c-5ba51dfe1ef3,EM13LGG402,medium,English Language Arts,"Ciências Humanas e Sociais Aplicadas, Escuta, Fala, Pensamento e Imaginação, Geografia, História, Linguagens e suas Tecnologias, Língua Inglesa, Língua Portuguesa",ai_generated
b6e4c1bc-5be0-4360-a84c-fd55995309d3,EF69LP11,medium,English Language Arts,"Ciências Humanas e Sociais Aplicadas, Escuta, Fala, Pensamento e Imaginação, Geografia, História, Linguagens e suas Tecnologias, Língua Inglesa, Língua Portuguesa",ai_generated
5bd99288-209a-4863-a908-781f6db5f7be,EF03LP10,medium,English Language Arts,"Ciências Humanas e Sociais Aplicadas, Escuta, Fala, Pensamento e Imaginação, Geografia, História, Linguagens e suas Tecnologias, Língua Inglesa, Língua Portuguesa",ai_generated
43165654-f8ab-43fc-9fe3-b22dfae94063,EF05LP08,medium,English Language Arts,"Ciências Humanas e Sociais Aplicadas, Escuta, Fala, Pensamento e Imaginação, Geografia, História, Linguagens e suas Tecnologias, Língua Inglesa, Língua Portuguesa",ai_generated
c6cd2c9c-9572-407c-a9ea-1b946e9b2ad1,EF08LI14,high,English Language Arts,"Ciências Humanas e Sociais Aplicadas, Escuta, Fala, Pensamento e Imaginação, Geografia, História, Linguagens e suas Tecnologias, Língua Inglesa, Língua Portuguesa",ai_generated
cdd9f480-b007-4036-8559-a8798e388d42,EF07LI18,high,English Language Arts,"Ciências Humanas e Sociais Aplicadas, Escuta, Fala, Pensamento e Imaginação, Geografia, História, Linguagens e suas Tecnologias, Língua Inglesa, Língua Portuguesa",ai_generated
41680330-3190-4632-b50a-82b3a2a52ddb,EF05LP05,high,English Language Arts,"Ciências Humanas e Sociais Aplicadas, Escuta, Fala, Pensamento e Imaginação, Geografia, História, Linguagens e suas Tecnologias, Língua Inglesa, Língua Portuguesa",ai_generated
3290f026-bcf8-4623-b321-cb176e243ea2,EF89LP06,high,English Language Arts,"Ciências Humanas e Sociais Aplicadas, Escuta, Fala, Pensamento e Imaginação, Geografia, História, Linguagens e suas Tecnologias, Língua Inglesa, Língua Portuguesa",ai_generated
dd342f81-e009-4589-925d-4f855edb3474,EF07LP10,medium,English Language Arts,"Ciências Humanas e Sociais Aplicadas, Escuta, Fala, Pensamento e Imaginação, Geografia, História, Linguagens e suas Tecnologias, Língua Inglesa, Língua Portuguesa",ai_generated
65928374-3fe2-4ebf-82c7-736afca415f6,EF08LP12,medium,English Language Arts,"Ciências Humanas e Sociais Aplicadas, Escuta, Fala, Pensamento e Imaginação, Geografia, História, Linguagens e suas Tecnologias, Língua Inglesa, Língua Portuguesa",ai_generated
d07c3764-ff06-479b-825d-63af1d0e8906,EF89LP07,high,English Language Arts,"Ciências Humanas e Sociais Aplicadas, Escuta, Fala, Pensamento e Imaginação, Geografia, História, Linguagens e suas Tecnologias, Língua Inglesa, Língua Portuguesa",ai_generated
433779cf-0a46-49f1-9cca-ae6a7ad6594c,EF89LP07,medium,English Language Arts,"Ciências Humanas e Sociais Aplicadas, Escuta, Fala, Pensamento e Imaginação, Geografia, História, Linguagens e suas Tecnologias, Língua Inglesa, Língua Portuguesa",ai_generated
0e96104d-8b51-458e-9b65-965da7f987f2,EF08LP08,high,English Language Arts,"Ciências Humanas e Sociais Aplicadas, Escuta, Fala, Pensamento e Imaginação, Geografia, História, Linguagens e suas Tecnologias, Língua Inglesa, Língua Portuguesa",ai_generated
b930fa3c-5314-4472-aaa3-35d457f4e7ca,EF01HI03,medium,English Language Arts,"Ciências Humanas e Sociais Aplicadas, Escuta, Fala, Pensamento e Imaginação, Geografia, História, Linguagens e suas Tecnologias, Língua Inglesa, Língua Portuguesa",ai_generated
a933b79c-b74f-4394-bc05-0284bbf01bc7,EM13LGG701,medium,English Language Arts,"Ciências Humanas e Sociais Aplicadas, Escuta, Fala, Pensamento e Imaginação, Geografia, História, Linguagens e suas Tecnologias, Língua Inglesa, Língua Portuguesa",ai_generated
45ccf53a-8098-446e-af7a-837c574ff62e,EF15LP12,medium,English Language Arts,"Ciências Humanas e Sociais Aplicadas, Escuta, Fala, Pensamento e Imaginação, Geografia, História, Linguagens e suas Tecnologias, Língua Inglesa, Língua Portuguesa",ai_generated
d31166ab-a46c-4ca6-b4c6-19eb8e299444,EF03HI02,medium,English Language Arts,"Ciências Humanas e Sociais Aplicadas, Escuta, Fala, Pensamento e Imaginação, Geografia, História, Linguagens e suas Tecnologias, Língua Inglesa, Língua Portuguesa",ai_generated
27e8d463-9f23-46de-a297-9c280c55232a,EF67LP08,medium,English Language Arts,"Ciências Humanas e Sociais Aplicadas, Escuta, Fala, Pensamento e Imaginação, Geografia, História, Linguagens e suas Tecnologias, Língua Inglesa, Língua Portuguesa",ai_generated
e4560f48-ca7d-4467-9192-9a4675cb547b,EF06LP01,medium,English Language Arts,"Ciências Humanas e Sociais Aplicadas, Escuta, Fala, Pensamento e Imaginação, Geografia, História, Linguagens e suas Tecnologias, Língua Inglesa, Língua Portuguesa",ai_generated
05ed255d-43a8-47fc-a8aa-337c55129426,EF67LP24,medium,English Language Arts,"Ciências Humanas e Sociais Aplicadas, Escuta, Fala, Pensamento e Imaginação, Geografia, História, Linguagens e suas Tecnologias, Língua Inglesa, Língua Portuguesa",ai_generated
40851465-0398-4da4-8c14-2a6ffff0ad1a,EF05LP16,medium,English Language Arts,"Ciências Humanas e Sociais Aplicadas, Escuta, Fala, Pensamento e Imaginação, Geografia, História, Linguagens e suas Tecnologias, Língua Inglesa, Língua Portuguesa",ai_generated
ae8250cb-384f-4c23-a448-a7de801b4865,EF67LP08,medium,English Language Arts,"Ciências Humanas e Sociais Aplicadas, Escuta, Fala, Pensamento e Imaginação, Geografia, História, Linguagens e suas Tecnologias, Língua Inglesa, Língua Portuguesa",ai_generated
a2be7226-d563-4e7a-9825-5210d6a5ea2d,EF01LP09,high,English Language Arts,"Ciências Humanas e Sociais Aplicadas, Escuta, Fala, Pensamento e Imaginação, Geografia, História, Linguagens e suas Tecnologias, Língua Inglesa, Língua Portuguesa",ai_generated
fdecca65-6ce9-4d1d-9a25-32b09a42c6dd,EF01LP06,high,English Language Arts,"Ciências Humanas e Sociais Aplicadas, Escuta, Fala, Pensamento e Imaginação, Geografia, História, Linguagens e suas Tecnologias, Língua Inglesa, Língua Portuguesa",ai_generated
986ddc4f-03be-4214-a114-d4ab0eb2bc61,EF01LP06,high,English Language Arts,"Ciências Humanas e Sociais Aplicadas, Escuta, Fala, Pensamento e Imaginação, Geografia, História, Linguagens e suas Tecnologias, Língua Inglesa, Língua Portuguesa",ai_generated
227e63f5-5a6a-4c90-97d2-efd8b4318d19,EF67LP37,medium,English Language Arts,"Ciências Humanas e Sociais Aplicadas, Escuta, Fala, Pensamento e Imaginação, Geografia, História, Linguagens e suas Tecnologias, Língua Inglesa, Língua Portuguesa",ai_generated
3155dee5-0d15-49d2-8a5a-82049081d45a,EM13LP29,medium,English Language Arts,"Ciências Humanas e Sociais Aplicadas, Escuta, Fala, Pensamento e Imaginação, Geografia, História, Linguagens e suas Tecnologias, Língua Inglesa, Língua Portuguesa",ai_generated
f6e0a3d8-ee75-4950-b367-8cba41c6934a,EF69LP43,medium,English Language Arts,"Ciências Humanas e Sociais Aplicadas, Escuta, Fala, Pensamento e Imaginação, Geografia, História, Linguagens e suas Tecnologias, Língua Inglesa, Língua Portuguesa",ai_generated
9ccd32ab-b20c-4889-9335-21fb83115463,EM13LP38,medium,English Language Arts,"Ciências Humanas e Sociais Aplicadas, Escuta, Fala, Pensamento e Imaginação, Geografia, História, Linguagens e suas Tecnologias, Língua Inglesa, Língua Portuguesa",ai_generated
0d60f319-4104-4f67-9341-dae4619383e5,EF89LP06,medium,English Language Arts,"Ciências Humanas e Sociais Aplicadas, Escuta, Fala, Pensamento e Imaginação, Geografia, História, Linguagens e suas Tecnologias, Língua Inglesa, Língua Portuguesa",ai_generated
7a416a45-ec52-4539-aa9e-a867fd4e908a,EF09LP04,medium,English Language Arts,"Ciências Humanas e Sociais Aplicadas, Escuta, Fala, Pensamento e Imaginação, Geografia, História, Linguagens e suas Tecnologias, Língua Inglesa, Língua Portuguesa",ai_generated
28fc705a-90f6-40e3-ae5e-e4493225aefe,EF08LP12,medium,English Language Arts,"Ciências Humanas e Sociais Aplicadas, Escuta, Fala, Pensamento e Imaginação, Geografia, História, Linguagens e suas Tecnologias, Língua Inglesa, Língua Portuguesa",ai_generated
ea8a06a6-73b8-4871-9be3-b60157641f4a,EF35LP28,medium,English Language Arts,"Ciências Humanas e Sociais Aplicadas, Escuta, Fala, Pensamento e Imaginação, Geografia, História, Linguagens e suas Tecnologias, Língua Inglesa, Língua Portuguesa",ai_generated
815497b0-eb69-4303-9466-a95f39c2a7e8,EM13CHS101,medium,English Language Arts,"Ciências Humanas e Sociais Aplicadas, Escuta, Fala, Pensamento e Imaginação, Geografia, História, Linguagens e suas Tecnologias, Língua Inglesa, Língua Portuguesa",ai_generated
138f7358-862b-4626-9372-56ec71ee797f,EM13CHS103,medium,English Language Arts,"Ciências Humanas e Sociais Aplicadas, Escuta, Fala, Pensamento e Imaginação, Geografia, História, Linguagens e suas Tecnologias, Língua Inglesa, Língua Portuguesa",ai_generated
e4a4410e-6875-46b9-886d-21b7196422ce,EF67LP27,medium,English Language Arts,"Ciências Humanas e Sociais Aplicadas, Escuta, Fala, Pensamento e Imaginação, Geografia, História, Linguagens e suas Tecnologias, Língua Inglesa, Língua Portuguesa",ai_generated
474aa455-2799-4c06-8a4f-f87c67845881,EF69LP44,medium,English Language Arts,"Ciências Humanas e Sociais Aplicadas, Escuta, Fala, Pensamento e Imaginação, Geografia, História, Linguagens e suas Tecnologias, Língua Inglesa, Língua Portuguesa",ai_generated
bdd6148b-6da3-4d1e-b94e-c54b50b61a05,EF07LI15,high,English Language Arts,"Ciências Humanas e Sociais Aplicadas, Escuta, Fala, Pensamento e Imaginação, Geografia, História, Linguagens e suas Tecnologias, Língua Inglesa, Língua Portuguesa",ai_generated
6689d91c-fce9-497a-a8ce-1858c8e3ec60,EF35LP07,medium,English Language Arts,"Ciências Humanas e Sociais Aplicadas, Escuta, Fala, Pensamento e Imaginação, Geografia, História, Linguagens e suas Tecnologias, Língua Inglesa, Língua Portuguesa",ai_generated
e56d9270-649b-45ae-a744-4b813e21f9d7,EF89LP35,medium,English Language Arts,"Ciências Humanas e Sociais Aplicadas, Escuta, Fala, Pensamento e Imaginação, Geografia, História, Linguagens e suas Tecnologias, Língua Inglesa, Língua Portuguesa",ai_generated
1290a29e-ced0-4efb-93c8-5fcffdd40398,EF35LP30,high,English Language Arts,"Ciências Humanas e Sociais Aplicadas, Escuta, Fala, Pensamento e Imaginação, Geografia, História, Linguagens e suas Tecnologias, Língua Inglesa, Língua Portuguesa",ai_generated
6ef9de2e-b018-4cf9-97fb-a399ceb1f4fe,EF05LP22,medium,English Language Arts,"Ciências Humanas e Sociais Aplicadas, Escuta, Fala, Pensamento e Imaginação, Geografia, História, Linguagens e suas Tecnologias, Língua Inglesa, Língua Portuguesa",ai_generated
bbfb20f2-f586-44de-b531-30f93e6123b0,EF09LP12,medium,English Language Arts,"Ciências Humanas e Sociais Aplicadas, Escuta, Fala, Pensamento e Imaginação, Geografia, História, Linguagens e suas Tecnologias, Língua Inglesa, Língua Portuguesa",ai_generated
59e52046-a474-4955-accf-e813c94618cb,EF05LP22,medium,English Language Arts,"Ciências Humanas e Sociais Aplicadas, Escuta, Fala, Pensamento e Imaginação, Geografia, História, Linguagens e suas Tecnologias, Língua Inglesa, Língua Portuguesa",ai_generated
071ab8df-9ef3-459e-9323-955748d2141e,EF69LP56,medium,English Language Arts,"Ciências Humanas e Sociais Aplicadas, Escuta, Fala, Pensamento e Imaginação, Geografia, História, Linguagens e suas Tecnologias, Língua Inglesa, Língua Portuguesa",ai_generated
6cd69043-bc3d-42a9-a5cb-1ba9c2351c1e,EF15LP06,high,English Language Arts,"Ciências Humanas e Sociais Aplicadas, Escuta, Fala, Pensamento e Imaginação, Geografia, História, Linguagens e suas Tecnologias, Língua Inglesa, Língua Portuguesa",ai_generated
1b4bdf07-93e0-43cb-b791-acde442e4f85,EF12LP01,high,English Language Arts,"Ciências Humanas e Sociais Aplicadas, Escuta, Fala, Pensamento e Imaginação, Geografia, História, Linguagens e suas Tecnologias, Língua Inglesa, Língua Portuguesa",ai_generated
b8484352-9f23-49ad-bb48-797952138699,EF07LP08,medium,English Language Arts,"Ciências Humanas e Sociais Aplicadas, Escuta, Fala, Pensamento e Imaginação, Geografia, História, Linguagens e suas Tecnologias, Língua Inglesa, Língua Portuguesa",ai_generated
c2054bb4-5898-49be-b573-95b8fdd1577e,EF15LP18,medium,English Language Arts,"Ciências Humanas e Sociais Aplicadas, Escuta, Fala, Pensamento e Imaginação, Geografia, História, Linguagens e suas Tecnologias, Língua Inglesa, Língua Portuguesa",ai_generated
49d5ca29-e7ef-48f1-a751-38f356f60daa,EF15LP04,medium,English Language Arts,"Ciências Humanas e Sociais Aplicadas, Escuta, Fala, Pensamento e Imaginação, Geografia, História, Linguagens e suas Tecnologias, Língua Inglesa, Língua Portuguesa",ai_generated
3a1c68f8-ee23-4d5b-9397-ef8d5dd84e07,EF02LP02,medium,English Language Arts,"Ciências Humanas e Sociais Aplicadas, Escuta, Fala, Pensamento e Imaginação, Geografia, História, Linguagens e suas Tecnologias, Língua Inglesa, Língua Portuguesa",ai_generated
dd60925f-f2d6-4800-8e3d-fb4681deb36c,EF03LP05,high,English Language Arts,"Ciências Humanas e Sociais Aplicadas, Escuta, Fala, Pensamento e Imaginação, Geografia, História, Linguagens e suas Tecnologias, Língua Inglesa, Língua Portuguesa",ai_generated
eaa7d99c-46b3-4abc-939d-d67ffe237d50,EF09LP03,medium,English Language Arts,"Ciências Humanas e Sociais Aplicadas, Escuta, Fala, Pensamento e Imaginação, Geografia, História, Linguagens e suas Tecnologias, Língua Inglesa, Língua Portuguesa",ai_generated
5d1c02e8-853f-4163-9743-14b8376b6ac5,EF08LP12,medium,English Language Arts,"Ciências Humanas e Sociais Aplicadas, Escuta, Fala, Pensamento e Imaginação, Geografia, História, Linguagens e suas Tecnologias, Língua Inglesa, Língua Portuguesa",ai_generated
7891f69a-8101-4f7d-94c2-1ca9ae1be3d5,EF09LP04,low,English Language Arts,"Ciências Humanas e Sociais Aplicadas, Escuta, Fala, Pensamento e Imaginação, Geografia, História, Linguagens e suas Tecnologias, Língua Inglesa, Língua Portuguesa",ai_generated
8bc4338e-a750-4585-921a-9364ffae337d,EF04LP03,medium,English Language Arts,"Ciências Humanas e Sociais Aplicadas, Escuta, Fala, Pensamento e Imaginação, Geografia, História, Linguagens e suas Tecnologias, Língua Inglesa, Língua Portuguesa",ai_generated
6d92b614-88ce-44be-bddb-9f699984316e,EF69LP41,medium,English Language Arts,"Ciências Humanas e Sociais Aplicadas, Escuta, Fala, Pensamento e Imaginação, Geografia, História, Linguagens e suas Tecnologias, Língua Inglesa, Língua Portuguesa",ai_generated
cc804414-0544-40c8-bbc1-b2ae43048fdb,EF35LP20,medium,English Language Arts,"Ciências Humanas e Sociais Aplicadas, Escuta, Fala, Pensamento e Imaginação, Geografia, História, Linguagens e suas Tecnologias, Língua Inglesa, Língua Portuguesa",ai_generated
d20ceea3-c22c-4af8-b5e7-5ed0ce3e97c9,EF69LP41,medium,English Language Arts,"Ciências Humanas e Sociais Aplicadas, Escuta, Fala, Pensamento e Imaginação, Geografia, História, Linguagens e suas Tecnologias, Língua Inglesa, Língua Portuguesa",ai_generated
ca0d8983-4459-468b-b0bb-588b803ea136,EF03LP10,medium,English Language Arts,"Ciências Humanas e Sociais Aplicadas, Escuta, Fala, Pensamento e Imaginação, Geografia, História, Linguagens e suas Tecnologias, Língua Inglesa, Língua Portuguesa",ai_generated
0eb5cd9f-961f-408e-a521-1bc38f1e19c6,EM13LP02,medium,English Language Arts,"Ciências Humanas e Sociais Aplicadas, Escuta, Fala, Pensamento e Imaginação, Geografia, História, Linguagens e suas Tecnologias, Língua Inglesa, Língua Portuguesa",ai_generated
fb40e14a-0347-45c0-9d50-820698e73d93,EF67LP27,high,English Language Arts,"Ciências Humanas e Sociais Aplicadas, Escuta, Fala, Pensamento e Imaginação, Geografia, História, Linguagens e suas Tecnologias, Língua Inglesa, Língua Portuguesa",ai_generated
7094ad78-656a-4f94-bb6e-5e5f7cd175b2,EF06LI22,high,English Language Arts,"Ciências Humanas e Sociais Aplicadas, Escuta, Fala, Pensamento e Imaginação, Geografia, História, Linguagens e suas Tecnologias, Língua Inglesa, Língua Portuguesa",ai_generated
51004ad9-6e92-482b-aa46-b5828d68460f,EF06LI22,high,English Language Arts,"Ciências Humanas e Sociais Aplicadas, Escuta, Fala, Pensamento e Imaginação, Geografia, História, Linguagens e suas Tecnologias, Língua Inglesa, Língua Portuguesa",ai_generated
86ddf57a-5c8d-4e0f-9581-23aabbe3e0d5,EF06LI22,high,English Language Arts,"Ciências Humanas e Sociais Aplicadas, Escuta, Fala, Pensamento e Imaginação, Geografia, História, Linguagens e suas Tecnologias, Língua Inglesa, Língua Portuguesa",ai_generated
84d64cc3-5431-475c-a447-0df809c70c71,EF06LI20,high,English Language Arts,"Ciências Humanas e Sociais Aplicadas, Escuta, Fala, Pensamento e Imaginação, Geografia, História, Linguagens e suas Tecnologias, Língua Inglesa, Língua Portuguesa",ai_generated
0e3fa710-3131-4a74-bbc1-7a06ba6aae59,EF07LI18,high,English Language Arts,"Ciências Humanas e Sociais Aplicadas, Escuta, Fala, Pensamento e Imaginação, Geografia, História, Linguagens e suas Tecnologias, Língua Inglesa, Língua Portuguesa",ai_generated
462aaa67-167e-4646-8505-5b85efdd8b99,EF06LI20,high,English Language Arts,"Ciências Humanas e Sociais Aplicadas, Escuta, Fala, Pensamento e Imaginação, Geografia, História, Linguagens e suas Tecnologias, Língua Inglesa, Língua Portuguesa",ai_generated
56465d2e-b28a-4eb1-b4f2-00172584ffa7,EF05LP05,medium,English Language Arts,"Ciências Humanas e Sociais Aplicadas, Escuta, Fala, Pensamento e Imaginação, Geografia, História, Linguagens e suas Tecnologias, Língua Inglesa, Língua Portuguesa",ai_generated
d0ff8ac2-db44-4728-85b9-84e4edf3f80b,EF07LP08,medium,English Language Arts,"Ciências Humanas e Sociais Aplicadas, Escuta, Fala, Pensamento e Imaginação, Geografia, História, Linguagens e suas Tecnologias, Língua Inglesa, Língua Portuguesa",ai_generated
840e866a-b490-4455-afc3-7a3a28e8b174,EF06LI22,high,English Language Arts,"Ciências Humanas e Sociais Aplicadas, Escuta, Fala, Pensamento e Imaginação, Geografia, História, Linguagens e suas Tecnologias, Língua Inglesa, Língua Portuguesa",ai_generated
a64482ea-60cb-4429-82b2-855e2ffb22ef,EF06LI11,medium,English Language Arts,"Ciências Humanas e Sociais Aplicadas, Escuta, Fala, Pensamento e Imaginação, Geografia, História, Linguagens e suas Tecnologias, Língua Inglesa, Língua Portuguesa",ai_generated
c116fecf-1fdb-4bba-9ce6-656bbe10a28a,EM13LP15,medium,English Language Arts,"Ciências Humanas e Sociais Aplicadas, Escuta, Fala, Pensamento e Imaginação, Geografia, História, Linguagens e suas Tecnologias, Língua Inglesa, Língua Portuguesa",ai_generated
46242c1d-bd24-4bb2-9c69-973de95072e3,EF08LP11,medium,English Language Arts,"Ciências Humanas e Sociais Aplicadas, Escuta, Fala, Pensamento e Imaginação, Geografia, História, Linguagens e suas Tecnologias, Língua Inglesa, Língua Portuguesa",ai_generated
44c87740-ad9b-4290-9a59-faee086cb77c,EF08LP11,medium,English Language Arts,"Ciências Humanas e Sociais Aplicadas, Escuta, Fala, Pensamento e Imaginação, Geografia, História, Linguagens e suas Tecnologias, Língua Inglesa, Língua Portuguesa",ai_generated
aaa1d59f-a5c5-40b0-808f-be2bf816aa5c,EF06LP10,medium,English Language Arts,"Ciências Humanas e Sociais Aplicadas, Escuta, Fala, Pensamento e Imaginação, Geografia, História, Linguagens e suas Tecnologias, Língua Inglesa, Língua Portuguesa",ai_generated
e18144fd-c3d3-44b6-926f-92101a7f45cd,EF06LP10,medium,English Language Arts,"Ciências Humanas e Sociais Aplicadas, Escuta, Fala, Pensamento e Imaginação, Geografia, História, Linguagens e suas Tecnologias, Língua Inglesa, Língua Portuguesa",ai_generated
b18f9150-8679-45fa-bdb2-f036f58467e6,EF07LP03,medium,English Language Arts,"Ciências Humanas e Sociais Aplicadas, Escuta, Fala, Pensamento e Imaginação, Geografia, História, Linguagens e suas Tecnologias, Língua Inglesa, Língua Portuguesa",ai_generated
d31a40ab-504c-477b-8928-7d56e82861bb,EF35LP27,high,English Language Arts,"Ciências Humanas e Sociais Aplicadas, Escuta, Fala, Pensamento e Imaginação, Geografia, História, Linguagens e suas Tecnologias, Língua Inglesa, Língua Portuguesa",ai_generated
71abeb43-209f-428b-bb36-39496582cd26,EF35LP26,high,English Language Arts,"Ciências Humanas e Sociais Aplicadas, Escuta, Fala, Pensamento e Imaginação, Geografia, História, Linguagens e suas Tecnologias, Língua Inglesa, Língua Portuguesa",ai_generated
e078250b-068c-43fc-9484-b31c2b7d12e8,EF69LP03,high,English Language Arts,"Ciências Humanas e Sociais Aplicadas, Escuta, Fala, Pensamento e Imaginação, Geografia, História, Linguagens e suas Tecnologias, Língua Inglesa, Língua Portuguesa",ai_generated
1d781497-bb41-4f67-bec2-1ca638fe36f4,EF35LP14,medium,English Language Arts,"Ciências Humanas e Sociais Aplicadas, Escuta, Fala, Pensamento e Imaginação, Geografia, História, Linguagens e suas Tecnologias, Língua Inglesa, Língua Portuguesa",ai_generated
eba3a236-daff-47a3-a9f3-4946bdd0fae4,EF05LP08,high,English Language Arts,"Ciências Humanas e Sociais Aplicadas, Escuta, Fala, Pensamento e Imaginação, Geografia, História, Linguagens e suas Tecnologias, Língua Inglesa, Língua Portuguesa",ai_generated
318f0585-1077-4ab3-8211-1ba196abe085,EF03MA11,medium,Mathematics,"Espaços, Tempos, Quantidades, Relações e Transformações, Matemática, Matemática e suas Tecnologias",ai_generated
8b42e441-f742-41f8-a08d-c70d8c879cdc,EF05MA04,medium,Mathematics,"Espaços, Tempos, Quantidades, Relações e Transformações, Matemática, Matemática e suas Tecnologias",ai_generated
c61ed28d-b544-4bc7-972f-b904d9d7cb09,EF05MA02,medium,Mathematics,"Espaços, Tempos, Quantidades, Relações e Transformações, Matemática, Matemática e suas Tecnologias",ai_generated
2cc0bf60-3e27-4f44-8285-44b9cd6b768c,EF08MA10,medium,Mathematics,"Espaços, Tempos, Quantidades, Relações e Transformações, Matemática, Matemática e suas Tecnologias",ai_generated
57853040-c388-4fc1-bf53-a4e9cea64a07,EF07MA11,medium,Mathematics,"Espaços, Tempos, Quantidades, Relações e Transformações, Matemática, Matemática e suas Tecnologias",ai_generated
40bf9336-43c3-4af9-840c-9a853b70641a,EF04MA10,medium,Mathematics,"Espaços, Tempos, Quantidades, Relações e Transformações, Matemática, Matemática e suas Tecnologias",ai_generated
6d54c40f-1d97-4a81-9cac-c88c7efe7e0b,EF03MA02,medium,Mathematics,"Espaços, Tempos, Quantidades, Relações e Transformações, Matemática, Matemática e suas Tecnologias",ai_generated
cef0b09a-9ba9-48d4-9df7-da8366509b3b,EF01MA05,medium,Mathematics,"Espaços, Tempos, Quantidades, Relações e Transformações, Matemática, Matemática e suas Tecnologias",ai_generated
28eb6e60-aedc-48ae-8745-c1efdd53321e,EF05MA10,medium,Mathematics,"Espaços, Tempos, Quantidades, Relações e Transformações, Matemática, Matemática e suas Tecnologias",ai_generated
365c1c8f-e0ad-4f32-bfcd-d14567d87ae1,EF06MA18,medium,Mathematics,"Espaços, Tempos, Quantidades, Relações e Transformações, Matemática, Matemática e suas Tecnologias",ai_generated
8f5c47f7-8665-46ba-8e94-45f215dc0d69,EF04MA11,medium,Mathematics,"Espaços, Tempos, Quantidades, Relações e Transformações, Matemática, Matemática e suas Tecnologias",ai_generated
01c99cf2-37a1-478a-a25b-206646e9aa50,EF07MA29,medium,Mathematics,"Espaços, Tempos, Quantidades, Relações e Transformações, Matemática, Matemática e suas Tecnologias",ai_generated
22081399-abe2-4e83-8ac3-fa3ee757b7d5,EF06MA14,medium,Mathematics,"Espaços, Tempos, Quantidades, Relações e Transformações, Matemática, Matemática e suas Tecnologias",ai_generated
ab79be98-f2af-4237-a4c2-10f665cd077f,EF05MA19,medium,Mathematics,"Espaços, Tempos, Quantidades, Relações e Transformações, Matemática, Matemática e suas Tecnologias",ai_generated
595d828d-b9ec-497e-adec-52382d5e599a,EF08MA04,medium,Mathematics,"Espaços, Tempos, Quantidades, Relações e Transformações, Matemática, Matemática e suas Tecnologias",ai_generated
0a9295c3-f4e8-4c67-b59e-e37182d32299,EF15LP10,medium,English Language Arts,"Ciências Humanas e Sociais Aplicadas, Escuta, Fala, Pensamento e Imaginação, Geografia, História, Linguagens e suas Tecnologias, Língua Inglesa, Língua Portuguesa",ai_generated
64f1defc-e812-437f-b237-808d5e8e03ff,EF07LI19,medium,English Language Arts,"Ciências Humanas e Sociais Aplicadas, Escuta, Fala, Pensamento e Imaginação, Geografia, História, Linguagens e suas Tecnologias, Língua Inglesa, Língua Portuguesa",ai_generated
86fae74a-5855-43c2-bb7e-44266815f0be,EF07LP08,medium,English Language Arts,"Ciências Humanas e Sociais Aplicadas, Escuta, Fala, Pensamento e Imaginação, Geografia, História, Linguagens e suas Tecnologias, Língua Inglesa, Língua Portuguesa",ai_generated
7de447d7-f80e-4b73-b3f4-b7e9e4b54af9,EF06LI23,medium,English Language Arts,"Ciências Humanas e Sociais Aplicadas, Escuta, Fala, Pensamento e Imaginação, Geografia, História, Linguagens e suas Tecnologias, Língua Inglesa, Língua Portuguesa",ai_generated
64f9cd4e-56f0-4f16-9f2d-df9205b2f5d6,EF35LP15,low,Mathematics,"Espaços, Tempos, Quantidades, Relações e Transformações, Matemática, Matemática e suas Tecnologias",ai_generated
4e300fd2-42df-4f0f-8783-cefee6dfc771,EF07MA17,medium,Mathematics,"Espaços, Tempos, Quantidades, Relações e Transformações, Matemática, Matemática e suas Tecnologias",ai_generated
fdbe3fef-1135-4c49-914a-4fbaa745eaac,EF03MA18,medium,Mathematics,"Espaços, Tempos, Quantidades, Relações e Transformações, Matemática, Matemática e suas Tecnologias",ai_generated
4dbfb29b-5cbb-4795-b3b2-f1f687e8324b,EF03MA04,medium,Mathematics,"Espaços, Tempos, Quantidades, Relações e Transformações, Matemática, Matemática e suas Tecnologias",ai_generated
2faa81f9-7a96-4132-a0d1-6bc97d6d00ce,EF02MA05,high,Mathematics,"Espaços, Tempos, Quantidades, Relações e Transformações, Matemática, Matemática e suas Tecnologias",ai_generated
d1bd5d1e-38e5-4edb-8374-1091539c5303,EF07MA18,high,Mathematics,"Espaços, Tempos, Quantidades, Relações e Transformações, Matemática, Matemática e suas Tecnologias",ai_generated
d863f15d-b843-46a4-9603-01c313099787,EF07MA05,medium,Mathematics,"Espaços, Tempos, Quantidades, Relações e Transformações, Matemática, Matemática e suas Tecnologias",ai_generated
527169c7-5493-434d-9c71-d3cd8ca84baf,EF07MA06,medium,Mathematics,"Espaços, Tempos, Quantidades, Relações e Transformações, Matemática, Matemática e suas Tecnologias",ai_generated
705ec83c-6fe5-4096-9225-9d9550406056,EF04MA10,high,Mathematics,"Espaços, Tempos, Quantidades, Relações e Transformações, Matemática, Matemática e suas Tecnologias",ai_generated
2a15df29-b6da-4ca1-921f-9e5713baf470,EF07MA16,medium,Mathematics,"Espaços, Tempos, Quantidades, Relações e Transformações, Matemática, Matemática e suas Tecnologias",ai_generated
f6934d4a-b36d-40fa-a197-e58d6e410531,EF07MA09,medium,Mathematics,"Espaços, Tempos, Quantidades, Relações e Transformações, Matemática, Matemática e suas Tecnologias",ai_generated
d6a4d590-5b91-4720-b07a-915373477439,EF07MA16,medium,Mathematics,"Espaços, Tempos, Quantidades, Relações e Transformações, Matemática, Matemática e suas Tecnologias",ai_generated
9c5838ea-ceff-423f-8aa3-16d0f655272e,EF03MA11,medium,Mathematics,"Espaços, Tempos, Quantidades, Relações e Transformações, Matemática, Matemática e suas Tecnologias",ai_generated
449aafcd-6cb7-42c8-9585-5079db9987c4,EF04MA03,medium,Mathematics,"Espaços, Tempos, Quantidades, Relações e Transformações, Matemática, Matemática e suas Tecnologias",ai_generated
7b6adbb2-fc8a-406e-bffa-843313c2d410,EF07MA06,medium,Mathematics,"Espaços, Tempos, Quantidades, Relações e Transformações, Matemática, Matemática e suas Tecnologias",ai_generated
c31c564d-d86d-49ea-89af-c96535dff3d8,EF04MA02,medium,Mathematics,"Espaços, Tempos, Quantidades, Relações e Transformações, Matemática, Matemática e suas Tecnologias",ai_generated
4a4f0ce6-8fed-4913-ad5b-872b01ae3c26,EF06MA18,low,Mathematics,"Espaços, Tempos, Quantidades, Relações e Transformações, Matemática, Matemática e suas Tecnologias",ai_generated
f2615938-c46a-4e8d-92f9-31d3cfb50837,EM13MAT315,medium,Mathematics,"Espaços, Tempos, Quantidades, Relações e Transformações, Matemática, Matemática e suas Tecnologias",ai_generated
9ba2a37d-3788-48a5-bc33-94c1cff94af1,EF06MA04,medium,Mathematics,"Espaços, Tempos, Quantidades, Relações e Transformações, Matemática, Matemática e suas Tecnologias",ai_generated
0c4bbabc-7c9d-4382-bb8b-26509cb786ae,EM13MAT104,medium,Mathematics,"Espaços, Tempos, Quantidades, Relações e Transformações, Matemática, Matemática e suas Tecnologias",ai_generated
9d292ee8-492e-4c75-9d43-ff059337891f,EF03MA06,medium,Mathematics,"Espaços, Tempos, Quantidades, Relações e Transformações, Matemática, Matemática e suas Tecnologias",ai_generated
2a485249-c951-45af-906e-a0fef64c901c,EF05MA11,high,Mathematics,"Espaços, Tempos, Quantidades, Relações e Transformações, Matemática, Matemática e suas Tecnologias",ai_generated
eb35dca2-5930-491c-97d6-6a531b96fddf,EF07MA06,medium,Mathematics,"Espaços, Tempos, Quantidades, Relações e Transformações, Matemática, Matemática e suas Tecnologias",ai_generated
5ae6bb9c-30f6-4c27-b025-54c9cee8ae6f,EF07MA15,medium,Mathematics,"Espaços, Tempos, Quantidades, Relações e Transformações, Matemática, Matemática e suas Tecnologias",ai_generated
4b367495-e11e-4d59-9157-fb5d917c5c0d,EF07MA05,medium,Mathematics,"Espaços, Tempos, Quantidades, Relações e Transformações, Matemática, Matemática e suas Tecnologias",ai_generated
89bc1acb-fdb7-444a-adeb-7858ec6a6a20,EF03MA21,low,Mathematics,"Espaços, Tempos, Quantidades, Relações e Transformações, Matemática, Matemática e suas Tecnologias",ai_generated
5d1f6ef9-b826-459b-bbf7-87121672eca6,EM13MAT315,low,Mathematics,"Espaços, Tempos, Quantidades, Relações e Transformações, Matemática, Matemática e suas Tecnologias",ai_generated
e973a174-ce61-4eb2-b5e1-ac95a204bb2b,EF03MA05,medium,Mathematics,"Espaços, Tempos, Quantidades, Relações e Transformações, Matemática, Matemática e suas Tecnologias",ai_generated
6e7c1e85-5f5b-49a9-a0d3-73e0c06ee0b0,EF06MA04,medium,Mathematics,"Espaços, Tempos, Quantidades, Relações e Transformações, Matemática, Matemática e suas Tecnologias",ai_generated
72ce341e-0ef8-460f-92eb-02ffdf4ebd22,EF04MA11,high,Mathematics,"Espaços, Tempos, Quantidades, Relações e Transformações, Matemática, Matemática e suas Tecnologias",ai_generated
555f953d-707c-4938-a532-294dcbe397d8,EF02MA04,medium,Mathematics,"Espaços, Tempos, Quantidades, Relações e Transformações, Matemática, Matemática e suas Tecnologias",ai_generated
4cb1d8bf-4a65-44fb-a003-2a460f6cc970,EF01MA01,medium,Mathematics,"Espaços, Tempos, Quantidades, Relações e Transformações, Matemática, Matemática e suas Tecnologias",ai_generated
6a0ceadc-31fe-4fb2-af30-6281faded5ab,EF01MA01,medium,Mathematics,"Espaços, Tempos, Quantidades, Relações e Transformações, Matemática, Matemática e suas Tecnologias",ai_generated
024a80e8-5aff-4ea3-bcf7-70615e910186,EF03MA05,medium,Mathematics,"Espaços, Tempos, Quantidades, Relações e Transformações, Matemática, Matemática e suas Tecnologias",ai_generated
314d1f15-f7d5-476e-9d96-d0e0e373b219,EF03MA19,high,Mathematics,"Espaços, Tempos, Quantidades, Relações e Transformações, Matemática, Matemática e suas Tecnologias",ai_generated
aea53f49-d274-4a8a-9941-3fee1ac3726d,EF06MA19,medium,Mathematics,"Espaços, Tempos, Quantidades, Relações e Transformações, Matemática, Matemática e suas Tecnologias",ai_generated
d3aafd22-0156-4b0d-ba70-04cf2ceb4fec,EF03MA17,medium,Mathematics,"Espaços, Tempos, Quantidades, Relações e Transformações, Matemática, Matemática e suas Tecnologias",ai_generated
f7f97f20-5162-431d-b422-3439e3e779ef,EF06MA12,medium,Mathematics,"Espaços, Tempos, Quantidades, Relações e Transformações, Matemática, Matemática e suas Tecnologias",ai_generated
429f2653-306a-42fc-83b5-2a66fd09e3e5,EF03MA11,high,Mathematics,"Espaços, Tempos, Quantidades, Relações e Transformações, Matemática, Matemática e suas Tecnologias",ai_generated
9daa12b1-1165-476d-a311-16ebe47ef535,EF02MA09,high,Mathematics,"Espaços, Tempos, Quantidades, Relações e Transformações, Matemática, Matemática e suas Tecnologias",ai_generated
57616ff8-242f-4de5-a055-763954883133,EM13MAT401,high,Mathematics,"Espaços, Tempos, Quantidades, Relações e Transformações, Matemática, Matemática e suas Tecnologias",ai_generated
5c802e23-4049-4329-ade5-7e37bccc618b,EF06MA14,high,Mathematics,"Espaços, Tempos, Quantidades, Relações e Transformações, Matemática, Matemática e suas Tecnologias",ai_generated
a4ac148a-e6ab-4d46-85dd-98992c8b54f2,EF03MA24,low,Mathematics,"Espaços, Tempos, Quantidades, Relações e Transformações, Matemática, Matemática e suas Tecnologias",ai_generated
6255cf44-54b5-416e-8f0e-7ce8ed12cd93,EF07MA16,high,Mathematics,"Espaços, Tempos, Quantidades, Relações e Transformações, Matemática, Matemática e suas Tecnologias",ai_generated
378d59da-b5e3-42cf-ac7f-650b36973d74,EM13MAT103,medium,Mathematics,"Espaços, Tempos, Quantidades, Relações e Transformações, Matemática, Matemática e suas Tecnologias",ai_generated
f0badbb0-3546-4b01-83ba-cf519a182a1c,EF07MA15,high,Mathematics,"Espaços, Tempos, Quantidades, Relações e Transformações, Matemática, Matemática e suas Tecnologias",ai_generated
31766ae7-f33b-4ef1-b105-7236b7066ef1,EF03MA02,medium,Mathematics,"Espaços, Tempos, Quantidades, Relações e Transformações, Matemática, Matemática e suas Tecnologias",ai_generated
ddb97f37-1eed-4177-9df6-b7affff68981,EF04MA13,medium,Mathematics,"Espaços, Tempos, Quantidades, Relações e Transformações, Matemática, Matemática e suas Tecnologias",ai_generated
b87ba16b-607c-4642-9c57-ff719f97c7a8,EF03MA09,medium,Mathematics,"Espaços, Tempos, Quantidades, Relações e Transformações, Matemática, Matemática e suas Tecnologias",ai_generated
c9437b20-5db3-4f6f-921a-6c1d3e9e2e3a,EM13MAT104,medium,Mathematics,"Espaços, Tempos, Quantidades, Relações e Transformações, Matemática, Matemática e suas Tecnologias",ai_generated
8d69a952-069c-4b47-9f64-02ea1fbbca25,EM13MAT501,high,Mathematics,"Espaços, Tempos, Quantidades, Relações e Transformações, Matemática, Matemática e suas Tecnologias",ai_generated
2374ba73-a0a9-457f-b905-ceb0f18683f4,EF05MA10,medium,Mathematics,"Espaços, Tempos, Quantidades, Relações e Transformações, Matemática, Matemática e suas Tecnologias",ai_generated
8559fe62-090c-4ca6-b850-32114684d781,EF09MA07,medium,Mathematics,"Espaços, Tempos, Quantidades, Relações e Transformações, Matemática, Matemática e suas Tecnologias",ai_generated
5f167cb3-8247-4825-900b-66af1b2682a9,EF07MA06,low,Mathematics,"Espaços, Tempos, Quantidades, Relações e Transformações, Matemática, Matemática e suas Tecnologias",ai_generated
2c65e8a6-82df-4fa1-99fd-591ff6b8ffbe,EF04MA12,medium,Mathematics,"Espaços, Tempos, Quantidades, Relações e Transformações, Matemática, Matemática e suas Tecnologias",ai_generated
82a37258-28ff-456c-8435-1e5e9651f885,EF08MA15,high,Mathematics,"Espaços, Tempos, Quantidades, Relações e Transformações, Matemática, Matemática e suas Tecnologias",ai_generated
03bcb674-a7a4-4c7b-9a60-16b61693d723,EM13MAT502,high,Mathematics,"Espaços, Tempos, Quantidades, Relações e Transformações, Matemática, Matemática e suas Tecnologias",ai_generated
50b55d4a-11e2-49f1-b3d9-bac0afd67b6f,EF04MA02,high,Mathematics,"Espaços, Tempos, Quantidades, Relações e Transformações, Matemática, Matemática e suas Tecnologias",ai_generated
09395ac8-4638-444c-841a-340f84ab4365,EF07MA05,medium,Mathematics,"Espaços, Tempos, Quantidades, Relações e Transformações, Matemática, Matemática e suas Tecnologias",ai_generated
8f106219-1dc9-4d87-91d4-035c0257f45f,EF03MA10,high,Mathematics,"Espaços, Tempos, Quantidades, Relações e Transformações, Matemática, Matemática e suas Tecnologias",ai_generated
c4892b06-961a-42d2-987a-10013c60ac5d,EF03MA03,medium,Mathematics,"Espaços, Tempos, Quantidades, Relações e Transformações, Matemática, Matemática e suas Tecnologias",ai_generated
de31e5de-1863-4af9-b25a-66af6558af59,EF03MA18,low,Mathematics,"Espaços, Tempos, Quantidades, Relações e Transformações, Matemática, Matemática e suas Tecnologias",ai_generated
f1fb5e02-05fb-43c7-81ee-4500903221d3,EF03MA14,medium,Mathematics,"Espaços, Tempos, Quantidades, Relações e Transformações, Matemática, Matemática e suas Tecnologias",ai_generated
a1d833a9-1ad3-4b03-9d9e-43cef56e43de,EF01MA04,high,Mathematics,"Espaços, Tempos, Quantidades, Relações e Transformações, Matemática, Matemática e suas Tecnologias",ai_generated
627208b2-4ef8-47ca-b465-5817565f1219,EF07MA15,medium,Mathematics,"Espaços, Tempos, Quantidades, Relações e Transformações, Matemática, Matemática e suas Tecnologias",ai_generated
99e9bc9a-ff19-4ffc-a1d2-926f916d243c,EF07MA15,medium,Mathematics,"Espaços, Tempos, Quantidades, Relações e Transformações, Matemática, Matemática e suas Tecnologias",ai_generated
9ba7f7b1-1f20-4abe-b44a-173100be6706,EF01MA08,high,Mathematics,"Espaços, Tempos, Quantidades, Relações e Transformações, Matemática, Matemática e suas Tecnologias",ai_generated
9caef624-5569-44ca-ac95-43d9453549ff,EF03MA06,medium,Mathematics,"Espaços, Tempos, Quantidades, Relações e Transformações, Matemática, Matemática e suas Tecnologias",ai_generated
976eacb2-3caa-4c25-9e4b-8bf93e493605,EF05MA11,medium,Mathematics,"Espaços, Tempos, Quantidades, Relações e Transformações, Matemática, Matemática e suas Tecnologias",ai_generated
13f41ffd-ad2a-4d12-9353-eb797b70da91,EF03MA06,medium,Mathematics,"Espaços, Tempos, Quantidades, Relações e Transformações, Matemática, Matemática e suas Tecnologias",ai_generated
9f5fb216-c859-4821-b5f4-9343cda3b1a5,EF01MA08,high,Mathematics,"Espaços, Tempos, Quantidades, Relações e Transformações, Matemática, Matemática e suas Tecnologias",ai_generated
c3b65c32-b33c-4343-a2c4-1da738b53f54,EF01MA10,medium,Mathematics,"Espaços, Tempos, Quantidades, Relações e Transformações, Matemática, Matemática e suas Tecnologias",ai_generated
64563c2b-2109-4848-9949-96e613b7ffe2,EF01MA09,high,Mathematics,"Espaços, Tempos, Quantidades, Relações e Transformações, Matemática, Matemática e suas Tecnologias",ai_generated
1b09736d-262e-4eaf-ba54-a16102c09a61,EF06MA03,medium,Mathematics,"Espaços, Tempos, Quantidades, Relações e Transformações, Matemática, Matemática e suas Tecnologias",ai_generated
f482a304-c72b-4ba1-99ad-e993c9482863,EF04MA13,medium,Mathematics,"Espaços, Tempos, Quantidades, Relações e Transformações, Matemática, Matemática e suas Tecnologias",ai_generated
ac475485-b94d-4564-88cd-6e4e9505c27b,EF06MA12,medium,Mathematics,"Espaços, Tempos, Quantidades, Relações e Transformações, Matemática, Matemática e suas Tecnologias",ai_generated
f0e4be05-ad51-46dc-95ce-30f697031c8d,EF09MA21,medium,Mathematics,"Espaços, Tempos, Quantidades, Relações e Transformações, Matemática, Matemática e suas Tecnologias",ai_generated
11a386c4-9a89-4d71-b695-4dd83f2f0def,EF07MA12,medium,Mathematics,"Espaços, Tempos, Quantidades, Relações e Transformações, Matemática, Matemática e suas Tecnologias",ai_generated
50b1f05b-c2dc-43e3-b973-15a8606c1e73,EF03MA17,medium,Mathematics,"Espaços, Tempos, Quantidades, Relações e Transformações, Matemática, Matemática e suas Tecnologias",ai_generated
10c4ba43-c102-4719-af9e-30d424a99403,EM13MAT103,medium,Mathematics,"Espaços, Tempos, Quantidades, Relações e Transformações, Matemática, Matemática e suas Tecnologias",ai_generated
6c38f90a-7b86-4a17-b1d7-9091d05648cc,EF09MA07,medium,Mathematics,"Espaços, Tempos, Quantidades, Relações e Transformações, Matemática, Matemática e suas Tecnologias",ai_generated
a342a2d0-d8d6-4004-ad0e-e3d59db2b6e6,EM13MAT104,medium,Mathematics,"Espaços, Tempos, Quantidades, Relações e Transformações, Matemática, Matemática e suas Tecnologias",ai_generated
f2cab0b4-9455-44a2-85de-89088d8cade8,EM13MAT502,medium,Mathematics,"Espaços, Tempos, Quantidades, Relações e Transformações, Matemática, Matemática e suas Tecnologias",ai_generated
09247fbd-c85d-4a8d-8aae-86892c94c9a8,EM13MAT314,medium,Mathematics,"Espaços, Tempos, Quantidades, Relações e Transformações, Matemática, Matemática e suas Tecnologias",ai_generated
c790a800-8acc-4f46-98c6-bc65445f6705,EF06MA27,medium,Mathematics,"Espaços, Tempos, Quantidades, Relações e Transformações, Matemática, Matemática e suas Tecnologias",ai_generated
d12a2d1a-df1a-4ea5-9317-518b387b33e1,EF01MA10,low,Mathematics,"Espaços, Tempos, Quantidades, Relações e Transformações, Matemática, Matemática e suas Tecnologias",ai_generated
57e5255a-27e5-4627-ac9d-f7d94b6bbefe,EF01MA10,low,Mathematics,"Espaços, Tempos, Quantidades, Relações e Transformações, Matemática, Matemática e suas Tecnologias",ai_generated
fec761a4-16b8-4872-b4bb-190d7d52a49d,EF04MA03,medium,Mathematics,"Espaços, Tempos, Quantidades, Relações e Transformações, Matemática, Matemática e suas Tecnologias",ai_generated
b6efe0eb-5344-4488-ac17-9f035ad088b5,EF03MA05,medium,Mathematics,"Espaços, Tempos, Quantidades, Relações e Transformações, Matemática, Matemática e suas Tecnologias",ai_generated
680e8246-194a-4225-9cda-5e16b794c34e,EF07MA18,medium,Mathematics,"Espaços, Tempos, Quantidades, Relações e Transformações, Matemática, Matemática e suas Tecnologias",ai_generated
d9aca177-7e7c-4a80-a8b1-bc28f971a558,EM13MAT104,medium,Mathematics,"Espaços, Tempos, Quantidades, Relações e Transformações, Matemática, Matemática e suas Tecnologias",ai_generated
92b27e37-3cae-4b46-9d74-069bc541ae68,EF09MA10,medium,Mathematics,"Espaços, Tempos, Quantidades, Relações e Transformações, Matemática, Matemática e suas Tecnologias",ai_generated
32d05d7e-1a56-4dfc-a672-4e836e91bf15,EF09MA09,medium,Mathematics,"Espaços, Tempos, Quantidades, Relações e Transformações, Matemática, Matemática e suas Tecnologias",ai_generated
34457c9c-c3f1-457f-b2d3-431a74c10b7c,EM13MAT403,medium,Mathematics,"Espaços, Tempos, Quantidades, Relações e Transformações, Matemática, Matemática e suas Tecnologias",ai_generated
f345efcc-bd56-4da0-9165-9fbe9d722954,EM13MAT104,medium,Mathematics,"Espaços, Tempos, Quantidades, Relações e Transformações, Matemática, Matemática e suas Tecnologias",ai_generated
df0de1cf-edd1-4836-966f-c939c03297a8,EF03MA04,medium,Mathematics,"Espaços, Tempos, Quantidades, Relações e Transformações, Matemática, Matemática e suas Tecnologias",ai_generated
60d90db2-85b6-47e6-849d-0d589bad678a,EF03MA22,low,Mathematics,"Espaços, Tempos, Quantidades, Relações e Transformações, Matemática, Matemática e suas Tecnologias",ai_generated
4f339156-c61e-4b07-84d1-e02241d825db,EF06MA23,low,Mathematics,"Espaços, Tempos, Quantidades, Relações e Transformações, Matemática, Matemática e suas Tecnologias",ai_generated
9811bad7-0775-4f6c-a96f-5df279eb436b,EF06MA23,low,Mathematics,"Espaços, Tempos, Quantidades, Relações e Transformações, Matemática, Matemática e suas Tecnologias",ai_generated
10eabd96-0557-4cc5-9755-db77779e33e7,EF06MA23,low,Mathematics,"Espaços, Tempos, Quantidades, Relações e Transformações, Matemática, Matemática e suas Tecnologias",ai_generated
ab2bef76-4831-4ae2-9268-b85098dbbe2b,EF06MA23,low,Mathematics,"Espaços, Tempos, Quantidades, Relações e Transformações, Matemática, Matemática e suas Tecnologias",ai_generated
0c3b9111-4e0b-4f97-b008-597c8562b966,EF01MA09,medium,Mathematics,"Espaços, Tempos, Quantidades, Relações e Transformações, Matemática, Matemática e suas Tecnologias",ai_generated
0ba430d5-170c-45c6-933e-871e2a0da703,EF06MA23,low,Mathematics,"Espaços, Tempos, Quantidades, Relações e Transformações, Matemática, Matemática e suas Tecnologias",ai_generated
ed438ae5-e3af-42b9-bfe9-c087e111f455,EF04MA04,high,Mathematics,"Espaços, Tempos, Quantidades, Relações e Transformações, Matemática, Matemática e suas Tecnologias",ai_generated
bfde2024-6c9b-4c3b-a5aa-9f343c46bf3e,EF04MA05,high,Mathematics,"Espaços, Tempos, Quantidades, Relações e Transformações, Matemática, Matemática e suas Tecnologias",ai_generated
bfa64bff-b888-48df-abab-9229e710f69b,EF07MA09,high,Mathematics,"Espaços, Tempos, Quantidades, Relações e Transformações, Matemática, Matemática e suas Tecnologias",ai_generated
f8089618-f59a-41be-b5bb-13a8f8f38a64,EF07MA13,high,Mathematics,"Espaços, Tempos, Quantidades, Relações e Transformações, Matemática, Matemática e suas Tecnologias",ai_generated
c4ad178d-2561-408c-90cf-ba56fbfce491,EF06MA03,medium,Mathematics,"Espaços, Tempos, Quantidades, Relações e Transformações, Matemática, Matemática e suas Tecnologias",ai_generated
b95e72ff-9799-4b1a-bf69-25f1d79c2a09,EF01MA08,high,Mathematics,"Espaços, Tempos, Quantidades, Relações e Transformações, Matemática, Matemática e suas Tecnologias",ai_generated
a306e0c8-d628-4b66-af3f-8f0d5e50724f,EF01MA10,low,Mathematics,"Espaços, Tempos, Quantidades, Relações e Transformações, Matemática, Matemática e suas Tecnologias",ai_generated
825e2189-5ed4-4058-9387-86b8963b13c6,EF01MA14,low,Mathematics,"Espaços, Tempos, Quantidades, Relações e Transformações, Matemática, Matemática e suas Tecnologias",ai_generated
9f0d3997-4b2d-4caf-964a-98f5b4fd1164,EF01MA13,low,Mathematics,"Espaços, Tempos, Quantidades, Relações e Transformações, Matemática, Matemática e suas Tecnologias",ai_generated
0131f503-1bb0-49bd-83ef-14bf37b15f83,EF01MA14,low,Mathematics,"Espaços, Tempos, Quantidades, Relações e Transformações, Matemática, Matemática e suas Tecnologias",ai_generated
bb7dc07a-587d-44e4-a297-5a4f500b3069,EF03MA11,high,Mathematics,"Espaços, Tempos, Quantidades, Relações e Transformações, Matemática, Matemática e suas Tecnologias",ai_generated
72419681-8412-41b4-9a5c-48d21a41da32,EF01MA19,low,Mathematics,"Espaços, Tempos, Quantidades, Relações e Transformações, Matemática, Matemática e suas Tecnologias",ai_generated
148091ca-ee13-4dc7-874d-88cb14aa5d4f,EF07MA15,high,Mathematics,"Espaços, Tempos, Quantidades, Relações e Transformações, Matemática, Matemática e suas Tecnologias",ai_generated
31d0acad-6332-4a41-97d9-3f1dc607e8bb,EF06MA31,medium,Mathematics,"Espaços, Tempos, Quantidades, Relações e Transformações, Matemática, Matemática e suas Tecnologias",ai_generated
887a1afe-f40b-4df0-874c-7de63ba2e68c,EF09MA03,high,Mathematics,"Espaços, Tempos, Quantidades, Relações e Transformações, Matemática, Matemática e suas Tecnologias",ai_generated
660027b5-7743-45b0-a4e6-2018827a700f,EF06MA24,medium,Mathematics,"Espaços, Tempos, Quantidades, Relações e Transformações, Matemática, Matemática e suas Tecnologias",ai_generated
c16546a5-5c0b-46ba-b97d-252fa3cad9a5,EF03MA22,low,Mathematics,"Espaços, Tempos, Quantidades, Relações e Transformações, Matemática, Matemática e suas Tecnologias",ai_generated
884f1a87-f08e-4329-8c26-eaea462b5f7b,EF03MA24,low,Mathematics,"Espaços, Tempos, Quantidades, Relações e Transformações, Matemática, Matemática e suas Tecnologias",ai_generated
95866cee-da95-5111-a757-301bb6af30d3,EF09MA12,medium,Mathematics,"Espaços, Tempos, Quantidades, Relações e Transformações, Matemática, Matemática e suas Tecnologias",lc_existing
c9f8185a-788f-55a3-a3d4-d727f24a6aa0,EF09MA02,medium,Mathematics,"Espaços, Tempos, Quantidades, Relações e Transformações, Matemática, Matemática e suas Tecnologias",lc_existing
4405fc89-0759-5cb9-a19c-2df78487de36,EM13MAT508,high,Mathematics,"Espaços, Tempos, Quantidades, Relações e Transformações, Matemática, Matemática e suas Tecnologias",lc_existing
f206886c-6628-5dbd-a241-acc362587b88,EM13MAT507,high,Mathematics,"Espaços, Tempos, Quantidades, Relações e Transformações, Matemática, Matemática e suas Tecnologias",lc_existing
1b15c3e4-c71b-551c-bcb2-ac09a429c8ab,EF08MA02,medium,Mathematics,"Espaços, Tempos, Quantidades, Relações e Transformações, Matemática, Matemática e suas Tecnologias",lc_existing
33226d2a-be82-5f9f-9e5a-f641c76a3daf,EF09MA08,medium,Mathematics,"Espaços, Tempos, Quantidades, Relações e Transformações, Matemática, Matemática e suas Tecnologias",lc_existing
3eb0f361-9ff1-5511-b641-3746051b93f7,EF08MA06,medium,Mathematics,"Espaços, Tempos, Quantidades, Relações e Transformações, Matemática, Matemática e suas Tecnologias",lc_existing
5b501154-97bc-5858-8544-1812e2951df8,EM13MAT404,low,Mathematics,"Espaços, Tempos, Quantidades, Relações e Transformações, Matemática, Matemática e suas Tecnologias",lc_existing
7d357604-fe7d-521d-802d-cc777a115e31,EM13MAT402,medium,Mathematics,"Espaços, Tempos, Quantidades, Relações e Transformações, Matemática, Matemática e suas Tecnologias",lc_existing
9955ddc8-b90d-5dcb-94f3-3c09aee68906,EM13MAT106,medium,Mathematics,"Espaços, Tempos, Quantidades, Relações e Transformações, Matemática, Matemática e suas Tecnologias",lc_existing
abd58ddd-8456-51c4-ad20-f0f7b2e2046b,EF09MA02,medium,Mathematics,"Espaços, Tempos, Quantidades, Relações e Transformações, Matemática, Matemática e suas Tecnologias",lc_existing
a06a71ca-4485-5c95-a6b7-7de47ae7270a,EF07MA19,medium,Mathematics,"Espaços, Tempos, Quantidades, Relações e Transformações, Matemática, Matemática e suas Tecnologias",lc_existing
3ad29867-b72b-5318-9362-2a15e7ea56c4,EF04MA04,high,Mathematics,"Espaços, Tempos, Quantidades, Relações e Transformações, Matemática, Matemática e suas Tecnologias",lc_existing
4de8aad6-5836-5e79-9673-89304279437c,EF02MA07,high,Mathematics,"Espaços, Tempos, Quantidades, Relações e Transformações, Matemática, Matemática e suas Tecnologias",lc_existing
abdeadbc-894d-5836-b635-b51d0c9245ff,EF02MA07,high,Mathematics,"Espaços, Tempos, Quantidades, Relações e Transformações, Matemática, Matemática e suas Tecnologias",lc_existing
5b1f724c-bdc0-5839-9be6-9732031dc911,EF09MA07,medium,Mathematics,"Espaços, Tempos, Quantidades, Relações e Transformações, Matemática, Matemática e suas Tecnologias",lc_existing
2bfc7496-6e00-5c7d-9d81-1df05d4642c5,EF07MA08,high,Mathematics,"Espaços, Tempos, Quantidades, Relações e Transformações, Matemática, Matemática e suas Tecnologias",lc_existing
95a6521a-e945-576b-9934-ce4039978c77,EF08MA01,high,Mathematics,"Espaços, Tempos, Quantidades, Relações e Transformações, Matemática, Matemática e suas Tecnologias",lc_existing
686b69e4-341d-544e-9191-9d0e2e71827e,EF03MA10,high,Mathematics,"Espaços, Tempos, Quantidades, Relações e Transformações, Matemática, Matemática e suas Tecnologias",lc_existing
8f3e372f-10be-5526-8b26-808f4044e844,EF06MA12,medium,Mathematics,"Espaços, Tempos, Quantidades, Relações e Transformações, Matemática, Matemática e suas Tecnologias",lc_existing
1c759d88-2c4b-4410-ad99-6448f89f3d6b,EM13MAT302,medium,Mathematics,"Espaços, Tempos, Quantidades, Relações e Transformações, Matemática, Matemática e suas Tecnologias",ai_generated
080e7092-11b3-4e7e-a14d-c37e897800b6,EM13MAT302,medium,Mathematics,"Espaços, Tempos, Quantidades, Relações e Transformações, Matemática, Matemática e suas Tecnologias",ai_generated
74f64abf-7c08-4c90-b8e3-ada065064326,EM13MAT302,medium,Mathematics,"Espaços, Tempos, Quantidades, Relações e Transformações, Matemática, Matemática e suas Tecnologias",ai_generated
d89542bc-54af-4bf5-81d9-b1d870dab00f,EM13MAT302,medium,Mathematics,"Espaços, Tempos, Quantidades, Relações e Transformações, Matemática, Matemática e suas Tecnologias",ai_generated
38f09b2e-69b2-4317-bc0d-f2003f66c995,EF01MA01,medium,Mathematics,"Espaços, Tempos, Quantidades, Relações e Transformações, Matemática, Matemática e suas Tecnologias",ai_generated
1607ccc9-7d31-4fce-9068-b47f5cd6d7e7,EF01MA04,high,Mathematics,"Espaços, Tempos, Quantidades, Relações e Transformações, Matemática, Matemática e suas Tecnologias",ai_generated
e62729cb-8c7d-49f1-a36a-8020b0cdc6d2,EF07MA06,medium,Mathematics,"Espaços, Tempos, Quantidades, Relações e Transformações, Matemática, Matemática e suas Tecnologias",ai_generated
a8be94fb-1440-4e4f-b072-979d49267a1c,EF03MA07,high,Mathematics,"Espaços, Tempos, Quantidades, Relações e Transformações, Matemática, Matemática e suas Tecnologias",ai_generated
d67e4d60-3333-4436-a455-ad8db3f3aebc,EF07MA05,medium,Mathematics,"Espaços, Tempos, Quantidades, Relações e Transformações, Matemática, Matemática e suas Tecnologias",ai_generated
1e521e20-caf7-4d1c-865a-489cc5164645,EF01MA18,low,Mathematics,"Espaços, Tempos, Quantidades, Relações e Transformações, Matemática, Matemática e suas Tecnologias",ai_generated
1c10561c-da2b-4244-af5c-99d5cfdd1806,EF03MA18,medium,Mathematics,"Espaços, Tempos, Quantidades, Relações e Transformações, Matemática, Matemática e suas Tecnologias",ai_generated
a48b26aa-ae9d-423d-bcaa-0865a4b3756e,EF04MA11,high,Mathematics,"Espaços, Tempos, Quantidades, Relações e Transformações, Matemática, Matemática e suas Tecnologias",ai_generated
05afb8bd-8320-5fa6-98f6-ac0be0fa5767,EM13MAT314,high,Mathematics,"Espaços, Tempos, Quantidades, Relações e Transformações, Matemática, Matemática e suas Tecnologias",lc_existing
9dd24851-bd35-5c34-8a65-4b865b8e8567,EF07MA11,high,Mathematics,"Espaços, Tempos, Quantidades, Relações e Transformações, Matemática, Matemática e suas Tecnologias",lc_existing
c325c592-bf72-5ea3-9028-4d01163583d9,EF02MA16,high,Mathematics,"Espaços, Tempos, Quantidades, Relações e Transformações, Matemática, Matemática e suas Tecnologias",lc_existing
09bd90d2-6eb9-5993-96d8-f40026381866,EF09MA14,high,Mathematics,"Espaços, Tempos, Quantidades, Relações e Transformações, Matemática, Matemática e suas Tecnologias",lc_existing
54ee8a5e-cef6-5f6e-b5eb-0290648f1fe3,EF09MA13,high,Mathematics,"Espaços, Tempos, Quantidades, Relações e Transformações, Matemática, Matemática e suas Tecnologias",lc_existing
9ca7bb46-66c1-5951-83b6-644359a0b555,EF09MA13,high,Mathematics,"Espaços, Tempos, Quantidades, Relações e Transformações, Matemática, Matemática e suas Tecnologias",lc_existing
0cb33278-9c22-54ed-8781-e9597a9925ea,EM13MAT306,high,Mathematics,"Espaços, Tempos, Quantidades, Relações e Transformações, Matemática, Matemática e suas Tecnologias",lc_existing
c2c683ad-34ba-5ae5-b56d-782a5e0efeb2,EM13MAT103,medium,Mathematics,"Espaços, Tempos, Quantidades, Relações e Transformações, Matemática, Matemática e suas Tecnologias",lc_existing
a0e1fbf0-f9b1-5b64-884c-b4409e99ddb9,EM13MAT103,medium,Mathematics,"Espaços, Tempos, Quantidades, Relações e Transformações, Matemática, Matemática e suas Tecnologias",lc_existing
70280965-0189-50ed-9e9d-35c82fe7a2cc,EM13MAT301,medium,Mathematics,"Espaços, Tempos, Quantidades, Relações e Transformações, Matemática, Matemática e suas Tecnologias",lc_existing
027af5d2-4e6c-5a3c-8888-cdb53ea6ce49,EF07MA11,high,Mathematics,"Espaços, Tempos, Quantidades, Relações e Transformações, Matemática, Matemática e suas Tecnologias",lc_existing
15d457bc-6f3e-5250-908b-7bd38247f237,EF03MA20,high,Mathematics,"Espaços, Tempos, Quantidades, Relações e Transformações, Matemática, Matemática e suas Tecnologias",lc_existing
a8a8a7ce-b79c-5625-b119-889b028c386a,EF03MA20,high,Mathematics,"Espaços, Tempos, Quantidades, Relações e Transformações, Matemática, Matemática e suas Tecnologias",lc_existing
54a463dd-df6b-5ace-afb5-b3b179799e8e,EF07MA11,high,Mathematics,"Espaços, Tempos, Quantidades, Relações e Transformações, Matemática, Matemática e suas Tecnologias",lc_existing
9d795694-10ee-5720-b042-24295517817c,EF07MA10,high,Mathematics,"Espaços, Tempos, Quantidades, Relações e Transformações, Matemática, Matemática e suas Tecnologias",lc_existing
882e3e9d-24ef-5bd6-8dcd-f34c74db0e73,EM13MAT105,low,Mathematics,"Espaços, Tempos, Quantidades, Relações e Transformações, Matemática, Matemática e suas Tecnologias",lc_existing
f5556ce9-0389-547e-b256-16a6fd13219b,EM13MAT105,low,Mathematics,"Espaços, Tempos, Quantidades, Relações e Transformações, Matemática, Matemática e suas Tecnologias",lc_existing
646a03d8-7880-5331-8ac5-ab4912d891ca,EF08MA07,high,Mathematics,"Espaços, Tempos, Quantidades, Relações e Transformações, Matemática, Matemática e suas Tecnologias",lc_existing
85483a03-0245-58d4-b861-e9c311c081e4,EM13MAT306,high,Mathematics,"Espaços, Tempos, Quantidades, Relações e Transformações, Matemática, Matemática e suas Tecnologias",lc_existing
398840e5-3a2d-5e01-b9e7-d07a2d8041c3,EF06MA25,high,Mathematics,"Espaços, Tempos, Quantidades, Relações e Transformações, Matemática, Matemática e suas Tecnologias",lc_existing
39865eff-a84f-5354-b603-13ad5b99dd9f,EF04MA06,medium,Mathematics,"Espaços, Tempos, Quantidades, Relações e Transformações, Matemática, Matemática e suas Tecnologias",lc_existing
0b131675-fbee-5aca-97ee-ed67d6f64697,EF04MA09,medium,Mathematics,"Espaços, Tempos, Quantidades, Relações e Transformações, Matemática, Matemática e suas Tecnologias",lc_existing
75be40c8-e4b3-543e-87fb-d9717ca4481f,EF04MA09,medium,Mathematics,"Espaços, Tempos, Quantidades, Relações e Transformações, Matemática, Matemática e suas Tecnologias",lc_existing
7d2e9341-ba96-5ec3-9b98-3fb270bc5508,EF08MA25,medium,Mathematics,"Espaços, Tempos, Quantidades, Relações e Transformações, Matemática, Matemática e suas Tecnologias",lc_existing
67bf1af6-fd02-5c63-96f2-e7bd99f3181e,EF03MA17,high,Mathematics,"Espaços, Tempos, Quantidades, Relações e Transformações, Matemática, Matemática e suas Tecnologias",lc_existing
a93d7dd3-e355-5bb6-ab73-f0bcc71a973c,EF03MA20,medium,Mathematics,"Espaços, Tempos, Quantidades, Relações e Transformações, Matemática, Matemática e suas Tecnologias",lc_existing
5c1fe43a-aaa6-5077-95f6-48ebc1f9d623,EF09MA01,high,Mathematics,"Espaços, Tempos, Quantidades, Relações e Transformações, Matemática, Matemática e suas Tecnologias",lc_existing
1c9b3eef-86cc-5759-a4e8-257260586023,EF08MA09,medium,Mathematics,"Espaços, Tempos, Quantidades, Relações e Transformações, Matemática, Matemática e suas Tecnologias",lc_existing
b3badaf7-f812-5eab-85e0-3efa7d03d8e8,EF04MA09,medium,Mathematics,"Espaços, Tempos, Quantidades, Relações e Transformações, Matemática, Matemática e suas Tecnologias",lc_existing
6e6acf93-1f84-564c-8f6f-22c206e5f633,EF07MA09,high,Mathematics,"Espaços, Tempos, Quantidades, Relações e Transformações, Matemática, Matemática e suas Tecnologias",lc_existing
70393172-f85d-520e-86d2-27ef4b1966d0,EF07MA09,high,Mathematics,"Espaços, Tempos, Quantidades, Relações e Transformações, Matemática, Matemática e suas Tecnologias",lc_existing
304a8bf8-0cde-552d-b095-c45917bd3d1d,EF04MA04,high,Mathematics,"Espaços, Tempos, Quantidades, Relações e Transformações, Matemática, Matemática e suas Tecnologias",lc_existing
4a5864a3-cfa9-5e63-9d62-f97b7a6de517,EF08MA09,medium,Mathematics,"Espaços, Tempos, Quantidades, Relações e Transformações, Matemática, Matemática e suas Tecnologias",lc_existing
54aff3b8-8d59-5f54-b72c-1e955ac530c0,EF08MA09,medium,Mathematics,"Espaços, Tempos, Quantidades, Relações e Transformações, Matemática, Matemática e suas Tecnologias",lc_existing
ef463c26-ba1a-57b8-bda8-b97b517a16e9,EM13MAT504,high,Mathematics,"Espaços, Tempos, Quantidades, Relações e Transformações, Matemática, Matemática e suas Tecnologias",lc_existing
029e11a6-43ba-50cb-8aab-0a205bd02e36,EF05MA24,medium,Mathematics,"Espaços, Tempos, Quantidades, Relações e Transformações, Matemática, Matemática e suas Tecnologias",lc_existing
2a082506-95a0-5dd2-af52-8933eb92479e,EM13MAT406,medium,Mathematics,"Espaços, Tempos, Quantidades, Relações e Transformações, Matemática, Matemática e suas Tecnologias",lc_existing
33b06e27-3731-5818-b818-fab4448483eb,EF09MA17,medium,Mathematics,"Espaços, Tempos, Quantidades, Relações e Transformações, Matemática, Matemática e suas Tecnologias",lc_existing
e979a208-2a83-523a-9a35-2908826d48e5,EF08MA12,medium,Mathematics,"Espaços, Tempos, Quantidades, Relações e Transformações, Matemática, Matemática e suas Tecnologias",lc_existing
476f097a-8313-5640-96bb-79ca971329b5,EF08MA11,medium,Mathematics,"Espaços, Tempos, Quantidades, Relações e Transformações, Matemática, Matemática e suas Tecnologias",lc_existing
7791ef37-26f9-5ee3-849a-c88dac98164b,EF08MA10,medium,Mathematics,"Espaços, Tempos, Quantidades, Relações e Transformações, Matemática, Matemática e suas Tecnologias",lc_existing
32a32b3e-8ea5-5a9a-99b7-a24b06edb625,EM13MAT309,high,Mathematics,"Espaços, Tempos, Quantidades, Relações e Transformações, Matemática, Matemática e suas Tecnologias",lc_existing
593d27f2-ad25-5beb-ac42-181f6161b8f6,EF09MA19,high,Mathematics,"Espaços, Tempos, Quantidades, Relações e Transformações, Matemática, Matemática e suas Tecnologias",lc_existing
6aecfcd1-5068-56f0-93cd-b323d5032bef,EM13MAT309,high,Mathematics,"Espaços, Tempos, Quantidades, Relações e Transformações, Matemática, Matemática e suas Tecnologias",lc_existing
cbbd5e51-8b27-5a1f-86e4-14c55ef85a2b,EM13MAT314,medium,Mathematics,"Espaços, Tempos, Quantidades, Relações e Transformações, Matemática, Matemática e suas Tecnologias",lc_existing
f6e0917a-5ba1-52ad-8162-0c5d20c3d58d,EF09MA11,high,Mathematics,"Espaços, Tempos, Quantidades, Relações e Transformações, Matemática, Matemática e suas Tecnologias",lc_existing
27324946-fd43-5f87-a290-ede8bb89d744,EF09MA17,medium,Mathematics,"Espaços, Tempos, Quantidades, Relações e Transformações, Matemática, Matemática e suas Tecnologias",lc_existing
3d028b96-3db3-5175-8bbc-74c189ae83b5,EF05MA21,high,Mathematics,"Espaços, Tempos, Quantidades, Relações e Transformações, Matemática, Matemática e suas Tecnologias",lc_existing
5ccfcd23-a3c0-5104-90a1-74f37f2c2e56,EF07MA16,medium,Mathematics,"Espaços, Tempos, Quantidades, Relações e Transformações, Matemática, Matemática e suas Tecnologias",lc_existing
61fbfd28-285c-54f7-aa98-f119791e4694,EF01MA03,high,Mathematics,"Espaços, Tempos, Quantidades, Relações e Transformações, Matemática, Matemática e suas Tecnologias",lc_existing
b8565b5b-cd3f-5b68-9838-46d59f0c43ab,EF04MA06,high,Mathematics,"Espaços, Tempos, Quantidades, Relações e Transformações, Matemática, Matemática e suas Tecnologias",lc_existing
566157d3-ede7-5ce6-a077-dc1cbade027e,EF03MA19,medium,Mathematics,"Espaços, Tempos, Quantidades, Relações e Transformações, Matemática, Matemática e suas Tecnologias",lc_existing
4e8760e7-9190-5c6f-b543-50615ab03b67,EF08MA02,high,Mathematics,"Espaços, Tempos, Quantidades, Relações e Transformações, Matemática, Matemática e suas Tecnologias",lc_existing
52a53073-75a3-592d-a9cf-aba403b0d018,EF08MA06,high,Mathematics,"Espaços, Tempos, Quantidades, Relações e Transformações, Matemática, Matemática e suas Tecnologias",lc_existing
930e4c6d-0d2b-565c-a6cd-97fe0f66f6cb,EF04MA28,medium,Mathematics,"Espaços, Tempos, Quantidades, Relações e Transformações, Matemática, Matemática e suas Tecnologias",lc_existing
da7cba64-33be-5c95-82e3-f5471634562d,EF08MA23,medium,Mathematics,"Espaços, Tempos, Quantidades, Relações e Transformações, Matemática, Matemática e suas Tecnologias",lc_existing
b192afe3-70ae-5969-a7ce-6f2552812830,EF01MA07,high,Mathematics,"Espaços, Tempos, Quantidades, Relações e Transformações, Matemática, Matemática e suas Tecnologias",lc_existing
5a0a81bb-41df-5f2b-be89-f9be39d9f4e3,EF03MA03,high,Mathematics,"Espaços, Tempos, Quantidades, Relações e Transformações, Matemática, Matemática e suas Tecnologias",lc_existing
ee3360f2-c08d-5933-96c1-8fd9692b63b7,EF03MA03,high,Mathematics,"Espaços, Tempos, Quantidades, Relações e Transformações, Matemática, Matemática e suas Tecnologias",lc_existing
08434f52-ce6d-52c1-aee7-dbace1454390,EF09MA17,high,Mathematics,"Espaços, Tempos, Quantidades, Relações e Transformações, Matemática, Matemática e suas Tecnologias",lc_existing
851942b6-cfe6-5dc8-97fa-f0843ac6d7f8,EF09MA17,high,Mathematics,"Espaços, Tempos, Quantidades, Relações e Transformações, Matemática, Matemática e suas Tecnologias",lc_existing
b6895508-0678-5c62-bb8a-14a85e069598,EF08MA08,high,Mathematics,"Espaços, Tempos, Quantidades, Relações e Transformações, Matemática, Matemática e suas Tecnologias",lc_existing
2ad934e1-0446-5174-ae7c-26b06e85dbc6,EF01MA11,high,Mathematics,"Espaços, Tempos, Quantidades, Relações e Transformações, Matemática, Matemática e suas Tecnologias",lc_existing
3938ec14-4750-5d0d-918c-cbdcaad95f34,EF01MA14,high,Mathematics,"Espaços, Tempos, Quantidades, Relações e Transformações, Matemática, Matemática e suas Tecnologias",lc_existing
31632a52-38dc-5125-a5df-47e4bf17e976,EF09MA21,medium,Mathematics,"Espaços, Tempos, Quantidades, Relações e Transformações, Matemática, Matemática e suas Tecnologias",lc_existing
7cc46507-fb0d-5b3a-b70e-30073ebea3e2,EF06MA24,medium,Mathematics,"Espaços, Tempos, Quantidades, Relações e Transformações, Matemática, Matemática e suas Tecnologias",lc_existing
175a45df-f09a-50cd-b5f3-54826ac750a7,EF06MA20,high,Mathematics,"Espaços, Tempos, Quantidades, Relações e Transformações, Matemática, Matemática e suas Tecnologias",lc_existing
8bd3a000-9afe-577e-8781-dd8b8d493289,EF06MA19,high,Mathematics,"Espaços, Tempos, Quantidades, Relações e Transformações, Matemática, Matemática e suas Tecnologias",lc_existing
133abb93-2720-50fc-a417-2fb6d67d32c5,EF07MA12,medium,Mathematics,"Espaços, Tempos, Quantidades, Relações e Transformações, Matemática, Matemática e suas Tecnologias",lc_existing
63c4ca02-f441-59d8-af9b-681477d17f16,EF07MA12,medium,Mathematics,"Espaços, Tempos, Quantidades, Relações e Transformações, Matemática, Matemática e suas Tecnologias",lc_existing
9a823129-dc39-557c-8b43-c1d72ba13cb5,EF09MA16,high,Mathematics,"Espaços, Tempos, Quantidades, Relações e Transformações, Matemática, Matemática e suas Tecnologias",lc_existing
01603799-f30a-5408-8996-6e4269ba1ecb,EF08MA15,high,Mathematics,"Espaços, Tempos, Quantidades, Relações e Transformações, Matemática, Matemática e suas Tecnologias",lc_existing
41f1df89-8340-50e5-926b-18aacf923768,EF08MA15,high,Mathematics,"Espaços, Tempos, Quantidades, Relações e Transformações, Matemática, Matemática e suas Tecnologias",lc_existing
492aeedd-ef70-5b41-baa2-a555a9299db8,EF08MA15,high,Mathematics,"Espaços, Tempos, Quantidades, Relações e Transformações, Matemática, Matemática e suas Tecnologias",lc_existing
877b7700-a0f2-544b-8b0c-026a329a9d1b,EF06MA22,high,Mathematics,"Espaços, Tempos, Quantidades, Relações e Transformações, Matemática, Matemática e suas Tecnologias",lc_existing
06a2c65b-ea61-570a-bd78-e87947962032,EF08MA15,high,Mathematics,"Espaços, Tempos, Quantidades, Relações e Transformações, Matemática, Matemática e suas Tecnologias",lc_existing
df455161-765b-5d0d-895f-8a61c9cee685,EF04MA21,medium,Mathematics,"Espaços, Tempos, Quantidades, Relações e Transformações, Matemática, Matemática e suas Tecnologias",lc_existing
748e0ba9-6efb-5e0f-b89f-10c8bf0c5fd0,EF09MA09,high,Mathematics,"Espaços, Tempos, Quantidades, Relações e Transformações, Matemática, Matemática e suas Tecnologias",lc_existing
b515631a-0485-577f-a53d-11d0e0859b71,EM13MAT501,medium,Mathematics,"Espaços, Tempos, Quantidades, Relações e Transformações, Matemática, Matemática e suas Tecnologias",lc_existing
14fb1a65-05da-573a-98ae-5d0d33cdf338,EF03MA23,medium,Mathematics,"Espaços, Tempos, Quantidades, Relações e Transformações, Matemática, Matemática e suas Tecnologias",lc_existing
115636bf-01c2-5c26-be47-a29f933a2974,EF07MA13,medium,Mathematics,"Espaços, Tempos, Quantidades, Relações e Transformações, Matemática, Matemática e suas Tecnologias",lc_existing
eca9bcd8-4f71-5150-9db3-50f9ac6bb0ff,EF04MA01,medium,Mathematics,"Espaços, Tempos, Quantidades, Relações e Transformações, Matemática, Matemática e suas Tecnologias",lc_existing
8b7a4579-efa3-596c-b07d-3b8a0d81079a,EF05MA01,medium,Mathematics,"Espaços, Tempos, Quantidades, Relações e Transformações, Matemática, Matemática e suas Tecnologias",lc_existing
7ff0a1ac-af60-5596-8ead-02c82f23440f,EF05MA01,medium,Mathematics,"Espaços, Tempos, Quantidades, Relações e Transformações, Matemática, Matemática e suas Tecnologias",lc_existing
85cc2d51-8a4c-5f97-8d45-0af1a99da203,EF03MA09,medium,Mathematics,"Espaços, Tempos, Quantidades, Relações e Transformações, Matemática, Matemática e suas Tecnologias",lc_existing
2249c3b7-ee29-50c1-91fe-d9384f255c14,EF09MA19,high,Mathematics,"Espaços, Tempos, Quantidades, Relações e Transformações, Matemática, Matemática e suas Tecnologias",lc_existing
8e127d06-d8ab-5028-8b50-0f7df4372ec2,EF09MA19,high,Mathematics,"Espaços, Tempos, Quantidades, Relações e Transformações, Matemática, Matemática e suas Tecnologias",lc_existing
17c7558b-5701-58ff-bb53-05267aa604ec,EF01MA09,medium,Mathematics,"Espaços, Tempos, Quantidades, Relações e Transformações, Matemática, Matemática e suas Tecnologias",lc_existing
fd2719ea-0d2f-5f68-a4ae-8d354cd0a48f,EF09MA09,high,Mathematics,"Espaços, Tempos, Quantidades, Relações e Transformações, Matemática, Matemática e suas Tecnologias",lc_existing
688e70b1-d659-573b-b94e-07c2c4d64f6a,EF01MA01,high,Mathematics,"Espaços, Tempos, Quantidades, Relações e Transformações, Matemática, Matemática e suas Tecnologias",lc_existing
da9fc2c7-7cf2-52ef-bd89-1f1c625401e6,EF09MA08,high,Mathematics,"Espaços, Tempos, Quantidades, Relações e Transformações, Matemática, Matemática e suas Tecnologias",lc_existing
fda5f0e0-0366-5113-931b-3d9930bdfb5a,EF09MA05,high,Mathematics,"Espaços, Tempos, Quantidades, Relações e Transformações, Matemática, Matemática e suas Tecnologias",lc_existing
2f4e3bac-b5ee-57ac-a8c7-f70bb5b3291d,EF05MA02,high,Mathematics,"Espaços, Tempos, Quantidades, Relações e Transformações, Matemática, Matemática e suas Tecnologias",lc_existing
a8282e62-9d78-58c3-816e-d308f479e331,EF05MA02,high,Mathematics,"Espaços, Tempos, Quantidades, Relações e Transformações, Matemática, Matemática e suas Tecnologias",lc_existing
6f0181a4-76d5-5492-a59a-c4cbcd5744fc,EF08MA18,high,Mathematics,"Espaços, Tempos, Quantidades, Relações e Transformações, Matemática, Matemática e suas Tecnologias",lc_existing
108ea2f2-86d5-5291-9e69-7fa4674b9651,EF04MA05,high,Mathematics,"Espaços, Tempos, Quantidades, Relações e Transformações, Matemática, Matemática e suas Tecnologias",lc_existing
2a88d495-19fc-5c5c-a9ce-660dd4f95802,EF03MA11,medium,Mathematics,"Espaços, Tempos, Quantidades, Relações e Transformações, Matemática, Matemática e suas Tecnologias",lc_existing
80e6e23a-cdc5-5d83-a38b-6a7093ba8d5a,EF03MA09,medium,Mathematics,"Espaços, Tempos, Quantidades, Relações e Transformações, Matemática, Matemática e suas Tecnologias",lc_existing
0e57edd9-70a2-5d34-857e-2c0a425b1d5b,EM13MAT301,medium,Mathematics,"Espaços, Tempos, Quantidades, Relações e Transformações, Matemática, Matemática e suas Tecnologias",lc_existing
1f109af5-22d6-57a0-bab4-63d85ec11d3b,EF01MA08,high,Mathematics,"Espaços, Tempos, Quantidades, Relações e Transformações, Matemática, Matemática e suas Tecnologias",lc_existing
60239d6d-2bc9-5956-8716-2e6ddfc2550d,EF01MA06,high,Mathematics,"Espaços, Tempos, Quantidades, Relações e Transformações, Matemática, Matemática e suas Tecnologias",lc_existing
30cb9458-ac56-54e2-b224-3a0709d21627,EM13MAT502,high,Mathematics,"Espaços, Tempos, Quantidades, Relações e Transformações, Matemática, Matemática e suas Tecnologias",lc_existing
b02c3de8-7535-5bfc-8e3f-8437bc32a140,EF08MA12,medium,Mathematics,"Espaços, Tempos, Quantidades, Relações e Transformações, Matemática, Matemática e suas Tecnologias",lc_existing
0d09acef-0351-5d6e-8d35-ec2a950c1cf5,EF08MA19,high,Mathematics,"Espaços, Tempos, Quantidades, Relações e Transformações, Matemática, Matemática e suas Tecnologias",lc_existing
ae975d69-8c4a-580b-aba0-7d9089b3393b,EF07MA31,high,Mathematics,"Espaços, Tempos, Quantidades, Relações e Transformações, Matemática, Matemática e suas Tecnologias",lc_existing
13498e57-1a95-5b05-a073-f99ab6e932ff,EF05MA04,high,Mathematics,"Espaços, Tempos, Quantidades, Relações e Transformações, Matemática, Matemática e suas Tecnologias",lc_existing
7f339f4c-abc1-50e7-a0f3-448af44eabec,EF05MA21,high,Mathematics,"Espaços, Tempos, Quantidades, Relações e Transformações, Matemática, Matemática e suas Tecnologias",lc_existing
3fd3c652-c7ac-5615-b8b7-50ff7718d89a,EF07MA36,medium,Mathematics,"Espaços, Tempos, Quantidades, Relações e Transformações, Matemática, Matemática e suas Tecnologias",lc_existing
040a3c85-8449-5aaf-9d57-912875b596d0,EF02MA15,high,Mathematics,"Espaços, Tempos, Quantidades, Relações e Transformações, Matemática, Matemática e suas Tecnologias",lc_existing
2b32313c-e965-5b68-a744-d60f6a15b000,EF02MA15,high,Mathematics,"Espaços, Tempos, Quantidades, Relações e Transformações, Matemática, Matemática e suas Tecnologias",lc_existing
305edb5e-e972-5f35-adae-d95371fb9b0f,EF02MA14,high,Mathematics,"Espaços, Tempos, Quantidades, Relações e Transformações, Matemática, Matemática e suas Tecnologias",lc_existing
b8e1e828-5804-512c-bce2-2cf189e03eeb,EF01MA09,medium,Mathematics,"Espaços, Tempos, Quantidades, Relações e Transformações, Matemática, Matemática e suas Tecnologias",lc_existing
5b65ffae-7ddc-5261-be50-76e84c17a4f9,EF05MA08,medium,Mathematics,"Espaços, Tempos, Quantidades, Relações e Transformações, Matemática, Matemática e suas Tecnologias",lc_existing
3b6e17f6-5965-58e1-a77a-405d0d820529,EF09MA20,high,Mathematics,"Espaços, Tempos, Quantidades, Relações e Transformações, Matemática, Matemática e suas Tecnologias",lc_existing
1c578499-8314-500c-9098-926d78daadd0,EF07MA21,high,Mathematics,"Espaços, Tempos, Quantidades, Relações e Transformações, Matemática, Matemática e suas Tecnologias",lc_existing
0bfafde1-da4e-5c93-a19d-4469fdce39fa,EF05MA01,high,Mathematics,"Espaços, Tempos, Quantidades, Relações e Transformações, Matemática, Matemática e suas Tecnologias",lc_existing
1d1c64d6-0a96-5282-8e66-b3b49d13d97b,EF04MA01,high,Mathematics,"Espaços, Tempos, Quantidades, Relações e Transformações, Matemática, Matemática e suas Tecnologias",lc_existing
8b6dc1d3-9675-5dec-b020-e7374c8139b1,EF05MA01,high,Mathematics,"Espaços, Tempos, Quantidades, Relações e Transformações, Matemática, Matemática e suas Tecnologias",lc_existing
9f5c095c-c8bb-5386-b0f7-8ffa1970f5e4,EF08MA07,high,Mathematics,"Espaços, Tempos, Quantidades, Relações e Transformações, Matemática, Matemática e suas Tecnologias",lc_existing
e21b23ac-0ae7-58a6-b99e-2b7fc9a16a4e,EM13MAT301,medium,Mathematics,"Espaços, Tempos, Quantidades, Relações e Transformações, Matemática, Matemática e suas Tecnologias",lc_existing
31d1aa9e-8254-5472-b22c-36d17d807f58,EF06MA16,high,Mathematics,"Espaços, Tempos, Quantidades, Relações e Transformações, Matemática, Matemática e suas Tecnologias",lc_existing
96529518-a495-5947-b797-c53a2d3c7a05,EF07MA17,medium,Mathematics,"Espaços, Tempos, Quantidades, Relações e Transformações, Matemática, Matemática e suas Tecnologias",lc_existing
29e60e03-2920-51de-aff0-cb317dad7e54,EF09MA07,high,Mathematics,"Espaços, Tempos, Quantidades, Relações e Transformações, Matemática, Matemática e suas Tecnologias",lc_existing
7497ced2-125e-5196-a101-83702ed6df68,EF05MA02,high,Mathematics,"Espaços, Tempos, Quantidades, Relações e Transformações, Matemática, Matemática e suas Tecnologias",lc_existing
433011a1-134c-5841-a49b-b33e87282103,EF05MA04,high,Mathematics,"Espaços, Tempos, Quantidades, Relações e Transformações, Matemática, Matemática e suas Tecnologias",lc_existing
be26c574-9da9-5f75-83d1-d14ac1c00d09,EF07MA12,high,Mathematics,"Espaços, Tempos, Quantidades, Relações e Transformações, Matemática, Matemática e suas Tecnologias",lc_existing
91a4d15a-cda6-510b-ba13-56d5bf536917,EF07MA17,high,Mathematics,"Espaços, Tempos, Quantidades, Relações e Transformações, Matemática, Matemática e suas Tecnologias",lc_existing
ea2ae87f-40aa-53fd-9a03-b69889f16266,EF07MA08,high,Mathematics,"Espaços, Tempos, Quantidades, Relações e Transformações, Matemática, Matemática e suas Tecnologias",lc_existing
9d36a76f-680e-5144-9ffc-8404814c44e3,EF07MA18,high,Mathematics,"Espaços, Tempos, Quantidades, Relações e Transformações, Matemática, Matemática e suas Tecnologias",lc_existing
14c9562d-c985-5d98-8fe5-a8551e0a20ff,EF08MA01,medium,Mathematics,"Espaços, Tempos, Quantidades, Relações e Transformações, Matemática, Matemática e suas Tecnologias",lc_existing
e96d5914-1b25-5d07-80e5-ce0d9fdf863f,EF09MA02,high,Mathematics,"Espaços, Tempos, Quantidades, Relações e Transformações, Matemática, Matemática e suas Tecnologias",lc_existing
bac2efb6-afa7-518d-be33-714f3a956905,EF09MA02,medium,Mathematics,"Espaços, Tempos, Quantidades, Relações e Transformações, Matemática, Matemática e suas Tecnologias",lc_existing
60a51673-b0e6-57d6-840c-64a3c5b61cc0,EF07MA13,high,Mathematics,"Espaços, Tempos, Quantidades, Relações e Transformações, Matemática, Matemática e suas Tecnologias",lc_existing
12b69651-752f-5e48-b838-0c669df35b64,EF07MA13,high,Mathematics,"Espaços, Tempos, Quantidades, Relações e Transformações, Matemática, Matemática e suas Tecnologias",lc_existing
7dfda327-0d4b-5dd0-894a-9b8a59b51069,EF02MA15,medium,Mathematics,"Espaços, Tempos, Quantidades, Relações e Transformações, Matemática, Matemática e suas Tecnologias",lc_existing
7ea56e28-619b-5c4d-bdef-8534d5c1296c,EF02MA14,medium,Mathematics,"Espaços, Tempos, Quantidades, Relações e Transformações, Matemática, Matemática e suas Tecnologias",lc_existing
30398626-543a-5938-9b46-e104c4fe2674,EF03MA08,high,Mathematics,"Espaços, Tempos, Quantidades, Relações e Transformações, Matemática, Matemática e suas Tecnologias",lc_existing
560b2136-c220-5fd0-9921-65dc9e420013,EF03MA08,medium,Mathematics,"Espaços, Tempos, Quantidades, Relações e Transformações, Matemática, Matemática e suas Tecnologias",lc_existing
5a4a44b7-e5ad-5e82-ad9d-f8583eec7061,EF03MA08,high,Mathematics,"Espaços, Tempos, Quantidades, Relações e Transformações, Matemática, Matemática e suas Tecnologias",lc_existing
eaa30141-1b84-5d15-ae7f-dab4709bd0ae,EF01MA01,medium,Mathematics,"Espaços, Tempos, Quantidades, Relações e Transformações, Matemática, Matemática e suas Tecnologias",lc_existing
60ea6d10-1a57-5d4d-a153-94b9eedb7f81,EF07MA34,high,Mathematics,"Espaços, Tempos, Quantidades, Relações e Transformações, Matemática, Matemática e suas Tecnologias",lc_existing
9921d1aa-64ef-5865-9365-e9aa07d6a12b,EF08MA22,high,Mathematics,"Espaços, Tempos, Quantidades, Relações e Transformações, Matemática, Matemática e suas Tecnologias",lc_existing
e2c041dc-be4f-55ae-b02c-ac6e09b82173,EF09MA03,high,Mathematics,"Espaços, Tempos, Quantidades, Relações e Transformações, Matemática, Matemática e suas Tecnologias",lc_existing
e3333e44-9d4e-54a9-a427-00f3523532f9,EF08MA02,high,Mathematics,"Espaços, Tempos, Quantidades, Relações e Transformações, Matemática, Matemática e suas Tecnologias",lc_existing
48cb8621-0c51-560b-a565-ddd9f6e5f5fc,EF06MA21,medium,Mathematics,"Espaços, Tempos, Quantidades, Relações e Transformações, Matemática, Matemática e suas Tecnologias",lc_existing
9ffdee4b-84bd-56cd-b894-fbec5c1df544,EF06MA21,medium,Mathematics,"Espaços, Tempos, Quantidades, Relações e Transformações, Matemática, Matemática e suas Tecnologias",lc_existing
4a3655e0-0275-5949-a449-f9b8088763bf,EF09MA06,high,Mathematics,"Espaços, Tempos, Quantidades, Relações e Transformações, Matemática, Matemática e suas Tecnologias",lc_existing
52473267-d034-5618-be1d-904cf3c06fd2,EM13MAT402,high,Mathematics,"Espaços, Tempos, Quantidades, Relações e Transformações, Matemática, Matemática e suas Tecnologias",lc_existing
a904613a-b364-5f0b-ae0e-71ab92e51a41,EM13MAT401,high,Mathematics,"Espaços, Tempos, Quantidades, Relações e Transformações, Matemática, Matemática e suas Tecnologias",lc_existing
f25112a6-9606-5267-8aa5-08cc8949b6f5,EF03MA23,high,Mathematics,"Espaços, Tempos, Quantidades, Relações e Transformações, Matemática, Matemática e suas Tecnologias",lc_existing
79506838-311e-5599-a93e-a9d03c0d80ab,EF06MA03,medium,Mathematics,"Espaços, Tempos, Quantidades, Relações e Transformações, Matemática, Matemática e suas Tecnologias",lc_existing
755f16f4-088e-5f11-bd81-06674000ca1e,EM13MAT102,medium,Mathematics,"Espaços, Tempos, Quantidades, Relações e Transformações, Matemática, Matemática e suas Tecnologias",lc_existing
0bd082cc-be74-564c-9cf4-941f5d959507,EF08MA05,high,Mathematics,"Espaços, Tempos, Quantidades, Relações e Transformações, Matemática, Matemática e suas Tecnologias",lc_existing
2ab6ac49-716f-507d-bce0-a9696013c6b2,EF08MA05,high,Mathematics,"Espaços, Tempos, Quantidades, Relações e Transformações, Matemática, Matemática e suas Tecnologias",lc_existing
412a2d72-fda1-5c7d-9781-9329a5bf1f04,EF04MA28,medium,Mathematics,"Espaços, Tempos, Quantidades, Relações e Transformações, Matemática, Matemática e suas Tecnologias",lc_existing
bf631804-8622-56ee-ba38-16984854c49c,EF04MA27,high,Mathematics,"Espaços, Tempos, Quantidades, Relações e Transformações, Matemática, Matemática e suas Tecnologias",lc_existing
74de8dae-331b-5d0a-8f64-a1e8c7c5c3be,EF05MA04,high,Mathematics,"Espaços, Tempos, Quantidades, Relações e Transformações, Matemática, Matemática e suas Tecnologias",lc_existing
ee846e61-d7ce-552b-b277-2934c48eadf9,EF06MA07,medium,Mathematics,"Espaços, Tempos, Quantidades, Relações e Transformações, Matemática, Matemática e suas Tecnologias",lc_existing
b77a918b-49b4-5e85-a6da-8dae176ef619,EF06MA07,medium,Mathematics,"Espaços, Tempos, Quantidades, Relações e Transformações, Matemática, Matemática e suas Tecnologias",lc_existing
a4edafd2-4b08-5996-bbb9-4bdca1b10eb2,EM13MAT308,medium,Mathematics,"Espaços, Tempos, Quantidades, Relações e Transformações, Matemática, Matemática e suas Tecnologias",lc_existing
0013fbee-3e76-500f-9978-42aa1a65f105,EF07MA29,medium,Mathematics,"Espaços, Tempos, Quantidades, Relações e Transformações, Matemática, Matemática e suas Tecnologias",lc_existing
1737d47d-d4d5-5f83-a314-65c293769020,EM13MAT306,high,Mathematics,"Espaços, Tempos, Quantidades, Relações e Transformações, Matemática, Matemática e suas Tecnologias",lc_existing
5c3304d5-3347-532e-89bf-f519d2e1a23c,EM13MAT106,medium,Mathematics,"Espaços, Tempos, Quantidades, Relações e Transformações, Matemática, Matemática e suas Tecnologias",lc_existing
e56668f9-b6be-5381-bae6-6d6aae965d36,EM13MAT508,medium,Mathematics,"Espaços, Tempos, Quantidades, Relações e Transformações, Matemática, Matemática e suas Tecnologias",lc_existing
f0cbeebe-a162-531a-a633-dc0bee3cd369,EM13MAT305,high,Mathematics,"Espaços, Tempos, Quantidades, Relações e Transformações, Matemática, Matemática e suas Tecnologias",lc_existing
07e8b8c4-58c3-5a8e-a2df-e2053cb67891,EF03MA19,high,Mathematics,"Espaços, Tempos, Quantidades, Relações e Transformações, Matemática, Matemática e suas Tecnologias",lc_existing
08cdf68d-9252-53a6-931d-82338eba3641,EF03MA20,medium,Mathematics,"Espaços, Tempos, Quantidades, Relações e Transformações, Matemática, Matemática e suas Tecnologias",lc_existing
1dc43d2c-2fbb-514f-a2bc-49ef0d418ae4,EF03MA18,medium,Mathematics,"Espaços, Tempos, Quantidades, Relações e Transformações, Matemática, Matemática e suas Tecnologias",lc_existing
da70f59c-db93-5dca-86e9-72134a429d4e,EF07MA29,medium,Mathematics,"Espaços, Tempos, Quantidades, Relações e Transformações, Matemática, Matemática e suas Tecnologias",lc_existing
2013ca22-fbca-5331-93f9-0beea2dd9cf1,EF06MA07,high,Mathematics,"Espaços, Tempos, Quantidades, Relações e Transformações, Matemática, Matemática e suas Tecnologias",lc_existing
52ffb8ee-c70d-5076-b2c6-8f3a1b435fa9,EF07MA24,high,Mathematics,"Espaços, Tempos, Quantidades, Relações e Transformações, Matemática, Matemática e suas Tecnologias",lc_existing
9ddaee28-59fe-5fc5-8752-07e538ce90da,EF07MA24,high,Mathematics,"Espaços, Tempos, Quantidades, Relações e Transformações, Matemática, Matemática e suas Tecnologias",lc_existing
0f972f57-4f94-5bc2-816e-cd7e819a9442,EF02MA01,high,Mathematics,"Espaços, Tempos, Quantidades, Relações e Transformações, Matemática, Matemática e suas Tecnologias",lc_existing
24cff8cf-a4e1-5427-8d3b-dc20d19489ed,EF02MA01,high,Mathematics,"Espaços, Tempos, Quantidades, Relações e Transformações, Matemática, Matemática e suas Tecnologias",lc_existing
b404ce7e-82bd-5265-8b6f-843ac9118599,EF02MA01,high,Mathematics,"Espaços, Tempos, Quantidades, Relações e Transformações, Matemática, Matemática e suas Tecnologias",lc_existing
7782ce05-1218-5a88-8d2c-ef908e4d8fb4,EF08MA08,high,Mathematics,"Espaços, Tempos, Quantidades, Relações e Transformações, Matemática, Matemática e suas Tecnologias",lc_existing
8119c47d-f394-50ff-b630-f4aa64763b52,EF07MA03,high,Mathematics,"Espaços, Tempos, Quantidades, Relações e Transformações, Matemática, Matemática e suas Tecnologias",lc_existing
42d2f53f-81ba-5799-8f91-a43902da4d78,EF02MA04,high,Mathematics,"Espaços, Tempos, Quantidades, Relações e Transformações, Matemática, Matemática e suas Tecnologias",lc_existing
9d9fd685-c4d8-58ac-b98c-3a5aad283b9d,EF01MA07,high,Mathematics,"Espaços, Tempos, Quantidades, Relações e Transformações, Matemática, Matemática e suas Tecnologias",lc_existing
c1eb6d51-b8df-5ce4-ab03-314750e960b8,EF02MA04,high,Mathematics,"Espaços, Tempos, Quantidades, Relações e Transformações, Matemática, Matemática e suas Tecnologias",lc_existing
22156372-ad11-5837-9b62-4489288590bb,EF07MA03,high,Mathematics,"Espaços, Tempos, Quantidades, Relações e Transformações, Matemática, Matemática e suas Tecnologias",lc_existing
29c42ed3-da20-5288-a4b1-c72989c97fe4,EF08MA19,high,Mathematics,"Espaços, Tempos, Quantidades, Relações e Transformações, Matemática, Matemática e suas Tecnologias",lc_existing
13103f2c-f538-50eb-90e7-440094c0e723,EM13MAT406,medium,Mathematics,"Espaços, Tempos, Quantidades, Relações e Transformações, Matemática, Matemática e suas Tecnologias",lc_existing
f26b664c-7aaf-5f47-bd64-6bd2d7574cca,EF08MA26,high,Mathematics,"Espaços, Tempos, Quantidades, Relações e Transformações, Matemática, Matemática e suas Tecnologias",lc_existing
d0dc7a0d-45e1-5e0c-b941-4f8f63442879,EF07MA33,high,Mathematics,"Espaços, Tempos, Quantidades, Relações e Transformações, Matemática, Matemática e suas Tecnologias",lc_existing
0c75837c-d3e8-5e87-beb6-c650eb6fa077,EM13MAT313,high,Mathematics,"Espaços, Tempos, Quantidades, Relações e Transformações, Matemática, Matemática e suas Tecnologias",lc_existing
7d5e2ea9-0bac-5822-8c15-f5bf1ea6309b,EF04MA03,medium,Mathematics,"Espaços, Tempos, Quantidades, Relações e Transformações, Matemática, Matemática e suas Tecnologias",lc_existing
acdc1dd7-24da-553a-929c-bd2ce8e09121,EF09MA11,medium,Mathematics,"Espaços, Tempos, Quantidades, Relações e Transformações, Matemática, Matemática e suas Tecnologias",lc_existing
e30dbc0a-a929-5846-bc1d-9c5d3b24400d,EF09MA11,high,Mathematics,"Espaços, Tempos, Quantidades, Relações e Transformações, Matemática, Matemática e suas Tecnologias",lc_existing
2abe1331-000f-535d-9dca-ea14efc72a5f,EF06MA24,medium,Mathematics,"Espaços, Tempos, Quantidades, Relações e Transformações, Matemática, Matemática e suas Tecnologias",lc_existing
9432b8e1-ebd3-5962-a190-080bc5687ace,EF05MA19,medium,Mathematics,"Espaços, Tempos, Quantidades, Relações e Transformações, Matemática, Matemática e suas Tecnologias",lc_existing
a05de981-d7cc-55b5-8b8e-d0640a9f3d67,EF03MA04,medium,Mathematics,"Espaços, Tempos, Quantidades, Relações e Transformações, Matemática, Matemática e suas Tecnologias",lc_existing
a16722fd-5811-5b22-9e40-ed3218acd6b3,EF05MA19,medium,Mathematics,"Espaços, Tempos, Quantidades, Relações e Transformações, Matemática, Matemática e suas Tecnologias",lc_existing
78be5909-caa1-57b4-863b-b8424dbad63b,EM13MAT401,medium,Mathematics,"Espaços, Tempos, Quantidades, Relações e Transformações, Matemática, Matemática e suas Tecnologias",lc_existing
e13cdaca-ec2b-52fd-94aa-01aed2a01332,EF06MA24,medium,Mathematics,"Espaços, Tempos, Quantidades, Relações e Transformações, Matemática, Matemática e suas Tecnologias",lc_existing
52099373-73ba-51af-86c0-c3fa57c49dec,EM13MAT508,medium,Mathematics,"Espaços, Tempos, Quantidades, Relações e Transformações, Matemática, Matemática e suas Tecnologias",lc_existing
07f4ca9a-f0ef-53e5-a387-4b5d049185a1,EF08MA18,high,Mathematics,"Espaços, Tempos, Quantidades, Relações e Transformações, Matemática, Matemática e suas Tecnologias",lc_existing
b6582c34-bfdd-5028-8ff9-a31d50b19ce5,EF09MA03,low,Mathematics,"Espaços, Tempos, Quantidades, Relações e Transformações, Matemática, Matemática e suas Tecnologias",lc_existing
88b14085-880b-52a9-8914-e6b8c8a8e077,EF07MA34,high,Mathematics,"Espaços, Tempos, Quantidades, Relações e Transformações, Matemática, Matemática e suas Tecnologias",lc_existing
27812e5c-a04d-549c-8341-4ab7bccdb688,EF06MA26,medium,Mathematics,"Espaços, Tempos, Quantidades, Relações e Transformações, Matemática, Matemática e suas Tecnologias",lc_existing
70453a52-6c2e-5f51-8360-d7176bee3ff5,EF06MA22,high,Mathematics,"Espaços, Tempos, Quantidades, Relações e Transformações, Matemática, Matemática e suas Tecnologias",lc_existing
7f73d67f-1970-5831-9fb9-c7324f552413,EM13MAT401,high,Mathematics,"Espaços, Tempos, Quantidades, Relações e Transformações, Matemática, Matemática e suas Tecnologias",lc_existing
a997e206-ba00-5087-9ac7-f301f2eb9841,EF06MA24,medium,Mathematics,"Espaços, Tempos, Quantidades, Relações e Transformações, Matemática, Matemática e suas Tecnologias",lc_existing
ef9f46a3-ac8f-5b36-96e8-fbe81b1aa280,EF07MA29,medium,Mathematics,"Espaços, Tempos, Quantidades, Relações e Transformações, Matemática, Matemática e suas Tecnologias",lc_existing
7a685f35-289a-59d0-b892-46be6445ad8e,EM13MAT106,medium,Mathematics,"Espaços, Tempos, Quantidades, Relações e Transformações, Matemática, Matemática e suas Tecnologias",lc_existing
9f41ca74-48e5-52a0-9b3a-df07d58fc8b2,EF08MA09,high,Mathematics,"Espaços, Tempos, Quantidades, Relações e Transformações, Matemática, Matemática e suas Tecnologias",lc_existing
acfc0029-ee45-5894-af7c-5463945154e4,EF07MA18,high,Mathematics,"Espaços, Tempos, Quantidades, Relações e Transformações, Matemática, Matemática e suas Tecnologias",lc_existing
2687e8fb-2c68-509e-8ca5-56ca08ba3999,EM13MAT313,medium,Mathematics,"Espaços, Tempos, Quantidades, Relações e Transformações, Matemática, Matemática e suas Tecnologias",lc_existing
4cc1921c-003d-59bb-89e5-903826594253,EM13MAT313,medium,Mathematics,"Espaços, Tempos, Quantidades, Relações e Transformações, Matemática, Matemática e suas Tecnologias",lc_existing
52ad9e03-d6ad-59cf-92b6-983a59f9b7d4,EM13MAT313,medium,Mathematics,"Espaços, Tempos, Quantidades, Relações e Transformações, Matemática, Matemática e suas Tecnologias",lc_existing
cad5a87d-5b70-5a8c-b648-138054ab306a,EM13MAT313,medium,Mathematics,"Espaços, Tempos, Quantidades, Relações e Transformações, Matemática, Matemática e suas Tecnologias",lc_existing
dc8db438-33f2-5239-8957-e25cdaa9e5e0,EF09MA18,high,Mathematics,"Espaços, Tempos, Quantidades, Relações e Transformações, Matemática, Matemática e suas Tecnologias",lc_existing
768d53ed-5358-5708-91c3-53b1df5c189f,EF07MA19,medium,Mathematics,"Espaços, Tempos, Quantidades, Relações e Transformações, Matemática, Matemática e suas Tecnologias",lc_existing
05d0879f-43a5-5797-aab7-8083cb9f02a9,EM13MAT301,low,Mathematics,"Espaços, Tempos, Quantidades, Relações e Transformações, Matemática, Matemática e suas Tecnologias",lc_existing
93ef1daf-e4e0-56d7-ada3-397bbce1bd5b,EF04MA14,high,Mathematics,"Espaços, Tempos, Quantidades, Relações e Transformações, Matemática, Matemática e suas Tecnologias",lc_existing
ba0b5da7-336a-54af-bc1d-c4fbceb2df62,EF04MA10,high,Mathematics,"Espaços, Tempos, Quantidades, Relações e Transformações, Matemática, Matemática e suas Tecnologias",lc_existing
4ae29496-ad30-54cb-8b3d-0c5472c7d2f9,EF01MA04,high,Mathematics,"Espaços, Tempos, Quantidades, Relações e Transformações, Matemática, Matemática e suas Tecnologias",lc_existing
22098a76-50b2-5d73-8c84-6c8a436a8aa0,EF08MA19,high,Mathematics,"Espaços, Tempos, Quantidades, Relações e Transformações, Matemática, Matemática e suas Tecnologias",lc_existing
370f42c5-303d-5239-acb6-262fef986998,EF07MA32,high,Mathematics,"Espaços, Tempos, Quantidades, Relações e Transformações, Matemática, Matemática e suas Tecnologias",lc_existing
414ec184-bad9-54a7-a34f-a77dfdf9c0f9,EF07MA30,high,Mathematics,"Espaços, Tempos, Quantidades, Relações e Transformações, Matemática, Matemática e suas Tecnologias",lc_existing
4c5acfed-6bdf-5c69-a8ea-8199c79fa370,EM13MAT106,high,Mathematics,"Espaços, Tempos, Quantidades, Relações e Transformações, Matemática, Matemática e suas Tecnologias",lc_existing
2445741d-152c-50b2-9c29-9bf55c047418,EF05MA25,medium,Mathematics,"Espaços, Tempos, Quantidades, Relações e Transformações, Matemática, Matemática e suas Tecnologias",lc_existing
1995cc98-1d9d-5fdb-a8da-63b3967883f6,EF07MA08,high,Mathematics,"Espaços, Tempos, Quantidades, Relações e Transformações, Matemática, Matemática e suas Tecnologias",lc_existing
67628647-4777-5f52-88c3-94f7876f3cd1,EF07MA08,high,Mathematics,"Espaços, Tempos, Quantidades, Relações e Transformações, Matemática, Matemática e suas Tecnologias",lc_existing
e1eb33c5-e722-531f-8168-d010304a05a9,EF07MA08,high,Mathematics,"Espaços, Tempos, Quantidades, Relações e Transformações, Matemática, Matemática e suas Tecnologias",lc_existing
fe47029d-1ca7-54ae-adb2-098430e3d2a7,EF08MA01,medium,Mathematics,"Espaços, Tempos, Quantidades, Relações e Transformações, Matemática, Matemática e suas Tecnologias",lc_existing
2754c1cd-0ad4-5a1d-94dc-91d0a2eaf5a2,EF05MA17,medium,Mathematics,"Espaços, Tempos, Quantidades, Relações e Transformações, Matemática, Matemática e suas Tecnologias",lc_existing
329aa819-e65a-5889-960a-a5acfc1ba5b3,EF02MA20,medium,Mathematics,"Espaços, Tempos, Quantidades, Relações e Transformações, Matemática, Matemática e suas Tecnologias",lc_existing
7784a836-1833-55b2-9f06-5863a147d578,EF01MA19,high,Mathematics,"Espaços, Tempos, Quantidades, Relações e Transformações, Matemática, Matemática e suas Tecnologias",lc_existing
5f9c8934-287c-5151-9711-7decedc08e92,EM13MAT308,high,Mathematics,"Espaços, Tempos, Quantidades, Relações e Transformações, Matemática, Matemática e suas Tecnologias",lc_existing
4f49ebb6-2c81-513e-8f11-4e7555c33ab7,EM13MAT508,medium,Mathematics,"Espaços, Tempos, Quantidades, Relações e Transformações, Matemática, Matemática e suas Tecnologias",lc_existing
d65da620-0084-5ced-a1ca-be1d5e6b4b42,EM13MAT508,medium,Mathematics,"Espaços, Tempos, Quantidades, Relações e Transformações, Matemática, Matemática e suas Tecnologias",lc_existing
6f836060-df22-54a9-8b03-987f68ccd782,EF09MA08,medium,Mathematics,"Espaços, Tempos, Quantidades, Relações e Transformações, Matemática, Matemática e suas Tecnologias",lc_existing
e24232f5-bf99-599b-a631-d7c6f51020d2,EF03MA02,high,Mathematics,"Espaços, Tempos, Quantidades, Relações e Transformações, Matemática, Matemática e suas Tecnologias",lc_existing
09d7e1f0-4dfc-5599-ac64-8be9e9dceac0,EF02MA06,medium,Mathematics,"Espaços, Tempos, Quantidades, Relações e Transformações, Matemática, Matemática e suas Tecnologias",lc_existing
270da5c5-1f9a-5fb6-a4c6-687ad3b3683d,EF04MA05,medium,Mathematics,"Espaços, Tempos, Quantidades, Relações e Transformações, Matemática, Matemática e suas Tecnologias",lc_existing
3c3c56d8-84cd-5743-9021-e5f1fe3eefdc,EF03MA22,high,Mathematics,"Espaços, Tempos, Quantidades, Relações e Transformações, Matemática, Matemática e suas Tecnologias",lc_existing
3e846152-5a11-52a1-bd61-5b38988c9176,EF03MA22,high,Mathematics,"Espaços, Tempos, Quantidades, Relações e Transformações, Matemática, Matemática e suas Tecnologias",lc_existing
befd3355-fa6c-5c35-9812-84f6dd50f3b9,EF03MA23,high,Mathematics,"Espaços, Tempos, Quantidades, Relações e Transformações, Matemática, Matemática e suas Tecnologias",lc_existing
bf455cde-345c-5832-87b8-d365d5bbe92e,EM13MAT510,medium,Mathematics,"Espaços, Tempos, Quantidades, Relações e Transformações, Matemática, Matemática e suas Tecnologias",lc_existing
a1e20219-ce16-5f00-8596-0f0566c735a9,EF05MA03,high,Mathematics,"Espaços, Tempos, Quantidades, Relações e Transformações, Matemática, Matemática e suas Tecnologias",lc_existing
d65254fc-236d-53e0-a631-c23fc55cec22,EF05MA03,high,Mathematics,"Espaços, Tempos, Quantidades, Relações e Transformações, Matemática, Matemática e suas Tecnologias",lc_existing
f81bec09-d7cb-5dfd-9140-91ab5a574641,EF03MA19,high,Mathematics,"Espaços, Tempos, Quantidades, Relações e Transformações, Matemática, Matemática e suas Tecnologias",lc_existing
3b761770-595f-570f-8c7e-3c71114b2977,EF02MA05,medium,Mathematics,"Espaços, Tempos, Quantidades, Relações e Transformações, Matemática, Matemática e suas Tecnologias",lc_existing
0a31d080-83c4-50e6-b6f1-b3fe448cfee9,EF05MA05,high,Mathematics,"Espaços, Tempos, Quantidades, Relações e Transformações, Matemática, Matemática e suas Tecnologias",lc_existing
6344463a-fb90-5b70-8e96-54cb7ea5f994,EF04MA21,high,Mathematics,"Espaços, Tempos, Quantidades, Relações e Transformações, Matemática, Matemática e suas Tecnologias",lc_existing
f703c697-7bb4-5e33-9f83-56bf272768f3,EF09MA20,high,Mathematics,"Espaços, Tempos, Quantidades, Relações e Transformações, Matemática, Matemática e suas Tecnologias",lc_existing
007dac47-2f7b-5341-8c3c-804bd260f8ea,EF04MA15,high,Mathematics,"Espaços, Tempos, Quantidades, Relações e Transformações, Matemática, Matemática e suas Tecnologias",lc_existing
26cdecbb-91e0-5c11-8820-55004547a871,EF04MA15,high,Mathematics,"Espaços, Tempos, Quantidades, Relações e Transformações, Matemática, Matemática e suas Tecnologias",lc_existing
72f366ee-c47b-540a-a15f-cf787ff8ef87,EF03MA03,high,Mathematics,"Espaços, Tempos, Quantidades, Relações e Transformações, Matemática, Matemática e suas Tecnologias",lc_existing
79f1f256-41cb-5e21-9dd1-b48b39e2e5f6,EM13MAT503,high,Mathematics,"Espaços, Tempos, Quantidades, Relações e Transformações, Matemática, Matemática e suas Tecnologias",lc_existing
d94c6269-664e-5acd-9ca7-e9d6e3989a8b,EM13MAT503,high,Mathematics,"Espaços, Tempos, Quantidades, Relações e Transformações, Matemática, Matemática e suas Tecnologias",lc_existing
8077db75-c753-5756-9692-d80f67ed63d7,EF07MA05,medium,Mathematics,"Espaços, Tempos, Quantidades, Relações e Transformações, Matemática, Matemática e suas Tecnologias",lc_existing
ecfbb806-f578-5c33-86ba-99de9e1c5ed5,EF02MA06,high,Mathematics,"Espaços, Tempos, Quantidades, Relações e Transformações, Matemática, Matemática e suas Tecnologias",lc_existing
708cc151-75ce-5587-af3f-a2fe5f34f94f,EM13MAT316,medium,Mathematics,"Espaços, Tempos, Quantidades, Relações e Transformações, Matemática, Matemática e suas Tecnologias",lc_existing
71ba3825-af30-53da-b2de-08e49f074d2f,EM13MAT316,medium,Mathematics,"Espaços, Tempos, Quantidades, Relações e Transformações, Matemática, Matemática e suas Tecnologias",lc_existing
8bfad8b5-126d-5183-94b9-b674cf2de2ea,EF08MA23,medium,Mathematics,"Espaços, Tempos, Quantidades, Relações e Transformações, Matemática, Matemática e suas Tecnologias",lc_existing
46d4232e-8882-5e0f-bb59-73132e55d5a1,EF05MA08,high,Mathematics,"Espaços, Tempos, Quantidades, Relações e Transformações, Matemática, Matemática e suas Tecnologias",lc_existing
5cfd8c36-cc92-5c7a-9e46-2b60fd373c47,EF03MA19,medium,Mathematics,"Espaços, Tempos, Quantidades, Relações e Transformações, Matemática, Matemática e suas Tecnologias",lc_existing
219ac1be-e72b-57e4-aaef-77f43418bb20,EF02MA06,medium,Mathematics,"Espaços, Tempos, Quantidades, Relações e Transformações, Matemática, Matemática e suas Tecnologias",lc_existing
19ea874e-ba19-5efc-af4b-dd9ab86a7b88,EF02MA16,medium,Mathematics,"Espaços, Tempos, Quantidades, Relações e Transformações, Matemática, Matemática e suas Tecnologias",lc_existing
bf50bd46-f416-531a-9102-00f44ccfd364,EF03MA18,medium,Mathematics,"Espaços, Tempos, Quantidades, Relações e Transformações, Matemática, Matemática e suas Tecnologias",lc_existing
10c7a285-f952-5554-aea7-72270a22457c,EF03MA02,high,Mathematics,"Espaços, Tempos, Quantidades, Relações e Transformações, Matemática, Matemática e suas Tecnologias",lc_existing
cb2cec73-30a5-5a8b-9af6-4bea19250f51,EF04MA02,medium,Mathematics,"Espaços, Tempos, Quantidades, Relações e Transformações, Matemática, Matemática e suas Tecnologias",lc_existing
6e1f6305-6f9b-5e6b-acf7-03226fb50238,EF06MA25,medium,Mathematics,"Espaços, Tempos, Quantidades, Relações e Transformações, Matemática, Matemática e suas Tecnologias",lc_existing
a16906ce-281d-5fa6-8572-d81631ebe14e,EF06MA25,medium,Mathematics,"Espaços, Tempos, Quantidades, Relações e Transformações, Matemática, Matemática e suas Tecnologias",lc_existing
655932cc-e9c4-52dc-95e3-6c2509b50ea1,EF05MA18,medium,Mathematics,"Espaços, Tempos, Quantidades, Relações e Transformações, Matemática, Matemática e suas Tecnologias",lc_existing
92a7fb82-af54-559e-965e-4c22677d55a6,EF05MA18,high,Mathematics,"Espaços, Tempos, Quantidades, Relações e Transformações, Matemática, Matemática e suas Tecnologias",lc_existing
d0d0419f-e15e-54b2-bed0-4dc3ef830344,EM13MAT511,medium,Mathematics,"Espaços, Tempos, Quantidades, Relações e Transformações, Matemática, Matemática e suas Tecnologias",lc_existing
5b179f8f-255e-55f5-8784-2a24f7ba656e,EF09MA20,high,Mathematics,"Espaços, Tempos, Quantidades, Relações e Transformações, Matemática, Matemática e suas Tecnologias",lc_existing
37f6f18a-31a6-5f8f-8955-f886a465bd76,EF07MA34,medium,Mathematics,"Espaços, Tempos, Quantidades, Relações e Transformações, Matemática, Matemática e suas Tecnologias",lc_existing
ab4246c5-877c-547d-ad2c-a636f87b490a,EF08MA26,medium,Mathematics,"Espaços, Tempos, Quantidades, Relações e Transformações, Matemática, Matemática e suas Tecnologias",lc_existing
21eeab34-9ce9-5d3f-84a2-329c5aa7b8d4,EM13MAT406,medium,Mathematics,"Espaços, Tempos, Quantidades, Relações e Transformações, Matemática, Matemática e suas Tecnologias",lc_existing
371055d5-8795-5dc5-aa12-bb008001075f,EM13MAT511,medium,Mathematics,"Espaços, Tempos, Quantidades, Relações e Transformações, Matemática, Matemática e suas Tecnologias",lc_existing
751c388e-7603-528b-b730-0e6378023a28,EF05MA07,medium,Mathematics,"Espaços, Tempos, Quantidades, Relações e Transformações, Matemática, Matemática e suas Tecnologias",lc_existing
5fbfdbc0-b642-5426-99a6-fa4bd8711200,EF03MA15,medium,Mathematics,"Espaços, Tempos, Quantidades, Relações e Transformações, Matemática, Matemática e suas Tecnologias",lc_existing
701d2a97-144b-585f-9cdc-8f78d172d948,EF05MA25,medium,Mathematics,"Espaços, Tempos, Quantidades, Relações e Transformações, Matemática, Matemática e suas Tecnologias",lc_existing
5a546844-dc97-5d65-8b9d-da425ec24c3c,EF08MA14,high,Mathematics,"Espaços, Tempos, Quantidades, Relações e Transformações, Matemática, Matemática e suas Tecnologias",lc_existing
51ebaa2d-8bd9-5614-9ed2-2cef16cd341e,EF03MA26,medium,Mathematics,"Espaços, Tempos, Quantidades, Relações e Transformações, Matemática, Matemática e suas Tecnologias",lc_existing
6cb4db86-2142-5dfe-806c-9e31ca5ef65d,EF02MA23,medium,Mathematics,"Espaços, Tempos, Quantidades, Relações e Transformações, Matemática, Matemática e suas Tecnologias",lc_existing
d1013e8f-56fc-5553-b839-ab5eacf5e7c9,EF03MA27,medium,Mathematics,"Espaços, Tempos, Quantidades, Relações e Transformações, Matemática, Matemática e suas Tecnologias",lc_existing
37366bc7-5746-5a1c-bf97-577a56df2b9e,EF04MA05,medium,Mathematics,"Espaços, Tempos, Quantidades, Relações e Transformações, Matemática, Matemática e suas Tecnologias",lc_existing
6d8fc2dc-8496-51a4-8814-0f0bfd5d31fb,EM13MAT407,high,Mathematics,"Espaços, Tempos, Quantidades, Relações e Transformações, Matemática, Matemática e suas Tecnologias",lc_existing
bfb77177-9d4f-50b0-b7c1-373e301e8471,EM13MAT407,high,Mathematics,"Espaços, Tempos, Quantidades, Relações e Transformações, Matemática, Matemática e suas Tecnologias",lc_existing
12157b60-49ce-58c6-b6c4-69cc8eb8ef7a,EM13MAT105,medium,Mathematics,"Espaços, Tempos, Quantidades, Relações e Transformações, Matemática, Matemática e suas Tecnologias",lc_existing
aaaeae52-291c-5622-b287-dd397cc8ac16,EF05MA16,medium,Mathematics,"Espaços, Tempos, Quantidades, Relações e Transformações, Matemática, Matemática e suas Tecnologias",lc_existing
b4b423c9-4b91-5f68-90e7-01b5546ef5ef,EF07MA23,high,Mathematics,"Espaços, Tempos, Quantidades, Relações e Transformações, Matemática, Matemática e suas Tecnologias",lc_existing
624d3620-77c5-590a-8219-19dd85ae0cef,EF06MA19,high,Mathematics,"Espaços, Tempos, Quantidades, Relações e Transformações, Matemática, Matemática e suas Tecnologias",lc_existing
6c049f8a-cfa5-5b49-8fb0-6ba59ee252f5,EF05MA17,high,Mathematics,"Espaços, Tempos, Quantidades, Relações e Transformações, Matemática, Matemática e suas Tecnologias",lc_existing
d2a946e9-5fa5-5e9d-9c3f-b46994d524fc,EF06MA18,medium,Mathematics,"Espaços, Tempos, Quantidades, Relações e Transformações, Matemática, Matemática e suas Tecnologias",lc_existing
d63cce08-a4df-53de-a10d-431c47de1aca,EF06MA20,high,Mathematics,"Espaços, Tempos, Quantidades, Relações e Transformações, Matemática, Matemática e suas Tecnologias",lc_existing
fe364f7f-e684-5515-a161-5a08aa160c0c,EF02MA14,medium,Mathematics,"Espaços, Tempos, Quantidades, Relações e Transformações, Matemática, Matemática e suas Tecnologias",lc_existing
2ee06e08-3ace-5d62-8d0a-f8e7e1fbc0e1,EF02MA22,medium,Mathematics,"Espaços, Tempos, Quantidades, Relações e Transformações, Matemática, Matemática e suas Tecnologias",lc_existing
d7f72fb7-cf73-5e6f-b121-de26302ed7cd,EF09MA16,high,Mathematics,"Espaços, Tempos, Quantidades, Relações e Transformações, Matemática, Matemática e suas Tecnologias",lc_existing
779be2f1-070a-5d68-9928-0025fa62985f,EF06MA26,medium,Mathematics,"Espaços, Tempos, Quantidades, Relações e Transformações, Matemática, Matemática e suas Tecnologias",lc_existing
82575afc-11d9-5184-afb7-76e36fb4384b,EF06MA26,medium,Mathematics,"Espaços, Tempos, Quantidades, Relações e Transformações, Matemática, Matemática e suas Tecnologias",lc_existing
21594cad-4891-5f65-97a1-5324e6d58a36,EF01MA02,high,Mathematics,"Espaços, Tempos, Quantidades, Relações e Transformações, Matemática, Matemática e suas Tecnologias",lc_existing
a1024467-ced8-57d5-ab8d-b9af6bca0f9c,EF01MA02,high,Mathematics,"Espaços, Tempos, Quantidades, Relações e Transformações, Matemática, Matemática e suas Tecnologias",lc_existing
87046098-2a74-5ba0-998c-6d34f6a54c4f,EF07MA33,medium,Mathematics,"Espaços, Tempos, Quantidades, Relações e Transformações, Matemática, Matemática e suas Tecnologias",lc_existing
e19d5ffa-5eb9-5a2b-bd02-313130cf64f5,EM13MAT504,high,Mathematics,"Espaços, Tempos, Quantidades, Relações e Transformações, Matemática, Matemática e suas Tecnologias",lc_existing
c9cf956f-1bcf-5c63-b0f5-a167316e1525,EF03MA13,low,Mathematics,"Espaços, Tempos, Quantidades, Relações e Transformações, Matemática, Matemática e suas Tecnologias",lc_existing
f75af761-80d1-5a95-9481-99ce66621d57,EF09MA03,low,Mathematics,"Espaços, Tempos, Quantidades, Relações e Transformações, Matemática, Matemática e suas Tecnologias",lc_existing
0a287b56-b15e-5589-a7b4-f84488b92293,EF01MA02,high,Mathematics,"Espaços, Tempos, Quantidades, Relações e Transformações, Matemática, Matemática e suas Tecnologias",lc_existing
f9484148-dca3-5741-804d-0d626fdcd98e,EF01MA02,high,Mathematics,"Espaços, Tempos, Quantidades, Relações e Transformações, Matemática, Matemática e suas Tecnologias",lc_existing
36ff134e-8504-550e-9bd9-84112921b8f9,EM13MAT106,high,Mathematics,"Espaços, Tempos, Quantidades, Relações e Transformações, Matemática, Matemática e suas Tecnologias",lc_existing
259f2bc3-fc18-534f-b188-01392e6b147b,EF05MA25,medium,Mathematics,"Espaços, Tempos, Quantidades, Relações e Transformações, Matemática, Matemática e suas Tecnologias",lc_existing
11f20bd0-6c81-5df4-927c-c29511b38ff1,EF08MA14,medium,Mathematics,"Espaços, Tempos, Quantidades, Relações e Transformações, Matemática, Matemática e suas Tecnologias",lc_existing
1eff8b11-14f2-511b-9e06-58312ca47ecd,EF08MA14,medium,Mathematics,"Espaços, Tempos, Quantidades, Relações e Transformações, Matemática, Matemática e suas Tecnologias",lc_existing
8db81ece-f967-5c76-9203-c4265a5f22e4,EF08MA14,medium,Mathematics,"Espaços, Tempos, Quantidades, Relações e Transformações, Matemática, Matemática e suas Tecnologias",lc_existing
92baa449-8619-59d0-be70-acc97e51e598,EF08MA14,medium,Mathematics,"Espaços, Tempos, Quantidades, Relações e Transformações, Matemática, Matemática e suas Tecnologias",lc_existing
fe7e289c-2135-527d-8110-d8ee55117835,EF05MA08,medium,Mathematics,"Espaços, Tempos, Quantidades, Relações e Transformações, Matemática, Matemática e suas Tecnologias",lc_existing
9483c9ac-57b6-52f8-8d48-0b5b485c03a6,EF07MA20,high,Mathematics,"Espaços, Tempos, Quantidades, Relações e Transformações, Matemática, Matemática e suas Tecnologias",lc_existing
b6e6ec4d-a1af-5c7b-87df-21c9160a6c78,EF07MA19,medium,Mathematics,"Espaços, Tempos, Quantidades, Relações e Transformações, Matemática, Matemática e suas Tecnologias",lc_existing
dd9fa6a3-ec0e-5ae3-be32-88fc3e2b5e60,EF08MA18,high,Mathematics,"Espaços, Tempos, Quantidades, Relações e Transformações, Matemática, Matemática e suas Tecnologias",lc_existing
e8c6b8a4-255d-5ca4-b0fb-ac0d12690462,EF05MA18,medium,Mathematics,"Espaços, Tempos, Quantidades, Relações e Transformações, Matemática, Matemática e suas Tecnologias",lc_existing
1407e5b5-d4e7-50d9-bc0c-6b3a65a95919,EF08MA08,high,Mathematics,"Espaços, Tempos, Quantidades, Relações e Transformações, Matemática, Matemática e suas Tecnologias",lc_existing
ee3e1fbd-dcc7-5792-b51a-f27478b10559,EF08MA07,high,Mathematics,"Espaços, Tempos, Quantidades, Relações e Transformações, Matemática, Matemática e suas Tecnologias",lc_existing
a679c3b7-cb84-595f-ac40-5517f2f25bfc,EF01MA10,medium,Mathematics,"Espaços, Tempos, Quantidades, Relações e Transformações, Matemática, Matemática e suas Tecnologias",lc_existing
f14ddf6b-75f5-52d8-be88-8bf26119bafb,EF03MA10,high,Mathematics,"Espaços, Tempos, Quantidades, Relações e Transformações, Matemática, Matemática e suas Tecnologias",lc_existing
41a59407-4923-513d-b380-d79b20d65734,EF01MA21,medium,Mathematics,"Espaços, Tempos, Quantidades, Relações e Transformações, Matemática, Matemática e suas Tecnologias",lc_existing
6cda6e52-5cf8-5982-abf9-83787ad74ec9,EF01MA21,medium,Mathematics,"Espaços, Tempos, Quantidades, Relações e Transformações, Matemática, Matemática e suas Tecnologias",lc_existing
8676d43c-8ed1-5783-8229-269b360b33c2,EF01MA22,medium,Mathematics,"Espaços, Tempos, Quantidades, Relações e Transformações, Matemática, Matemática e suas Tecnologias",lc_existing
e72e9e76-7f67-50db-b645-604438970566,EF01MA14,medium,Mathematics,"Espaços, Tempos, Quantidades, Relações e Transformações, Matemática, Matemática e suas Tecnologias",lc_existing
e948809c-544e-51a2-ae5e-f72ef38b150b,EM13MAT404,low,Mathematics,"Espaços, Tempos, Quantidades, Relações e Transformações, Matemática, Matemática e suas Tecnologias",lc_existing
2b003d7c-2e77-5d81-b2f4-bd618c0c54be,EF07MA23,high,Mathematics,"Espaços, Tempos, Quantidades, Relações e Transformações, Matemática, Matemática e suas Tecnologias",lc_existing
6f4e508f-27dc-56dd-a550-e0328ce607bf,EF09MA12,high,Mathematics,"Espaços, Tempos, Quantidades, Relações e Transformações, Matemática, Matemática e suas Tecnologias",lc_existing
471f63ab-db68-5f3d-ba18-8add02ec2b2a,EF06MA25,medium,Mathematics,"Espaços, Tempos, Quantidades, Relações e Transformações, Matemática, Matemática e suas Tecnologias",lc_existing
907de68b-b4af-52fb-8637-852a40afe899,EF09MA15,medium,Mathematics,"Espaços, Tempos, Quantidades, Relações e Transformações, Matemática, Matemática e suas Tecnologias",lc_existing
418d3f5e-b571-5056-a7bf-88f3acecc18f,EF09MA16,medium,Mathematics,"Espaços, Tempos, Quantidades, Relações e Transformações, Matemática, Matemática e suas Tecnologias",lc_existing
9dbe375b-d5bf-56e9-9980-9d21682bf1da,EF06MA16,medium,Mathematics,"Espaços, Tempos, Quantidades, Relações e Transformações, Matemática, Matemática e suas Tecnologias",lc_existing
9eae2bea-292b-57dc-a83b-4f1ca93fdcc8,EF03MA13,medium,Mathematics,"Espaços, Tempos, Quantidades, Relações e Transformações, Matemática, Matemática e suas Tecnologias",lc_existing
dc883171-ae45-515f-b66c-2efc24048237,EF02MA15,medium,Mathematics,"Espaços, Tempos, Quantidades, Relações e Transformações, Matemática, Matemática e suas Tecnologias",lc_existing
0119f987-f1eb-59b5-ae44-5bbc8ca9635a,EF03MA04,medium,Mathematics,"Espaços, Tempos, Quantidades, Relações e Transformações, Matemática, Matemática e suas Tecnologias",lc_existing
70b1e508-f519-50d6-863f-5d2a52b7787f,EF09MA14,medium,Mathematics,"Espaços, Tempos, Quantidades, Relações e Transformações, Matemática, Matemática e suas Tecnologias",lc_existing
a8d28aa9-cf2c-52e1-837b-ba7f9a5d3ecb,EF07MA23,medium,Mathematics,"Espaços, Tempos, Quantidades, Relações e Transformações, Matemática, Matemática e suas Tecnologias",lc_existing
d5b56674-6453-5541-82e0-f43b808b065a,EF07MA25,low,Mathematics,"Espaços, Tempos, Quantidades, Relações e Transformações, Matemática, Matemática e suas Tecnologias",lc_existing
a1a885e5-6289-5833-b7f4-52345fd10d54,EM13MAT314,medium,Mathematics,"Espaços, Tempos, Quantidades, Relações e Transformações, Matemática, Matemática e suas Tecnologias",lc_existing
186c0d25-bfaf-5723-b0dc-b64048f35f67,EF04MA28,medium,Mathematics,"Espaços, Tempos, Quantidades, Relações e Transformações, Matemática, Matemática e suas Tecnologias",lc_existing
42c82996-32ce-57e0-aae7-220894b64286,EF09MA20,medium,Mathematics,"Espaços, Tempos, Quantidades, Relações e Transformações, Matemática, Matemática e suas Tecnologias",lc_existing
188fe970-4e1d-52c4-9f18-5e2fade05494,EF04MA09,high,Mathematics,"Espaços, Tempos, Quantidades, Relações e Transformações, Matemática, Matemática e suas Tecnologias",lc_existing
35c2f57a-096a-5414-a8b4-809085eb822e,EF06MA11,medium,Mathematics,"Espaços, Tempos, Quantidades, Relações e Transformações, Matemática, Matemática e suas Tecnologias",lc_existing
36955fa6-b0f0-5454-8e2a-5f562c1ca272,EF09MA13,medium,Mathematics,"Espaços, Tempos, Quantidades, Relações e Transformações, Matemática, Matemática e suas Tecnologias",lc_existing
15d15ca0-470d-5813-8764-bd8d69bdab3e,EF09MA13,low,Mathematics,"Espaços, Tempos, Quantidades, Relações e Transformações, Matemática, Matemática e suas Tecnologias",lc_existing
8525ce00-0930-5499-87fc-8256d9ea5550,EF04MA06,medium,Mathematics,"Espaços, Tempos, Quantidades, Relações e Transformações, Matemática, Matemática e suas Tecnologias",lc_existing
089c550e-f3a4-5ea2-959a-34e267c3e374,EF06MA10,high,Mathematics,"Espaços, Tempos, Quantidades, Relações e Transformações, Matemática, Matemática e suas Tecnologias",lc_existing
0f188ee6-373e-5330-afb7-d48be0c6e2e1,EF01MA02,high,Mathematics,"Espaços, Tempos, Quantidades, Relações e Transformações, Matemática, Matemática e suas Tecnologias",lc_existing
ead80c29-b661-548b-9cb5-912f34329a07,EF06MA21,medium,Mathematics,"Espaços, Tempos, Quantidades, Relações e Transformações, Matemática, Matemática e suas Tecnologias",lc_existing
17f4ad11-0f41-5e64-800f-74577e82b48c,EF01MA04,medium,Mathematics,"Espaços, Tempos, Quantidades, Relações e Transformações, Matemática, Matemática e suas Tecnologias",lc_existing
5a704f63-1460-5928-82b6-edfa359a8297,EF01MA04,high,Mathematics,"Espaços, Tempos, Quantidades, Relações e Transformações, Matemática, Matemática e suas Tecnologias",lc_existing
39d56ac9-6687-59c4-b824-215974bacdf4,EF02MA05,high,Mathematics,"Espaços, Tempos, Quantidades, Relações e Transformações, Matemática, Matemática e suas Tecnologias",lc_existing
5b9cd29a-a10c-5d41-af27-9d632630c4db,EF07MA17,high,Mathematics,"Espaços, Tempos, Quantidades, Relações e Transformações, Matemática, Matemática e suas Tecnologias",lc_existing
802a0d9b-7de2-54f9-9c61-2776e8569408,EF09MA06,medium,Mathematics,"Espaços, Tempos, Quantidades, Relações e Transformações, Matemática, Matemática e suas Tecnologias",lc_existing
e927647f-0791-56f7-bf44-879e8f10b981,EF08MA12,high,Mathematics,"Espaços, Tempos, Quantidades, Relações e Transformações, Matemática, Matemática e suas Tecnologias",lc_existing
a205a83d-652d-5095-9a1a-07676d6a394d,EF07MA17,high,Mathematics,"Espaços, Tempos, Quantidades, Relações e Transformações, Matemática, Matemática e suas Tecnologias",lc_existing
0a99d1a1-fef8-5637-a258-9c0257922521,EF07MA19,low,Mathematics,"Espaços, Tempos, Quantidades, Relações e Transformações, Matemática, Matemática e suas Tecnologias",lc_existing
205ba874-5f75-5b0d-b984-8668f1c267d9,EF05MA17,medium,Mathematics,"Espaços, Tempos, Quantidades, Relações e Transformações, Matemática, Matemática e suas Tecnologias",lc_existing
a8e2fb9e-5a1f-54fb-b72c-d4d4d36fb577,EF05MA17,medium,Mathematics,"Espaços, Tempos, Quantidades, Relações e Transformações, Matemática, Matemática e suas Tecnologias",lc_existing
baa38680-9f6c-5684-993d-9c5a79813e04,EF03MA15,high,Mathematics,"Espaços, Tempos, Quantidades, Relações e Transformações, Matemática, Matemática e suas Tecnologias",lc_existing
eb8d0c94-fd12-5927-a25b-8b1917b1a59f,EF03MA15,high,Mathematics,"Espaços, Tempos, Quantidades, Relações e Transformações, Matemática, Matemática e suas Tecnologias",lc_existing
10bc56bd-613c-5965-823b-a4dd11ba482f,EF04MA18,high,Mathematics,"Espaços, Tempos, Quantidades, Relações e Transformações, Matemática, Matemática e suas Tecnologias",lc_existing
ec7e77d8-d9f7-5765-8104-d5f38d064aa8,EF04MA18,high,Mathematics,"Espaços, Tempos, Quantidades, Relações e Transformações, Matemática, Matemática e suas Tecnologias",lc_existing
1e8857da-3ad2-5ec5-afe6-712b36a6ddb3,EF04MA06,high,Mathematics,"Espaços, Tempos, Quantidades, Relações e Transformações, Matemática, Matemática e suas Tecnologias",lc_existing
f7d07fbc-10d8-53b7-a6f7-fc4396463004,EM13MAT305,high,Mathematics,"Espaços, Tempos, Quantidades, Relações e Transformações, Matemática, Matemática e suas Tecnologias",lc_existing
e3e2af8b-6691-5559-b154-8d58303dde02,EF06MA20,high,Mathematics,"Espaços, Tempos, Quantidades, Relações e Transformações, Matemática, Matemática e suas Tecnologias",lc_existing
34863269-640c-5d9f-8e11-09fd92bdc874,EF07MA04,medium,Mathematics,"Espaços, Tempos, Quantidades, Relações e Transformações, Matemática, Matemática e suas Tecnologias",lc_existing
ee49316b-0837-505e-9701-f8b842dc8dd0,EF07MA04,high,Mathematics,"Espaços, Tempos, Quantidades, Relações e Transformações, Matemática, Matemática e suas Tecnologias",lc_existing
d2cd8103-3cd7-50de-bb43-390aeff1de3d,EF05MA15,high,Mathematics,"Espaços, Tempos, Quantidades, Relações e Transformações, Matemática, Matemática e suas Tecnologias",lc_existing
ef95113c-01d9-5f74-847f-e6187aeaf3ca,EF05MA15,high,Mathematics,"Espaços, Tempos, Quantidades, Relações e Transformações, Matemática, Matemática e suas Tecnologias",lc_existing
b922397f-cc7a-5149-801c-9baf206a4efd,EF09MA14,high,Mathematics,"Espaços, Tempos, Quantidades, Relações e Transformações, Matemática, Matemática e suas Tecnologias",lc_existing
fb83f538-8d2a-5b24-ae51-c5e6a44ec266,EF04MA15,high,Mathematics,"Espaços, Tempos, Quantidades, Relações e Transformações, Matemática, Matemática e suas Tecnologias",lc_existing
7cc9fb8e-d3e4-5064-a6aa-06bab4c86b92,EF05MA21,high,Mathematics,"Espaços, Tempos, Quantidades, Relações e Transformações, Matemática, Matemática e suas Tecnologias",lc_existing
f7d2c44b-459f-5157-b297-fc345ff480c3,EM13MAT305,medium,Mathematics,"Espaços, Tempos, Quantidades, Relações e Transformações, Matemática, Matemática e suas Tecnologias",lc_existing
ebc432cb-a1ad-56c1-8f77-0eb0d6ca9e89,EM13MAT511,medium,Mathematics,"Espaços, Tempos, Quantidades, Relações e Transformações, Matemática, Matemática e suas Tecnologias",lc_existing
137f8ccd-202a-53f3-a97a-a62948d84c82,EF05MA08,high,Mathematics,"Espaços, Tempos, Quantidades, Relações e Transformações, Matemática, Matemática e suas Tecnologias",lc_existing
db4c25ad-9892-5abb-bcba-2fc9781d10f8,EF07MA09,medium,Mathematics,"Espaços, Tempos, Quantidades, Relações e Transformações, Matemática, Matemática e suas Tecnologias",lc_existing
fe00d7de-e6dc-58e5-b9ea-66e330a42eaa,EF06MA03,medium,Mathematics,"Espaços, Tempos, Quantidades, Relações e Transformações, Matemática, Matemática e suas Tecnologias",lc_existing
6c56f94a-f274-583a-b1c2-ac241c28a837,EF07MA36,medium,Mathematics,"Espaços, Tempos, Quantidades, Relações e Transformações, Matemática, Matemática e suas Tecnologias",lc_existing
0adb13b7-d64a-513f-8618-923a08afddcc,EF02MA16,high,Mathematics,"Espaços, Tempos, Quantidades, Relações e Transformações, Matemática, Matemática e suas Tecnologias",lc_existing
2067661f-d96d-50b0-9740-d4ff7ca9b4a2,EF02MA16,high,Mathematics,"Espaços, Tempos, Quantidades, Relações e Transformações, Matemática, Matemática e suas Tecnologias",lc_existing
237c924f-ff62-5a7b-924c-9015299c518b,EF08MA08,high,Mathematics,"Espaços, Tempos, Quantidades, Relações e Transformações, Matemática, Matemática e suas Tecnologias",lc_existing
3e7febf4-233b-564a-8db2-a612fc5e3de5,EF08MA07,high,Mathematics,"Espaços, Tempos, Quantidades, Relações e Transformações, Matemática, Matemática e suas Tecnologias",lc_existing
53a266db-abd7-5ee4-b68b-ee75705010cb,EF01MA05,high,Mathematics,"Espaços, Tempos, Quantidades, Relações e Transformações, Matemática, Matemática e suas Tecnologias",lc_existing
b2b4888f-f150-584d-8717-31de7864989d,EF01MA05,high,Mathematics,"Espaços, Tempos, Quantidades, Relações e Transformações, Matemática, Matemática e suas Tecnologias",lc_existing
fd3f3ed6-e964-5946-86e3-4b966185efd9,EF01MA05,high,Mathematics,"Espaços, Tempos, Quantidades, Relações e Transformações, Matemática, Matemática e suas Tecnologias",lc_existing
3e8126aa-6241-5782-9e20-7fa694a61e5a,EF03MA10,medium,Mathematics,"Espaços, Tempos, Quantidades, Relações e Transformações, Matemática, Matemática e suas Tecnologias",lc_existing
8a9af9bf-82b8-5b6a-a19b-274dca8e60a0,EF03MA10,medium,Mathematics,"Espaços, Tempos, Quantidades, Relações e Transformações, Matemática, Matemática e suas Tecnologias",lc_existing
4922b13d-9604-50f6-ae74-0bc78f72a004,EM13MAT404,medium,Mathematics,"Espaços, Tempos, Quantidades, Relações e Transformações, Matemática, Matemática e suas Tecnologias",lc_existing
5e8521af-1033-53f2-992a-9e08287bbc9b,EM13MAT404,medium,Mathematics,"Espaços, Tempos, Quantidades, Relações e Transformações, Matemática, Matemática e suas Tecnologias",lc_existing
8ade225d-0d6e-59a2-a506-62a6076aa800,EF09MA06,high,Mathematics,"Espaços, Tempos, Quantidades, Relações e Transformações, Matemática, Matemática e suas Tecnologias",lc_existing
534e2e4c-8189-515f-9241-1b4c011556a7,EF09MA07,medium,Mathematics,"Espaços, Tempos, Quantidades, Relações e Transformações, Matemática, Matemática e suas Tecnologias",lc_existing
b39daa6d-6ef9-5322-9331-d38a806b52ec,EF05MA21,high,Mathematics,"Espaços, Tempos, Quantidades, Relações e Transformações, Matemática, Matemática e suas Tecnologias",lc_existing
4ef42a2b-bd4e-5799-ad4c-ab53ca8d0411,EF08MA06,medium,Mathematics,"Espaços, Tempos, Quantidades, Relações e Transformações, Matemática, Matemática e suas Tecnologias",lc_existing
c42a0f78-a738-55dc-9cc5-92a17e9aa61a,EF06MA18,medium,Mathematics,"Espaços, Tempos, Quantidades, Relações e Transformações, Matemática, Matemática e suas Tecnologias",lc_existing
67bdbbc4-3be3-522f-bbb6-83d2e5853a39,EF08MA26,high,Mathematics,"Espaços, Tempos, Quantidades, Relações e Transformações, Matemática, Matemática e suas Tecnologias",lc_existing
bfa4edbf-64d8-544d-8006-c202096fd9d8,EM13MAT301,low,Mathematics,"Espaços, Tempos, Quantidades, Relações e Transformações, Matemática, Matemática e suas Tecnologias",lc_existing
96c682e0-9b70-5d9a-8094-bb37cf274230,EF01MA05,high,Mathematics,"Espaços, Tempos, Quantidades, Relações e Transformações, Matemática, Matemática e suas Tecnologias",lc_existing
11214591-615b-5929-b649-c2660de7ccaf,EM13MAT306,low,Mathematics,"Espaços, Tempos, Quantidades, Relações e Transformações, Matemática, Matemática e suas Tecnologias",lc_existing
b92848e4-8e14-5d60-af6c-41767d64e8f9,EM13MAT306,low,Mathematics,"Espaços, Tempos, Quantidades, Relações e Transformações, Matemática, Matemática e suas Tecnologias",lc_existing
113eb6e8-6afa-5fad-9c50-e25dc64babd5,EF04MA27,medium,Mathematics,"Espaços, Tempos, Quantidades, Relações e Transformações, Matemática, Matemática e suas Tecnologias",lc_existing
2d383636-b452-50bc-8d43-c29f025d40f1,EF06MA26,high,Mathematics,"Espaços, Tempos, Quantidades, Relações e Transformações, Matemática, Matemática e suas Tecnologias",lc_existing
4086d386-afea-5759-9b38-0f8f6b7df843,EF06MA25,high,Mathematics,"Espaços, Tempos, Quantidades, Relações e Transformações, Matemática, Matemática e suas Tecnologias",lc_existing
9e47d943-b3fe-5c73-af3b-4057a3dc49b3,EF06MA26,high,Mathematics,"Espaços, Tempos, Quantidades, Relações e Transformações, Matemática, Matemática e suas Tecnologias",lc_existing
0a7a9ee1-cb02-5b7d-8410-9ef16aab932c,EF01MA07,high,Mathematics,"Espaços, Tempos, Quantidades, Relações e Transformações, Matemática, Matemática e suas Tecnologias",lc_existing
d2918c03-18b5-5eb6-840a-0c96e3e411da,EF01MA07,high,Mathematics,"Espaços, Tempos, Quantidades, Relações e Transformações, Matemática, Matemática e suas Tecnologias",lc_existing
18baa937-6c61-5248-93a4-1a5bfbc4e99a,EF07MA29,medium,Mathematics,"Espaços, Tempos, Quantidades, Relações e Transformações, Matemática, Matemática e suas Tecnologias",lc_existing
18987551-d948-57b5-8304-619be587d66e,EF05MA03,high,Mathematics,"Espaços, Tempos, Quantidades, Relações e Transformações, Matemática, Matemática e suas Tecnologias",lc_existing
20767411-379a-5783-a81e-0bba4df4deb9,EF04MA21,high,Mathematics,"Espaços, Tempos, Quantidades, Relações e Transformações, Matemática, Matemática e suas Tecnologias",lc_existing
03fe171c-26b4-5677-8d12-688e88c139c9,EF02MA06,high,Mathematics,"Espaços, Tempos, Quantidades, Relações e Transformações, Matemática, Matemática e suas Tecnologias",lc_existing
0bbb2352-e84f-5e31-9162-c58d9f6861e7,EF02MA06,high,Mathematics,"Espaços, Tempos, Quantidades, Relações e Transformações, Matemática, Matemática e suas Tecnologias",lc_existing
961d4025-a472-5172-a70f-fa3fc3ae7bb7,EF02MA04,medium,Mathematics,"Espaços, Tempos, Quantidades, Relações e Transformações, Matemática, Matemática e suas Tecnologias",lc_existing
ab0d6142-38c2-5029-be01-e25fca5096e6,EF03MA05,high,Mathematics,"Espaços, Tempos, Quantidades, Relações e Transformações, Matemática, Matemática e suas Tecnologias",lc_existing
20ceb752-7713-5e48-8c71-0a6684079562,EF05MA16,medium,Mathematics,"Espaços, Tempos, Quantidades, Relações e Transformações, Matemática, Matemática e suas Tecnologias",lc_existing
eed1bb5e-2be6-53a7-9341-2412eb7d86e8,EF05MA16,medium,Mathematics,"Espaços, Tempos, Quantidades, Relações e Transformações, Matemática, Matemática e suas Tecnologias",lc_existing
ff4ee7ca-c71f-53c1-b629-74b9a0d961ce,EF05MA16,high,Mathematics,"Espaços, Tempos, Quantidades, Relações e Transformações, Matemática, Matemática e suas Tecnologias",lc_existing
0fd18a8e-496e-5105-89a5-17a62731dd60,EF08MA16,high,Mathematics,"Espaços, Tempos, Quantidades, Relações e Transformações, Matemática, Matemática e suas Tecnologias",lc_existing
90b36ead-9116-53a0-9331-c9dd7cb6b4c1,EF05MA08,medium,Mathematics,"Espaços, Tempos, Quantidades, Relações e Transformações, Matemática, Matemática e suas Tecnologias",lc_existing
425dce77-599d-5912-9e92-0802ec13cb68,EF05MA07,medium,Mathematics,"Espaços, Tempos, Quantidades, Relações e Transformações, Matemática, Matemática e suas Tecnologias",lc_existing
ca5b882f-8ce3-54b1-a776-2e73e6663550,EM13MAT404,medium,Mathematics,"Espaços, Tempos, Quantidades, Relações e Transformações, Matemática, Matemática e suas Tecnologias",lc_existing
09f9dbf8-a4e9-5902-9e26-13376991623e,EF05MA04,high,Mathematics,"Espaços, Tempos, Quantidades, Relações e Transformações, Matemática, Matemática e suas Tecnologias",lc_existing
6a3040b7-8da5-55ab-8b46-29194e8d5143,EF05MA02,high,Mathematics,"Espaços, Tempos, Quantidades, Relações e Transformações, Matemática, Matemática e suas Tecnologias",lc_existing
d4d78b01-6b8c-5356-a85c-e8815501ab03,EF08MA22,high,Mathematics,"Espaços, Tempos, Quantidades, Relações e Transformações, Matemática, Matemática e suas Tecnologias",lc_existing
bd6d804c-f6ac-5b4c-b1fb-b9b762028a80,EM13MAT308,high,Mathematics,"Espaços, Tempos, Quantidades, Relações e Transformações, Matemática, Matemática e suas Tecnologias",lc_existing
d531c829-edce-5f6e-92a6-bb614255f9cb,EM13MAT308,high,Mathematics,"Espaços, Tempos, Quantidades, Relações e Transformações, Matemática, Matemática e suas Tecnologias",lc_existing
09c0a448-b2dd-5cab-85eb-f99aae9f7981,EM13MAT503,high,Mathematics,"Espaços, Tempos, Quantidades, Relações e Transformações, Matemática, Matemática e suas Tecnologias",lc_existing
5021db20-a49d-5ee0-bfef-ddfee2b3ee83,EM13MAT402,high,Mathematics,"Espaços, Tempos, Quantidades, Relações e Transformações, Matemática, Matemática e suas Tecnologias",lc_existing
ec09177f-06ec-5173-bbad-22ef4cdd6262,EM13MAT105,low,Mathematics,"Espaços, Tempos, Quantidades, Relações e Transformações, Matemática, Matemática e suas Tecnologias",lc_existing
5403c7b6-f71e-56e8-85a5-8f74d52e2471,EF01MA15,medium,Mathematics,"Espaços, Tempos, Quantidades, Relações e Transformações, Matemática, Matemática e suas Tecnologias",lc_existing
236c0577-fcba-5942-9c3e-fe11d19469fc,EF07MA12,high,Mathematics,"Espaços, Tempos, Quantidades, Relações e Transformações, Matemática, Matemática e suas Tecnologias",lc_existing
445dd0dd-00aa-5fef-879e-58f62fd1b8db,EF06MA11,medium,Mathematics,"Espaços, Tempos, Quantidades, Relações e Transformações, Matemática, Matemática e suas Tecnologias",lc_existing
5409556b-2f94-54b7-8d77-4ce5d3e86e27,EF09MA06,medium,Mathematics,"Espaços, Tempos, Quantidades, Relações e Transformações, Matemática, Matemática e suas Tecnologias",lc_existing
0f811022-7df8-539c-8751-3580e0342c0f,EF09MA12,medium,Mathematics,"Espaços, Tempos, Quantidades, Relações e Transformações, Matemática, Matemática e suas Tecnologias",lc_existing
d01f5435-9374-5fc1-bdb2-daecf33aa4d5,EF09MA13,high,Mathematics,"Espaços, Tempos, Quantidades, Relações e Transformações, Matemática, Matemática e suas Tecnologias",lc_existing
7829e94a-2451-57ee-96cb-0b590fa68b40,EF08MA12,high,Mathematics,"Espaços, Tempos, Quantidades, Relações e Transformações, Matemática, Matemática e suas Tecnologias",lc_existing
ed5626b9-3172-58ef-99fd-3ae9ebb7704d,EM13MAT310,medium,Mathematics,"Espaços, Tempos, Quantidades, Relações e Transformações, Matemática, Matemática e suas Tecnologias",lc_existing
f50b9fed-bce3-5365-a39c-188686c9b2c1,EF09MA06,medium,Mathematics,"Espaços, Tempos, Quantidades, Relações e Transformações, Matemática, Matemática e suas Tecnologias",lc_existing
96b4f4dc-dcd9-5aba-9cb0-97c1d5b77cab,EF09MA19,medium,Mathematics,"Espaços, Tempos, Quantidades, Relações e Transformações, Matemática, Matemática e suas Tecnologias",lc_existing
0a9701cd-7c3c-5a65-a2e1-603f21c0d465,EF02MA05,medium,Mathematics,"Espaços, Tempos, Quantidades, Relações e Transformações, Matemática, Matemática e suas Tecnologias",lc_existing
da9534b0-d837-5e37-ae66-d506a2231d78,EM13MAT501,low,Mathematics,"Espaços, Tempos, Quantidades, Relações e Transformações, Matemática, Matemática e suas Tecnologias",lc_existing
2f9bf4e6-fb1f-57ba-bc31-9cc55f3e652d,EF01MA15,high,Mathematics,"Espaços, Tempos, Quantidades, Relações e Transformações, Matemática, Matemática e suas Tecnologias",lc_existing
7e7f1a54-f54b-5cd1-bdd0-a091779217db,EF01MA15,high,Mathematics,"Espaços, Tempos, Quantidades, Relações e Transformações, Matemática, Matemática e suas Tecnologias",lc_existing
33922a0f-8f0f-57b2-83a4-9d81d8b00054,EF04MA09,high,Mathematics,"Espaços, Tempos, Quantidades, Relações e Transformações, Matemática, Matemática e suas Tecnologias",lc_existing
4a5f2dd0-e7ae-5fe9-9ab8-ce2ba4d70660,EF05MA18,high,Mathematics,"Espaços, Tempos, Quantidades, Relações e Transformações, Matemática, Matemática e suas Tecnologias",lc_existing
6f003d17-0dd9-52bf-a75e-56898b3750c1,EF09MA12,high,Mathematics,"Espaços, Tempos, Quantidades, Relações e Transformações, Matemática, Matemática e suas Tecnologias",lc_existing
82add1f8-f132-54c6-899e-60112903da6e,EF09MA12,high,Mathematics,"Espaços, Tempos, Quantidades, Relações e Transformações, Matemática, Matemática e suas Tecnologias",lc_existing
7ded9ec8-c209-5077-9cc8-cf987ff47b0a,EF02MA05,high,Mathematics,"Espaços, Tempos, Quantidades, Relações e Transformações, Matemática, Matemática e suas Tecnologias",lc_existing
8cecfb5c-5ea5-51bc-917c-76c043cf5ae1,EF01MA06,high,Mathematics,"Espaços, Tempos, Quantidades, Relações e Transformações, Matemática, Matemática e suas Tecnologias",lc_existing
31ebd1b1-972d-5540-ae47-8bc768792ab1,EM13MAT510,high,Mathematics,"Espaços, Tempos, Quantidades, Relações e Transformações, Matemática, Matemática e suas Tecnologias",lc_existing
59f0c929-ef2c-509d-b35a-31ddb34d0017,EF09MA14,high,Mathematics,"Espaços, Tempos, Quantidades, Relações e Transformações, Matemática, Matemática e suas Tecnologias",lc_existing
c9115f50-0864-570e-9dc1-e6d3d9d6dad8,EF06MA12,medium,Mathematics,"Espaços, Tempos, Quantidades, Relações e Transformações, Matemática, Matemática e suas Tecnologias",lc_existing
be8712d7-2539-5bdf-bd3b-291f0f83ad8e,EM13MAT305,high,Mathematics,"Espaços, Tempos, Quantidades, Relações e Transformações, Matemática, Matemática e suas Tecnologias",lc_existing
2ad87414-627a-5b7c-90be-1106bc4c6876,EF08MA25,high,Mathematics,"Espaços, Tempos, Quantidades, Relações e Transformações, Matemática, Matemática e suas Tecnologias",lc_existing
dc8ffe80-1dcf-5fa1-9a23-c7df7a4ab6bf,EM13MAT316,medium,Mathematics,"Espaços, Tempos, Quantidades, Relações e Transformações, Matemática, Matemática e suas Tecnologias",lc_existing
0c3f03b8-3989-5489-aa86-b9a63953e545,EF06MA11,medium,Mathematics,"Espaços, Tempos, Quantidades, Relações e Transformações, Matemática, Matemática e suas Tecnologias",lc_existing
3b40f296-3bd8-5986-b5a4-52cb04f8c7eb,EF06MA11,medium,Mathematics,"Espaços, Tempos, Quantidades, Relações e Transformações, Matemática, Matemática e suas Tecnologias",lc_existing
95700724-a655-5092-ae09-41e4ed0b48c2,EF06MA11,medium,Mathematics,"Espaços, Tempos, Quantidades, Relações e Transformações, Matemática, Matemática e suas Tecnologias",lc_existing
2ee8400d-3411-58e8-a98b-bcba2552bd88,EF08MA22,high,Mathematics,"Espaços, Tempos, Quantidades, Relações e Transformações, Matemática, Matemática e suas Tecnologias",lc_existing
e7cdb75c-feda-56cb-aaa8-36eb7c2186db,EF08MA22,high,Mathematics,"Espaços, Tempos, Quantidades, Relações e Transformações, Matemática, Matemática e suas Tecnologias",lc_existing
25cdf64d-beaf-5708-af8e-c16c1d1b4658,EF05MA23,high,Mathematics,"Espaços, Tempos, Quantidades, Relações e Transformações, Matemática, Matemática e suas Tecnologias",lc_existing
ea0959ab-0e0f-53eb-9eb9-aa7ec5f70750,EF07MA34,high,Mathematics,"Espaços, Tempos, Quantidades, Relações e Transformações, Matemática, Matemática e suas Tecnologias",lc_existing
89674cb1-f3ec-5b43-97c7-44f8d5225bd2,EF09MA09,high,Mathematics,"Espaços, Tempos, Quantidades, Relações e Transformações, Matemática, Matemática e suas Tecnologias",lc_existing
2b3665ac-d9e0-54e1-bc8f-be3b991d7038,EM13MAT403,high,Mathematics,"Espaços, Tempos, Quantidades, Relações e Transformações, Matemática, Matemática e suas Tecnologias",lc_existing
91491da3-9203-5f7b-85f2-6747ae2ae03f,EF08MA18,high,Mathematics,"Espaços, Tempos, Quantidades, Relações e Transformações, Matemática, Matemática e suas Tecnologias",lc_existing
f4c93509-ef68-5e1a-bbfe-d61e21483395,EM13MAT105,medium,Mathematics,"Espaços, Tempos, Quantidades, Relações e Transformações, Matemática, Matemática e suas Tecnologias",lc_existing
fe6330af-bd2c-513f-ba16-06bcbf391c2f,EF08MA18,high,Mathematics,"Espaços, Tempos, Quantidades, Relações e Transformações, Matemática, Matemática e suas Tecnologias",lc_existing
99c8963e-2819-5dc9-b514-e1571e42bc7e,EF09MA10,medium,Mathematics,"Espaços, Tempos, Quantidades, Relações e Transformações, Matemática, Matemática e suas Tecnologias",lc_existing
ae498f8b-b653-52e9-a674-5dab065df182,EF09MA10,medium,Mathematics,"Espaços, Tempos, Quantidades, Relações e Transformações, Matemática, Matemática e suas Tecnologias",lc_existing
d64d2670-ca26-5a42-af62-cf9df6ab31d0,EF08MA17,high,Mathematics,"Espaços, Tempos, Quantidades, Relações e Transformações, Matemática, Matemática e suas Tecnologias",lc_existing
dcfc3f7f-5956-5cce-847d-eb66270bd307,EF09MA10,high,Mathematics,"Espaços, Tempos, Quantidades, Relações e Transformações, Matemática, Matemática e suas Tecnologias",lc_existing
47171d80-3004-5422-bfcd-3c2c9ede79c4,EF04MA07,high,Mathematics,"Espaços, Tempos, Quantidades, Relações e Transformações, Matemática, Matemática e suas Tecnologias",lc_existing
6e0b8067-5f64-55aa-8287-a076bb8e5875,EF04MA07,high,Mathematics,"Espaços, Tempos, Quantidades, Relações e Transformações, Matemática, Matemática e suas Tecnologias",lc_existing
d4f1afec-b396-5df5-bd6d-dda9ef81224b,EM13MAT305,medium,Mathematics,"Espaços, Tempos, Quantidades, Relações e Transformações, Matemática, Matemática e suas Tecnologias",lc_existing
f0bb59c1-4b96-51c7-ae44-7fd1f7e784e8,EM13MAT402,medium,Mathematics,"Espaços, Tempos, Quantidades, Relações e Transformações, Matemática, Matemática e suas Tecnologias",lc_existing
123700d1-59f1-5e78-84fc-e9988a590cfb,EF06MA10,medium,Mathematics,"Espaços, Tempos, Quantidades, Relações e Transformações, Matemática, Matemática e suas Tecnologias",lc_existing
63e76820-5fc1-5ca3-88a0-8e4597eca670,EF06MA10,medium,Mathematics,"Espaços, Tempos, Quantidades, Relações e Transformações, Matemática, Matemática e suas Tecnologias",lc_existing
36d0fda5-a6ac-58c4-ba46-33343468ac4b,EF07MA03,medium,Mathematics,"Espaços, Tempos, Quantidades, Relações e Transformações, Matemática, Matemática e suas Tecnologias",lc_existing
613323d4-dfba-5474-b7cb-c5f104ac37dc,EF05MA24,medium,Mathematics,"Espaços, Tempos, Quantidades, Relações e Transformações, Matemática, Matemática e suas Tecnologias",lc_existing
0745e110-05aa-53fa-9f3c-418c92c75c2c,EF06MA10,high,Mathematics,"Espaços, Tempos, Quantidades, Relações e Transformações, Matemática, Matemática e suas Tecnologias",lc_existing
d29c0749-bd31-5ad3-8a3c-2a24769df8ce,EM13MAT502,medium,Mathematics,"Espaços, Tempos, Quantidades, Relações e Transformações, Matemática, Matemática e suas Tecnologias",lc_existing
e33be58c-4221-5a87-a305-3399dbb0da7d,EM13MAT202,medium,Mathematics,"Espaços, Tempos, Quantidades, Relações e Transformações, Matemática, Matemática e suas Tecnologias",lc_existing
3b089bbf-ae8f-59a2-a411-1c6c73fda167,EF02MA09,medium,Mathematics,"Espaços, Tempos, Quantidades, Relações e Transformações, Matemática, Matemática e suas Tecnologias",lc_existing
f7db0623-427e-5587-acb7-51b2fc2f0019,EF03MA08,high,Mathematics,"Espaços, Tempos, Quantidades, Relações e Transformações, Matemática, Matemática e suas Tecnologias",lc_existing
61ed5929-4cd5-549a-968f-2a569d145942,EF07MA23,medium,Mathematics,"Espaços, Tempos, Quantidades, Relações e Transformações, Matemática, Matemática e suas Tecnologias",lc_existing
9eda3ea4-ae93-59ef-940b-d17152c35ae9,EM13MAT403,medium,Mathematics,"Espaços, Tempos, Quantidades, Relações e Transformações, Matemática, Matemática e suas Tecnologias",lc_existing
86f60c17-f57b-5b4f-8157-248c08421272,EF04MA10,high,Mathematics,"Espaços, Tempos, Quantidades, Relações e Transformações, Matemática, Matemática e suas Tecnologias",lc_existing
35bc1efc-c989-50af-b620-a7bd77f2f808,EF05MA03,high,Mathematics,"Espaços, Tempos, Quantidades, Relações e Transformações, Matemática, Matemática e suas Tecnologias",lc_existing
46b4aaee-e89d-53f0-abd9-12b676510c8e,EF05MA03,high,Mathematics,"Espaços, Tempos, Quantidades, Relações e Transformações, Matemática, Matemática e suas Tecnologias",lc_existing
677ac9ea-e253-574e-9754-46a693260709,EF05MA05,medium,Mathematics,"Espaços, Tempos, Quantidades, Relações e Transformações, Matemática, Matemática e suas Tecnologias",lc_existing
647a607c-1c33-59f7-8fb7-7dd212bf884e,EF07MA14,medium,Mathematics,"Espaços, Tempos, Quantidades, Relações e Transformações, Matemática, Matemática e suas Tecnologias",lc_existing
ac2e1b59-a506-56f6-af9a-2f660ae6eb8d,EM13MAT507,high,Mathematics,"Espaços, Tempos, Quantidades, Relações e Transformações, Matemática, Matemática e suas Tecnologias",lc_existing
ce1985d2-d0ab-52d6-b0c8-e23a52585daf,EM13MAT507,medium,Mathematics,"Espaços, Tempos, Quantidades, Relações e Transformações, Matemática, Matemática e suas Tecnologias",lc_existing
b83a894c-4043-5e3e-ae5f-d9479abc2d6a,EF07MA19,medium,Mathematics,"Espaços, Tempos, Quantidades, Relações e Transformações, Matemática, Matemática e suas Tecnologias",lc_existing
10148e7b-6e5b-574e-974e-9cfc7ac6d1f4,EF02MA04,high,Mathematics,"Espaços, Tempos, Quantidades, Relações e Transformações, Matemática, Matemática e suas Tecnologias",lc_existing
17fe2def-fee1-5b9b-97b2-6edc539da1cf,EM13MAT510,medium,Mathematics,"Espaços, Tempos, Quantidades, Relações e Transformações, Matemática, Matemática e suas Tecnologias",lc_existing
f103db3c-43d1-5839-a76e-d0c41ae5a97f,EM13MAT510,medium,Mathematics,"Espaços, Tempos, Quantidades, Relações e Transformações, Matemática, Matemática e suas Tecnologias",lc_existing
d4d1b770-b755-5fc9-be67-7c59f0e078ba,EM13MAT510,medium,Mathematics,"Espaços, Tempos, Quantidades, Relações e Transformações, Matemática, Matemática e suas Tecnologias",lc_existing
dc34402c-b3d4-53a0-841b-102c45e42d9a,EF05MA05,high,Mathematics,"Espaços, Tempos, Quantidades, Relações e Transformações, Matemática, Matemática e suas Tecnologias",lc_existing
e434c015-14bf-5d3c-9337-aece5b394806,EF04MA15,high,Mathematics,"Espaços, Tempos, Quantidades, Relações e Transformações, Matemática, Matemática e suas Tecnologias",lc_existing
88ab95a4-fd3f-59da-9dcc-e5b0afb7220d,EF03MA06,medium,Mathematics,"Espaços, Tempos, Quantidades, Relações e Transformações, Matemática, Matemática e suas Tecnologias",lc_existing
2aecfdc6-4f8a-522d-9798-bf9c2137a56a,EF03MA06,medium,Mathematics,"Espaços, Tempos, Quantidades, Relações e Transformações, Matemática, Matemática e suas Tecnologias",lc_existing
f9c7d91a-a6f0-5754-a100-3f0f7f60ad6a,EF05MA22,medium,Mathematics,"Espaços, Tempos, Quantidades, Relações e Transformações, Matemática, Matemática e suas Tecnologias",lc_existing
96be5b29-ad00-5063-b1ae-ea624857fc93,EF06MA30,high,Mathematics,"Espaços, Tempos, Quantidades, Relações e Transformações, Matemática, Matemática e suas Tecnologias",lc_existing
636dbe08-2937-576c-b306-64bca3e61563,EF08MA22,high,Mathematics,"Espaços, Tempos, Quantidades, Relações e Transformações, Matemática, Matemática e suas Tecnologias",lc_existing
4210922b-c405-5e70-88ec-39c36d8f3a15,EF09MA20,high,Mathematics,"Espaços, Tempos, Quantidades, Relações e Transformações, Matemática, Matemática e suas Tecnologias",lc_existing
ed44c755-4b22-55bc-9a3f-009ef0939f47,EM13MAT302,medium,Mathematics,"Espaços, Tempos, Quantidades, Relações e Transformações, Matemática, Matemática e suas Tecnologias",lc_existing
05283aa2-d294-5f59-93ee-ac361e3a10f7,EF04MA07,high,Mathematics,"Espaços, Tempos, Quantidades, Relações e Transformações, Matemática, Matemática e suas Tecnologias",lc_existing
2b280d60-f1bf-5180-8096-ac41cfb17af9,EF03MA07,high,Mathematics,"Espaços, Tempos, Quantidades, Relações e Transformações, Matemática, Matemática e suas Tecnologias",lc_existing
1843505b-35bc-56d7-944c-cfeefea076e3,EF03MA08,high,Mathematics,"Espaços, Tempos, Quantidades, Relações e Transformações, Matemática, Matemática e suas Tecnologias",lc_existing
74de4ebf-1b04-58f3-872f-0a8b8d743ffd,EF09MA09,low,Mathematics,"Espaços, Tempos, Quantidades, Relações e Transformações, Matemática, Matemática e suas Tecnologias",lc_existing
c5c0a70e-1996-5120-8cba-28ae321145a5,EM13MAT308,high,Mathematics,"Espaços, Tempos, Quantidades, Relações e Transformações, Matemática, Matemática e suas Tecnologias",lc_existing
0213c6a8-5863-581e-ac02-a48230e6e7d6,EF09MA11,medium,Mathematics,"Espaços, Tempos, Quantidades, Relações e Transformações, Matemática, Matemática e suas Tecnologias",lc_existing
00f08b4d-704e-50c0-92bf-80f901bdbbe0,EF07MA33,high,Mathematics,"Espaços, Tempos, Quantidades, Relações e Transformações, Matemática, Matemática e suas Tecnologias",lc_existing
a6134b89-4846-52b1-8df2-7fc536318e85,EF07MA33,high,Mathematics,"Espaços, Tempos, Quantidades, Relações e Transformações, Matemática, Matemática e suas Tecnologias",lc_existing
0e19bb1d-1e7c-51af-8a86-99a606168194,EM13MAT503,medium,Mathematics,"Espaços, Tempos, Quantidades, Relações e Transformações, Matemática, Matemática e suas Tecnologias",lc_existing
fd96dd04-5595-57a9-a39f-6de96df8b471,EF05MA21,high,Mathematics,"Espaços, Tempos, Quantidades, Relações e Transformações, Matemática, Matemática e suas Tecnologias",lc_existing
d216f096-5667-5021-aa76-67ba7f7a54a9,EF09MA16,medium,Mathematics,"Espaços, Tempos, Quantidades, Relações e Transformações, Matemática, Matemática e suas Tecnologias",lc_existing
e9f7274e-1759-505f-ac3f-771d5778c809,EF09MA16,medium,Mathematics,"Espaços, Tempos, Quantidades, Relações e Transformações, Matemática, Matemática e suas Tecnologias",lc_existing
4e0c0405-d74c-58b0-9c00-b00ac26d06aa,EF03MA21,high,Mathematics,"Espaços, Tempos, Quantidades, Relações e Transformações, Matemática, Matemática e suas Tecnologias",lc_existing
36effa5a-8a01-552a-9729-603d6d78a796,EF09MA18,high,Mathematics,"Espaços, Tempos, Quantidades, Relações e Transformações, Matemática, Matemática e suas Tecnologias",lc_existing
52599614-cfa6-5d91-bb10-6ff82e571f6e,EF08MA01,medium,Mathematics,"Espaços, Tempos, Quantidades, Relações e Transformações, Matemática, Matemática e suas Tecnologias",lc_existing
97d917b6-9905-55d0-982c-0be3b3ed40d5,EF08MA01,medium,Mathematics,"Espaços, Tempos, Quantidades, Relações e Transformações, Matemática, Matemática e suas Tecnologias",lc_existing
b220156e-617e-51b1-8609-091e4d92db9e,EF07MA33,high,Mathematics,"Espaços, Tempos, Quantidades, Relações e Transformações, Matemática, Matemática e suas Tecnologias",lc_existing
f131ee01-191f-5d95-9aba-c33370f34607,EF08MA12,medium,Mathematics,"Espaços, Tempos, Quantidades, Relações e Transformações, Matemática, Matemática e suas Tecnologias",lc_existing
9b0c2564-48f4-5370-93fd-4b9db86ec254,EF09MA11,medium,Mathematics,"Espaços, Tempos, Quantidades, Relações e Transformações, Matemática, Matemática e suas Tecnologias",lc_existing
0abcb12c-f1c1-505b-9268-dd5c43fa14ad,EF05MA22,medium,Mathematics,"Espaços, Tempos, Quantidades, Relações e Transformações, Matemática, Matemática e suas Tecnologias",lc_existing
5069fa38-0a9f-5c54-9c00-69c2d65c0042,EF07MA34,medium,Mathematics,"Espaços, Tempos, Quantidades, Relações e Transformações, Matemática, Matemática e suas Tecnologias",lc_existing
18fca54d-8944-5dd1-bb11-0348131e71af,EF03MA05,high,Mathematics,"Espaços, Tempos, Quantidades, Relações e Transformações, Matemática, Matemática e suas Tecnologias",lc_existing
8e0a9454-edb3-5fb9-be8a-c0f50cff2a4c,EF07MA20,high,Mathematics,"Espaços, Tempos, Quantidades, Relações e Transformações, Matemática, Matemática e suas Tecnologias",lc_existing
af9a99a3-2303-5433-8fbc-0b8ff144479f,EF01MA06,high,Mathematics,"Espaços, Tempos, Quantidades, Relações e Transformações, Matemática, Matemática e suas Tecnologias",lc_existing
10b7ec1d-8484-542d-b7d8-e556ab71ceb5,EF04MA15,medium,Mathematics,"Espaços, Tempos, Quantidades, Relações e Transformações, Matemática, Matemática e suas Tecnologias",lc_existing
e1067102-cb17-5785-88d3-4eadd2b4a685,EF04MA20,medium,Mathematics,"Espaços, Tempos, Quantidades, Relações e Transformações, Matemática, Matemática e suas Tecnologias",lc_existing
f7a9f0e5-d847-5b6e-8fa1-e1d6d001cc58,EF04MA14,medium,Mathematics,"Espaços, Tempos, Quantidades, Relações e Transformações, Matemática, Matemática e suas Tecnologias",lc_existing
3adc18f8-15fb-5dca-ae72-20a6dbb0b4bb,EM13MAT511,medium,Mathematics,"Espaços, Tempos, Quantidades, Relações e Transformações, Matemática, Matemática e suas Tecnologias",lc_existing
99f8fb9d-7945-54ae-a590-6ab4d1b2d714,EM13MAT511,medium,Mathematics,"Espaços, Tempos, Quantidades, Relações e Transformações, Matemática, Matemática e suas Tecnologias",lc_existing
0c9a3738-497b-5064-bf11-1b840a102ca0,EF01MA14,high,Mathematics,"Espaços, Tempos, Quantidades, Relações e Transformações, Matemática, Matemática e suas Tecnologias",lc_existing
6e500b44-172c-59ed-9ec4-bf28057b3479,EF01MA13,medium,Mathematics,"Espaços, Tempos, Quantidades, Relações e Transformações, Matemática, Matemática e suas Tecnologias",lc_existing
5dbf5145-2f49-51db-8531-4d09263c0326,EF09MA03,high,Mathematics,"Espaços, Tempos, Quantidades, Relações e Transformações, Matemática, Matemática e suas Tecnologias",lc_existing
c0e49ae4-d166-5cd2-ab0b-eca93c657eb7,EF08MA02,high,Mathematics,"Espaços, Tempos, Quantidades, Relações e Transformações, Matemática, Matemática e suas Tecnologias",lc_existing
5ed8e4b9-f793-5cb2-861c-fe0c2857c8d1,EF03MA07,high,Mathematics,"Espaços, Tempos, Quantidades, Relações e Transformações, Matemática, Matemática e suas Tecnologias",lc_existing
9a5c62b7-7c19-54c8-be81-af529ddc7890,EF04MA06,high,Mathematics,"Espaços, Tempos, Quantidades, Relações e Transformações, Matemática, Matemática e suas Tecnologias",lc_existing
db0cac93-38ee-5636-881e-e9a7fac66403,EF08MA25,high,Mathematics,"Espaços, Tempos, Quantidades, Relações e Transformações, Matemática, Matemática e suas Tecnologias",lc_existing
b9271b94-582d-549f-b55e-2192fc9a58f0,EF07MA03,high,Mathematics,"Espaços, Tempos, Quantidades, Relações e Transformações, Matemática, Matemática e suas Tecnologias",lc_existing
fb4797ee-36d1-588d-b2f7-876caae34226,EF08MA08,high,Mathematics,"Espaços, Tempos, Quantidades, Relações e Transformações, Matemática, Matemática e suas Tecnologias",lc_existing
b274f357-3b0a-52f4-8b72-48ebba4142d7,EF05MA24,medium,Mathematics,"Espaços, Tempos, Quantidades, Relações e Transformações, Matemática, Matemática e suas Tecnologias",lc_existing
d34f7566-1d4c-5798-b0aa-9fc60f172699,EF05MA25,medium,Mathematics,"Espaços, Tempos, Quantidades, Relações e Transformações, Matemática, Matemática e suas Tecnologias",lc_existing
30ebf30e-f1f4-565a-851e-23192076cd5e,EM13MAT501,medium,Mathematics,"Espaços, Tempos, Quantidades, Relações e Transformações, Matemática, Matemática e suas Tecnologias",lc_existing
e3f2391f-225c-580f-9331-7de98f609d83,EF07MA03,medium,Mathematics,"Espaços, Tempos, Quantidades, Relações e Transformações, Matemática, Matemática e suas Tecnologias",lc_existing
0547ded3-3b6d-58c4-96ba-e7afd6191e68,EF06MA20,medium,Mathematics,"Espaços, Tempos, Quantidades, Relações e Transformações, Matemática, Matemática e suas Tecnologias",lc_existing
57e16cea-f300-527a-b474-0bad164dfc11,EF06MA20,medium,Mathematics,"Espaços, Tempos, Quantidades, Relações e Transformações, Matemática, Matemática e suas Tecnologias",lc_existing
43db98f6-e15f-51b4-b29b-ee8f47181491,EF07MA18,medium,Mathematics,"Espaços, Tempos, Quantidades, Relações e Transformações, Matemática, Matemática e suas Tecnologias",lc_existing
019a93e7-1877-5e9b-b4b3-476f201fccc8,EF04MA07,medium,Mathematics,"Espaços, Tempos, Quantidades, Relações e Transformações, Matemática, Matemática e suas Tecnologias",lc_existing
7e3f7a9a-dc6b-5170-b00a-682e9c5b147e,EF08MA25,high,Mathematics,"Espaços, Tempos, Quantidades, Relações e Transformações, Matemática, Matemática e suas Tecnologias",lc_existing
06c73e9c-e827-581a-9a6f-b206648c6954,EM13MAT310,medium,Mathematics,"Espaços, Tempos, Quantidades, Relações e Transformações, Matemática, Matemática e suas Tecnologias",lc_existing
d74dd6d1-5b2c-5562-a743-b41070a7b54f,EM13MAT310,medium,Mathematics,"Espaços, Tempos, Quantidades, Relações e Transformações, Matemática, Matemática e suas Tecnologias",lc_existing
6c81abb2-bfff-534b-bbe6-2c2a2a405462,EF03MA09,medium,Mathematics,"Espaços, Tempos, Quantidades, Relações e Transformações, Matemática, Matemática e suas Tecnologias",lc_existing
8970cb2b-7dd0-5209-acd1-d7c7083db812,EF04MA12,medium,Mathematics,"Espaços, Tempos, Quantidades, Relações e Transformações, Matemática, Matemática e suas Tecnologias",lc_existing
170ad50a-04a1-5099-948d-aebaf8279418,EM13MAT402,high,Mathematics,"Espaços, Tempos, Quantidades, Relações e Transformações, Matemática, Matemática e suas Tecnologias",lc_existing
a0174086-6335-568a-ae51-86e54edc8371,EF03MA07,high,Mathematics,"Espaços, Tempos, Quantidades, Relações e Transformações, Matemática, Matemática e suas Tecnologias",lc_existing
a8fd1516-9ee6-519a-aa68-2c5040d5a97e,EF08MA24,high,Mathematics,"Espaços, Tempos, Quantidades, Relações e Transformações, Matemática, Matemática e suas Tecnologias",lc_existing
fa260e04-cde7-5cd8-99ed-75b18d2e0bce,EF03MA07,medium,Mathematics,"Espaços, Tempos, Quantidades, Relações e Transformações, Matemática, Matemática e suas Tecnologias",lc_existing
9bf54462-5fd0-59bf-8360-cd503e45b884,EF06MA05,high,Mathematics,"Espaços, Tempos, Quantidades, Relações e Transformações, Matemática, Matemática e suas Tecnologias",lc_existing
c587f727-0135-571c-8c60-7ad46e0a28c5,EF04MA05,medium,Mathematics,"Espaços, Tempos, Quantidades, Relações e Transformações, Matemática, Matemática e suas Tecnologias",lc_existing
1a76196d-c5cd-5314-9230-fb068e899986,EM13MAT203,low,Mathematics,"Espaços, Tempos, Quantidades, Relações e Transformações, Matemática, Matemática e suas Tecnologias",lc_existing
e0b9facc-5b70-5101-8f80-2081e17c3ef9,EM13MAT203,low,Mathematics,"Espaços, Tempos, Quantidades, Relações e Transformações, Matemática, Matemática e suas Tecnologias",lc_existing
54110dcc-df25-5da3-95e7-b95407c0aff3,EF06MA07,high,Mathematics,"Espaços, Tempos, Quantidades, Relações e Transformações, Matemática, Matemática e suas Tecnologias",lc_existing
272d9661-6c65-5855-a332-93571d49bda1,EF01MA07,high,Mathematics,"Espaços, Tempos, Quantidades, Relações e Transformações, Matemática, Matemática e suas Tecnologias",lc_existing
a5b32d92-952a-5680-aa80-d9048b8d2af9,EF08MA23,high,Mathematics,"Espaços, Tempos, Quantidades, Relações e Transformações, Matemática, Matemática e suas Tecnologias",lc_existing
dc6cd2b8-5246-551a-8c58-a4a60ca875b1,EF06MA22,high,Mathematics,"Espaços, Tempos, Quantidades, Relações e Transformações, Matemática, Matemática e suas Tecnologias",lc_existing
9e0d446e-8a30-58a3-b6a9-6727c7de57a1,EF06MA22,high,Mathematics,"Espaços, Tempos, Quantidades, Relações e Transformações, Matemática, Matemática e suas Tecnologias",lc_existing
85a750ee-d398-5ed7-b059-881ea41e7a61,EF07MA22,medium,Mathematics,"Espaços, Tempos, Quantidades, Relações e Transformações, Matemática, Matemática e suas Tecnologias",lc_existing
4136d86b-ead5-54b8-9568-c4ce9b307bb8,EF07MA14,high,Mathematics,"Espaços, Tempos, Quantidades, Relações e Transformações, Matemática, Matemática e suas Tecnologias",lc_existing
a19972ce-8ba7-5042-9369-1c86bb517dc6,EF06MA05,high,Mathematics,"Espaços, Tempos, Quantidades, Relações e Transformações, Matemática, Matemática e suas Tecnologias",lc_existing
f548ce1a-ef91-5a91-9d5e-1cebf7fd201c,EF06MA05,high,Mathematics,"Espaços, Tempos, Quantidades, Relações e Transformações, Matemática, Matemática e suas Tecnologias",lc_existing
9ede2acf-70d1-51f5-8d81-bbb66257a78f,EF05MA25,medium,Mathematics,"Espaços, Tempos, Quantidades, Relações e Transformações, Matemática, Matemática e suas Tecnologias",lc_existing
69dae716-2ecc-5ba9-bcb3-14db257fea9f,EF07MA11,high,Mathematics,"Espaços, Tempos, Quantidades, Relações e Transformações, Matemática, Matemática e suas Tecnologias",lc_existing
1a101be5-1e3d-5e8f-bfdc-9c855ef02361,EF05MA20,high,Mathematics,"Espaços, Tempos, Quantidades, Relações e Transformações, Matemática, Matemática e suas Tecnologias",lc_existing
7f34a6f4-8e34-5c4d-8422-3254537a1715,EF04MA20,high,Mathematics,"Espaços, Tempos, Quantidades, Relações e Transformações, Matemática, Matemática e suas Tecnologias",lc_existing
a278d5f2-d74a-559a-bbee-734b8ccd214c,EF04MA20,high,Mathematics,"Espaços, Tempos, Quantidades, Relações e Transformações, Matemática, Matemática e suas Tecnologias",lc_existing
1d28e574-c7a6-56e8-9296-7506f8f737e6,EF08MA09,high,Mathematics,"Espaços, Tempos, Quantidades, Relações e Transformações, Matemática, Matemática e suas Tecnologias",lc_existing
c7bb0820-91f1-58f9-a3c9-c37044fef5e9,EF01MA06,high,Mathematics,"Espaços, Tempos, Quantidades, Relações e Transformações, Matemática, Matemática e suas Tecnologias",lc_existing
1782cf9a-359b-5120-aa10-06b5107ec8d0,EF08MA25,high,Mathematics,"Espaços, Tempos, Quantidades, Relações e Transformações, Matemática, Matemática e suas Tecnologias",lc_existing
d6336ff8-2f64-565c-bf21-75bb6a8f781e,EM13MAT501,medium,Mathematics,"Espaços, Tempos, Quantidades, Relações e Transformações, Matemática, Matemática e suas Tecnologias",lc_existing
d05807d0-7b26-5a02-9fe1-4005dfc61828,EM13MAT401,medium,Mathematics,"Espaços, Tempos, Quantidades, Relações e Transformações, Matemática, Matemática e suas Tecnologias",lc_existing
b91b15d5-c9d0-5dbd-b904-29e7a05d71c1,EM13MAT403,medium,Mathematics,"Espaços, Tempos, Quantidades, Relações e Transformações, Matemática, Matemática e suas Tecnologias",lc_existing
94c5965e-3012-51ce-933a-db0509babe06,EM13MAT403,medium,Mathematics,"Espaços, Tempos, Quantidades, Relações e Transformações, Matemática, Matemática e suas Tecnologias",lc_existing
5f41fba8-f5db-5d70-9df9-1da0545355d0,EM13MAT316,medium,Mathematics,"Espaços, Tempos, Quantidades, Relações e Transformações, Matemática, Matemática e suas Tecnologias",lc_existing
ceb07b7c-b1cf-52cc-97ee-192d8a291f90,EF06MA03,medium,Mathematics,"Espaços, Tempos, Quantidades, Relações e Transformações, Matemática, Matemática e suas Tecnologias",lc_existing
5702c4ef-fbfc-533e-b5b5-a5cc126e7c3e,EF08MA06,high,Mathematics,"Espaços, Tempos, Quantidades, Relações e Transformações, Matemática, Matemática e suas Tecnologias",lc_existing
a897237c-b860-5647-8f41-6e1ffd3ed645,EF08MA26,high,Mathematics,"Espaços, Tempos, Quantidades, Relações e Transformações, Matemática, Matemática e suas Tecnologias",lc_existing
1797f847-4948-54a6-b32d-0e80d7d13379,EF08MA26,high,Mathematics,"Espaços, Tempos, Quantidades, Relações e Transformações, Matemática, Matemática e suas Tecnologias",lc_existing
f1f74202-77c6-5101-9dfa-fbedd982d46a,EF07MA04,medium,Mathematics,"Espaços, Tempos, Quantidades, Relações e Transformações, Matemática, Matemática e suas Tecnologias",lc_existing
bffbcffa-74ab-5c1c-b96e-7944323f7cf6,EF07MA04,medium,Mathematics,"Espaços, Tempos, Quantidades, Relações e Transformações, Matemática, Matemática e suas Tecnologias",lc_existing
67ca75ab-ff79-5c61-a49a-79c563ec0357,EF07MA04,medium,Mathematics,"Espaços, Tempos, Quantidades, Relações e Transformações, Matemática, Matemática e suas Tecnologias",lc_existing
e6525dd8-5e57-5c8a-abee-57f64d1c9eb4,EF06MA13,high,Mathematics,"Espaços, Tempos, Quantidades, Relações e Transformações, Matemática, Matemática e suas Tecnologias",lc_existing
c75962da-9a8e-53a7-81cc-b46d56f5100e,EF06MA13,high,Mathematics,"Espaços, Tempos, Quantidades, Relações e Transformações, Matemática, Matemática e suas Tecnologias",lc_existing
f67e0d53-c787-59d9-b9df-9f61ed12a82c,EF04MA19,high,Mathematics,"Espaços, Tempos, Quantidades, Relações e Transformações, Matemática, Matemática e suas Tecnologias",lc_existing
7608d2f3-4578-504c-921c-93bb703fc9a1,EF08MA05,high,Mathematics,"Espaços, Tempos, Quantidades, Relações e Transformações, Matemática, Matemática e suas Tecnologias",lc_existing
796584cf-96ab-559a-8e86-322d95757ea3,EF08MA05,high,Mathematics,"Espaços, Tempos, Quantidades, Relações e Transformações, Matemática, Matemática e suas Tecnologias",lc_existing
a622aa0e-33a5-58ab-bb11-cf04a00dce0c,EF09MA02,high,Mathematics,"Espaços, Tempos, Quantidades, Relações e Transformações, Matemática, Matemática e suas Tecnologias",lc_existing
ab61aaed-db50-5b2d-8030-4f7ded710083,EF06MA08,medium,Mathematics,"Espaços, Tempos, Quantidades, Relações e Transformações, Matemática, Matemática e suas Tecnologias",lc_existing
44a2143c-250e-5d19-b1b2-60ffd670ea61,EF06MA12,medium,Mathematics,"Espaços, Tempos, Quantidades, Relações e Transformações, Matemática, Matemática e suas Tecnologias",lc_existing
109ac5cd-8a05-5f94-8bbb-001e3a91e3c8,EF05MA07,medium,Mathematics,"Espaços, Tempos, Quantidades, Relações e Transformações, Matemática, Matemática e suas Tecnologias",lc_existing
140c9070-138f-59f7-a1a1-ad3f1815b981,EF05MA11,high,Mathematics,"Espaços, Tempos, Quantidades, Relações e Transformações, Matemática, Matemática e suas Tecnologias",lc_existing
522dfbfa-6e48-50e2-b8eb-dd95b5302e6b,EF06MA27,high,Mathematics,"Espaços, Tempos, Quantidades, Relações e Transformações, Matemática, Matemática e suas Tecnologias",lc_existing
a25d6fc5-7af0-5d75-a2d2-b87306bd0fd3,EF06MA27,high,Mathematics,"Espaços, Tempos, Quantidades, Relações e Transformações, Matemática, Matemática e suas Tecnologias",lc_existing
e650344b-f932-5f85-8c6b-abfa302759cf,EF01MA16,medium,Mathematics,"Espaços, Tempos, Quantidades, Relações e Transformações, Matemática, Matemática e suas Tecnologias",lc_existing
ef4dbab2-4db3-5955-8ae7-843fc7ee8479,EF01MA16,medium,Mathematics,"Espaços, Tempos, Quantidades, Relações e Transformações, Matemática, Matemática e suas Tecnologias",lc_existing
32a33b2c-cdd1-58a7-a6f9-ce0b7c066d50,EF05MA07,high,Mathematics,"Espaços, Tempos, Quantidades, Relações e Transformações, Matemática, Matemática e suas Tecnologias",lc_existing
0bbc7349-8768-5a94-8461-b718a4547301,EF09MA19,high,Mathematics,"Espaços, Tempos, Quantidades, Relações e Transformações, Matemática, Matemática e suas Tecnologias",lc_existing
b5092424-5b16-5a27-88d2-c36a19c2d170,EF03MA17,high,Mathematics,"Espaços, Tempos, Quantidades, Relações e Transformações, Matemática, Matemática e suas Tecnologias",lc_existing
2c71367f-ef95-5861-9ddc-19ceb055cd51,EF03MA17,high,Mathematics,"Espaços, Tempos, Quantidades, Relações e Transformações, Matemática, Matemática e suas Tecnologias",lc_existing
d94abe72-3f88-5c8f-9fd5-40a0bd9471ec,EF05MA15,high,Mathematics,"Espaços, Tempos, Quantidades, Relações e Transformações, Matemática, Matemática e suas Tecnologias",lc_existing
cf895e10-7702-59bb-9bc6-11e262f4c2f6,EF05MA15,high,Mathematics,"Espaços, Tempos, Quantidades, Relações e Transformações, Matemática, Matemática e suas Tecnologias",lc_existing
8bf02e1b-dfdd-5c7a-9a1c-fba94e7a2117,EM13MAT407,medium,Mathematics,"Espaços, Tempos, Quantidades, Relações e Transformações, Matemática, Matemática e suas Tecnologias",lc_existing
9f6772f5-1115-58c8-b53d-b5f26ccd0c9d,EF05MA15,high,Mathematics,"Espaços, Tempos, Quantidades, Relações e Transformações, Matemática, Matemática e suas Tecnologias",lc_existing
7e59ad79-91b7-53a7-98ec-c85624c7fc75,EF06MA16,medium,Mathematics,"Espaços, Tempos, Quantidades, Relações e Transformações, Matemática, Matemática e suas Tecnologias",lc_existing
7e561083-58c0-554a-8cb0-ff5621464fad,EF04MA04,medium,Mathematics,"Espaços, Tempos, Quantidades, Relações e Transformações, Matemática, Matemática e suas Tecnologias",lc_existing
4b749054-84a9-5279-bb7c-9ac485005421,EF05MA07,high,Mathematics,"Espaços, Tempos, Quantidades, Relações e Transformações, Matemática, Matemática e suas Tecnologias",lc_existing
7752d0b0-468b-5e2b-b641-965fb048340f,EF05MA22,high,Mathematics,"Espaços, Tempos, Quantidades, Relações e Transformações, Matemática, Matemática e suas Tecnologias",lc_existing
f578a7d0-3872-555d-9e67-0ec54d6f90a6,EF05MA23,high,Mathematics,"Espaços, Tempos, Quantidades, Relações e Transformações, Matemática, Matemática e suas Tecnologias",lc_existing
690addcb-a06c-5fa1-a4d0-0ea9499b9340,EF01MA06,high,Mathematics,"Espaços, Tempos, Quantidades, Relações e Transformações, Matemática, Matemática e suas Tecnologias",lc_existing
e1cb5730-1fdb-58cd-8a57-8e273e00dc9b,EF01MA08,high,Mathematics,"Espaços, Tempos, Quantidades, Relações e Transformações, Matemática, Matemática e suas Tecnologias",lc_existing
221f995d-4d50-5249-9b21-7851722ce8f5,EF04MA21,high,Mathematics,"Espaços, Tempos, Quantidades, Relações e Transformações, Matemática, Matemática e suas Tecnologias",lc_existing
2ef98390-ca2c-5e11-9573-b8cf62611e70,EF04MA21,high,Mathematics,"Espaços, Tempos, Quantidades, Relações e Transformações, Matemática, Matemática e suas Tecnologias",lc_existing
4f98fa49-2f8d-49d7-aa16-39cd684f185b,EF09CI09,high,Science,"Ciências, Ciências da Natureza e suas Tecnologias, Geografia",ai_generated
ceeebd92-5b3b-44fb-99cc-062de432cccc,EM13CNT107,medium,Science,"Ciências, Ciências da Natureza e suas Tecnologias, Geografia",ai_generated
506e7866-9877-4ad3-9ce6-a89befcef13e,EM13CNT107,medium,Science,"Ciências, Ciências da Natureza e suas Tecnologias, Geografia",ai_generated
b8769ad1-58af-43de-bb14-e8c5a860e12a,EF02CI05,high,Science,"Ciências, Ciências da Natureza e suas Tecnologias, Geografia",ai_generated
9947fb5d-d303-414a-b7f3-ec038351827f,EF02CI05,high,Science,"Ciências, Ciências da Natureza e suas Tecnologias, Geografia",ai_generated
680a33b5-7f42-4ae0-888d-a715219d95b6,EM13CNT301,medium,Science,"Ciências, Ciências da Natureza e suas Tecnologias, Geografia",ai_generated
7d2d437e-2201-4de5-9b90-82b840aa9f32,EF05CI02,medium,Science,"Ciências, Ciências da Natureza e suas Tecnologias, Geografia",ai_generated
5bdcd943-347f-4bc8-9a1d-df33547bb933,EF03CI04,medium,Science,"Ciências, Ciências da Natureza e suas Tecnologias, Geografia",ai_generated
167b4da6-4dbd-473a-950e-ad9df94907ad,EF02CI05,medium,Science,"Ciências, Ciências da Natureza e suas Tecnologias, Geografia",ai_generated
aabb5493-6759-4fd4-b82b-3f3b00fbb58e,EF02CI05,medium,Science,"Ciências, Ciências da Natureza e suas Tecnologias, Geografia",ai_generated
02c9c5e9-28d3-4761-9578-3e11fa100345,EF02CI05,medium,Science,"Ciências, Ciências da Natureza e suas Tecnologias, Geografia",ai_generated
2d1881d2-a327-4dda-b910-66b8e2aeebb0,EF08CI05,medium,Science,"Ciências, Ciências da Natureza e suas Tecnologias, Geografia",ai_generated
48f9e1f7-8fb6-4cfd-a3ff-1224c9607c02,EF07GE06,medium,Science,"Ciências, Ciências da Natureza e suas Tecnologias, Geografia",ai_generated
85239981-23ec-43dc-8808-90d94ed6ebe3,EF08CI14,high,Science,"Ciências, Ciências da Natureza e suas Tecnologias, Geografia",ai_generated
44c52738-bf45-4243-9147-8688087327af,EF08CI14,high,Science,"Ciências, Ciências da Natureza e suas Tecnologias, Geografia",ai_generated
8f02fbdb-5859-4c8e-93a3-804cedb11def,EF05CI01,medium,Science,"Ciências, Ciências da Natureza e suas Tecnologias, Geografia",ai_generated
d524894a-8dc7-4370-bc87-eeb7a04d78f8,EM13CNT202,medium,Science,"Ciências, Ciências da Natureza e suas Tecnologias, Geografia",ai_generated
836c5c42-18a4-4bd7-a12f-6ef31ddb36f8,EM13CNT301,medium,Science,"Ciências, Ciências da Natureza e suas Tecnologias, Geografia",ai_generated
074951b8-cd4a-45a0-aa85-611061d3bc0d,EF03CI04,medium,Science,"Ciências, Ciências da Natureza e suas Tecnologias, Geografia",ai_generated
22f07205-8c66-4a14-9f2a-2089f5823f66,EM13CNT203,medium,Science,"Ciências, Ciências da Natureza e suas Tecnologias, Geografia",ai_generated
ed3e00cd-23af-4daf-8831-39f12ed21543,EF08CI01,medium,Science,"Ciências, Ciências da Natureza e suas Tecnologias, Geografia",ai_generated
70a27a68-fe72-40c8-b3da-661e83f0580c,EF09CI11,high,Science,"Ciências, Ciências da Natureza e suas Tecnologias, Geografia",ai_generated
4b32423f-0463-4e96-942b-3685a7a18fa0,EF09CI11,high,Science,"Ciências, Ciências da Natureza e suas Tecnologias, Geografia",ai_generated
e546ea41-0a95-4aef-a1e8-0f1524c82e8f,EF06CI09,medium,Science,"Ciências, Ciências da Natureza e suas Tecnologias, Geografia",ai_generated
55a8158b-af18-4a74-b0f0-6030d12b6aaa,EM13CNT301,high,Science,"Ciências, Ciências da Natureza e suas Tecnologias, Geografia",ai_generated
b4a8b267-2234-4ce7-a291-d54a3677f20b,EF06CI08,high,Science,"Ciências, Ciências da Natureza e suas Tecnologias, Geografia",ai_generated
4e6e85b5-0f1d-4339-a62e-3c263fbab0ce,EF07CI01,medium,Science,"Ciências, Ciências da Natureza e suas Tecnologias, Geografia",ai_generated
877bf760-cd0b-4cea-81e2-85811a40aca5,EF07CI01,medium,Science,"Ciências, Ciências da Natureza e suas Tecnologias, Geografia",ai_generated
64d78494-17be-405c-b941-35e3b8bbaa09,EM13CNT205,medium,Science,"Ciências, Ciências da Natureza e suas Tecnologias, Geografia",ai_generated
b3bdccd8-babd-4d78-984d-651d77783947,EF09CI13,medium,Science,"Ciências, Ciências da Natureza e suas Tecnologias, Geografia",ai_generated
1fd108d2-a998-4d9c-860b-4510ef0746b2,EF09CI14,high,Science,"Ciências, Ciências da Natureza e suas Tecnologias, Geografia",ai_generated
0c0a3c2c-d708-4f52-b975-c499a801337e,EF09CI14,high,Science,"Ciências, Ciências da Natureza e suas Tecnologias, Geografia",ai_generated
7e1a88f3-8ccd-4d6c-9017-93ccc7297c05,EF07CI04,medium,Science,"Ciências, Ciências da Natureza e suas Tecnologias, Geografia",ai_generated
69b84a7a-d84b-47ec-81c1-d4e9edf287be,EF07CI04,medium,Science,"Ciências, Ciências da Natureza e suas Tecnologias, Geografia",ai_generated
a9b3b1d9-50bc-4904-9819-67ae59db4ae6,EF09CI10,high,Science,"Ciências, Ciências da Natureza e suas Tecnologias, Geografia",ai_generated
82b35972-ac0b-4160-99a8-1ef1f823f7c8,EM13CNT303,medium,Science,"Ciências, Ciências da Natureza e suas Tecnologias, Geografia",ai_generated
6bddbab7-7bd0-4b9a-87ba-8f5e2e404d0c,EM13CNT310,medium,Science,"Ciências, Ciências da Natureza e suas Tecnologias, Geografia",ai_generated
eea8017f-2767-44b4-ba8a-a40b8c1c4993,EM13CNT310,medium,Science,"Ciências, Ciências da Natureza e suas Tecnologias, Geografia",ai_generated
574d53f3-2062-472c-a15d-73b7640f52dc,EM13CNT203,high,Science,"Ciências, Ciências da Natureza e suas Tecnologias, Geografia",ai_generated
70b1fe89-f2db-4f52-a7e1-2be22d1af1bb,EM13CNT206,medium,Science,"Ciências, Ciências da Natureza e suas Tecnologias, Geografia",ai_generated
a89278f0-257b-41cc-8b7e-ea6cdbde8c5a,EM13CNT301,high,Science,"Ciências, Ciências da Natureza e suas Tecnologias, Geografia",ai_generated
3b349970-d780-48db-93ab-c8ce950a123e,EM13CNT307,medium,Science,"Ciências, Ciências da Natureza e suas Tecnologias, Geografia",ai_generated
5faae0ac-98d7-4560-b109-860d4105dfe5,EM13CNT209,high,Science,"Ciências, Ciências da Natureza e suas Tecnologias, Geografia",ai_generated
7cefc171-1d60-408a-a437-5bc9c79b9679,EM13CNT306,medium,Science,"Ciências, Ciências da Natureza e suas Tecnologias, Geografia",ai_generated
32dd016a-8b7f-4939-bf5c-6c76e603f300,EF02CI08,medium,Science,"Ciências, Ciências da Natureza e suas Tecnologias, Geografia",ai_generated
1a410d78-1f22-4979-82a9-148a30175e3d,EF02CI08,medium,Science,"Ciências, Ciências da Natureza e suas Tecnologias, Geografia",ai_generated
aa78c38c-91ff-441d-bc2f-92c4b5240792,EF01CI01,medium,Science,"Ciências, Ciências da Natureza e suas Tecnologias, Geografia",ai_generated
b05b597e-d36a-43b3-96f0-1d1a628d3690,EF02CI08,medium,Science,"Ciências, Ciências da Natureza e suas Tecnologias, Geografia",ai_generated
cb4fb646-8087-4829-b43e-a6ad44164403,EM13CNT205,medium,Science,"Ciências, Ciências da Natureza e suas Tecnologias, Geografia",ai_generated
099e269c-1685-4a28-b646-60cab710c121,EF03CI04,medium,Science,"Ciências, Ciências da Natureza e suas Tecnologias, Geografia",ai_generated
af4b12da-86d9-4029-bd67-d98a6a23af10,EF03GE05,medium,Science,"Ciências, Ciências da Natureza e suas Tecnologias, Geografia",ai_generated
aa6e2545-3c01-46d7-bce0-f9f5006ec5b1,EF03GE05,medium,Science,"Ciências, Ciências da Natureza e suas Tecnologias, Geografia",ai_generated
367067f4-8280-46d7-97e7-2a65b70c4311,EM13CNT202,medium,Science,"Ciências, Ciências da Natureza e suas Tecnologias, Geografia",ai_generated
d9517347-7af3-4bf9-9b91-d4c460fc4b75,EF09CI09,high,Science,"Ciências, Ciências da Natureza e suas Tecnologias, Geografia",ai_generated
964d14dc-7f37-48d4-8022-c6fc2f44084f,EF09CI09,high,Science,"Ciências, Ciências da Natureza e suas Tecnologias, Geografia",ai_generated
b7200282-fbcd-44be-a18e-bbcabf90a3ae,EF04CI05,high,Science,"Ciências, Ciências da Natureza e suas Tecnologias, Geografia",ai_generated
16990578-c68a-4220-a513-4e07fc6b0d8d,EF09GE18,medium,Science,"Ciências, Ciências da Natureza e suas Tecnologias, Geografia",ai_generated
7c7ea838-47da-41aa-b67e-da81881b77e5,EF09GE18,medium,Science,"Ciências, Ciências da Natureza e suas Tecnologias, Geografia",ai_generated
c76c35af-bf46-4465-ab77-7aa1fe98f2e9,EF09CI13,high,Science,"Ciências, Ciências da Natureza e suas Tecnologias, Geografia",ai_generated
b50c5d04-8e77-4565-9ea6-0c474dbcba05,EF06CI14,high,Science,"Ciências, Ciências da Natureza e suas Tecnologias, Geografia",ai_generated
7e9a7e0b-783d-4b7f-b35e-e5a9d376784e,EF08CI12,high,Science,"Ciências, Ciências da Natureza e suas Tecnologias, Geografia",ai_generated
caa05af0-b549-455b-9f50-66df718234b0,EF05CI11,high,Science,"Ciências, Ciências da Natureza e suas Tecnologias, Geografia",ai_generated
348d2a96-911f-4449-ac84-bd360c692ed6,EF08CI14,high,Science,"Ciências, Ciências da Natureza e suas Tecnologias, Geografia",ai_generated
52bf24e0-98ec-4d86-b105-661fcfaba83d,EF06CI08,high,Science,"Ciências, Ciências da Natureza e suas Tecnologias, Geografia",ai_generated
31249c4d-c1e4-4b05-a14d-d5b5633efed6,EF07CI02,high,Science,"Ciências, Ciências da Natureza e suas Tecnologias, Geografia",ai_generated
1da7f69f-48d5-4e45-a2b6-5c92e7e98556,EF05CI12,high,Science,"Ciências, Ciências da Natureza e suas Tecnologias, Geografia",ai_generated
9441a55e-dfbf-4324-8b79-ca03e0d126f7,EF05CI10,high,Science,"Ciências, Ciências da Natureza e suas Tecnologias, Geografia",ai_generated
d1e004fc-1ca9-4441-b23e-9cde1a8b5ba3,EF05CI12,high,Science,"Ciências, Ciências da Natureza e suas Tecnologias, Geografia",ai_generated
83d4f0cf-06c0-4406-8bdf-fdbcc0ac08d3,EM13CNT203,high,Science,"Ciências, Ciências da Natureza e suas Tecnologias, Geografia",ai_generated
3c648f44-ea50-4f6c-b97c-6f3a8fb572ea,EF05CI11,high,Science,"Ciências, Ciências da Natureza e suas Tecnologias, Geografia",ai_generated
6faa49e5-6638-44a3-affe-ec78c60361b0,EF07GE10,medium,Science,"Ciências, Ciências da Natureza e suas Tecnologias, Geografia",ai_generated
a9240e3d-9d87-4915-9411-d35874f737e4,EF09GE14,medium,Science,"Ciências, Ciências da Natureza e suas Tecnologias, Geografia",ai_generated
48aeca66-c3b2-4ba4-8b92-cc322e77f859,EM13CNT105,high,Science,"Ciências, Ciências da Natureza e suas Tecnologias, Geografia",ai_generated
9b3e41a2-0349-48a7-a353-c52018c502b8,EF09CI02,high,Science,"Ciências, Ciências da Natureza e suas Tecnologias, Geografia",ai_generated
9990ed6b-853e-47c8-90c7-b8c4a5e2d87a,EM13CNT309,medium,Science,"Ciências, Ciências da Natureza e suas Tecnologias, Geografia",ai_generated
6a5a712a-56e6-4037-997b-5501205a4ab7,EM13CNT309,medium,Science,"Ciências, Ciências da Natureza e suas Tecnologias, Geografia",ai_generated
ae0df23a-85bd-464c-a95a-d50276610c4c,EM13CNT309,high,Science,"Ciências, Ciências da Natureza e suas Tecnologias, Geografia",ai_generated
59f4e1a5-5b58-43bf-ab4a-17d826160776,EM13CNT203,high,Science,"Ciências, Ciências da Natureza e suas Tecnologias, Geografia",ai_generated
6d5c1a7d-4a36-4eb6-ae0c-91ddceb708ae,EF06CI07,medium,Science,"Ciências, Ciências da Natureza e suas Tecnologias, Geografia",ai_generated
702976b3-d815-4c67-9cde-9a1308e86042,EF09CI08,medium,Science,"Ciências, Ciências da Natureza e suas Tecnologias, Geografia",ai_generated
a4f341ff-7cc9-47d3-aaad-b6265ec143f7,EF07CI16,high,Science,"Ciências, Ciências da Natureza e suas Tecnologias, Geografia",ai_generated
91bf9d18-bc3c-46c2-b74b-8143a519f42f,EF07CI15,high,Science,"Ciências, Ciências da Natureza e suas Tecnologias, Geografia",ai_generated
35adbf5e-13d6-473e-8409-36312e2b4113,EF07CI15,medium,Science,"Ciências, Ciências da Natureza e suas Tecnologias, Geografia",ai_generated
707dd692-a41f-426b-8402-6b13d98f20da,EF06CI08,medium,Science,"Ciências, Ciências da Natureza e suas Tecnologias, Geografia",ai_generated
4af1d920-c963-454b-a616-f814f62da5e0,EF06CI08,medium,Science,"Ciências, Ciências da Natureza e suas Tecnologias, Geografia",ai_generated
dd9eb231-417b-4317-a976-56bddd2159b3,EF09CI14,high,Science,"Ciências, Ciências da Natureza e suas Tecnologias, Geografia",ai_generated
d6b970f9-3828-4329-bdf6-f6373df09d3e,EM13CNT307,high,Science,"Ciências, Ciências da Natureza e suas Tecnologias, Geografia",ai_generated
b0224575-ec05-4646-8d58-9b6ad2979323,EM13CNT202,medium,Science,"Ciências, Ciências da Natureza e suas Tecnologias, Geografia",ai_generated
5fa3ef48-2d07-49a7-817e-96eaf5328c5f,EF06CI02,high,Science,"Ciências, Ciências da Natureza e suas Tecnologias, Geografia",ai_generated
9ccb197d-8ea9-4a80-ac43-efcefa6021bb,EM13CNT205,medium,Science,"Ciências, Ciências da Natureza e suas Tecnologias, Geografia",ai_generated
7b8dd515-732d-405f-ae0f-6cd899449225,EM13CNT103,medium,Science,"Ciências, Ciências da Natureza e suas Tecnologias, Geografia",ai_generated
970d546c-18df-45c3-ae86-424d4f68747a,EF07CI01,low,Science,"Ciências, Ciências da Natureza e suas Tecnologias, Geografia",ai_generated
67b40ec3-86ec-44f9-95dd-918d6097119a,EF08CI12,high,Science,"Ciências, Ciências da Natureza e suas Tecnologias, Geografia",ai_generated
750357ba-d2ee-496b-a0a2-1197c1964ff2,EF08CI13,high,Science,"Ciências, Ciências da Natureza e suas Tecnologias, Geografia",ai_generated
eac59391-53fd-44e5-991a-8e327ffef5a1,EF08CI13,high,Science,"Ciências, Ciências da Natureza e suas Tecnologias, Geografia",ai_generated
6b79e326-8164-4241-ac84-dc50c9cd7ebc,EF06CI02,high,Science,"Ciências, Ciências da Natureza e suas Tecnologias, Geografia",ai_generated
a5ac60e7-f2a4-47d4-8bc6-65c953f03115,EF06CI02,high,Science,"Ciências, Ciências da Natureza e suas Tecnologias, Geografia",ai_generated
7dcc666d-eb07-4349-a4de-2622c418d2b7,EM13CNT205,medium,Science,"Ciências, Ciências da Natureza e suas Tecnologias, Geografia",ai_generated
b1555895-b7bf-4054-9711-234b2095e4f8,EM13CNT303,medium,Science,"Ciências, Ciências da Natureza e suas Tecnologias, Geografia",ai_generated
4a08dd9a-e8fa-4fa5-b540-153622a10070,EF05CI02,high,Science,"Ciências, Ciências da Natureza e suas Tecnologias, Geografia",ai_generated
d37674d2-461e-40d3-97cf-be257b1940fe,EM13CNT302,low,Science,"Ciências, Ciências da Natureza e suas Tecnologias, Geografia",ai_generated
a7f6dd53-3364-43cf-b910-3d2ec938c1bc,EM13CNT307,medium,Science,"Ciências, Ciências da Natureza e suas Tecnologias, Geografia",ai_generated
e8301adf-bbf0-4013-9213-6b8e4336091f,EM13CNT101,medium,Science,"Ciências, Ciências da Natureza e suas Tecnologias, Geografia",ai_generated
29b2ad65-0006-4780-8078-96a12409af14,EM13CNT301,medium,Science,"Ciências, Ciências da Natureza e suas Tecnologias, Geografia",ai_generated
07696345-5f97-44d9-98fb-10fb36dea80e,EF08CI01,high,Science,"Ciências, Ciências da Natureza e suas Tecnologias, Geografia",ai_generated
38d9172f-c69c-4507-b843-e411e69c4839,EF08CI06,high,Science,"Ciências, Ciências da Natureza e suas Tecnologias, Geografia",ai_generated
2fd5359a-947c-404c-80e4-2112f56869d0,EM13CNT309,medium,Science,"Ciências, Ciências da Natureza e suas Tecnologias, Geografia",ai_generated
25d8e04d-792b-42e1-bfc5-147e1eed7563,EF09CI10,medium,Science,"Ciências, Ciências da Natureza e suas Tecnologias, Geografia",ai_generated
fbdd1bb0-bdc6-4fd8-9d08-d730dcdbc0ac,EF09CI14,high,Science,"Ciências, Ciências da Natureza e suas Tecnologias, Geografia",ai_generated
a379a8ba-e096-4920-900c-30ec68ae5947,EM13CNT201,medium,Science,"Ciências, Ciências da Natureza e suas Tecnologias, Geografia",ai_generated
2ca5a31e-22b9-4d6d-9582-62644035a845,EF08CI15,high,Science,"Ciências, Ciências da Natureza e suas Tecnologias, Geografia",ai_generated
1cbb6135-8451-4ff9-9a80-857b9333b8e3,EF08CI15,high,Science,"Ciências, Ciências da Natureza e suas Tecnologias, Geografia",ai_generated
d17fbecf-6ce1-47fa-a026-69a568ef2e53,EF03CI01,high,Science,"Ciências, Ciências da Natureza e suas Tecnologias, Geografia",ai_generated
cd8adaa4-8c37-4bdf-af5d-d0daa339f80d,EF03CI01,high,Science,"Ciências, Ciências da Natureza e suas Tecnologias, Geografia",ai_generated
68fbedd2-f8de-49f1-8470-f513fecf7302,EF03CI01,high,Science,"Ciências, Ciências da Natureza e suas Tecnologias, Geografia",ai_generated
eb27e2fa-c226-4c2d-9ea0-80ca526261f2,EF07CI02,medium,Science,"Ciências, Ciências da Natureza e suas Tecnologias, Geografia",ai_generated
80ba7fe3-4f6a-4cec-8ed2-e5dd12c6ac6c,EF08CI13,medium,Science,"Ciências, Ciências da Natureza e suas Tecnologias, Geografia",ai_generated
c146c393-a324-4b09-977d-24e0bb7a4182,EF09CI14,medium,Science,"Ciências, Ciências da Natureza e suas Tecnologias, Geografia",ai_generated
638a3f2a-387b-4d1b-ab1f-70e61009f809,EF07CI03,medium,Science,"Ciências, Ciências da Natureza e suas Tecnologias, Geografia",ai_generated
241d17a3-8c76-4003-996a-10a7ae9a5473,EF07CI03,high,Science,"Ciências, Ciências da Natureza e suas Tecnologias, Geografia",ai_generated
9657ccb8-e033-47ad-bd6c-3fdbc264eb5d,EF07CI04,medium,Science,"Ciências, Ciências da Natureza e suas Tecnologias, Geografia",ai_generated
3ffa3c06-2a5d-4d4a-9c16-12466ab4dfe9,EF07CI04,medium,Science,"Ciências, Ciências da Natureza e suas Tecnologias, Geografia",ai_generated
881f4844-4552-42ee-8d55-718b24e5ed2a,EF06CI04,high,Science,"Ciências, Ciências da Natureza e suas Tecnologias, Geografia",ai_generated
6a2690d0-b155-4adf-aeeb-0dbea0779a68,EM13CNT307,high,Science,"Ciências, Ciências da Natureza e suas Tecnologias, Geografia",ai_generated
73406c56-90b1-40e4-aeeb-703ad9933f42,EF07CI16,medium,Science,"Ciências, Ciências da Natureza e suas Tecnologias, Geografia",ai_generated
feb29076-5e59-49bd-a605-08346e191d1f,EM13CNT306,medium,Science,"Ciências, Ciências da Natureza e suas Tecnologias, Geografia",ai_generated
65f8a2fe-960a-4627-90fa-9afce2a74a36,EF06CI06,high,Science,"Ciências, Ciências da Natureza e suas Tecnologias, Geografia",ai_generated
4d904003-d572-4e57-81b9-9f8841511f44,EM13CNT107,medium,Science,"Ciências, Ciências da Natureza e suas Tecnologias, Geografia",ai_generated
3a1186cb-62c8-4abd-96f8-46e24287d37a,EF08CI01,medium,Science,"Ciências, Ciências da Natureza e suas Tecnologias, Geografia",ai_generated
1a7863a3-ae00-4ccf-8097-693d907772a3,EM13CNT204,medium,Science,"Ciências, Ciências da Natureza e suas Tecnologias, Geografia",ai_generated
9fec9b8e-b987-4791-a302-8ef2e6e60a96,EM13CNT308,medium,Science,"Ciências, Ciências da Natureza e suas Tecnologias, Geografia",ai_generated
8a074a74-41cc-49f0-8f5d-0e6233c74b78,EF09CI13,medium,Science,"Ciências, Ciências da Natureza e suas Tecnologias, Geografia",ai_generated
3cd2f7d9-9047-4c83-b29a-80a4c3a0a7c8,EF07CI07,medium,Science,"Ciências, Ciências da Natureza e suas Tecnologias, Geografia",ai_generated
22607313-1f11-4be9-836c-9a9c37ff290c,EF08CI09,low,Science,"Ciências, Ciências da Natureza e suas Tecnologias, Geografia",ai_generated
5ad00dd4-eba3-4867-a057-f6f3864f9b74,EF06CI11,high,Science,"Ciências, Ciências da Natureza e suas Tecnologias, Geografia",ai_generated
1b608fa7-1cef-470a-93cf-4f9184e64cb0,EF03CI05,medium,Science,"Ciências, Ciências da Natureza e suas Tecnologias, Geografia",ai_generated
36af1dd0-e744-4c87-b2a0-1fdfc1aefd44,EF09CI02,high,Science,"Ciências, Ciências da Natureza e suas Tecnologias, Geografia",ai_generated
73e76725-4821-4e39-a3e2-2884470efefa,EF06CI08,medium,Science,"Ciências, Ciências da Natureza e suas Tecnologias, Geografia",ai_generated
02a9b741-49b1-40b6-8980-67186dfa2fd6,EF07CI07,high,Science,"Ciências, Ciências da Natureza e suas Tecnologias, Geografia",ai_generated
6e51da2b-3a73-4fdf-8711-322a2be980f4,EF09CI09,medium,Science,"Ciências, Ciências da Natureza e suas Tecnologias, Geografia",ai_generated
472a5acb-e8f5-42d7-8dc8-f36d6070c893,EF03CI04,medium,Science,"Ciências, Ciências da Natureza e suas Tecnologias, Geografia",ai_generated
cc967eb1-c8ca-456b-a509-258ffe09095b,EM13CNT101,medium,Science,"Ciências, Ciências da Natureza e suas Tecnologias, Geografia",ai_generated
1a529b73-9507-47d8-b3ad-2160935bb051,EM13CNT101,medium,Science,"Ciências, Ciências da Natureza e suas Tecnologias, Geografia",ai_generated
34f89d53-1de5-42d1-8a47-1d5b0beefbd4,EF09CI17,high,Science,"Ciências, Ciências da Natureza e suas Tecnologias, Geografia",ai_generated
7ec890fd-e100-4e8f-b7ff-d7ac3f3c963e,EM13CNT204,high,Science,"Ciências, Ciências da Natureza e suas Tecnologias, Geografia",ai_generated
4db0c5ae-9225-4bed-ad93-ab2773544e7a,EF03CI02,high,Science,"Ciências, Ciências da Natureza e suas Tecnologias, Geografia",ai_generated
cc49359f-4e0e-4eb4-9c11-60350f026569,EF03CI02,high,Science,"Ciências, Ciências da Natureza e suas Tecnologias, Geografia",ai_generated
da7da284-bca1-432b-8805-4accbf726694,EF09CI08,medium,Science,"Ciências, Ciências da Natureza e suas Tecnologias, Geografia",ai_generated
7f5b17af-1e80-48c4-85f2-347eb5c99986,EM13CNT303,medium,Science,"Ciências, Ciências da Natureza e suas Tecnologias, Geografia",ai_generated
3fc7e644-ddc8-447c-8e27-5c7e48a1373f,EM13CNT304,medium,Science,"Ciências, Ciências da Natureza e suas Tecnologias, Geografia",ai_generated
12b00dbe-3dfd-4947-ba39-0de60f34477c,EF06GE09,medium,Science,"Ciências, Ciências da Natureza e suas Tecnologias, Geografia",ai_generated
5c67207d-4827-4943-bb21-0d822ca7eed9,EF07CI03,high,Science,"Ciências, Ciências da Natureza e suas Tecnologias, Geografia",ai_generated
075548cc-1a68-4f44-8d31-8139ceaad7b2,EF07CI03,high,Science,"Ciências, Ciências da Natureza e suas Tecnologias, Geografia",ai_generated
7f1f62d1-c88b-4811-92cf-7338addab818,EF04CI03,high,Science,"Ciências, Ciências da Natureza e suas Tecnologias, Geografia",ai_generated
4b9dc790-075d-4053-99dc-ac29b8601213,EF04CI03,high,Science,"Ciências, Ciências da Natureza e suas Tecnologias, Geografia",ai_generated
981df21f-39c5-4e1c-a609-59da4517a23d,EM13CNT308,medium,Science,"Ciências, Ciências da Natureza e suas Tecnologias, Geografia",ai_generated
585b5a3f-bf75-4356-a8cd-5e9eeabe15fc,EM13CNT105,high,Science,"Ciências, Ciências da Natureza e suas Tecnologias, Geografia",ai_generated
d4401a2b-31b7-4919-bcf6-b7402345a6bc,EM13CNT309,high,Science,"Ciências, Ciências da Natureza e suas Tecnologias, Geografia",ai_generated
40910a99-5cd2-4e4e-aa5a-a941536b3ecb,EF09CI10,medium,Science,"Ciências, Ciências da Natureza e suas Tecnologias, Geografia",ai_generated
96064731-8d44-4010-b7ac-407d930a1277,EF06CI01,high,Science,"Ciências, Ciências da Natureza e suas Tecnologias, Geografia",ai_generated
8492cfeb-e72b-4d08-9760-7839bf0460cd,EF07CI08,medium,Science,"Ciências, Ciências da Natureza e suas Tecnologias, Geografia",ai_generated
74584f15-fc61-4ac9-bf16-814a8fd7c320,EM13CNT304,medium,Science,"Ciências, Ciências da Natureza e suas Tecnologias, Geografia",ai_generated
ee2f9407-02f0-4130-b6ed-895e17dfd9b5,EF06CI06,medium,Science,"Ciências, Ciências da Natureza e suas Tecnologias, Geografia",ai_generated
a5817f16-ac5d-4b15-8453-5531ba0db135,EF08CI06,high,Science,"Ciências, Ciências da Natureza e suas Tecnologias, Geografia",ai_generated
711591c1-84f4-4da2-bb77-055b74b8896f,EF08CI06,high,Science,"Ciências, Ciências da Natureza e suas Tecnologias, Geografia",ai_generated
41953fde-600c-48fb-b0ae-e54da8723004,EF08CI06,medium,Science,"Ciências, Ciências da Natureza e suas Tecnologias, Geografia",ai_generated
5e4edb51-a0b7-4f1f-a55f-cedea1da73a0,EF08CI06,medium,Science,"Ciências, Ciências da Natureza e suas Tecnologias, Geografia",ai_generated
4f483eba-063d-46b1-b260-fd1d70601d44,EF08CI12,high,Science,"Ciências, Ciências da Natureza e suas Tecnologias, Geografia",ai_generated
70873a87-c93d-49a9-b006-d8c55cac64cf,EF03CI04,medium,Science,"Ciências, Ciências da Natureza e suas Tecnologias, Geografia",ai_generated
b1870bc3-819f-48d6-a4f5-7642c7e0cd72,EM13CNT206,high,Science,"Ciências, Ciências da Natureza e suas Tecnologias, Geografia",ai_generated
c22e7cd0-30a8-4cbc-b88d-968c22004b36,EM13CNT106,medium,Science,"Ciências, Ciências da Natureza e suas Tecnologias, Geografia",ai_generated
5c0f3f26-309a-46ea-ad92-8ade5840032a,EM13CNT201,medium,Science,"Ciências, Ciências da Natureza e suas Tecnologias, Geografia",ai_generated
885c2c98-3a5c-43bc-97a5-629806241c7d,EF06CI05,high,Science,"Ciências, Ciências da Natureza e suas Tecnologias, Geografia",ai_generated
2f37c5c9-cc2f-4ff0-b5f4-71766911aae1,EF06CI09,medium,Science,"Ciências, Ciências da Natureza e suas Tecnologias, Geografia",ai_generated
5e6c6f97-eea8-4e6b-8810-e6c81a6d8bf9,EF07GE09,medium,Science,"Ciências, Ciências da Natureza e suas Tecnologias, Geografia",ai_generated
cab0e6d6-2174-4a1e-a82b-2b174cfecbd3,EM13CNT302,medium,Science,"Ciências, Ciências da Natureza e suas Tecnologias, Geografia",ai_generated
6340c370-54d6-46cf-8df9-ca1a3db4e31d,EM13CNT103,medium,Science,"Ciências, Ciências da Natureza e suas Tecnologias, Geografia",ai_generated
4f727d55-0a78-473f-b70c-843ce40324e1,EM13CNT103,high,Science,"Ciências, Ciências da Natureza e suas Tecnologias, Geografia",ai_generated
01b5842c-9d18-4ae7-8bb4-45d0b333b391,EF08CI12,high,Science,"Ciências, Ciências da Natureza e suas Tecnologias, Geografia",ai_generated
7aeb0508-87b7-42cc-b34a-f1a0d9e23d9f,EF06CI14,high,Science,"Ciências, Ciências da Natureza e suas Tecnologias, Geografia",ai_generated
47b9f2d5-0907-46b7-820f-0a2cf1c420b9,EF05CI10,medium,Science,"Ciências, Ciências da Natureza e suas Tecnologias, Geografia",ai_generated
41c570f7-36dd-47a8-9145-7785c43b783b,EF07CI13,high,Science,"Ciências, Ciências da Natureza e suas Tecnologias, Geografia",ai_generated
97470e3d-5a7b-4e9c-b010-990f4d1e6143,EM13CNT304,medium,Science,"Ciências, Ciências da Natureza e suas Tecnologias, Geografia",ai_generated
aa26faba-b2c0-4858-9424-f7541328b78f,EF06GE04,medium,Science,"Ciências, Ciências da Natureza e suas Tecnologias, Geografia",ai_generated
eb081360-48bb-4a24-b548-c46585bc07ff,EF06GE04,medium,Science,"Ciências, Ciências da Natureza e suas Tecnologias, Geografia",ai_generated
17f42d5a-00ef-427e-8983-2b92aced4946,EF06GE04,medium,Science,"Ciências, Ciências da Natureza e suas Tecnologias, Geografia",ai_generated
c41e8b55-eee8-43b6-92c1-f37cd46e1119,EF06CI02,high,Science,"Ciências, Ciências da Natureza e suas Tecnologias, Geografia",ai_generated
1d0fd776-90d2-4e1c-b6dc-83abb02604f5,EF07CI13,high,Science,"Ciências, Ciências da Natureza e suas Tecnologias, Geografia",ai_generated
2a2e32d5-4bcb-4d76-a2cd-3e3bcf60a833,EF09CI03,high,Science,"Ciências, Ciências da Natureza e suas Tecnologias, Geografia",ai_generated
6b7fe640-4641-4e97-8048-f1f88910cfe8,EF06CI04,medium,Science,"Ciências, Ciências da Natureza e suas Tecnologias, Geografia",ai_generated
0964d6b2-0f9c-435b-8117-38b944bff17d,EF09CI03,high,Science,"Ciências, Ciências da Natureza e suas Tecnologias, Geografia",ai_generated
0f8bc8f0-1484-4bfa-a7ad-b8e37b2fe538,EM13CNT302,high,Science,"Ciências, Ciências da Natureza e suas Tecnologias, Geografia",ai_generated
e434626b-6087-4a56-8f2c-ea29fe120cfc,EF06CI04,medium,Science,"Ciências, Ciências da Natureza e suas Tecnologias, Geografia",ai_generated
aa8c21f9-4f3f-4cc5-8513-935b2e67bac2,EF06CI14,medium,Science,"Ciências, Ciências da Natureza e suas Tecnologias, Geografia",ai_generated
06c80903-b434-45ff-805d-e4ffb3c49103,EF05CI12,medium,Science,"Ciências, Ciências da Natureza e suas Tecnologias, Geografia",ai_generated
ab2c5862-58dd-4773-9e62-ee37faa23c68,EF05CI12,medium,Science,"Ciências, Ciências da Natureza e suas Tecnologias, Geografia",ai_generated
fa9b8349-77fe-40e8-a1de-095c02c22f1a,EF04CI02,high,Science,"Ciências, Ciências da Natureza e suas Tecnologias, Geografia",ai_generated
aff52323-2802-490e-9a9c-60fc94523ef2,EF04CI03,high,Science,"Ciências, Ciências da Natureza e suas Tecnologias, Geografia",ai_generated
32346f7e-6632-48e2-b110-da8aa739a45e,EF04CI03,high,Science,"Ciências, Ciências da Natureza e suas Tecnologias, Geografia",ai_generated
309082b4-c630-47f5-b230-1adad2538036,EF03CI06,medium,Science,"Ciências, Ciências da Natureza e suas Tecnologias, Geografia",ai_generated
b4cbeeb2-c965-4623-9f65-7ec25c2d1652,EF03CI08,medium,Science,"Ciências, Ciências da Natureza e suas Tecnologias, Geografia",ai_generated
71d8046b-fde6-4b26-bf31-184b34e5f827,EF08CI13,high,Science,"Ciências, Ciências da Natureza e suas Tecnologias, Geografia",ai_generated
a7316343-5e6d-46c2-82e7-38a96322a4b9,EF05CI01,medium,Science,"Ciências, Ciências da Natureza e suas Tecnologias, Geografia",ai_generated
2582acbc-dfcc-434f-863f-a431d2659b42,EF07CI15,high,Science,"Ciências, Ciências da Natureza e suas Tecnologias, Geografia",ai_generated
2a9ae09b-32e4-483d-9464-006ae768cdf8,EF07CI13,high,Science,"Ciências, Ciências da Natureza e suas Tecnologias, Geografia",ai_generated
54136352-878d-4a03-a9e5-52963a9e7c12,EM13CNT206,high,Science,"Ciências, Ciências da Natureza e suas Tecnologias, Geografia",ai_generated
dcfb56b2-ed18-4d9b-934e-fadf1d3a6faf,EF08CI15,high,Science,"Ciências, Ciências da Natureza e suas Tecnologias, Geografia",ai_generated
af4843ed-693f-4773-b073-ad5bcc8d48ca,EM13CNT107,medium,Science,"Ciências, Ciências da Natureza e suas Tecnologias, Geografia",ai_generated
3387d861-1f6f-432d-92a8-69bfb5bd251e,EF09CI17,medium,Science,"Ciências, Ciências da Natureza e suas Tecnologias, Geografia",ai_generated
89193b4b-090f-47fb-b16a-0f3612f0c0bd,EM13CNT105,medium,Science,"Ciências, Ciências da Natureza e suas Tecnologias, Geografia",ai_generated
2afb33b7-78ba-4408-ba2c-b3941c410efa,EF09CI11,high,Science,"Ciências, Ciências da Natureza e suas Tecnologias, Geografia",ai_generated
bfb0c8b2-d0c0-47d6-9fac-3e0f69af6c8f,EF06CI05,high,Science,"Ciências, Ciências da Natureza e suas Tecnologias, Geografia",ai_generated
a0d06729-851a-49e0-a39c-bf0cbb08cd50,EF04CI02,medium,Science,"Ciências, Ciências da Natureza e suas Tecnologias, Geografia",ai_generated
f659f75b-96c0-4ded-bdc1-a391d6c20c1a,EF05CI06,high,Science,"Ciências, Ciências da Natureza e suas Tecnologias, Geografia",ai_generated
a8595026-89dd-4252-96aa-39fa61d0342a,EF09CI02,high,Science,"Ciências, Ciências da Natureza e suas Tecnologias, Geografia",ai_generated
1edf8654-4d7d-426b-9731-5b390ebb34fb,EF04CI05,high,Science,"Ciências, Ciências da Natureza e suas Tecnologias, Geografia",ai_generated
e994cd9c-5f18-4565-85e0-5673d708e8eb,EF04CI05,high,Science,"Ciências, Ciências da Natureza e suas Tecnologias, Geografia",ai_generated
9418e51f-9a77-4956-b7e7-e3b2a00c4e91,EF04CI04,high,Science,"Ciências, Ciências da Natureza e suas Tecnologias, Geografia",ai_generated
2edd4dad-8539-4703-bb9b-376b57807020,EF09GE14,medium,Science,"Ciências, Ciências da Natureza e suas Tecnologias, Geografia",ai_generated
83935d28-ba65-4f42-9c7a-19d385295dfb,EF09CI01,high,Science,"Ciências, Ciências da Natureza e suas Tecnologias, Geografia",ai_generated
e333eb7c-9b34-499e-b357-eacde3620254,EF06CI06,medium,Science,"Ciências, Ciências da Natureza e suas Tecnologias, Geografia",ai_generated
67199923-e346-4741-9d81-cca65afe2358,EM13CNT106,medium,Science,"Ciências, Ciências da Natureza e suas Tecnologias, Geografia",ai_generated
21a0449c-d17b-4375-bf6e-af12ab8b403a,EF03CI01,high,Science,"Ciências, Ciências da Natureza e suas Tecnologias, Geografia",ai_generated
51e9234e-212f-418b-a39b-a8b94e986bbc,EF03CI07,medium,Science,"Ciências, Ciências da Natureza e suas Tecnologias, Geografia",ai_generated
8a5bbdd0-83f4-4358-8ed0-4d77dfbcc837,EF08CI16,medium,Science,"Ciências, Ciências da Natureza e suas Tecnologias, Geografia",ai_generated
8e6a54b3-8366-4a19-9f4f-520ed5288eb8,EF08CI02,medium,Science,"Ciências, Ciências da Natureza e suas Tecnologias, Geografia",ai_generated
b552b09c-beff-446a-8292-f961663562af,EF06CI11,medium,Science,"Ciências, Ciências da Natureza e suas Tecnologias, Geografia",ai_generated
2ccd712b-fbfb-4212-b763-fd636301c8ff,EF07CI07,medium,Science,"Ciências, Ciências da Natureza e suas Tecnologias, Geografia",ai_generated
e3845f54-380b-4d05-89af-30f364e4f264,EF06CI05,high,Science,"Ciências, Ciências da Natureza e suas Tecnologias, Geografia",ai_generated
dbd59c8c-7acb-46b1-883d-ca8d0c3945ed,EF06CI05,high,Science,"Ciências, Ciências da Natureza e suas Tecnologias, Geografia",ai_generated
e72bc7cd-9e29-4cee-8422-f372ec997443,EF08CI07,high,Science,"Ciências, Ciências da Natureza e suas Tecnologias, Geografia",ai_generated
ead79125-7f64-428d-b1b0-f99709718d3e,EF08CI07,high,Science,"Ciências, Ciências da Natureza e suas Tecnologias, Geografia",ai_generated
da578aea-6dc4-48f7-9b53-f5140f019f61,EF06CI09,medium,Science,"Ciências, Ciências da Natureza e suas Tecnologias, Geografia",ai_generated
7fcf005d-cb36-45aa-be65-d24c70461be5,EF06CI09,medium,Science,"Ciências, Ciências da Natureza e suas Tecnologias, Geografia",ai_generated
c36dd46d-7d5e-4cf7-aefe-baea564c021d,EF05CI04,medium,Science,"Ciências, Ciências da Natureza e suas Tecnologias, Geografia",ai_generated
6d17eafe-ff5d-4707-8058-93c699b7d70a,EF05CI04,medium,Science,"Ciências, Ciências da Natureza e suas Tecnologias, Geografia",ai_generated
7e862f86-1ef2-40a1-a317-f27ec67447c3,EF06GE12,medium,Science,"Ciências, Ciências da Natureza e suas Tecnologias, Geografia",ai_generated
2d6206e0-9f88-405e-863c-8754fe5b993a,EF09CI05,high,Science,"Ciências, Ciências da Natureza e suas Tecnologias, Geografia",ai_generated
1f4b6908-f350-4376-a2af-00d186e10713,EF07CI03,medium,Science,"Ciências, Ciências da Natureza e suas Tecnologias, Geografia",ai_generated
7d224bcd-9db6-4996-a156-66e05b86bf3f,EF06CI11,medium,Science,"Ciências, Ciências da Natureza e suas Tecnologias, Geografia",ai_generated
273f6b80-f792-4584-a370-8650916570ed,EF09CI12,high,Science,"Ciências, Ciências da Natureza e suas Tecnologias, Geografia",ai_generated
25cb67ee-d4e1-4359-a340-cae88efa7f02,EF03GE09,medium,Science,"Ciências, Ciências da Natureza e suas Tecnologias, Geografia",ai_generated
2378570c-09bb-490f-aadb-085cf9a3019b,EF02CI08,high,Science,"Ciências, Ciências da Natureza e suas Tecnologias, Geografia",ai_generated
c201bf82-bb23-488f-b8fe-aee1d24faa6f,EF09CI11,high,Science,"Ciências, Ciências da Natureza e suas Tecnologias, Geografia",ai_generated
6155b79c-689b-414e-9480-ce2adf30ff1e,EF05CI01,medium,Science,"Ciências, Ciências da Natureza e suas Tecnologias, Geografia",ai_generated
e0dba48e-8049-4d24-96f4-cf396f0dbb51,EF02CI08,high,Science,"Ciências, Ciências da Natureza e suas Tecnologias, Geografia",ai_generated
54d4e0b1-2179-4c2a-b2eb-07727540876b,EF08CI12,high,Science,"Ciências, Ciências da Natureza e suas Tecnologias, Geografia",ai_generated
7702fc64-1e72-496b-95b9-66272eb5ad0b,EF09GE14,medium,Science,"Ciências, Ciências da Natureza e suas Tecnologias, Geografia",ai_generated
59accbc3-6361-49bf-90b0-cb4e1ce8c2fd,EM13CNT102,medium,Science,"Ciências, Ciências da Natureza e suas Tecnologias, Geografia",ai_generated
d719ce4f-6d5e-4b34-9c19-74523a02f9e3,EM13CNT102,medium,Science,"Ciências, Ciências da Natureza e suas Tecnologias, Geografia",ai_generated
1e426a5f-d9c7-4820-9242-07f120d2adf5,EM13CNT102,medium,Science,"Ciências, Ciências da Natureza e suas Tecnologias, Geografia",ai_generated
f8a3c098-f282-45d7-8d01-ef40c6bc7c83,EM13CNT102,medium,Science,"Ciências, Ciências da Natureza e suas Tecnologias, Geografia",ai_generated
7756b7c9-b75f-44c7-9290-04fd95e325a4,EM13CNT202,medium,Science,"Ciências, Ciências da Natureza e suas Tecnologias, Geografia",ai_generated
f22d3926-e241-48ed-aca8-ce3da69bc197,EM13CNT302,medium,Science,"Ciências, Ciências da Natureza e suas Tecnologias, Geografia",ai_generated
4d9e7f76-68b8-4901-975b-c6e78db41576,EF07CI04,medium,Science,"Ciências, Ciências da Natureza e suas Tecnologias, Geografia",ai_generated
0a42f90e-e4ac-4d59-ba1b-880a05be32d5,EM13CNT308,medium,Science,"Ciências, Ciências da Natureza e suas Tecnologias, Geografia",ai_generated
341fae10-1fae-48ac-b934-556d8203a6b9,EM13CNT205,medium,Science,"Ciências, Ciências da Natureza e suas Tecnologias, Geografia",ai_generated
ba4c832a-78d8-48d7-a117-3d414803269e,EF08CI01,medium,Science,"Ciências, Ciências da Natureza e suas Tecnologias, Geografia",ai_generated
ea95e25e-c4ff-4724-a202-c800e1ac631a,EM13CNT101,medium,Science,"Ciências, Ciências da Natureza e suas Tecnologias, Geografia",ai_generated
55504254-99e9-4565-9104-4168e6905b91,EF09CI02,high,Science,"Ciências, Ciências da Natureza e suas Tecnologias, Geografia",ai_generated
5353176c-8988-4113-ab77-b96e466d1e76,EM13CNT306,medium,Science,"Ciências, Ciências da Natureza e suas Tecnologias, Geografia",ai_generated
a228849e-03aa-4331-b4ab-a8a2443ceed0,EF06CI11,high,Science,"Ciências, Ciências da Natureza e suas Tecnologias, Geografia",ai_generated
f27ce80f-edd0-40eb-9150-2f3d3c1399ff,EF06CI11,high,Science,"Ciências, Ciências da Natureza e suas Tecnologias, Geografia",ai_generated
184e79d7-607d-46aa-8a4f-2345637a0b85,EM13CNT306,medium,Science,"Ciências, Ciências da Natureza e suas Tecnologias, Geografia",ai_generated
1cc7a20b-3914-46e5-b55d-808acfff5c17,EF05CI11,high,Science,"Ciências, Ciências da Natureza e suas Tecnologias, Geografia",ai_generated
d5c20254-2556-4a3c-b8bc-dd27157f398e,EF05CI12,high,Science,"Ciências, Ciências da Natureza e suas Tecnologias, Geografia",ai_generated
29566513-d42b-43c9-ab93-f3485a0b3085,EF05CI11,high,Science,"Ciências, Ciências da Natureza e suas Tecnologias, Geografia",ai_generated
81c23ed3-2d89-44a8-b235-9bd8a203ecd0,EF09CI10,medium,Science,"Ciências, Ciências da Natureza e suas Tecnologias, Geografia",ai_generated
45482ea8-efe9-42a1-a3f0-2797c5ec663f,EF08CI14,high,Science,"Ciências, Ciências da Natureza e suas Tecnologias, Geografia",ai_generated
8d88fb78-f6d8-4988-9739-d5652a38543d,EF07CI16,medium,Science,"Ciências, Ciências da Natureza e suas Tecnologias, Geografia",ai_generated
7f68d688-0244-4b50-8448-11f839f1d391,EF09CI11,high,Science,"Ciências, Ciências da Natureza e suas Tecnologias, Geografia",ai_generated
3ed3df5d-aea3-4a67-87f0-ede6d61909dd,EF07CI15,high,Science,"Ciências, Ciências da Natureza e suas Tecnologias, Geografia",ai_generated
3db52dc1-1a44-4620-9b5e-20b64d1e662b,EF05CI06,medium,Science,"Ciências, Ciências da Natureza e suas Tecnologias, Geografia",ai_generated
fdf25144-6a1f-4f29-b25f-c16eb92fc2db,EF05CI06,medium,Science,"Ciências, Ciências da Natureza e suas Tecnologias, Geografia",ai_generated
019df1c9-7046-4e62-9509-bf3d5b27ee6c,EF06CI07,medium,Science,"Ciências, Ciências da Natureza e suas Tecnologias, Geografia",ai_generated
2e832718-92d7-4b9d-af05-52ef476d1382,EF07CI02,high,Science,"Ciências, Ciências da Natureza e suas Tecnologias, Geografia",ai_generated
257c981e-5f12-4df9-9943-5c7c3761f40e,EF02CI06,medium,Science,"Ciências, Ciências da Natureza e suas Tecnologias, Geografia",ai_generated
75c35327-daef-4130-b700-2064550d30ed,EF06CI09,medium,Science,"Ciências, Ciências da Natureza e suas Tecnologias, Geografia",ai_generated
cd330afa-386f-4d07-bbc7-45b181f41736,EF05CI06,medium,Science,"Ciências, Ciências da Natureza e suas Tecnologias, Geografia",ai_generated
97366231-d916-4575-b142-7535afcbe3f5,EF08CI07,medium,Science,"Ciências, Ciências da Natureza e suas Tecnologias, Geografia",ai_generated
b3e5bbaa-2fa7-45fd-9771-0d38e40dab13,EF07CI15,medium,Science,"Ciências, Ciências da Natureza e suas Tecnologias, Geografia",ai_generated
632933d9-ba2d-4528-a761-eb5f1a28de1a,EF09CI09,medium,Science,"Ciências, Ciências da Natureza e suas Tecnologias, Geografia",ai_generated
294cd9bc-5bcc-4747-a05b-043d647da0b4,EM13CNT303,medium,Science,"Ciências, Ciências da Natureza e suas Tecnologias, Geografia",ai_generated
5da5c34f-8551-4d17-9b7d-b5bba048f102,EM13CNT201,medium,Science,"Ciências, Ciências da Natureza e suas Tecnologias, Geografia",ai_generated
74088d82-d1b3-4527-8c39-4e14f5dab3f5,EF09CI06,high,Science,"Ciências, Ciências da Natureza e suas Tecnologias, Geografia",ai_generated
5afa54d0-1c1b-4bbe-b737-352997b94259,EF03CI02,medium,Science,"Ciências, Ciências da Natureza e suas Tecnologias, Geografia",ai_generated
2680703f-a3b3-4be7-8104-19a0acac643a,EM13CNT209,high,Science,"Ciências, Ciências da Natureza e suas Tecnologias, Geografia",ai_generated
9d1bf993-004b-4cd7-a5c4-b64b49721081,EM13CNT209,high,Science,"Ciências, Ciências da Natureza e suas Tecnologias, Geografia",ai_generated
b5c87e60-fa9b-4574-9e08-b7feec2ca44f,EF09CI08,high,Science,"Ciências, Ciências da Natureza e suas Tecnologias, Geografia",ai_generated
9402fb7c-bbbe-42c9-be2b-e8ed1d68de10,EF09CI04,medium,Science,"Ciências, Ciências da Natureza e suas Tecnologias, Geografia",ai_generated
2e24d53b-7ca9-4173-bed7-d01040fb3475,EF09CI04,medium,Science,"Ciências, Ciências da Natureza e suas Tecnologias, Geografia",ai_generated
d91308e2-b2b0-470f-b192-c03a005c6748,EF09CI04,medium,Science,"Ciências, Ciências da Natureza e suas Tecnologias, Geografia",ai_generated
6dcbbd91-d370-44a5-8e21-1d851af1d342,EM13CNT203,medium,Science,"Ciências, Ciências da Natureza e suas Tecnologias, Geografia",ai_generated
87578190-634e-4eaf-9c54-4ab9a9016f71,EF09CI06,high,Science,"Ciências, Ciências da Natureza e suas Tecnologias, Geografia",ai_generated
9df428fd-fcb9-482b-b05d-5f91f2d0a2a2,EF09CI01,high,Science,"Ciências, Ciências da Natureza e suas Tecnologias, Geografia",ai_generated
7bab192e-0d74-408f-8727-2f1cf2f3dc11,EF06CI06,high,Science,"Ciências, Ciências da Natureza e suas Tecnologias, Geografia",ai_generated
0f8f4945-f7e7-4d98-88be-23319d5334d5,EM13CNT204,medium,Science,"Ciências, Ciências da Natureza e suas Tecnologias, Geografia",ai_generated
278ac97d-1acc-4136-8bde-988bded981da,EF06CI05,high,Science,"Ciências, Ciências da Natureza e suas Tecnologias, Geografia",ai_generated
25988c7e-2492-4470-afdc-e0b875f35bb4,EF06CI06,medium,Science,"Ciências, Ciências da Natureza e suas Tecnologias, Geografia",ai_generated
eb3d175e-07cc-4e66-9ff0-41cce6322f85,EF07CI13,medium,Science,"Ciências, Ciências da Natureza e suas Tecnologias, Geografia",ai_generated
e308a0ba-fd28-4a25-8443-50f6cadb74c6,EF07CI07,medium,Science,"Ciências, Ciências da Natureza e suas Tecnologias, Geografia",ai_generated
af5ebab1-8906-430c-a777-fb7b75c5893d,EM13CNT206,medium,Science,"Ciências, Ciências da Natureza e suas Tecnologias, Geografia",ai_generated
4b24dd8e-561c-4c50-9e79-19fd31b02edb,EM13CNT302,medium,Science,"Ciências, Ciências da Natureza e suas Tecnologias, Geografia",ai_generated
0e451673-532a-4902-8322-048ec1874fb1,EF07CI01,medium,Science,"Ciências, Ciências da Natureza e suas Tecnologias, Geografia",ai_generated
45fa2eb0-66f1-4444-bfe9-64ba4206442a,EF06CI12,high,Science,"Ciências, Ciências da Natureza e suas Tecnologias, Geografia",ai_generated
dfd2f8fa-aac4-4fe6-ba05-5bff2de438e5,EM13CNT201,medium,Science,"Ciências, Ciências da Natureza e suas Tecnologias, Geografia",ai_generated
e7ef50d3-0236-4f87-b57a-c67bf62a48fa,EM13CNT105,high,Science,"Ciências, Ciências da Natureza e suas Tecnologias, Geografia",ai_generated
3e2ac31a-e465-4db5-a869-cb0246871a5a,EF09CI01,high,Science,"Ciências, Ciências da Natureza e suas Tecnologias, Geografia",ai_generated
9f44fdd9-df47-4a6a-8a0f-2d1faf9c13e0,EF09CI05,medium,Science,"Ciências, Ciências da Natureza e suas Tecnologias, Geografia",ai_generated
8bdbb001-8403-4c5c-a9b1-7a2fff1a2693,EF07CI16,medium,Science,"Ciências, Ciências da Natureza e suas Tecnologias, Geografia",ai_generated
d61bad7e-37ce-44dc-97a8-c0d215003a7b,EF09CI06,medium,Science,"Ciências, Ciências da Natureza e suas Tecnologias, Geografia",ai_generated
b3bdadcd-f673-43ee-be5d-eb32b40ae8aa,EM13CNT106,medium,Science,"Ciências, Ciências da Natureza e suas Tecnologias, Geografia",ai_generated
fbcf8355-7fad-419d-9a5e-22010b7f939d,EF08CI07,high,Science,"Ciências, Ciências da Natureza e suas Tecnologias, Geografia",ai_generated
608bb337-d46a-42de-ae5a-37f415621175,EF06GE12,medium,Science,"Ciências, Ciências da Natureza e suas Tecnologias, Geografia",ai_generated
50db78f3-ab5f-4cc6-b615-d9ed92acc1cc,EM13CNT307,high,Science,"Ciências, Ciências da Natureza e suas Tecnologias, Geografia",ai_generated
8451eab3-b75a-4ad5-9349-1ddb5caaa9fc,EM13CNT106,high,Science,"Ciências, Ciências da Natureza e suas Tecnologias, Geografia",ai_generated
7e60e86f-6ec5-4e81-b65b-d8f3fcfcf2e6,EF08CI04,medium,Science,"Ciências, Ciências da Natureza e suas Tecnologias, Geografia",ai_generated
26a34678-c9fc-4c5f-86f3-33228616dc35,EF08CI04,medium,Science,"Ciências, Ciências da Natureza e suas Tecnologias, Geografia",ai_generated
94649c1e-5872-4c77-aa4f-489000b4b61e,EF08CI04,medium,Science,"Ciências, Ciências da Natureza e suas Tecnologias, Geografia",ai_generated
2bc6bb17-3c2f-4892-a64f-47dc010f77d7,EF04CI06,high,Science,"Ciências, Ciências da Natureza e suas Tecnologias, Geografia",ai_generated
46fdb330-300e-49a0-8f61-a7bf69a4be78,EF09CI02,medium,Science,"Ciências, Ciências da Natureza e suas Tecnologias, Geografia",ai_generated
47c47100-b96d-4bfc-a059-fdcd69b60b3f,EM13CNT102,high,Science,"Ciências, Ciências da Natureza e suas Tecnologias, Geografia",ai_generated
9f4962b3-6178-453c-a3b8-ae55a3c45e21,EM13CNT209,high,Science,"Ciências, Ciências da Natureza e suas Tecnologias, Geografia",ai_generated
d1c98e6c-6fe5-456d-a3e9-fcf55711a0d9,EF09CI03,high,Science,"Ciências, Ciências da Natureza e suas Tecnologias, Geografia",ai_generated
b2294e63-db27-4d6b-b5cf-fefbe1aeaef3,EM13CNT209,high,Science,"Ciências, Ciências da Natureza e suas Tecnologias, Geografia",ai_generated
e90edb22-22a0-4112-96b5-83ac13b90782,EF09CI13,medium,Science,"Ciências, Ciências da Natureza e suas Tecnologias, Geografia",ai_generated
e89db858-f3f0-410c-9d7d-37b2151f4ec8,EF05CI01,medium,Science,"Ciências, Ciências da Natureza e suas Tecnologias, Geografia",ai_generated
352fc3eb-2f03-4e7a-a52a-126bad6cbf38,EF05CI01,high,Science,"Ciências, Ciências da Natureza e suas Tecnologias, Geografia",ai_generated
6e3deff1-2cc1-4de2-a31b-a244cf7fab3c,EF09CI13,medium,Science,"Ciências, Ciências da Natureza e suas Tecnologias, Geografia",ai_generated
9224f2a4-c723-47d9-a784-f2ec4e5bb8fd,EF06CI07,medium,Science,"Ciências, Ciências da Natureza e suas Tecnologias, Geografia",ai_generated
c716df7a-8d04-4846-be34-fc6209182eac,EF06CI07,medium,Science,"Ciências, Ciências da Natureza e suas Tecnologias, Geografia",ai_generated
09a8a47b-3358-4587-920a-d37c64b202fe,EF08CI15,high,Science,"Ciências, Ciências da Natureza e suas Tecnologias, Geografia",ai_generated
57bb0554-0824-4450-b56d-fde9a2360b54,EF07CI08,medium,Science,"Ciências, Ciências da Natureza e suas Tecnologias, Geografia",ai_generated
587e5f4a-6ac6-4cce-98bd-72fcb983bcb9,EF09CI12,high,Science,"Ciências, Ciências da Natureza e suas Tecnologias, Geografia",ai_generated
3e98a6dc-43f2-4c04-9f54-5e2ab6f455b8,EF06CI12,high,Science,"Ciências, Ciências da Natureza e suas Tecnologias, Geografia",ai_generated
61b8d05c-ec6a-45c5-9f56-6754c2733450,EF06CI12,medium,Science,"Ciências, Ciências da Natureza e suas Tecnologias, Geografia",ai_generated
976bb5ad-91c8-4ad2-b9ca-17ded9e0176a,EF06CI07,medium,Science,"Ciências, Ciências da Natureza e suas Tecnologias, Geografia",ai_generated
6b92adbc-c693-4e92-ad3a-996cfb19c9b1,EF09CI17,high,Science,"Ciências, Ciências da Natureza e suas Tecnologias, Geografia",ai_generated
2cee1ff5-6ece-43df-9805-0ccbcb3fe6e5,EM13CNT204,medium,Science,"Ciências, Ciências da Natureza e suas Tecnologias, Geografia",ai_generated
ed999866-6d94-4248-a3eb-93247a1c497e,EM13CNT304,medium,Science,"Ciências, Ciências da Natureza e suas Tecnologias, Geografia",ai_generated
20a5c587-6546-493b-8eb1-0913e34e288f,EF07GE06,high,Science,"Ciências, Ciências da Natureza e suas Tecnologias, Geografia",ai_generated
f0ba6d07-a0dc-4c9b-8740-64b7efd5b729,EF08CI16,high,Science,"Ciências, Ciências da Natureza e suas Tecnologias, Geografia",ai_generated
28f21d57-3365-4eb6-9c90-881ab29d94b8,EF04CI03,high,Science,"Ciências, Ciências da Natureza e suas Tecnologias, Geografia",ai_generated
69534ad4-15c1-4ef9-8af9-d7cc85ce9d32,EF04GE09,high,Science,"Ciências, Ciências da Natureza e suas Tecnologias, Geografia",ai_generated
7feff3cd-9d20-422b-bf1f-c66f97a5d003,EF04GE11,high,Science,"Ciências, Ciências da Natureza e suas Tecnologias, Geografia",ai_generated
be332bcd-a08d-40a5-8feb-e03fabb9500c,EF06GE09,medium,Science,"Ciências, Ciências da Natureza e suas Tecnologias, Geografia",ai_generated
970b3df2-b210-491f-aff4-04f352f4895f,EF02GE08,high,Science,"Ciências, Ciências da Natureza e suas Tecnologias, Geografia",ai_generated
e1b03869-98a8-486c-9146-57e592e8928b,EF07GE10,medium,Science,"Ciências, Ciências da Natureza e suas Tecnologias, Geografia",ai_generated
b29ce16a-56de-4d12-a4f8-8bc8d464bea9,EF09GE14,medium,Science,"Ciências, Ciências da Natureza e suas Tecnologias, Geografia",ai_generated
17478c4e-65f7-4652-a8a4-68ba75879740,EF05CI13,medium,Science,"Ciências, Ciências da Natureza e suas Tecnologias, Geografia",ai_generated
bf6c1781-c7fc-4599-88ae-b6927a76e18b,EF05CI13,medium,Science,"Ciências, Ciências da Natureza e suas Tecnologias, Geografia",ai_generated
f2e6f271-0d89-49a3-954d-dd48d3ce7aca,EF05CI13,medium,Science,"Ciências, Ciências da Natureza e suas Tecnologias, Geografia",ai_generated
2b8aa9c5-76e1-4335-b854-480ff0637fe7,EM13CNT201,medium,Science,"Ciências, Ciências da Natureza e suas Tecnologias, Geografia",ai_generated
9b7cc242-d2c4-4e75-b95d-88c66bc23b4d,EF09CI03,high,Science,"Ciências, Ciências da Natureza e suas Tecnologias, Geografia",ai_generated
110b9a2d-6a0c-417e-bcd6-59247c389c49,EF07CI02,high,Science,"Ciências, Ciências da Natureza e suas Tecnologias, Geografia",ai_generated
100c4de2-80aa-4b61-9541-215f17b85a58,EF09CI01,high,Science,"Ciências, Ciências da Natureza e suas Tecnologias, Geografia",ai_generated
a09133fe-8145-466f-9877-919a2a3bb617,EF05CI02,high,Science,"Ciências, Ciências da Natureza e suas Tecnologias, Geografia",ai_generated
f11fe499-a9b5-4c41-8cca-bb4f94c4e57d,EF05CI02,high,Science,"Ciências, Ciências da Natureza e suas Tecnologias, Geografia",ai_generated
fabafdda-e457-4b56-bcc1-cb9d08d5e75d,EF07CI07,medium,Science,"Ciências, Ciências da Natureza e suas Tecnologias, Geografia",ai_generated
26c99b3a-746a-436c-a79e-ae8ef61e30c4,EF09CI01,high,Science,"Ciências, Ciências da Natureza e suas Tecnologias, Geografia",ai_generated
d1168687-03df-458d-8c76-d9147ca8daeb,EM13CNT106,medium,Science,"Ciências, Ciências da Natureza e suas Tecnologias, Geografia",ai_generated
ac415859-12ec-46e3-864d-3fa2ad8b9fd4,EF09GE18,medium,Science,"Ciências, Ciências da Natureza e suas Tecnologias, Geografia",ai_generated
b5912550-7e49-4761-ba83-84c538e072ec,EF06GE12,medium,Science,"Ciências, Ciências da Natureza e suas Tecnologias, Geografia",ai_generated
46662692-7691-4782-831b-06401aa0e6fb,EF04CI04,high,Science,"Ciências, Ciências da Natureza e suas Tecnologias, Geografia",ai_generated
ee2b336f-6a1d-43a3-b302-30621c84759e,EF04CI06,high,Science,"Ciências, Ciências da Natureza e suas Tecnologias, Geografia",ai_generated
cec2d54f-2d59-482d-93b6-975fa0a10930,EF04CI05,high,Science,"Ciências, Ciências da Natureza e suas Tecnologias, Geografia",ai_generated
dd2df6e4-86c2-4b6a-abfd-ed50e76b660b,EM13CNT308,medium,Science,"Ciências, Ciências da Natureza e suas Tecnologias, Geografia",ai_generated
84f35877-2e2c-416a-a206-a6df898dca99,EM13CNT308,medium,Science,"Ciências, Ciências da Natureza e suas Tecnologias, Geografia",ai_generated
2a8904f6-3a59-4f9a-a816-3af10e77174b,EF08CI16,medium,Science,"Ciências, Ciências da Natureza e suas Tecnologias, Geografia",ai_generated
d53b1a01-f2ab-4d0f-9c77-7b52852c991e,EF08CI16,medium,Science,"Ciências, Ciências da Natureza e suas Tecnologias, Geografia",ai_generated
036ed0fa-2bf2-47d4-8305-b250528ca4a8,EF08CI07,high,Science,"Ciências, Ciências da Natureza e suas Tecnologias, Geografia",ai_generated
a44c8348-c4ad-4289-8a35-4dc69a2decd7,EF09CI17,high,Science,"Ciências, Ciências da Natureza e suas Tecnologias, Geografia",ai_generated
2b8638c7-e794-49dd-9564-abdb53a14528,EM13CNT306,medium,Science,"Ciências, Ciências da Natureza e suas Tecnologias, Geografia",ai_generated
dee292b5-1ce3-4282-a1fe-d93888c8ff53,EM13CNT105,high,Science,"Ciências, Ciências da Natureza e suas Tecnologias, Geografia",ai_generated
58dc481d-5c20-44c8-866d-d690155241b3,EF07CI02,medium,Science,"Ciências, Ciências da Natureza e suas Tecnologias, Geografia",ai_generated
10062c16-3479-46cc-b618-31e58bec2cb1,EF09CI08,medium,Science,"Ciências, Ciências da Natureza e suas Tecnologias, Geografia",ai_generated
cfd3a146-d1c1-4f8d-9f6b-5cdbcdec1afb,EM13CNT204,medium,Science,"Ciências, Ciências da Natureza e suas Tecnologias, Geografia",ai_generated
3d550583-f098-4475-8438-bdd1a85fab52,EM13CNT202,medium,Science,"Ciências, Ciências da Natureza e suas Tecnologias, Geografia",ai_generated
659c1e27-ba36-42d4-a252-5a93de406fcf,EF03CI01,medium,Science,"Ciências, Ciências da Natureza e suas Tecnologias, Geografia",ai_generated
f56b6fcf-563d-471c-8e6d-d8c2ce0d8777,EF09CI10,high,Science,"Ciências, Ciências da Natureza e suas Tecnologias, Geografia",ai_generated
45800bbd-8728-492d-9485-dec50e726080,EF09CI08,medium,Science,"Ciências, Ciências da Natureza e suas Tecnologias, Geografia",ai_generated
5d3f3d77-4a61-4920-8b4d-22893185667c,EF09CI15,high,Science,"Ciências, Ciências da Natureza e suas Tecnologias, Geografia",ai_generated
9474ec52-0cbe-4d20-9940-7f23afd75478,EF09CI15,high,Science,"Ciências, Ciências da Natureza e suas Tecnologias, Geografia",ai_generated
12ae019e-3b96-4df7-9e4d-2c2a46980880,EF09CI15,medium,Science,"Ciências, Ciências da Natureza e suas Tecnologias, Geografia",ai_generated
fb9d42df-6c70-4519-8166-581129dd4b5a,EF03CI06,high,Science,"Ciências, Ciências da Natureza e suas Tecnologias, Geografia",ai_generated
43f36a5e-fd86-4c4d-af3f-71854e416a0b,EF03CI06,high,Science,"Ciências, Ciências da Natureza e suas Tecnologias, Geografia",ai_generated
43e591dc-a823-430b-a0d1-5afb9ca21023,EF02CI06,high,Science,"Ciências, Ciências da Natureza e suas Tecnologias, Geografia",ai_generated
88e87416-ac7b-4a48-aa17-93b2e976a585,EF04CI04,high,Science,"Ciências, Ciências da Natureza e suas Tecnologias, Geografia",ai_generated
30f1faed-1093-40cb-93f3-cd5b6cd6a433,EF09GE14,low,Science,"Ciências, Ciências da Natureza e suas Tecnologias, Geografia",ai_generated
36f264cd-8588-4817-b18b-26bda7e0b992,EF06GE09,medium,Science,"Ciências, Ciências da Natureza e suas Tecnologias, Geografia",ai_generated
2bed6db7-519a-4351-ac7a-bf274df6f5b5,EF06GE09,medium,Science,"Ciências, Ciências da Natureza e suas Tecnologias, Geografia",ai_generated
6c6fa737-7d00-4ca3-bfc1-cb9972445e55,EF09CI06,medium,Science,"Ciências, Ciências da Natureza e suas Tecnologias, Geografia",ai_generated
d32db64a-ca7f-434a-8091-e7474b03611b,EF07CI13,high,Science,"Ciências, Ciências da Natureza e suas Tecnologias, Geografia",ai_generated
326e7b5b-550c-4c03-b69d-84d3daddb9cb,EF09CI17,high,Science,"Ciências, Ciências da Natureza e suas Tecnologias, Geografia",ai_generated
68fe36e9-23a4-4c29-817f-f5ec268923de,EF07CI08,medium,Science,"Ciências, Ciências da Natureza e suas Tecnologias, Geografia",ai_generated
7de0e5ec-abb6-4886-bf5b-62ad4e9c0dcf,EF07CI08,medium,Science,"Ciências, Ciências da Natureza e suas Tecnologias, Geografia",ai_generated
a0a97787-09c1-4a23-a108-e09e02e3ccf2,EM13CNT101,medium,Science,"Ciências, Ciências da Natureza e suas Tecnologias, Geografia",ai_generated
950ff4d3-f129-4b4e-ae4b-aa9b2451eb9a,EF06CI02,high,Science,"Ciências, Ciências da Natureza e suas Tecnologias, Geografia",ai_generated
cee90f1b-eb00-4648-bfb5-f21d497f81ee,EF04CI05,high,Science,"Ciências, Ciências da Natureza e suas Tecnologias, Geografia",ai_generated
bf860c55-1f44-4c43-b318-2f64357b0448,EF08CI14,medium,Science,"Ciências, Ciências da Natureza e suas Tecnologias, Geografia",ai_generated
6fdd6c83-bf82-4d73-8f10-d5378df77044,EF09CI03,high,Science,"Ciências, Ciências da Natureza e suas Tecnologias, Geografia",ai_generated
ec84db1a-05fe-42d5-a759-cf610edf4a68,EF08CI01,medium,Science,"Ciências, Ciências da Natureza e suas Tecnologias, Geografia",ai_generated
afc35ff9-e86f-4137-9411-402662c9a237,EF06CI12,high,Science,"Ciências, Ciências da Natureza e suas Tecnologias, Geografia",ai_generated
0cddd208-ddca-4792-9724-a702b91c4cac,EM13CNT304,medium,Science,"Ciências, Ciências da Natureza e suas Tecnologias, Geografia",ai_generated
38fc3079-3e2e-4f49-88ca-827dc91c4653,EM13CNT303,medium,Science,"Ciências, Ciências da Natureza e suas Tecnologias, Geografia",ai_generated
ccc6d356-fc96-403b-89ce-1e2366e97a96,EF05CI06,medium,Science,"Ciências, Ciências da Natureza e suas Tecnologias, Geografia",ai_generated
3f1c6702-3530-48f4-9565-fcb8da6466c7,EF06CI12,medium,Science,"Ciências, Ciências da Natureza e suas Tecnologias, Geografia",ai_generated
b37207d5-88df-4f9d-8dd2-19d184429569,EF07CI16,medium,Science,"Ciências, Ciências da Natureza e suas Tecnologias, Geografia",ai_generated
36d7d10b-183a-44e5-a2ce-0dc3cbe99369,EM13CNT206,medium,Science,"Ciências, Ciências da Natureza e suas Tecnologias, Geografia",ai_generated
6b42de3c-eac8-4f8b-81df-fa4956a7a247,EF06GE05,medium,Science,"Ciências, Ciências da Natureza e suas Tecnologias, Geografia",ai_generated
57a761fa-9a5c-467a-9ad0-615544088c53,EF08CI15,high,Science,"Ciências, Ciências da Natureza e suas Tecnologias, Geografia",ai_generated
19e8cf3c-9b9d-4282-beba-4b40138b13c6,EF09CI06,high,Science,"Ciências, Ciências da Natureza e suas Tecnologias, Geografia",ai_generated
f96d4912-a055-4461-8126-7be77df05fa3,EF06MA34,low,Science,"Ciências, Ciências da Natureza e suas Tecnologias, Geografia",ai_generated
b5571b1c-aa36-42b3-824e-84ec758a6ac4,EF06MA34,low,Science,"Ciências, Ciências da Natureza e suas Tecnologias, Geografia",ai_generated
d07f3e12-d88d-4c21-81f0-f160c5b4d41c,EF06MA34,low,Science,"Ciências, Ciências da Natureza e suas Tecnologias, Geografia",ai_generated
b26b5475-b466-421f-8877-85eea009ea33,EI01ET02,low,Science,"Ciências, Ciências da Natureza e suas Tecnologias, Geografia",ai_generated
3e213c4a-f346-4ec4-b57c-1f4992f68395,EI01ET02,low,Science,"Ciências, Ciências da Natureza e suas Tecnologias, Geografia",ai_generated
09aa71b8-e9cf-4211-a5ce-a41aaca396d9,EI01ET02,low,Science,"Ciências, Ciências da Natureza e suas Tecnologias, Geografia",ai_generated
7dd4fc77-5957-4b29-8ee7-bdc387965e68,EI03ET03,low,Science,"Ciências, Ciências da Natureza e suas Tecnologias, Geografia",ai_generated
7618a233-8e91-4a7d-8548-ace29b740133,EI03ET03,low,Science,"Ciências, Ciências da Natureza e suas Tecnologias, Geografia",ai_generated
caf5f07b-32a5-46fe-916f-1e663a07e2dc,EI03ET04,low,Science,"Ciências, Ciências da Natureza e suas Tecnologias, Geografia",ai_generated
43a74504-21b3-4c33-a19a-2c74cbb67032,EI03ET03,low,Science,"Ciências, Ciências da Natureza e suas Tecnologias, Geografia",ai_generated
7184fa24-300e-4dd9-af88-124caa839903,EI03ET03,low,Science,"Ciências, Ciências da Natureza e suas Tecnologias, Geografia",ai_generated
77af333c-5b5a-4789-afae-25301b501e19,EM13MAT405,low,Science,"Ciências, Ciências da Natureza e suas Tecnologias, Geografia",ai_generated
18468cb8-e4f7-439b-b826-a1ea0c96d6d6,EM13MAT405,low,Science,"Ciências, Ciências da Natureza e suas Tecnologias, Geografia",ai_generated
f0cd8688-961a-4cd6-a32b-65ed16a323ec,EI01ET03,low,Science,"Ciências, Ciências da Natureza e suas Tecnologias, Geografia",ai_generated
2908a6eb-41dc-4301-a299-63b28d5aa77c,EI03ET03,low,Science,"Ciências, Ciências da Natureza e suas Tecnologias, Geografia",ai_generated
2a368704-6b43-4562-9282-fe2fa8cbd25b,EF04CI04,high,Science,"Ciências, Ciências da Natureza e suas Tecnologias, Geografia",ai_generated
a06af032-47b5-478f-a9b1-f0d28b9d0712,EF07CI08,medium,Science,"Ciências, Ciências da Natureza e suas Tecnologias, Geografia",ai_generated
8d871d82-517e-421e-a276-31525dedc541,EF07CI01,medium,Science,"Ciências, Ciências da Natureza e suas Tecnologias, Geografia",ai_generated
e3ea9ac6-bab9-4259-ae09-53c2d1934282,EF05CI02,high,Science,"Ciências, Ciências da Natureza e suas Tecnologias, Geografia",ai_generated
57817f9a-a3c6-4a89-aeb2-8133029459b2,EF09CI05,high,Science,"Ciências, Ciências da Natureza e suas Tecnologias, Geografia",ai_generated
9c3140b8-8453-4297-89d7-6c28a74ca49d,EF03CI02,high,Science,"Ciências, Ciências da Natureza e suas Tecnologias, Geografia",ai_generated
805aa8cc-83b2-402f-954b-5c350d2fe8ab,EF02CI07,high,Science,"Ciências, Ciências da Natureza e suas Tecnologias, Geografia",ai_generated
0bc76fad-37f4-4167-b468-68c16eec2d5b,EF03CI02,high,Science,"Ciências, Ciências da Natureza e suas Tecnologias, Geografia",ai_generated
906eac64-789e-404a-a57b-34ebf6596782,EM13LP05,medium,English Language Arts,"Ciências Humanas e Sociais Aplicadas, Escuta, Fala, Pensamento e Imaginação, Geografia, História, Linguagens e suas Tecnologias, Língua Inglesa, Língua Portuguesa",ai_generated
37fefb9d-f0d8-4f08-a3d7-91be2429f6e9,EF09CI05,high,Science,"Ciências, Ciências da Natureza e suas Tecnologias, Geografia",ai_generated
