bncc_component_id,cc_component_id,similarity,match_tier
5d5627d0-10b8-4f61-9d11-d5f481465f9a,73f229d1-1fa3-4d1c-8e4e-ed48a8cf89c0,0.1855,link
714d4157-0baa-40b4-af45-c9411506deea,d218ac10-81b7-4526-acb1-9c8fe40422db,0.2013,link
8566e00c-5034-4125-afc2-0738fb438a0a,fb63f9d0-c837-4537-9f3d-f0341f59a801,0.0912,link
08dae30e-d7d8-4e6c-9d5d-b57cc18576d2,5e4a7e70-b372-4a4e-bf25-eb6cb2dd3baf,0.1239,link
d763dfc7-2598-4aa6-a0da-62bc2c153e76,03bc3fb1-0cca-4c49-82d6-f681029d656a,0.3086,link
b1caa30d-4ee0-4cd3-b49e-b49636d27683,9d000bd5-c1a3-43f8-8747-a9ec7434ea27,0.2943,link
3a83ac64-1f6f-4807-ac6d-c8a47cda6d95,f498b24a-bf6f-4fdd-8be6-5819ef1f8780,0.3758,merge
5e5914b7-9498-45b3-aa3d-b47d4a2fbc80,2d1d9d99-a178-4e28-b1d3-cc28993efe8c,0.1632,link
b482d4f7-f53f-41d5-86c5-006f05902dd6,cb39880a-71ef-49d1-bbff-dfbca4db0537,0.2707,merge
eef40c62-c30a-43fc-a794-ae4c47942c1d,621dbcca-d462-4af9-a004-a186efe09a29,0.1237,link
3a572a46-b345-4cc8-b735-1a3f36093489,70d51eb0-4c49-45b7-bcca-b5376fb67fc5,0.1021,link
adbf7431-ec43-45e7-b1f6-09edd5ae9bf5,dc35ad0c-3e30-459a-9d08-2291656a71f1,0.1766,link
0909a0fc-6795-430e-a999-535308b5bc05,2c542028-4403-4e5d-a098-59a78cf45397,0.133,link
a94643ce-6c5a-46e2-921b-0fb4a29283de,4b877474-165f-451d-a681-4f3f0316a022,0.1381,link
86f7cd6d-f2e6-4fc3-8230-00fae635d937,80b0ea98-2fe2-4257-a530-da208c66fc52,0.1511,link
1c9a6292-36dc-4ae8-97ce-3dc6b7795ff3,262b5b58-3041-41fd-bbd5-5da6e80e9355,0.2599,merge
c8956ebb-8bce-45d9-9e70-618304906ece,e6e418bd-1f8f-410c-a16f-3954a67db051,0.1346,link
465b23d2-e36a-48ff-a46c-ac06dc2331d6,bff02455-e44f-47ed-a0d7-91412f947260,0.1698,none
f0dda911-ba7e-4842-994a-18d8e984f653,52f73b9c-7380-4979-80a6-7a47be53ab4b,0.12,merge
432c8d6a-98fc-4471-ab7d-9473e2f5f38b,c9c6fa52-e68d-4233-85d2-a0afb6d6cf93,0.1879,link
a6c549d1-c6ad-453c-829a-367587b3bdd2,728fdc27-5a4c-42a7-aaef-fff55d511bb9,0.2447,merge
7b3dd9d3-0b06-471e-8690-032877e2c412,cd42ec57-2195-40b9-88ee-35e466a2a308,0.1726,link
5dedb8a1-d061-4a66-8d19-86cdc3e92e9e,100b7f4d-5152-4923-b7b6-e8fe28fe7531,0.2209,link
cd1388c5-105b-48f9-b33b-d015c4892431,ab3aec8b-a011-48f8-89d1-f9fa8a03a8e3,0.1101,link
f468a7f2-9e3f-4a93-bca1-a9a2df8826cd,418bd4f4-5879-4ad2-9706-23ecd8dffa94,0.2188,link
79335231-e0ff-460f-9cef-f13d7cb390ab,52f73b9c-7380-4979-80a6-7a47be53ab4b,0.1474,link
1d39e23c-7c72-44be-9d6e-ea70ec57c6d2,c5d93f7c-3dce-4f76-89a8-de6bf8140b43,0.2186,merge
c3405583-2dd6-4b85-a9f9-658640b59f11,295f466a-9913-4f1e-9537-237ed8693158,0.1888,link
0e77bc60-8a94-4859-95db-5f52238295d5,1ed1e50d-5c2d-4f26-9d1b-c21d669534ae,0.2665,link
51ca1449-06a0-4625-bbf8-203ee867d6f1,0572f32b-31bf-4d0e-a11f-021807563c49,0.3392,link
798b1474-0a00-4f7b-a90e-18ec630e3191,11c1397e-c630-483f-a2b3-7b3da546f059,0.3506,merge
d9d5c0db-b8c8-4148-a4ec-bcb6a3e14e7f,52f73b9c-7380-4979-80a6-7a47be53ab4b,0.1466,merge
6764875a-ede2-4e28-b7ba-e01a0cbbc0a8,3c370afa-8d44-42ad-8b90-9cd67d46581a,0.1142,link
e3d72b7c-f713-4391-8dde-a3c69bc1af33,696c782a-b182-4580-8725-71870ff9b9f9,0.254,link
d0567088-3aca-498d-84ea-d56542c01a40,bed5ee93-2414-4f90-8c96-1b8ad4b43cef,0.204,none
28c640b9-d3cd-42a6-b79c-e9cd3ec91678,107295c0-e69e-40bf-93e7-2b4e6c9d8ee9,0.3614,link
d72795d5-9d40-426b-ad15-04e474934047,a36ff16b-9dee-4dc4-940b-011b23c2484c,0.1779,link
0f78d271-a53e-4746-a3c5-7b7681a69fd3,90842943-7b62-4f85-9f8e-c4242563835e,0.3377,merge
974f9d0e-88e3-4d5a-9729-e1ef35fc61f3,72e4d037-bc2b-41a4-a53c-4d4671d43263,0.1238,link
d7ccbca2-d1f6-4c8b-b028-d59f562d4e43,564ce453-444b-4c06-9b33-7b62329cc45a,0.2243,none
da5728e4-cf93-40ff-a8e4-dfbad2c330d1,cb7502b9-04f1-4bd0-a092-3a59eb838751,0.2108,merge
f02ab28d-c6b1-4831-9c94-0e5957ca0297,29c1cac8-04f6-4639-8e8e-d809b025327b,0.1214,link
01b50232-283a-4224-9df2-21cbc5cf7661,27d88de6-5463-4061-866f-0bba2bf4be1f,0.207,merge
df5a35eb-248f-4321-b4a1-39c20189276a,3dc7587d-b188-4591-9eb2-a7c57a2d09c3,0.0847,none
39406590-b6e7-4ee6-8d13-49f09c631bfb,8740caeb-02ff-4255-b02d-7b5d78051ab4,0.3022,merge
df5121c5-00fc-47b5-ab01-ff2fba40f388,2c542028-4403-4e5d-a098-59a78cf45397,0.156,link
da7adbbe-bee0-463c-8f1d-f3309a51befc,8b88a741-1238-45c1-8e48-f250d7e564c7,0.3561,merge
38c0c944-06f6-428a-bdaf-7793c92ef509,afc8fbfd-58a7-401b-88e6-0eaae356f6e0,0.2712,merge
4c7e40a5-031b-4bca-9327-e87ef47a0719,4c69eafa-6851-4746-85b6-0bdabb1d1ec7,0.3097,merge
6a7328eb-433c-4cb7-9abf-bb7733b5b37f,bff02455-e44f-47ed-a0d7-91412f947260,0.3333,link
6a7e22c3-e5ee-4a93-9fea-ed814503cb66,449668a9-2af6-4430-a754-b709ee59f6e3,0.3762,link
b998afaf-7c73-4142-93a3-3770137305ce,e078250b-068c-43fc-9484-b31c2b7d12e8,0.1049,none
7e7c6e07-c52f-4d86-b366-fd59faca3207,b502a715-d1b6-4cd1-9173-16505ee8ea3b,0.1385,none
3cbbdb17-8a11-442b-bd01-a4ab3888dd0d,4b877474-165f-451d-a681-4f3f0316a022,0.0907,none
43b58b96-ef0e-4edd-bed6-d44b48c289f8,08aec5a3-30e5-4abe-93cd-dec780e888df,0.1843,none
315c6e48-78fe-440e-b53a-b7aec7a89161,d62c0c9d-4386-42e5-bc07-b574f9cce4cb,0.3936,merge
3acc0fad-12f0-4099-a21c-e9253ec2fed3,79bf3481-d6b0-4169-8f1d-4780f3f0bad0,0.2341,link
f26e5ee1-a489-46f9-ae6b-a36f80d8d0d5,d06bc5c9-e04e-4cd3-b360-053537e45341,0.1398,none
dddddad8-85ec-4921-84a4-d951de06ec3d,ea44488b-c63b-4db3-b0b8-d98a3b1fc766,0.3974,link
3d198392-775e-4760-852d-92268bcb7dc0,ea44488b-c63b-4db3-b0b8-d98a3b1fc766,0.3941,link
48e81a3e-be23-4f31-afb3-5648b2b304ed,67a619e3-dcff-4608-bad8-bfcf40d6790a,0.2512,merge
4dc373d8-8b6d-42ad-839e-a442c9074f92,b34656b8-4c93-48be-8da8-d04ee269f665,0.2193,none
43a50b01-eed0-42ed-9294-70b46d8f31cb,2ea12786-ecd3-47fe-b8e7-041a2e3a38b5,0.1493,link
eaa7d8f4-e14d-4ac0-8d90-a4d66cb88609,6d8fd163-366a-4d77-9215-dab99ccf7993,0.2945,merge
6c8ea260-3cf4-4b18-a4d2-40dd0b092bb1,776235c6-d9ef-4a19-b229-03178625615e,0.2241,link
5c11e818-952c-4c41-a6ef-2e6e4efc289b,2f5de8f9-3e4a-49ad-90c2-9c1ac00ec43c,0.1828,link
ab0d0310-3729-4e47-8e5f-8c1f63c92223,cc4722a6-2a1e-4ac7-8291-e509ec450ce5,0.3168,merge
677cbc12-025e-4894-bd22-1813c17e52fc,91453d5b-e1b4-43f0-ba99-8e20062ecf8f,0.3865,link
79b885a3-5ed3-49af-9dd0-2e6eb49cf384,4c69eafa-6851-4746-85b6-0bdabb1d1ec7,0.2294,merge
c009d3a8-6222-414c-ad93-5036f52c8e82,2f5de8f9-3e4a-49ad-90c2-9c1ac00ec43c,0.131,link
74b1bacf-6813-489c-b1fd-1acfe0b4e328,731b205e-a0ba-421e-9411-39db63b7c08e,0.1348,none
85a0905f-b411-4fbc-988c-7e09dc2dc42b,212021af-cf45-4401-9204-d05f715321e4,0.2764,link
8b69f69c-debb-41d1-9df2-85579c88a9c4,395f4faf-9722-4085-9280-9a35c9658b56,0.1745,link
5513bd0e-23be-4940-bb4e-6c7b5e48c740,e6412c88-ec5e-4ece-87a0-a223273fdaf4,0.2605,merge
46e88182-5c96-4504-99bd-e5fa7ba6703c,2b6e7906-96e8-445b-8545-cad9968061d4,0.2301,link
a5b0aaca-1857-484e-920b-9fc71a400ddc,a60aa72e-6449-460a-9208-6fd8c42b9867,0.2531,merge
6839d7c0-ec5f-4ff0-99f0-07bbba800eb4,407c4d2d-d940-422d-9120-9951620ab7c4,0.2262,merge
7599f29e-e226-408f-ba69-f5e040624911,53d44219-a40d-4698-bb72-83a3d7d7f2f0,0.1608,link
8af31bce-2d52-46a6-a716-cc0fb10c043f,ea44488b-c63b-4db3-b0b8-d98a3b1fc766,0.4102,link
baf6aeb9-94dc-4b9c-b28b-781281428369,2943b0de-64d0-4033-b154-aff1bdec6c5c,0.1858,link
164a6b8e-33f7-4957-9bf9-e1c526ffa330,72e57534-3976-42d0-8230-f62f46d36555,0.1138,link
e52b7bd2-6869-40b9-be51-7e3946555f67,0e2c2977-2d7c-4eb8-ab69-1c6584728614,0.163,link
0d69b0af-b0e1-4c64-9812-446aa1d0e91c,54ac6be9-fc1e-4aa2-9d18-cc0a4c4d4598,0.3095,merge
b4322eb0-516f-47c6-8202-1b8bc32d1bda,f8fc0316-88e0-4bdb-8c1d-40d3d227ac0a,0.1328,link_regional
75ea17fe-af4f-4b6e-afc6-9beaf0f246e5,0256bb03-b25f-4c48-bd53-fd481b10dd25,0.1679,link
5069fc8b-f5a8-4ccb-a68c-d7f0abc6f65c,950eaf3c-ca3f-4157-9ba6-527bb98eaff0,0.1215,link
c4073ab6-560b-40f9-9e9d-d9f927f97bb3,20a3ad89-e58b-4cdc-8f04-d4012d46082b,0.1444,link_regional
18dbed75-20e3-4f1c-8af1-d052d9ffb10d,40c448de-b9c1-4ce6-9d20-6b0d04b5ff00,0.1767,none
d04a2437-ecd6-4b03-94aa-651621a6ee56,41818481-d727-4251-9e46-633786b49286,0.0968,link
15d11800-afd8-4809-9256-2de96c0adb57,fd051411-f9a6-4277-95c1-c6d6cbaa9dc0,0.1337,none
f6667bd2-afa2-4dea-8a45-c351da0951fc,2039c6d9-9d2f-4d5c-a373-3e3495bc5408,0.1745,link
24819a10-8dca-4c30-8890-f9ea96d38d03,f31a64ba-ff2c-4414-b0af-94cf45e4578d,0.0904,link
4203ae41-c8ce-4aff-9ef9-f12820038964,42b94c70-f691-457d-8304-d5b376323eb6,0.1493,link
88f6300e-ac99-4f76-9b7d-522caf1b1d4a,aa8bcdb7-2805-4171-ba84-7a6c05b87eb5,0.0781,link
554cec9b-c113-4f15-8979-d5527a759225,edf8ccd5-43bf-47a7-b8af-4d479751071d,0.2162,link
510973e3-09ee-48fe-9ebd-c233ac667bc8,598f9e0f-8f34-4327-8c51-ea78096fc499,0.1987,link
bc691736-981d-4e37-a08d-c4bf1554e03f,c8df6eb5-9647-4c1c-80f5-2062f8d32a83,0.1809,none
855425d7-fd80-42c8-9620-43bf73e07b3a,ab412791-b29e-4dc4-aeea-2a010ea137b6,0.2042,link
ec761141-c2f9-4729-9f81-9dbfe341dc90,8856df85-e29c-4971-80e0-d795eefc4550,0.1647,link
65ba2278-82e7-406c-892d-b73e2e54b685,7a61e46c-7769-4deb-ba68-5b3c9158499e,0.1732,link
45b44545-f952-4c5d-ad31-9355a21ef500,4e22f85b-02d5-4b1b-bd20-066cee5ecb2f,0.2655,link
938224ef-4ed2-484c-b531-6ad81a04f3fb,6f6eb5b6-d13d-4bd7-9e8a-aed3f830f30a,0.1738,link
45461b8a-db67-40cb-9425-aeffc22d16a4,893fbe8f-ccd3-47e9-b6c7-564de8c8a7da,0.1298,none
6697ee45-62e6-467f-af29-fb5f4ad33e8d,334498c0-7b3d-4031-a95e-ee9ad8c2253a,0.1814,link
862c3fe9-793b-4da6-a235-795c60a64dc8,497efb57-82a1-4b71-95b4-03e170750f29,0.1108,link
19755aad-c32d-4e41-adb4-7be60344cd45,6f1948fe-6b46-4786-befb-65b69ebadad9,0.4464,merge
70dc7c6e-e2bf-46f1-bb34-b473c8de5c07,5804d310-a546-495b-8519-1c2bbfac758c,0.3894,merge
44444d1e-6ca1-4c40-8553-c90bedf4e9d1,49a9abe3-158f-40e1-a181-a847e9b8ea62,0.1914,link
022a19c0-b220-474e-a90d-3c879e87ef32,0baf2ce6-30bd-460a-9ce9-bc496fd53858,0.2754,merge
c5bb6cb3-c015-4f26-86fd-f9df26bfe4cc,6629a31f-291c-4357-a5d7-f92401d572c0,0.1983,merge
27c62683-d56d-4eca-8e82-c5f02a8495cc,31d3d4f0-2799-4c5f-a8dd-bcea34bce29b,0.1102,none
a8b921c1-8029-41ae-92e1-4f1bc48e8171,f498b24a-bf6f-4fdd-8be6-5819ef1f8780,0.0971,link
dbdf7b78-43e8-42e6-90dc-9a3ae9b1c9fa,549e7ae7-71b8-4e07-a816-a78959fda731,0.1873,link
d024a124-0bb2-46ee-a866-84ee8544a553,e6a6162e-9785-4a86-ace9-05a9bdc02bd8,0.122,link
09035375-772d-4d90-88a4-e6f3d926a026,43cabf23-a3a4-4c9a-b240-1eea9c3cc68e,0.1391,link
c1c1d96f-2495-47c5-8844-8f16175d3ec7,f498b24a-bf6f-4fdd-8be6-5819ef1f8780,0.126,link
c9d4b6b1-8b91-4ea3-bade-3b1491488fea,d8e35819-15d0-4d8a-8013-9fd76a46876b,0.2354,merge
8e5635f3-24e2-4e6a-9fbf-3fbb291d3be3,c2c4a427-d7e6-4e42-8cb4-c1010509d5e0,0.17,link
a910a27b-7244-4df1-a897-3e32568ce85e,8714abfc-1e6d-4947-88b3-1f08f5a9479c,0.2798,link
b2edcd45-1bd8-436c-82fa-db0e42ae605e,2d20a3b8-8b7b-45ab-9a99-97f25de96b5c,0.1572,link
ec719cd8-35b5-4f3b-91cc-e1d9474ddb64,ec0b176e-19eb-41d5-a0c2-9f42a37cd788,0.5029,merge
8dc28553-0cc2-47b3-a8e1-7a5e53c9691d,1b5d3bb4-5faa-40f4-9379-2faad35cce1a,0.3135,merge
e4f3dfc3-cc02-4f26-b564-6cc1286e5323,a76852bf-ee52-4a2b-8f02-e6aaf8134ae0,0.2206,link
f84a230e-4a2e-4886-9a49-388acf1da6ab,0669ae14-a2aa-46ce-b453-f1712591b4f4,0.0408,none
d6df1b3f-81b6-43c6-b35e-2708d2f138dd,6c3672a4-6fc3-4b7b-9d32-3e66433bc689,0.1401,none
399546de-22c9-4175-98b0-ec13185c471b,b570066b-db9a-40a2-845c-5ba51dfe1ef3,0.1761,link
72e68e64-cbc2-45eb-a601-19fc9d517537,9df4d837-d5f8-4d1f-bfaa-f04aae7ec62c,0.1368,none
8db9041c-73b8-4f4d-b84a-7fd4337f0faa,bdd6148b-6da3-4d1e-b94e-c54b50b61a05,0.2189,none
9cf6a1a3-c885-4b80-8424-96c69cf5dc72,0e84e7f6-039b-4744-8eec-e51dc4fdde9e,0.2686,none
f80cdf48-64c9-4195-a6a2-9c7608c26e72,88e138b8-544b-4143-954b-7feb4e26e89a,0.2976,none
fa76277f-6b4f-419d-bb5f-bb2c0625e54c,1e3fcdc7-1a1b-4856-b21d-e20c26a3f213,0.5088,merge
74f100a2-5488-4b87-9615-e68d92e2327c,3e1a2d92-208d-4be3-be68-f15aa7082506,0.5287,link
7b68db90-9e43-454c-9ccb-db93587b662c,2f56d52a-7839-4b8b-9b54-eff9cc2dd749,0.1871,link
40c63807-415e-4e79-8517-fcbc9b3cf038,ffba4cb7-84b5-481b-bbc5-f8c4cd635134,0.1523,link
5c8796c7-710f-465f-8fb7-0870fc5c561f,4b8ae4ac-e390-47da-8e46-6f036acd1c7c,0.1451,link
88fdb39e-8c61-4d69-b82a-d9d4c7aa8094,02e13700-076c-4d3e-bb10-c97302233387,0.1205,none
2bb10da9-ba7e-4b6b-bdc6-84276b437ef9,88e138b8-544b-4143-954b-7feb4e26e89a,0.117,link
1361c64c-19e3-42d6-89db-fe1bb5830e75,e9d34933-48d3-4b52-940d-4b5b3f8525d8,0.1363,none
a8a96636-c918-4ef7-a2b7-be75ce62c02b,acb26621-8e6b-407a-a3d4-8cdcb8f589aa,0.1926,link_regional
e6a2bbc3-8714-4ae2-8207-cd752b32843f,06da0b4f-e0f5-479b-b748-6e6f09d92a15,0.2105,link
3b439e16-88ae-435e-8efc-79c0c11f8174,563d896a-75d0-4fb0-8d5a-9e70361d774b,0.322,merge
85231772-3fa8-4792-8880-f4fe4502e3ff,45bf24ee-e426-4caf-aba8-41081b4c4299,0.189,link
1d749a2b-635c-4f44-b6bd-1ad716d4f22e,8714abfc-1e6d-4947-88b3-1f08f5a9479c,0.2303,link
de0952f4-1003-459c-88d1-b5313b4d1760,a8bca3a9-2c43-4937-a11c-b89ce686ee55,0.3106,none
a8ace160-7879-4b79-ae60-3698e4b23a21,df643a8c-0cff-458d-9ac7-309297373da4,0.0924,link
f9287867-14c5-4dbc-ae11-c3c205592ce8,d8e35819-15d0-4d8a-8013-9fd76a46876b,0.1633,link
6f8055f2-2b6b-460c-9d03-9e47ea5d365a,17c98dc2-e8c3-4c2e-b26b-c6514398dcab,0.3946,merge
dff20354-4302-4bcf-8bba-dc86b46e47f7,0c688fe4-2704-44b7-9c99-2d7c8ac7a1ff,0.2823,none
4d7e776a-3402-4069-ae1d-1fcb3fe8cf5e,fcac7c5a-8a04-4b04-a2dd-000be078d68d,0.3183,none
e4aaa7ed-7d3e-4188-b123-4cb3542e3768,08df85bd-4c73-4d50-8721-1f0f03ece460,0.1106,none
3538e057-145a-4ed6-8b86-07d1d9ba82c4,1e5a97b7-6504-4d58-bd9a-bd3c2f2433c1,0.2128,link
684873b2-e943-49eb-ba7e-89f45c7ca08e,cf17bedd-ac6e-4ad2-9e79-2298e8f58f0e,0.157,link
e819148b-a23e-4305-8cd7-22205e9dd533,b597a009-0fa1-48f4-b1c7-1a5ca208acd4,0.1172,link
d8c9c5a9-84cc-48f0-aa12-6594bb9119d3,ea44488b-c63b-4db3-b0b8-d98a3b1fc766,0.2885,link
4bd9e1ac-8d35-470e-a918-e9afcbc333fa,9d41c25f-7e0a-4042-bd74-6427b4d456db,0.0985,link
7c5f7017-afb7-491f-8f6b-8437d221ccb4,9fded250-100b-4cb2-8d29-4923fa0c765e,0.1858,link
8d8b8c18-0c80-4f4a-9a15-aa2a55b5ae48,2ad593d5-1a39-48b9-9850-5672ad68175b,0.4204,link_regional
d30adc09-d0e4-4c2f-bf0b-336f2e5b3b0b,423d1623-8574-433d-8502-98c00d94778f,0.1597,link
4cd0fccc-24f2-44ab-aa58-617fb93aa9b8,c6487949-b71d-4800-903f-bbd7baad103f,0.294,link
48c1909e-4346-460d-bf48-2ebe96692f59,03bc3fb1-0cca-4c49-82d6-f681029d656a,0.3834,merge
021d08cf-64c1-4ce2-a2dd-ac1341a5b992,2787ceed-a469-4e9b-bf52-80f7663b7219,0.1576,link
6a0d2fad-6353-423c-a052-52cbf79563d9,52eb55e9-0570-47da-801c-c4136aecf443,0.1457,link
ad266e3e-c7cc-46c6-ab98-9cf30bbc5a8d,81e4be28-4729-410a-b42d-6bd33f6845ab,0.1987,link
92e7837f-1ddb-4bba-aeea-c57d1b06fb68,7b59cb2b-036a-49e3-b365-b22b59742e8a,0.1526,none
025c5fd7-e1c2-46d1-bff0-dd069283e024,46a0e71e-23a8-4238-bddf-41d176a7a218,0.2137,link
6bbc3041-2442-4cef-aa0a-2b7e5cb163bb,b12d164b-fb98-4301-a18d-4630b9ed90d2,0.1823,link
a4ae5894-1fde-4717-974c-a8596e8fda59,5d8deafa-5906-45bc-a1e6-2e665ec28f55,0.3534,merge
2b3b90d8-b154-4c00-8f4f-24f8289de1ea,61784f92-07f7-4311-83ba-f008e6bcddec,0.1228,link_regional
a93e1119-b5dd-40f1-82ee-358b26577328,f660a72c-19db-4acb-8738-3b0eb6ddcf5b,0.1294,none
48638817-6e2e-4843-b4b0-5e68cf4d0d66,1337f2d3-596d-4d6f-84b6-f3fdc13e3de8,0.1265,none
dd136a0e-4e90-4376-907c-115bc32d2281,cd72c42a-7065-4d78-af24-cd0aae0ab687,0.1246,none
132a37f0-d90b-4f9f-bf99-b907d40423cf,950eaf3c-ca3f-4157-9ba6-527bb98eaff0,0.1282,link
641b1639-918d-4de8-8817-1b76b90bbca0,7094a379-5aa4-41e1-8603-410712508f12,0.2161,link
b5d47cfd-5464-479a-bc45-92295be22718,ef9d0130-3051-4c63-987b-85f27e0096ad,0.1273,link
1cd1f57b-54f2-4d66-8f1f-f1ff28451349,284a784c-de02-4afd-92fd-f1cf760592b9,0.1814,none
c879bd24-477f-4632-b082-f3c69280a8cb,2c4428ca-d2de-46a3-8947-5c7e3857fcbf,0.1816,link
6225e0ec-3dcb-42a1-b5b2-f37e623f17a5,3ab8eb7e-dd3c-4df4-b2f3-34ae28ae7ad2,0.2147,link
76ceeabe-e014-4202-aa7c-0445bf8895b1,8a4ddacf-bca8-4117-b81f-7e03833ad712,0.164,link
c871d478-adff-4f53-a07b-d605c7f4af2b,1000aa2d-21e7-4b1b-b4eb-fc39fddbd1b6,0.1385,none
70de2f85-1073-44ca-9900-8d130007ff28,497efb57-82a1-4b71-95b4-03e170750f29,0.225,link
6c454930-d855-47df-8ef7-98293a0f17e7,cc804414-0544-40c8-bbc1-b2ae43048fdb,0.2045,link
193be4ed-cab7-4597-ae3f-b2846ee54ba1,b78633bd-b495-4e6e-8b30-af21525f9bfe,0.1892,link
6a492d16-3959-4598-9dfb-cebbbb5ea4d1,d8e35819-15d0-4d8a-8013-9fd76a46876b,0.2045,merge
53fe1853-4346-45d6-9882-7cc928fa6e5f,40851465-0398-4da4-8c14-2a6ffff0ad1a,0.2235,link
ba98514c-286f-49bd-b123-13ee69f23a16,5033b01b-d7f1-4373-90b2-63a883369eaf,0.1231,link
a0e2b966-dd90-4103-bf49-710c0219638c,23cd85cd-3436-44e2-942a-a35b70e5b126,0.1317,link
12f10265-0c6f-4fa8-94b9-9103713a58d5,0bfc6bb1-4a7b-42f3-a42f-8afb5aa79d42,0.2119,merge
b084b603-e20a-472f-97e9-db74a244e236,61784f92-07f7-4311-83ba-f008e6bcddec,0.1525,link_regional
e6e3b1d7-891a-4401-b56e-38e51bab17d3,423d1623-8574-433d-8502-98c00d94778f,0.1738,merge
7c8cf153-0156-4e02-89c7-512a78aa6f67,84631d57-04fd-42eb-970a-39615de569ed,0.1804,none
53bb8a63-d129-40f7-adae-f33443df7ded,6d017c4d-0a12-4e41-8ff6-c7c87f151ce7,0.1371,none
6f95b504-23d1-4797-b749-730e6a3bf413,6d7286b2-9fee-4db9-837b-0e4cd2f33831,0.2287,link_regional
b5987a9f-c80d-4e1e-a3c3-b56c406d3e81,07ada203-6126-4e8b-89ab-b155ee46ac71,0.201,link_regional
41d39c21-59ef-4252-817d-f7c162b47625,ca236008-1815-407f-85d4-4cec69f6ab53,0.3043,link_regional
89960a6c-8a22-4f58-8e0a-4c05b911b96f,67a619e3-dcff-4608-bad8-bfcf40d6790a,0.4548,merge
0c3aec75-e738-42d8-ae38-8bf34f63f7c1,11c1397e-c630-483f-a2b3-7b3da546f059,0.1692,merge
5f03d280-96dd-4d1b-b13a-9a931264a501,11c1397e-c630-483f-a2b3-7b3da546f059,0.1771,merge
84f82c8d-44c5-4594-936a-668251552981,10f7bcd8-ed93-40d4-a0c2-68c9077155f5,0.1772,link
555e8ea2-f5cc-4ccb-884d-a650b2e9f9d5,655e1420-20d6-4b2e-9abc-e48bbc226aec,0.1776,none
5e3e7782-3b60-4f7f-b996-5140a63dc426,1caf0827-2de9-45d0-9bd6-caa1d37f9f51,0.2689,link
f6c4c9cd-297b-431f-b6a4-a455b3c1a8e1,2082b2b5-cf15-40bf-9883-75ea60257f1f,0.1279,link
5c7a59e3-08d3-4bed-8c65-7ee24c4fe0df,7afaf05d-e7d5-4e39-ad8b-c11c89a1bb41,0.1676,merge
2a6d6b9d-6f83-4a6e-a673-720208dd5735,7afaf05d-e7d5-4e39-ad8b-c11c89a1bb41,0.1644,link
eabf61f5-a1d6-4919-a314-5f037d16de9f,3b4eda22-1b25-494c-b604-a3cae4ae1193,0.1175,none
ea50a72d-9fd9-478a-899f-b8cc972e2f76,480de828-0f36-483b-8bd1-08bfe0ac818b,0.1066,link
879e20f6-943b-45ed-b730-ca9373cfa981,480de828-0f36-483b-8bd1-08bfe0ac818b,0.1004,link
5d6e1a58-4913-46aa-81a0-29ce876a4f83,a8c251fe-a692-47ee-9c42-1f062fe289aa,0.1349,link
2e37e9a1-ea0a-48aa-aa3b-d18e5c7f1b8e,9d430a56-baee-45ba-8170-073dca3373d1,0.0981,link
92a56a33-8e06-41e4-a37f-72283e06ad33,287c88ba-dae2-41cf-aa15-fa26a75a8eba,0.1161,link
c3cfc110-3228-4116-8b2d-170f2902251b,950eaf3c-ca3f-4157-9ba6-527bb98eaff0,0.1402,link
a4073e47-d176-4939-aeb0-87c8e61f9f68,140cb064-d85b-4942-835d-130866386198,0.1089,link
89086ceb-f159-4172-8ca6-333a5cb7648a,40ad110f-50b4-435e-9054-11917175a39c,0.1068,merge
cda3e61a-53a7-4a49-bf40-e1822291e903,a9a7dcf9-dcb7-4b22-acc4-d09e5ba6a5a8,0.1003,link
8e347821-94cf-419d-be57-ece1121ee109,99739eab-488d-4439-afca-e84bd94fab52,0.3117,link
7e59fb32-84c2-4677-907d-ae8d811f0a94,c4915c25-2fe9-4607-b461-0a91b37a6a77,0.1568,link
88e51e50-8038-40d8-bff3-0641523e84cf,a8c251fe-a692-47ee-9c42-1f062fe289aa,0.2298,merge
d74ec066-d112-4acc-ab9c-629ac871c740,f498b24a-bf6f-4fdd-8be6-5819ef1f8780,0.1672,link
32b9525a-90b9-4195-b86b-b22a3eaf2c8b,cd72c42a-7065-4d78-af24-cd0aae0ab687,0.1273,link
1926bef0-0210-46eb-8890-c5e5b7fbfeb1,73a84e34-de31-4b1f-90c5-85b615fd2388,0.1249,link
50ca5921-4e98-47ea-ac53-d9f6337ff8be,03342bc5-c8e1-4ddf-bf7d-1d7ac01f9d55,0.1891,none
7cc1c5bf-b0c0-498f-921d-72910ce5e560,0095bc47-d71c-46d7-ad2a-9c6946cd9c8d,0.1999,link
a7dcf91d-09db-4e9f-88ed-d470759c266e,68860d19-0048-43cf-8ed7-7c3853bf3225,0.1854,link
4dc6b118-e4d2-482b-9e03-2a765e3a10b8,4be6ea75-d318-4224-88c5-789c4872e362,0.1914,link
cc282268-a554-4aa0-95de-347735cbb190,fa9525ca-34b9-41d4-9485-adcab65fdd24,0.0793,none
6bcb0b68-eae8-480e-937f-17c1b081dfdc,1a95bd4b-44ae-45bc-b78a-39ceca9c5e48,0.0413,none
1f896a59-9773-4b84-bb51-7edfd9d2f320,e6e418bd-1f8f-410c-a16f-3954a67db051,0.1096,link
59a9fd1b-a42f-4ac5-bf57-66d06c6f9b08,2feff0ac-1224-461a-a570-4b9cdaaf3198,0.1001,link
c3f82135-0e47-4483-a55d-57e753b7b97c,fdce0e74-2d5c-4f08-ab04-abd1e42a75e8,0.0692,link
65fcafd4-ab94-4944-b64f-0f0feb468573,d63aa90f-e3df-42b5-a630-73c5fc79f053,0.1371,link
dbc2950b-e184-4502-b15a-3e9d47dc3951,64245651-b4fc-4f5c-a378-83962a61dcea,0.1311,link
c4c66123-7cd9-4679-ba98-3702148831c9,0669ae14-a2aa-46ce-b453-f1712591b4f4,0.2092,link
cb6377c1-12c9-498b-b083-a016a40e8b47,a8b42a94-66a2-4a41-99fd-8685448b7e53,0.1854,link
dd238a7a-4579-441d-8543-2208122aec36,4290a450-6fa7-465d-9849-f358fe1a4e30,0.1257,none
ab6086c6-cd04-4f77-9b72-d0fab7ecd0af,9ef0907b-2619-464f-a1f8-08e439132e7c,0.2382,none
51540c94-6b2f-42d8-9b56-9f2c7963acff,62c876ce-8aaf-4ae4-a51c-183298e4c880,0.3043,link
ab724be4-5b53-42f4-a46d-c854f1fec011,a7773120-073c-479a-a2f4-c088fa9b11f6,0.1172,link
82df6e1f-e2c6-42ad-8cb0-8579b41ddf76,ec3b0b75-754e-4e28-8d40-c0375669d294,0.166,link
f4bbfe1e-0964-4e89-b1f1-6a8799b8bb17,5ac120dc-1824-4fd8-86d5-f5509ff3c8f6,0.2219,merge
a3f9bd70-30e3-4426-8cb1-db7b536e2630,6cd13b5d-3035-4373-9428-1fc1f29c4c7b,0.2502,link
da1ddcfb-88fa-4ea2-b461-4a588bd0f482,fa46d881-c3d2-4c1e-b5e3-fcc733203c87,0.232,link
46dbe236-6c9d-4ff1-b1c8-b1b94553e1e9,cadb3e66-3879-4a0d-8cf2-4c23dbd6b16d,0.1613,link
f8bdddd0-9d38-4331-a046-17edbc0510b1,56f6c231-91c3-4f38-8a05-74c95da624a7,0.2099,link
14176474-a684-4d76-9683-87af94d4bef9,5b441760-f667-44a8-9c32-7b469a23340e,0.1063,none
9d44c6a1-9f90-41a5-bdf2-5bd4657099af,18e9a53d-1141-48c7-bddb-54eb75d8b6d1,0.165,none
19cb4186-1ac3-423f-81d2-a653a99063ee,1000aa2d-21e7-4b1b-b4eb-fc39fddbd1b6,0.1448,none
2499202d-03db-4c3a-8fc7-77ad3890d03a,6704457f-a2ba-4f40-ab06-7c7fa94666a7,0.1262,merge
4e308bff-6233-4454-87ed-317a5a299e5d,6b3a14fc-05c9-4646-9b63-ebca20adebc4,0.2372,link_regional
0ff5d788-1df2-4072-8b0a-677894900d7b,3c9dcc53-08c4-4684-82c1-2c92b3a7ffe5,0.5326,merge
1fc20c85-c019-47a6-8087-5c1dcfcc582d,cad122bc-69eb-4df3-87af-97112d2ac1ec,0.1482,none
ab9aef82-8db7-4afb-8976-a6d7cfdbf08b,1e3fcdc7-1a1b-4856-b21d-e20c26a3f213,0.1917,none
17d7e107-d9af-4cdd-9628-8332bfa29dd7,63d97d15-5c90-4ce2-a9cd-9e2c1c5fbbc2,0.1249,link
8a7d629d-b0db-4ea5-a49d-3a1c72db48ca,7887806f-6473-43ec-b806-7b6d1ccc1aed,0.2423,link
c87a3bbd-2ca4-4a67-9ee1-4ec1789b2361,68860d19-0048-43cf-8ed7-7c3853bf3225,0.1882,link
37e56bd1-cf3a-41d5-a481-5e4fd77d4070,90a593ce-55f2-4dad-8dd4-25bfec11eeab,0.3374,link
857656f0-0778-4b0c-95b7-b12c7a101d20,70a9b53d-ed6a-4913-8b2d-30913f3f8823,0.2547,link
8cefc2ea-ab10-40b8-848a-bdc2603b1f48,5459d776-fb2f-427a-9b2f-0c16afbf4b93,0.1372,link
be3550e4-d4e4-4517-b495-e14a3bc93587,2f308559-3cbe-4f6a-aa8a-689d3f19d460,0.1957,link
4b62763b-0537-4c7b-8494-1197261a485f,d4285ee9-2934-4d96-b137-1bcca6cb2f7c,0.2556,link
a292f20a-f8d1-4a1f-bdf4-656845224f75,ee4806a1-8259-43f5-9873-af591b99458a,0.1176,link
48f4a995-ea9a-45d4-9574-c626a43af536,d0cacc31-9d3f-4edb-9662-53e0df52f19d,0.1665,link
53e23575-3fd2-45b0-b3ac-c2ae6ee905b1,473d1bd3-aed4-4dcd-befe-f41700728f23,0.2116,link
25c26945-d906-4f8b-b605-5774af844a70,473d1bd3-aed4-4dcd-befe-f41700728f23,0.2165,link
e7fb690f-f36f-42ac-b3e0-3af304f779a1,ee4806a1-8259-43f5-9873-af591b99458a,0.1413,link
13a01b6d-ef7f-42b6-98f1-f41e06b9b598,fc36055b-4ef1-4963-bb48-b6bf34909baa,0.0893,link
f20bd949-78d3-4292-86b5-2e4e7bbb3b04,89962b04-3642-49b1-b86d-f12cf8676087,0.135,link
b26ea6c6-1bd1-4639-b9cc-b14bb3a6ef25,66ec5f23-8dd9-4eb3-82e6-ceef201d4a0d,0.2211,link
bfad9e76-67f4-4261-ab00-2288dcfe4882,4d13406f-a2ff-41cb-b301-9e72c5b404d5,0.1198,none
f96be4ef-c19c-43f9-9c6d-6da92746fdad,bfbff8db-067d-42a1-958f-60282f13990f,0.0925,link
2e21a6e2-fa83-459c-918d-f246e12e5c08,e33f1326-1cec-4553-bf6d-bc18fa70582b,0.1014,link
22666998-6fcb-47a5-9ba1-bc64bd199a9f,8e8d65f3-839b-495e-8322-2b54d4b2efaa,0.0825,link
96452cc7-5c73-4f1f-90cc-de364533fe02,f94eb05d-90cd-4b8d-aca0-e13f7e9ae889,0.2443,link
56403fb7-1528-47f9-bf5d-513ca3bef790,71a69428-42b3-4877-a90c-8e9a16532059,0.1353,none
dea9b0b1-3132-4465-a956-277f29b46496,aa0a9660-7dfd-43ff-9acc-aac0f86fe000,0.4035,link
038bda15-f6a1-40a5-93a1-65fbcebc9aa3,e429fbe0-208c-43bb-a820-6ae28918a574,0.1569,link
4ac6b3e9-61d9-4104-a4a6-ffd793b0524e,dfc3e5b9-c1d9-437c-bbf2-a63a85ff4d53,0.1573,link
49ceb8e8-0bbf-4f98-bd53-9cde687f0c18,9d430a56-baee-45ba-8170-073dca3373d1,0.1065,link
af1d4c68-1ee8-48d2-8b8a-ac1b0ac61672,f83fe51e-c1e1-428b-9418-380d3adb52d7,0.0944,link
aae3fc10-810e-448a-807a-394df8d20069,043b5bca-f662-4def-8b55-52ef17d497a7,0.18,link
b7cc05d5-8f3f-4c6e-86d9-80b44a96c315,8e8d65f3-839b-495e-8322-2b54d4b2efaa,0.165,link
2db121b7-94da-401d-9399-c031cd8e26ad,2c4428ca-d2de-46a3-8947-5c7e3857fcbf,0.1408,link
5f7570d7-a4e9-4c5c-8a12-8de0e2177a29,40ad110f-50b4-435e-9054-11917175a39c,0.1222,merge
d5ea301d-709e-4ee5-9a4b-2d89de508624,ae050493-ca1b-4873-8ff2-cbdceb83966d,0.1824,none
fe2f76eb-9a11-4fed-9efd-3eba7565a256,2c4428ca-d2de-46a3-8947-5c7e3857fcbf,0.1375,link
adafb62e-a63a-43cd-986e-9a0eb8731130,9954ecbb-f39f-43fd-89bb-a9a1ad749610,0.1162,none
72394a3d-33af-4c7b-9c78-d9bc7fb903f0,edf8ccd5-43bf-47a7-b8af-4d479751071d,0.1289,link
5add7df0-eb63-40f1-b7e2-f7729f0b9a25,069dbeb6-25c7-44cd-87f5-0f974596141f,0.2051,link
186ee783-5163-4ebd-b618-a8ef4ada8547,5bcad828-0b72-468e-adfe-6c0b76427391,0.2167,link
418ae901-1be4-44e9-bb6f-86176788f8cf,ee22cf99-db30-4b3d-92c6-99d17fd51091,0.2054,link
9655fa5e-471f-4bdd-ae22-2999048ba8e8,619e17db-e6f9-4f35-bb4d-d3e1ef603a8a,0.2418,link
0c4c0f4e-4d79-44e3-b6c5-81630943c610,9518167d-b0c5-446a-bcfe-3cecffee20a9,0.0982,link
717d57be-3ccc-4671-8252-78c7da3b90c4,2c4428ca-d2de-46a3-8947-5c7e3857fcbf,0.2182,link
a07ef861-5672-4b6a-979a-2ea2bae9d2b4,ef3ffc00-6d4e-495c-8002-00306bcd8e59,0.2357,link
ff8c1c8b-6a50-4ffc-80bc-c3603dd044d7,801590e3-fdd3-4cb7-bf0c-716153c3afb7,0.2321,link
42bd57cf-63f7-4d2f-bf6c-89f9f7ed62cb,4be6ea75-d318-4224-88c5-789c4872e362,0.2341,link
378c55e9-e842-4da7-9cbc-1d97bdb7120a,124716e8-2d9f-4504-a644-0005a309808c,0.18,link
d1d5f90a-d125-4d1c-bb9e-b7b0aa72a018,9518167d-b0c5-446a-bcfe-3cecffee20a9,0.2173,merge
97334fbf-7d66-404d-96b4-2ad996870869,64f1defc-e812-437f-b237-808d5e8e03ff,0.1936,link
024bee7a-b171-4bdf-a48d-fae7cbb55457,61784f92-07f7-4311-83ba-f008e6bcddec,0.2693,link
82318b3c-3be6-4940-86b7-ecfcf2a96e73,4dc39b7d-8c9e-4c8c-a295-811d3a5ba6e6,0.2616,link
4c4a45b9-e885-4a4d-9910-d11c83099988,b2833f20-9460-4c4c-9701-e1b95cb0de8a,0.1645,none
d42928bc-3848-4360-a428-75664352ad08,b7d25298-5f85-4dd5-9f69-e0e3414f54f5,0.1501,link
06ac2dc0-4cc1-4459-9d6c-8ac0b43f7864,bea1a66b-3230-4423-a94a-28adee657fe1,0.1649,link
ce7e3f44-dd2a-4a4f-ad99-1a679c44895e,f9d12cbc-bd93-4951-9498-83098ea7b837,0.2243,link
8d0a2512-c552-41c3-ac93-70c5af57ce1b,b621c890-c411-49a4-b84d-6048aba201e2,0.1612,link
18da0f1b-3c4e-448d-9bef-be0bb5d44ecc,452aefc6-bea7-4c40-9b1a-fa1108b7b2a8,0.1427,link
a16d4466-a973-49b2-9252-7cb3f5a5c1e0,86b0e975-c227-4c5f-a7e7-b2217582104b,0.1429,link
5369f36f-6f3f-4ac5-9b30-a85d3d96dd1b,5c5d01e6-0c44-4ff4-8fdb-3beecad35c3e,0.1095,link
aa8584cc-ab17-4d4e-9363-c7691e2f48ab,49a9abe3-158f-40e1-a181-a847e9b8ea62,0.3681,merge
e2b8cbfb-f7b0-4ae2-99a8-85f31f02aa0e,49cba205-d7d3-4b1a-96e5-2619934eba30,0.1883,merge
6936b881-e441-43c3-b4cc-7cfb6ee23bb8,3901ea61-47f7-4a62-a41e-31eaa08b17bc,0.1758,link
b1d42eec-43b8-4c3e-8578-5b4b1f8174dd,cf49f537-2223-46d8-a41b-4f952558d616,0.1176,link
24010523-27fd-4a49-8da8-693bc85000b9,6f3f6e54-060d-4faf-bec1-6dbb425aa220,0.1784,link
2b7ba9fb-c044-4099-89fb-3634c8ff2a12,89899e92-2e50-4c5a-baab-7a5382cc57d2,0.2641,link
c82952e0-5cea-4c93-a559-ce64098fb21a,7336e61c-6f8f-4f0e-97c8-9cc2440d76f8,0.1834,link
07660475-3007-45ed-8710-50b57554ace2,3ab8eb7e-dd3c-4df4-b2f3-34ae28ae7ad2,0.1102,link
6fc7a617-2ef4-46a5-9859-972f133b07df,6b413330-b46f-44b8-8d77-073d9ac109dd,0.2001,link
c32d0e31-58f8-46dd-b2be-739b94f04331,5a5323e2-2134-4fbb-944f-2c6d63dbba41,0.1068,none
b1dc3309-10c4-4a66-9e1a-ba5b9c908622,5baed3a3-9839-4ad9-a85f-212d41120e08,0.1498,none
1521bd44-e923-416a-b112-48171c2d6e8e,fc147a58-0f2b-4606-8dab-e30849640508,0.141,link
96dd7a6a-356c-4de3-a868-218193da4ae6,db002dba-955c-4246-8ab2-7871bf90f4a5,0.1294,link
a2d8200b-c2a1-488e-9d57-ecaba7ea0b04,2082b2b5-cf15-40bf-9883-75ea60257f1f,0.1349,link
04b0c6be-fda0-4d47-a748-cc87641b06b8,30ef8b64-4533-40e2-ab61-df3534d57ace,0.1267,link
b1942c43-d858-4b98-bcf0-604d72e5f04b,86638645-5c61-45cc-a890-468f9a1be2a3,0.1252,link
3bd51aec-85eb-4c6f-8b5f-71ecfd02dc8b,a10b8079-4fbc-4aac-9f3a-9174e19510ba,0.1599,link
cee4b11e-77a5-4e06-a488-d3db5d1dab8b,caf48e79-7280-439e-8a67-5c74840648c4,0.1544,link
87e76779-d30d-4ead-845c-77b7dedc5aa3,8a4ddacf-bca8-4117-b81f-7e03833ad712,0.1452,link
35c8cf8c-b381-4c4d-ad76-da711b0c053a,0669ae14-a2aa-46ce-b453-f1712591b4f4,0.1907,link
2d047df8-732d-4d81-bd75-63414671bb94,e078250b-068c-43fc-9484-b31c2b7d12e8,0.105,none
d07b3648-968e-4a8d-85ad-081ec1345174,742bbcda-ddc0-41be-94c2-93fcd51eeb16,0.0531,none
24d61c6b-3dbe-4cc5-a3cf-aad8b44b2eee,0761b9fb-dc1e-4274-9ff1-71f1d1fea3a9,0.1633,none
415c46c8-4377-40d1-9ce1-8e1982950851,a7710b0f-e380-47c3-8384-01fd75ca1656,0.1558,link
bcca7f86-418d-435b-883b-82cd8741856b,e078250b-068c-43fc-9484-b31c2b7d12e8,0.087,none
7dbd1ecd-8b45-4709-86a9-fe72d9072305,655e1420-20d6-4b2e-9abc-e48bbc226aec,0.1483,none
bd1dfa94-a12e-446b-ab38-d35117ed86fd,a9e88edd-c1c8-4c63-ba45-1f830d0aa983,0.0938,link
50cef3c7-6425-47fb-9311-4b0a7718edc3,2039c6d9-9d2f-4d5c-a373-3e3495bc5408,0.2037,link
8596b04e-1ce6-4122-b87a-642b69310a4e,028644e6-fcb2-412d-80ad-93fd6a4a8aef,0.1938,link
67ecdc44-aaaf-4062-8241-c70d4273b3cc,2039c6d9-9d2f-4d5c-a373-3e3495bc5408,0.1231,link
90c5d821-e482-4185-855a-ddb7f53d4647,d3392c15-9343-480f-9176-47ba2fd8253b,0.2226,link
3315fff2-eaba-4ae5-a6bd-62f6045d6b71,40ad110f-50b4-435e-9054-11917175a39c,0.1923,link
1657ee1f-cd60-4f09-bb8d-ab8ec2af2858,f498b24a-bf6f-4fdd-8be6-5819ef1f8780,0.1086,link
f9362e87-ad2e-4702-8840-4d4367fb34e7,7a8bd222-e784-43a2-897f-295b6db86fb7,0.1027,link
99bce476-9895-4693-bffb-7826f8aade5b,ef8c43d2-3335-4699-8979-aeab2e821542,0.1273,link
5274e925-74e8-4a7c-b4d5-3d29e18b1d00,e09654f3-e250-408b-af73-e77b232c8c78,0.1203,link
27605d2d-07fa-4c43-9b2c-8770f6799a99,473d1bd3-aed4-4dcd-befe-f41700728f23,0.1602,link
df09e6f6-4fe9-4e70-ad33-924f95043583,473d1bd3-aed4-4dcd-befe-f41700728f23,0.1549,link
ba4ec83a-efc6-4019-8e8c-fee48361253f,c2b7da2e-75d6-4391-823c-b254724261f3,0.2733,link
4d761913-f14e-4589-8712-d462acb8031f,8a4ddacf-bca8-4117-b81f-7e03833ad712,0.1763,none
d2da9436-7eb3-4dae-9c65-29e08c5461d0,473d1bd3-aed4-4dcd-befe-f41700728f23,0.1836,none
59bc445b-7b6a-4a40-9d2e-161fe6644a8a,4be6ea75-d318-4224-88c5-789c4872e362,0.1918,link
e0c1276d-16cc-47b7-a7f7-d119c461d931,ca725e57-ce3b-4139-a2ed-9f1893fd2ba8,0.1819,none
907e8333-7124-4610-909a-717193d5901f,8a4ddacf-bca8-4117-b81f-7e03833ad712,0.1422,link
c57584a7-c7cb-4e7a-990f-1402093c99de,2fcbcd53-5b91-4c2e-99bb-c0e7041b43b6,0.232,link
d4825a9b-5559-4dd8-86ed-15cf2d76d5ef,52f73b9c-7380-4979-80a6-7a47be53ab4b,0.1628,link_regional
259e27ca-1eec-4cb0-9dc6-9ee93a836593,52f73b9c-7380-4979-80a6-7a47be53ab4b,0.1965,link_regional
c5b4e15e-ad7e-46ca-b2c5-86c9b0813003,f9b7bfe0-56bd-4f7f-9da2-ad8a4c68e504,0.1333,link
038b8e24-8611-4012-94ad-e9cf444f2cd2,b478537c-0665-4b3a-8775-acb7ebc11b63,0.2701,link
7bd3cc84-7c2b-4603-a00e-c7fd06bb002f,7a8bd222-e784-43a2-897f-295b6db86fb7,0.1041,link
1d3ac9de-95ca-4fc5-86e8-7d8ff52331af,05cd4923-75f2-4b50-a1e1-69e08c63d357,0.1242,link
61848094-2bce-4e9e-87ce-e339b2fe669d,8e8d65f3-839b-495e-8322-2b54d4b2efaa,0.1973,link
2196dec6-2c7f-4489-a516-468063b7a04a,b7ae2b6f-2379-4465-aa37-8fc06ffbae66,0.167,none
b46c37f0-bac7-40f6-90a6-814e940f48df,f4e230e2-4376-4cde-bcd6-1a0a3e5e7a0b,0.1481,link
4d1bd914-0b02-4383-a817-4cfab07631ee,05d9a2bf-d469-4ce5-851d-f26b60b414a1,0.1476,link
7ccc01fa-089b-42ef-badb-310a5a5690a2,f94eb05d-90cd-4b8d-aca0-e13f7e9ae889,0.2795,link
0ebc94a2-4fd9-48e9-9e0e-6c9a09ce7543,67a619e3-dcff-4608-bad8-bfcf40d6790a,0.156,link
2c26910b-5aaa-46d8-9e28-38f2a81e7e85,66d9e7bc-e9d0-45f8-8230-f6e0d54a9e27,0.1641,merge
35ea74f3-dbf1-4c22-806c-23f0ff1ef2bc,29d83893-8369-4976-aef1-5eae04999781,0.1155,link
9908eed2-43e5-4533-825f-2c0919a5fc70,2d58fd1e-4d00-429e-8f6f-50dd9b98af63,0.1193,link
d00ff2da-e024-4e73-93c2-4a68d3776bed,d9c337e5-1a6e-4346-8ec2-1ad79d2b5da6,0.0692,none
0da7ed8f-8866-45b4-8189-2fd5c1afe611,d553534f-46e0-4223-a4ec-7a602828e04b,0.1506,merge
3651e93d-7481-4388-9e82-a31ea3a3f01a,ad447011-65db-4aa2-b16e-66e67cb98815,0.1358,link
b28b6c7b-f3ad-407c-b86b-0adbf7c3a4cc,ad447011-65db-4aa2-b16e-66e67cb98815,0.2368,merge
10674905-2577-4846-93aa-0957ab4e7f32,ddd30b62-4d18-47e6-a9dd-721e68e87df4,0.1222,link
78fc082a-ab34-4188-8b72-1815e83a6ccf,418bd4f4-5879-4ad2-9706-23ecd8dffa94,0.0921,link
49660fc8-f18c-41b4-8775-7ead5190a361,d73c46bd-52b4-47fc-a03d-3467f02fa667,0.1268,link
f7a40aac-f0df-44df-9546-1c21ba3a7438,881ed8b3-7c04-441f-a9af-a6b1d20f6d64,0.1716,link
62830ab6-5eb4-449f-bb8e-515257d45899,f156f058-c920-4a53-9d06-4e28f2c7dc1d,0.2678,merge
cc9349d4-64cf-4d11-a2ad-5e2c4a60126a,52f73b9c-7380-4979-80a6-7a47be53ab4b,0.1708,link
ca586e66-9959-444e-9e05-c454b00695c2,2082b2b5-cf15-40bf-9883-75ea60257f1f,0.2196,link
354d91fa-f052-40d9-9b4b-6c3be52dce4d,1eea979a-c084-487f-bdf8-ecfae74e3b79,0.196,merge
c6551c9c-527c-4727-a78f-36c1475b73ed,7f0dcbf4-6340-45ca-aba8-c01a2690c26f,0.2397,link
762642d3-cd6f-4c0d-8f61-a23147e9cd68,2f9dd3ca-789b-447d-ba7b-57a0c931da01,0.165,link
8a67f826-e5dd-42a9-9343-970f33b31a60,f858ed4e-5162-46ca-813a-d58bcc8faad3,0.0811,link
288e0bb4-64f8-46a2-8a6c-814234ac4322,152bc3d5-b96c-497e-83b4-9b740f62f46a,0.1046,merge
88feb7e9-2a52-488a-9fb6-6db9aaa59fbe,a0b8e97d-f1c6-457e-b823-a3be4f0748fd,0.2613,link
909fd359-5b08-4ff5-9819-aa052d3cbe74,c2f975c8-cf18-4f11-8957-8496e250a6d0,0.187,link
dca29719-2709-4d0c-ad03-ca25265f7fd3,b597a009-0fa1-48f4-b1c7-1a5ca208acd4,0.1467,link
eab71e52-f862-4649-a49c-42685dbc84ac,f74961d6-c732-43de-a951-3bde6b75a270,0.2121,link
9f0572a8-0626-43a0-9ff4-96598c53b715,87d88718-5509-474d-8934-99af54406ae8,0.2344,merge
c961c6cd-12c9-47b6-bc1a-ff84e9beaf7d,e9d34933-48d3-4b52-940d-4b5b3f8525d8,0.1942,link
c1013b55-f909-4aa2-8b35-b280ccf7a846,e18144fd-c3d3-44b6-926f-92101a7f45cd,0.1832,link
da858056-66ff-418c-8ff9-57469b2194d3,46242c1d-bd24-4bb2-9c69-973de95072e3,0.2456,merge
f37c06d6-b065-4bb5-a1f7-571ebc52a748,7094a379-5aa4-41e1-8603-410712508f12,0.1565,link
fd5abff1-dcf0-4514-a209-2f5fa645ec6f,51c90f2a-c79a-4f4e-bf1d-af54abfb4422,0.2266,none
d6abb2ca-9766-4373-bb45-b1c3c4e2112e,c4279e45-14ca-404f-9015-0fe5a9327d77,0.2149,link
de26a09e-a637-48b4-aed9-f1b72e05de02,7094a379-5aa4-41e1-8603-410712508f12,0.151,link
2f946b55-f8d2-4b6b-acb0-16de1563aca7,bd5c209d-2b21-4aa9-9490-cf24bbf9bae1,0.1117,link
12a14de3-9eec-4d14-a068-9fb8e3e8dec5,1348bd31-4397-45f3-8861-096aa6aa7c61,0.1589,link
e77ef2e0-c8d2-44d3-af5d-ddc3199b2b63,2400c05a-ab32-4eca-b789-f2785eccf979,0.2001,link
571adf9a-34e7-478d-a52a-40c1fc836aab,2c991227-3f42-46c5-aa6b-af3d3c106f6f,0.1299,link
fa578a88-e282-42b9-9f37-0dfc881e0959,5fc3e31d-4ac2-42a6-8350-ffa91baddf57,0.0775,link
f644ea04-a180-4dab-810a-fa7249f2ced5,0e96104d-8b51-458e-9b65-965da7f987f2,0.1863,link
f3ebac8e-8239-4c81-927e-3ae48cd22691,bc6791eb-52c5-40c8-b7cf-ee5eb5ddaf0c,0.1472,none
476fa8ce-48ef-4c38-96c5-91131ed97d04,23743a3a-b24f-49f7-9622-4d96e4006c90,0.4006,merge
713c39a9-842a-4b8d-a975-fb35c32a8367,4f7441c6-baf5-41bd-9c13-da8923e16efc,0.2731,link
329e9477-d510-4de5-b98b-a4584c7d0a01,4f7441c6-baf5-41bd-9c13-da8923e16efc,0.2732,link
04a7db4a-c9cc-4832-a4b7-7f90fbcfe1df,56f6c231-91c3-4f38-8a05-74c95da624a7,0.1825,link
abeb23c1-37b6-41ba-a98b-6159d74ad239,9badb6d7-407e-40c3-ae1c-e4cd2659a7a3,0.1381,link
7cd2d735-44bd-4c22-8fa4-73ca26d84a49,23202ba0-5534-4dc9-a77a-b94d276f97d3,0.161,link
39e00d51-7131-45b8-8404-f8f2affc1dca,679b7004-36f1-44fa-b677-18618fc32e49,0.1447,link
e9c48ecb-deba-4c93-9663-ecabe4df21da,055f8517-ffa7-4747-b2ba-cc1ddd00e608,0.1374,link
6cf54145-df5c-459a-ab3c-f3000f4f9fba,12996961-38c7-4677-97bd-8b09bef4f930,0.0775,link
fb546abb-cbb8-4a36-8c62-94ae3f57f4be,449668a9-2af6-4430-a754-b709ee59f6e3,0.1271,link
1aca0ab0-ba31-4c35-a9c9-3c83da6ab920,23e540ea-48f1-4c04-a8a7-73441fa2fbae,0.2331,link
1e3f62ce-85e8-4381-a0c6-26345e3fb5ce,76d65778-b447-4e8c-b853-4d5d50f3dbf7,0.1289,link
a012d663-632a-41b4-be5b-5e742be7facb,e8dcd8b0-61ad-49e2-8f1c-fbec7197f02e,0.1135,link
3e5970cd-af3e-458c-961c-4782dd45cb72,d22c541a-9ed1-4cb1-a13c-3f04a184b9b4,0.2214,link
e895dcbc-cc50-4ebd-9286-b68eb5f86ce9,7c81f05c-ab0d-4bf1-af7c-8cdcc1456518,0.2472,merge
aef12bdd-6c0f-4226-960c-6ca5dc5741d2,bbfe9b9f-3089-4b81-9304-08be01246207,0.1265,link
cffe3178-84b0-44a6-b4b1-67110a9ff690,a4056048-4edc-47f5-951f-c2a15df9a6cf,0.2195,link
66d58890-b235-409f-ad48-2e41de8ec162,8ad8f9ed-de54-43ca-8e10-7ad2b75ac57b,0.2191,link
9bb031b2-23cf-4dc1-9723-739542b8a2d2,1047708d-286e-446f-ad24-16523a09d2c2,0.1329,link
cc96599b-e615-4f83-a696-34560d0d318f,eea2a8e1-2510-4223-a567-22fdda596253,0.204,link
62261113-bcc7-4025-a379-d24252d221ce,238dae2f-a9b4-4133-bc6c-1fd4374a5119,0.2096,merge
7b164195-55a2-426c-9d61-db2909125c66,238dae2f-a9b4-4133-bc6c-1fd4374a5119,0.199,link
fa222f79-c708-4132-8002-3f343fca7efc,d3bfcaf1-a87e-4277-b7d6-7a1f9860d235,0.2553,merge
4d1cb754-8738-4895-89db-e5313c4c9515,cd56a1a3-68b3-4597-9e81-6ef94e72fc62,0.1937,link
1843cd77-c7d5-49d6-ad10-eab194147ab7,2b1876a4-0ca1-45cf-ad40-388829d0301a,0.2439,link
b5c19c09-dad6-472c-90a8-8828b7fe97f6,3ab8eb7e-dd3c-4df4-b2f3-34ae28ae7ad2,0.1403,link
b7354394-29f9-427e-8cdb-dd8f46845de8,8c198ee1-c7b7-4b8f-b773-86360d4fd85f,0.1944,none
91991590-f14a-4e6b-8377-f38ab300e4fd,de7c7dcd-aa52-4e08-a72b-fa61f2d9a9d1,0.1095,none
bfd924ad-3f9a-40a8-b3c2-6a6d11379c72,7fc71dea-0b0e-4dfd-8f2a-c2776af38fdb,0.1847,link
943bd47b-3c43-4291-8b3b-90b226e5250d,d0cacc31-9d3f-4edb-9662-53e0df52f19d,0.0825,link
b0043842-bd25-42ec-9bda-7f5ad09b8c15,fa326531-46e4-4eda-aec0-ef4c1aed0ede,0.1704,link
ea576272-aff4-4ab3-8b66-fb84cceec289,1caf0827-2de9-45d0-9bd6-caa1d37f9f51,0.1306,link
0e1e1a5a-114b-4f36-9bb5-6cc9de229007,2b6e7906-96e8-445b-8545-cad9968061d4,0.1353,link
d6fc921f-c1fa-4cca-b8d9-0c85fc9fe67d,0aee4ea2-35b0-4527-bce4-5afd10783bd0,0.194,merge
52eed962-c70c-4bdf-9c20-36019c50223a,262b5b58-3041-41fd-bbd5-5da6e80e9355,0.2385,link
07468fba-b7ab-4b78-9f92-2c9429a2d0e5,5203bf0e-97b0-4214-85ba-23ae072a41f0,0.1704,link
7b144162-e2ea-4a92-879f-effcf2d53bd9,5203bf0e-97b0-4214-85ba-23ae072a41f0,0.1835,link
4d580bb8-2296-4493-a9c4-1078a981f89c,79bf3481-d6b0-4169-8f1d-4780f3f0bad0,0.1819,link
61b43bf5-662a-484d-b23f-0608318134ad,9d000bd5-c1a3-43f8-8747-a9ec7434ea27,0.2817,link
eae8ee68-c466-4f38-8f44-e1348c40738b,788fd192-69f7-46a7-8528-4584b8ce16d3,0.1907,link
c9c21fbc-1761-4bb3-8a3d-23c2af325515,7115ed75-d859-435a-aa74-111229c2ee3c,0.1972,link
8bf7b4f5-4376-4148-872f-f8dd698927ea,82b9bf5f-b164-472d-81f6-724ff3dba3d1,0.1472,link
d6668b3f-5545-4747-b404-2ce70045f019,0cbd1b62-14f0-4004-815c-afbfbb594626,0.1153,merge
9430543d-0d30-4cc1-89a1-f05bfa85b0ca,07ada203-6126-4e8b-89ab-b155ee46ac71,0.1613,link
4ced63df-2df1-43f9-b3e6-913f1cfd21be,b6aa8667-9391-4aed-becc-9489de2f34ee,0.3422,link
1f2b0f78-3158-425c-8e05-44b7e7b9e6f1,3512e40a-c0fd-415e-8f3b-bab76b1b6ad5,0.1756,link
0b21e916-f956-4b58-8285-8a0f3c9b8d46,a6fcc502-ad30-4d55-9499-993bcc7441fa,0.1555,none
4ecd36a9-b8bb-4ba9-babf-fd44266b4199,655e1420-20d6-4b2e-9abc-e48bbc226aec,0.2473,link
ca0f26eb-d97c-43fa-8222-734859ca4ffb,399768b5-d30f-4708-871a-df6475263cac,0.2332,link
bc5c39e0-4192-4b9b-bc32-2c692e9e8600,6b3a14fc-05c9-4646-9b63-ebca20adebc4,0.1667,none
5d73586c-6cca-47f9-a419-97b6753d2b37,9d7bf08e-c439-49b9-8118-4206bc9b3d08,0.1519,none
c6b1efa2-1632-4603-8bb2-93618ab244fb,5be72d09-14f4-4d84-8a2c-1408c9f74d86,0.1765,link_regional
1ea521a2-eb38-4d79-8df4-600fedf07168,ad0204de-5762-4480-a2b1-e2a2c13a7b27,0.1626,link_regional
cdb139dc-760e-48ca-9885-50768c6cc9c2,62ad832a-9370-4c3a-a65b-2c290f895506,0.1985,link
a9cd678b-519a-4041-9d40-511a98830728,296347e3-c8ae-4574-8c74-5e78c73126fd,0.2384,merge
9c1285b7-a3b5-4da2-a9db-4703a2853b66,b621c890-c411-49a4-b84d-6048aba201e2,0.2572,link
8ebfb3af-9db8-486f-a0e9-4fe910b8c015,c047abb4-54d2-44be-9020-5c53a8b639e8,0.3216,link
4c9e3fc2-a959-4b71-8302-5ed46d1c56ba,452aefc6-bea7-4c40-9b1a-fa1108b7b2a8,0.1877,merge
9009c261-6854-4d46-8f37-d4881ed33b29,be9ffea4-ef38-444b-aa7d-4a02419deaf8,0.2397,merge
6774fe70-c62c-4153-8dcb-16ca6fc191cd,61784f92-07f7-4311-83ba-f008e6bcddec,0.4524,merge
b0a384f4-511b-4c66-b45d-df690efe5ed4,4b2d145d-36a0-4086-bca3-3eec8014d2dd,0.3107,merge
741a695f-a537-4293-83b9-3ff5715e728a,9d000bd5-c1a3-43f8-8747-a9ec7434ea27,0.2377,merge
cbf0b343-31d2-4d61-9620-a1ba1e9c14f4,67a53316-0998-4a75-adc0-c4225f4fb889,0.3052,link
faf224f1-bbfa-4c76-addb-a9c6ddb21142,69380c04-a39d-44e7-8378-57e5d3951a73,0.1752,merge
64ca4035-e54b-41f4-8e02-c33cb4b7da27,d9cf7fad-729d-465b-b2f5-fa4a6fd1de10,0.4574,merge
62bcc1d9-7860-4686-8d80-f61bab08d564,61e19d26-92fc-47b1-8645-a0e13134846c,0.0978,link
5bdb570c-89c1-4ae8-b95a-2027c4f21401,f660a72c-19db-4acb-8738-3b0eb6ddcf5b,0.1257,none
a4786174-5cc9-4a2b-b290-49ed6ca82baa,325a97ca-c554-4f10-ba09-77e12065a553,0.1903,none
9b55cc9c-56ab-4cdd-b5f3-1c14ac172df8,936d5e47-7cc1-491d-ac4a-4646f1348daa,0.1798,link
355ac3fc-a0f9-4a33-96a5-457b00d67c5d,631fb907-c9e8-4b29-a912-53172b1faf97,0.2725,link
7783105a-4b1a-46ff-b513-abdcbb6f49a5,140cb064-d85b-4942-835d-130866386198,0.1223,none
ccc06c90-422e-4c7f-98e6-84647fe9f4d1,3c9dcc53-08c4-4684-82c1-2c92b3a7ffe5,0.2352,none
90d504d2-c5e8-47ee-bd4e-db8ff983a825,73a84e34-de31-4b1f-90c5-85b615fd2388,0.2838,link
b87614a0-31c3-4caf-9189-024462e8e224,950eaf3c-ca3f-4157-9ba6-527bb98eaff0,0.1327,link
d746e7a3-4d20-4e1f-9397-edb3fe6a1eed,12f5091c-0c5f-4c86-986e-fc721ea9f204,0.0814,none
b430b6ac-b882-491d-a340-a6b89aec3411,15426ee1-97ca-42d6-be8f-602f8f344d89,0.1586,link
0dd9aaba-8194-414e-aa7d-30eeb908bd2e,e6e418bd-1f8f-410c-a16f-3954a67db051,0.2238,link
2a0550a4-f0d6-4f3c-9b10-60ee9b9a6dcc,e516a179-ce46-4b16-8c33-20f749eff7b9,0.3729,link
a9a6a60f-247a-4e4b-a9ec-ee251a6ff0f0,cb366ea5-533b-4458-8957-00f398ebed67,0.2681,merge
6f64ee0a-03e0-4b0a-8b7a-57e1250680e1,e6e418bd-1f8f-410c-a16f-3954a67db051,0.3861,merge
44c92862-8915-4573-a3cf-ff76dc9739df,2082b2b5-cf15-40bf-9883-75ea60257f1f,0.2078,link
71f67652-8433-4e4e-87fe-5762bed0e168,23202ba0-5534-4dc9-a77a-b94d276f97d3,0.1447,link
ef3f647e-b40d-4df8-94f0-985479cd3dad,936d5e47-7cc1-491d-ac4a-4646f1348daa,0.1098,link
d3e2ea57-8b18-4224-a741-25c559485b13,fda9f916-695d-414d-9685-db848d98dcd7,0.1176,link
bf75c79f-9836-4596-91a8-cae323635fc9,423d1623-8574-433d-8502-98c00d94778f,0.3097,merge
0754bdd5-31c2-4a47-bd19-c7d2f63650f6,423d1623-8574-433d-8502-98c00d94778f,0.139,link
72d4bb2b-58df-46cc-b228-5c3a58388dbb,0e96104d-8b51-458e-9b65-965da7f987f2,0.4568,link
fc438fef-b04e-4753-9e01-442e796a718d,4e5438eb-3a94-41e7-82a7-4d56922ead1a,0.1524,link
bd247052-89a5-46c6-b9b5-b082a9b48336,54ac6be9-fc1e-4aa2-9d18-cc0a4c4d4598,0.5046,merge
fb193ce8-19f1-47b7-ac0e-44e6017c517d,ff8bd1f2-941c-4475-93c5-d889fcafbc5e,0.3529,merge
3e0d12fe-6e74-4229-b9b3-1ceb69e06c7c,950eaf3c-ca3f-4157-9ba6-527bb98eaff0,0.1725,link
5b670797-447d-4beb-8641-919b43bfd09f,0376f9fd-cd7d-44cc-a81b-1a63bdbbb369,0.1669,link
0ef7777b-6d72-4f79-a633-a7aaf3125128,bcb30dd9-2ecc-4fc1-a5db-6d20d7732fba,0.1891,none
d594c596-b579-4820-9661-182faa60c82b,199d1224-39f0-4d0e-a06e-b56e75837102,0.1669,link
d924596b-523a-4347-a260-37ba6581a6ab,a36f5834-9436-4e04-924c-5df2bc7b6d6c,0.1292,link
0537e24d-714d-4ef3-adcb-bb24b4fd103b,feb06512-0b85-4207-a939-1b0d4986c265,0.2246,merge
f6f762c4-6d01-4cc9-adf9-a9438d531567,4227bef3-e5d0-490d-8879-18568a211685,0.1208,link
e821b9ff-c3dc-4378-bb21-bdbdd6a0942e,c14ee90d-0c31-4b96-beff-01fe9ddb6b93,0.2062,link
225690d3-f54b-4496-a59b-46d2d6d2c9aa,b2a88902-9b8d-4b0d-acf5-da634aab69e7,0.199,link
8bd22266-4fd3-4be9-a296-dd02c49db66c,c6487949-b71d-4800-903f-bbd7baad103f,0.1854,link_regional
9399e2fe-fa4c-4dff-b32e-43bb8929f0c0,1337f2d3-596d-4d6f-84b6-f3fdc13e3de8,0.4644,merge
68252dab-d9f7-4eea-9923-c13237cbb01a,6d7286b2-9fee-4db9-837b-0e4cd2f33831,0.3289,merge
c701910b-ad91-43c0-b911-331f7c64b213,0f72b962-e0ec-4212-b4d4-38cc9c2e6e76,0.2206,link_regional
80db8d88-8667-4049-b988-f8de1bdc6549,40ad110f-50b4-435e-9054-11917175a39c,0.1797,link
34f1c11e-f4f6-457d-bcbb-0af660c7b0b3,6f75dc5f-66db-400f-83e0-93bb41edfd10,0.2654,none
e645245c-97aa-46b5-add1-e23c29084a77,d35a911d-2e9e-4927-a60a-4e709a690693,0.1622,none
8b770fbb-d2b4-45cc-8d0c-50cfefa1df6e,21b20009-177e-43a4-bcdc-b7fcab2809b9,0.262,link
b8d8609f-a528-4f96-af7b-e3abe77fbb28,a8c251fe-a692-47ee-9c42-1f062fe289aa,0.2784,link
374af1a1-d939-4316-b125-9d45f9641424,325a97ca-c554-4f10-ba09-77e12065a553,0.1665,link
3c01e1ae-a444-402e-942c-7fb612d67beb,325a97ca-c554-4f10-ba09-77e12065a553,0.0995,link
d0987a77-65a1-4037-87f3-8d92159800d8,e6e418bd-1f8f-410c-a16f-3954a67db051,0.3448,merge
5fdee5bf-0b92-43e8-bf26-ce5512b0c871,1a1d2ef7-f886-42c2-811d-5e252d7d5083,0.1704,link
543454ce-f500-485f-9be5-a023bc94961d,ac931c5f-a7f3-41b0-83cd-a2e2e4d052f9,0.1155,link
46602863-0fbb-4473-9480-77a3e666c4db,42b94c70-f691-457d-8304-d5b376323eb6,0.161,merge
79ddc701-2117-4674-a2a0-cec955cfea39,a8c251fe-a692-47ee-9c42-1f062fe289aa,0.3092,link
d20f4d64-6da1-4d01-b261-b7846ce05371,db61cf12-18fd-4a8f-b806-d66ec8df23d1,0.2246,link
f57c9fb6-46e5-4b24-b45a-2d3daeb78057,7094a379-5aa4-41e1-8603-410712508f12,0.2095,link
b91b7de2-e5c8-4c78-8f21-be4373f5b7b0,9ea8f359-caeb-47fb-b22a-4de8f928a01a,0.1041,link
9c46ed09-bf42-40af-aad2-73edfa180f8a,31c793b6-8612-4821-bae2-83fdbbb88273,0.1452,link
0a945e27-e1ec-488f-87ec-d74a6e4ce02c,61784f92-07f7-4311-83ba-f008e6bcddec,0.3184,link_regional
06bc8710-f5e7-40d2-980a-f87f7fb80b1c,531ea63a-7d9e-4eb6-b81c-eb7cf261faa6,0.3572,link_regional
d21f4b3f-8a7f-4a0c-a8e9-c9e71509f7c8,81e4be28-4729-410a-b42d-6bd33f6845ab,0.4712,merge
25d7caa8-f4b3-4b50-b966-9ad5315bbd29,30291368-8373-4c96-b728-546b2c5a04c6,0.4507,merge
5ac86e85-d1d5-4ef2-9cea-3503dd53b913,a0b8e97d-f1c6-457e-b823-a3be4f0748fd,0.2661,link
aeecd9a4-5e3a-4a94-bf11-8f7feea4bb2d,5a4863d3-559b-48e0-b727-d3a64abaa54f,0.2846,link
a2b8be2e-8f34-456a-aedd-2ffde0d9ecbb,d0c53f0e-bbce-40ed-addb-841f9f2588cd,0.2084,merge
25a9c695-c559-4bc4-9e7c-76cae941cfa5,aba42c66-0ee3-4748-b5fe-fbb636f9d643,0.1102,none
273b860c-b7da-4dd5-bb77-8484c1bc1b68,ff75580c-2c76-4c42-b9d9-b250d47b812b,0.1692,none
842ff1eb-6be0-42b1-b5b1-0e176717c5d3,dfc3e5b9-c1d9-437c-bbf2-a63a85ff4d53,0.1049,link
c702b2a6-c5ba-441d-9946-07ed43d59f1b,0a5d1ca5-6f3f-41ba-b68b-0a27b953e93c,0.096,link
5959041b-79ae-44f5-ba27-a5c8703db6dc,12327dc0-6ac5-4e64-87e9-0435c5f1f06e,0.1248,link
03c26cd5-3947-4679-b1d0-fbd36592ea24,4a16adfc-0027-40c1-bc75-650506418723,0.1628,link
83d4e888-f4f2-4bff-9f7c-f6b5703b3bcd,11c1397e-c630-483f-a2b3-7b3da546f059,0.0678,link
093fa5d8-fe94-4f55-8227-56ba33b3efc5,9d000bd5-c1a3-43f8-8747-a9ec7434ea27,0.1764,merge
653c8133-9c45-4726-9989-466f7e865fa4,0e103d8f-c9a9-492e-8344-fdb08da944c8,0.2301,link
9d86c958-f83f-4621-aa7d-7a5a5042a4bd,5b37a619-563e-4e01-a9ff-aea2f44a8156,0.1676,none
c3ea9862-c988-497a-b23f-e0e494f5371e,2332870e-036a-435f-9375-3daa7dbd4d88,0.1493,merge
edb2729c-93d7-4271-b31e-139fad6e0e84,5ac120dc-1824-4fd8-86d5-f5509ff3c8f6,0.1662,link
e26181b1-27e3-445d-a24d-74e1c2d000e7,06a4598a-8c39-4c80-8977-718ecfacba64,0.1356,link
8fd114ed-b32d-484a-8934-b49f23fec4af,f9b7bfe0-56bd-4f7f-9da2-ad8a4c68e504,0.1185,link
dece1645-cd34-482c-a5b0-3e934507ff8c,f9b7bfe0-56bd-4f7f-9da2-ad8a4c68e504,0.0988,link
64ea597e-e405-45ea-ae17-d6c289cbf124,ec8144f3-102c-4ba1-881a-d1beb5ef54ba,0.1789,link
0de1e38b-9361-496d-865a-3da08049af1c,c6a84570-813c-40e2-934a-2f15d4012c75,0.1165,link
f4d8ee55-9113-4e67-b73c-c4256712684d,6f75dc5f-66db-400f-83e0-93bb41edfd10,0.2693,merge
db461ee3-0111-450d-94b6-93cf06590d9e,13fa94f4-7d62-4fe9-b2d1-e0156530aaaa,0.3028,merge
54c2c832-cf89-4b96-a0d2-5462da709419,722f7511-550e-4057-8435-fc151eaffa6f,0.1935,link_regional
6217a75a-0498-443f-8671-7525d712cbf1,66daba44-1566-428f-849d-cd59ffc10552,0.1275,link_regional
755061f8-3ef6-46c3-91fb-b0d9144a40e4,d40cb1b0-5f1c-416e-81dc-6cc82c836b5d,0.1854,link
2791b616-483e-4ff5-9e1f-62ac6aa5351b,7bd8e4d6-8e74-4315-959e-2529970b398c,0.3053,merge
90765039-b4ea-419a-9ccc-861ce906d976,7bd8e4d6-8e74-4315-959e-2529970b398c,0.1534,merge
340bc108-5b1f-49f2-bb6b-6d4c57944d6f,4bd15736-d43d-417e-b481-620134115922,0.1915,merge
af5c91ca-c286-4919-8085-a37b7346d2a3,90477bf8-0000-4f1b-8c92-bea8b05fec10,0.1391,link
b27a276f-6904-40f2-8997-1e732da77045,11c1397e-c630-483f-a2b3-7b3da546f059,0.1269,link
a4b63e34-d40b-429f-bfbf-0cd5f3d92d67,4fd8de1b-1bc3-4f67-9d98-08271cd0b278,0.2051,link
2db08feb-ae37-4922-b7d7-808f9b249bf6,f498b24a-bf6f-4fdd-8be6-5819ef1f8780,0.2674,link
1c4480ef-819f-481c-947a-29749316a46a,f498b24a-bf6f-4fdd-8be6-5819ef1f8780,0.204,merge
87ffd168-f389-4e6a-81ea-c59f1aacbd03,6f75dc5f-66db-400f-83e0-93bb41edfd10,0.2162,none
797cae65-2824-4734-a8ba-c7e3864dacac,31c793b6-8612-4821-bae2-83fdbbb88273,0.1351,link_regional
0b132118-25ff-45c2-b6ed-85e504640301,6330815d-cdb5-4fa9-952e-08fd5ca1dc60,0.1403,link
26afb4ca-c77d-4da3-a389-7eda1b8cb662,93c06487-46e4-4f2d-8e5e-61c162ed4755,0.1617,link_regional
1a17e316-f3dc-4b3b-940e-f13a6cf41640,07ada203-6126-4e8b-89ab-b155ee46ac71,0.1136,link_regional
f8ad758a-5da6-493c-b13e-3e4907e3692d,eba3a236-daff-47a3-a9f3-4946bdd0fae4,0.1151,link_regional
cc995e68-1a5a-4a9c-b086-1ae9c2eb7a1a,22b85cb7-9096-4c52-bf10-a00d2a010f4e,0.1565,link_regional
241199b0-b995-45aa-9963-f561d9d80f3f,eadca6e2-13bd-44d9-9acc-82cb57b322e7,0.2813,link
d308ab9a-c4cb-4270-b449-6f6ce7fdc651,deef3073-1190-446f-8223-732a789292e1,0.3099,link
cdeea3b6-5396-42ca-b7a6-f564c60d329f,e579a1c4-9c9f-4b01-98af-ff363dd85eb5,0.1612,link
0d741e78-eda3-4916-af1b-58951173389c,878b107d-fdc8-42f2-a048-382edca2c92c,0.2134,link
2618d9b8-b1ea-4dfc-9a6e-d4017368e234,9c9705a9-ea7e-43a0-bc32-fbc7e771f745,0.1334,merge
3107e552-6bb5-4782-ab5a-1ab41a207a10,f121f5d7-8a4e-4a21-8791-7ca2a7608f36,0.2321,link_regional
f22d8c75-ccbb-4b34-9157-25c97617dcdc,07af7f6b-4980-42c9-afaa-ce91f33d9e00,0.217,link_regional
fef6b3cd-96ff-4875-b763-58657c6b2d8e,b42d981c-7712-4c9f-a245-6f57f714bed7,0.113,link_regional
2348acf4-44b0-4df8-b795-7f4fd13d349d,8274566f-7e70-444f-8ae9-13ecd8446682,0.2186,link
a899fa3e-5138-4247-9348-df6f07ac9e61,9cd434a7-4cfb-46fb-b613-821f45228d25,0.1272,none
e0cff01c-e3c3-4c82-9f84-36b5240b3935,eadca6e2-13bd-44d9-9acc-82cb57b322e7,0.1858,link
e0a130e8-0445-4be0-9cdf-fe406c69bd37,420fb293-e9b7-40db-b96b-39581a6cedb4,0.3082,merge
4459e005-ab5d-4969-b842-6c6b40a02332,9c804bb0-44b8-4e30-a300-03462bd85ef9,0.3764,merge
93a5ef60-75e4-4e5f-b140-594d81f6c671,9c804bb0-44b8-4e30-a300-03462bd85ef9,0.4168,merge
a25bd820-d08b-483b-8ee4-3034acabe4c6,365d95e5-0776-44d6-8459-263568ae3236,0.1888,merge
7bd69d9e-e128-4f16-ace3-5b77f21b7e7f,976380c1-f779-4668-8886-e58f625066b0,0.0657,link
f8660fdc-d6a0-4ae2-b457-ab4235c194d2,1caf0827-2de9-45d0-9bd6-caa1d37f9f51,0.1784,none
689e4ac0-eedd-402d-8c6b-5f1df07d9ac6,8da948c3-2e8b-4fad-9563-47205fa13d7e,0.2024,link
82cd8756-bc43-4182-9121-74d9a3aa4b5c,ab58b1e6-dbf0-42fc-b534-afc272f776c1,0.1639,link
9ae61241-473f-476a-b7aa-ac3cb3f1e9a5,107295c0-e69e-40bf-93e7-2b4e6c9d8ee9,0.0922,none
a259dbad-c4da-4258-a361-d7dd08d65684,12d5b5c9-926a-4772-9623-8dd0667b1c2d,0.1645,link
6ba27cfe-6ed3-495f-8248-b66fe2d70461,12d5b5c9-926a-4772-9623-8dd0667b1c2d,0.1677,link
930cdf47-6b5c-4aae-adf8-f14d067bbbea,3e252b19-51bc-4298-a25c-07123ca18354,0.4046,merge
2c5e2797-5b26-4924-8d84-68090d72b2b3,4dc39b7d-8c9e-4c8c-a295-811d3a5ba6e6,0.199,link
1f5126fb-950f-4129-9590-d1d9d0f20e71,cbfd9225-5a68-4ffd-8a62-c8245392c36e,0.3333,link
c6395663-62a4-488b-8769-581e08a2f45a,0d315c55-2953-4bae-9638-93d987d0e4b4,0.1642,link
393f911f-e4a4-48fe-b327-122d82c3256d,0e84e7f6-039b-4744-8eec-e51dc4fdde9e,0.2057,link
a7bb2aa5-ea0d-4391-86fc-d04e98ff9dca,87b980c4-69e2-4186-ad15-e4e56569a946,0.1196,none
448d2971-4729-41b5-b2be-f66adfa7b058,93cc1d71-933e-425a-8e98-5dd258826eba,0.1022,link
9866d6e4-5ce3-435a-8482-c9de5f907460,12d5b5c9-926a-4772-9623-8dd0667b1c2d,0.1923,merge
6587adcd-2f38-472f-a290-64f8d93e3685,858bb264-acdd-4ffd-bca3-f9e5fca96a1e,0.1133,link
bd6e7a43-dabe-4291-8be7-c627e6d68531,b1c1dc57-df67-4d6a-b65e-6cd78af16b47,0.1366,link
7fe6966c-5ba5-4e19-b8c1-7b732c8167f3,c2ccc754-7efa-40cc-891a-ffdcf4d473ea,0.2821,merge
54c2727a-7956-4311-9afc-e9ccbec44528,fac90ed1-5c17-466a-9b9e-42321e8e4735,0.096,none
afe75ad8-4f09-4d18-9de1-bff033798558,af2baaf5-f6ca-4da1-bfac-eef716425357,0.1534,none
923e29e4-c701-479c-a5ea-0975f037dc8a,de7c7dcd-aa52-4e08-a72b-fa61f2d9a9d1,0.1043,none
ce8267f9-9cfb-4a80-8172-49f2e237e06b,4c69eafa-6851-4746-85b6-0bdabb1d1ec7,0.2913,link_regional
6b08db0a-7c26-4725-b87f-9936e8609881,bcc19e4c-f47b-4d90-832b-b1b8e59a43d2,0.4037,link
4d618e8f-2691-4ba5-b994-6e7fbe3027c3,01e9b3f5-2868-4300-b264-66f922f107c6,0.2491,none
a00d84fd-b466-409c-8527-db9002669145,3c14ecbe-a7c3-4844-9358-57887061f23a,0.0849,link
8869ef64-1645-4bfc-81e3-030c0fc5ca1f,a08f1ab1-073e-4edc-88c6-9c9a96795fd8,0.1491,link
f7a2d96b-6aab-4643-a21e-a12eaa52e43e,cdfc4e77-1a52-4f5d-a0ca-e33c8c3ef562,0.1115,link
5ca9116d-d576-4abd-b849-cf805ad22428,dc6e98a6-71df-4dcc-adaa-2c1276805c3d,0.1715,none
08faa5c0-4832-4c5e-96cb-ea75e50e3edd,cb13aa3a-1952-4694-979d-63fbf207eac6,0.2662,none
5ed23357-bdbc-45ea-b8d2-56ddb0788367,efc3ad9e-2e8b-45d9-b16c-34f0c2613498,0.2188,none
58e6c9b9-d643-4bd6-ab05-49b7acc0456e,19e8cf3c-9b9d-4282-beba-4b40138b13c6,0.0571,none
edbc844d-654b-461e-bc17-7e79ea6de07f,f3404c56-bcdd-4962-88c7-72d11686e6f4,0.1345,none
fc3efde6-190c-40d3-b5dc-3fc41064ec03,22918a5f-c7cf-49e2-94f6-b8c6c59467fe,0.2005,none
f6f0303c-107e-4c1d-8500-c990fe4b58b2,56a2f248-f0cd-471e-9fac-278c54df917b,0.2519,link
48529c02-37f5-4b4c-9411-bfaf416318ac,fa5564e6-156c-4910-a119-f23a9c4e7e8e,0.1504,none
0276fbb6-64b2-41ac-bed7-52440c525166,92bcfc9f-d691-4dac-8c54-78cd97062497,0.1335,none
ddb7bf21-1258-4da4-ab30-a3355cf977c4,7e9dc193-cfbe-4f64-88f9-56a7d7d0150f,0.1207,none
65ee2b98-d2c4-4aef-a840-8c0ebec3084b,71039836-9349-4171-a26a-50013b683f8b,0.1781,link
a55a701c-f516-4380-8abe-21331aea3bee,6fc92663-62f0-482d-825e-572783a61a4d,0.1832,link
39e94a8c-f18a-4ed1-aacc-ee0a7809bf51,4891868e-844f-4bd3-a051-9c981d9266b7,0.1697,link
5e435233-b571-4ed7-9ccf-b995b416a154,cd9ed376-0336-4345-bf33-edf5240af998,0.165,link
681e99f6-c632-4642-9d77-e403d1606f5b,87b980c4-69e2-4186-ad15-e4e56569a946,0.2763,merge
7aead04b-d5b4-4af7-b497-b5dcf1a86fb0,238dae2f-a9b4-4133-bc6c-1fd4374a5119,0.2633,link_regional
2840d346-ec56-4d6a-b2de-b35dec0016e7,a1196a44-a336-42f3-9b55-b6e27fc7d180,0.1508,none
a0cb053e-4cc1-40af-a7f2-3b809ef2ddaa,fa46d881-c3d2-4c1e-b5e3-fcc733203c87,0.2302,link_regional
a01ec737-02a0-4b5a-90cf-63ffea05367c,5c8a1933-bb66-451f-8b2f-5b641e1719d0,0.1883,link
637044db-01c6-437b-8b64-b7a8ea48331f,97b3c7cb-e184-4639-b484-1dfa4eb879b6,0.2747,link
1bfac6bb-43fb-4333-a380-0c24f61128a4,1937f7c2-ae40-4562-bc5d-08eea1e6ea53,0.2521,none
c7061fed-f433-43f8-8ac5-492cd010075b,406f15b4-ea8d-43a1-b0cb-676ec73a403f,0.0802,link
756cec73-79c7-4d85-8790-f28757f4f268,22a07963-573d-404f-a725-c3b856e66dc4,0.108,link
517f983b-038c-477d-990c-dafda7955d43,ce6eb3b1-69be-4371-b905-fc7695db1de9,0.3275,link
6cc8268b-63a2-4c7c-8df5-833e2b410486,4cff7077-ca0e-491c-9188-c2cd1403cd94,0.0887,link
bd9cd28c-c821-466a-bee4-eae97687f75d,1a72b776-c232-4d0f-835c-a596ab728e6a,0.1801,link
4abe7310-f9a8-47fb-9f62-f759b921e300,a52fffce-60bb-418a-b026-9def4448905b,0.3987,merge
79e630fc-9a23-4a58-9058-7008d74cc8fc,d4863322-2518-4cea-bc0e-5ed477772fe4,0.3459,link
5386f3e6-8a6e-45e7-a94e-8b979feda32d,5141e0d8-dab8-491a-bca3-76942fa2c117,0.2572,link
5c82631d-8d82-4ae5-a842-215e7006e284,4fd8de1b-1bc3-4f67-9d98-08271cd0b278,0.1873,merge
ff0e027b-c283-4c44-9946-1e904587c6c3,85568bbe-bd80-4a0c-afb0-fbd9417b8645,0.2426,link
d6776fc6-f17b-40ca-99ff-60c2653c2a63,cb7502b9-04f1-4bd0-a092-3a59eb838751,0.1946,merge
6d1a4348-dfb7-4e24-85ee-d4064d8d1794,13fa94f4-7d62-4fe9-b2d1-e0156530aaaa,0.1572,merge
47cf50cd-aa10-4905-b8ce-0ed1c1ab24bf,4e1cb494-25b9-41a2-bfd2-5f43bd60d1c5,0.2194,link
9f1f5108-e4f4-4682-a9df-f510ed4010d9,10dafd4f-5308-4cbc-b3a9-e10503c32682,0.1718,merge
a676c7e2-0dcf-4011-9f40-f35923fb56d2,61e19d26-92fc-47b1-8645-a0e13134846c,0.1391,link
d1c7b6be-9314-42b8-bf07-03e71f7ede0e,12f5091c-0c5f-4c86-986e-fc721ea9f204,0.2877,link
5b1fe6fe-ad9f-4a1b-92b9-3c6e0cd07c4b,c064ae4f-e8b1-4fbd-8203-ef708a96c25a,0.1156,none
aa469251-e690-4b44-af0c-ae73fecb26fb,fa4908e4-b668-4c7c-a27a-4c829d8610ac,0.3037,merge
e35da024-9193-439f-b98e-43d4c874d9e3,a5613234-e385-41ba-8042-67a100fbaf0b,0.3277,merge
a8fffaac-170b-4a83-abe0-6156d072d681,32616fad-ef8b-4b02-823e-04b5d23761cc,0.2387,link
71aeb219-0ec1-471d-b939-1916b0e68f1b,3ee352fd-22fe-4dd2-a7c1-16b7f948d634,0.4131,merge
6b61147d-c158-4e6e-bf3d-b9d5384f0cc6,61784f92-07f7-4311-83ba-f008e6bcddec,0.2818,link_regional
5c1f2699-b375-48e5-a579-dc3c21a48f34,0bfc6bb1-4a7b-42f3-a42f-8afb5aa79d42,0.395,merge
fb6d5b7d-bc9a-40be-9daf-1d1df955dda7,d0c53f0e-bbce-40ed-addb-841f9f2588cd,0.2429,link_regional
b728a6a7-e462-410a-a5cd-ec6824b24e62,52eb55e9-0570-47da-801c-c4136aecf443,0.2211,none
c6781c7b-95f2-4456-ac92-0c56d22a6d86,e18144fd-c3d3-44b6-926f-92101a7f45cd,0.2215,link
aedc4316-6305-4a85-ac52-a59e20c7464c,1fc9cda1-28a8-4113-8efc-c4dd0fd7b9df,0.2143,link
c4ce9c1f-813d-4b2c-b32b-3782a000aa03,f34c2d00-c8b6-47f1-a92d-e0eeb47db511,0.2968,link
aea71adb-0208-4bee-b24d-cd0dd377d842,f992cb77-dadb-4587-adf8-e95dab249fb9,0.0738,none
de37f3b4-7c36-48ce-9415-d23c55cac212,46242c1d-bd24-4bb2-9c69-973de95072e3,0.1503,link
b25bc936-103f-49a2-b706-acf195d57fec,46242c1d-bd24-4bb2-9c69-973de95072e3,0.1518,link
8f76843c-653f-4ec9-8d3e-4ff466d66277,2ad593d5-1a39-48b9-9850-5672ad68175b,0.2175,link
55a38352-a4b7-4885-8936-f18539fa8164,f34c2d00-c8b6-47f1-a92d-e0eeb47db511,0.1869,link
aaa58d3b-4b1f-4b41-b68b-d0e82b1970d3,46242c1d-bd24-4bb2-9c69-973de95072e3,0.1339,link
b1ec64e8-b23a-4048-9acc-46205fc54cdc,61784f92-07f7-4311-83ba-f008e6bcddec,0.1719,link_regional
50977cbd-c4ba-4753-a2de-395814134379,61784f92-07f7-4311-83ba-f008e6bcddec,0.27,link_regional
796d3363-7cfa-4668-8e88-af6036d065a6,f94eb05d-90cd-4b8d-aca0-e13f7e9ae889,0.1722,none
51df47eb-de8c-4138-88d1-0d40b754cc98,0e96104d-8b51-458e-9b65-965da7f987f2,0.1922,link
0a6ebb03-d2ef-4386-98bf-55a1c17fa324,e429fbe0-208c-43bb-a820-6ae28918a574,0.1754,link
332d901c-43a4-4983-8cb5-b8d61d00bb57,5ee23f06-906f-4f6e-a1a7-a841ddd19381,0.1353,none
8e41b965-a68b-432c-9320-d6cfe565428b,c6cd2c9c-9572-407c-a9ea-1b946e9b2ad1,0.1861,link
87f0e012-bb55-46da-93a4-5fa5f86ae8c4,5ee23f06-906f-4f6e-a1a7-a841ddd19381,0.1254,none
07f7bf04-bc0c-4413-b6d0-b9de739137eb,86fdf47d-4c32-4162-a4fb-ac14d7dfd62c,0.1216,link
ca7cad5a-6c2d-4a07-92e5-61e3d7df19fb,f498b24a-bf6f-4fdd-8be6-5819ef1f8780,0.1616,merge
d330cda5-858e-4dad-8840-4db6b216c619,28c18da3-fd37-48db-abde-7a9995f3d6e2,0.1181,link
456119a2-ee2a-45c9-8ebb-f433a4864cad,044e19eb-54de-4665-8335-bdb151263254,0.3598,merge
b9d8f095-8f61-44a8-ac10-a39865dfe5a5,982c7a1f-098b-48a9-af2c-86107b67a6be,0.1389,link
742e4a85-20a6-4ca3-ac8e-4b43a5baac2c,a2107559-45cc-45e1-9b27-368d4e90ed27,0.1488,link
cb67704d-4d7a-406b-8c69-14e3c5f5f14f,0cbd1b62-14f0-4004-815c-afbfbb594626,0.1301,merge
48a7c4fc-9640-4ead-bbe6-ba08f34810a3,0aee4ea2-35b0-4527-bce4-5afd10783bd0,0.1974,merge
023a69ff-14df-425a-ba89-7a13423052ae,24c3ef0a-1680-4118-9d97-ca9d985604af,0.3505,merge
130eaadf-ea54-46a6-a5bd-a35e3c657c88,38eb2ed2-51d5-42db-bafc-266252a7c977,0.1785,link
64c9ed2b-e76d-4861-a930-15779100e8b1,7159e08c-e6eb-4b2f-8dec-60585bbcfc3a,0.2539,link
569f2f5d-f856-402b-8256-4ceab957e55f,28c18da3-fd37-48db-abde-7a9995f3d6e2,0.2637,link
af1919b1-ecf2-4de3-a1e3-068ff723d493,40c448de-b9c1-4ce6-9d20-6b0d04b5ff00,0.1979,link
b1cdfe90-a36d-47f6-bf25-7111699fca71,c047abb4-54d2-44be-9020-5c53a8b639e8,0.1642,link
8a223e6b-a674-429d-a1d1-acdda4b814de,2b1876a4-0ca1-45cf-ad40-388829d0301a,0.1745,merge
fb8e7186-c5b5-44d9-90a4-74c7d5a60778,62af988a-ba7c-4089-a13f-bd681cc1adf5,0.179,link
f089238c-2fec-4d6d-9be7-6f9a31a59027,4891868e-844f-4bd3-a051-9c981d9266b7,0.1712,link
4193f7a6-83a9-485e-9941-147d73136201,b7707ea3-29bf-41d2-bffd-df49c15e0b0a,0.112,link
76d2b04c-b4a1-4f3d-8ce9-cc7105515575,729aa1a3-6b20-4e2f-a488-70295850f2f8,0.4159,link
369f6469-6c2e-4761-8fd5-31a5361df227,cbc63015-3c79-4afd-9a85-74db9130eba8,0.3094,link
ec6bc1b1-a842-4d00-8890-2f2165151442,db6886bd-1498-4fad-9c61-9a652b0f883c,0.2323,merge
3e00b05c-9e19-4666-b955-94bdd689e454,08bbfc2e-1170-433b-82da-64e1777bb987,0.2748,link
653a010d-c8d8-4e8b-be76-ba2a9ae27ddf,ec88e264-5b99-454f-8034-66a8da269baf,0.2666,link
aa04e160-dfbf-42d5-be55-c3805b2ce006,092ff7bf-67eb-4a71-965d-0c1eacc1a8eb,0.1399,link
89ae9ab9-d72c-4e64-91e8-1b8693f30370,24c3ef0a-1680-4118-9d97-ca9d985604af,0.1956,link
48f81bba-5a64-4f96-90ed-8e0c79d54f8c,62c876ce-8aaf-4ae4-a51c-183298e4c880,0.0999,link
6add49a4-d63d-4437-8384-73e2a80a44e9,3290f026-bcf8-4623-b321-cb176e243ea2,0.2023,link
10b36a4c-9319-40f9-82a0-f5cfab5e25e0,8a5aa692-cffe-481c-978c-bce993e91345,0.0804,link
5f46a0e1-5c85-40b7-b6fb-03a5252d6b56,e09654f3-e250-408b-af73-e77b232c8c78,0.1744,link
29475b03-ddb0-4dfe-80a8-e7c3ad19aa69,296472ef-0ef4-42f9-84a9-d19adcc1e045,0.1553,none
56a655a3-bfbd-4cde-a5df-8240fed1facc,a1b9f91e-0192-4ace-96c5-7b0ac2e6421f,0.1401,link
0ecae841-7f6d-4718-8174-65820267befc,40ad110f-50b4-435e-9054-11917175a39c,0.2803,link
df43a970-71fc-4682-9e10-357a6448f3b6,c54898ab-b6c6-4fa8-aaf5-d6cbb778f20f,0.2304,link
e72d7c5d-f3a2-49fc-a652-b835b7c29ad1,eea2a8e1-2510-4223-a567-22fdda596253,0.2392,link
c3ad3ca1-13f1-4f94-bf34-cbdb42b52933,155843d4-242d-48e0-ab27-8380cea99e69,0.1728,link
e72f20e0-abdc-44dc-bd9d-88fed99dc782,6f78c9a9-0430-4108-97f7-66cd6cdc7a28,0.2356,link
15f28937-9bb6-4154-a802-6e1481586acb,0256bb03-b25f-4c48-bd53-fd481b10dd25,0.2446,link
9410d537-19b7-4ad0-b1c1-bedae551ff39,7d93c75b-01a4-4c2d-a06c-f06bb317c950,0.2481,link
148180cf-0bfc-4de7-8047-4fc8b1cf1b05,c7783285-86a9-4a1a-b252-91d23e719a7c,0.1153,link
365b5ba6-027a-4970-8381-44ff0ada9054,c7783285-86a9-4a1a-b252-91d23e719a7c,0.1642,link
f5fa19bc-8b8b-4509-8348-34371261051b,c649daf8-1cd1-4ce8-ad9f-92b6b86d4274,0.3174,link
fa1c1651-4f25-4568-b451-90f0cb89b6e4,6f842bd9-013f-4110-b9be-79327826040c,0.2599,link_regional
b2a1c84e-71c3-406e-afa4-5133fd2e0795,105f2b79-a226-41a6-871d-5e1b7f7913e7,0.1314,none
390bba91-18a8-47d7-8792-e405297ac8e4,4891868e-844f-4bd3-a051-9c981d9266b7,0.1772,link
bacfc7d8-5249-4baa-a631-5a7a67a432ea,2c542028-4403-4e5d-a098-59a78cf45397,0.1519,link
18406e9d-cd59-4672-8c72-614352c470c2,c7783285-86a9-4a1a-b252-91d23e719a7c,0.1666,link
5986b59e-bd47-4847-805f-e96d80b5f24e,323eae82-e76d-4625-b70c-de43bbda9a23,0.2143,link
8e720b8b-54b4-4c18-84f2-39732955fc31,92fd64d3-c51d-4f90-8a6e-29a8b7441f0b,0.2073,link
43eca0f2-85e8-4759-bd60-fa579ec11f34,fdce0e74-2d5c-4f08-ab04-abd1e42a75e8,0.1805,link
71ae5148-5268-438e-a392-e639c91b2613,aa457326-3bdc-4279-8aea-317683fe7c79,0.1455,none
c85598d4-5af4-4aa9-a061-1b9438295e80,7bd4359e-5ae0-464a-8188-1002c982c8ad,0.1307,link
5f1bf8d8-4b76-4d69-8fbc-5a4ff1f7d53e,f4d07232-b15f-4619-a218-c5ad9a7952be,0.1399,link
958f02fe-0116-4980-8c96-bc505089ff2c,8984dc3f-6752-4a5b-8a72-8b083b4c9cb2,0.2138,link
52deb3d2-8881-4a8c-ac3f-09490cb82408,8984dc3f-6752-4a5b-8a72-8b083b4c9cb2,0.1243,link
33c72e34-a51d-45b8-9cec-038bcd0613f6,97b3c7cb-e184-4639-b484-1dfa4eb879b6,0.2131,link
acc10325-41da-453f-8396-8526553f8952,73a84e34-de31-4b1f-90c5-85b615fd2388,0.1592,link
82e383fe-7cee-46bb-9f81-954ac442e879,79bf3481-d6b0-4169-8f1d-4780f3f0bad0,0.1126,link
69035a3d-4f85-444a-9438-16e5ea78ace6,64101ee2-6f22-4062-94eb-43ebb9b6d9b0,0.1733,link
e486a84f-eaf4-4268-b38b-99b1e485e171,b78633bd-b495-4e6e-8b30-af21525f9bfe,0.1437,link
d246b5a2-76ea-4373-80ba-d0a77c486249,1a72b776-c232-4d0f-835c-a596ab728e6a,0.2114,link
5049435f-2d40-42ff-a54a-bf5cd702af9a,1047708d-286e-446f-ad24-16523a09d2c2,0.1075,link
ef9f6661-ccfe-4e42-b270-52aa2d040f53,3290f026-bcf8-4623-b321-cb176e243ea2,0.196,link
2646ee57-8a1f-4278-b306-038815ae1971,887a0588-a1d4-4b71-8da0-37b3c460b711,0.1229,link
82bc3487-ccd0-45ee-abab-45a876e7e6ec,28c18da3-fd37-48db-abde-7a9995f3d6e2,0.2886,merge
2573f768-6b2f-43a6-8fbc-d0d89804df5a,5c2e13e1-fce7-4fdb-a46c-158a58eca283,0.2456,merge
a4171832-d0b1-4ece-9e7a-8360d6e2083a,6ef9de2e-b018-4cf9-97fb-a399ceb1f4fe,0.1201,link
49bced04-8914-4ea4-b2ef-e1c579d6d7df,ed0d942c-d74c-490e-bb88-e3e0b50ebc50,0.1296,link
a8a9d2bb-8eac-4c15-b07f-44c13863d162,16c74043-79b9-4f82-b649-2169f57670de,0.4028,merge
b8340a0c-6ffd-4b78-8f9b-093702d45b69,bd3b6580-8373-4ca5-8cbc-0a0784899b2b,0.2222,merge
e2133500-f94a-4c5b-8dea-d930d9893e90,d31166ab-a46c-4ca6-b4c6-19eb8e299444,0.1354,none
84ed95da-18d7-4fe9-996e-34a5f1c5e998,cc4722a6-2a1e-4ac7-8291-e509ec450ce5,0.1273,link
1879a8ce-e671-415f-9794-68b0c60c6829,125d7d99-2f53-4173-befb-e23eeda52bbf,0.0765,link
4ad9911c-6c16-44a9-ac08-0ddd6876ee5a,b7d718c4-c043-4a19-b4b0-baf418d1e732,0.2375,merge
35225014-1a02-4661-967c-40b14ee05361,b7d718c4-c043-4a19-b4b0-baf418d1e732,0.5477,merge
72d99206-d410-4708-8628-b6a30b480ee7,db51aba2-bbb7-4276-92db-4cd86ce7db0a,0.1314,link
fc02218c-0e9a-4a24-858c-391f3f0f753d,f660a72c-19db-4acb-8738-3b0eb6ddcf5b,0.1152,link
5d41d456-bc14-4543-9b69-6b2e87f5dee7,d6b349cf-8d62-4d9a-a7ee-48be7eddf8e2,0.1471,link
46b1711e-5742-4fc2-8122-07b1d4c89d77,56f6c231-91c3-4f38-8a05-74c95da624a7,0.1081,none
a6a5c638-b8bf-4a3b-a53f-2e92d1a5df1b,79bf3481-d6b0-4169-8f1d-4780f3f0bad0,0.1453,link
5d9e6225-2425-473e-b957-85b4b0dc05ff,dd60925f-f2d6-4800-8e3d-fb4681deb36c,0.5028,merge
4a37b226-564d-4a0b-b4b6-92e97af6f7c4,8714abfc-1e6d-4947-88b3-1f08f5a9479c,0.4118,merge
d6b4909b-d5fc-4b2d-9ffb-5db1e480e522,09ebd40a-87a1-4e5f-b865-6db84d7fdf1b,0.351,merge
8348e295-7a66-4225-a78c-69636375fc7a,25e415ae-45e4-47ac-8d0a-10a08e7bdc69,0.2076,link
17926c6d-9fb0-4910-87a8-05926869e805,ae963cd5-ad87-4a3a-8918-7182c43537f4,0.2329,none
29e31f24-d6f6-407c-970c-233f07291de9,4dce0adb-460f-42ef-86ba-dcb440fbfa20,0.1206,none
f2602cdd-f417-4b88-a010-a2fc82b4e519,7f142f81-6232-462c-87b4-a1760a32046d,0.3238,link
353e7e04-45ce-47ae-b239-e1e633b61d32,420fb293-e9b7-40db-b96b-39581a6cedb4,0.3854,link
333a6abd-78a4-43a9-a8c4-b6373102b529,9c9705a9-ea7e-43a0-bc32-fbc7e771f745,0.3586,link
12105356-e333-42eb-8e73-dfc5ba62d57d,9c9705a9-ea7e-43a0-bc32-fbc7e771f745,0.1793,link
c97e8129-8d6e-4605-8e4c-582110cbf09a,a4071f29-3d6f-4a57-8e09-4b9b67c59b11,0.1392,link
fe21fa66-1199-4a0d-919e-9e38f4afa22f,c257f18a-5223-4f3e-9277-ce71acabe13d,0.0853,link
b87d99c8-973b-4796-8ea7-3e454270a464,c503da4c-7e43-42aa-9c54-3933f69485fc,0.1665,link
862c1b32-0879-449c-aef6-3e05f7df009d,c503da4c-7e43-42aa-9c54-3933f69485fc,0.1646,link
db989a8b-f82b-4663-ba1e-993e7f806f89,246159e4-d9de-489e-82f5-76d00e24ed49,0.4778,link
31f5d901-d0e7-4939-846d-4e478d622480,8bf9e3b1-c6d6-4c6e-bef3-97a100072ed2,0.2961,link
89b9b99a-53a8-4d78-a4c2-633ae8283c51,5320030d-2bc1-4548-a1e0-1f250b314cf2,0.3374,link
eeaae653-d81c-4dfc-8d4a-c83dfa27c4cc,3e3462ed-f037-4098-affe-5030251d16af,0.1387,none
6e9e6666-e461-45d4-8022-4996b337aca5,33c3a7a1-31ef-47a0-8eab-de5e3616cc57,0.0906,none
fa8ed08f-d375-4973-94b6-6ff4d2a4492f,cf17bedd-ac6e-4ad2-9e79-2298e8f58f0e,0.3252,link
95f68ac8-db38-48f4-9696-17017f4179f6,1f347c67-348a-4129-9628-728daa3de53a,0.2148,link
4828b8a3-613a-4b5e-a603-a5f53ce05356,2d58fd1e-4d00-429e-8f6f-50dd9b98af63,0.1479,link
b4a98361-7f10-4c21-89db-113d8f0ec042,2d58fd1e-4d00-429e-8f6f-50dd9b98af63,0.2039,none
2b2c81fd-b8ed-473d-9636-20f501b50eed,20b63ca7-abff-44cf-a77c-424a58b62153,0.0918,none
c88e88ea-a58b-447e-a70b-d983a297dd3f,f36c9287-6474-450a-b249-3ab579c84717,0.1454,none
56e90b61-2acb-4711-9cf0-c43bc929daf4,5fbf131c-6472-465d-b3e3-a84ffb2949d1,0.1209,none
a0009dac-d6b1-419b-828a-ee91e514e671,fe19ad7e-5ad7-4fa8-8f52-b9ae74cc570f,0.171,merge
1a3e246e-cf9e-46e6-b878-a79bdcbc27b4,eec2f771-e73d-488e-8643-75f8586af63a,0.1704,link
3ff5d4f5-257c-4acc-9173-87bdf6ff263e,bb43ac94-4c1f-405c-9541-c12d9cd16f75,0.1615,link
b46ed294-1325-47f3-91cc-c1d1a14e21c8,2d58fd1e-4d00-429e-8f6f-50dd9b98af63,0.1181,link
42a289c6-7cf6-42db-b378-32b1b20d67e9,e4a4410e-6875-46b9-886d-21b7196422ce,0.1696,link
899313e3-cff4-4aa0-91df-9d59b7214385,f36c9287-6474-450a-b249-3ab579c84717,0.1388,none
074a2573-cb63-4576-bd34-dd34b7cee31d,ca412e4b-3e86-4751-9218-e00dc10157ca,0.116,link
d674c38d-5c20-4deb-a1d0-ace2c9efbfae,c257f18a-5223-4f3e-9277-ce71acabe13d,0.1297,link
bf7130b6-8711-49bc-b676-9eda162bb171,64f1defc-e812-437f-b237-808d5e8e03ff,0.2841,merge
dbb99b14-80c2-4cc2-9fd3-2f65b8dfba96,64f1defc-e812-437f-b237-808d5e8e03ff,0.319,link
0faf1295-9631-4cb7-aff7-738b6e1c334c,0413398b-40d8-4f87-9a39-3c042c05e917,0.1927,link
3189288c-75e6-43a2-8ee5-0d0034613b85,0e3fa710-3131-4a74-bbc1-7a06ba6aae59,0.3061,merge
39b45b5a-8398-4ceb-bba3-533e36bd85fb,cb9803a1-0b1e-43cd-80cd-8c691ff610f3,0.2203,link
3a9ed4bc-439c-4543-b9b4-514985bb32ca,1000aa2d-21e7-4b1b-b4eb-fc39fddbd1b6,0.2602,merge
853d6e62-14c6-4cb6-b397-6acf95c8e057,4ed4ff5f-5b10-4971-a42b-b10a7933c1d7,0.3342,merge
05563457-ce26-4df8-8a68-07c48202ebac,65b5bdf5-df35-415d-8934-b875039fed14,0.1249,link
e6bfa953-3f70-4163-b3fb-a8554cfa4703,6c846ffd-6ed3-443c-b387-c394f325a3ea,0.231,merge
4207ed09-8458-41c2-8f63-dab82e14433d,24eb4aaa-8598-4967-9bb9-ff0cf377f036,0.1523,link
82c41ac0-3cb4-4ac2-958c-ffc93f6d9825,9727b9d7-098a-40fd-888b-8cfd81ddeda0,0.0995,link
77fafdba-dd85-48dd-ae36-eb800c1cf710,4f2704b8-a474-4483-890f-b8374dea6d4a,0.3366,link
43995f97-ea99-4559-8603-b769a5b85944,13fa94f4-7d62-4fe9-b2d1-e0156530aaaa,0.2368,merge
42ba18e5-ed1a-4995-ab95-ae5fa27d9fc1,5bd99288-209a-4863-a908-781f6db5f7be,0.2302,link
90abf142-2a6c-4278-8558-baacf4b6cabc,fb1e0fd9-00f5-4106-b444-dad5c928927a,0.2706,none
2bf4b0af-4841-42c0-b968-426c7e2b68b6,fb1e0fd9-00f5-4106-b444-dad5c928927a,0.2495,none
8c220d00-2449-4282-8b92-cfc69068dbf8,c257f18a-5223-4f3e-9277-ce71acabe13d,0.5016,merge
62d394bc-48f1-438e-acbb-34998172f356,d16fd0b7-619f-49d1-a316-5acccf7cf99e,0.1744,link
28809e59-45cd-4df3-925c-6cfd0f13c054,79bf3481-d6b0-4169-8f1d-4780f3f0bad0,0.1757,merge
5b79dd22-bee6-451b-bbb1-f7f3e6ad141e,5203bf0e-97b0-4214-85ba-23ae072a41f0,0.1688,merge
9282e160-9af7-40c3-9387-837fcbd92609,ae35f38a-ffa3-4d90-a620-5ba6508d2fab,0.2059,merge
f943cd6f-a3a2-499a-85e3-3dabbe00f2b7,79bf3481-d6b0-4169-8f1d-4780f3f0bad0,0.1584,link
a891791a-c8b1-4f28-bacb-8a1f41c4a440,d9981689-d513-453d-b0bd-001fca3876fd,0.2838,merge
b4becda5-7f70-4e12-9395-3bf236421100,900ed6dc-b44e-43e8-b951-6b2c98a420c3,0.4208,merge
58cfae1a-5a70-46bc-b33b-8d8702723cbe,900ed6dc-b44e-43e8-b951-6b2c98a420c3,0.2991,link
12af0f28-c72a-4288-9cf2-804331292389,07a3c733-b23f-4bee-a8c7-d2e8464b84a1,0.1466,link
57a746c3-280b-4f9e-9b61-da7324f7a51e,51f04386-4e7e-4c8f-bcf2-293d683a524b,0.255,link
25ec0e60-1119-43a6-9d5b-7abebb98670d,9479cf95-7fb6-484a-8839-37507ee3e278,0.217,merge
fef37d2d-ad7b-40d3-a518-f65af8148f0d,05c0a7e5-33a1-4d3d-8b79-ef166f210880,0.3124,link
fd079d2d-4ec1-4a89-b3a0-1f1eb8092d1c,24f00792-5dd1-4f12-b358-8ddb1adde230,0.1952,link
7c212fb9-db45-4897-86c2-a026f531c71c,4a4b3acd-4da4-48ee-852d-ef2603d15c0f,0.2789,merge
c256e332-b8e1-4547-a4ca-cf010274192f,9faacf1f-eead-4af7-b0d1-fb664df20314,0.1724,merge
62f62375-1dfc-41ea-8df9-88b8af2feb28,0f3b876f-624d-4471-9bd5-4c731bbb3c6a,0.542,merge
b34d2332-296f-43cc-b1ca-8be8fd2a355a,5e6fb641-f81d-4745-bbfd-5d4dff0030bf,0.3435,merge
e12b4774-ed28-40ba-a13d-0629a4d7237a,5ea13fda-a266-4bfb-8672-47c790c730eb,0.2143,link
2633241a-43f0-4f0d-a4ed-13db2cceacbc,9479cf95-7fb6-484a-8839-37507ee3e278,0.2774,merge
27815c1f-c89a-48ba-8f50-586968306453,2c0cf18c-4bf8-46dd-8916-cd84e3119b89,0.1951,link
7d2a3068-f96b-41a1-a4ab-42472618d95e,2a8c1ebd-2eaf-402e-bee1-de8ddb41fcad,0.2234,link
eaf5cb26-69c7-4fae-96ca-2ad2632e7eb6,a10b8079-4fbc-4aac-9f3a-9174e19510ba,0.3426,link
437246a6-8af8-436b-a601-deee2182b627,28c18da3-fd37-48db-abde-7a9995f3d6e2,0.3765,merge
62f26e18-dc0c-4125-88c5-519b5a2f835c,ce591b8f-a3e4-4bea-806f-9d8ac4ec0b4a,0.3416,link
3df261cf-870f-4e13-afa2-6adbf88c842f,26bb4042-f649-4935-b501-94b80cbbd0ce,0.1771,merge
5316d9d4-bfec-48d0-91ad-dc2eef839f62,7f9a724f-229f-4dd7-82ca-b6c62b51ccf1,0.2165,merge
f2103187-4d5d-4bf1-b467-8e201346fb9e,63d2383b-4db5-42d0-acee-b1eb85be292d,0.2521,link
90fb7438-adde-4844-8a48-7899f62a132e,acabc92b-56ac-4cf9-a219-2d8b22768b43,0.0935,none
3d43d9dc-de0f-4eef-b115-d94c7232063d,45bf24ee-e426-4caf-aba8-41081b4c4299,0.1218,none
66332b42-a09a-4e3c-b844-4dc9efe95571,e841736d-d85c-46a6-bfff-50e34dee5f85,0.1091,none
53794405-aef4-4b8f-a7f2-83b79683660c,7c3afcd8-a8fd-466c-9100-fc2551900198,0.1132,link
b4cb7978-82c0-4cf1-a2f1-2e43440f8edf,feeaefac-b277-4f93-8dac-444539d7237f,0.1445,none
759b85bd-47f0-4656-8603-042af3e89204,52065278-f318-4cdd-a980-6c0f49e44e43,0.239,merge
16dc807f-56ba-4476-9d4d-6c9c5faa1310,7a416a45-ec52-4539-aa9e-a867fd4e908a,0.1663,link
389758bd-78f7-4abf-acad-99bd27e20637,41818481-d727-4251-9e46-633786b49286,0.2114,merge
50b70ad6-db85-4220-a7dd-48314033aa34,335a03a2-488d-4a73-b557-c99b5ff6657a,0.1322,link
2417b455-c34c-4f6e-99d0-b5a18c2e413d,013282d0-9be0-4c56-bd05-110d5079cd41,0.1711,link
71e3ad3e-12fd-4a0e-8565-c8dfde7b15e4,b1c3507e-fe1d-479c-8745-2b6f37e5e46d,0.2341,link
8fbefbda-412b-4f82-8ee3-581faf1ba87f,788ffe7f-6a1b-47c6-bada-0810204a779e,0.0959,link
bb211d63-5180-483a-8c79-52c2ed82418e,6313ae92-13d9-411f-b512-bbfc70fd2475,0.1525,link
2314b204-c799-42ae-8b0f-41bbd0414350,922b0c8f-7e6d-4e01-8df9-8f5c9a703745,0.2179,link
cffbca39-ad6c-4e62-b23e-299f28c9a1ab,8d77100f-54e7-4578-8c3a-6cbf23d8d84f,0.1406,link
2af0ba44-3094-422d-aa56-74bf87bab036,1d781497-bb41-4f67-bec2-1ca638fe36f4,0.1586,link
38da6400-23b4-4281-9b53-c1d89a028a75,0a7ab785-11e1-4518-a256-2bbf7a469ef2,0.4518,merge
cb9d0a83-492e-4b76-aa56-6646b193c7b8,0a7ab785-11e1-4518-a256-2bbf7a469ef2,0.1359,merge
bed7c934-523e-47eb-a4f2-d53dcbb389b6,5b2b7d84-92b7-4ffc-bf4a-ceb8fd9f0955,0.2377,link
50492e47-74fc-40ad-ae74-30505fa78fc8,19427ae7-3968-44bf-8484-9c86ce0f98a8,0.1198,merge
5345b646-f303-4489-a666-4e122a2b0b0b,c6cd2c9c-9572-407c-a9ea-1b946e9b2ad1,0.1388,link
78d95ed6-3322-4ca9-abc6-3ee80cb83a1e,c257f18a-5223-4f3e-9277-ce71acabe13d,0.1475,link
44e2c172-05d7-4354-b269-1cede78778e9,c6cd2c9c-9572-407c-a9ea-1b946e9b2ad1,0.1579,merge
662994cd-c9e4-4f92-bbcc-3dabb4ccba55,b478537c-0665-4b3a-8775-acb7ebc11b63,0.0633,link_regional
538a1f18-2cbc-4d6d-99b4-4751d7cd67a1,2082b2b5-cf15-40bf-9883-75ea60257f1f,0.0937,none
de7a6c4d-0bdc-47a0-b90b-4399b08719a5,52f73b9c-7380-4979-80a6-7a47be53ab4b,0.0973,link_regional
0a660d4b-cb20-47c0-973f-30f0f7f5edee,ea8a06a6-73b8-4871-9be3-b60157641f4a,0.1723,link_regional
7e2cf20b-fc62-4b5e-bea9-b6b37d9756cf,9a9ed360-c79a-43a1-8dbe-52b0ae6a2560,0.1717,link
c55e02cc-c91c-4aa4-a966-5660289efce4,0f20d473-91ce-4e7b-843c-889674b6caff,0.1834,merge
6d364d5b-286c-49b8-a254-dcb95ffe6df5,b6407e0a-a7f1-447e-80a9-057a8f15857c,0.4068,merge
92e3fb95-2b3e-4439-90ea-b3c5273d3b86,6d7286b2-9fee-4db9-837b-0e4cd2f33831,0.2292,link
c1314361-e947-4164-8268-b3a3c105e4c1,f1b9e055-fe85-49e4-b9cc-9f817cd104fd,0.4596,link
7d422d9b-24df-48c9-9029-b6c80a96caf1,07ada203-6126-4e8b-89ab-b155ee46ac71,0.158,link
502080c4-da74-4b7d-b03c-708a675ffc84,a8c251fe-a692-47ee-9c42-1f062fe289aa,0.1299,link
3e550bb7-6b5a-4a0b-961b-19b9e886be92,ab3aec8b-a011-48f8-89d1-f9fa8a03a8e3,0.1463,link
048bcb12-58d3-4b96-bdb1-d561b3ba961c,723b7d87-c9b6-49e1-bd57-4d307c7294d3,0.1319,link
b89d9ea9-23e5-467e-a27a-b51a263d23a6,57a15a07-6d3e-40ff-95ef-3402896826af,0.1509,link
a277183f-b51b-4522-b70d-c58a81419905,43cabf23-a3a4-4c9a-b240-1eea9c3cc68e,0.1314,link
7aa0d09c-4562-4262-a9e9-61e4ca761b5f,a66e53e6-01f6-4bed-b601-b684d3dac0ec,0.2067,merge
7fbf4b24-c27b-4ee3-a9b1-09f3286ac53c,3088f0db-ab1f-4708-9fad-0f8cb5e1e2aa,0.1746,link
b99fe7e3-d9d6-42ca-9264-5a8e78db0dba,801590e3-fdd3-4cb7-bf0c-716153c3afb7,0.1727,link
d29f663b-a555-493a-8114-6554080fc8e4,473d1bd3-aed4-4dcd-befe-f41700728f23,0.3241,link
6859080d-6669-4888-9779-b485cef884a2,246159e4-d9de-489e-82f5-76d00e24ed49,0.2308,merge
83d914d4-412e-4f8b-893c-fec9ec30611d,56d360d6-413a-44b1-83d3-3acadc300652,0.2212,link
73007a22-489c-4db0-b959-d69865c2e7a4,9a1c4351-cf49-4ae1-ac6a-e4863e2cb0fe,0.0863,link_regional
541dcd0b-e38d-4fbd-bc33-22122f50f252,6ea718c6-44b5-4811-a8ea-7a0ad8f912f0,0.1713,none
e2f064d0-1b8e-48f2-afca-20dcdf32dae7,d374508e-ffa4-4281-8cd4-dfc36b80ca4d,0.2327,link
57bbca1f-b3d5-4f14-8d7a-1954c22cc8d5,40ad110f-50b4-435e-9054-11917175a39c,0.068,link
75627b86-1922-4b52-8f8b-beba6865a091,e8ada03b-f580-4056-a804-07acec7594a4,0.0914,link
2ff8afe1-fa3e-4ba2-8f79-ec03d64710b9,7484aec0-9d0e-4bfd-b3ec-fce42be49959,0.1661,link
af125b12-ec00-46d7-bba0-b71ac316fe90,834625a4-eaba-46ad-8ff6-55b43fc94175,0.1306,none
3339a2bc-3342-4bb4-8ab3-617b7615699e,8a246827-5257-40c8-9621-b57040a7f1d3,0.1436,link
d2e82db8-23bb-476e-b228-a04bb7cf9f58,f268696a-38fa-4336-8477-bde9bbf1930a,0.1754,link
36a89326-9cf1-4f70-b4f7-efead3cb7368,d62c0c9d-4386-42e5-bc07-b574f9cce4cb,0.1808,link
02e9ce21-472c-457e-b154-ca82e76bc512,155843d4-242d-48e0-ab27-8380cea99e69,0.1916,link
786dd7d5-1de9-404d-a53a-3c418e4b6d69,89273a34-b92c-4317-87ac-aafa83efc168,0.124,link
ac589a35-77e5-43c7-80f6-f9def30bf352,3290f026-bcf8-4623-b321-cb176e243ea2,0.1731,link
ab3d0dd7-604f-43cf-9f99-c285b57ffc68,473d1bd3-aed4-4dcd-befe-f41700728f23,0.1456,link
08e5c225-f241-43dd-a0d2-39f6f54189c3,473d1bd3-aed4-4dcd-befe-f41700728f23,0.1687,link
869c4ec0-d974-49c8-8d66-703f1d7d7e2f,4be6ea75-d318-4224-88c5-789c4872e362,0.155,link
59c4f7d3-2db0-449b-9187-b4c662f34f48,f2ff144b-03d9-4075-b7d7-e1903dbce9ab,0.1203,link
9d98f958-483a-4638-a8ad-4403ca866d07,4dc39b7d-8c9e-4c8c-a295-811d3a5ba6e6,0.164,link
b28a4f8e-9acb-44e0-bf80-5763ac29fb53,dc35ad0c-3e30-459a-9d08-2291656a71f1,0.0816,link
e0f37398-5760-4e7d-a45e-65f9a2f7c802,6c678685-5f61-4659-b6cb-e52fc7a245ec,0.0759,link
95b7c12f-6737-44cc-b303-d2582afd1458,0fb01cc7-3574-4a33-8bbb-39643cf04b15,0.1144,link
9a10cefd-0b32-4a7b-9d72-f01e22f873c0,2039c6d9-9d2f-4d5c-a373-3e3495bc5408,0.2942,link
0252c0e4-8a78-43a0-b5bf-9ceb856bc969,e6a6162e-9785-4a86-ace9-05a9bdc02bd8,0.1341,link
d1194272-659f-45e9-b812-9a37df10a894,43cabf23-a3a4-4c9a-b240-1eea9c3cc68e,0.1271,link
9f33cf39-b43f-4e8f-8285-020acf3ad180,98fd4380-18b9-42ca-b3ba-505e6b16ed08,0.1659,link
d299852c-7c8e-4ea7-b633-b36739b1b68a,638b1af3-4d79-422f-a5cc-4af2524e9e3d,0.3334,merge
e579afd2-abbb-490b-bc27-4fd775e494dd,3254c233-f098-4477-ae05-bf41ddc0ebb4,0.5271,merge
7c837115-0e69-4dc2-8382-b635407dca11,5ca110bb-ea8b-48a6-a142-72e086bd61a7,0.3188,link
ff1a6d9b-0c23-4b56-8533-c0b6307ac030,4f115194-77df-4cfa-868c-2cf9a34346f0,0.3341,link
515a735d-cc6f-4f5a-8e49-9f1e6c9980e9,1c039cfe-61c3-45a2-bf16-71c3a8a554ce,0.0683,link
51f06c3c-8e70-42ea-b932-d82c20af7bac,cb39880a-71ef-49d1-bbff-dfbca4db0537,0.1446,none
970e762e-dcfe-46c1-8af5-07dbd38ab0b5,8a5aa692-cffe-481c-978c-bce993e91345,0.1144,link
11e3acc0-75f3-4b96-a6d6-3ffeab4f791a,01571d1b-0126-46e6-b7fd-808340895d71,0.1631,none
2f095886-de70-4c6d-bdb7-2e0da95d6198,989690e4-6637-4c7e-8f24-f33de582aa5c,0.1551,none
4922eea7-e28d-4f39-b77d-e64ba9ede7c2,5a21dc05-3a1d-4d1d-80fe-6419faeaad9c,0.1844,link
998313a3-6b5c-47d8-a3c8-d230ddaef3f4,9a1c4351-cf49-4ae1-ac6a-e4863e2cb0fe,0.3028,merge
2fa4237a-3f63-4eaa-9365-3ec3caf210f2,e516a179-ce46-4b16-8c33-20f749eff7b9,0.1471,link
ddf9c2e1-8f66-4162-82cb-43a503d0e9e1,ef9d0130-3051-4c63-987b-85f27e0096ad,0.2015,link
ecaf8e50-8f30-465d-a238-ef18c12fcab7,7094a379-5aa4-41e1-8603-410712508f12,0.1623,link
0f5cec02-133c-42c8-b1a7-6a09f1ee12ae,801590e3-fdd3-4cb7-bf0c-716153c3afb7,0.1647,link
4cee6b33-359a-4426-9c71-63128ff0eeb9,0572f32b-31bf-4d0e-a11f-021807563c49,0.231,link
0780565d-4a87-4862-af32-0e30a9a4d33f,bbadb255-47aa-4b4e-a901-6cca2c8c167c,0.1437,link
7eea7992-986f-4dda-8858-d96c879465a9,36a09849-65bd-4131-9a3d-f46243eae932,0.1736,link
de1fb035-f7ca-4efc-bb54-d6e973301d28,b42d981c-7712-4c9f-a245-6f57f714bed7,0.3696,link_regional
b33e631b-3ab4-4a5c-8b10-3ce784dfa5d8,85c14068-5af6-4847-90ff-abb2879b8831,0.1982,link
d9f21776-2b8d-4176-bc4d-18488b2fcb34,7094a379-5aa4-41e1-8603-410712508f12,0.2535,link
d2926e38-e0aa-40ea-bd7e-baae728663c5,30291368-8373-4c96-b728-546b2c5a04c6,0.5231,link
b77fc625-3853-400b-9884-b0d57457d8cd,82d1e99c-3fe6-4ab1-b623-a41678760075,0.5051,merge
a2945477-e5c4-4ff8-9908-2a950f11f4b1,9d000bd5-c1a3-43f8-8747-a9ec7434ea27,0.1369,link_regional
63917c64-848e-4d53-a4fd-13ab090b6f64,53f3f36f-fe72-406a-b2da-384daee0a6cb,0.2946,link_regional
89da3523-b5ee-48db-9bae-6e63190296f6,6847c88f-9132-4584-acca-c238f7506d0d,0.1841,link
56741c1e-e99c-4670-94c2-defb22f15b18,a29b8642-b911-464c-aa1d-600fd60326cb,0.1514,none
4c331c09-7b37-40d9-ba10-2f8fc969b320,7f142f81-6232-462c-87b4-a1760a32046d,0.3996,merge
fb942c65-5875-4daf-b208-82d59f021469,a29b8642-b911-464c-aa1d-600fd60326cb,0.1475,none
d8f65db0-86c2-496b-a866-d55bd0a5f1ea,dd60925f-f2d6-4800-8e3d-fb4681deb36c,0.3156,merge
2cfd19e6-04e9-42d6-9122-69b18a50b17b,8a246827-5257-40c8-9621-b57040a7f1d3,0.0593,none
76564fb5-0ede-49b8-91c1-c82094138c82,e92b7af0-c086-435e-848c-b2ecb26813a3,0.0719,none
d2e564db-5bbc-4ffe-9dae-2788941606a0,6a6d763c-d8e5-4008-9bab-fa6bad0feef2,0.0878,none
27a4e053-fc73-423e-a8c0-66d8c877c80a,0d908527-9fac-4c69-bf49-e3ab9c5ae405,0.1396,link_regional
4e9b3121-fe4a-442e-97ef-d615029cc8d9,2de685be-cd2e-40ba-bf32-12eb4829bab2,0.0963,link_regional
1ae2bbc7-ed49-4204-a579-6b8e4ad38290,638b1af3-4d79-422f-a5cc-4af2524e9e3d,0.2052,link_regional
b00be93c-d69b-4d77-9fde-c489ecb01eaf,98fd4380-18b9-42ca-b3ba-505e6b16ed08,0.1424,link_regional
03359758-0e78-4fc9-b87f-807ce1674336,07a3c733-b23f-4bee-a8c7-d2e8464b84a1,0.2141,link
1378097d-be8f-479b-a2ee-9e0c5489af5f,0d908527-9fac-4c69-bf49-e3ab9c5ae405,0.1618,link_regional
9d3c89ca-d9fc-4ba1-8bca-e2abcce015fe,d9cf7fad-729d-465b-b2f5-fa4a6fd1de10,0.1484,merge
f08fc932-0968-4132-ad06-d2a59b63e8c5,2884ae4a-2a74-4dce-8cac-9fc84bf72fc1,0.3445,merge
5f3a67e0-db9d-4e30-ac41-39fd93c4893b,936d5e47-7cc1-491d-ac4a-4646f1348daa,0.1522,link
26029953-62bc-47a8-82c9-62790c68b12e,1dafe6cd-47e6-45f2-9723-f86a784e33c6,0.1137,link
3da538bc-1792-4b71-bae5-d9dcf8184ec8,1dafe6cd-47e6-45f2-9723-f86a784e33c6,0.1018,link
90bf724b-f659-48df-9a8d-4e552b35fa1a,12b2298a-8742-41fb-b162-1a677dda3fcc,0.0799,link_regional
d578d45a-1936-40ba-9553-e31ada0f85cd,025c6aa0-440e-43a1-8213-8ab9f03dc964,0.113,link_regional
ae9b0e88-0106-435c-8b0a-b6f2ba9604bc,e6e418bd-1f8f-410c-a16f-3954a67db051,0.1193,link
b4262cc7-9df5-42d1-8435-94e3c8de579c,f94eb05d-90cd-4b8d-aca0-e13f7e9ae889,0.1529,link
bf2670a7-24f6-4acf-b61e-22f60391388f,e6e418bd-1f8f-410c-a16f-3954a67db051,0.2878,merge
961e934a-a803-4be8-b2fc-a7633a1c832b,c4584dd4-2de9-4663-b718-297d448f4396,0.228,link
fd0fa5b1-1961-4c1b-bf1e-bbdf12814f36,29d2415e-e999-4e3a-a819-7f8b84ea8f1f,0.2249,link
09d9e976-300a-440a-a26b-d7222efa4577,c047abb4-54d2-44be-9020-5c53a8b639e8,0.2779,link
2862ea1a-c306-4551-adc6-b1f8ba7a8ce9,38bb35ed-eca3-4776-8dc6-d673bad39b4e,0.1466,none
f0c098ff-56a6-492a-953d-1cf04e80bea6,6c66816f-c55d-41e1-b400-abea84a3d540,0.1621,none
61d02112-ac60-4af4-ab17-d250b9a7fe9a,ae35f38a-ffa3-4d90-a620-5ba6508d2fab,0.1298,link
4bf90d91-7900-46df-b918-dcc5f994f9d4,ddc95cec-c9d0-4357-bab8-de8b3f9a4f4c,0.1647,none
80859faf-9352-48ec-bab3-d47a5f752d09,37510883-a0e3-47ee-ae79-5bca51f892bf,0.1854,link
e00eca32-c7d6-443c-bb5f-8f85d211ae73,c3cc03ca-96ac-4301-86e1-bc0163e182cd,0.159,link
ddad68d9-022b-4037-b582-ee9472153ad5,f067248f-5d71-4c0a-8213-66ae9d1efe00,0.219,link
614bad22-49d1-4c8e-b449-b3ac304cb7a5,ae6f85bf-a0b1-42a9-a9f7-00ac75ea23ee,0.2419,link
eb7e058a-f4b1-4a09-af10-341ad2c0d16b,06a4598a-8c39-4c80-8977-718ecfacba64,0.1977,link
b916e57f-e252-42b6-b3c6-e04b578bcabe,5f3c6223-7c54-45e8-aae6-1b11ea613340,0.1863,link
8024f9c2-ee27-4d30-a1f3-3c456d5303d3,473d1bd3-aed4-4dcd-befe-f41700728f23,0.2392,link
6b051f3f-35e6-428d-b544-f62a3de75d5c,950eaf3c-ca3f-4157-9ba6-527bb98eaff0,0.108,link
c039626a-28aa-4724-9408-4b7448e6cb9e,a9db7a95-6a2b-43eb-9ecd-0c2b10078d08,0.202,link
f62c33d4-7906-468a-b99b-2b38e1b234ab,0d908527-9fac-4c69-bf49-e3ab9c5ae405,0.1973,link_regional
d0f2d8a5-332b-4a2e-95a1-5e3b8b5b26e8,b4ac6073-5d0a-47ee-ac12-ec0a9f7fa34b,0.1192,link_regional
01b016dc-29e1-4ede-a28a-e4d7df99f96a,40ad110f-50b4-435e-9054-11917175a39c,0.1339,link
bc1eeb8f-2d6d-4e86-b39b-c4d1504dd7bd,4b877474-165f-451d-a681-4f3f0316a022,0.1464,link
7e1206a0-6079-4729-beed-a63f726db201,4b877474-165f-451d-a681-4f3f0316a022,0.1167,link
a605ff88-c32d-47e6-9b56-ad25516a17c4,7c1dae6d-709d-4e11-8466-ca130b4eb4ee,0.1239,link
0597aade-7ef4-4e75-b5ee-0f866586bb3c,0572f32b-31bf-4d0e-a11f-021807563c49,0.2013,link
5dd3050b-4c13-4a6f-8eaa-c4151784f4a5,7a61e46c-7769-4deb-ba68-5b3c9158499e,0.1749,link
58cefc44-0316-43e9-99cd-2c3178a19738,982c7a1f-098b-48a9-af2c-86107b67a6be,0.2012,link
7f8fb3a5-0db2-4cdc-b0c3-100fb2556aa9,0bfc6bb1-4a7b-42f3-a42f-8afb5aa79d42,0.2762,link
5d4321a3-b5fa-4ace-9383-0f5071fc01cc,f0f3f78d-6546-4283-984f-a79c8e1c1fd5,0.3538,merge
40a99ad6-067d-4bba-9f8a-140100195031,b7d25298-5f85-4dd5-9f69-e0e3414f54f5,0.2692,link
5b83a855-e8f1-4c7b-9d7f-568de0f0ff72,407c4d2d-d940-422d-9120-9951620ab7c4,0.5205,merge
aecbfa71-fe36-40c2-8dbc-ac73c81c0c80,b4071107-6ca7-4746-9874-11668b97f6e2,0.1613,merge
44736054-5e16-4003-994c-7781c197931d,b621c890-c411-49a4-b84d-6048aba201e2,0.119,link
7782285a-bf07-44fe-8a95-99fb5572107b,9d1b0296-4f32-4374-9664-e26ebc6204f1,0.1544,link
87eb7e03-b048-45da-a7ad-23d540cea59b,6a4a9f79-0ef8-4662-b779-fc251897cead,0.1385,link
1c887cc9-ebc7-4d8e-a1da-080f1ff41657,4bd15736-d43d-417e-b481-620134115922,0.1633,link
42c8bcd4-a26f-403e-b850-a105951dfec6,ac0e268e-d741-4f31-80f6-44ea0363a193,0.1093,none
c5d5220c-c5f7-4516-b1ff-466c886140ed,84223db2-39b3-4cba-8ac7-76e146c001ae,0.1722,link
8795823e-96a7-4a58-8bd7-4975ff16046b,4fd8de1b-1bc3-4f67-9d98-08271cd0b278,0.2873,link
72f1728a-5220-4f92-87ac-0b77e941bcc9,73a84e34-de31-4b1f-90c5-85b615fd2388,0.1499,link
a2eae2e7-d355-490e-918e-0135e7c1231a,40ad110f-50b4-435e-9054-11917175a39c,0.1475,link
fbb0cd11-e9ae-4b26-bac8-1ad9079014d1,583a546e-f830-4d55-81eb-66ca3285ed57,0.2536,link
ad858d11-cdac-4d5e-be15-08dcb3470dbf,d29e1c04-6c0b-4ad5-9bae-e5dedb3e2af5,0.1986,link
347064ea-0e3d-4a10-a453-31b92ea45819,cd135a5c-3894-4564-bf3e-20cf60ee4704,0.2207,link
ba7b3d35-64b9-4faf-a645-7f01f5b28722,ddc95cec-c9d0-4357-bab8-de8b3f9a4f4c,0.1465,none
700a11f4-419c-40b6-a361-3bcd5140d75c,73a84e34-de31-4b1f-90c5-85b615fd2388,0.1493,link
554c373f-5fa0-49ab-a06e-5ad21afea5bd,40ad110f-50b4-435e-9054-11917175a39c,0.1477,link
24e36f0d-c1c6-4f10-8610-f6be1bf06605,4fdf8848-1800-4f81-aade-264f782904a8,0.214,link
1fc7ff8c-7bec-4015-9ada-3cd592e64a84,4be6ea75-d318-4224-88c5-789c4872e362,0.1568,link
dcf9d5df-6e9f-49cc-b4d1-38fcb379dc11,0572f32b-31bf-4d0e-a11f-021807563c49,0.2023,link
8a9e22a3-3603-4215-ba2d-1a8ab82c3e65,d7f807b5-5f6f-4a62-abbb-e91392ea5d1e,0.2016,none
dffbaf0a-4c62-4b56-b29c-bde5ef707b84,3088f0db-ab1f-4708-9fad-0f8cb5e1e2aa,0.1576,link
5cfbf218-312d-48c7-8295-f28e1c4970ef,a9e88edd-c1c8-4c63-ba45-1f830d0aa983,0.1162,link
124ad870-b727-460c-aa91-106f8684c67d,a9107a34-d51a-439a-876e-ad092a7dc51d,0.1452,link
272555ad-0455-42c8-afc9-15e048f84b62,9d430a56-baee-45ba-8170-073dca3373d1,0.1024,link
380c6610-bbde-46de-ac25-2423f3f6b6a3,55779113-4699-48ea-90ad-5815d86ddf91,0.1564,none
4283a477-54ec-454a-b37f-dff8192236c1,ad447011-65db-4aa2-b16e-66e67cb98815,0.0937,link_regional
49315db5-27dc-438c-b554-7ab7c37dfb7f,79bc2256-e0d2-4712-ba22-b6c53943d592,0.2974,merge
8cf197df-e180-4070-bce9-e74404a43a01,036e5730-36cd-45da-acdd-744832f7eb53,0.2518,link
f3d4c8bb-fba7-4f0f-820b-89292118f489,73a84e34-de31-4b1f-90c5-85b615fd2388,0.1895,link_regional
cfd9cdf3-2f56-49b3-9337-a5d33217f72e,38c462de-da68-408d-93da-51d10e296fb5,0.1402,none
3102e029-482b-4d02-837c-3a899739d729,f4d07232-b15f-4619-a218-c5ad9a7952be,0.2514,link
910d06a0-d538-4b68-b62b-2e81ac66e46f,0572f32b-31bf-4d0e-a11f-021807563c49,0.2148,link
d275d578-ff75-435d-a56a-52140b2a5f1f,40ad110f-50b4-435e-9054-11917175a39c,0.1374,link
d9c61cc1-3de4-4c00-b30a-222dc2edbc6e,9954ecbb-f39f-43fd-89bb-a9a1ad749610,0.2329,link
b5b701ef-f318-45c2-93de-d6cdef9eb4d0,41cab24b-9f61-4040-b3cf-7ae302133cc5,0.1799,link
45fe81e8-9a42-4e99-ab1b-41207b610f15,c466b3b7-c058-4bda-affd-51d70e69dd13,0.1503,link_regional
75460b07-353b-4f67-826f-a8c63b3572a6,8984dc3f-6752-4a5b-8a72-8b083b4c9cb2,0.2211,link
31d3f6d9-b7b8-49ad-a93c-c5063b8d5d4a,0572f32b-31bf-4d0e-a11f-021807563c49,0.2074,link
322917f3-f188-4e09-9651-5d96424a06c9,6f6eb5b6-d13d-4bd7-9e8a-aed3f830f30a,0.192,link
03edfa3a-d217-4446-a653-b894d067cc8d,0e2c2977-2d7c-4eb8-ab69-1c6584728614,0.4023,merge
4fcb3c41-2a41-4f90-9caf-349391f0d215,0e2c2977-2d7c-4eb8-ab69-1c6584728614,0.2607,merge
3f427ca0-7534-49b0-9ec3-321a8a703389,30291368-8373-4c96-b728-546b2c5a04c6,0.5384,merge
67ddc7b6-0c77-432e-a316-15ce1dd5de1b,b7d718c4-c043-4a19-b4b0-baf418d1e732,0.215,link
5e1b955d-81d5-456b-8a26-0e07db52c741,7588c63a-eb2b-4495-8d94-38e496dbc76c,0.4635,link
9290e34c-3fd6-46f5-b726-3c487829dece,3db61633-f5aa-48c7-bbbc-fdbefdc82ca6,0.1649,link
f7f683fa-dc44-4ce4-81e5-ee97b9e9383c,5ca110bb-ea8b-48a6-a142-72e086bd61a7,0.2633,link
de1c181a-c67f-49c2-945f-715f769f458d,0572f32b-31bf-4d0e-a11f-021807563c49,0.2166,link
22f69779-ca58-45ee-a37d-318419321543,58157192-4448-448a-a590-8333d0286442,0.2524,link
45fb6223-8599-4b08-bc22-e5de1d32840c,5f4bcc30-7d2a-42d7-9642-3ef0cd0a34af,0.1321,link
adc7463c-d53a-4594-bcdc-7409605d03a4,4dc39b7d-8c9e-4c8c-a295-811d3a5ba6e6,0.2317,link
7f9eeab6-02bf-4d13-ae14-22174ce6daf0,4a4b3acd-4da4-48ee-852d-ef2603d15c0f,0.187,link
585b6b9f-e9c9-4530-ac97-39b919142401,8c198ee1-c7b7-4b8f-b773-86360d4fd85f,0.3966,merge
b87f791d-d6ae-40d9-b51f-0f904d2eb2d9,b7d25298-5f85-4dd5-9f69-e0e3414f54f5,0.2062,merge
62702b96-9ae5-46ba-8b86-db2c27757898,3512e40a-c0fd-415e-8f3b-bab76b1b6ad5,0.1706,link
609386c2-47d6-461b-8948-a25ba38d95fd,8efe7170-9c83-4218-b320-6712de482d0d,0.5332,merge
becaef2c-028b-4365-b703-e9506238de68,ddc95cec-c9d0-4357-bab8-de8b3f9a4f4c,0.2519,none
bf7ddaff-6eb9-44bb-96d7-cb7d5e60d8fd,7094a379-5aa4-41e1-8603-410712508f12,0.1216,link_regional
f5da5a4d-9168-468a-8134-c7758d75b2d2,7588c63a-eb2b-4495-8d94-38e496dbc76c,0.2,link
3d37bdb6-85d5-4e33-9dc6-9bafbb4b8b79,3ab8eb7e-dd3c-4df4-b2f3-34ae28ae7ad2,0.301,link
5d705342-adfa-40b4-be7e-ddbbdd5d9e9a,2b1876a4-0ca1-45cf-ad40-388829d0301a,0.1373,link
a8793d69-a9ab-48d2-b448-3b855f6e248d,d67832d1-f759-4803-8397-d05905311aeb,0.1293,link
0c333322-6814-4018-a94d-178edc55c944,ad28daad-85d1-4175-a24c-644c117e446b,0.2586,merge
d755ac02-4f58-45cb-afaa-f8a2d34c85dd,a8bca3a9-2c43-4937-a11c-b89ce686ee55,0.2577,link
c0221614-a5ae-42f9-a269-264ce1d245eb,23b16eba-d5b7-4e7b-bf73-ff78d1ffa7d1,0.1231,none
48703d72-320c-401d-a9fa-d5806040de71,0a5d1ca5-6f3f-41ba-b68b-0a27b953e93c,0.1123,link
8173bbaf-89ee-4909-9628-c53d10b8ec54,66645735-623c-4e2d-9708-a1faa8c7070b,0.1726,merge
f36ebe50-a4d4-4601-96ba-ae04549b57db,1ba9e910-0b01-453a-a0a2-d3d9cd31b57e,0.1456,link
d1a06d00-ed6e-45c5-a30d-9cf84f42cb58,feb06512-0b85-4207-a939-1b0d4986c265,0.2659,merge
20430ae2-caef-44b6-bc7e-04fe68893bc4,5b81f664-9307-44fa-bfee-36d8d424e688,0.207,link
c4ba0d68-ea1e-45fb-a204-81d02fc1529c,b570066b-db9a-40a2-845c-5ba51dfe1ef3,0.1402,link
7e7a335b-491a-435e-9adc-09a857f21fee,9a5fd97f-828e-4a35-8bc0-143097b0e120,0.3161,link
1c81be10-5954-470d-adf6-45b81cf30eb5,b843d866-7df8-4a3a-a588-f4426e1ee199,0.3428,link
e51d003b-7ff8-4260-b671-d39eefef21b0,a897518c-3cbc-4e19-82e4-68febe1a0407,0.1372,none
69f5a8a8-3a5f-46e9-a52c-32e1d2921656,3e252b19-51bc-4298-a25c-07123ca18354,0.3219,link_regional
acebeea9-b752-41eb-b3b1-cc91c0282150,0e96104d-8b51-458e-9b65-965da7f987f2,0.2176,link_regional
51090bba-385e-4edc-b044-aa47eefecbff,0e96104d-8b51-458e-9b65-965da7f987f2,0.0909,link_regional
6de2adb2-ce11-489b-a36c-ba830e7536b6,fac90ed1-5c17-466a-9b9e-42321e8e4735,0.1676,link
391419b2-d86b-4241-85e3-dfee3a9d86a1,ad28daad-85d1-4175-a24c-644c117e446b,0.1236,link
ea8b752c-5de1-4fce-8360-0ea2091bad11,b68d7402-492d-4077-9164-2e415504fa3d,0.0853,link
bf61d350-a808-4738-88aa-4e93b617d8f6,694bc39d-5b74-403e-a742-81e7db6f9459,0.1488,link
442902d2-c741-4844-bd16-f96215afbf52,280c69f4-8028-45bd-9266-7f4d1ff76bed,0.0752,none
d1aacdf4-71cd-4510-b46f-a461f7a287f9,a52fffce-60bb-418a-b026-9def4448905b,0.2877,link
0dcb8e98-35bf-4dc6-87d6-0dc39f2bcd32,9617e74d-fe17-4d1c-a013-96d8002de587,0.1653,link
deac507b-1104-4fd4-9e11-3dcc5941452a,8d6661db-1985-4ac2-af47-9fe403c1c17d,0.1642,link
028a25ec-281a-4e7c-9f47-ee77857eb039,3951ed4a-3dcf-4f8e-b9aa-46b708a4cf53,0.1737,link
b58472b2-9794-4acb-8018-09ac289b7b53,853a5d41-3f7e-4835-b0da-3969c7be1406,0.1837,link
d08c6b2d-ac05-45c1-b204-578a2f30d4c5,d518e4b6-301d-4d80-abbb-04ce4f7e9bc8,0.0478,link
9df90650-9a9d-4c36-a6ee-383b620be13e,49ca3f7c-e8ba-4746-8dab-41f34c666f86,0.3718,merge
5aceefa0-bfcd-48b9-82d0-1808fcb181e9,ac6d1235-0568-4f3d-b805-1667912ef540,0.344,link
6f465444-09c2-48e0-8343-2ac3339d8df8,6e8d224e-1ca4-4d94-ad8d-18c89ca641a5,0.2098,link
29145739-c7fa-4956-8a35-51eb44b76130,46242c1d-bd24-4bb2-9c69-973de95072e3,0.1332,none
0f73d442-2f5f-404a-bed6-c285e2ceb24f,c14ee90d-0c31-4b96-beff-01fe9ddb6b93,0.1173,link
829466f5-41bb-4115-92e9-efdf54812502,03342bc5-c8e1-4ddf-bf7d-1d7ac01f9d55,0.1251,none
1a69fad5-a778-46b5-9ec3-e99698cad6a7,4b94f5be-9219-43e2-bf00-e1cd033c869f,0.1579,none
209695c9-e196-4fd9-97ef-917d73261ea3,b478537c-0665-4b3a-8775-acb7ebc11b63,0.1737,none
a42e5fb0-1c3e-49e5-b181-d7a50596ce32,12606610-6da8-4ee2-9d1d-c754b07cb7c5,0.1155,none
4c948f22-7b19-49ee-98a4-be5ada0c391d,d67832d1-f759-4803-8397-d05905311aeb,0.0737,link
f9953165-b693-49e8-aee0-04f349d7f193,9145ba9a-daa9-4582-9493-1c1aff566bfe,0.1361,none
773156a6-7506-483c-8f3a-f30ad11cb83c,897d589b-c138-4bcc-ac3d-6ec4eeb8e042,0.191,link
820e3513-ed52-41ba-86db-e2ab9407e21b,cc804414-0544-40c8-bbc1-b2ae43048fdb,0.1414,link
cf3d9db3-940e-4071-a4c8-70cd1dbea03a,100b7f4d-5152-4923-b7b6-e8fe28fe7531,0.1414,none
ac8ce9bc-059c-47f3-89fe-49fd2f039497,a36c8569-ba00-4113-acc5-af934618d473,0.0734,link
ccf1ebca-5293-4f9e-8943-35ce90ec45b1,79bf3481-d6b0-4169-8f1d-4780f3f0bad0,0.1917,link
303260ba-022d-4956-95be-8f86f4562f97,4b877474-165f-451d-a681-4f3f0316a022,0.1367,link
3f2e1ffb-7256-4c57-a105-d3ce2aad441c,8b1b00e3-1d69-4293-b9df-4085a6dacbb3,0.1371,link
455cc1cf-01f3-4e1b-83ae-99196f1dca68,a051342a-4697-4ab0-86ec-87c17d0f6c8b,0.1286,link
b6077dc3-183d-40bd-9a75-af5232b35e1b,34283bed-7fb7-4f20-bc48-b7d0d1642edf,0.1303,link
4589b608-5556-4724-854b-0a34838d5db8,05754497-7b9c-4bff-88f2-52b9cb78871e,0.0691,link
02e5c878-5c65-4db2-acb1-43e531d270b6,77d44ae0-df48-48e1-906b-0a99b2a1899e,0.0876,link
779bd8e7-42d3-4a56-962c-416749e722ce,cef2a830-4599-4103-aa51-b0f8d71a1f1e,0.2702,link
fbeb3a6d-95a7-4b71-a39d-b75782bb217b,17c98dc2-e8c3-4c2e-b26b-c6514398dcab,0.249,link
9b47e192-bb14-4240-8d5a-6ba7044a5d9b,921ffcfe-5c77-4f19-b065-28f75317b484,0.1607,merge
2083008b-9601-4004-afe0-826c5b69d507,05bf7435-7a43-44b3-bf76-29c0d2c0c118,0.156,link
b3088b20-ccdf-49fc-afcc-a43f23776f89,772e63a6-8433-422b-98d5-e86a7b236acb,0.1359,merge
7565f340-f735-42da-af9e-433ee90016c9,ce6eb3b1-69be-4371-b905-fc7695db1de9,0.148,link
f9feb13b-c96a-4675-b727-9e95f47bdfa6,ce19980f-eabb-47b3-86ec-4958599bf4b0,0.1618,link
a3ed0922-4a68-439f-a7a6-a8f9dd4fa428,3b783844-2b14-45e1-9c8a-42882b1ca2ac,0.1747,link
b0ef61a6-ffcd-44ab-9688-e213b5a99eca,e3e4624c-d807-4251-9bdf-e06d2cabbd28,0.1216,none
c7d4b88d-066f-4a5b-81f0-492cb91b8b89,a60599bc-1af0-4ace-9cc2-bfd9afb18bf9,0.1715,link
58d987f4-7706-4c15-a9b1-b1f51564d114,8188a02d-d992-4991-9138-047ef1eb94df,0.1904,merge
0f164fe1-cd39-4cb1-95cd-a1ced96db5e8,763e771f-37d0-4b6d-9c2a-c1ea82873665,0.1736,merge
2a463be1-14df-4e35-ad97-8ff0778e3617,007fc8d7-1391-4747-af6a-e33d28038e5b,0.097,link
72a51619-4530-4a6f-85cf-a3496c28d879,982c7a1f-098b-48a9-af2c-86107b67a6be,0.0925,link
d7ec5fec-d965-42d6-a4ee-c4b93b3eab8d,887a0588-a1d4-4b71-8da0-37b3c460b711,0.106,link
d1a25627-e99e-403c-9d83-d7c451c92977,2039c6d9-9d2f-4d5c-a373-3e3495bc5408,0.1329,link
96560ef3-34d7-4a62-9b6a-0e4e8fd18b91,9df9e9c3-5dc1-4eda-bab9-c51be35ec076,0.1248,link
e16e6b7f-ea55-4391-92ec-ecf680e4b78f,cf99cfed-4a67-44e2-90b7-31a57369125c,0.1294,link
eefea2e1-ffbe-403c-8aef-1065705cc3f0,36a09849-65bd-4131-9a3d-f46243eae932,0.1936,merge
c0ceb4d3-ff0a-4acb-afb3-df653cbbe861,d46d66a6-82ca-48f4-bed0-ededd7bcdfe4,0.1433,link
cc922612-87ea-445c-b4c2-5204be4e5513,9ef0907b-2619-464f-a1f8-08e439132e7c,0.1463,none
8c5937bd-810d-4359-8c3b-61a4748c8165,3430bcdc-45c8-4bca-8567-837bf9ce5ce5,0.0918,link
11b47f0f-34c1-4d9b-973b-67f80ce85bca,8336c8ab-25d7-4e06-ac0f-cb1741d01f5b,0.1817,link
d68a7f07-6a00-445e-a809-5930ee142fda,8336c8ab-25d7-4e06-ac0f-cb1741d01f5b,0.1203,link
a00308b4-fdd2-47f3-b51a-c5c72a0e2842,7c3afcd8-a8fd-466c-9100-fc2551900198,0.1587,link
05d7174b-93a5-4842-8322-4dd74ef22da9,b81547c1-f7ed-4fef-b5b0-1ddf9b0946eb,0.1405,link
dec48944-1c1c-4906-89b3-c946908d0066,80dcf95b-1ce1-42a0-8b12-9704eaec2b60,0.1592,link
b81181d6-af5c-47f1-965f-03a223751a12,0572f32b-31bf-4d0e-a11f-021807563c49,0.2362,link
be24e348-0773-439d-a562-4c1a0fc05a4b,6e239f41-9d3c-4716-8ed6-c13255cc3c3d,0.1171,none
4b0615b4-1746-4e59-b9ed-b39b4fe16045,d8898491-a34f-4517-8b14-ba81f6bb1f3d,0.2668,merge
474c5da1-7097-4c2e-94a8-09a65ffa0715,0a5d1ca5-6f3f-41ba-b68b-0a27b953e93c,0.1836,link
7b63b935-97dd-46e9-8fc9-f50d2d5b16dd,72528935-804c-4375-9f25-dfae205f713a,0.2528,none
062bb2f4-3176-46f2-b8d3-7dcd3e7a6851,2d58fd1e-4d00-429e-8f6f-50dd9b98af63,0.1693,link
848e1d83-3cc1-46b4-b1ca-c771d95a09e3,3f46c380-b352-4d94-b6b4-4d57b3d6593d,0.1575,link
bf310a48-f5f3-4013-b74c-0088d8322480,2d58fd1e-4d00-429e-8f6f-50dd9b98af63,0.1405,link
4c5dc360-d4d9-4ec6-9590-d5b2a8f8fd3a,4a70c097-e1df-46a8-8eff-54e9e095fff2,0.1471,none
8d05626c-0153-46c0-871e-809e7b0d4856,2813c7c9-482b-4826-97c7-83c51c2956c9,0.1428,none
04ee76bd-32fb-4b40-9498-2eec0b2007bf,0d315c55-2953-4bae-9638-93d987d0e4b4,0.1605,link
393c7dd7-2e05-4daa-a858-391e99fef537,11c1397e-c630-483f-a2b3-7b3da546f059,0.1571,link
fcd77f62-8714-4549-8cc6-f6446ad31551,86faf404-5dda-4a45-8035-9ceed0c12394,0.1499,link
df35524f-eaa4-49be-bd4e-754f67d5d504,797f2440-93dd-4969-8ff5-11070640e001,0.1211,link
c6ed3d80-704a-4615-a031-63d3adb30b4f,d3bfcaf1-a87e-4277-b7d6-7a1f9860d235,0.126,link
de40960f-8fd6-4726-85f3-d2a215de2eaf,950eaf3c-ca3f-4157-9ba6-527bb98eaff0,0.1082,link
c5a914f0-382e-45c8-ac11-1d4c57bf1437,0b0a7a45-8917-4de0-b090-d8541205ad08,0.1418,link
da386aa6-01ed-4322-929f-103058b65eea,4bbd6905-c154-49ec-bb41-b8fc844505a1,0.1741,link
8915562d-c2fa-4620-af19-62c199a63a2e,4ffa2915-0f33-464d-9a73-5d1686e9300a,0.0788,none
b74c54a7-592e-4a44-9097-de3c7826241f,3ecfa267-f8da-4f1e-ac0d-94f9a767d36d,0.1261,link
b8cadaf4-a527-4ed3-a4c6-97e2b8ba452c,ed2a3c4e-113d-5b15-9ae1-6c3a354a4922,0.0714,none
50a9c973-64ab-4a8d-8473-dd7c490e67fe,f55000be-530c-46f8-a61c-7d70019d3bf8,0.2362,none
0ebfa4cc-ddd3-4350-b523-159f443c3eb2,bbfb20f2-f586-44de-b531-30f93e6123b0,0.1604,none
0abd51a3-a026-4ad9-9a3c-1478d10e17ad,f55000be-530c-46f8-a61c-7d70019d3bf8,0.1556,none
bd969be5-9a23-4eab-b6d4-75989553edfa,c0494f51-cff3-4380-a309-5c39efd81414,0.1162,none
0aa53b8b-5e46-4958-9002-493d162da095,2a8c1ebd-2eaf-402e-bee1-de8ddb41fcad,0.1434,none
45c68802-83cc-478a-bc87-bbe31b226c17,0256bb03-b25f-4c48-bd53-fd481b10dd25,0.1459,none
6b41909c-7515-42ab-8a65-1fa20a1a89c5,72ed7973-761f-4374-95b7-c7d2d5124a74,0.0944,none
2bda6ea9-c1b4-423b-874b-4ac4d2674efd,aa6e2545-3c01-46d7-bce0-f9f5006ec5b1,0.1342,link
1c7852f7-4aa5-46bb-bc01-b037a98b6eb3,569cf8e7-95a8-4304-9d79-60d0a7852168,0.235,none
a86cc4eb-9c09-42f7-8c9a-4e885b89a856,c0405427-409e-492e-8399-2a3c2d624e84,0.1627,link
d8a248d1-8f60-43de-82f8-c13823c19a5a,cc88291e-dafd-4dd7-a9ee-f5cc475d83e5,0.1465,link
4adf7ce3-da89-4dc9-9fcd-c41c54a60561,3ecfa267-f8da-4f1e-ac0d-94f9a767d36d,0.1511,link
523618c7-b58e-4ff0-906e-70f5b16d2de2,0d315c55-2953-4bae-9638-93d987d0e4b4,0.1697,link
b39c99a5-c545-41d8-8f78-36332f585d4e,bad5e833-f6a3-4f03-8bb5-9a07637f6f9d,0.1454,none
9ea1e265-d824-46cf-9cfe-97d3cf5a9fa9,075548cc-1a68-4f44-8d31-8139ceaad7b2,0.1612,none
b1bc04a6-61dd-4274-b603-b9cab89a9d3e,9b997feb-7326-46b2-a500-158bb530aef8,0.1419,none
7d65b991-eab9-48e3-9c64-37a80a2d506a,e5419887-4bd0-49d3-b774-ae2fa66415e9,0.1525,none
1fb7229d-0268-4679-9782-bddcdc8ff263,94964349-d78b-43e1-9a3c-f289ab3e5d73,0.1913,none
7eda54f3-4c0d-4233-9831-9c344a9e360d,cbcfbd9b-c5ca-40b9-a6c4-59f76b8be4d7,0.0894,none
2ba8b79a-e9a3-4a9f-9ece-50dde487312d,483abb23-abe0-4ddc-87ab-25cb227e21b9,0.139,link
4b76dbfc-8ef3-4cca-8333-33344c153731,30bc99a2-1617-4d88-ad22-718120734d59,0.1123,none
0dff4537-699e-4200-af19-0a220d62b8f7,69182f77-3428-4924-9368-c85787601455,0.109,none
07432db1-afbe-434e-93da-420325f25bd2,367b519c-05bb-456a-b5e4-4b01df5b20a0,0.0996,none
0be5f40d-f206-4001-9a0c-6304c1f0be96,f18221a7-97d2-4177-bc5e-c0231ac46697,0.1505,none
54f29768-466a-4507-99e9-6ea9c8ae6637,f58dd88f-bc9a-4a87-95a1-4b79c66c72ce,0.0991,none
d337897e-9258-45a4-8203-071a0bae068d,0d315c55-2953-4bae-9638-93d987d0e4b4,0.1288,link
08f93e15-8a82-478e-9176-522a4ca2b06a,f208e697-e1d1-4d3e-afeb-78e6438154e3,0.1186,none
ed2e6a22-00aa-4039-918a-c7cf4234e5f0,93cc1d71-933e-425a-8e98-5dd258826eba,0.1508,link
7b1c84ce-cac0-44c7-9c97-ace78a45463f,a48c5f28-ebea-4088-b6fa-93c69096caa9,0.0787,none
cdfa4cef-08db-428b-8580-e0e086dc4ee6,7fcf005d-cb36-45aa-be65-d24c70461be5,0.1721,none
1ad7d4ec-cb59-4a58-8495-6fc3d8ee6c00,baee2e35-f857-4812-94dd-7cdadb4852b2,0.1049,link
96e403ae-6e47-47d7-a749-3e25de849a20,f58dd88f-bc9a-4a87-95a1-4b79c66c72ce,0.1017,link
80fc011b-ceb3-4e78-9319-266e9cd8fc1a,788ffe7f-6a1b-47c6-bada-0810204a779e,0.1136,link
84ef385f-eb35-4bcb-9f7f-1cb7473a4154,866c283d-b2db-4ddd-a94c-5bbf56b23111,0.1867,link
95ce150a-3035-468f-9d6d-7330e9ab63e0,7756b7c9-b75f-44c7-9290-04fd95e325a4,0.0976,none
4bb900e2-44de-4953-bde2-00ec829426d9,aa6e2545-3c01-46d7-bce0-f9f5006ec5b1,0.1125,link
283ce1d3-c373-4e5a-94ee-3d48a730a6a6,03342bc5-c8e1-4ddf-bf7d-1d7ac01f9d55,0.1121,none
b39bcf2e-ecea-48f9-9e1e-2cf4b8769bc5,69182f77-3428-4924-9368-c85787601455,0.1019,none
3cbe3904-dd4f-4852-893e-7746c18ffa5a,608bb337-d46a-42de-ae5a-37f415621175,0.1329,none
49f44eaa-b017-48ac-8679-6ef01c1f24f3,13ece3f6-8e8a-4909-be34-3aa82f952dde,0.1138,none
57c7ed60-ebc4-48ff-8eff-99d4686ad2a9,3901ea61-47f7-4a62-a41e-31eaa08b17bc,0.1244,none
e365cc3f-4a74-4f57-a7ea-f3b5ac8deded,711591c1-84f4-4da2-bb77-055b74b8896f,0.1002,none
8a58e8f2-5707-4324-890c-72570af63db8,385c7bba-f2f2-48bc-9592-5ddc63ce8d31,0.1344,link
ae56c133-c6bd-4853-b291-674d4a51ce53,40348199-b133-4410-8e39-592ffc941f74,0.1572,none
9ef65a12-31b5-453e-966d-ea2849339a00,faacfde2-c15d-4012-ae2f-1ac42a9aaf66,0.1409,link
cfc1d197-4c4e-4c13-9a13-3b9049e6f2d0,ceaf6e81-97f5-4fb7-a8d8-369067c3484f,0.1265,link
99ad93a2-cc46-4882-a49c-0c99514fee21,106bac6a-08e7-4d87-bae1-12a0605b355c,0.123,link
b4b620a9-b7c7-47c2-83d2-d50eb4dc2a4e,edf8ccd5-43bf-47a7-b8af-4d479751071d,0.0709,none
3492e723-38df-4b1e-b679-9da74d23890c,53315b8d-5e9c-40e0-b563-85e7b5ae1387,0.1427,link
b9dcde18-f5e1-4c0f-bce3-3dee0a6273ac,356093f9-a4b2-4139-ad7f-8e14cd3b34e9,0.0903,none
1c890b18-a900-432d-848c-9815455e5aab,af215cf8-f8fa-4a41-a51f-31165c944320,0.1222,link
0b80bf24-79a3-4720-8ace-def4b9ce1d59,ac26839c-e948-46f1-b4b2-22a719266c1e,0.0628,none
87d50987-a0f7-4e6d-b883-a72ecc23b90e,7afaf05d-e7d5-4e39-ad8b-c11c89a1bb41,0.1521,link
346a6371-4036-4a27-a4b1-855cfa7afc48,57833fe6-6fbd-4f25-9293-6ba2ed085924,0.1178,none
cefa1eb1-7627-4c2b-9e61-723cbe2f1d4f,c5d4bd3a-c22a-42fa-8ed7-c721ce215f15,0.1482,link
00071715-437c-435f-9c60-0a554e7cf565,c2f8f1f2-7d66-44b0-bdf9-daea34bd7e1d,0.1447,link
4b53e8eb-4900-4376-bbe1-1cdb2c09442c,690a22c6-993d-49c7-94c4-075dc4522603,0.2981,merge
5d6996c5-3120-4011-8a5b-42aab80ffee2,6b76c064-a787-4edb-978d-0f244fc0f331,0.1585,merge
69320227-2a44-49f8-829b-34c2489779b3,1ed1e50d-5c2d-4f26-9d1b-c21d669534ae,0.1961,merge
b669cf46-a36e-40e8-bde3-f73fa9fc7058,f560d3d7-6442-449c-9b6f-be57a9e56331,0.1861,link
0b538588-f42a-40e7-b9bd-0000e86a207e,e146f17f-1dee-43a4-ad42-f95cb47d63c6,0.117,link
921ce81e-9d3c-41c3-8ca4-f95828b65823,0a5d1ca5-6f3f-41ba-b68b-0a27b953e93c,0.1837,link
2d80840b-8b03-4515-88a7-b05513e51fb0,4e5438eb-3a94-41e7-82a7-4d56922ead1a,0.0989,none
a56b4eac-25c3-4fbc-82f9-14c4dcc302b5,c10a972b-901e-48b2-8786-c4a4ef49901f,0.2069,link
8a5d6325-baba-4312-83fd-e61bf4d37b82,fa3578b9-5f32-4c23-9447-948299f630f0,0.1729,link
f3f355e6-f911-4675-a907-e636f933a252,c649daf8-1cd1-4ce8-ad9f-92b6b86d4274,0.1909,merge
cbbf8903-2192-4b44-9cf3-e5207adee52b,fc054e9b-d7de-4fc1-adf7-853e42e0cd23,0.1575,merge
830d6682-c18b-45f5-b5f8-8818329723d7,007fc8d7-1391-4747-af6a-e33d28038e5b,0.1375,link
a98144d2-faa4-489e-a384-03272312809f,98d1c440-9821-4700-8246-6266d956bfd3,0.1061,link
e1981562-5cf3-4f7d-9796-7ec9cfbb9473,f498b24a-bf6f-4fdd-8be6-5819ef1f8780,0.1688,link
bbf498d3-8e16-40f8-bf96-1d8ffbf3df41,ceaf6e81-97f5-4fb7-a8d8-369067c3484f,0.1262,link
73a9f479-5004-433d-a8e4-b1592f8d369e,ee4806a1-8259-43f5-9873-af591b99458a,0.1706,link
dd10065d-8be7-47d0-944c-337715445f7f,887a0588-a1d4-4b71-8da0-37b3c460b711,0.1459,link
456c3263-f94c-46a4-a2b4-53a6cedda6ee,c14ee90d-0c31-4b96-beff-01fe9ddb6b93,0.2621,link
e4d7d53e-14ea-44b0-b198-71476edae883,ce6eb3b1-69be-4371-b905-fc7695db1de9,0.3154,merge
61132f2c-44cb-4b77-9d51-33b9ad0f24e6,d5e03c93-e1ad-42ea-8016-3a821278621e,0.1847,none
389a3961-c797-4077-9e9b-419920180bae,5033b01b-d7f1-4373-90b2-63a883369eaf,0.1436,link
ce81bf23-763c-4f18-8c65-20b416a6719e,5c2e13e1-fce7-4fdb-a46c-158a58eca283,0.1111,link
692f92fc-9d00-4bc0-b822-75ea5278279e,3393de86-cdcf-41f6-95d4-e02722a3b2d0,0.176,merge
eb64067e-f230-4dc9-807f-ab9526b0a32e,d0cacc31-9d3f-4edb-9662-53e0df52f19d,0.2368,link
21788f63-c269-4b6d-b332-d23a37a333f8,38eb2ed2-51d5-42db-bafc-266252a7c977,0.1554,link
bc81a4d7-332b-4748-a15d-6df9e8460ad5,15426ee1-97ca-42d6-be8f-602f8f344d89,0.2037,none
4cd76943-9807-430c-b72e-0860e2461fa6,fda71c9b-fcee-4c94-90b0-dcefc9368d4a,0.1481,none
8860d353-2d10-4273-b503-b5038698fa13,f8250fb3-5b04-498f-8e6f-180032b0cfcc,0.1401,none
9e37752a-b023-4572-9fc4-582cd65d539b,a9b75edf-29ff-4b3e-b533-765adef1984c,0.121,link
086f1f0a-aaf8-4725-92e9-11ce5e195c4d,12606610-6da8-4ee2-9d1d-c754b07cb7c5,0.1224,link
d05cbe59-8b23-4650-8780-596efccd83a8,7e2a056f-3040-4ec3-b424-de43bf45ede3,0.1064,link
2344ff06-9671-4ebf-89a7-c0bceb80ee9e,e09654f3-e250-408b-af73-e77b232c8c78,0.1966,link
8e19c341-9e3e-4ea0-a544-64fe9139ecbe,28c9b7c1-8811-492e-b78e-1a09009c6561,0.1342,none
dd14beca-e293-4929-a4eb-9fa7a2012faf,79563247-6bb7-4dfc-8673-b8664097e3aa,0.1519,link
f73a01b3-0691-49f0-8be7-5acb0ac21397,d96d3913-9d52-42b2-b9e9-bcfa9d5de1c4,0.1045,link
3f3aa9b7-e5ca-4129-9a76-531e55371914,8859394d-5d1b-4bfb-8e91-4b693faf10c8,0.1901,link
abbc4813-bf07-4b7b-a6c8-a148230db9f6,39c6a986-d5f1-4d18-9fb7-d76a8f57eef9,0.1899,link
69ad0777-73e7-4ba8-b02f-e8d27427def4,8793bac2-04d1-44a3-8f2a-384e8bf4da26,0.1259,link
b5719ef3-51c6-4e4d-afff-f1793a33cabf,0a8f946c-843a-4ca2-841b-dc3d6e9b5d2e,0.0851,link
4050ccca-37cc-47a3-9e99-a70657762ba6,75084793-69f5-4275-b397-93fb7a7ff74e,0.0814,link
5d96daa6-f473-446a-9e5f-03d07cedd815,12f5091c-0c5f-4c86-986e-fc721ea9f204,0.117,link
f50cb75f-fe9f-473c-a87a-cb9cc71102ca,28dde1a2-47d5-4c1f-a955-ee8e439db204,0.2021,link
88d3bf7a-c306-45a2-91bf-5b0858c7bfee,e81f8b81-3fcd-4dca-8f67-5e4f17c528fe,0.1118,none
2725ffeb-d35c-4d57-93a7-f20256c79b68,e33f1326-1cec-4553-bf6d-bc18fa70582b,0.0908,none
55d79f54-cf81-40fb-8762-b71525bc683e,d3f8389d-1462-45b7-8488-8f29930976a9,0.0547,none
d823f55a-eca5-47c1-885f-ce0df0e14fda,69a8cae3-3e77-4560-bd88-47334604b251,0.1379,none
f1213d5c-e045-4154-81e9-540c1bc04f56,eb94d885-12d4-4e65-97f5-f19618ed9cf3,0.102,none
d0f74593-c4cc-42e7-bab9-7020fd2c017a,3a8ae9e9-250d-465b-a5ab-60459fe4b750,0.0709,none
d7f58128-df87-44c5-884f-de499c96aa72,7c3afcd8-a8fd-466c-9100-fc2551900198,0.1121,link
ee4fdd38-08d2-44ce-9394-27e2dbd45520,12f5091c-0c5f-4c86-986e-fc721ea9f204,0.1731,link
1fb3e40f-3975-4228-8776-e90c826e2d6e,b280a657-78be-45ff-abf0-4f729204ebd0,0.111,link
9f319c32-0ebf-4c85-9293-8038d2506027,d3c2f896-4235-4e3a-8777-b2d8a426b671,0.1269,link
5b00e467-7e53-4122-b502-e676514b5dc2,0a8f946c-843a-4ca2-841b-dc3d6e9b5d2e,0.1057,link
5dc3edfb-83fa-41f7-9573-241c3e578d7e,387ebe8d-4ef5-4e33-8353-5fcc71f6b57d,0.1073,link
af5c2b03-89de-4d03-a821-d68a5c060888,f6e0a3d8-ee75-4950-b367-8cba41c6934a,0.1293,link_regional
c9410c66-3fbb-49f1-9f68-6e550b0684b6,936d5e47-7cc1-491d-ac4a-4646f1348daa,0.099,link_regional
8250e204-4042-4ea1-89b1-404374550a39,484a10fd-7369-4092-98ae-e0fe38b839f0,0.1105,link_regional
200b1756-1efe-4241-b18c-dcecb0d1b9c0,69099903-e646-4373-98ac-0d669e3b3a0d,0.1296,link_regional
4376d8cf-3ba4-4cd6-9f45-753fcfb1c13f,d878451a-eee3-4b6b-ae8a-a2bbcb87824f,0.0814,none
09c9b9c1-a16c-4765-9381-ba27bc65ec9c,8ffadd9e-6250-4cff-bc2e-e14745a9a88f,0.1514,none
9f89ec93-e18a-49b3-927e-1265bb6b81cb,742b1eb4-726b-4034-a824-a46ec087d3eb,0.1247,none
2eedf698-f331-46b9-89fe-12912fa5440a,007fc8d7-1391-4747-af6a-e33d28038e5b,0.1121,link_regional
084ced54-f03e-4a95-9e7a-091432edfd9d,cd9f7a6b-758b-4d9f-a2c0-ee5d28008159,0.1285,link
856be9c6-0681-4f5a-af23-00b557e1990d,34e03a0e-5ca8-42ae-999b-1f955e285a76,0.0997,link
c98beb03-c787-4c71-af03-06496ae7200b,5a6f3e43-a8ae-4412-8df4-44591e9e729d,0.0889,none
233c6af4-d52e-43a7-a2e6-4da253ed71e3,d07c3764-ff06-479b-825d-63af1d0e8906,0.1269,link
e3ec00bb-dee7-4c01-9dd8-47edb6ac4ef8,4ffa2915-0f33-464d-9a73-5d1686e9300a,0.0781,none
69285415-e506-4bf2-ab53-90a7f13db50c,f3fbef5a-2ea9-4986-9bfb-d1dc6e157c29,0.1675,none
c0b56cb1-e0e2-4f0d-94a1-14e5cfb63d9e,92775383-e129-4b88-b1ec-339e846a9622,0.2457,link
886fdd4f-33b7-4e0a-8ab9-6bc241a00357,facb18c8-a619-4af5-9393-eb860caa57e9,0.0839,none
74668562-8efb-41bc-880b-f027163220d6,fb40e14a-0347-45c0-9d50-820698e73d93,0.1382,link
7b11e60e-6b28-4273-8271-43ebb0abfc7a,7bd4359e-5ae0-464a-8188-1002c982c8ad,0.1496,none
3320389a-9bba-4667-88ac-1868237799cf,a81d6cf6-1999-45a7-a288-1084c306233f,0.1319,none
e67a6568-4dfa-4907-9dc3-ed909e75fb86,97b8b8e6-c5b3-4643-bf23-fb77a368cc58,0.0927,link
9ba59dae-4a21-4cc8-bb00-ee438a9d3373,c6aa0e8c-eb64-4a97-9eb0-3fd9e184c003,0.2335,link
72a592b3-5580-47b4-bd58-46031570c6f9,ec3b0b75-754e-4e28-8d40-c0375669d294,0.1185,link
90f25f74-8f7a-412f-8acd-15bb35400b01,c78358db-23b3-4e50-a9b6-ca9c02bf0ff9,0.1719,link
0040b039-2da9-4a84-a07b-3d02c7cd0f81,6277381e-6426-42d7-8207-f8c104da6286,0.195,link
ced14e20-3168-4569-8deb-3c0bbdc1d42f,05cd4923-75f2-4b50-a1e1-69e08c63d357,0.2166,link
a37fa07c-f497-4170-9114-f9369f7a571a,044e19eb-54de-4665-8335-bdb151263254,0.1195,link
d2b9cc41-9022-4a13-a344-42865d7ac385,156fd524-8916-4066-ab70-31b8f110c25b,0.1489,link
c97906a1-6e70-417f-958f-51f4dd88f1e8,ee403220-c26d-4dcb-9d69-5e43736a5f49,0.0954,link
9953f031-b9c9-46ec-a9b9-faa0c2aad39a,8820a278-096c-432b-837e-83a266542394,0.1265,none
c49efa0e-c6a1-4761-9e82-b08e526a1434,25182b12-9809-4712-b871-c8ba7bb35a8e,0.0927,link
3f69a53b-f796-4753-be2b-2738f4cea7d6,893e1959-6a92-4c45-bc68-7ff0e4ea5a6e,0.1016,none
d9862a16-ce8b-46a0-b61e-c89377da660c,07a5900e-04fc-4d23-b59d-8d471758d63f,0.1864,none
2d004e75-cda2-4949-953f-1391160f5977,aa457326-3bdc-4279-8aea-317683fe7c79,0.0853,none
4ceade78-4260-47e3-8e7a-19b7ef6596de,6313ae92-13d9-411f-b512-bbfc70fd2475,0.1189,none
d04e8495-b2fc-4ac7-a5ae-eeaa0b400e4e,53315b8d-5e9c-40e0-b563-85e7b5ae1387,0.1076,link
64ac9ff2-2bed-47b8-b97d-a35082afae2b,3febe552-b315-4319-879b-23ad98339913,0.1252,none
fa5db113-d2cc-4837-9c2b-24dc48fbf057,fac90ed1-5c17-466a-9b9e-42321e8e4735,0.1556,link
05cab894-9b61-4995-acd3-7c568561d959,feb06512-0b85-4207-a939-1b0d4986c265,0.1763,link
562fe4b3-67c8-4c40-8d77-0a734c289d6c,f498b24a-bf6f-4fdd-8be6-5819ef1f8780,0.1105,link
a37efdc8-61e0-4f52-b349-259755a1b591,989690e4-6637-4c7e-8f24-f33de582aa5c,0.0991,link
a61cdd93-db44-4e85-a116-d263dce9f128,4ff1d338-2ea8-4e8b-90fb-ed10a6f845f7,0.0951,link
b6dcd8aa-252e-4346-b41f-df6cba46f73f,fe19ad7e-5ad7-4fa8-8f52-b9ae74cc570f,0.1437,link
247c5723-a894-4e71-b3b4-2649c7669645,c64884ec-11df-4777-9d98-c450fff56e45,0.1017,none
33df1afa-0300-4102-9784-44519c007e7c,acabc92b-56ac-4cf9-a219-2d8b22768b43,0.21,link
459d0f9a-a7aa-4361-9b1c-3c21912718f7,fcbdd9d0-f7ac-48a7-a115-1f4025c18d14,0.1172,link
02a25fd4-e94f-418b-a8e6-11ebfaba8986,4fdf8848-1800-4f81-aade-264f782904a8,0.2457,link
17be3e7b-ed2c-4d2e-b34a-0e0c4927b10f,b5e605fa-32f6-4f49-be1d-567f5988919a,0.2563,link
385705e9-1515-4225-859f-b6be5a475b4d,7a61e46c-7769-4deb-ba68-5b3c9158499e,0.1168,link
43370f3e-cd15-4c89-8f1f-0a6e4b8b3059,7e2a056f-3040-4ec3-b424-de43bf45ede3,0.1471,link
fff0a5ff-25fe-4c90-aa9f-734d06ec31a9,c5d4bd3a-c22a-42fa-8ed7-c721ce215f15,0.114,link
307a822c-8e7a-46e6-b64e-f5037bdbe54d,03067871-9e45-49f3-8dac-b350a823361f,0.2378,link
50d85fea-1015-43c7-822f-ddeb9634b1fc,63d2383b-4db5-42d0-acee-b1eb85be292d,0.1641,link
1ca1e90f-ab86-4af6-bf75-5efbf5e2df07,40ad110f-50b4-435e-9054-11917175a39c,0.1577,link
7b3d0daa-dc80-427b-b57b-33e936d2866f,db6f5da3-8691-4b4a-9b0b-aa4d336665a9,0.1538,link
f955b075-6139-4df2-b1cb-9d359e0e404c,4ff1d338-2ea8-4e8b-90fb-ed10a6f845f7,0.1452,link
a0a1a806-a482-4992-996b-0381a12d0a76,d5e5c2ec-0aba-4586-86e2-b1ac2404aa0b,0.1273,link
deefd53e-cc38-4a29-a243-36831f5eb44b,7a61e46c-7769-4deb-ba68-5b3c9158499e,0.1391,link
adf9a45e-7122-4aec-bef8-1c72256b93d0,6d92b614-88ce-44be-bddb-9f699984316e,0.1162,link
a15779c2-bc28-46c6-a0af-45218184da65,776235c6-d9ef-4a19-b229-03178625615e,0.1424,link
eabb9af8-7a39-4971-83e6-b8de89ec167a,0aee4ea2-35b0-4527-bce4-5afd10783bd0,0.1691,merge
046bffea-8003-44a2-818b-1096326660a6,0b0a7a45-8917-4de0-b090-d8541205ad08,0.1614,none
ae002083-1e2e-4b95-aecd-2840b9f1b1f7,afab7ffb-699c-4529-aa21-bc988de83d43,0.1719,link
b3603ee6-6c8f-4ba9-997c-b990ae6cbe99,2feff0ac-1224-461a-a570-4b9cdaaf3198,0.1876,link
71972863-822a-4699-8678-ddc6c069ab4a,396296e5-5799-48d8-8bd3-032c284fa90d,0.0885,none
3ad310f2-b350-4e0b-9853-2cb2de471af3,85445c6a-fbf2-46d3-b7e0-d0952b56421b,0.1316,link
580f5be7-5c5b-4ba4-bfce-f94de2ce341f,5c2e13e1-fce7-4fdb-a46c-158a58eca283,0.2719,merge
62af942f-c1d9-48df-b5b4-e6299ba67e7c,85445c6a-fbf2-46d3-b7e0-d0952b56421b,0.165,link
33865433-9619-4dc3-bed2-4f9e59792cbd,2a6545d0-1fa4-4676-b478-0576f6995dfc,0.1024,none
890f4293-ab63-40e2-a48d-dd8a5299b577,ed79569f-b74b-459d-9172-1f4d435af64d,0.0753,none
e6b05d7d-153e-4c71-9a3f-23a1b122638e,2d58fd1e-4d00-429e-8f6f-50dd9b98af63,0.0975,link
061bdabe-81ce-4382-9c21-b32a0e6e985a,eec8bcdd-b8c1-4917-8ccd-e13fc2418e01,0.1254,none
2128d7b0-6af3-41a0-af63-548d87234c91,ea41df9d-827f-4d45-95f5-4f91bf6d431b,0.208,link
7d95a779-d7d7-49e6-bdda-327a6946142f,ea41df9d-827f-4d45-95f5-4f91bf6d431b,0.1702,link
a3c4f90d-6611-41dd-b400-0d82b0a36dc1,1ba6fd59-ff64-4e04-bda7-4b7ebe73f3ef,0.1011,none
6cde3876-6edb-4b5e-86cf-ff91d5781cd2,b2833f20-9460-4c4c-9701-e1b95cb0de8a,0.2237,link
221436ed-428a-480c-a602-9b7c62de7c53,b597a009-0fa1-48f4-b1c7-1a5ca208acd4,0.1891,link
085df02d-3be1-481f-97e1-0e1f667fae93,c6487949-b71d-4800-903f-bbd7baad103f,0.1483,link_regional
f2926395-14a3-4f95-b8d1-193e34c5298a,0eb5cd9f-961f-408e-a521-1bc38f1e19c6,0.1418,link
8e13ee59-d87a-49ba-8d2e-2bead3b69d79,49d1aa93-afd8-456f-9243-158abc055b32,0.1237,none
7b92d7eb-7b51-4f66-a629-01066ad03d55,0fa85507-bc4e-44db-bf5b-00a05ad0ab6e,0.1459,link
4a5f71ec-af80-4810-b8de-d302c735d4ac,20de7a9e-bd01-40d8-906b-99597105208d,0.1976,link
402650b3-75b1-4eb0-9670-b03a7a2248c4,ee403220-c26d-4dcb-9d69-5e43736a5f49,0.2049,link
0b965a66-4dfb-4f8a-9d0e-fd16c4d77233,90f9436c-35d4-4967-a66c-d5fcd8ef9303,0.1801,link
20a8f1e9-c42e-4356-8b84-86e377ab394e,936d5e47-7cc1-491d-ac4a-4646f1348daa,0.1359,link
37ea2186-0880-41ad-b269-cc795c741999,9de7da01-0295-483d-86b1-4d754ecb5ba5,0.1755,link
baaef411-175e-4937-a79b-0674258c43bd,6e8d4e3c-4afe-41bb-8c92-81ec97974726,0.2419,none
5a80ea42-e079-460e-a21b-dbb49be73c87,ae19d03e-4ef5-4520-be92-31148a173fd4,0.1304,none
5a31666e-54ef-49a6-a0cc-8e90ec9a76dd,09c0a448-b2dd-5cab-85eb-f99aae9f7981,0.1295,none
3f2a4be0-c8be-45b3-8f62-d2b5e8bc1c7c,d21075b8-0110-42a3-a85b-4820c1ec9671,0.1989,link
5deddf75-646d-402a-a85d-832ceda951ee,49c9a138-ef63-42e6-8ce1-7ef906c24d34,0.1727,link
0650ec25-9cbd-4885-887b-64e0eb67910d,f771d99d-35a2-4c55-b436-1fad9340ca3d,0.1103,none
524e45ab-c90a-45e5-aabc-346fde65f0c9,27bbb78c-39f5-4f35-a02f-4a66c6edd1ac,0.0948,none
7bbfd2dc-b54f-4c80-a7ae-2f84036f2b60,d2fa34e6-2770-4685-bcc9-911f44123a6e,0.343,merge
0c919c0e-78bd-473d-9b1a-f4e516494362,a7f69e89-67ec-44b3-aa7a-2d57afbd9fb6,0.2076,merge
a0dc4fda-1629-4245-b00d-59008e7c01e9,92fda8f4-6685-463f-bd9b-5fb94eb833c0,0.178,link
0861ed14-01ce-4749-a663-1ee86af31ce0,6b987066-6eb0-4082-930c-009dbac719ce,0.1291,link
213515cb-8746-4645-a16e-51fb686c908a,e4a4410e-6875-46b9-886d-21b7196422ce,0.1215,none
5ceb92c1-758c-4eef-bcd7-51e7eec1f830,31d3d4f0-2799-4c5f-a8dd-bcea34bce29b,0.149,none
956a4362-f506-4966-81f4-1b3131837741,56f6c231-91c3-4f38-8a05-74c95da624a7,0.1997,link
9fddfd59-ef69-4ccc-88b4-ccf7ddb1d874,f4d07232-b15f-4619-a218-c5ad9a7952be,0.1928,link
aca25e8e-1b53-46eb-85b7-e890063d897d,37801129-c051-4e25-aa5a-f782fefbf7f2,0.1953,link
84cc5d37-5250-46e7-b055-ea704e5def71,fa18ce52-d596-401f-8881-d2e77a39bd9f,0.0805,link
72dfe338-5e1e-4c90-ac16-46e75f666112,ce6eb3b1-69be-4371-b905-fc7695db1de9,0.358,merge
af97b67d-4043-4a26-9247-3f44d27bb6b0,1225d241-3e8c-48cd-a70b-b6715e42b6da,0.2731,link
983f04c4-9a1d-4e97-9708-6f13be523057,aad0c51d-a972-45ef-9f05-781aedb3a44d,0.2162,link
ff130b1b-b766-4e66-9770-d8b90b82cd42,ca599126-6028-46f7-937e-60082f93afb0,0.144,link
96f68918-ba08-4c3b-a4ef-11163d53660b,d218ac10-81b7-4526-acb1-9c8fe40422db,0.1079,link
984c5f16-4c6f-432c-adf8-969f00aa71a7,f3e8b912-3227-436f-b324-2e96ec17b41d,0.1001,none
62e8d1fe-1632-4215-b98f-f4b476815ff5,db6f5da3-8691-4b4a-9b0b-aa4d336665a9,0.1434,merge
9a59a619-5a01-4bdd-b4c9-4f40e123256f,480de828-0f36-483b-8bd1-08bfe0ac818b,0.1486,link
c2b5a293-88b5-4512-82bf-6af151893f08,a1196a44-a336-42f3-9b55-b6e27fc7d180,0.2351,link
0b546e0b-1499-4432-a316-82d6cfe577a6,bb2fa1d4-5d9f-4fd6-a7cd-0e47b48482dc,0.2582,link
c5bd82ca-8274-4438-8778-c5ac3644400b,655261a1-bb7d-4676-9b6f-d813b7454aaa,0.1829,link
ebcf73dc-b7bd-4a54-9fed-4942178dfbcf,49ca3f7c-e8ba-4746-8dab-41f34c666f86,0.3116,merge
8c97abbd-242c-472a-a4c8-36b2e1e67f67,3bb6e11b-eee3-4ddd-9672-4e6328d04539,0.1166,link
d579e3d6-903f-4999-b5b0-0f912ac45f0b,9fb1ac80-ac97-4712-8daf-e7e49b1c38a8,0.2442,link
5682ce18-7b1e-48b0-b426-8e4075ee101c,8cda8c9c-2594-48c9-ade0-477f8f787fec,0.1222,link
c0d03fc4-ef34-4e90-b1f0-4a5ae67acbf3,9a9ed360-c79a-43a1-8dbe-52b0ae6a2560,0.1204,link
545ffb4c-accb-428c-8c7c-6f0282f75a37,0572f32b-31bf-4d0e-a11f-021807563c49,0.163,link
1d02c0af-664a-4105-b4b0-327de1cb4081,2725fb06-c681-4bba-884d-7cb75d8b355f,0.2254,link
8c1fd254-002b-4d9d-8cf8-c2e15ff051a0,12d5b5c9-926a-4772-9623-8dd0667b1c2d,0.1274,link
26ce6a9f-ff5c-471f-b809-2d4bcd85c89d,107295c0-e69e-40bf-93e7-2b4e6c9d8ee9,0.1384,none
3d638219-bb03-402d-8fbd-b299f57230c1,83a1f5ab-5aba-4906-8291-08f13fb4de2a,0.1582,link
62cb62ea-9c3f-4865-837e-d8edcd0ed723,8a24e1a6-4c46-4e52-a245-5476fe8475eb,0.085,none
a03c426e-023f-412e-a0d6-22bf719343a5,c649daf8-1cd1-4ce8-ad9f-92b6b86d4274,0.1041,link
7098efa8-b901-44c3-823f-dd117dbdc898,4d84c01d-f700-447b-ba89-908931ff59a5,0.0929,link
68c5f89b-a25a-413c-bb23-6d1e44ae4261,0572f32b-31bf-4d0e-a11f-021807563c49,0.218,link
1d47c297-0647-40e8-bde7-f2f4f7f51553,f31a64ba-ff2c-4414-b0af-94cf45e4578d,0.1102,link
e310689f-7c3f-47f0-946a-b8a23fd5e880,4ab522ed-fbb9-4b09-a3d9-64be824267c4,0.1585,link
ead970ef-4d6c-4fa1-8cec-e126253f3e5f,aaff6a27-cf9f-476b-9680-35022c761706,0.1024,link
8aa6d9a2-af0e-421f-a468-b240ada85edb,9e501910-ca87-4c18-a17c-23d7b8f05edb,0.1563,link
2772ec81-b7c2-4f11-a399-dcd489cc808c,32c9dd44-6acf-493f-ad2b-292ed39ae760,0.1251,link
20514008-52d4-4692-bd07-f4eb0a44d146,7851deb3-f047-4a16-9895-19c23d98ce87,0.174,merge
650fd985-06af-459f-a438-8b2d9861ff35,a11ee08d-1963-4f15-9ca5-bf7450f1006b,0.0732,none
f742523f-d7d3-47d4-a2e5-9e786a025c09,16e89c66-cd61-456d-baee-3cc7e5e55b94,0.1762,link
ae934eae-564c-47ef-a182-268082fc0309,0e96104d-8b51-458e-9b65-965da7f987f2,0.1457,link
0ade35d6-8cc9-40d0-b3e7-dedc550ad89c,f08a2bd2-b5c2-4987-b591-ca03e9449a02,0.1558,link
b6805dca-cb0d-46ac-b86a-5ad8fb3ff24b,0c688fe4-2704-44b7-9c99-2d7c8ac7a1ff,0.1622,none
7c30725f-d78a-45d5-b0ec-747ad21ec54b,0572f32b-31bf-4d0e-a11f-021807563c49,0.1045,link
46816b0c-19bf-4b81-b0b9-21013bf98d63,d22c541a-9ed1-4cb1-a13c-3f04a184b9b4,0.1577,link
22900af2-5f92-4a70-bffd-6f073504072e,3ecfa267-f8da-4f1e-ac0d-94f9a767d36d,0.1298,link
09d93dba-9fb5-48b7-9c97-0bac437a71d2,77dc2e6c-c5c7-4302-87a2-ced48d1e4904,0.1339,link
872bf0ac-c320-41b0-b935-5b6e361c0549,cd135a5c-3894-4564-bf3e-20cf60ee4704,0.1014,link
da7be29c-048d-4020-acda-6d5dfba4ccc5,4b877474-165f-451d-a681-4f3f0316a022,0.1123,link
2e6fecce-4d58-4324-8de7-aaa4249e1209,89962b04-3642-49b1-b86d-f12cf8676087,0.1808,link
99d30bf7-9585-4965-95a3-241502067b88,5baed3a3-9839-4ad9-a85f-212d41120e08,0.1005,none
c70796b6-b1e9-4c64-96a1-4388b0946d64,4ce4eeb2-92cf-428c-a246-12fe46a50a63,0.2097,link
73d9035c-9710-4c46-a356-ea921e895f61,26bb4042-f649-4935-b501-94b80cbbd0ce,0.1425,link
d879fe4b-e160-48b6-a542-10f019c7e57c,04508db7-c34b-4b7d-9b2b-3255d67350c3,0.1213,merge
3b235539-e337-4c60-95c6-f3faeecee50e,ca5fc15c-3492-4a1a-b7e0-912bc699099f,0.1454,link
f41304f5-7141-4284-81b8-c555e1168dd5,ceabe6bf-8445-464c-9896-f548c82b3443,0.2141,link
bf2d957c-0e29-48a4-9e6f-dddce51c889d,7bd4359e-5ae0-464a-8188-1002c982c8ad,0.1448,none
48aaf6dd-06f8-4fdd-b826-944cf1804c49,d9770e39-450f-4a8d-920f-551586a64b09,0.1288,link
92c5ee56-1bd8-4c06-aa0e-8ada6d19f0f2,936d5e47-7cc1-491d-ac4a-4646f1348daa,0.1961,link
e7a1db01-6813-42ad-9faf-ae3e0bffa4e1,9de7da01-0295-483d-86b1-4d754ecb5ba5,0.1047,none
b12ac835-85c8-4e17-91e0-cb4b03c85a2f,488b5ed3-a70a-415c-9a9b-f444de87bd83,0.183,link
5aa6e5aa-9875-4c8a-b322-9983930bd480,62ce6229-c143-4956-bc15-59a185e51db5,0.1985,link
4dc22424-7b59-49a7-92d3-6a9615bba814,a9a7dcf9-dcb7-4b22-acc4-d09e5ba6a5a8,0.2011,none
70f81067-3f14-432c-ae34-f20b7aebbd64,2884ae4a-2a74-4dce-8cac-9fc84bf72fc1,0.2028,merge
72aa706d-cd94-4f97-aef1-627402879479,7bbeac81-54a5-4996-9b66-eb504f8f6813,0.2249,merge
64f2c02d-d001-4075-8076-d10b7f0e0e62,4726067a-c6a7-426c-88f6-52965e357afb,0.0945,none
9c503851-a4fb-439f-8267-9d7f44fbf9e9,cef2a830-4599-4103-aa51-b0f8d71a1f1e,0.1952,link
5c397a0a-e6d9-4354-8113-46d09a16f970,e5854135-ab67-4e5a-b944-2a58f169498b,0.1677,link
0c81f68b-5c95-41f4-9a1a-e3c14a36a135,ec5f7108-18b3-4881-9b93-d7a75cbfbd2b,0.1421,none
8f0c8bc5-d38c-44e5-8111-da1b069fdb33,95e30c6d-adaf-40bb-b92f-151b93e95f68,0.1223,link
937ad21b-a587-485f-bf4c-a351b87baef4,7d6193e9-b58d-46d2-a332-d4d1aa912206,0.105,link
934d8418-059d-4d0e-a89e-2c64ce32f88e,dfc3e5b9-c1d9-437c-bbf2-a63a85ff4d53,0.0653,link_regional
0c701e70-dfab-435c-8e5b-8e2eac4ccff1,f2c7a414-4e65-4383-9d4e-0bab1bff607e,0.1258,link_regional
dd341aa4-6afc-4267-88dd-6672afab7b72,227e63f5-5a6a-4c90-97d2-efd8b4318d19,0.1528,link_regional
8cc44c4c-a830-4783-9a75-45f6dc2b03f8,738ba448-def7-414b-a46f-3ade8dcaf96a,0.1032,none
8437df71-0c6c-460c-a28a-b7d0271711e7,a5f24296-d297-442c-b115-bb34ab4f9b71,0.152,link
faedb074-215c-4bcc-88ce-fba9c842bd69,dec0d850-32e7-47d9-a1f1-29079a7dc345,0.1313,link
8d73d6e0-0cc6-4175-af6b-520e9f2bce6c,c3cc03ca-96ac-4301-86e1-bc0163e182cd,0.1345,link
d1c8cda9-618b-45b3-8525-d59c82f998f5,f83fe51e-c1e1-428b-9418-380d3adb52d7,0.177,merge
c41b15fa-87b6-404a-b24f-7743abc8733d,f31a64ba-ff2c-4414-b0af-94cf45e4578d,0.1753,link
6aaa5a91-7b22-40b1-b270-fd5c2d9e25ee,31093e46-f39c-4dcd-ab3c-22a2e90b9bbc,0.098,link
bdd9ef2f-ee58-43e0-ab74-1f92fcd57764,be94c912-600f-4de6-87ea-6af5cea4b26f,0.0999,none
6eb6e4ab-6248-4850-862b-263669441ed5,592fb76d-8ead-4dd6-ab62-c8e5d18b8a39,0.1288,link
e21326c2-ed74-45ab-8944-ae17d1185c84,44b95d85-fe71-47a2-ae7c-2abe0b04b5e8,0.193,merge
3097893a-3a5d-4df3-b7c3-2a02b76a626a,12d5b5c9-926a-4772-9623-8dd0667b1c2d,0.2071,link_regional
d38b2e90-dece-43cf-a1cf-dc9d2bbb03ba,772e63a6-8433-422b-98d5-e86a7b236acb,0.1085,link
5b41700e-f328-410a-af06-9ae22edf4014,78286af2-834f-445a-b98d-e5abd6da418e,0.2152,link
36d90e3e-d762-453f-ab67-cf596c74d082,f339c9fc-44ac-4bfa-9cf9-77dbfda344f6,0.1267,merge
c3f9c55f-91fa-4e52-a105-a1899b4f270c,41818481-d727-4251-9e46-633786b49286,0.1983,link
7e9e51e1-030d-44b3-971d-6e419dff0821,75b46273-167a-4879-a9ac-5581b4c1a65b,0.0787,link
39db94c8-8fc3-478a-977f-3d0cd36385f3,2b0deda7-fdae-4a01-9987-0e26f77f4f14,0.0999,link
cc22f162-5b9a-4e27-80a7-7c76053a0dc3,1ed1e50d-5c2d-4f26-9d1b-c21d669534ae,0.1992,link
c210c76d-5ff5-4ed8-a481-1eed7ac51e6e,f31a64ba-ff2c-4414-b0af-94cf45e4578d,0.1236,link
735a5161-c89e-4ba0-acae-e9bfd30230e8,85568bbe-bd80-4a0c-afb0-fbd9417b8645,0.2701,link
6944d805-2026-4f05-b374-3dcfc90bff06,42b94c70-f691-457d-8304-d5b376323eb6,0.1308,link
16c3b79f-403c-4ef7-b77d-babe16201af6,b00b2f81-0dce-4989-9516-8d33d955d652,0.1478,link
a2efcc3b-6885-4a49-bfe3-3504a4ecc164,ee1191ba-b28a-489a-8032-3b72978d8c6a,0.4854,merge
1056e4f6-6ae5-4589-acc6-c9ec7740576f,d61f226b-1d46-476b-a1e6-aac5e59b4bc2,0.1567,none
26c134d6-ec6e-4c99-8e0e-ba768214b599,c24952fb-9510-4f35-b0e5-88c102625dfc,0.4774,merge
74407c62-f901-4003-a66a-60b65fe31f3a,ec3b0b75-754e-4e28-8d40-c0375669d294,0.1216,link
fcb563d4-312b-4997-8326-3999e88c0666,fb40e14a-0347-45c0-9d50-820698e73d93,0.108,none
472fc20a-2b70-4b1c-9360-f01660a22661,368842f6-a83d-4a9c-b3eb-6ca74e72efe6,0.108,link
7e170cdf-b06b-4586-a8bc-36d8d34e80b4,04ec1637-34ef-40ee-83e8-f8c38106c4c1,0.1184,link
e393066d-3a70-4bbe-aef4-f26a8cea5977,38a6e630-d3f0-4ed3-b030-a9b61d187ee2,0.4032,merge
d291eaec-a04f-48f3-95fd-6a33f0a705fc,679b7004-36f1-44fa-b677-18618fc32e49,0.1202,link
a247570c-de1e-480b-98b1-d4304abda1fc,cc2a123e-8709-4bf5-be7e-212b4a437ced,0.2959,link
fcce747f-7644-4821-bda1-ba61131ea865,1047708d-286e-446f-ad24-16523a09d2c2,0.1895,link
c02341e4-d299-4efa-a0e7-e741eeb455d4,23986460-69a1-4b5c-8704-a558aad8415c,0.1913,link
fe06a615-2b06-4e4b-97f0-77a847f38f7b,8d6661db-1985-4ac2-af47-9fe403c1c17d,0.2802,merge
55517bc6-bca9-4a6f-af99-7a7d37da8374,12327dc0-6ac5-4e64-87e9-0435c5f1f06e,0.2087,link
dbf2153c-e191-459e-8e3c-785f66eba536,0671a210-3e2a-477f-bed0-e0a4978c541a,0.1066,link
c3ea5667-513d-45cd-b50d-0fe03f277796,23986460-69a1-4b5c-8704-a558aad8415c,0.1768,link
86582631-3618-4195-bfc0-e48074d0bce8,3d41f8f6-8e9c-4d05-acfd-88607f5e4876,0.1918,link
35273f7e-bd07-48b0-b495-c290fbc2dd04,3263402e-ec1f-48f4-9d26-296f76bc0943,0.1147,link
e4228d20-3a4c-45b6-9652-15db907e6adf,41cab24b-9f61-4040-b3cf-7ae302133cc5,0.1116,link
ebeaae64-827d-40a6-a347-ffb255d56481,7bf96090-a938-4205-b933-fe023dacbdff,0.1083,none
2cd7eadf-472c-4181-a9ba-e2d5e430d5fd,36857f3a-4c45-4486-a497-108dd064a06b,0.0554,link
3e876366-a30f-4174-ac9b-ac1cad19c797,8856df85-e29c-4971-80e0-d795eefc4550,0.1559,none
29693260-03ca-4bd5-b282-555f8b8db163,ccb2ec31-a634-486e-b524-6e5eb6c4e18b,0.1457,link
89fce313-d972-4aa9-8689-d89f41c6c2a9,f660a72c-19db-4acb-8738-3b0eb6ddcf5b,0.1469,link
d816369c-fdc8-4d19-be4a-7ac893dd3925,e8f33c2f-9cb1-4f68-b872-7793abe7c1a8,0.1173,link
3a09fc77-0741-487a-b325-ddb6c70e7695,01758e05-d74c-4c62-9b8d-f869aaab1b29,0.1508,link
244a6084-db3c-4705-ae18-72e08f17463b,fed17dcb-63f9-44f8-8a43-384b3ba7b586,0.1538,merge
4243ca8d-31f2-453b-a2c7-0c919e95610a,776235c6-d9ef-4a19-b229-03178625615e,0.2553,merge
21c45f58-32c9-49d3-b5c7-585da83782bb,0eae3ec1-32fc-4946-9159-d30a3ae85365,0.1902,link
2fdc47f2-59c6-4f3e-bffc-e38bec039ca6,c649daf8-1cd1-4ce8-ad9f-92b6b86d4274,0.2552,link_regional
e163a90d-3990-4095-95b1-250a03c64c8a,a8bca3a9-2c43-4937-a11c-b89ce686ee55,0.0859,none
7a45cec8-55ae-4757-9aba-093484cabcdd,d664dd84-183c-45b9-a42e-2c241cb68a72,0.1414,link
1f0bd347-8e49-4d41-bd8b-0c9bc4c8ee44,36857f3a-4c45-4486-a497-108dd064a06b,0.0936,link
9a2c9dc4-40bf-42b5-83fe-ae11edc7dfdf,27d88de6-5463-4061-866f-0bba2bf4be1f,0.1355,merge
c519fa9f-7ba4-48cf-8d98-fd6b82ec1211,c25186e7-c4d5-40d5-8373-efb78e7fdc41,0.1493,none
de22aea3-d3f3-4dfc-8a9b-16f8969d50b7,d1dff697-900e-42d5-9f5a-a377f82109e6,0.0738,link
030df8b5-0920-4193-94a7-5ac49abb9479,8254c442-26b5-4f20-845f-d67d42424365,0.1931,link
25dff751-8814-4a24-b1ef-7e235020a1b3,a8c251fe-a692-47ee-9c42-1f062fe289aa,0.1224,none
d82319d9-330d-4b66-a49e-9f2c24e750c1,9fb1ac80-ac97-4712-8daf-e7e49b1c38a8,0.3243,link
6ff927ea-ed33-468a-8e1c-5d61c376daf0,9feaf2f1-6ffb-4499-932f-c88ce6ae86be,0.2539,link
b03163e2-0684-4ea9-967f-7d12c824a4c6,b1870bc3-819f-48d6-a4f5-7642c7e0cd72,0.1411,link
8ce4776e-7405-4cde-846e-dc84c3af04a3,ddda1011-7f8e-4ab2-96d3-061bcb2f226e,0.144,none
21918c25-e42a-45c2-b396-5e7bf550ef9d,e90edb22-22a0-4112-96b5-83ac13b90782,0.2037,link
7bafba13-8f29-4973-abdd-7105f7a78850,9f7a3f81-8d64-4615-a1d1-98495b1f001b,0.1314,link
2da63d0e-2722-408f-ab15-3821e0c7e714,d1dff697-900e-42d5-9f5a-a377f82109e6,0.174,link
3f333e44-2cea-4556-a231-2104f2285b88,04ec1637-34ef-40ee-83e8-f8c38106c4c1,0.1489,link
12b21a27-d906-4998-9b67-d564e88c04f1,6ccc8ba5-0048-4c3f-82fa-602a8203d54b,0.2787,link
eb9df297-ee9f-4cd3-8c72-85cadc516faa,e3db6544-0f5d-4df1-9254-664a07c75ea4,0.2298,merge
945809d6-2545-4a5f-98ea-81ff200f4046,89e21115-3fae-4529-84f0-bc5a4bedc33c,0.1574,none
c333e44a-b16e-42a2-b465-c48c9e95b25e,ae19d03e-4ef5-4520-be92-31148a173fd4,0.138,none
2db55411-c06c-4b43-a600-acc483c5c326,2d1881d2-a327-4dda-b910-66b8e2aeebb0,0.2069,link
536c673e-0892-4d30-b74e-a51cc149da0b,791fb72c-ad7d-4278-b670-1fc006d3adcf,0.1568,none
cbddbeb3-d6b5-4933-8554-e3d9e511b939,8ad4253a-fb16-4eb4-b4c7-3114c9fdf499,0.1609,link
de9e7a3b-e3b9-42dd-a391-2744470b7f8c,0d315c55-2953-4bae-9638-93d987d0e4b4,0.0837,link
c1bfc091-ecef-42b6-a563-48a4ac6b1e5c,9feaf2f1-6ffb-4499-932f-c88ce6ae86be,0.0858,link
5ee7e5cf-84ac-422f-a25c-5b9579d727d2,cc282c4f-3c8c-47cc-84b9-603d83719f54,0.1333,link
579265f4-9c8f-4fb3-921c-c3541c7be0cd,f5097de2-56b9-4b8a-b2f5-446b619d3602,0.1361,none
f38ee4d5-8978-4d21-83dc-0e9d34a34e67,b2beb571-939d-4066-b408-d683e9257f8a,0.1434,link
542bb0e9-5a30-4ad4-bc24-a407930c6041,9feaf2f1-6ffb-4499-932f-c88ce6ae86be,0.1625,link
4bcd896d-0ca9-4106-aa64-7a8c96b4abce,eae10e81-b9ec-4d4e-b29c-d491277ab985,0.13,none
1ca7545f-d3b6-45ab-acec-2929d30179f8,da96d9ac-2b2c-4070-b6ec-8b55edad5b8f,0.0838,link
d8232171-ab23-40c1-9e3b-43f6db148998,da96d9ac-2b2c-4070-b6ec-8b55edad5b8f,0.1463,link
cb4fadf4-8811-40e3-90eb-05415846a521,e90edb22-22a0-4112-96b5-83ac13b90782,0.1938,link
96d1fd3f-a980-4ebb-9215-d5509379d834,7df1e119-d102-4b7f-92a4-2e6ff50f54ee,0.1061,none
bb50c710-43ab-4819-9bb3-c51e8ffe1127,44281481-dc3c-43e6-a99e-4fb4672d627c,0.1157,link
ec82805b-9966-44f6-929c-e41f08244819,a5817f16-ac5d-4b15-8453-5531ba0db135,0.1637,link
422fd838-0082-47ff-b1c0-2c37d0907255,6dcbbd91-d370-44a5-8e21-1d851af1d342,0.1397,link
c4c761f1-2dea-4828-9341-1e265e3eae9a,9feaf2f1-6ffb-4499-932f-c88ce6ae86be,0.1202,none
e46694c3-00c6-4476-8121-e7996bb9086e,8a074a74-41cc-49f0-8f5d-0e6233c74b78,0.1438,link
ebf0107f-a706-406d-bfaf-fb5237d4106e,2edd4dad-8539-4703-bb9b-376b57807020,0.0977,link
beda13ba-f1f2-49b7-bc24-020b01ff081f,b75e7f6c-beba-42d9-86ef-9a683243cfa3,0.1095,link
365844d1-4bc7-4b86-80d8-cc7e0c3fd5d2,a2ecdd8f-65c4-4aac-a911-918da21bc3a8,0.1674,link
a29f8d23-2b03-4447-a43c-5448b4b4bfb9,12b00dbe-3dfd-4947-ba39-0de60f34477c,0.1426,link
3421b7aa-41e2-4649-89e4-fdc221841cb4,16990578-c68a-4220-a513-4e07fc6b0d8d,0.1676,link
6bc8b3f6-60d1-4037-8f83-ace9d48a0af5,a6c01bfc-8243-4d81-9a6a-14486bdff034,0.1266,none
65d05503-e92b-4c8e-aa1a-cdbdaee3788a,788ffe7f-6a1b-47c6-bada-0810204a779e,0.2069,link
acabdc41-7f58-4444-96a9-7b199c347fb6,53315b8d-5e9c-40e0-b563-85e7b5ae1387,0.1462,link
ebb34a2c-1826-4829-88cc-6d5f75c1f4c4,0d315c55-2953-4bae-9638-93d987d0e4b4,0.1549,link
ca59b904-4818-4052-8b80-363bea99f3d0,46242c1d-bd24-4bb2-9c69-973de95072e3,0.144,none
023e6345-ab23-4ebd-a4be-5fb6adf3c31d,2af44b9d-ef6c-4dac-af6d-df0ffccfae35,0.1479,none
631996d3-13ef-41cb-bfb1-c54f91bddd0d,22918a5f-c7cf-49e2-94f6-b8c6c59467fe,0.1289,none
a8713870-e0bd-438c-8857-4a594cb874a0,7c7ea838-47da-41aa-b67e-da81881b77e5,0.1726,link
a4668e53-6746-44a0-99cc-f2dafc114123,e92263ec-230e-4b2a-bc25-51128e3f73cf,0.0612,none
f95a264e-9321-46c4-970c-9692201612b0,3fc7e644-ddc8-447c-8e27-5c7e48a1373f,0.1247,link
7d9587c4-5232-4b20-a86e-21dbcdd4dad8,af5ebab1-8906-430c-a777-fb7b75c5893d,0.0974,none
df50e345-e8c6-4224-bfdc-72cd0d8771c1,51e9234e-212f-418b-a39b-a8b94e986bbc,0.1562,link
0333586a-d785-4321-9a26-aa083a3699e2,51e9234e-212f-418b-a39b-a8b94e986bbc,0.1839,link
3d4f671d-4537-44fc-a277-0e44818174f7,53315b8d-5e9c-40e0-b563-85e7b5ae1387,0.1469,link
1252276e-fd8f-428e-89b0-72d68fd317cd,ccba0a1c-e92c-47ce-a5b6-46a62433aaa9,0.1336,none
dce89e3b-c1f2-428e-ab2a-0b89061ef2f7,3ecfa267-f8da-4f1e-ac0d-94f9a767d36d,0.1631,link
d994778f-a662-4c0e-8df1-656a6d7edbaf,b2beb571-939d-4066-b408-d683e9257f8a,0.1678,link
d4d15ea3-4a66-4b79-84f0-11e2038f31be,ea10389a-878c-4519-90e0-7e72fa2a22f7,0.1432,none
0e1641c1-9bef-4065-b44d-ac103690d9c8,a5817f16-ac5d-4b15-8453-5531ba0db135,0.1619,link
98284fb4-cabf-4480-9cef-a1932bddf00c,e17cbf7c-3560-495e-ac80-73380258ba8d,0.1043,link
c0ffff6b-d438-4404-8b66-de12cb1c8961,e09654f3-e250-408b-af73-e77b232c8c78,0.1878,link
139f36ce-a993-4689-8e3d-24109e610167,7fd0418d-d697-49c2-9afd-beed7417121d,0.1002,link
00133af4-bfcc-47ed-b33d-b1e4d27d9cf3,12606610-6da8-4ee2-9d1d-c754b07cb7c5,0.1494,link
12eeefb9-b4fe-4b2e-a4c2-2eb3eb0440c4,dabe7e85-032f-4796-943d-dadecec57485,0.1482,none
955cb8e0-7ccf-417f-bd7d-05512a71e93e,128e820e-942a-4a5b-b503-2498d8779ad5,0.0826,link
d4017a7f-2c15-4448-abad-5d69e9dbeae2,3ecfa267-f8da-4f1e-ac0d-94f9a767d36d,0.1521,link
ca315aa7-3955-4173-8b5e-51bad655f16b,28ff8772-5192-4ed6-8af4-0500a02200b1,0.0822,link
e4faf663-4c28-4b67-95c2-b9caf4cb0099,83efe4e1-3a7a-46ca-ba6f-629bdca06345,0.1631,none
c71f38e7-6756-45cb-8cb0-d3e568b20762,ce35ad3a-1b9b-44bf-8d95-7020301b93b6,0.1264,none
585f90fe-a16d-4b84-bcb7-e44d675666ed,20de7a9e-bd01-40d8-906b-99597105208d,0.13,link
b002fbd8-90c0-4b5f-aa5d-24db02a72500,5c2e13e1-fce7-4fdb-a46c-158a58eca283,0.2718,merge
26b0d75d-1711-4d51-be05-6f3797e45ace,d7a0c9eb-df82-400b-9310-8c86d72afd31,0.1837,link
6b5b1516-6ef7-4cd1-aff3-141fd5c737d0,1bfa9876-192f-4401-a7cb-5589bc0bb74c,0.203,link
015e933b-020d-4761-a56b-a20820cceae8,c92f4483-3de2-4ca2-98b8-85ded25ab2e0,0.2866,merge
c57c479c-86d8-436d-89de-136c7543834c,0d315c55-2953-4bae-9638-93d987d0e4b4,0.1255,link
fc1a697e-55e8-440d-a71c-0e12bd071065,bbfb20f2-f586-44de-b531-30f93e6123b0,0.1112,none
86230058-037c-44dd-a86b-7eece0ffff83,7ad09086-ec99-4c53-8396-3c8cc36cecf3,0.1571,link
56598fb3-4d10-42f2-9da1-f5c650a84f5d,53315b8d-5e9c-40e0-b563-85e7b5ae1387,0.1942,link
ccde8534-fbff-417d-ab76-77cacdd51bac,21a0449c-d17b-4375-bf6e-af12ab8b403a,0.0843,link
76a1b31a-b648-4d86-b3d5-a9534e354e47,30ef8b64-4533-40e2-ab61-df3534d57ace,0.1746,none
4437c110-e3f2-4abc-a618-3850323e35cb,43f9c592-d580-4286-8be6-dc1ce9e4bf31,0.122,none
341b9961-2477-45b4-93ba-6ffb182a7e19,77dc2e6c-c5c7-4302-87a2-ced48d1e4904,0.093,link
d66663a2-bf1e-4b3f-8cf5-16fc6e0712b9,f11bba8d-0b8c-4509-87f5-b83061d2cd88,0.1089,link
dd13d61a-18d3-459e-ab43-63e4b213db09,06db8787-79dd-4bb3-9e1b-c3493c84279d,0.1301,none
2f9a72fb-b983-4854-bafa-c8c40afc6f53,62d950ab-ab51-484b-a5ba-28e249960721,0.1304,link_regional
c734b19c-3ac9-431f-9c03-75b6e0b46722,d080d98f-a80c-4291-a050-ba18e433fab0,0.1415,link
04bd07ec-db6b-4a87-99c2-80bd0ba8b5cd,db4f699b-e39e-42d2-90b6-86ca9ad2724d,0.0998,link
55b88cc5-ea6c-4382-97b1-4e235fb4dee3,bd231971-bdec-4f1f-a23b-a7950c3092bc,0.0767,none
e7c73ff1-f473-4ce8-b85a-fed799d56335,8856df85-e29c-4971-80e0-d795eefc4550,0.1023,link
2b77a741-2f72-4bf7-8744-a0c9e2e3888b,78e3083f-658b-49c4-8bd1-05211394063d,0.2177,link
c26260fa-46a3-43d2-8383-285722dea723,950eaf3c-ca3f-4157-9ba6-527bb98eaff0,0.0969,link
88d8a308-ec9e-47d5-bd87-5bc864df70af,28c18da3-fd37-48db-abde-7a9995f3d6e2,0.0886,link
2d113620-be0b-4520-a3a7-7f90cb908438,44a575c8-54ad-49ea-9e6a-29ed026afb61,0.13,link
e94d62bb-8076-48e5-b436-f762edc2aeef,46242c1d-bd24-4bb2-9c69-973de95072e3,0.1323,none
20914deb-7c69-4c67-be97-fd8a46ebca98,4fdf8848-1800-4f81-aade-264f782904a8,0.1261,link
341e3a58-a75d-4d63-b6a7-01241114fa19,05557f68-9c22-4f20-b21e-509cab12caac,0.1224,link
b138e09e-82a1-4cca-9b86-2979d960342c,97d03820-6c63-4e8d-b8e3-5850108e08ad,0.125,link
8b90e878-1b35-4b78-ae6b-4b58690c28b2,ac6d1235-0568-4f3d-b805-1667912ef540,0.1349,link
a84cff20-62e9-4e95-b012-a7ee366123d0,63d97d15-5c90-4ce2-a9cd-9e2c1c5fbbc2,0.1437,link
77b534b6-6dd4-4c50-a046-ae76e472d536,49c9a138-ef63-42e6-8ce1-7ef906c24d34,0.1619,link
7069ea19-ff03-43cd-b90f-4ebc05ef5602,e6e418bd-1f8f-410c-a16f-3954a67db051,0.1025,link
e4663443-cfb6-4da7-9a21-b856ee5445e8,ec3b0b75-754e-4e28-8d40-c0375669d294,0.1264,none
001e613a-10b1-40ed-a16e-6ec3db8a678e,887a0588-a1d4-4b71-8da0-37b3c460b711,0.1011,link
e4063c8a-c364-4458-b22a-47717c1934ea,fb63f9d0-c837-4537-9f3d-f0341f59a801,0.1119,link
ba1090af-d802-4cd9-8fa5-a27ad153daf8,e09654f3-e250-408b-af73-e77b232c8c78,0.087,link
35b798d3-9dc1-46c9-9f13-ae8b849d8d91,019abfb7-3574-41ec-b2f5-77a62a94ce88,0.1772,link
02096d09-26e3-470d-a857-f5be4672af8c,547ffc81-84ee-4834-9996-25071ed68b53,0.1076,none
06e0a0b5-99bd-41a6-b588-e9f5a9dfc722,0881c933-f1da-4999-a9d3-8a77b84a6d62,0.0959,none
165a97e1-9b02-413e-b878-b027e6519085,51469e20-dbab-5247-b3be-a5452460b966,0.0608,none
329bef25-34cf-49bf-997a-bc2afb617700,4788e197-bd46-4f48-a7da-9765890fea07,0.147,none
db83ba38-2ba6-4a9c-ae4f-d8c642a43fa6,7372d5a2-ba62-4e0f-a7c1-f28b897afa77,0.1336,none
20dad87f-120d-4425-8f75-6824ac3b40d1,ed02e0e0-c9d9-4cd4-8b7f-ad6e6a2d0d31,0.129,none
aa3d099e-9f18-49f3-bc57-371641472463,a5790838-903d-46c2-89df-cffb820c53a5,0.1218,none
721b166c-b09e-4934-a324-720d905a8c05,d63fc270-dbff-414a-972f-164271c1c02c,0.1046,none
b0cebbe5-11e3-4b8e-9aee-58f910aedc1e,2ad934e1-0446-5174-ae7c-26b06e85dbc6,0.2626,merge
fd19696c-5594-4609-b176-164c746a30b9,9d795694-10ee-5720-b042-24295517817c,0.1816,none
731373d3-4553-476f-b95e-214288907743,e4fcddff-62f9-4cda-ada6-87cc367a5a19,0.13,none
0fb041e9-e765-43bd-8172-9c7f0e7553cc,667a9476-5fe9-4452-8ab6-fd0402207274,0.0577,none
5d6203ed-c159-469f-b73c-85810d3f845f,04d08950-e659-4821-bbc4-f01721d1c524,0.1214,none
f713ba16-5e21-4704-a429-e7e71101c5e4,6909d9fa-d1ca-4adc-9410-71c74b4e4f86,0.1402,link
0ea8689c-04f1-41a9-8129-fe7a33ed11c5,15426ee1-97ca-42d6-be8f-602f8f344d89,0.228,link
bc40132c-e223-49c0-8175-dfcd61960c50,e785615e-8a02-4937-a161-a08081a700c3,0.2014,link
a433d2ef-c150-4442-a31d-3f55cbe618ab,ac6d1235-0568-4f3d-b805-1667912ef540,0.1199,link
4854e2df-5f53-42fb-a76e-c9e3ea6e2181,15426ee1-97ca-42d6-be8f-602f8f344d89,0.1222,link
48d1a3f7-9e9d-4817-894f-eb5b0c76f959,ea6d1ff1-3eed-50df-9539-1efcd19e748e,0.1342,none
8f99d509-fb22-4b52-b87f-960fa10f01eb,296472ef-0ef4-42f9-84a9-d19adcc1e045,0.1245,none
f2637afc-e836-4273-a550-8c130e376907,8a5aa692-cffe-481c-978c-bce993e91345,0.2351,none
157f6b35-2b61-4456-827b-fdb413c75871,6789da21-17f5-4daa-83e8-73dde20d7e48,0.2069,none
1e6dd357-dd15-4875-af3a-fe65032cfea1,c61d37bd-07b8-40e5-a096-87be318d4e39,0.1078,none
102fd881-ef15-4799-bc59-336d82b2b37e,e4fcddff-62f9-4cda-ada6-87cc367a5a19,0.1375,none
dd9c5715-3d3f-47c9-9c09-5e9985878c77,948f8540-e8a3-4103-a7bc-e94d6ec5d56b,0.0846,none
74d4c840-5b0a-43cf-904d-14ca5be31f63,fddae192-527d-4a88-bae9-b6dc748c69b6,0.0943,none
8b137aae-7660-464e-bbc7-977672917ebc,fd051411-f9a6-4277-95c1-c6d6cbaa9dc0,0.2007,none
52253abb-d02d-4bf8-a62b-dd506ee795ed,aa457326-3bdc-4279-8aea-317683fe7c79,0.1562,none
a3a7fe89-87af-4b30-9124-943cc972aabd,d22c541a-9ed1-4cb1-a13c-3f04a184b9b4,0.0993,link
e2dd6779-20b9-4382-b293-548f95b4638d,155843d4-242d-48e0-ab27-8380cea99e69,0.172,link
26e69f85-0e46-4010-9b91-911782e41f6c,aa07f595-1e59-4606-a959-2faa5b6d1c9c,0.1108,link_regional
e464abbd-ade4-4666-8a98-acdb61028ccd,b9ae0126-1b6c-45f4-98fb-ed5208cd5606,0.1449,link
d31c1b09-70f1-4d59-8b96-cda087561cc7,63d2383b-4db5-42d0-acee-b1eb85be292d,0.1922,link
9d674365-4d1f-4409-84fa-737e352ebe64,1d7fe1f5-0ca4-4b0b-a607-8cc8b3457b9e,0.1332,link
c5a3ddce-a6c0-4f4c-ba71-c682d2708c3b,76d65778-b447-4e8c-b853-4d5d50f3dbf7,0.1425,link
3102378d-8108-4f27-98a4-cf68f96182cc,70a9b53d-ed6a-4913-8b2d-30913f3f8823,0.1401,link
cee473c9-3701-4b39-9d9d-1b47a90c3d67,9a9ed360-c79a-43a1-8dbe-52b0ae6a2560,0.2132,link
4d0dbd1c-1935-465d-8202-2709c818e47c,8177e685-50be-4be9-997f-4d772027b792,0.1319,none
884d0979-efc9-4ffe-ad8c-e4a3b98a11ca,fa326531-46e4-4eda-aec0-ef4c1aed0ede,0.2661,link
93113ee1-8a14-44e4-a8c4-01da01f5069a,cbc63015-3c79-4afd-9a85-74db9130eba8,0.1922,link
17573a82-d7d9-4562-b75e-3b1fe8081bc5,e3b23cb8-c09b-4fae-9450-dd3573dc7795,0.1191,none
d83338bc-a951-4acb-8e9c-432b787693a3,b1c1dc57-df67-4d6a-b65e-6cd78af16b47,0.0619,link
5a94029a-8bff-4477-b9d3-74b1db8c90b4,36a09849-65bd-4131-9a3d-f46243eae932,0.1093,none
f6a9d4d1-1123-49d2-abde-712d8a383744,3367f694-76b9-406c-9099-40f0565f5bf6,0.1482,link
9ee94e50-b1c0-4f93-8516-d83490648608,4a51c9ed-a12b-472a-b803-b4c3ede350f1,0.1182,link
84e9efd5-a763-4df4-893b-10aa257c5d3d,1047708d-286e-446f-ad24-16523a09d2c2,0.1597,link
f0a69844-e6be-41e6-aa98-4fdbeeacd031,1047708d-286e-446f-ad24-16523a09d2c2,0.2937,merge
f48b1644-e9b8-405b-83fb-f5465ff74e13,4c39372b-b2ba-427a-9efe-d93abc0b2e1c,0.124,link
2dfe1e39-afee-4ea2-a1fe-336037af3e30,969e2a39-8026-4e4a-aa9e-ba1d81daed2c,0.1482,link
dbcb268c-d0a3-4728-b10c-f58884c15d9e,b9ae0126-1b6c-45f4-98fb-ed5208cd5606,0.3224,merge
d940edca-b603-408f-b2fa-49ce3be4cff4,88b26388-9a02-4667-8a85-3d09e80a718d,0.1945,merge
99262f1d-80d2-4f4c-8d2d-948978663778,f31a64ba-ff2c-4414-b0af-94cf45e4578d,0.1992,link
89583ce8-2ec3-4ff5-ab80-4dec11819eba,aaff6a27-cf9f-476b-9680-35022c761706,0.3741,link
4ad4b7a4-b12b-467d-9909-631e72ec6386,04508db7-c34b-4b7d-9b2b-3255d67350c3,0.2433,merge
3528efec-a186-4735-9a18-90820f215b8f,989e255a-b1fd-46be-9dbb-8c844a08f436,0.1378,link
d5bc79e2-8683-4c3f-a245-020a9638834d,bdc48f14-9162-4167-b10e-28209527a38a,0.3402,merge
f9f8918d-7d19-4e68-9298-2b66f45054b4,f31a64ba-ff2c-4414-b0af-94cf45e4578d,0.157,link
f536a78c-5265-4ed0-aacc-8eea4690e9cb,91737efa-6be2-4dc7-ad15-894e1440bb52,0.2888,none
af73ae07-bbca-4df0-8aea-c0637c364888,67b94bf6-c7c9-4878-9cd7-402010e29c3b,0.1899,link
279e1fba-7238-4557-9b78-f1f88c2c3df3,352bcdab-6a14-4c6a-b922-142c7f499950,0.201,merge
a292d95e-c31c-4dc9-b1e3-0bb7f8c87668,1937f7c2-ae40-4562-bc5d-08eea1e6ea53,0.3208,merge
19924bab-b5d8-434c-8b6a-ba41f291edb8,a63b7eae-3946-4087-94ce-640deed6941a,0.1878,link
955140b6-5a98-4395-8f9c-721c65f95c22,03981c00-bce2-4360-bace-193cb4abe575,0.0686,none
cc7ab3e6-312d-4f02-8686-e0a8295d30d6,be7e131b-4959-4fca-b200-310920acdd8e,0.1037,none
0fbd3890-a9fa-4df8-8f0e-0004c0432776,a1a7f919-5bcd-4194-85a7-45ad0ac46bd1,0.1863,none
804e4b94-2439-4c54-8717-20c6cfe28bbd,526083c0-7a3d-4395-8228-48b50f5c34ca,0.1226,none
94f3ec26-d88e-4089-9749-20391f477319,8efe7170-9c83-4218-b320-6712de482d0d,0.0933,link
aea0bd32-b7ce-4a81-8a14-8faa189276d5,9e600d17-02ac-4e69-a0fb-423ac51c817d,0.0804,none
58581859-9919-4aa9-9b53-b5f50054a16c,7c1dae6d-709d-4e11-8466-ca130b4eb4ee,0.307,merge
4d3d5528-5e02-401c-89ac-e2023107e97b,08146edb-70f0-4e11-8eaf-0b96b6adb49c,0.1253,link
a842fbc6-1873-49bc-a1e8-56a71afc2163,5756c81a-777e-4c0d-812b-819c657ec3f7,0.1749,link
5e0c71d5-69b6-4bb7-9690-5e5ce748377b,950eaf3c-ca3f-4157-9ba6-527bb98eaff0,0.2248,link
db0f5c3e-8ced-449e-bafa-a5ad4f9b38dd,d46d66a6-82ca-48f4-bed0-ededd7bcdfe4,0.1588,link
054d9304-9fe4-4858-8033-87fed4c20848,d3bfcaf1-a87e-4277-b7d6-7a1f9860d235,0.1476,link
0bc79887-19a3-42b9-ad45-567bf6592e18,53315b8d-5e9c-40e0-b563-85e7b5ae1387,0.0865,link
93ef5fac-5e22-40e0-ab5a-a45ab53a069b,76bba2ee-dc29-4038-a1e7-d146f7d8cec6,0.136,link
e36af5d1-cd8d-4a5d-9f1a-6698bb2b2925,d3bfcaf1-a87e-4277-b7d6-7a1f9860d235,0.1997,link
d5e3c034-8197-49c6-8023-36ed9f5f78f0,cf17bedd-ac6e-4ad2-9e79-2298e8f58f0e,0.224,link
6c50aa8f-90eb-41e1-926d-ee6953ea35b5,bfbf5a4c-5fe5-4e1d-9b21-e247671dbb29,0.1477,link
a92ceb76-58f8-4bd5-9458-1c6b3f95ba63,7484aec0-9d0e-4bfd-b3ec-fce42be49959,0.1406,link
c278cd03-c5ee-4e22-9d52-f748e2680790,63a74111-6196-40c8-a90b-2cea49a5e845,0.1693,link
d3fcee10-2568-4800-ba20-0056da859807,7be28ccb-2bc9-406d-837b-860ddc1ad5f5,0.1164,link
21c96a72-e06c-4cd6-9e34-ea9df78006e5,9aeb36e6-782f-42bc-af00-aa219a0dd362,0.103,link
ea259c79-7ccd-4aa9-8c7e-ae0da95f657c,a0038c5e-f06e-5081-a008-09f8b69d4c05,0.1805,none
0b9b6f71-0d7c-4d04-92f2-bf75c64cc8bb,9eae2bea-292b-57dc-a83b-4f1ca93fdcc8,0.1624,none
5091fb31-1dd2-4176-ac2e-9fd15817f2c3,a89278f0-257b-41cc-8b7e-ea6cdbde8c5a,0.0831,none
298a436b-bcaa-4514-a87c-d322b728ddb6,51c90f2a-c79a-4f4e-bf1d-af54abfb4422,0.121,none
678688fb-1a27-4cc0-b7fc-b053c505397a,cb00ea3e-4fb7-44b5-876f-a444b19830f9,0.1278,none
5104c641-7238-453a-999d-5c7989ff8710,9dd0efd5-f4de-59fc-a2a4-da55fc511ccf,0.0733,none
06a2ea11-e2c3-4374-81ab-3e5450069ee6,3938ec14-4750-5d0d-918c-cbdcaad95f34,0.1781,none
4ab483df-a36f-465e-a6d6-73d0358615b5,cc3a03d4-575f-4ac9-acf6-6b0f646001b5,0.0869,none
0d83286a-7cf1-4528-be3e-9c005a1fd75b,526cd011-b3d9-4ded-9549-62d677bbf908,0.1269,none
ef273b75-7a00-4dda-8923-114ec0719ead,aa78c38c-91ff-441d-bc2f-92c4b5240792,0.3358,link
1d93995a-fab2-4fb9-98c1-cfe5d08b0955,6e500b44-172c-59ed-9ec4-bf28057b3479,0.1151,link
c24504ef-1421-4d22-9a0e-55abcbc16859,c9cf956f-1bcf-5c63-b0f5-a167316e1525,0.1966,link
41aa9748-0098-4573-aee9-7ff8fe0affaf,51c90f2a-c79a-4f4e-bf1d-af54abfb4422,0.1193,none
72dfb3bd-6880-4732-9861-fd5f713fc2b3,1ec5ab2c-ddf3-4684-a8f4-715bb557ad98,0.1254,none
3e2617bd-a5da-48a3-b5ea-92fd79c6fe18,526cd011-b3d9-4ded-9549-62d677bbf908,0.1256,none
4c6475b0-e8cd-47b8-a4b6-ac67cb5fb0db,d20b64df-5d7a-43fb-ac8f-9f54ed295a5a,0.1748,none
2cbf401f-be36-4987-8adf-e4d55f042c5a,785fac36-e24e-4ca6-b2f8-d722955283f9,0.0924,none
97ce7d72-00af-40ce-b8bb-7b299aa3867c,d17fbecf-6ce1-47fa-a026-69a568ef2e53,0.1289,link
40f186b8-03fa-4d72-99f2-3df8ef03ce60,275af4d5-191d-4288-b143-b5d509add47e,0.139,none
19f0b44f-8bb8-49f7-b652-31d369146c18,01b92a76-0c59-58d7-a9fe-754791975b7b,0.1683,none
285484a6-7121-43a7-9a21-0494b6233fd7,819db76e-ad6f-4907-a187-da18f160618a,0.1071,none
b50f2aff-3ad5-44f9-aec3-a9bd6007360e,ceaf6e81-97f5-4fb7-a8d8-369067c3484f,0.1168,link
be1bd719-bcf4-4f79-8664-c8dad444a428,36f85a3c-14f0-4d0f-9e13-7002da5362ee,0.1185,none
c805e67b-b749-4a8c-a964-59ba3a84b85e,a9b75edf-29ff-4b3e-b533-765adef1984c,0.2372,link
bf61abe2-9ad9-4d40-9800-4445bfad86e7,99b86910-2b5d-4001-b9ab-54b63f8c2bab,0.1391,link
e87d0c00-6878-4eec-9f92-e5ca394691c3,fac2f2bc-62e4-4c38-aa45-0d08cb609aa5,0.1122,link
07db7e4d-b16a-49b1-9180-74cd52d939c1,36857f3a-4c45-4486-a497-108dd064a06b,0.1109,link
4580b949-0f0c-40a8-858a-d0879206a9de,4d73e305-96e5-4211-a413-9b745322e50b,0.1035,link
311ad8b7-3fed-473d-a886-42669bb60078,39ab2526-d9ec-48db-b10d-cff97c2b9616,0.1642,none
43933567-6531-4e63-a315-cb940253b4cc,36857f3a-4c45-4486-a497-108dd064a06b,0.1195,link
f2771af9-d66f-4ea1-93c9-25036c7c2671,86013a54-4941-4731-8485-684f3e920fb3,0.0772,none
a847f270-d8f5-4d6d-8f9b-75c305cc894d,f9953712-2a16-41d6-9598-c781fbea852c,0.0989,none
3bf8b4d9-87d4-4bf2-a9d8-5d1134ae67f7,3ecfa267-f8da-4f1e-ac0d-94f9a767d36d,0.1575,link
5a79a849-f5b0-4a03-bbb4-3e9dec5a5d5a,2dfa7ef2-ec7c-4d9a-8bc5-6fd6b5cb38f6,0.2118,link
cb4954b5-806d-47c7-b851-a38c8a2fcba5,d7b06b26-4975-4d2d-a33b-d5831a8ed3a5,0.191,link
3e5a8aaa-ab35-44dc-8d0c-18fd795d95e2,483abb23-abe0-4ddc-87ab-25cb227e21b9,0.109,link
c580e05f-23c9-437c-a1c1-5f4a30664fbb,866c283d-b2db-4ddd-a94c-5bbf56b23111,0.1059,link
dc8f7ff3-7eea-42c0-af02-42a0f1dace59,799bd21a-2296-4c53-8b86-f2b1c16e13a9,0.0709,link
b60c5ecd-3b3b-42af-8ce5-cd61b6d44f8f,89e21115-3fae-4529-84f0-bc5a4bedc33c,0.1843,none
059698af-88aa-47f3-b741-4e976c4a9249,5baed3a3-9839-4ad9-a85f-212d41120e08,0.1232,none
7d8eb58e-1095-443d-a6b7-a383750ec7e8,262b5b58-3041-41fd-bbd5-5da6e80e9355,0.2067,link
8e39c064-5f14-4258-a739-046348e0878c,9b6b40cd-846d-4f6b-b73a-d2e1b9f78714,0.2024,link
0d553ce6-b6a9-4cc2-81c7-d93b20981658,661ca863-4f3e-47c2-85ae-78efcedcaee5,0.0543,none
21892372-e4a3-4311-94f4-788701712335,ad8a4269-aa38-46e2-9dbc-4f416ff29d82,0.1447,link
4d67ccd4-1a76-4dc6-b645-250ca5e2ddef,215b7932-cc39-4314-af26-59c3396228b7,0.1843,link
8e7b0c78-19e6-4366-88df-c0941e3caa1f,2b51819e-327e-4272-a1a7-5dd2ca292333,0.1558,link
2836a3aa-426c-4e8f-afbb-68617a1ed6cd,cf8a4eb9-de18-42b6-acc3-0cdd3e995182,0.0766,link
d3cee6d8-a907-4919-8d1b-68e104f4e352,7ee0862d-25d1-4e90-befb-02d77d8d9880,0.1059,link
b38c9508-c5ff-457b-a279-b349addb3423,79bc2256-e0d2-4712-ba22-b6c53943d592,0.0525,link_regional
26d10937-5cb2-4d4b-9ec9-b01f43fe8f9c,6e2e6073-c17d-466a-aa91-1618847282a2,0.1192,link
e5e53033-9697-4465-8ea8-e84431a4efc1,4721e180-bf6a-4737-b8ed-b8430f013e69,0.2085,link
82c83a4b-4317-451f-b164-03929ea2f8e2,7c1dae6d-709d-4e11-8466-ca130b4eb4ee,0.26,link
113ed6e3-25fb-4828-ae5d-7ea42811f609,4c14cdab-dd6a-43a3-b946-5d925a5331fb,0.1646,merge
b48dea3a-ab54-4fd4-bcdd-05d108931c61,d20b64df-5d7a-43fb-ac8f-9f54ed295a5a,0.1401,none
eb28efa9-ae2e-4a5c-9837-6178b5dec257,275af4d5-191d-4288-b143-b5d509add47e,0.1493,none
651b285a-c5e1-4a15-88c2-f63e4a4106a7,3df1cd8a-5b54-451e-a847-544e8acc7c31,0.1272,none
0f4e3cb5-7fa7-4a9a-a516-a1df88365ef2,4a9dafb1-01ff-4113-89d9-c4a3262a8277,0.2873,none
66c02cd4-42be-404d-b31c-bd014ee91e3b,cec5e44b-3612-44fd-856f-d46d95714a68,0.1498,link
1df5375a-6886-47d1-9365-4b34afacd669,0cad3637-d4b7-412f-8c26-fc1063c34663,0.1304,link
f156bbc5-218d-44e8-8392-b1ed3a61c509,fb9d42df-6c70-4519-8166-581129dd4b5a,0.1378,link
c486a8e2-d1f2-4a78-96a5-22f323dfdcd6,1ec5ab2c-ddf3-4684-a8f4-715bb557ad98,0.071,none
6c77c792-8745-423d-87a7-96ab9ef92c32,cec5e44b-3612-44fd-856f-d46d95714a68,0.125,link
756ef657-2b48-4859-97ab-88bf67e3d4d6,cec5e44b-3612-44fd-856f-d46d95714a68,0.1766,link
a145d4ed-912d-4ef1-874e-97c3a1da6c0e,8ab65003-38fb-4997-9a64-9c88dbf01ddf,0.0987,none
6014a4fc-cc49-4b49-a3b3-5e51e8c9b3eb,4a3fdf92-19e6-4425-8b80-f2f6a1571b85,0.1721,none
9c105b72-2c31-493e-94b7-9b0bb83319b6,a922b217-fcce-4ea9-b152-96006fe4dafb,0.0625,link
9a553c4f-4ec7-43fa-a8c9-0a18a3da7a02,76953f47-1ff3-486d-b7b3-b4ff5d628276,0.142,link
b2b882c8-3ae8-4671-9925-a023be9a25d0,5f3c6223-7c54-45e8-aae6-1b11ea613340,0.1977,link
8e474e90-a565-4b5c-bd77-e7c7aff16f4e,cec5e44b-3612-44fd-856f-d46d95714a68,0.1417,link
beccc52f-af4f-4268-8277-bb3605df01ce,d7f807b5-5f6f-4a62-abbb-e91392ea5d1e,0.2018,link
72b5d126-615e-456e-b011-f5ac069c2489,447cade5-a399-41ed-80cd-07e8b11c4dd1,0.1447,none
55924f86-0317-4aa5-979a-0f04f7ed8268,4af1d920-c963-454b-a616-f814f62da5e0,0.152,none
240b94af-aaf2-4180-847a-0baefcdb0e0a,f11bba8d-0b8c-4509-87f5-b83061d2cd88,0.1174,link
a42299ca-e197-4ab4-bb4b-ac47cfde65a8,3290f026-bcf8-4623-b321-cb176e243ea2,0.2277,link
ba97de71-f816-42dd-85b2-82b5379d6344,f11bba8d-0b8c-4509-87f5-b83061d2cd88,0.1063,link
a62eeb57-50b8-4431-89fa-c1207a43fe13,8cecc584-29c9-45d0-85db-518915fb33d7,0.1101,link
82234d0b-db13-40cd-b27a-fd8d22600af2,c48a71e2-dc74-4e58-96e0-83bfd215a144,0.1412,link
eb157974-3456-47a3-82c9-ddd00d806b7d,3ada34e8-5c1d-4e00-8a48-a3680516d4b0,0.2206,link
f634db1c-8fbc-4642-8c26-5faebfa2e16d,0d4a7a02-a0bc-438e-a293-3acaf36d6a9c,0.1066,link
79df1f0a-9570-4833-9af3-6ba0a1fac2d1,bb43ac94-4c1f-405c-9541-c12d9cd16f75,0.144,link
836c34e4-6bde-4b2b-9a19-deda25cc1f0e,b280a657-78be-45ff-abf0-4f729204ebd0,0.14,link
b1e2b8c4-cff2-4a96-8b38-ad21047ad9da,13ece3f6-8e8a-4909-be34-3aa82f952dde,0.1164,none
61582558-71d3-43e0-8032-8194c1745d31,3ecfa267-f8da-4f1e-ac0d-94f9a767d36d,0.0884,link
763916d8-fe05-4848-bd7e-6e206e92cc93,79563247-6bb7-4dfc-8673-b8664097e3aa,0.1026,link
609f48ce-e74c-47df-aacd-26e880a8111b,2dfa7ef2-ec7c-4d9a-8bc5-6fd6b5cb38f6,0.1836,link
5356f443-7cf7-4422-86c8-9445f6d85b6d,661ca863-4f3e-47c2-85ae-78efcedcaee5,0.1453,link
3790d3f6-e09f-4905-8e64-5f322497b665,f64eb251-d1fc-4aa0-bfdd-ec10dc1a5f5e,0.1397,link
bb1b9c9f-d0d5-4ba6-8900-0446c12f417a,661ca863-4f3e-47c2-85ae-78efcedcaee5,0.1558,link
0fbe975a-fd04-4722-a75d-9ded304168cb,ceaf6e81-97f5-4fb7-a8d8-369067c3484f,0.142,link
6c074f8c-7e19-4f3d-9ba8-1ef4c605ed78,52f73b9c-7380-4979-80a6-7a47be53ab4b,0.1684,link
0a42bb95-44c4-4d52-b669-8359d1a1678d,05dbed0e-425c-4afd-9276-cc0ffe83a956,0.2271,link
d80997e8-52ed-4017-b83d-c73a533e0111,f9b7bfe0-56bd-4f7f-9da2-ad8a4c68e504,0.1259,link
7e7bc068-7b4f-47c5-b662-b54d9e3af1e0,62c876ce-8aaf-4ae4-a51c-183298e4c880,0.1836,link
18452d12-9e0c-42e8-9cb4-d87a91f55dda,c4f81221-3f63-4bc6-857c-98cace4af1a6,0.3077,link
f78523c1-58ff-48eb-8fdd-dc8de7ef1fd7,5928323c-927b-4d23-90e4-849e34080ace,0.1517,none
2151b7d9-1cdf-4cb2-a48c-6cc30aa50654,844b254d-6b68-46f3-a192-1b9e1c292ddb,0.1718,link
ca41a67b-1037-4aba-acd3-3159fb2c17a3,be86699a-821a-42b6-8a62-2cccf0e0d4ad,0.2066,link
537feeb8-718c-4ca2-af14-32386c4f228f,fb40e14a-0347-45c0-9d50-820698e73d93,0.1277,link
4b05b787-6fb2-47d2-8f07-95fb2964dee5,5d8deafa-5906-45bc-a1e6-2e665ec28f55,0.1058,link
19090918-d2ba-41da-b79c-fabed17b0ad6,0c3f0437-f024-465d-a158-e75c1d4e1395,0.2019,link
0ee54ea7-11be-4357-92c9-387d24c5f6bb,5f0cbab4-fb49-4096-897f-99e03bf966c6,0.098,link
dacc65e9-4225-480e-8fc6-12aeab79ab35,661479d3-6493-4a56-9dff-ff741e587285,0.1505,link
f887808b-ffed-4f8a-9d7b-1844bf93e697,c24952fb-9510-4f35-b0e5-88c102625dfc,0.1412,link
000480b1-0ecc-4829-b0d9-7b61f3b155a0,2dfa7ef2-ec7c-4d9a-8bc5-6fd6b5cb38f6,0.1697,link
08903987-6877-4324-9a5c-bee05a4d9061,b6d03405-7c4c-475b-9300-8943125f3620,0.1914,link
53c92b55-ac2a-4798-ac0c-16647ce32584,92775383-e129-4b88-b1ec-339e846a9622,0.1969,link
267f5cc5-7ccb-4e1c-bbfd-9df59e4f86f1,f6e0a3d8-ee75-4950-b367-8cba41c6934a,0.2149,link
230b71da-9616-4d95-b122-66e192b14548,1ed1e50d-5c2d-4f26-9d1b-c21d669534ae,0.1575,merge
1e03be32-6b2f-4200-8911-38a94fa2a4db,27e8d463-9f23-46de-a297-9c280c55232a,0.1263,link
18051616-567f-4849-bec8-2cd6cbeeaa18,a7f15124-1b4b-4fa8-a655-2e3758d704f9,0.1268,link
5886ed67-266b-4314-98cf-76707205ab5a,d518e4b6-301d-4d80-abbb-04ce4f7e9bc8,0.1597,none
0809226c-f68a-4e46-9f74-1e046bfa9d35,787c6e84-507f-4f28-8ea5-a4cf568f1a9c,0.1831,link
b6ccc9f0-19d1-4e0b-a997-d49ca40efc5a,955ef9a6-61b7-4611-b8e5-b0b10ac07777,0.1406,link
e2aefba1-16ae-4c29-a96c-b01012cf6691,c27f4908-b7be-44de-9633-bda3e017a6dc,0.155,link
bd9a804d-987f-49ed-bdbd-b360dd26fc25,776235c6-d9ef-4a19-b229-03178625615e,0.1014,link
2c4d511e-fafe-4ed0-9c82-1d1f5a64dddd,a0e2e990-b6cc-4a60-845b-513f1adf30f6,0.1356,link
262eae3e-03d1-42c6-8752-16b9ee4d1281,8acc294f-fb2f-4b99-9e3f-3e3cba60960e,0.1365,link
05be294e-5c74-4afe-a3b1-58e8cedfe76a,63d2383b-4db5-42d0-acee-b1eb85be292d,0.1687,none
741ae0d9-07a6-4d97-a902-79a8a47d93eb,ae35f38a-ffa3-4d90-a620-5ba6508d2fab,0.139,none
98aee906-45c9-4ce0-be28-f63532efa771,ff894aff-5fb2-4335-97ce-59944cb44cc3,0.1271,link
0aa3471a-32cc-433c-954b-a675b4f7faae,7ce4342c-ffde-4483-8590-5de11a6bcac8,0.129,link
f0a33abc-e14b-4b09-8986-8f4ef11bb6dc,03067871-9e45-49f3-8dac-b350a823361f,0.2362,link
7cd932b5-278c-4640-b327-384d7063b905,6474db48-3f05-46bc-8528-67ba6ef61977,0.1342,link
21b139ca-13cc-4026-8cae-dbec11ffc1fd,58621f89-fb43-4195-99d5-01bc1c643b8b,0.1393,link
95159325-b141-4b40-b32f-02ee4c3f1fb4,189f3dda-eafd-4272-be32-1ec2efa2e4b9,0.1347,link
0b13519a-4fb0-47bc-8249-c6178bc4cade,7564753c-5c7b-45ef-9161-6c2fdaf6e6e8,0.2137,link
08fc2716-da37-470f-8895-5fab7bf55d2f,f31a64ba-ff2c-4414-b0af-94cf45e4578d,0.0907,link
854645fb-a0b7-43af-99ed-256d2c9f249a,e8dcd8b0-61ad-49e2-8f1c-fbec7197f02e,0.1169,link
9942b345-ae0f-4d46-866f-1407d25e4763,fdce0e74-2d5c-4f08-ab04-abd1e42a75e8,0.2025,link
4a4bd565-4cad-460a-8831-b48ac1f0c615,fdce0e74-2d5c-4f08-ab04-abd1e42a75e8,0.1448,link
80e9b4fc-acf1-4aea-a31c-dbd6f5e872a9,3e772d42-2dc9-4e1a-b45a-45a74a8d9723,0.1105,link
cad04fc2-a448-4f0a-a8db-ce8bc35f776b,c0308078-75bd-4d14-bcfd-f1a168694cbc,0.1041,link
0a16b2fa-b60e-438c-95a2-f69a701f8943,c0308078-75bd-4d14-bcfd-f1a168694cbc,0.2208,merge
a22ad651-2635-48c7-84a7-c524d733cb2c,7a8bd222-e784-43a2-897f-295b6db86fb7,0.147,link
f795180d-5d38-4a65-84e1-dd587a44cbea,86ee6bc9-8f73-4ede-bdbe-c90cac79b05b,0.1606,link
c79aa2ae-7869-4ce6-9f5c-3c82eceb5ece,69aaee7e-a8db-4ca5-8bbf-be9402d641cc,0.1377,none
a101834a-6994-4b74-8894-80cc3299bf3b,4218df92-1d4f-472e-bdb0-ad4a5acd676a,0.1117,link
52a2f11b-b7cc-48a1-a2f6-ae5f619c0251,f2a31e19-cd69-4ab2-af55-78424e2b1b53,0.1229,link
48a5e045-bf44-42d6-a0d4-c11bb5f95cf7,86ee6bc9-8f73-4ede-bdbe-c90cac79b05b,0.2396,link
2f9d24b1-2030-4be9-8478-08cd83d11c09,811c5423-10ed-4727-9509-9d2a3248a4d4,0.0921,link
91f8f284-01b4-4dd2-9966-9cc6564327bc,f771d99d-35a2-4c55-b436-1fad9340ca3d,0.205,link
e960949a-a403-4ee5-84e6-f06e738da8ef,ec88e264-5b99-454f-8034-66a8da269baf,0.2278,link
c8cb80cf-b693-4d1a-b49b-59984d77adae,3155dee5-0d15-49d2-8a5a-82049081d45a,0.1871,link
4b7feee8-0212-4c19-be09-63fc5259ce6e,f268696a-38fa-4336-8477-bde9bbf1930a,0.2019,link
55b02afd-7813-48fb-b3ea-b925935aab3b,f8491d6d-b55c-4f6a-a1c3-a7e97dc79f0f,0.2605,merge
816b7a9b-033b-4b39-8dc7-b52017052987,a8639135-5095-4daa-80e2-3e8fa2d3ea33,0.1766,merge
292e3b6b-90da-4711-9b4c-f5a9bde0a15b,a8c251fe-a692-47ee-9c42-1f062fe289aa,0.1902,link
66f3e8d8-c3b7-4aa0-8f54-8856346eed83,a9107a34-d51a-439a-876e-ad092a7dc51d,0.1249,link
952508f3-41a2-4116-ad41-43d33675006e,1d5d37c0-a37c-4c41-ad62-9ed126265e1e,0.2615,merge
2bf36ab4-9921-47c1-8b72-a78602a84b3f,cef2a830-4599-4103-aa51-b0f8d71a1f1e,0.2344,link
c36b3e0e-0336-4ea7-ba80-fae58e32b846,70a9b53d-ed6a-4913-8b2d-30913f3f8823,0.2689,link
52302726-dcce-49b7-b48d-a476f6a65a27,fe22b089-e467-4a38-8f0c-55b73bdebdb0,0.0826,merge
92ea5cf5-88eb-4636-abb8-72be64e2ce9f,8650b433-086e-427a-a689-af3a0e92131c,0.1356,link
6d241356-1253-4f8a-a9ec-ac05c61b7830,8c8477f0-3817-4734-a53e-f3f95a0b53cb,0.1789,link
4c0bce70-1b69-4758-911b-64c3357a8f7b,831a3eb3-c27b-492e-9ca0-8c8f444253c7,0.1416,none
94269b08-73a0-49c7-87c4-17a44ead9e0c,cc804414-0544-40c8-bbc1-b2ae43048fdb,0.1398,link
4fb0db92-e5fb-400e-8c61-727691af372d,c3cc03ca-96ac-4301-86e1-bc0163e182cd,0.0923,link
afd06e42-6097-4c0e-ac60-fb1b53dd2e1e,275af4d5-191d-4288-b143-b5d509add47e,0.1375,link
ef331b1b-7725-4a95-b540-e9041a3edee6,5c2e13e1-fce7-4fdb-a46c-158a58eca283,0.2547,link
a2a17f6c-854b-492b-8ff1-3d41b98b9013,fb63f9d0-c837-4537-9f3d-f0341f59a801,0.1283,link
b15f4119-d891-4a5c-8348-daf679398e72,a7773120-073c-479a-a2f4-c088fa9b11f6,0.1674,link
630b597a-2318-4b96-bdc1-933e140619eb,3b783844-2b14-45e1-9c8a-42882b1ca2ac,0.1903,link
a7b5491a-0852-4458-a5f5-a752a1fdcd93,8f9c1095-bafb-4fd9-8d0c-4118be4ae223,0.1253,link
1808d6c6-77e2-4bab-bf0e-57c079ba9b38,76d65778-b447-4e8c-b853-4d5d50f3dbf7,0.1335,link
9f71b7d3-d5c7-4f38-8911-a91bf2ccbcc3,0cc59e95-896e-4933-91a6-a9b02d4ac926,0.0914,link
4ccb1ff7-2f15-47d9-9526-08fef1b09627,27a1fbf0-5611-441c-9417-37191d916105,0.1393,link
aed0e23d-a2f7-497c-9edc-b45ebb17d300,1f4ad22f-c980-4f20-b3f3-50987df9028f,0.1474,link
41b0dd31-71e5-4864-aeb5-811a95522181,02e13700-076c-4d3e-bb10-c97302233387,0.19,link
8e1f706f-f70e-486f-a8e7-4274b112e64c,b6d03405-7c4c-475b-9300-8943125f3620,0.1507,link
e591d669-97ae-449f-879a-cecc93ccb6fa,ac5552b0-71e3-4b54-a6c6-6e4d42ce22a5,0.2852,link
a3064243-0eb7-467d-ac9c-e8217b216e25,8d248e13-aadf-4dae-a0e9-6575579d0acf,0.1612,link
c4b1d160-f80a-43ec-bc95-4f28bb0b1f92,ef9d0130-3051-4c63-987b-85f27e0096ad,0.1109,none
ca70ec2d-c5a9-405d-8538-728391504306,88154256-5ee1-4dd6-a6c7-80aa2351d2c6,0.1335,none
ab33b9e9-351f-4efa-b78c-8faf9ee8553c,c649daf8-1cd1-4ce8-ad9f-92b6b86d4274,0.2574,link
1d27a01a-ec1c-4eff-be91-63a2749d0374,dc73d010-a68a-44b8-9f00-5197e4a0d2ad,0.1321,link
9bbbde1b-be83-4bc8-adbc-542ae52c0c04,7f9a724f-229f-4dd7-82ca-b6c62b51ccf1,0.1368,link
258503f7-d386-4841-9077-4701710de27a,887a0588-a1d4-4b71-8da0-37b3c460b711,0.0899,link
e9c23550-185d-43f5-8812-a43cacd0d372,44a575c8-54ad-49ea-9e6a-29ed026afb61,0.0538,none
e85b30b6-33f5-409b-8dcd-e81653bb0f48,fb40e14a-0347-45c0-9d50-820698e73d93,0.1187,none
0700a8a1-da66-4cbd-8658-717fcaee5499,5e9e3234-2d10-43b9-a141-55c28ab44b30,0.1367,link
9ba9788f-37fe-43c6-bac4-34cc2393e76f,49a9abe3-158f-40e1-a181-a847e9b8ea62,0.0963,link
86806519-80f3-4831-80f6-03a7426e7382,9db10db3-aadc-4c11-ad34-63913e8a8b57,0.0974,link
bfb77a86-f105-40f9-a214-ce693aaa1e03,b36846e9-9871-4e3c-a9dd-734a5d464371,0.1155,none
d1694617-523d-421e-ac2e-9559dceeaf14,4c39372b-b2ba-427a-9efe-d93abc0b2e1c,0.1541,link
02b0f562-69c6-4831-84e8-21327e35bd31,7564753c-5c7b-45ef-9161-6c2fdaf6e6e8,0.2185,link
9dd7fd75-1f60-4365-aba4-fabf059f5da4,46607260-802a-472c-8748-2f8ad565833f,0.1185,link
1b7bfc7a-ae54-42f2-8304-63d150936569,b24dd41d-58bd-4439-968b-b85974004a2c,0.0707,none
847e5e1a-5c3b-4662-b301-71695094c237,b78633bd-b495-4e6e-8b30-af21525f9bfe,0.1606,link
33d7e2da-4eba-4499-a492-cae1aecf2878,e9e94378-19b6-43b7-b8d0-26da3e2dc94a,0.1064,none
98914674-f8a4-4534-abc5-03756cc50c65,c3cc03ca-96ac-4301-86e1-bc0163e182cd,0.1436,link
27ddbd0b-f2f6-4636-9115-41e4f1cbb168,433779cf-0a46-49f1-9cca-ae6a7ad6594c,0.1203,link
df31f33d-dc19-4a99-b6c4-b798656275cf,1dafe6cd-47e6-45f2-9723-f86a784e33c6,0.1051,link
d1f0b5c9-afbc-471e-a3c7-c51421cbba0a,38eb2ed2-51d5-42db-bafc-266252a7c977,0.175,link
4cf49d21-ab98-4e74-95c3-44c5b1f3d522,449668a9-2af6-4430-a754-b709ee59f6e3,0.2057,link
694d977e-2ece-4c69-a0ac-4d5e9a3cc343,67f21343-b0e8-44a7-be90-4de6ab8be072,0.1791,link
a8b9447f-7a6a-44ff-88b1-4404a1354174,79bf3481-d6b0-4169-8f1d-4780f3f0bad0,0.1456,link
a8383f94-569a-4b44-bb47-60ed6bb0cada,d16fd0b7-619f-49d1-a316-5acccf7cf99e,0.0654,link
3f7f0f4b-5a54-4383-908b-91232fbc0220,e785615e-8a02-4937-a161-a08081a700c3,0.3911,merge
c63e2ef7-9426-434a-83a5-c27067393b37,05dbed0e-425c-4afd-9276-cc0ffe83a956,0.3332,merge
06509384-6988-41dd-aaef-c463f56e481f,0eefc9dc-038a-480a-b054-91c002a8b946,0.4735,merge
61f96dd2-f472-4779-afbc-d0374b3e40b0,9518167d-b0c5-446a-bcfe-3cecffee20a9,0.1327,link
40fca0d0-b150-417c-99bd-01858c00e98c,406b25d7-c145-4494-99fb-e9946108d15e,0.1678,none
93344bc1-0520-4779-b90f-ed63dccce4b1,ae963cd5-ad87-4a3a-8918-7182c43537f4,0.1026,none
5ae0efe8-6d64-43b8-a3ad-7a6303fde174,55cab19e-fcdc-4a5a-ae83-b1da0dce458e,0.0971,none
58ce4e29-6530-476e-a221-205318bbcd13,71a69428-42b3-4877-a90c-8e9a16532059,0.2043,link_regional
8ee562ed-a713-40fe-86e6-184c5dae5d74,28fc705a-90f6-40e3-ae5e-e4493225aefe,0.1919,link
a7078c7f-e2d1-4367-bfab-36687dbb026c,71a69428-42b3-4877-a90c-8e9a16532059,0.3072,merge
c9320503-1f5f-4a19-96cb-36fd36c8a031,edd451b9-7901-40a3-bd8c-14a7f80dc664,0.2143,link
c280e752-d9cc-4374-a391-369515914b02,ae963cd5-ad87-4a3a-8918-7182c43537f4,0.1196,link_regional
6cd229a4-1191-4c35-844f-445d26d2de9a,878b107d-fdc8-42f2-a048-382edca2c92c,0.1313,link_regional
2bcc312a-6888-4a6d-998e-09935a64fc86,7094a379-5aa4-41e1-8603-410712508f12,0.1199,link_regional
fb6370b7-67b8-455d-999a-0df3c280fc7d,85c14068-5af6-4847-90ff-abb2879b8831,0.1619,link_regional
c0b7d309-56c2-4a81-9840-ee811b19366a,304dba8d-11dc-448a-aa08-9ca8b3402861,0.1117,link
2e240234-060a-4c18-9882-3698d4ca5a9e,caab9a8d-caba-4e22-8f81-8a4afedcadc6,0.23,link_regional
0a6a85ef-85f5-4980-8c3d-c1796acb9946,81e4be28-4729-410a-b42d-6bd33f6845ab,0.2278,link_regional
10d0fc9c-a5c5-4ca8-b9ae-4a3dd930370f,06f91e03-9b82-4962-bfd0-47cdaff8156b,0.1325,link
a4e1eb0a-3251-4270-b395-fc7b55257df6,c6487949-b71d-4800-903f-bbd7baad103f,0.2088,link
bb559d3c-861a-454d-af68-826901bc99d1,c6487949-b71d-4800-903f-bbd7baad103f,0.1507,link
ab1ed0a9-0028-49dd-9b49-dd4cfe3c47fc,be9ffea4-ef38-444b-aa7d-4a02419deaf8,0.1768,link
4dee92e6-9c41-496e-8360-153df73babd2,f05ad0a4-e0d0-4e67-856a-32af9fabb848,0.2459,merge
dbadfa0b-1ffb-45a5-ad1a-87c1eded6a96,28c18da3-fd37-48db-abde-7a9995f3d6e2,0.2214,merge
1406b321-44ff-48c0-9d5f-2438bb66e2bc,b2954ebf-d579-41a9-8ea6-7f0ea05beec9,0.1219,link
3f9627d2-30ee-4f66-8754-c865a1eaad05,710d2f19-af36-45ba-bbb2-df0a88a13470,0.1031,link
515cbda6-2bbb-413c-8a56-f2c1a35a5d96,776235c6-d9ef-4a19-b229-03178625615e,0.1788,merge
28340175-bb68-4270-92dd-04cc6628f99a,aad0c51d-a972-45ef-9f05-781aedb3a44d,0.1574,link
9abd5edc-5ab1-4c0f-9718-b0218b77d46b,2fcbcd53-5b91-4c2e-99bb-c0e7041b43b6,0.2187,link
27511b68-e7d1-4869-8af3-0188764539cf,02e13700-076c-4d3e-bb10-c97302233387,0.2002,link
97dfdb7c-dbda-4cf6-8f4b-693ce40f3c07,a833db9c-3865-49c2-8e1a-774bf899b9a8,0.1836,link
3a79df38-d433-4b60-9ebb-ac52f904b39e,4bed2bb0-4545-4f21-adb8-6fac1add8610,0.1471,none
67480988-69b4-425d-9347-0e5771dc7507,d07c3764-ff06-479b-825d-63af1d0e8906,0.1503,link
3a7f5ecb-e484-44df-a77f-9b817adfc60e,0fb01cc7-3574-4a33-8bbb-39643cf04b15,0.1072,link
5491f91c-5afa-45f8-87d6-6d928ef4193b,16e89c66-cd61-456d-baee-3cc7e5e55b94,0.108,link
26643c23-7ad5-432e-ba80-96d368314732,105f2b79-a226-41a6-871d-5e1b7f7913e7,0.185,link
0f724ba6-41f2-4468-9416-598409ca8a1c,aba42c66-0ee3-4748-b5fe-fbb636f9d643,0.0966,none
1872f0bd-dec9-43df-8bd5-dadc101242bc,0a661566-6c41-4f70-91a3-1f544c51a193,0.1233,none
8a7c1430-acaa-44e3-af6d-e2664fd17625,804ca76d-7b93-4d03-bde8-8d494713cf89,0.1386,link
99f67973-647e-48ec-a748-92abef978912,79bf3481-d6b0-4169-8f1d-4780f3f0bad0,0.1602,link
9a13ab6a-532e-4f48-bba5-2b4b9689f788,42b94c70-f691-457d-8304-d5b376323eb6,0.2303,link
8edf2b62-2723-4b67-a20d-bbc198065690,e33f1326-1cec-4553-bf6d-bc18fa70582b,0.2114,link
9aeb50da-d902-4905-a6e7-bbe2ab3031ea,75cc3a66-c153-4a41-8894-1715e0c031bf,0.3237,link
d1420a32-3d3e-4ade-a2e4-f40b46126a69,9ea8f359-caeb-47fb-b22a-4de8f928a01a,0.1735,link
3d54d34d-0225-43fb-8a78-0e347c590b81,7a8bd222-e784-43a2-897f-295b6db86fb7,0.1858,link
59b34399-289c-4555-80fc-42cdf0a5b25e,b42d981c-7712-4c9f-a245-6f57f714bed7,0.2205,link
d2243736-ca42-4be5-b30f-be6cac525b57,22b85cb7-9096-4c52-bf10-a00d2a010f4e,0.2466,none
b149ca06-5890-4a79-aa61-d13456d32785,30ef8b64-4533-40e2-ab61-df3534d57ace,0.1901,none
a9713ac6-aed7-4ab4-b3a3-ae30bd0312e9,0bfc6bb1-4a7b-42f3-a42f-8afb5aa79d42,0.2945,merge
0e0748ec-f4ce-442a-a298-17244c48dabc,b6aa8667-9391-4aed-becc-9489de2f34ee,0.3066,merge
e1fe15b7-d006-4cff-a76a-83fb2e1cf3f4,2082b2b5-cf15-40bf-9883-75ea60257f1f,0.1794,link
98d4f949-3eb8-48f2-9efc-c624b3c129b0,2082b2b5-cf15-40bf-9883-75ea60257f1f,0.1326,link
f6ed9e79-b659-4b75-9e5d-7aa4f2ccdccc,4988158f-28a5-48ad-bc08-58429521ff12,0.1061,none
f76b0921-0de7-4ce1-becb-d288d3167456,24711aa7-1970-4494-abb8-e5fbb5b1df30,0.0903,link_regional
91ff268c-4ba5-4b2f-94b7-c76565989952,6b3a14fc-05c9-4646-9b63-ebca20adebc4,0.2452,link
8ddbbe35-426b-4df8-8007-de934901d478,7588c63a-eb2b-4495-8d94-38e496dbc76c,0.2607,link
9b4aa440-7a3d-4da7-a380-c6fd8cc49990,1e3fcdc7-1a1b-4856-b21d-e20c26a3f213,0.2571,merge
fb20eaad-84a7-485e-8213-8d6db2a86a08,1e3fcdc7-1a1b-4856-b21d-e20c26a3f213,0.3513,link
f6d74504-2a9a-4210-bd6d-48031e02c413,e6e418bd-1f8f-410c-a16f-3954a67db051,0.1181,link
0b7cea16-25b8-4190-b791-49df023f2f70,30cfb990-c91f-44fb-b3b7-807b5d4e715e,0.1615,link
8c5b9a00-eb5b-41dd-aac1-3d44bbf9254f,2a8c41e2-db8d-4467-9043-94c980d357b4,0.1944,link
47b41144-fafb-4516-a735-7dbd724187f1,9d000bd5-c1a3-43f8-8747-a9ec7434ea27,0.2484,link
5d4a22c0-2178-4cf5-9c74-4cb04c715b38,faa75d57-780e-4eae-9236-a6957207a40b,0.245,link
95c621e6-0751-4344-bc2a-703ff2e04035,a7773120-073c-479a-a2f4-c088fa9b11f6,0.0914,link
2d5fee84-8bd3-4155-a24b-40a767f68b22,11c1397e-c630-483f-a2b3-7b3da546f059,0.3468,merge
d6f7a817-c881-4b4b-ad81-89e0d8200fdd,57f90d8a-4f2e-49b3-baa6-a667287eca42,0.1242,link
483d5f70-d999-4dd7-9307-5e937edff54b,783ce47e-dcfb-4ab6-9130-2ab8122d02b8,0.2018,link
daa65cc6-9f4c-4bf6-9131-155c9cd87f67,887a0588-a1d4-4b71-8da0-37b3c460b711,0.2358,link
41f93a41-7b68-4e98-8072-5a1282e84e6e,8254c442-26b5-4f20-845f-d67d42424365,0.3811,merge
603492ed-5535-4532-89fc-c034a801ab02,6ee9f7bb-0865-47e9-b8c9-9f0123fc5ff5,0.2171,link
58724d97-22e7-415a-bce5-76a7a15b30cd,21364746-9fb0-45a8-bbe9-dd31200b4a8c,0.1333,link
9799bb9c-71e7-4e8e-aff7-ea1cb6c7c9f7,460f4e1e-a0a7-474a-93b8-b05fa1eec511,0.1587,link
572841a2-54ff-41fc-acab-b22dca770921,5bec66e4-7d58-4af2-aae6-4a886102afd7,0.3262,link
4c093c3b-2043-4fca-a464-29627503e3b9,90842943-7b62-4f85-9f8e-c4242563835e,0.1396,link
222ffee5-4bdb-4af6-b0f1-1255e876b1a8,ceabe6bf-8445-464c-9896-f548c82b3443,0.2171,link
53d5861f-2394-4838-97c9-f11dce199e38,7bd4359e-5ae0-464a-8188-1002c982c8ad,0.1458,none
436c4849-79a4-4f8a-a665-f036cd135c91,e4fe2875-fe38-42b0-bab9-53a878e06909,0.1469,link
87e9e8c6-ffc0-4a3b-9dff-12e68a61675b,49c9a138-ef63-42e6-8ce1-7ef906c24d34,0.1303,link
c636bb03-c0b7-4aa8-9ae2-c5ec0d66e11a,fdc99c76-d344-42aa-bb82-c86ba32a2da1,0.1089,link
812bce0b-b200-4ad8-bd94-989794bb5e47,f64eb251-d1fc-4aa0-bfdd-ec10dc1a5f5e,0.1542,link
b4e1da41-b385-482d-8ab6-27a27510e902,a12822ce-13f1-4de1-825f-6d9b96746e5c,0.1137,link
d2de726e-0d71-4e25-b304-ff1e70488720,53315b8d-5e9c-40e0-b563-85e7b5ae1387,0.1715,link
96b9cec4-3528-4f3d-b3e3-5bd2158f35ca,4043065c-88b8-4494-a1f4-796adeaf8bd2,0.1202,link
947ca07e-48b3-4031-876a-d77a171bbada,d062c05c-47ae-4b1d-897d-893ba695b503,0.1977,link
9aba4a4d-3c97-4641-b63e-6041c83ed225,2bfdb200-3011-4c41-baa0-0da48bbab648,0.1635,link
7b0f9fed-e626-47c0-aaf6-cd3df12c52de,a23e5cb8-9a11-46fc-affc-7c55d3bc9621,0.2183,merge
c5c179d0-844a-468f-a6fe-dda1eb603a52,989e255a-b1fd-46be-9dbb-8c844a08f436,0.1474,link
85bb73b6-8a3a-4dd7-9688-09e15664b4d5,7de99615-d839-4478-ae5b-9ce0d721cbd5,0.1125,none
7c1d9de5-5aa2-4150-95dc-99513c66bc36,ada8d3a0-c506-4362-9a95-a53b101a1858,0.2656,link
d22588bb-7b89-442b-9747-a883bc2e7bef,ec2638f7-d9d3-4183-9d2d-49d5c2a780eb,0.1139,none
a4b768c3-fede-4a8e-97eb-220cfc6cd72a,03342bc5-c8e1-4ddf-bf7d-1d7ac01f9d55,0.1287,none
84685266-feb9-48b9-b209-1830bc30246f,16990578-c68a-4220-a513-4e07fc6b0d8d,0.1012,none
7d75bad1-54db-422b-92fc-13570683299b,b1870bc3-819f-48d6-a4f5-7642c7e0cd72,0.1298,none
33984a9a-422a-4f37-9208-f671e5d13462,53315b8d-5e9c-40e0-b563-85e7b5ae1387,0.2157,link
84c6f726-b79d-48cd-a64c-fae1f4b82da4,3c812640-0bc0-4f4a-b898-efac80af1885,0.2616,none
598d9e8f-1247-4b0b-896a-8c4cec3d0255,47f3a24c-602a-4f8b-afac-d670caed066f,0.1867,link
b9e26439-f6fe-4a3a-a203-8dd596493eb0,1c759d88-2c4b-4410-ad99-6448f89f3d6b,0.1796,none
38e705d3-e45b-4f8f-bba1-743610d68c9d,ec3b0b75-754e-4e28-8d40-c0375669d294,0.2685,link
4240520d-c4ad-46df-b853-af86f76a6e78,947dd05f-b95c-4e73-b3a0-2c75cfca7a88,0.1284,none
ae5f8601-7ab3-47d8-8913-66478fe5c960,1ed1e50d-5c2d-4f26-9d1b-c21d669534ae,0.1981,link
ea85d3ad-9951-4ec2-b11b-8cf98b46cfbe,0e96104d-8b51-458e-9b65-965da7f987f2,0.2635,link
0f8beed9-6f5e-45b5-97cb-33dca7936872,7a416a45-ec52-4539-aa9e-a867fd4e908a,0.1433,none
8a393f37-fffe-4dc9-a55b-f7aaddc5d437,6907e2af-99b0-43ea-955c-2cd412653187,0.3198,link
69c5e4aa-5a61-4c41-8b14-068d84059aec,5f0cbab4-fb49-4096-897f-99e03bf966c6,0.1038,link
f79f3aed-8ef4-4022-b5fe-572defc13ba9,05c61e81-9767-42e5-9a63-29a74c8a2432,0.4146,merge
c754a74a-d8ef-4c36-921c-ef8df887fe14,25e415ae-45e4-47ac-8d0a-10a08e7bdc69,0.2434,link
78715d99-3244-4f82-9fe7-a4c9a06dfdc3,85e322ad-66f7-4ef6-99b0-3515f6d9e6f8,0.1345,link
b841548f-d5c1-4a78-98fc-88ebafeded7c,238dae2f-a9b4-4133-bc6c-1fd4374a5119,0.2971,merge
8fc89374-bb5b-47d9-8f75-d37326d9d6b6,39c6a986-d5f1-4d18-9fb7-d76a8f57eef9,0.0959,none
357218d9-a979-4bff-a4b1-d305b57b9af4,a6b34104-527a-4ca5-be04-b9785b97bd26,0.2141,none
3b1131ed-1e71-4ca7-9a3b-822f258f6152,27a1fbf0-5611-441c-9417-37191d916105,0.1487,none
7b42d08c-638b-4f1c-8d9e-ea805eb0eafd,864ebd0e-93c3-4a70-a565-586f7fe21a70,0.1147,none
faab2c6c-794c-4377-a619-5836f9cd8777,396296e5-5799-48d8-8bd3-032c284fa90d,0.0983,none
23c138ff-a96b-41be-b2a3-d35e35ab66b2,a36ff16b-9dee-4dc4-940b-011b23c2484c,0.2231,merge
39011455-9b59-498b-900f-024583483ae4,d2ed33f1-f881-49a1-b060-061c6f92fdc3,0.2903,merge
7b89ce57-025c-468e-ba3e-e64615e7c4d6,8d110828-b13e-4845-a680-d6ef36ab700a,0.2204,merge
714595f3-e1b4-4398-a2ee-a762b2445a28,3088f0db-ab1f-4708-9fad-0f8cb5e1e2aa,0.1344,link
89a081cb-3ce3-441e-b07e-1a288e244784,e77e767b-e42b-4282-9218-33b3949cea60,0.155,link
880c953f-0705-4d82-98e9-c9fa74fa3e2b,f3c5692a-efb4-4e75-859c-bdef25363aab,0.2476,merge
f45c9cb6-272e-447f-9272-20481490e3a5,f8ab5d15-e74c-49b4-8643-7dbf1b58d971,0.1693,link
b2a86e63-cd67-4994-9508-ee4d2b5560bc,6da6bb28-0b56-45d9-9005-7b3ddecb4bc1,0.136,link
b5a14567-1be8-4ba2-988f-45f3295cc56f,267db487-630f-4efc-bd11-3f0f06c07ab0,0.1701,link
e0e8b654-19c6-4588-85b7-0e9b18dbaa59,776235c6-d9ef-4a19-b229-03178625615e,0.145,none
fb527830-aa3e-4e5d-99b6-7acbf6d33d46,eb845788-cb10-4c55-aae5-f64b5aa48be7,0.1042,none
de105a06-4bce-4a35-93eb-b60e84b825aa,494d6fae-43d8-4835-a8ba-4be3693b4c52,0.1928,link
1196b28a-8846-48dd-80e1-04a19d33d0fb,035dac55-b012-41ff-8a9a-c15906562d14,0.1885,link
8f73005f-d0f4-43db-85d3-72838b585647,05557f68-9c22-4f20-b21e-509cab12caac,0.4204,link
65cc1556-1612-4c71-b2a7-504a30244db6,05dbed0e-425c-4afd-9276-cc0ffe83a956,0.2241,link
7112f472-30d3-4b68-80d6-1ed5c805edcd,71abeb43-209f-428b-bb36-39496582cd26,0.1268,link
45a3417c-28e8-48d1-8785-702d086d42e8,40ad110f-50b4-435e-9054-11917175a39c,0.18,link
73d29220-9542-4e79-8d09-856e28e6ecd5,044e19eb-54de-4665-8335-bdb151263254,0.165,link
86ab40cd-8f17-4c80-b75a-bb24bf48561a,2082b2b5-cf15-40bf-9883-75ea60257f1f,0.1193,none
6b60ee3d-70d1-4b01-b7d3-db71af253fdb,03067871-9e45-49f3-8dac-b350a823361f,0.1424,link
4fe31f5f-31c6-4ce9-970d-92d10681533d,aaa96c7c-2037-43d3-96ad-99ac15dbaa61,0.143,link
7b2d7686-67fc-4115-8aea-45acf327eb56,e696e6bc-b8e0-47e0-89d0-76e1576d4ad5,0.08,link
7da6016f-ef7e-42d3-a858-c70f2839a558,53315b8d-5e9c-40e0-b563-85e7b5ae1387,0.107,none
773c6e19-a6f0-4e55-80ee-1b6052b9ecb8,439918ca-305e-4675-af85-acc504ce1673,0.1181,none
69633d1e-cbec-4294-b011-c2a7f7c1edc5,03342bc5-c8e1-4ddf-bf7d-1d7ac01f9d55,0.1473,none
7de7848e-ffcc-4497-8041-5da83bbb7249,e25bfc00-91fe-4b60-b00d-1c8bde081787,0.1211,link
e9d12d83-ffe7-4209-95fa-cae559a6ad6e,2dfa7ef2-ec7c-4d9a-8bc5-6fd6b5cb38f6,0.1394,link
1a6a4b13-7418-4936-9427-5ab9b507df2e,2dfa7ef2-ec7c-4d9a-8bc5-6fd6b5cb38f6,0.1726,merge
565107d6-a5fc-439b-815a-23b14b0df6c8,28c18da3-fd37-48db-abde-7a9995f3d6e2,0.0995,none
eba387a0-7c67-4f8f-ade8-570e2ed5dc92,4fdf8848-1800-4f81-aade-264f782904a8,0.283,link
b128e55e-cd10-411a-8f7a-f1458bb20a3e,ee4806a1-8259-43f5-9873-af591b99458a,0.2459,link
cf5b52f6-ee56-4846-8007-0dd6a8326977,46310ec4-928f-45a6-8b95-8b311d45fccb,0.1472,link
ebf36c53-35f3-406f-a49f-e0c16c6b8035,eaf7dc78-50ce-4f45-8cdc-32d73eb8326c,0.1143,link
3d88ba9e-8d10-4d7e-9edc-27a4673bf0e6,38eb2ed2-51d5-42db-bafc-266252a7c977,0.1559,link
801ad893-a639-4e87-867b-08e37a34a672,f498b24a-bf6f-4fdd-8be6-5819ef1f8780,0.0701,link
dc7da121-903e-43cf-b89e-685cd6a01a85,58621f89-fb43-4195-99d5-01bc1c643b8b,0.216,link
ecd49e55-9579-4ff5-8c97-202e70482ca1,db6f5da3-8691-4b4a-9b0b-aa4d336665a9,0.0949,link
e2850447-1af3-4f3a-95c1-77a0c1ee7bf8,e5f35e13-0ae2-4ce4-8577-e79ce8bb04d4,0.1241,link
7a03b647-794a-49d2-8db6-cc0338076c5b,0aee4ea2-35b0-4527-bce4-5afd10783bd0,0.117,merge
1144abff-49f2-4adf-9dc4-12e24ff043ea,b78633bd-b495-4e6e-8b30-af21525f9bfe,0.1797,link
2743392f-acda-4d1f-9a30-ea7624e8e4cf,b8376923-102b-4854-a265-b7ed1aa9379c,0.1217,none
7d9f0af7-68a9-4b5b-8b9d-9b46bf6c79b8,90477bf8-0000-4f1b-8c92-bea8b05fec10,0.1565,link
0a35b118-12d1-404f-981a-ad38f2aa03bd,5d8deafa-5906-45bc-a1e6-2e665ec28f55,0.1402,link
7c32d577-354e-4025-8c20-fe2ca22a824e,234067ab-4da7-4f73-876b-b5ee60c8ac69,0.1105,link
30f44a3f-b9d8-4cf0-b53b-3f4b8623a1bc,29a4db19-3719-4ff4-b820-7b444f1ba42d,0.2778,link
e994cbd6-915b-4563-afee-908df6544f18,6a06fcf1-6176-46c4-a3c9-d3b77930ea31,0.2273,none
fcc2ace9-a5da-4b66-b70b-ec0b47f3b59f,b0f34879-0a38-4831-b65e-2c5f0d648513,0.2624,none
b3df3fbd-d29b-4eff-9bdc-674407ff8dde,9d7bf08e-c439-49b9-8118-4206bc9b3d08,0.145,none
0dc8cdc3-dd28-4301-8580-fe749fab5ddd,be639df8-b841-4a32-93c5-57ba65c84070,0.1814,none
99630679-4690-4fc9-8604-2eebe5670db4,29a4db19-3719-4ff4-b820-7b444f1ba42d,0.1843,link
6073aa59-c7d5-49bb-a296-52f65d33d9c1,30ef8b64-4533-40e2-ab61-df3534d57ace,0.2107,link
32505179-ae29-4743-9b3d-646ad160126c,45e9daa9-5bc8-4c73-9c8c-8c69aa02c244,0.1446,link
33ec2789-8654-4140-9ed6-cb045feb58b7,728fdc27-5a4c-42a7-aaef-fff55d511bb9,0.1418,link
b28d5aac-c4fb-432a-8ca2-45dbb5235f0a,788348c3-786f-41a1-94df-740bece14394,0.171,link
63667277-246f-4b00-a0dd-7a0f2b152968,84ff321c-18de-4b0d-a9ce-39212ca57063,0.3042,merge
da9b1df6-53ab-4da6-8b48-20a2759f5d0c,9139ba7a-7969-4184-a9c2-295253edb530,0.1974,link
955c2932-dd42-4af1-8b06-938c5dbcaabe,776235c6-d9ef-4a19-b229-03178625615e,0.1311,link
943ed52f-6d93-4eb1-af23-049636bb0d4d,c3cc03ca-96ac-4301-86e1-bc0163e182cd,0.2154,merge
2b1c242d-2bce-4d37-b901-31de2ed9dece,b570066b-db9a-40a2-845c-5ba51dfe1ef3,0.1147,link
382f246f-f994-4ebe-8a6a-2409feb6bb49,0aee4ea2-35b0-4527-bce4-5afd10783bd0,0.2521,merge
ec750a94-3826-4d0d-a5eb-4a0ea12957f5,e752e1ab-baba-4c5c-81fe-3617857bc62c,0.2336,merge
f9dc0886-7003-4d1e-bc02-632e08e5182a,451d3c4c-b5e3-44a1-9121-01b5fcde502b,0.2424,merge
c79b7409-8c36-475d-a46b-5766d976ba59,8d01c530-932d-4e93-b483-de614f550634,0.2483,merge
c3a766a9-ecd3-46f1-952c-9d600f1c74c4,2df79418-4793-4940-830a-44000255b612,0.1422,link
7e71451c-61ba-4256-8653-d7c561295386,501a590a-2d30-458d-a87d-19d898b51955,0.1205,link
7aab8ed2-359b-42d2-a36c-29e141976db1,375a144d-572d-4b71-8247-0799928d9c3b,0.3445,merge
042facb9-7939-4c72-b702-efa902bbb1e6,be551e9e-6c1a-4935-b53e-9a28f7737824,0.1993,link
97f26205-ddd5-4923-837a-38f51c5a22dd,84ff321c-18de-4b0d-a9ce-39212ca57063,0.2469,merge
f009c3c3-e72f-400d-b978-12d13158dcae,d0919a40-f113-4476-8756-105186c2f804,0.4157,merge
bf4ca6fa-3edc-495d-b1a0-ecb6c49a39d2,e752e1ab-baba-4c5c-81fe-3617857bc62c,0.1371,merge
c26726c5-47e2-4658-9ff9-e287dfd09147,125d7d99-2f53-4173-befb-e23eeda52bbf,0.1237,link
a85958b6-0447-4603-8847-9abb61b9aa31,bfddae13-c709-4757-8dea-18d556d48877,0.209,none
360cdf59-8ec0-4ec7-bb73-481a72e99d70,3f46c380-b352-4d94-b6b4-4d57b3d6593d,0.163,link
36daf63d-fc4f-4f5e-b120-107b6d68c26f,3f46c380-b352-4d94-b6b4-4d57b3d6593d,0.3677,link
7f6a0942-6b05-4be8-abe0-9d2da53cce49,7f7ba6b4-2d4a-43d4-838b-35571eb49f9f,0.0691,none
2941302e-2697-46bb-8f9c-5d5c0f2ebeca,b280a657-78be-45ff-abf0-4f729204ebd0,0.0624,link
57c0e3c0-a977-4ffe-b205-c5b14fb26d52,b570066b-db9a-40a2-845c-5ba51dfe1ef3,0.1296,link
e7035ada-fbaa-46af-9486-ffdb42e49f94,8859394d-5d1b-4bfb-8e91-4b693faf10c8,0.1206,link
20eadb2e-9728-447a-866e-6a20bafd4adf,2af44b9d-ef6c-4dac-af6d-df0ffccfae35,0.2138,none
8c8e68f7-a4f2-4e2f-bbd6-aa5302411713,a7dcf8aa-4717-449e-b780-88ec17622fbc,0.116,none
e232dfc1-9ef1-4a90-92da-7bd6fdfb5d6c,f9b7bfe0-56bd-4f7f-9da2-ad8a4c68e504,0.1201,none
73bc2603-cc9d-4e52-bd5f-5d7e6841bd90,3ada34e8-5c1d-4e00-8a48-a3680516d4b0,0.1571,link
489e674f-88ef-4ae4-912a-99e1dc6d546b,9badb6d7-407e-40c3-ae1c-e4cd2659a7a3,0.1918,link
92717b62-9c38-4816-9df1-5adb66348176,ee403220-c26d-4dcb-9d69-5e43736a5f49,0.2104,merge
5750fe89-25f5-4ceb-8425-cfe36fe797d5,145e8b0f-667a-4df8-8f04-53840520f0d3,0.5038,merge
f50b983f-9b46-4927-a891-fee18b76445e,4bd15736-d43d-417e-b481-620134115922,0.1138,none
c8588a93-623b-4709-94b7-ceff5062ed36,788ffe7f-6a1b-47c6-bada-0810204a779e,0.1289,none
3c5eae44-557f-49ce-b3d2-4574333a0b54,064714df-7855-42d3-a0a7-cb5daf2ec7f7,0.1692,none
ccc5d23c-2b81-4f3d-b01b-7cf53a7e3f17,4055bae0-dcb5-4499-b817-4bbcaae7c904,0.1205,none
a67ea0fe-0f41-4083-8158-d15e74670d7e,7c601672-5e9e-5720-83e3-a8be4d31f5b3,0.1161,none
e67c490a-7b76-4fde-b0e4-f16fea70f2c2,8336c8ab-25d7-4e06-ac0f-cb1741d01f5b,0.1578,link
54bf5bc0-7670-4631-b5e4-f4491a0dee38,c96c3115-ffec-4926-aeb1-83db8b2aeaad,0.1221,link
428b2c0d-3955-45a0-96a0-3d80efd7a32c,ed02e0e0-c9d9-4cd4-8b7f-ad6e6a2d0d31,0.0857,none
617c743a-e3ef-4d0d-9ae2-dc283c2c38ed,711591c1-84f4-4da2-bb77-055b74b8896f,0.174,none
9c51e2cd-89a8-4e80-8d4e-dde603f3c28e,8859394d-5d1b-4bfb-8e91-4b693faf10c8,0.1361,none
895a4985-b085-433e-a4f7-5c33471f9bcd,5353176c-8988-4113-ab77-b96e466d1e76,0.072,link
20a7f19f-68d4-426a-9a6c-421d5dfc0f4a,e3f2391f-225c-580f-9331-7de98f609d83,0.1005,none
e3b36892-cd6c-45ca-8e37-6ef9eafeb29c,ab58b1e6-dbf0-42fc-b534-afc272f776c1,0.1128,none
b5bf1dcf-885e-4d10-8a46-a10de81af3ea,661ca863-4f3e-47c2-85ae-78efcedcaee5,0.1231,link
90f5f37d-34fb-4638-838e-b2af20467961,9df428fd-fcb9-482b-b05d-5f91f2d0a2a2,0.123,none
59a1ad78-2adb-471f-b5c4-914725202c98,8859394d-5d1b-4bfb-8e91-4b693faf10c8,0.1295,none
fa51622d-3ab9-419a-90f4-8ac768e3c0a6,472ba8c4-3bde-4d06-886b-aa2079c445b2,0.1059,none
89c8ac99-1d6f-4887-b1b4-1514b554d9d1,3ecfa267-f8da-4f1e-ac0d-94f9a767d36d,0.0945,link
e3ce3793-af17-4712-9253-9790d06f5850,5f04338b-ed3f-468f-b358-ac9fec7847b5,0.2377,none
3540e0c2-037b-4c00-ace6-0e3eeb1209e4,ad638780-b062-4009-bd8a-9f0195314515,0.1598,link
df5159fd-8662-4a95-9230-9e1019716e99,d3c2f896-4235-4e3a-8777-b2d8a426b671,0.182,link
9210eb77-cf38-451d-8e04-acbb3e730711,a12822ce-13f1-4de1-825f-6d9b96746e5c,0.1033,none
2263ce7f-e03f-47cb-aed1-70779d2e8885,101bf6f3-af5b-4a1a-9a51-b40923c42a35,0.1841,none
25b88c52-4e4b-4479-b4f7-e9c81ff883a8,f09141c4-01dd-4734-8ee1-d3c1f60d7cd2,0.1189,none
70a8e181-cf86-4675-bcb6-6f57adafaa7a,0d315c55-2953-4bae-9638-93d987d0e4b4,0.197,link
896e03b9-d8f3-4799-9327-6500f6a25933,936d4871-8b74-46e3-9886-1b219eda4de5,0.1424,none
099b74e5-d761-4188-aad3-e2b4d144e360,2813c7c9-482b-4826-97c7-83c51c2956c9,0.2037,link
216057f8-c4d0-4314-b34f-89eacc9b6df1,f28cd3f7-456f-4e87-a7a8-d41c24113d60,0.0866,link
bb8d0b08-2cb6-404f-b441-b13d88c8ec96,b2beb571-939d-4066-b408-d683e9257f8a,0.1206,link
0f5deb22-3784-43b2-895b-663e7ba765dc,b6848bf6-77e8-4682-ac93-6f31b932a31e,0.1194,none
08340e2c-c9e7-42a7-8e35-0da489e1dc23,802771dc-286f-4a59-9260-9f2f43d1ca6a,0.1153,link
e5fec20d-72e9-42ff-969a-8d8a68f592bd,38d9172f-c69c-4507-b843-e411e69c4839,0.1315,none
ce1b5998-2738-4bdd-9995-5e2a4d30781c,dd8bd13d-a9a2-4658-8021-b01e881edef1,0.1708,none
34b5af50-069b-4ca9-b8bc-ec4c257043e5,2250cb45-a021-4b19-b648-4aea051339c3,0.1919,none
6672143c-5dc9-424b-abe0-08e2fb78969a,a09133fe-8145-466f-9877-919a2a3bb617,0.0761,none
e2c18ae8-8ae5-4158-9fd1-bf6fe02311f4,16990578-c68a-4220-a513-4e07fc6b0d8d,0.1263,link
c568a062-33a1-4782-a580-a4d8522acafc,b7d718c4-c043-4a19-b4b0-baf418d1e732,0.1557,link
2b6553af-7c67-47cc-8bc7-30cb7eb0ee39,9c9705a9-ea7e-43a0-bc32-fbc7e771f745,0.1124,link
b7270131-affc-4aa2-8e52-acaaa8ef84ea,b9a6ca0c-3dbf-4efe-8c60-f08bbaf4e8f7,0.1854,link
d2414715-9eca-45ed-8ae0-c66b7f5267df,b7d718c4-c043-4a19-b4b0-baf418d1e732,0.3178,merge
c41b7ef5-3bad-4a7e-ac68-b91bff4630a7,85171c82-a848-496e-8283-0ea5dc98ac5d,0.1315,link
7f7a631a-32ce-40f1-843d-26365f0cf845,c84dc04e-fdab-422f-b9cf-0a9760d6808d,0.0888,none
fe0cce96-14f0-4b70-a13f-c58a7cf38195,36a09849-65bd-4131-9a3d-f46243eae932,0.1559,link
d4ca92c0-ea59-49de-b532-b186b9ec36a2,3901ea61-47f7-4a62-a41e-31eaa08b17bc,0.1757,link
23cb771a-b31f-49de-9dd1-53026641a7f0,90477bf8-0000-4f1b-8c92-bea8b05fec10,0.1466,link
4271feed-c193-4e9d-8f45-c6e3729260d4,a6a9979e-9570-4736-9b41-9858f47b74d2,0.1217,link
dafd079e-635e-4ed2-9a64-78f91498cc2c,36a09849-65bd-4131-9a3d-f46243eae932,0.1797,link
62d924af-f435-4695-94bd-fafc41859d7f,72e6844e-ae5a-4b43-b07f-d8be2d8d63d6,0.1119,none
ff776cdc-8535-44f9-8d66-2448e41295e9,9f3e0288-02d7-4d3d-97e9-be317fed8cc2,0.1439,link
296db96a-b2e8-4f62-94e1-4e29057825b9,dc476c67-78f0-46dd-b516-d61db06ead29,0.275,link
0e30e6f5-f3e7-45cc-8180-06936ebf293d,375a144d-572d-4b71-8247-0799928d9c3b,0.2804,merge
9f4169b2-e879-4648-865b-0c87eb4e662a,b621c890-c411-49a4-b84d-6048aba201e2,0.0806,link
48365624-5c66-4556-9d15-58ff9c9d5cd5,ea542f86-2a97-4e97-84ef-fe57e1a07851,0.2159,link
e9a91d3c-92f1-4577-a58b-1da60cbc05ef,375a144d-572d-4b71-8247-0799928d9c3b,0.3188,merge
84206fd2-d14f-4e7c-a8a9-ef5ac63a23c2,028644e6-fcb2-412d-80ad-93fd6a4a8aef,0.0601,link
b45e3375-eb99-41ac-966f-d5f7585e4bd0,f1c8fd06-476b-4d65-9331-a530ddcf365f,0.3345,link
a6afc35c-d681-4642-a8a5-2fe0c9cd209c,91150422-95b5-4f4c-94d2-ea4f41e1d226,0.1476,link
a9f476cf-ee55-4ea0-87dd-1f195f3fd475,631fb907-c9e8-4b29-a912-53172b1faf97,0.1284,link
1ec96a11-71ae-489b-ae88-213ace57cc9e,ae050493-ca1b-4873-8ff2-cbdceb83966d,0.0921,link
bdcf3998-2088-4846-9b3d-dfcd052c5ada,e6d48dbd-50b3-4cc0-b412-8e1faff3d53d,0.1835,link
debc5957-6ba4-4bcf-8858-ab3aceed4051,30e8b06b-fd35-40cd-9c47-bb310c34eb5b,0.0466,none
97a90db3-20e9-4d9d-a8c6-150e3152f98c,2082b2b5-cf15-40bf-9883-75ea60257f1f,0.0517,link
9177c51f-9658-48a0-8128-f31dc6221e27,79bc2256-e0d2-4712-ba22-b6c53943d592,0.0607,link
3e580e65-a3af-4e6d-b229-b7a9f93af658,4721e180-bf6a-4737-b8ed-b8430f013e69,0.2007,merge
28dd4324-6ce5-473d-9faf-69129ba5b919,cec5e44b-3612-44fd-856f-d46d95714a68,0.1812,link
e093a1d8-959a-415a-9610-3496d586821e,297756fb-cc02-4108-92d4-8a837b6671e4,0.1692,link
56d8836c-407e-45dc-97be-29e5746a6f85,3b4bdea0-c14f-44ee-9547-dd1eeac5ff56,0.1533,none
015df00c-c533-4880-a1e2-2999c8a72c4c,9f33e634-f86b-48ed-baab-e2b92086c67f,0.1829,none
037f71c8-93b6-424c-9bc1-f6350a3acf34,6d8fd163-366a-4d77-9215-dab99ccf7993,0.1405,link
6aed75db-1aa4-4d0b-9509-6659f55c3766,b3a903f7-0366-49c8-8405-f321e04721da,0.1653,link
6f7e36dc-70a1-42e9-9137-535823fc0793,9b6b40cd-846d-4f6b-b73a-d2e1b9f78714,0.2533,link
2c3edc03-bb90-4042-a0a0-716e1512b873,a7fe273a-659c-485d-b2ad-86cf27d6762f,0.1876,link
0fda62ab-b2b0-45c7-933b-393e79f4f671,cc4722a6-2a1e-4ac7-8291-e509ec450ce5,0.1608,link
8e1dc710-98a4-4e4f-898f-147863bfd1bf,05c0a7e5-33a1-4d3d-8b79-ef166f210880,0.0997,link
8f271c49-7d90-48f6-a3f6-50f6b1676546,a10b8079-4fbc-4aac-9f3a-9174e19510ba,0.1543,link
22b4d5a4-fc7c-4da4-9c09-4f7aedfad109,234067ab-4da7-4f73-876b-b5ee60c8ac69,0.1357,link
62c4c5e2-20a9-40a0-a269-f9facf1d4773,bc95145a-ffa8-4c6c-9a1a-cdf573fb542b,0.0749,none
6fff3440-37c5-4865-85b0-cfe4baaecb20,0376f9fd-cd7d-44cc-a81b-1a63bdbbb369,0.2254,link
b0c4a381-60a6-4b01-8b62-d8541811cfb5,6b7a1b5e-ebe3-405b-874d-c620ef66f829,0.1066,none
56c633ac-969d-4e31-ac16-dfe9d283091b,6d51e56e-66ab-4a69-b5b3-2578b837f5da,0.1219,none
b9df31ba-c30f-49ae-818b-6143e0892b76,a81d6cf6-1999-45a7-a288-1084c306233f,0.1542,link
e8d14dc5-0a23-4d34-aaa2-b2297d4033ff,ee403220-c26d-4dcb-9d69-5e43736a5f49,0.158,none
cc0ecddd-e9aa-43f5-8a63-83c1fd934495,4c39372b-b2ba-427a-9efe-d93abc0b2e1c,0.1001,none
73bfc959-dda3-487f-979b-a9b4b90576e0,b4071107-6ca7-4746-9874-11668b97f6e2,0.2229,link
7b2a86e0-a300-4ef9-9c9d-8b902be0a664,b4071107-6ca7-4746-9874-11668b97f6e2,0.1903,link
3e3ff2a7-0ba6-404e-940b-bd351c3ebc1a,ee403220-c26d-4dcb-9d69-5e43736a5f49,0.2377,link
a0e581d7-02fd-4185-b74d-ede2e924ffdc,653a170c-1d3e-4c6a-97d9-5d854564c0b1,0.1788,link
290a006e-a28a-4563-90f1-53779fb701ac,661479d3-6493-4a56-9dff-ff741e587285,0.1243,none
0b78edd5-c271-4b37-97fc-32603a0f83ff,ee403220-c26d-4dcb-9d69-5e43736a5f49,0.1984,link
98f9cdbe-c418-438b-8f31-7c197006fecf,c8df6eb5-9647-4c1c-80f5-2062f8d32a83,0.227,none
c6617321-abb7-457f-907a-23a4a0125751,bc6791eb-52c5-40c8-b7cf-ee5eb5ddaf0c,0.122,none
3eb9dd3d-6855-4e5e-adb3-0c5853f43374,281a948b-9e2e-431b-8e0b-abfa7c888d19,0.4199,none
e07be781-9f6c-46ab-b8c9-c3cd51f80df8,12f5091c-0c5f-4c86-986e-fc721ea9f204,0.1216,link
dee5e403-5ac2-4228-94ae-d89b9ee6e658,c1006238-0414-4141-859e-2dd33f9c78c8,0.1129,link
a3475671-dfcd-4d70-8f34-3958cb98296b,8820a278-096c-432b-837e-83a266542394,0.1489,link
f5971ae6-3a8b-409c-a847-b22c368e7f3b,12f5091c-0c5f-4c86-986e-fc721ea9f204,0.2195,link
13d03df8-39e5-4459-a8d2-45ab19bb7dd7,26140be7-c4bc-408c-bafe-df5f7da2cee4,0.2342,none
87b31ea7-09eb-4e94-9a6b-7e86e309b7c3,0a8f946c-843a-4ca2-841b-dc3d6e9b5d2e,0.1953,link
0c9ecea1-5d5e-43e0-a340-700305420431,7f738203-75b6-46db-b61b-0e0ecb441405,0.1203,none
b40c08ce-2389-4329-b55a-8df2c28a80be,aea53f49-d274-4a8a-9941-3fee1ac3726d,0.0673,none
0ed4ab7e-5470-4bb0-bf4f-106d1b44b2be,eb94d885-12d4-4e65-97f5-f19618ed9cf3,0.1026,none
636df024-334e-4d1d-b6ec-16571d30c053,3114b7bc-312a-445a-9974-f013c6a0c055,0.1609,link
65ad8641-aa2a-4b51-bca7-8bc3249b525b,6d80ff7a-59fc-4ff2-a89a-d1020b42989d,0.2063,none
2e2d3003-2db2-48b0-874b-7f9635e05740,7afaf05d-e7d5-4e39-ad8b-c11c89a1bb41,0.1111,link
de9da0bf-ac96-4f2b-ba35-f80d4f161eef,d062c05c-47ae-4b1d-897d-893ba695b503,0.1068,link
c99fad21-34a3-4cef-b783-1d3b83230efc,39a4ac00-2aa0-4b0e-a169-1b01c7482e75,0.0691,none
d3b22662-efe4-4b69-8cda-e7a96a489272,1bb0c1a6-d2ce-4c04-9f46-0fbcb2753487,0.128,link
471d9282-1b55-41ce-a19c-9958544e2f05,ce131d74-af24-4af7-8a39-a803ce04c1bb,0.1248,none
6bd5f2ae-ad1d-47bd-9cfc-e3e72b7cc222,12f5091c-0c5f-4c86-986e-fc721ea9f204,0.176,none
cc1acbe7-1c2c-4b7b-948d-fa9da2d08c5e,2b6e7906-96e8-445b-8545-cad9968061d4,0.1249,link
4cb73e13-f841-4d54-905d-2fc3a5555886,7a61e46c-7769-4deb-ba68-5b3c9158499e,0.1914,link
0c2552a8-1b81-4734-bbf3-43ec074054a1,0a8f946c-843a-4ca2-841b-dc3d6e9b5d2e,0.09,link
b01f5694-268c-4eed-a211-233ca15248b3,46242c1d-bd24-4bb2-9c69-973de95072e3,0.139,none
60d54921-3291-4c01-bf01-8914f2231bb3,85c14068-5af6-4847-90ff-abb2879b8831,0.2544,none
c6086c49-6c5c-44b8-9296-b0deb2d4c703,b2058c56-c204-45e7-ac29-aa35a1aef73c,0.2076,none
cbec07f0-6e7b-44c9-8d52-014d7ae8f323,e797252c-c6ac-46d3-835f-80adabc13d6e,0.161,link
6a5107f5-2ffe-457a-bd16-179e2552e296,661ca863-4f3e-47c2-85ae-78efcedcaee5,0.264,link
032a32c8-2a2a-47b6-b3ad-2612e10da61c,970b3df2-b210-491f-aff4-04f352f4895f,0.1023,link
6fd84ff6-1c1a-4aed-a305-ab07dcb7776a,4c683610-d1a3-47d6-aa6d-529be899c8fa,0.156,none
bcd5633a-6b49-4711-b57d-1c24c6531f2f,6babf56d-9986-4fed-84aa-ccef6ec52c3f,0.2301,link
4aa46811-cace-4d15-a2de-73b65aebfe07,bd5f9b79-a9c9-48e3-ad63-fc469bd3de39,0.1084,none
69edb658-1cae-4369-8fe7-1f0838feee4b,46242c1d-bd24-4bb2-9c69-973de95072e3,0.1553,none
cdc4ba4d-220a-4e19-a0f4-334c2f0a0958,b6848bf6-77e8-4682-ac93-6f31b932a31e,0.166,none
b27a6375-5cba-4b14-bd19-363b91b505ce,ed02e0e0-c9d9-4cd4-8b7f-ad6e6a2d0d31,0.2021,none
844e8dc9-a799-429b-8054-b374942be0cc,6457a625-bc9e-4b59-888f-7886d723cce3,0.1182,none
3068ae42-14f4-49d6-bc92-828508fefec4,82d042d0-dd1d-50d8-bea6-43361589d5a6,0.0998,none
3e8fd67c-4638-4424-a986-daa5553a9688,fb9d42df-6c70-4519-8166-581129dd4b5a,0.1713,none
f79443bf-d74e-4e01-9d97-cf442529665d,b2058c56-c204-45e7-ac29-aa35a1aef73c,0.1944,none
1c78c965-c293-457a-88df-f00e6d809934,18bd57cd-db52-4b6c-b2a4-49ff39419dae,0.1624,none
8093decd-0784-4466-b1b0-c977b1c7db80,11c1397e-c630-483f-a2b3-7b3da546f059,0.1396,none
540b95f0-7d69-465d-a1dc-c9db2a8666ba,21ecac45-30b1-4f25-afa6-ca135b314e30,0.1013,none
4d3a64db-ace1-4ed5-ae32-732533d03149,43e62a75-85e7-42a9-980f-8a718a73fb66,0.082,none
a773957f-0eae-4dda-80e3-93f867d5528c,3373d8c8-9dac-43cd-bdb7-999f82e93aee,0.1277,none
cba24e35-2103-415b-9e3a-c61dc4a86836,3373d8c8-9dac-43cd-bdb7-999f82e93aee,0.1234,none
360216ac-5b48-4ab6-8743-bbe47e5f3712,c30136f1-f1fb-4141-98f9-2fa603afd518,0.1031,none
b15def2b-8680-4579-8ad1-1cded33c9bc2,44adea94-b233-4e28-91ef-cec49150104a,0.1733,link
7f919c60-0c2e-4f58-8831-d587adfc3849,c84dc04e-fdab-422f-b9cf-0a9760d6808d,0.1316,none
040c5d82-e859-428f-bd42-286d7b911662,9f3e0288-02d7-4d3d-97e9-be317fed8cc2,0.1452,none
49de9554-532a-4c5d-b0fc-9aba9ce99c88,9b979679-a532-4577-8c5c-55229ae31c5a,0.1136,link
695e59b3-421b-474a-8482-1af8dd78ed5b,89e21115-3fae-4529-84f0-bc5a4bedc33c,0.1991,none
9221ad6c-46df-4f26-b44e-1d75218de607,5977400b-0444-454e-862d-61de51d93d0f,0.1626,none
1d17a7ad-914d-4eae-869f-983b3cc917a6,2082b2b5-cf15-40bf-9883-75ea60257f1f,0.1418,none
d12c1a18-b30e-4144-9b7d-84dc4d02b23e,6871fc72-9190-47b1-a136-cce10572b80a,0.1134,none
9e1d0407-27a2-42b9-97e1-d8d6cfe7d93b,b910144b-8ffb-495a-9270-a391dd7c56aa,0.1183,none
7303bdf6-1684-4173-aa8d-369b6d04e8bd,00f1e508-a4fa-4e0f-b8ac-1c7fc3c04ae9,0.1294,none
cdf13657-78a5-4f91-80e8-b3bcc2f1318a,a2ed5944-4926-4392-aae1-733e65600b1e,0.1404,none
5e0413a4-2e3b-4bdf-b60c-6e1b8f02106e,1ec5ab2c-ddf3-4684-a8f4-715bb557ad98,0.124,none
dfe945bb-a73a-4dc9-bdde-cdbb24d17da3,67a619e3-dcff-4608-bad8-bfcf40d6790a,0.1817,none
54e0ef53-1d45-4bba-99fe-9f7f4a7b8f58,7ce4342c-ffde-4483-8590-5de11a6bcac8,0.0614,none
6ec1487b-bd7d-47f3-8987-af75545bf447,9faacf1f-eead-4af7-b0d1-fb664df20314,0.4182,merge
bd24d36d-6047-40f4-b418-31ae2a6428ef,cb00ea3e-4fb7-44b5-876f-a444b19830f9,0.1338,none
c3b105bf-1fc4-476d-adf6-1485a93d767d,296472ef-0ef4-42f9-84a9-d19adcc1e045,0.1545,none
a1ea99bf-3799-472e-ae50-d3e24d82ba30,788ffe7f-6a1b-47c6-bada-0810204a779e,0.2052,none
47fdd25d-89c4-4326-8f88-1572c1f82b5c,dc95ce46-e450-43ef-b3ad-5c122628a205,0.1073,none
7c06761e-8d60-4bf9-9136-aa45fe74e7de,7a61e46c-7769-4deb-ba68-5b3c9158499e,0.1225,link
92e5b442-7d74-4a4c-b662-f12c21919836,586a6f5e-9e3d-464b-872a-69884d9c24bc,0.341,merge
17de05dd-2eff-4a2f-bff6-e80a86ef8e7e,ead7dba8-ec23-4efb-a945-7b7e20fbe9d3,0.2443,link
cf0176e1-1be2-4baf-b170-6d92afd137f1,06d6b023-311a-4716-8dfb-3bd81f59458b,0.2502,link
ac5187a0-8f6a-42c0-97c4-637262e66122,fa9b608b-2022-4154-bc87-48899a590eb8,0.0537,none
a50ab3df-5eee-4020-9541-773093248bb5,a4939b6b-ccdc-473d-8f93-572632f3c09e,0.1605,none
e805067f-f64d-4de2-a459-afe1bf139c25,2d1d9d99-a178-4e28-b1d3-cc28993efe8c,0.1552,none
1891a874-09fc-4068-b6ed-360ded48e4fa,6b7a6e63-f63a-4721-abc8-0fbaed30ba3e,0.0597,none
0717a12b-f9c2-48b9-8d55-f9f3286422bc,5baed3a3-9839-4ad9-a85f-212d41120e08,0.1079,none
36734fa9-4941-4350-8cff-a55bbd13094f,fb9d42df-6c70-4519-8166-581129dd4b5a,0.0611,none
da20d0be-bc1d-460c-a6d2-c7a1bea365e2,ae6f85bf-a0b1-42a9-a9f7-00ac75ea23ee,0.26,none
9f1bb0a5-893d-4f09-8e07-24659edb9b0b,d5e03c93-e1ad-42ea-8016-3a821278621e,0.2228,none
dc36e2bc-7ed5-4054-9020-e809379a9b9f,fd4f2307-5e8a-4a1f-b755-7adde7f5ed07,0.218,none
c127e813-271a-4c89-946d-e58dbb2ec9ab,8820a278-096c-432b-837e-83a266542394,0.1643,link
1356cd26-487f-4c7d-aa1b-a5fcc5b8487c,4e0bb21e-1069-43cd-a285-5425c92ce829,0.1592,link
099f6436-6589-48a8-b237-ede28e44f850,7c3afcd8-a8fd-466c-9100-fc2551900198,0.1196,link
ed87719f-0b2c-4e82-8450-d92c4097fab5,948f8540-e8a3-4103-a7bc-e94d6ec5d56b,0.2452,link
fb2855b4-74b3-4907-986d-dfc9d5914dfb,6d8fd163-366a-4d77-9215-dab99ccf7993,0.1816,link
14d70a69-203a-4ebf-84c2-4b6dda04027e,ab412791-b29e-4dc4-aeea-2a010ea137b6,0.1397,link
006026a3-9fd7-4ae8-8c29-f41ec6bd8e8f,83b143b6-3162-4f42-b29b-d62a4b04595f,0.1187,none
0f027504-9d32-4785-868c-15f69ddc728c,8e4517a4-63d2-4b73-a5db-9695270bb74a,0.1358,none
fd9c9c62-f048-48f3-b5d3-d02cd4b58d03,bc6791eb-52c5-40c8-b7cf-ee5eb5ddaf0c,0.1488,none
be31bda7-f176-40c6-997e-85c8c9617291,f27ce80f-edd0-40eb-9150-2f3d3c1399ff,0.131,none
457d163a-aed6-47f7-8abd-3d136cd5d585,73039697-ab4a-4325-840c-ec44f836862b,0.2438,none
9beb818d-2fd4-4790-9cb1-836d3c5fb001,4721e180-bf6a-4737-b8ed-b8430f013e69,0.3134,merge
e3b8f701-1301-479e-8888-9910591fa843,accca2b0-ce67-4a6f-843c-b91504d85c29,0.2114,link
744cd27a-594f-41a6-8d05-351e73d3dd52,a37483a7-9408-4dea-8fe4-1d9f07bcfc36,0.1471,none
2fd97397-f530-4327-9171-22bb12f40152,1ca9053e-f8b3-42f1-a61f-ae1083b55be0,0.1356,none
76093453-be61-4ea6-a84c-486e6f0b882d,087d83f5-3ca8-43ac-899d-361ef3d0d293,0.1967,none
3418e501-4319-4976-8d98-9ff11b9977d7,4be8cb64-e938-4683-b7ff-522ee640e02d,0.3933,link
13e5d250-ee04-4bcb-b749-fbe057e3f497,36a09849-65bd-4131-9a3d-f46243eae932,0.0931,link
abb00e12-2b75-4aac-9550-119bd5c5ffb4,8820a278-096c-432b-837e-83a266542394,0.1631,none
df014aec-7c88-4cfe-a5cc-0d8b8613951d,8e4517a4-63d2-4b73-a5db-9695270bb74a,0.1309,none
e825cbc3-1c74-4485-9304-bb08c1a9be46,8820a278-096c-432b-837e-83a266542394,0.1687,link
7b458f89-4d98-49fd-afef-269ce6fd31dc,16c814a4-b66d-48a0-874e-1c25d4e0a192,0.1615,link
1be86764-9496-4e5b-b9fc-7be5c3540b9c,7b59042e-88b8-45d2-85b2-776d71053e7c,0.1548,none
4542d27e-b8ab-4aa8-9f5a-270d1ad3f07d,f4d2bed0-9bc1-468b-aad5-1c888208ece8,0.2686,merge
fd0e3d08-c207-4a28-84db-4dc73c4787e7,fc09053e-134d-4f11-b7bd-03001645a3ad,0.172,merge
f38705c1-e338-4886-bac7-a43fc8dc1cfe,8d5710b8-5438-4d49-adde-16847637b9df,0.1718,link
67dd0880-07af-41c4-9ab9-d9a5a36bb92a,73a84e34-de31-4b1f-90c5-85b615fd2388,0.1655,link
2b72a5ff-9734-4df4-af88-4ad0063f38e3,878b107d-fdc8-42f2-a048-382edca2c92c,0.2197,none
b022b946-508b-48d4-ad10-26ff758d1f8a,0256bb03-b25f-4c48-bd53-fd481b10dd25,0.2265,link
37baf1c3-7c2a-4915-93c5-a76ee6ad4e49,94964349-d78b-43e1-9a3c-f289ab3e5d73,0.1694,link
7ae7ff62-9eda-4ea4-b956-ece1d98f1b1d,a5f24296-d297-442c-b115-bb34ab4f9b71,0.1792,link
047b6885-8242-4871-a2f7-61aa6cb99346,db6886bd-1498-4fad-9c61-9a652b0f883c,0.3561,merge
8201d501-973f-471e-8913-a7fe93bcdc5a,23a6da47-3061-43a1-acd5-984b48b00a81,0.2436,merge
0d43fca3-aa65-477e-81d9-b868ff4a78e5,812c0d34-81fa-4085-9700-aadd160fe8fd,0.2049,none
13d7a43f-a98e-4a40-84e6-a2f41335a93a,89c27b2e-bbe9-4c18-b44d-d3afb58178e3,0.1914,link
676c090c-0329-4fac-bafe-db0d55121ce4,3ecfa267-f8da-4f1e-ac0d-94f9a767d36d,0.2372,link
fa7cabd8-b27f-400c-8136-9baf3e32efbc,788ffe7f-6a1b-47c6-bada-0810204a779e,0.112,link_regional
df7c03c9-a5cf-48bf-a48f-9b2264a318a3,616e9696-bb92-44eb-8d5a-942b56bf5b4e,0.1621,link
e408d030-08d8-41f2-b873-9f1b3d283c02,cef2a830-4599-4103-aa51-b0f8d71a1f1e,0.3196,link_regional
53787970-0529-4e50-ad37-e0571de81633,8cc27e91-d4e9-4e46-a181-26086b0c58c4,0.1803,link_regional
4c48952d-ab2d-43f8-9a59-df4f3e19a072,3bc1af2b-e088-4a0d-8129-8e756a95968c,0.251,none
df7a7773-50b7-4d48-afb4-5597267687c6,661ca863-4f3e-47c2-85ae-78efcedcaee5,0.1253,none
65db9bd3-d22d-4f5d-94b1-d0e7f4e89008,6eb27e91-48ef-478f-a95b-1f9726ae0d83,0.1487,link_regional
f7be8a23-c3b2-46f5-bb35-4cfd2f0bab47,af4b12da-86d9-4029-bd67-d98a6a23af10,0.1496,link
014c1105-d04a-451e-8a5b-f77ac3cc264f,c0494f51-cff3-4380-a309-5c39efd81414,0.1545,none
d460555b-504d-4137-b0ef-a0d9ad6e2c1d,8ad4253a-fb16-4eb4-b4c7-3114c9fdf499,0.1953,link
a2655aaf-4397-4944-8295-2cbc3af7f0e0,4b3a1898-5e7f-4dc5-8139-94cbb4885278,0.1502,link
cdb07bcd-3cf7-443f-a588-ef722c2b96bc,6babf56d-9986-4fed-84aa-ccef6ec52c3f,0.2711,none
f1eb9593-0e57-4e7a-b47e-99cfde163c2f,10c7a285-f952-5554-aea7-72270a22457c,0.1038,none
2de39449-2eb5-4a45-85d2-b9576f8726ae,efc3ad9e-2e8b-45d9-b16c-34f0c2613498,0.2498,none
28973f22-7cc9-4eff-97cd-d096ce09776e,4586154d-da79-4594-89f2-0c0d4f86cf42,0.1501,none
9f095f3f-1fb9-4276-9531-b722d6265d2d,53315b8d-5e9c-40e0-b563-85e7b5ae1387,0.111,none
93dd8016-f930-446b-ade7-153629772dc7,79563247-6bb7-4dfc-8673-b8664097e3aa,0.1078,none
e47f72ba-9213-402a-b42c-b8e89b83f793,6313ae92-13d9-411f-b512-bbfc70fd2475,0.2522,link
71a54c97-c3e5-4efd-b7f2-aff5da9b3832,2813c7c9-482b-4826-97c7-83c51c2956c9,0.1875,link
9a1166bc-be63-45c4-b993-9cdf6761c365,5b9902a3-7a6c-48ad-9e29-4ae8424919e4,0.149,link
fcc88125-4c8e-4048-8bf7-4576c7bb8587,62fd67ec-0158-425e-aaf5-6d172a872eae,0.4171,none
ff86a65b-ef91-4c19-ae2b-8d91508585b5,0c90f035-84e4-400b-bace-b9f40cc70860,0.1425,none
b0bc5550-d000-4f0b-bd3e-3f244e643315,ec88e264-5b99-454f-8034-66a8da269baf,0.1845,link
f614930d-d33f-48de-8795-ace37ebe760f,c27a5a0c-c13b-4b4d-bf9b-e62457126b58,0.1545,link
26f162fa-e1e0-4476-b2a0-07f2cf6f7d0c,de9193f8-9bff-5cb7-9f58-8081dbcd2cf1,0.1124,link
8cf5c7d2-feb9-4504-828b-c4cfdf38b879,de9193f8-9bff-5cb7-9f58-8081dbcd2cf1,0.1952,link
ff122018-06f6-4f1d-ab60-77281ea843d9,81491d2a-fc2e-4443-8b2d-23cf4c621abf,0.2153,link
6ec4e9c0-035d-4e2f-ad63-202b7092d3b5,d40cb1b0-5f1c-416e-81dc-6cc82c836b5d,0.1386,link
2c0a0d1d-035e-4a3e-ac0c-fb67044a27cc,c2c786f3-474c-4fda-be8c-742419e0e1e7,0.3452,link
9488b252-cfaf-4583-a95c-ca40d6474720,cd455382-2651-49d3-9033-57e786fb0d26,0.2931,link
5e839ee9-e947-498a-a7fc-50fa43e0c44f,bc8aa2b7-bbd3-4a9b-baae-9f8a63edc888,0.1723,none
2d4e8aca-b5c1-4663-93cf-2855502a111c,455e0c62-cfec-48b5-8e5b-677aac81f37a,0.1647,none
534bcce7-3415-453b-a85a-63f57960994e,8c5a76a0-47f4-451a-a8ce-b4c832d75dba,0.1702,none
41493ced-0413-4a05-b954-dd7e20d98c9a,e0e1f83e-5dcd-43fc-b29a-c936eb17e313,0.1724,none
a35bdab1-356c-45d1-b2da-dfad9e1d6a38,dd01e720-28e8-4daf-ba1a-fc4b3d8e0b05,0.1423,none
957665c7-80c7-4bf5-b047-94a3b594c33d,a2ecdd8f-65c4-4aac-a911-918da21bc3a8,0.2151,link
e9a2df35-6ed3-4576-be10-86f62a6c3809,89c27b2e-bbe9-4c18-b44d-d3afb58178e3,0.1684,link
e6670414-a609-42dc-b2de-b22b02efa2b0,5edd95ce-03e9-4fb8-a12d-f52e1c1fd02a,0.2356,none
4f458928-cea1-4627-88f9-f96247395c17,86c8d41e-c850-49f8-be3b-4abb0cd3c61d,0.182,link
22ce80bf-28c4-4045-947b-002d7e3b3415,c8e8610f-e417-4f8d-ad6c-e47355a4f093,0.1107,merge
b2b48103-de6e-43af-8fe3-7ce1a802f2ca,47f3a24c-602a-4f8b-afac-d670caed066f,0.163,link
fe14ca4d-b66d-44b8-8009-5ebf0f07554a,ed02e0e0-c9d9-4cd4-8b7f-ad6e6a2d0d31,0.1963,none
1026eef7-3e45-4944-83c2-7afd0042f070,28dde1a2-47d5-4c1f-a955-ee8e439db204,0.1574,link
c534aabc-5b33-4001-b40e-ce8e77321ab8,dd440319-4977-4596-b4eb-8a90fda327d0,0.1278,none
eaf8d06d-a3bd-454e-a51c-1430439aa0e5,b8376923-102b-4854-a265-b7ed1aa9379c,0.1836,none
11f9703d-2422-4533-82c6-8a49a89f9f19,89c27b2e-bbe9-4c18-b44d-d3afb58178e3,0.1865,none
7c48f9ec-d595-4dc7-a654-12a9e6c1aa26,d58b489f-e28a-487b-a249-7a12dd9cd526,0.2207,none
c3818e7c-53cb-4e77-adad-111941ac9665,dba87422-9ea1-4978-9319-dbcc8efe618e,0.1204,none
fedb9edd-7722-4db9-9d2f-11516aa91ea6,0b6a660c-1727-4366-b32e-075f9a5f3cad,0.0853,none
09d17796-1a8c-4ded-9734-bc4c90e46d9c,18630f11-2824-4be0-9cc7-d34e2a3e0ad0,0.2082,none
9c85cc46-86d1-46da-989e-a982a581d906,cad122bc-69eb-4df3-87af-97112d2ac1ec,0.1475,none
6caeb0ad-3af1-47b2-8d8f-9b7304a4b1ed,8b3d5b53-0cee-413f-b92a-f0a1018fa91a,0.1402,none
0babeab1-6799-442c-bfb8-8d08ec9df62c,17478c4e-65f7-4652-a8a4-68ba75879740,0.1257,link
3cd5804d-b268-44a4-b752-9fc8fe326fb3,ed02e0e0-c9d9-4cd4-8b7f-ad6e6a2d0d31,0.127,none
0fe20ca9-b115-4bc5-8917-523cc4c48d7a,a9107a34-d51a-439a-876e-ad092a7dc51d,0.1967,none
1570fcfa-341f-4dd8-b32f-77561f395b52,9c0f3844-c6ae-5bd5-a059-045be3fae30c,0.0933,none
66c38606-8fd7-49fc-8069-b4e6cc190eff,6e16260c-b255-4183-996e-abc00cda1eed,0.1142,none
d8312121-e2e7-4465-a4ef-fd888fd1c08e,7484aec0-9d0e-4bfd-b3ec-fce42be49959,0.1815,link
53fa28e5-8a60-4ce3-9289-e78688c042e5,391f536c-a241-4da1-a1b0-a4a7c7bc6042,0.1166,link
8d5f474e-7cb8-40a3-b2a0-012820ea4714,49c9a138-ef63-42e6-8ce1-7ef906c24d34,0.1145,link
e5bb45e0-157b-4934-ae09-ea988fdf9dcd,7484aec0-9d0e-4bfd-b3ec-fce42be49959,0.1264,link
0175d625-f215-4a17-a3ae-87e51cfd4f02,7484aec0-9d0e-4bfd-b3ec-fce42be49959,0.1146,none
57a0b274-3a60-442f-a613-4f50f10d4383,788ffe7f-6a1b-47c6-bada-0810204a779e,0.127,link
9417ea19-550d-49b9-bed7-d99f466851f5,0d315c55-2953-4bae-9638-93d987d0e4b4,0.1385,link
d8512e3e-cf6b-45bd-93e6-193b816c7aa7,27e75f45-598b-424e-93bc-ebebc70d8230,0.3698,link
2f881c1e-d671-4bcd-bd0c-c661ac4e61f1,ccd35a30-360b-4901-94d1-82fbf8e5328f,0.0818,none
81e9b4a5-e866-4a0a-a89e-7033b5f84b5c,64c91386-c7f2-4023-b574-d1d112fbe833,0.1702,none
f2866357-a6de-4ce6-8e51-cf379537b044,67a27579-8b36-4803-b889-dcf36f4dc266,0.1215,link
927603cb-938a-4ecb-8781-4f74010d92b7,93ca1212-5a32-4736-9c2d-ed71026473df,0.1047,link
847a1974-793a-4910-b547-21243c7dcdd7,53315b8d-5e9c-40e0-b563-85e7b5ae1387,0.1038,link
e8e9454f-1647-45d4-b3f9-034a97c7dea1,7c3afcd8-a8fd-466c-9100-fc2551900198,0.1044,link
baff476f-259e-41d1-a062-293b8ec47a19,b9a93f94-41f6-47db-a877-48cab8b60501,0.1157,none
e48fc923-1211-46e8-8978-9fd8bc52e65f,788ffe7f-6a1b-47c6-bada-0810204a779e,0.1515,link_regional
028158ad-516e-4bf0-84bc-963cd5ef84db,815497b0-eb69-4303-9466-a95f39c2a7e8,0.1265,none
17a076ed-e5ea-4274-947b-e96d05493390,944d9ba6-f097-4450-aae7-09337e3dca18,0.1012,link
0a0dbc90-beb8-4313-814a-a64bc15938d9,f18221a7-97d2-4177-bc5e-c0231ac46697,0.1443,none
ec38a005-337c-4c8e-a2e1-65b46f67d419,6438fd23-4966-46fb-8586-946499fa1864,0.0733,none
6fe07436-0194-4218-b7ab-6e16512d4738,6eb27e91-48ef-478f-a95b-1f9726ae0d83,0.1238,link
88d4ef8c-0a05-41f3-97df-c2aa95452e07,ea41df9d-827f-4d45-95f5-4f91bf6d431b,0.1563,none
8c8cf4e4-c602-4cb7-bb5d-f28868b7cd0b,912cf934-0cdc-5c68-ad4e-133023e02d82,0.1836,none
b311e23d-6fc2-4c89-9ffc-508a6f079c8b,651af950-003c-41a6-888c-fac53e7da137,0.2359,none
11847faa-8d86-4970-88e5-9d80f5a718b1,5c161733-4046-4aac-8007-369f831a519c,0.1502,none
20a2ab12-f2ec-4824-b44f-79b22f3c1de2,2ea12786-ecd3-47fe-b8e7-041a2e3a38b5,0.2669,none
6c751688-1d4c-42fb-ae29-5ccc09e37dc8,2ea12786-ecd3-47fe-b8e7-041a2e3a38b5,0.2602,none
0885d2b4-1f30-449a-a083-20090be90954,d9793478-6556-4f59-8de3-f03a084229f4,0.1553,none
0b808675-391a-44fd-948e-456e889a0569,b9d27304-5ca2-57b9-968d-e5c946985513,0.1927,none
f6ae8239-b104-4fed-8046-45ec57d4d60f,22840705-06a9-5eba-8e65-1634375f5c8f,0.1532,none
5a978321-3347-43be-9b6e-08d8677a3e90,453680f8-e477-4ab1-ae8f-2bc4ab509509,0.1649,none
883e9c73-89db-42a9-9f14-fa3f3761d944,2ff421b5-ce2e-4e7f-9328-18441e0c3a4b,0.144,none
5636a38a-329e-46df-9d6c-1262a9258c73,f1232c93-9c3c-4540-a40a-09f1ea100bf3,0.207,none
668ed243-598a-440b-bc4d-75b593eab857,dd8bd13d-a9a2-4658-8021-b01e881edef1,0.2288,none
17c9bda9-8b96-4e62-a1a8-34607f594f33,dd8bd13d-a9a2-4658-8021-b01e881edef1,0.2213,none
bc9c803b-507d-4392-9c80-01fc9f5b9716,16990578-c68a-4220-a513-4e07fc6b0d8d,0.3341,link
004b555f-8fc6-4804-ace6-094273111a1b,b570066b-db9a-40a2-845c-5ba51dfe1ef3,0.1674,none
a484c3ce-a980-4c01-8e10-9619a2d7b37a,57817f9a-a3c6-4a89-aeb2-8133029459b2,0.2006,link
5b9f3f94-2552-41e3-a933-5b28a40e033a,0f8bc8f0-1484-4bfa-a7ad-b8e37b2fe538,0.1189,none
7aca186e-1c24-4e9a-9b7e-ddd92174b85e,d06bc5c9-e04e-4cd3-b360-053537e45341,0.1474,none
32e4f8f8-2920-4906-a475-a3f8b68293f1,a2ecdd8f-65c4-4aac-a911-918da21bc3a8,0.1395,link
1c5477b6-8388-40dd-80ca-cefa68c53786,7ade445f-056d-4e6f-a384-150e82c19025,0.1728,link
79418754-b9ed-4fb1-8220-c618f23c1bee,99739eab-488d-4439-afca-e84bd94fab52,0.1246,none
b9ae235a-0807-4a5a-9a45-398128943173,d4401a2b-31b7-4919-bcf6-b7402345a6bc,0.2103,link
61f5bcfd-3a02-4c82-bd1c-5cb12ac624e6,812c0d34-81fa-4085-9700-aadd160fe8fd,0.1627,none
f145e26a-d75a-48e8-b0ba-637d490d65b4,eae10e81-b9ec-4d4e-b29c-d491277ab985,0.3238,link
8434c4aa-6c9e-4518-95f7-6944ca2ab98a,7ade445f-056d-4e6f-a384-150e82c19025,0.1658,link
c3e8befb-e9e0-41f8-b011-434d9b89a200,51e9234e-212f-418b-a39b-a8b94e986bbc,0.1668,link
74c21237-ee2d-475a-a929-d184426503f4,e12817fc-55e5-4451-9bd2-962a1439c973,0.1341,link
4840ca38-29cf-4725-81c0-985a7844d88c,35eae267-9f12-46ee-80a3-17a6dd8f1f34,0.1089,none
cd18c8c5-60f6-4203-8a94-3d73d19d0989,ed9d1bb6-fafd-4009-b583-60f56fde2fe1,0.1343,link
0717aa2f-7848-4492-8309-9a4ad4fad0b0,2813c7c9-482b-4826-97c7-83c51c2956c9,0.1184,link
7f9cef10-3d86-48b6-8e09-b43b8d50a239,fb882c6d-0c36-4c95-8b2c-61be544537d5,0.143,link
547ab003-7945-4ec2-a701-3b971d586577,2bd953ff-4a08-4f45-bdad-93c288c262cd,0.2014,none
d703f3ec-cba4-4b17-be11-80561d8febae,2250cb45-a021-4b19-b648-4aea051339c3,0.2056,none
744c1b92-a164-454b-b92a-a8c9d0bbd1db,6a8a5789-5f7c-462d-86ee-21519f82fa92,0.108,none
62a31528-c546-4317-ab3a-e8dfc409f42e,62ce6229-c143-4956-bc15-59a185e51db5,0.1933,link_regional
00c079af-bdcf-4bb3-ba79-dc32d395f41b,baee2e35-f857-4812-94dd-7cdadb4852b2,0.1301,link_regional
5491fcb5-fa62-4a15-959f-616e3df12d6a,26953ecf-5c63-4260-9c41-70ea372bbabc,0.1397,none
f6e94bf5-9e87-4425-8f34-8d555e4a655f,41680330-3190-4632-b50a-82b3a2a52ddb,0.1156,none
dfa46f89-de90-4a03-bd67-d85f4d3def3a,03342bc5-c8e1-4ddf-bf7d-1d7ac01f9d55,0.138,none
412a775c-83ba-4f19-842f-32f021564383,f6e0a3d8-ee75-4950-b367-8cba41c6934a,0.0753,link
fece4b37-eb5c-4146-b4db-769ac5a17639,7c7ea838-47da-41aa-b67e-da81881b77e5,0.297,link
c853ad51-3370-445e-8998-e36be3c11855,510074fc-a8ea-4628-b771-8dafdbdfa7a8,0.1704,none
6e15e788-dcf7-4f53-9124-568518db7318,7c7ea838-47da-41aa-b67e-da81881b77e5,0.1629,link
a25177bc-17f5-4651-b549-8ae430490d8f,ae19d03e-4ef5-4520-be92-31148a173fd4,0.2318,none
f3e376e6-cc65-4fa8-8736-5848ad1a15c0,f081e0ef-c775-53fc-a82a-53224b12f06f,0.1181,none
8ea910c0-07fc-47a1-bfbf-a9902e050541,45afeedf-2a96-459e-ad9e-e0e053862da8,0.0949,none
a998e81e-e417-4609-854e-ce4639c48127,4a9a134e-b3bd-4e11-b01a-4febbe4403f7,0.1126,none
cbbfe556-4e90-4346-b11e-7ca8722331c7,8820a278-096c-432b-837e-83a266542394,0.1506,link
e3b9371d-4e48-4d99-acf8-bebff314cee7,d3c2f896-4235-4e3a-8777-b2d8a426b671,0.1598,link
ea6d0c25-69ec-4bef-8d04-6cf42cde9edc,101bf6f3-af5b-4a1a-9a51-b40923c42a35,0.175,none
b93ebc89-61b2-48c9-82e2-d6d503433b7d,af4b12da-86d9-4029-bd67-d98a6a23af10,0.2929,link
23b711a0-0d7b-4df9-8f2a-11c041be58f8,6d2b8dfd-043a-4641-bdfa-b0d184078e8f,0.135,none
c63dc4a8-c358-4637-93dd-83ad9b7624c9,d3c2f896-4235-4e3a-8777-b2d8a426b671,0.1526,link
42a46faf-2349-41f8-a82b-b21e9824ff14,7cc5d7db-60b7-404b-8d64-03199b3947e8,0.1046,none
8510299c-37a2-4414-92f0-2f2daa689089,ca1c3b0c-96f9-49f3-b789-bfd9b5e80f0c,0.1258,none
01ee8c18-1655-4f69-850f-2aee3060c671,7c7ea838-47da-41aa-b67e-da81881b77e5,0.1236,none
f4ec40d6-4aa3-4875-8eeb-982363c4f19d,f94eb05d-90cd-4b8d-aca0-e13f7e9ae889,0.1132,none
93fdcf33-528e-4d7d-871c-87763a76369b,c594cfab-d649-4a57-befe-e38bff55a471,0.0732,none
abf3dcc7-4779-4c34-856a-098d44c5af1f,34a5a518-e4fb-47ac-a1a6-6d517a926906,0.1125,none
43120c83-0a9c-471e-8a46-1d32942b034a,4a9a134e-b3bd-4e11-b01a-4febbe4403f7,0.1417,none
e1988293-110c-44eb-b371-637db35f3e96,469afc42-3bc5-5b32-b937-e05b8bdcbd2e,0.1268,none
c2183108-642f-41c4-a6e5-17e2b72698b7,4a9a134e-b3bd-4e11-b01a-4febbe4403f7,0.2598,none
399ca024-a381-43bb-9a85-1ac3389f1de4,cab9e5ee-13b2-5136-9cfb-52ca51c68a1e,0.1369,none
8c6e06c5-5759-4669-b984-08d9c4ab3cd8,9eb8e94b-0f2a-45a7-84db-43d3a7e55a44,0.1716,none
f6431cec-a4da-41b8-ab71-0ce158341178,47208d22-8708-5444-834d-ac45a0deb789,0.063,none
b06374a7-b3c3-4026-a7f7-943e3703c36a,25797f65-59f4-5a0a-a579-d3667d28370e,0.1221,none
0d7ad04d-77d0-474d-b3d5-2e0c506cb8cf,c1186e81-34da-487c-83c2-e23992994da5,0.1791,none
a56f8245-9b1a-493b-9e43-6086e6babfbb,5b9902a3-7a6c-48ad-9e29-4ae8424919e4,0.1924,none
e1fcab4a-cc29-41bf-9381-a61073e295c3,cab9e5ee-13b2-5136-9cfb-52ca51c68a1e,0.1371,none
27343065-eb89-406c-acd3-731b0f551447,2082b2b5-cf15-40bf-9883-75ea60257f1f,0.1965,none
8c2e2a70-581e-4c4a-b868-0a2362ba99e5,4bed2bb0-4545-4f21-adb8-6fac1add8610,0.2177,none
b3ffe17a-72de-4146-9f45-56c31f3d389a,de7c7dcd-aa52-4e08-a72b-fa61f2d9a9d1,0.1482,none
970818b5-e215-4801-9aec-7699134b39fa,1b608fa7-1cef-470a-93cf-4f9184e64cb0,0.142,none
942e88fa-4294-44a9-8347-0f7731545d67,0d054c1f-bdaf-4ca5-bdc0-8e6010ef5c80,0.2247,none
6ad07d4c-f369-42bd-8c4a-36eac26b2db3,3a7c14fb-1708-4849-b223-e99c448abff1,0.1153,none
096876b1-dc29-445e-8e61-25aeae5a760d,22081399-abe2-4e83-8ac3-fa3ee757b7d5,0.1115,none
65c55f5f-3d94-4eac-8f81-baae9fdc1cfe,8da948c3-2e8b-4fad-9563-47205fa13d7e,0.1526,none
f7117150-65df-4e39-bb50-4972fa529cd0,281a948b-9e2e-431b-8e0b-abfa7c888d19,0.2436,none
dfd947fa-29f8-402c-8cc7-888019dcf16c,12f5091c-0c5f-4c86-986e-fc721ea9f204,0.2016,link
14aaec1b-2bd3-4789-884a-08794479c46a,fa5564e6-156c-4910-a119-f23a9c4e7e8e,0.1822,none
77107fb0-b521-423a-ab7e-6296692f646c,8820a278-096c-432b-837e-83a266542394,0.195,link
1898ce62-698f-4c8f-94f6-9d4ad93fc341,5e30de55-bc0c-4bb6-84ad-9259851ea307,0.1755,link
77a2a8ca-02c3-43a0-bbe6-012f8d035186,0d054c1f-bdaf-4ca5-bdc0-8e6010ef5c80,0.2768,link
227aa117-bca3-44ab-a67b-ac5b6fc4985d,34b8657f-f688-488e-b9bb-3be733e25bfb,0.1319,none
9fd2950f-9eb6-49cb-b159-fde137443ee8,ee165aa2-ef61-4225-823f-e88ed63aa55e,0.294,none
7b6006e5-1917-4e12-9456-520c830027d6,4a9a134e-b3bd-4e11-b01a-4febbe4403f7,0.1329,none
95231234-4e14-4374-b433-3149576e1a1a,c05fba06-b8e3-40a0-a5cf-60cf7414c99b,0.221,none
02f7a96b-dc1c-40f9-8ad1-fe44e5173e65,9e51068c-6a3a-4d5b-bd3f-8f7e0f7c2b3a,0.0536,none
093ff466-58cd-4d27-8c4b-10d99e5bab86,7c3afcd8-a8fd-466c-9100-fc2551900198,0.1121,link
6464b059-7571-47ca-b648-840c704f0cb7,5e30de55-bc0c-4bb6-84ad-9259851ea307,0.1675,link
1a3a1fcc-9a29-49f0-8c95-b253b8418d9d,5e30de55-bc0c-4bb6-84ad-9259851ea307,0.119,link
c64c83a5-04db-43d2-8757-6bf900ceb742,d3c2f896-4235-4e3a-8777-b2d8a426b671,0.1168,link
b1a5c703-f2dc-4a2a-94ed-2da7f8aa5fb4,c0494f51-cff3-4380-a309-5c39efd81414,0.1167,none
f3d36c95-2f92-4670-a156-7ddf2661ef5a,8016765a-7a5f-4946-8533-d90c510b38bb,0.0973,none
608aaab0-4928-4f5d-925a-9227bbed4548,4a9a134e-b3bd-4e11-b01a-4febbe4403f7,0.1538,none
e87d0be6-61cf-4cc2-bda8-5c78fc18d6b4,bef2deba-047a-4239-8f94-2dd409b27d3c,0.1341,none
52e407e2-5cf9-4a0a-8131-8f2057e153b7,f00ad575-1e2d-4ccb-b795-081002b3d524,0.1961,none
5699115a-37a3-4b75-9ab1-546f4ba44ecf,61dc9bd1-ab27-4587-8b4e-0f4cb3471420,0.1704,none
c0efc27d-8632-4dba-bfdf-8bcabfdcc9de,e9ebf763-a555-4cbf-a3a4-5f3bc0168a35,0.1525,link
63df89fd-9a1d-48b9-ad80-3b0362c05bd8,6babf56d-9986-4fed-84aa-ccef6ec52c3f,0.1818,none
5685afaf-f4ac-4b8e-9b35-1300aaa4c6e0,6babf56d-9986-4fed-84aa-ccef6ec52c3f,0.1928,none
ddbe133e-3587-4009-99f9-a88318c98471,ad01b531-8c31-42b7-97d2-593804f2d3d7,0.1245,none
2c139f75-38eb-4d24-84a9-9b31bb4f8049,3b4bdea0-c14f-44ee-9547-dd1eeac5ff56,0.1987,none
6c9a5fed-c5ee-469b-aef8-9cf4d32779d7,639abc76-8ddc-4064-8e9e-22462fb346c0,0.1749,none
812233e1-3e0d-4fc1-acf4-bd6875d7e528,488b5ed3-a70a-415c-9a9b-f444de87bd83,0.2055,none
038cb86c-e8e7-4363-84a0-8d95737661bf,32dd016a-8b7f-4939-bf5c-6c76e603f300,0.1118,none
d98d9a77-5a6e-4336-9816-ea5ee2b437a2,2a6d6202-ab98-4b5d-9761-8022472e4292,0.1168,none
0c452e9d-b371-45f1-b88b-b07023cc9de4,650f3a51-65fc-4004-bc40-ca60a3af1617,0.0704,none
b12cd46c-a002-413c-bb60-1e19ba0b5870,2813c7c9-482b-4826-97c7-83c51c2956c9,0.1235,link
c98fd677-4f9d-4312-b553-44ac5f42b880,2813c7c9-482b-4826-97c7-83c51c2956c9,0.1419,link
9e1d74ea-1685-4565-af1d-23b9375cf9ee,faacfde2-c15d-4012-ae2f-1ac42a9aaf66,0.1519,link
55ba28dd-32b1-43aa-8240-19ea636bea60,39aa249f-6488-40ca-a910-fb2722c05359,0.1874,none
79e70870-1efa-4e9d-b1d6-e09fbdf88744,d16fd0b7-619f-49d1-a316-5acccf7cf99e,0.1579,link
5533ee2f-d9bd-45b6-a54e-214f0b586c19,92fd64d3-c51d-4f90-8a6e-29a8b7441f0b,0.1138,link
e1664678-e6fd-4113-b809-b8c9476ac1d5,4f2704b8-a474-4483-890f-b8374dea6d4a,0.1766,link
25e2f962-d609-43d4-85a3-3b7048f3a390,788348c3-786f-41a1-94df-740bece14394,0.2252,link
e68c575f-e590-47ac-8c94-7431c674f1d7,429c98ea-d4f5-4f5d-8ad0-2465a75fb114,0.1753,none
4b75f94f-f573-438a-85c9-7ee61ff4f117,2feff0ac-1224-461a-a570-4b9cdaaf3198,0.1118,link
94b13a37-c22e-49ad-8b81-e228c7cfea66,7c3afcd8-a8fd-466c-9100-fc2551900198,0.1177,link_regional
bbfc5e55-81cc-474d-8ed3-5ceae4cfaeb4,86aef94b-56a4-4727-8f51-12e078b094aa,0.1404,none
1b81dc67-7e3b-4db6-92f1-32535474b731,b3a903f7-0366-49c8-8405-f321e04721da,0.1366,none
2a43ddba-2ea1-4d44-acf7-ce02ead0b5fc,d06bdea0-9a84-465c-a0d5-5ade9a645629,0.1828,none
3fe3ffde-8fe0-4085-9571-874d94e25286,5e30de55-bc0c-4bb6-84ad-9259851ea307,0.1202,link
6bcbabf3-402c-4f08-8685-1cd120d6a464,e2c041dc-be4f-55ae-b02c-ac6e09b82173,0.1748,none
5ba0d6b1-e44d-4dd0-a671-7ff27372a215,385c7bba-f2f2-48bc-9592-5ddc63ce8d31,0.1902,none
fdea8487-2514-4ee3-953b-c414f7c9cb99,04ec1637-34ef-40ee-83e8-f8c38106c4c1,0.1232,none
07528794-2cdb-4942-91b8-f1a796cdd257,b502a715-d1b6-4cd1-9173-16505ee8ea3b,0.1448,none
4a6f0bec-2061-42b1-a81f-ce3faf2ae409,ca2a8c9e-ea5a-49ea-9943-acb8e6dc57af,0.1803,none
bc9d2af8-2e93-4751-b493-1423ce9d63b8,5e30de55-bc0c-4bb6-84ad-9259851ea307,0.1209,link
4fe30dc5-04af-4f82-bad8-313537a76bc8,5e30de55-bc0c-4bb6-84ad-9259851ea307,0.1208,link
b8db4f06-8fb3-490d-862d-ea93f0c13254,ab58b1e6-dbf0-42fc-b534-afc272f776c1,0.1141,none
db412fd7-d304-4bf0-b01a-045c855c5410,fc4a2ca3-1975-4dfe-8be6-20d2bb8c4f14,0.152,none
608ee6f0-720e-4679-bfda-90326fcd38cd,0582068d-617f-4d90-9d14-d48ededbc7c8,0.1327,none
7e4bbab1-5c45-4e6c-905f-ad5b4287fea6,fd7e904a-7e58-43c0-8abb-3f3992329b0d,0.2862,none
992b86c7-5a0a-4326-bae1-41924b7505ee,5bd9f9ec-29bb-433b-b1f8-7efab0f926d3,0.1895,none
452f39e2-ce72-4da6-bfc4-4276e1e015f1,562ae9c5-6471-4ad2-bf62-8f832956cb27,0.1622,none
26513a1d-b39b-4e50-80a3-812f795eef9e,6685f65f-60fb-4a03-869a-a6e324eb74d8,0.1407,none
adb8161a-a726-4447-abcb-215d2fdc5059,29d83893-8369-4976-aef1-5eae04999781,0.159,none
401c954a-7481-469f-84e6-fd96cf40fe59,075548cc-1a68-4f44-8d31-8139ceaad7b2,0.156,none
55be3315-12f4-4df8-ab78-95617dfe7925,6e14cbc7-5d05-4f3d-a44f-069d14149fe9,0.1516,none
f6f8abb0-471f-4616-b219-2fea7d5a74fc,eae10e81-b9ec-4d4e-b29c-d491277ab985,0.0961,none
c00ebf91-d4ae-4019-8d6f-0556fa22ca5a,2b51b609-0af5-4113-96ac-b39d8626c989,0.0817,none
75006240-1d5b-4bc5-a95f-e050b8de877b,fb1e85c1-4f35-49b5-b01b-a0238902c00e,0.1486,none
c4888e37-7805-4af0-b589-a99518729fd2,7c3afcd8-a8fd-466c-9100-fc2551900198,0.1523,link
eb55f49f-b614-4e79-9890-2b65e9e4edca,d3c2f896-4235-4e3a-8777-b2d8a426b671,0.1315,link
4daf4733-5b33-41ed-80ae-198ec41bddb7,4bbd6905-c154-49ec-bb41-b8fc844505a1,0.1573,none
0c67f8fa-b40d-4bc7-8c12-a5317b2489e1,d3bfcaf1-a87e-4277-b7d6-7a1f9860d235,0.1634,link
1e96db6e-188e-4395-9b4d-289bb6bd6b12,de7c7dcd-aa52-4e08-a72b-fa61f2d9a9d1,0.1336,none
b16adbfa-a5de-43d2-b036-61102eea238a,2b51b609-0af5-4113-96ac-b39d8626c989,0.1462,none
666fc527-471d-4c00-9a07-12288017d05c,7ade445f-056d-4e6f-a384-150e82c19025,0.1842,none
9088f741-8181-459f-8ec2-abe3d91dc06e,8a24e1a6-4c46-4e52-a245-5476fe8475eb,0.096,none
6e16c830-c5f9-4c71-888e-59cf54e09bd7,8a24e1a6-4c46-4e52-a245-5476fe8475eb,0.1045,none
cf2f78b0-3e67-4d8c-be06-c41c5792db32,8a24e1a6-4c46-4e52-a245-5476fe8475eb,0.106,none
37b127b9-2d7e-4b03-8d65-6e408d9cb2ca,569cf8e7-95a8-4304-9d79-60d0a7852168,0.1417,none
a30b42ea-7e67-4c2f-8793-441a3d7ad0d4,cab9e5ee-13b2-5136-9cfb-52ca51c68a1e,0.1296,none
b7dbc753-7c28-4443-bdc5-36baca6d745f,e6e418bd-1f8f-410c-a16f-3954a67db051,0.1831,none
4e0ffd7a-690f-476b-b712-3b9d4f0e0f0c,fc147482-943e-41a4-961a-730020760da0,0.1196,none
6c39cdb2-750b-4f93-ad78-04cc23778bff,75924fc9-b2ad-5273-b21d-e7b8c262153a,0.0972,none
c6196457-1b1b-4063-b564-2c5cf3f586da,5c2dfa41-64a8-467d-a83a-c59001f82d2b,0.2296,none
45786746-d8ba-40da-88df-102baf31fbaf,6d2b8dfd-043a-4641-bdfa-b0d184078e8f,0.1536,none
2c195a25-1483-4fda-8b57-5075b0ed3a0b,472a5acb-e8f5-42d7-8dc8-f36d6070c893,0.0885,none
e2197315-7699-4027-bb9b-24111b9446f1,d3c2f896-4235-4e3a-8777-b2d8a426b671,0.116,link
032a2cf4-515f-410b-a0c0-ccf6bbcd1ee1,12f5091c-0c5f-4c86-986e-fc721ea9f204,0.0778,link_regional
34d4aed8-83e5-449f-84ed-f6807cfffad3,d8c612ee-f882-4e2e-9d69-1cc4fdba39c9,0.1726,link
1e28d019-86f8-4c48-a1e6-56e0fb954de9,12f5091c-0c5f-4c86-986e-fc721ea9f204,0.0662,link
bb0d474b-3c15-4d29-a1ac-089a2ee25acb,57833fe6-6fbd-4f25-9293-6ba2ed085924,0.156,link
29bdb499-eb45-42ec-819a-722f4daed604,9ba0537d-0afc-42dd-ae2e-797ab79abf5e,0.0658,none
93406d77-38b2-4dce-80cd-483eb02ed20e,3e42f15f-b5b5-4a77-b3a0-fe71d76a5e3f,0.1107,none
e90b6df2-fba4-42b9-b23a-f8e9c26c08e4,aaa1d59f-a5c5-40b0-808f-be2bf816aa5c,0.1153,none
344af697-fc68-49b6-b15c-df3b9bda8661,0f3b876f-624d-4471-9bd5-4c731bbb3c6a,0.1562,none
084eeb11-acdf-4c2f-9e12-db7e698b16b8,1ac3254b-284e-435d-9e0a-199d2e2413fa,0.1679,none
58e6ca69-5bf9-4adf-bc42-b2c7bc5d779d,dd01e720-28e8-4daf-ba1a-fc4b3d8e0b05,0.151,none
74cc723f-5fa2-4e8e-81d9-95e7e78e11ad,45ccf53a-8098-446e-af7a-837c574ff62e,0.1077,none
ca42095a-7be1-413c-bf05-a2701bfc9342,e6e418bd-1f8f-410c-a16f-3954a67db051,0.1501,link
cb0ce8e3-d3d2-46ad-a2bf-6b0cddc92ecf,cc804414-0544-40c8-bbc1-b2ae43048fdb,0.0874,link
977ede97-6afb-48f6-9dfd-bf4cbc8ebac6,a4d290fa-3b1d-4d6a-9742-f4cb51e2418f,0.1006,none
dcfcdf71-33fc-498e-b22d-6a1b1e9cec9d,23ae03f6-8c5f-4ab7-a272-d28924d8047b,0.083,none
91c3543d-cf29-4d89-b04f-c6f5fbad4d52,7135c370-280c-4bea-b6ee-68c7de7d0470,0.0548,none
f7d7fccb-6101-4811-b5c1-79e768a798d1,41261db0-5e95-5198-ae17-0e905db9ab53,0.076,none
a441426a-1a21-463d-851c-d203911b8e7c,27aca17b-ee93-4848-893e-6abb92fc581d,0.2192,none
aca94adb-c4e5-44d9-ad72-a21e14f7fa9e,6c17a08f-19fc-4b2c-b927-e8ed8da24a4f,0.1538,none
99a0bf0d-add5-4419-9efb-cf278e8b4e17,6babf56d-9986-4fed-84aa-ccef6ec52c3f,0.2018,none
112fdc46-d94b-4a72-9156-e9e9f75b200b,757201c6-3230-546a-bb4d-c74494de7b1f,0.1036,none
0c0412ee-c116-4be8-9dfc-a214219b70e3,af2baaf5-f6ca-4da1-bfac-eef716425357,0.1535,link
9c20e8ad-52ee-4f5c-be76-6b2d44bd22b5,ed02e0e0-c9d9-4cd4-8b7f-ad6e6a2d0d31,0.2084,none
e50b99e2-55d9-4d55-9efa-ab7c1fc8714d,4e5438eb-3a94-41e7-82a7-4d56922ead1a,0.0986,none
43a7cad0-74ec-40dc-bb1c-cf24c363aec9,302c20b8-c560-4b17-aeb9-31f343da96bd,0.1287,none
0082f449-12da-416f-82ec-65cca48803e1,eae10e81-b9ec-4d4e-b29c-d491277ab985,0.2256,link
34207473-7a45-4e63-9e73-2aaddebcce7c,6313ae92-13d9-411f-b512-bbfc70fd2475,0.1696,link
808483e7-eb90-4976-a76f-d89d6787d3c0,12f5091c-0c5f-4c86-986e-fc721ea9f204,0.0644,link
930563ef-2216-44bb-9bf4-a1d308273350,51e2d683-9271-50f3-8bab-f3d5766156fd,0.1159,none
9a13ea96-96a1-4f4e-8728-81debaf76169,eae10e81-b9ec-4d4e-b29c-d491277ab985,0.1051,none
eb3c23af-367a-4f47-935a-6bb156a19b03,89c27b2e-bbe9-4c18-b44d-d3afb58178e3,0.149,none
01474987-7274-4805-880f-457f3a6eaa13,eae10e81-b9ec-4d4e-b29c-d491277ab985,0.1577,link
8043ab29-d4e1-459b-b51b-6bb054cf70be,7ade445f-056d-4e6f-a384-150e82c19025,0.1188,link
65a684b8-38cf-4e26-8f21-3374e6047892,26953ecf-5c63-4260-9c41-70ea372bbabc,0.1597,none
fccf86a2-4f14-4ab9-a074-9b295f586a8a,4e5438eb-3a94-41e7-82a7-4d56922ead1a,0.1051,none
24a0d95a-e67f-47c4-bd17-59142afdbf92,cd330afa-386f-4d07-bbc7-45b181f41736,0.1068,none
0b666199-eb16-452e-a114-6a462da8b627,5f3c6223-7c54-45e8-aae6-1b11ea613340,0.1758,link
6b30f281-cf03-4b50-a615-f0c7d37df62b,564ce453-444b-4c06-9b33-7b62329cc45a,0.1178,link
49853cf6-1a43-4dd4-ac90-11a710c094b8,817c9adb-c587-4e2c-bc36-5e551581d908,0.1767,link
77a38d97-5af9-4f23-81a5-ac891f814049,84f08988-5635-4562-9ddc-91d506e79cd8,0.1196,link
fc597bd5-404e-47fc-bbab-30dc625565aa,26140be7-c4bc-408c-bafe-df5f7da2cee4,0.1265,link
0bcccdf6-35b6-4620-845d-fa667b072096,9262dfc6-a715-470d-b1be-e90989adc0ae,0.1582,link
4bf315a1-d8e2-4099-8ce5-f78b41697e24,eae10e81-b9ec-4d4e-b29c-d491277ab985,0.2224,link
706f92d4-e1bb-4649-84a3-42979b6bb600,10ae9cab-0fc9-5585-8b12-01a90fb6f4e6,0.1771,none
e9039c4c-896f-459d-ab0c-3d027b4e989e,8573515b-940b-4901-babe-d073e485f91e,0.1818,link
f5356824-9c9f-465c-9146-df295dd29f02,8573515b-940b-4901-babe-d073e485f91e,0.2129,link
80f5c6b0-d150-4561-b2b6-119a277b05e1,12b34dd9-c91b-4470-8a23-c0610d08ac8a,0.0936,none
7be46e41-3709-43f1-8a6b-81992b6429ce,a19972ce-8ba7-5042-9369-1c86bb517dc6,0.1177,none
c13e983a-c53c-42c7-96e3-a3be3bfbdc3e,13b51b50-95e5-4ddb-801c-e1c5daf2b8b4,0.2353,link
49991180-56dc-4056-9bb2-f8953de62f1d,fe22b089-e467-4a38-8f0c-55b73bdebdb0,0.0797,none
f06e3adb-e3da-4fca-8d8a-cc2d57770d09,d08b1c0b-8cad-4215-8f8d-1e6a54dbebc4,0.1656,none
e2f10443-0104-43b6-bd75-5f0537be2b76,4e0bb21e-1069-43cd-a285-5425c92ce829,0.0886,link
3caf96ad-0981-4d7e-b781-53bd39c9f927,53315b8d-5e9c-40e0-b563-85e7b5ae1387,0.235,link
d3264a52-407c-4717-adbb-1fc577221dfb,eae10e81-b9ec-4d4e-b29c-d491277ab985,0.1858,none
908f3d5e-58da-4cb9-bf7c-a4352687a9eb,c1186e81-34da-487c-83c2-e23992994da5,0.1595,none
cfa2d747-a25f-4299-93b9-38e74fa76236,1612d8e1-354c-4320-b31f-b3915b39593b,0.0593,link
07d0f49d-efae-414d-a171-31bafc4ba860,661ca863-4f3e-47c2-85ae-78efcedcaee5,0.0672,link
42ea1051-bc51-4afa-a26b-d111ee7c3469,661ca863-4f3e-47c2-85ae-78efcedcaee5,0.0645,link
a5ccb7c6-6a18-4d3d-aaa4-c2542a94db4a,0b22a6ac-fc0d-4049-a8c6-56db41a130a0,0.1748,none
485a2561-2907-4337-bd8c-9a6f1a21a02b,6b6242cf-71fb-4ea9-a39b-45232f9445a3,0.0954,none
9816f829-7fd4-4b58-ba28-61edf6f42e9c,db42dcec-1f26-5f05-89fc-32209f556336,0.1135,none
3bf1f7c7-6f5c-43f6-9234-97ff167917e9,4e96f780-2811-404d-b7c9-ee50aa37b1d1,0.149,none
7a36c218-6ae0-4a40-83f8-0be7380e96b6,b988eaa0-2c1c-4ba9-bc8f-9bc84dd34d95,0.0665,none
abe58813-182e-4a3d-8add-332033ed39ef,c0494f51-cff3-4380-a309-5c39efd81414,0.1507,none
6bf75c42-b70a-4176-af1d-a7ff1c3df39a,ce35ad3a-1b9b-44bf-8d95-7020301b93b6,0.0573,none
5e1d989b-4e39-45c4-80d8-5c60f9460685,afb3e099-b762-4750-aecc-dd5e2f3f5fda,0.1191,none
a33fa6b3-aac4-40ee-b6ad-f9f327b976be,187dda00-c6fe-4ed6-bbf9-ec201d0558a3,0.0901,none
dcf80f8d-ae45-4220-923a-f4cddc726d43,0db83d21-38c7-43ed-a3da-6296f1b771d4,0.1197,none
0cd0f177-15a9-4e49-b179-77a282853813,6babf56d-9986-4fed-84aa-ccef6ec52c3f,0.222,none
184c591f-ed4d-4408-a3d6-d1235ab29728,866c283d-b2db-4ddd-a94c-5bbf56b23111,0.1561,none
4068d845-d112-4d06-8c66-600632e7b03d,227846c6-4ba9-46aa-9f2e-31039d54680d,0.1215,none
735ee7c3-53dd-4df1-b40c-53a73b2268b1,8ad4253a-fb16-4eb4-b4c7-3114c9fdf499,0.097,none
f059b0ee-76f1-433d-b5c2-965137624b8a,881ed8b3-7c04-441f-a9af-a6b1d20f6d64,0.151,none
b7d9fbe8-11ff-4d0b-9dba-2d0975d0fcda,6193d827-7517-4115-a16f-90c25144a315,0.1387,link
ae4d2dff-dcb7-4cff-9d84-287e0234f75e,eb27e2fa-c226-4c2d-9ea0-80ca526261f2,0.1586,none
888d0c79-a3f3-407b-9fc9-491e71303706,1b608fa7-1cef-470a-93cf-4f9184e64cb0,0.1483,none
cac84b90-609e-44ce-a4bb-f562c61e0a32,45bf24ee-e426-4caf-aba8-41081b4c4299,0.1457,link
a1940338-deb6-4494-8fff-4ef2b975bf69,1829cc31-6a02-4013-a478-ac2c0061b4d9,0.1539,none
fc05f743-1d42-4ea8-a883-c1e637ea5711,70b1fe89-f2db-4f52-a7e1-2be22d1af1bb,0.0805,none
1603851f-a8c4-45f1-9763-94e0a5cd17e2,c4109a68-0d16-4a23-a41b-9c207a39cc8b,0.1434,none
7b2fcef4-b5ab-4454-9866-6ce6a5aa1935,bc8aa2b7-bbd3-4a9b-baae-9f8a63edc888,0.1124,none
2d76a278-9983-4abe-9dfb-95bc2b7ffc9f,a9ac6c40-682b-4a37-91e8-fc172962b182,0.1602,none
a47a8eff-4c45-4109-9a56-9ddd190c1303,f0ba6d07-a0dc-4c9b-8740-64b7efd5b729,0.1142,none
3c555077-8c7f-4463-8525-cf8874137794,33960da0-1d62-4707-81f0-8a72b598d580,0.0575,none
26660442-93e2-4ebe-8721-3fcbef899e77,85cdae9c-ee94-4970-a7c6-9356faa27e20,0.2119,none
d939ddef-ee17-45c9-b561-14768f8071cc,1c52f470-92c1-4461-a7f8-efafabb13dca,0.1898,none
0480d1fa-4997-460c-bcfc-a6d381d45612,12606610-6da8-4ee2-9d1d-c754b07cb7c5,0.1362,link
0eb57052-0195-4d05-982a-fdf17d628cd5,2474815e-4b0c-598c-88a4-cbf10ba11108,0.1452,none
7b0d35fa-bf65-4fc2-af31-539c2e168f7d,ddc95cec-c9d0-4357-bab8-de8b3f9a4f4c,0.2641,none
ed7ba3d9-1403-48f3-be6f-552c985cc706,4a70c097-e1df-46a8-8eff-54e9e095fff2,0.2454,none
76796513-bcd3-4010-9504-8f83de07276e,2b51b609-0af5-4113-96ac-b39d8626c989,0.1365,none
679cb221-927a-4360-a9cd-dec9114c6323,eb94d885-12d4-4e65-97f5-f19618ed9cf3,0.1032,none
7cf51e31-f708-4fab-af4c-9dbf2ab7704e,1663bf42-45d3-462b-be62-1a0c5451b4af,0.0963,none
08dc2ecb-1c75-4b9d-b2cf-3d04b838e556,8dd986af-8263-47b9-9479-cf04de98b3fc,0.1876,none
94248f65-0a6e-4870-9b05-83d92a22559d,804ca76d-7b93-4d03-bde8-8d494713cf89,0.1746,none
1227613f-eaff-465b-a44e-4281e468c332,ea90a750-0da3-480e-8670-a700f7e0b8a4,0.2397,none
458773cd-641b-4f1b-89f2-1ce6923ec3a8,da2f3c39-79d1-4aeb-8159-de03758d8d69,0.1587,link
43a7f35f-7ef9-4374-9f56-7e2cb6d5b9a4,0d315c55-2953-4bae-9638-93d987d0e4b4,0.1405,link
d9fdccfe-7847-4019-a2f0-ab4f2d8a65eb,6a82b8fd-0c1a-43eb-b45a-88234d459afa,0.1565,none
89ff0951-405b-4259-bffb-d22e898ad4e2,bc6791eb-52c5-40c8-b7cf-ee5eb5ddaf0c,0.1364,none
356c1443-635f-473a-9c25-b3313c803bc7,c8e8610f-e417-4f8d-ad6c-e47355a4f093,0.144,link
75a941d2-64e8-4052-8b27-a9b57029c5e4,5c67207d-4827-4943-bb21-0d822ca7eed9,0.0958,none
a73380c4-5e79-4bad-bd8c-c00f4fb558f4,f58dd88f-bc9a-4a87-95a1-4b79c66c72ce,0.1664,none
45d7ebb7-f9f7-476a-bfc8-5874ac0fe7dc,812c0d34-81fa-4085-9700-aadd160fe8fd,0.1554,none
357df649-735d-47e6-a011-172f2c2173b7,3694f8d6-97e3-4255-ab4a-35e0b9a6e81a,0.1418,none
e83a1f84-6b30-4318-996b-cf5721f71f6d,26140be7-c4bc-408c-bafe-df5f7da2cee4,0.1983,link
12762aef-6c1c-43c6-8698-68868a5b09fb,eee58913-e993-4d1c-95fb-3b98ab094c39,0.1077,link
60a50328-117a-4282-a011-56e7d9f292e2,f58dd88f-bc9a-4a87-95a1-4b79c66c72ce,0.1629,none
fba6992f-67a2-4a8b-a38d-4a74294bba01,56a2f248-f0cd-471e-9fac-278c54df917b,0.3212,link
f802d7da-dbf8-4a86-b38c-2bc2f8930923,13f41ffd-ad2a-4d12-9353-eb797b70da91,0.1868,none
7641bca3-b0da-4c2d-bff9-6ddad53aef22,d22c541a-9ed1-4cb1-a13c-3f04a184b9b4,0.1312,none
77c1e82c-ae08-46e2-baf5-a26855717c4e,57a7c2b2-b2cf-474c-ba13-51b9d82a9458,0.1495,none
3448d944-f992-45a0-b328-a5327268edc2,358b7fa1-673b-4262-ac15-30e3219725db,0.0987,none
3ed4f5a1-9edd-474f-8090-4c2d1f9f2b26,0d315c55-2953-4bae-9638-93d987d0e4b4,0.1942,none
6f218831-2f91-457b-a843-dc5af339f30a,3eb0f361-9ff1-5511-b641-3746051b93f7,0.0455,none
62d1ba13-85ff-44e5-9d23-c55fc4ee28c0,a48c5f28-ebea-4088-b6fa-93c69096caa9,0.0638,none
569703ad-36d7-4039-981f-04e490b109b7,c666fd96-c732-4cf5-8407-a080ff24dd9e,0.187,link
c442c01a-e65f-4ba7-8494-4879f8ec9999,866c283d-b2db-4ddd-a94c-5bbf56b23111,0.2168,link
1a0c815f-d398-43f9-9b64-e45b0b039c14,93a593be-5519-4a48-a67d-a798ffe25ade,0.1663,none
1c4b1ddb-22ee-4124-aa54-21f1093786e1,ea10389a-878c-4519-90e0-7e72fa2a22f7,0.108,none
018cddaa-65c8-4e18-9621-bb2a5e3413e7,15426ee1-97ca-42d6-be8f-602f8f344d89,0.1749,none
0cb29b99-81bb-4c6d-8c58-760986f9b608,1721e6a9-0eda-424b-830a-d7bca296e8d0,0.1664,none
dd31bdbb-1a85-47af-a547-aec8ba25f261,ccd35a30-360b-4901-94d1-82fbf8e5328f,0.1034,none
8fddd632-caf5-4466-9667-d4b1412bb929,6193d827-7517-4115-a16f-90c25144a315,0.1198,none
d9114eec-799e-422b-95b5-2182e88138dc,16990578-c68a-4220-a513-4e07fc6b0d8d,0.1286,link
1419dfbf-8bcc-4c12-bd95-9c4989c75524,d3a9d024-1a44-41bb-9da5-02e9feb1600d,0.1115,none
8c590a54-acec-454f-978a-fb8759143362,eef0a529-f92b-4e17-a312-b2b5e53724af,0.3497,link
87c9501a-7646-45de-b672-3e7d6b2b8079,a85f542e-fbad-4b18-8993-5ef04a483571,0.3206,link
2ae9db1f-43e0-4332-b9ee-a92faec92e85,8789916f-1baf-4fb9-952b-2a829ba66dab,0.2458,link
40fbf2e4-97f3-4ea6-b96b-30d6ba1929db,462aaa67-167e-4646-8505-5b85efdd8b99,0.1539,merge
ee9a4a2c-e60a-4810-bbd2-96a431a2701a,a85f542e-fbad-4b18-8993-5ef04a483571,0.1591,link
98677fb8-4f48-4d3d-a4e7-500c88c4dd32,d73c46bd-52b4-47fc-a03d-3467f02fa667,0.1835,link
7ad7e25c-706a-492d-9b36-916783a170bb,d583f088-f623-40f4-98fe-787f4585629f,0.393,link
ab465590-1f59-42a5-8d6f-24dcf6dcef2c,950eaf3c-ca3f-4157-9ba6-527bb98eaff0,0.0973,link
a0713546-7f9f-4ab8-ad63-d637484536f1,4dc39b7d-8c9e-4c8c-a295-811d3a5ba6e6,0.0619,link
82acaf34-3461-4323-97e0-1be919d2afe1,86ddf57a-5c8d-4e0f-9581-23aabbe3e0d5,0.0827,merge
104734da-e9e0-417b-8ff4-4429d5f5f313,86fae74a-5855-43c2-bb7e-44266815f0be,0.1181,none
f7072335-cc84-4bf1-abd7-9b2b8546140e,cacc5e3b-042a-4742-8e0c-5d6b3fab9c18,0.1125,none
6da46702-6b3c-4401-a6f9-588652c007c9,03342bc5-c8e1-4ddf-bf7d-1d7ac01f9d55,0.075,none
5fd5fb30-ca51-4693-b022-30d880a34e8a,8244ecdb-5013-4603-a9d3-9fc64b83df5e,0.1821,link_regional
5ee3e7b2-aa5c-475d-81ba-187e0388afca,882414ad-cb2b-4750-bd25-27a55db01570,0.15,link
b8cfd82f-a820-432e-a014-dad26696c2e5,0d315c55-2953-4bae-9638-93d987d0e4b4,0.1447,link
014f5b87-df41-46c0-b84f-f9686b223026,12f5091c-0c5f-4c86-986e-fc721ea9f204,0.2088,link
26d70342-edf1-4b9f-85fc-2a0b9af120d2,4227bef3-e5d0-490d-8879-18568a211685,0.0598,none
57bcb6f7-044e-4be8-b457-706cb4b88f8d,dd01e720-28e8-4daf-ba1a-fc4b3d8e0b05,0.1229,none
e6ee6388-83bb-4877-82a4-8974bd46f3ef,aecc4b75-c0d1-41ef-91ce-22c2746c7c04,0.163,merge
4d3889d7-e504-43aa-b6ab-98356642af95,ca38019d-380f-4c9a-ba4f-1758f64c053f,0.245,link
2961ca61-6060-4b5d-9af8-510c9f2030e5,8d77100f-54e7-4578-8c3a-6cbf23d8d84f,0.1805,link
94834f54-07e8-4108-8d62-a54f4a564b7a,899cb51c-ac03-4418-b68d-bb9dd3eafd76,0.147,link
caebf377-534f-4494-82ca-c3d5d667bfcc,7094ad78-656a-4f94-bb6e-5e5f7cd175b2,0.2656,merge
174747d5-e280-4ae5-a6aa-231f09766144,7de447d7-f80e-4b73-b3f4-b7e9e4b54af9,0.3343,link
4d07b9bc-72f6-49f7-9ba1-f16c1a6dd8bb,878b107d-fdc8-42f2-a048-382edca2c92c,0.1692,none
7d8c16a6-a867-401f-897d-85d43d15c7f8,224e069a-2162-4422-9d45-8d0910fa66aa,0.2039,link
c1fb4dc5-0161-4b21-99aa-7f65e0d172d2,88dc372b-e33f-4fcd-b926-816302938015,0.1446,link
37233550-537f-4146-823f-e0299c6e0dee,fb68a12a-d96a-4722-a9a2-3fff669f5427,0.0909,link
ee5603bb-7180-4c44-8d4e-9414a91231bc,732a4ac8-4e52-4117-994b-67ed8a3d8610,0.1413,link
f85022e7-6716-4800-bb04-6bae266fd19b,7f5b0764-3d45-4660-b60e-297e0ef17489,0.0777,none
0e3ccb1b-0edb-4c91-b9a7-eb081821396f,13f41ffd-ad2a-4d12-9353-eb797b70da91,0.1602,none
c8386876-e150-46ed-84c4-4c63f5c7487f,a5817f16-ac5d-4b15-8453-5531ba0db135,0.1093,none
3b7ef996-2333-44c2-8041-02e953960e57,48a1e7dd-4650-4727-a8dd-d9a2794f4f05,0.1617,none
9e2a8f35-bc9a-4692-905f-d43705bc8b71,c2c683ad-34ba-5ae5-b56d-782a5e0efeb2,0.191,none
760e28ad-e7fb-44e1-94b3-c87c18c7d01d,baee2e35-f857-4812-94dd-7cdadb4852b2,0.0898,link
0d60835d-2587-4458-a740-84af51b5c977,0e84e7f6-039b-4744-8eec-e51dc4fdde9e,0.1292,link
b77b53de-4f92-47a1-9dd0-e3a399c9caf7,53315b8d-5e9c-40e0-b563-85e7b5ae1387,0.2885,link
bbcbc094-0b80-4f0e-929f-8bec89190701,420f7095-401d-4699-afb7-c9dc112472c9,0.0966,none
18fe3c31-c39b-40f4-9b49-87be6e587555,dae11abc-7b74-44e9-91d4-74afd0588bf1,0.0588,none
c667bbd2-b41b-4f7b-8023-70b7d069aea6,baee2e35-f857-4812-94dd-7cdadb4852b2,0.1138,link_regional
2ee26db5-b3d8-4e33-87d7-eb144826d533,4586154d-da79-4594-89f2-0c0d4f86cf42,0.1508,link_regional
37550867-3025-4f01-9f13-663f5d0c1631,661ca863-4f3e-47c2-85ae-78efcedcaee5,0.104,none
8fbc0d8b-85c3-49ae-851e-965afd9c29e6,d89116fd-0be5-4e71-9c53-f36f6cf845a2,0.2276,none
c050a69e-67a3-478d-889d-37690b8799f3,53315b8d-5e9c-40e0-b563-85e7b5ae1387,0.1047,link_regional
247d6b57-b203-493f-bd27-473b3aeea91b,5a97919d-1c5e-4784-be88-c5c1a66ac01d,0.1823,none
0ffbe0ca-15cb-42ed-821c-2bd384c21c74,d572e5f8-8636-4e7e-95d4-0c9081e84214,0.1214,none
3921fcf5-606d-477f-8dcd-2865dc052166,ca1c3b0c-96f9-49f3-b789-bfd9b5e80f0c,0.2104,none
e47bd72d-1d7f-4752-aef3-f20c6db02ccc,2b9c3f0b-31cf-4c6c-adc4-432669879c7e,0.179,none
fe03bad9-d565-4157-a62a-4858f5519888,45ea90db-4490-4552-b2dc-d144f8b4f363,0.4019,link
7d35e711-30f1-4558-b020-6c76550c96c9,b9d27304-5ca2-57b9-968d-e5c946985513,0.0689,none
630c1911-c3b7-4686-8580-68957daa8a2d,7e58ad7a-4708-4525-a3bb-9b97eb063639,0.1307,none
1b24d5e9-7ce5-420b-b8ac-36d1cf355725,7618a233-8e91-4a7d-8548-ace29b740133,0.1893,none
95ae0aa2-c070-4d9f-9435-fc4e954fffeb,eb27e2fa-c226-4c2d-9ea0-80ca526261f2,0.1676,none
dcdd8416-05d5-4bad-9d45-67b7cfcde96a,88154256-5ee1-4dd6-a6c7-80aa2351d2c6,0.0732,none
91f194d4-7511-498a-8577-8eb626c1524e,17478c4e-65f7-4652-a8a4-68ba75879740,0.2063,link
1b6fe78b-88c9-4da9-a178-1dc505dc53e4,d4401a2b-31b7-4919-bcf6-b7402345a6bc,0.1261,none
a06bcad3-132b-4ad7-ac20-87d4552953b9,d07c3764-ff06-479b-825d-63af1d0e8906,0.1227,none
1a507d0f-c43b-40b3-9cc5-2f5866a76427,4be8cb64-e938-4683-b7ff-522ee640e02d,0.1377,none
8d964d1c-757a-4fe0-bd61-0317fea8cce8,cab9e5ee-13b2-5136-9cfb-52ca51c68a1e,0.1441,none
55027be0-c40f-46f4-b58e-9bbdbf23cb84,3901ea61-47f7-4a62-a41e-31eaa08b17bc,0.277,link
279e86c1-72d4-4ae7-a120-81faf8b74bdb,3901ea61-47f7-4a62-a41e-31eaa08b17bc,0.2317,link
649e0f24-300b-4731-93ad-54272e08dacc,2cda3ae5-77ae-47a4-bfda-3e1a76f1b0e5,0.2172,link
627df4b3-c317-4c7b-b942-969c0b5deaa6,3694f8d6-97e3-4255-ab4a-35e0b9a6e81a,0.1215,none
3ddd010d-a027-4e75-b44d-9aee447a6c3f,308fec4f-ad0e-4628-b20d-7fb713f62647,0.0865,none
6e078b54-468b-441a-aa26-37c13b23340d,788ffe7f-6a1b-47c6-bada-0810204a779e,0.1199,link
b6f5fb1a-8229-48ef-a52b-0b2c84d7e3b8,4043065c-88b8-4494-a1f4-796adeaf8bd2,0.1293,link
e1cd3bfd-743d-4962-9916-ee05be0646b0,7ade445f-056d-4e6f-a384-150e82c19025,0.0914,link
04bbf393-57fb-4aa9-a64d-6813cf2c09e7,8a53c6f7-49c8-4540-9b46-091ea32f3e45,0.1025,none
025ad469-dbcf-4e09-8ced-cadae51eeb47,ab05816c-6e40-4105-8448-6278e19ad8a0,0.1965,none
2774e8d6-5c57-44ed-900b-47b09535dcb8,2018b9c0-f67d-44ba-a602-b8ad701c25b8,0.1411,none
d4b982fc-355d-4704-af1d-10f5d16da464,9f65aa33-c239-439d-80c2-ffa39f0bfeb6,0.1163,none
784cbf9f-f3f6-4e11-97a0-23ad86ddd64b,29a4db19-3719-4ff4-b820-7b444f1ba42d,0.1641,none
344133cd-0a85-40c6-a3d2-a5943d07037b,53315b8d-5e9c-40e0-b563-85e7b5ae1387,0.1217,link
3fb33057-5108-44c5-a488-17b1f286af9d,0d315c55-2953-4bae-9638-93d987d0e4b4,0.1201,link
9a8bd90a-91a7-46ef-8406-9d9b9be102dd,49e237e5-dfbc-49e2-88c5-bc426f506817,0.15,none
cba4c172-0834-4116-8fd2-bd79e67c35dd,a2ed5944-4926-4392-aae1-733e65600b1e,0.133,none
73e1788f-ae76-46dd-9410-e1d79afc6e3f,53315b8d-5e9c-40e0-b563-85e7b5ae1387,0.1043,none
facb713a-b211-4420-8859-27cea355698a,e8ada03b-f580-4056-a804-07acec7594a4,0.1673,none
e52e2bff-1a5b-4694-99a3-381956d97dbc,c16546a5-5c0b-46ba-b97d-252fa3cad9a5,0.1762,none
a5fdf68d-84e2-4979-a080-4385ac66c214,9aac8500-6a8f-4c99-9812-3a56a160b7ed,0.1178,link
ba861e40-08fb-4e07-ae59-b1a4ab005f22,0a8f946c-843a-4ca2-841b-dc3d6e9b5d2e,0.308,link
90016717-9042-4f81-b088-dd94b6c5d0d9,0d054c1f-bdaf-4ca5-bdc0-8e6010ef5c80,0.2001,none
df847be3-2432-4d73-ab85-7e24e719a663,9dd0efd5-f4de-59fc-a2a4-da55fc511ccf,0.0606,none
4f870efa-8802-412e-9e90-dc2e7854a8c5,22106ee0-8d03-47ea-a9c3-458b0192e26b,0.0988,none
56bdeeea-957a-4bbb-a719-701ffbc41ba2,49c9a138-ef63-42e6-8ce1-7ef906c24d34,0.1332,link
e6772c01-3c03-4b98-a72e-3f880970430b,86fdf47d-4c32-4162-a4fb-ac14d7dfd62c,0.1372,link
347ca04f-bfef-42bb-99fd-7cef53095bff,c9dc1bf8-0895-4806-a814-e0118e4037dd,0.3555,link
db7df99d-2b08-4ea9-849d-b03b879a334d,ed02e0e0-c9d9-4cd4-8b7f-ad6e6a2d0d31,0.1586,none
c9b954a9-d670-42a9-b959-62af2dbb4318,467bd3f8-7004-5618-91ed-46e1bfb4f200,0.1368,none
10701fab-272a-49c9-9256-fd9a57c246b9,67a619e3-dcff-4608-bad8-bfcf40d6790a,0.1574,none
ed08f3a5-b84a-4137-b97b-a94ee3efdb3f,881e9d95-8015-49b4-ace0-9186a03c216d,0.0858,none
74d930e0-9f2b-4306-a06e-6794cbfed59c,950eaf3c-ca3f-4157-9ba6-527bb98eaff0,0.1653,link
4747b804-0edd-4ef2-9b3f-6f1b57b1fdb0,53315b8d-5e9c-40e0-b563-85e7b5ae1387,0.1213,link
869a9489-89b7-4511-9292-c8c53d45fc30,58f479dd-1777-49eb-af73-b532e90e50f1,0.1085,link
c137303b-1715-484f-bb45-28063676cb2c,48c6467f-9751-4808-99cc-09f8e9af6827,0.1456,none
77690af0-47cb-4be3-99f2-7bf36e92f7ff,83b42664-d46b-4d40-b5c1-77344731e382,0.1389,link
4c1abcfe-1e3e-43f7-bbab-1335a994d9d8,d35d972f-2140-4f0e-a95e-8527ac7a2761,0.1222,none
af5d25f8-7e95-4e34-a126-37eec5dd6a24,e06abd19-8d48-4ccd-a90c-15cdea7ce1cd,0.1501,none
d04b4a61-605a-45da-81ea-541a82bec447,971f4140-5336-48c8-bea3-509c90530bcb,0.071,none
8c803b9e-96ff-44c1-992a-d2ee83b94ea3,c16546a5-5c0b-46ba-b97d-252fa3cad9a5,0.121,none
ed4e4791-58f0-4db9-ae0b-54ca92ba3fd5,881e9d95-8015-49b4-ace0-9186a03c216d,0.0977,none
59fdf643-0012-4ab2-a99d-fcd42300d99c,4a720c63-f0ff-4da0-b121-cfa25061067f,0.1478,link
d0eec590-c303-4427-b827-46c11cc131c0,03ba1d8b-c89a-44c9-8add-6c2bcc97ceda,0.1406,none
9d66444c-b63d-4f35-bf2e-ef9512275adf,776235c6-d9ef-4a19-b229-03178625615e,0.2046,link
78512d37-769f-4540-99ca-c8fc45fd185c,db002dba-955c-4246-8ab2-7871bf90f4a5,0.13,link
3bec9033-74dc-41eb-b7d3-b8d8ae29986c,53315b8d-5e9c-40e0-b563-85e7b5ae1387,0.1034,link
192532ba-c07f-44fd-ae51-9521109dc9c9,57833fe6-6fbd-4f25-9293-6ba2ed085924,0.1495,link
ae130b56-9705-4370-b395-ca1adfa800b2,53315b8d-5e9c-40e0-b563-85e7b5ae1387,0.1468,link
f285c8bb-5413-4908-89fc-d5152f69db9d,b8376923-102b-4854-a265-b7ed1aa9379c,0.145,none
225c8b9f-2eca-4d9a-a04c-d28f47e3362b,45afeedf-2a96-459e-ad9e-e0e053862da8,0.0547,none
46dc7e19-96a2-477e-8fd9-873471f64658,106bac6a-08e7-4d87-bae1-12a0605b355c,0.1281,link
0fa2b04b-46c9-4fab-a6f6-fddfceb320d5,139bd3ec-90ab-4a8b-bc48-a1720eb36034,0.1139,none
25bde25b-3b39-42f1-b37e-4f9e91c962e3,fa9525ca-34b9-41d4-9485-adcab65fdd24,0.0799,none
fbae6c5d-8fe7-4822-b4d3-c6bfe3a23920,e2c52a4a-7955-4187-bd0a-ae9ce51c3a2e,0.0612,none
5e1f79b1-304f-4c98-b5c7-43ae6c6bfdf2,89c27b2e-bbe9-4c18-b44d-d3afb58178e3,0.2032,link
fcd3bc4d-ceba-46f7-a740-39fdfc3f512e,ac776ea0-3fb8-471a-bfaa-379a3b67c132,0.1554,none
2ffc2755-29f1-4d33-b5fa-ef253346bc27,2bd953ff-4a08-4f45-bdad-93c288c262cd,0.2502,link
e5dc31e1-00fd-4a0c-8c88-1f764f7f120c,3ada34e8-5c1d-4e00-8a48-a3680516d4b0,0.1497,link
712d37c8-f4ea-42cb-944a-b6cf94afe857,759d022a-b7ad-4d8a-9b6e-62e37b804503,0.1575,link
3211dcd2-1492-4fbb-a1c3-baf5efff9d1a,30bc99a2-1617-4d88-ad22-718120734d59,0.1326,none
cbb5ee6a-0546-4479-9d9f-38ba58a617e0,62ce6229-c143-4956-bc15-59a185e51db5,0.2114,none
ad1c8500-d8eb-4f4c-a910-1553844ddc2c,cc88291e-dafd-4dd7-a9ee-f5cc475d83e5,0.3162,link
6bc3e951-bf16-439a-94b7-855785dca613,b2beb571-939d-4066-b408-d683e9257f8a,0.0794,none
b4284585-c752-4ae0-9f2d-8298d760130e,bcc19e4c-f47b-4d90-832b-b1b8e59a43d2,0.1731,none
1a7d2582-199f-421e-88a4-47c89e26c1cc,d0a2a647-787d-4826-94c4-f315a0000e2d,0.2253,link
c19fd9a7-78f9-43d3-8f50-2a91ea0e44b8,970d546c-18df-45c3-ae86-424d4f68747a,0.1584,none
a6978b9a-3cbd-437b-a843-1c3cc3915f66,b63da6a9-db03-442e-b278-531a0b1bb0e2,0.0948,none
04c959c1-85bf-4dbe-b51e-5ebbb4357ce4,4948bac9-9f44-4485-bbb9-b39bb431a529,0.1923,none
d75c8f2a-7152-4414-a173-79b81e58f9d7,a089ad9f-5cf7-4c85-bb81-265d49571e3e,0.1605,none
b1acfbed-c9e3-4221-986b-414983bb4e6f,fde8dd01-96a8-4b11-966c-05929844bbc9,0.3059,link
5ece08b6-18b0-466f-9700-586ad2bacbea,e3db6544-0f5d-4df1-9254-664a07c75ea4,0.2945,link
a24525f6-a4e7-42d9-b108-3008a5e7a539,c3210fef-c6b1-438e-978d-e78240bb946e,0.3239,merge
3499d90c-68cc-4d48-92ad-b6d93c53a507,8dd986af-8263-47b9-9479-cf04de98b3fc,0.1569,none
2a653578-c635-430f-bf60-7238ef568f63,9d4e71b3-160a-5522-9c08-8291edc97d55,0.1402,none
da1e957f-6c82-4f9d-8d53-7775faff72ae,0376f9fd-cd7d-44cc-a81b-1a63bdbbb369,0.1411,none
66f359e1-c484-499a-b212-caeb071bf124,abb11e47-e6ac-49cc-b841-7550a7c6aab6,0.1125,none
b432314e-c814-497a-b231-f8e3be68d9aa,461991d5-ef5b-44d1-a074-d27e4c134f44,0.0797,none
7688a148-487d-4ffa-b725-d24b7a437ff0,936d4871-8b74-46e3-9886-1b219eda4de5,0.1326,none
ec2498f3-1dde-455a-9d2a-afe9301c5992,bd8254aa-8a2f-4b6f-ad25-565c8663951f,0.1136,none
6819adb5-4fff-4de7-af0d-176f05879af4,c0494f51-cff3-4380-a309-5c39efd81414,0.118,none
ffff012a-fb2a-4dad-8dff-ad49524f48b1,b1ee3d5a-28c8-4d3e-ae44-fbb5dcd83981,0.1327,none
c25f226b-0c5d-4801-9f82-2f05058fed8a,623ae54f-063c-4450-8119-03a5b8dca4f2,0.0941,none
4874193c-5671-495b-996e-b04624252b4d,b6ec99ad-c3d6-44c5-8400-d55c80a26cb2,0.0988,none
4dfa55f6-e07a-48b9-be56-d761c2827bf8,ceaf6e81-97f5-4fb7-a8d8-369067c3484f,0.114,link
5ee6cc1c-4b12-4d75-ac8e-517f48ccde18,29a4db19-3719-4ff4-b820-7b444f1ba42d,0.124,none
7848a778-ec27-4f69-a480-1627a7bb2cce,a6b9e104-0ad2-5be8-95fb-bfe98852eb01,0.103,none
71037ff0-e32b-4c33-ab7e-dee91993f826,46733976-6a9e-4355-87b5-562e09acfb3a,0.1233,none
0d3c8b4a-0bbb-475a-afe3-bbbe864057b4,16990578-c68a-4220-a513-4e07fc6b0d8d,0.0816,link
6d705219-bfd4-44f1-9766-dca88caf36d0,2813c7c9-482b-4826-97c7-83c51c2956c9,0.099,none
e52d4da1-aca9-453a-a307-10db25a7c95a,b478537c-0665-4b3a-8775-acb7ebc11b63,0.1591,none
86179041-4b1e-4e87-aee7-ba28ee342d85,6b7fe640-4641-4e97-8048-f1f88910cfe8,0.1128,none
4c7f45ab-3a9d-4a24-9671-842a829b5b8e,9d4e71b3-160a-5522-9c08-8291edc97d55,0.1351,none
8f0346f7-f27b-45ed-94b6-52287f2f84af,46733976-6a9e-4355-87b5-562e09acfb3a,0.1568,none
1103c97b-5f5e-4ce2-b573-86457f108c20,c2c683ad-34ba-5ae5-b56d-782a5e0efeb2,0.1932,none
c21d2a42-f297-43de-ba76-1b79a2bd8ea9,16990578-c68a-4220-a513-4e07fc6b0d8d,0.0775,none
109cecb5-5f05-4066-87bb-6d3258f0ca19,c0494f51-cff3-4380-a309-5c39efd81414,0.1398,none
4e158b3a-ff91-4f8e-94e8-16c9d8465a3c,e303d448-f13d-4d92-9af6-b6d627198e72,0.0871,none
2a4b7a16-430d-4d2f-a424-fcf217502133,e79dc9d4-5d78-4dbf-8bdc-e6881056a78c,0.2071,none
9dbc8d03-e7eb-48fe-a3f5-eb3ace7b388e,594618c0-191c-4b7f-8dfe-086be318a4fd,0.203,none
8bc3171f-2cb9-4f33-97a8-ea0a3c62fc56,5b6345ff-9ba1-4f56-b6f0-706c38defa90,0.0967,none
2591b140-cfb3-41bb-99d3-1356acc47197,1205766d-5fb6-4802-a188-af954f2a98ae,0.1117,none
6d7496ea-a27c-40db-93f7-892792330696,03342bc5-c8e1-4ddf-bf7d-1d7ac01f9d55,0.1594,none
f9db5404-a499-47b3-ac30-a192a0546cbe,62515d85-b735-41ca-b836-63f982a8471d,0.1256,none
a40caed3-c132-41c7-b198-aa47fe9025f0,661ca863-4f3e-47c2-85ae-78efcedcaee5,0.1321,link
2279f1f5-4a2a-4e87-b7d2-ae33af9c2822,7ab6793b-4f38-496a-bdd7-6e882015b312,0.1295,link
3d691e7a-f72a-48ee-b4b4-7eb1ef1298c2,661ca863-4f3e-47c2-85ae-78efcedcaee5,0.2013,link
8afbddf9-99ad-40f8-afb0-8fa491d32a53,661ca863-4f3e-47c2-85ae-78efcedcaee5,0.1137,link
f5d4f248-74bc-483a-8628-7e30f1a473cc,efc3ad9e-2e8b-45d9-b16c-34f0c2613498,0.1446,link
42e48fd6-710f-4f79-8bf1-abbd4d4e35e3,18f6e554-6df9-4580-be90-63e4910e9c70,0.1254,none
c6f42a35-15c1-4e34-aa3a-cf40ea9a64fd,651af950-003c-41a6-888c-fac53e7da137,0.1608,none
e3b3e1e3-d247-4800-bf07-ecd5672e715d,48a1e7dd-4650-4727-a8dd-d9a2794f4f05,0.1026,none
1a37d9dc-b51c-478e-92a1-e066e1ae92af,16990578-c68a-4220-a513-4e07fc6b0d8d,0.0918,link_regional
baadebcd-6657-4e7d-98c0-7e0f453fb43e,f00ad575-1e2d-4ccb-b795-081002b3d524,0.1083,link_regional
bab4eafa-2639-4068-8720-d591e5d937e8,92bcfc9f-d691-4dac-8c54-78cd97062497,0.1397,none
5bfc0a9c-4f7a-4ee2-a075-4bba163e9f6b,ea25c59d-cf67-436f-a75d-12ace0995361,0.1353,link
ac6fd1fa-d66f-4a6d-a568-b8ead3b5760f,f317f0b8-d113-4e60-97e0-2aaf821b00d2,0.1293,link
050571ea-1a3c-41b7-9a68-9a1aa9faba97,62ce6229-c143-4956-bc15-59a185e51db5,0.1665,link
5d06ae64-dfa6-4d0c-a7d0-da215eb0481a,1e7962fc-06b5-4841-8b48-a3a1cebd325e,0.1667,none
87e94290-9af4-4492-827a-9c1d6e9b17a2,8ccde08d-b72e-44f6-a3fe-1b82864fa03c,0.2085,none
ddf9ce81-681a-463c-9bdf-a60db047b267,2082b2b5-cf15-40bf-9883-75ea60257f1f,0.112,link
2d45e577-a5cb-4b4e-b38a-4e40e07b3890,78e50ade-fa2c-4cbc-a022-de938e810fff,0.2043,link
4560873d-15cd-4dfa-bd10-701838d7c03d,2feff0ac-1224-461a-a570-4b9cdaaf3198,0.077,link
424cef53-328a-415e-9f99-072105272f81,d938b36b-e8fa-48d4-9040-85e7e4e00d1d,0.1741,none
a322431f-2ad2-4f4e-be1c-973503afd977,9e28ea21-8a7d-4def-aa23-e36b735fe6d7,0.1302,none
291f9a6b-7038-42f1-9ded-44c2944354a4,abb11e47-e6ac-49cc-b841-7550a7c6aab6,0.1024,none
b55270d0-6b37-4dfa-8922-eaac7821646a,ca412e4b-3e86-4751-9218-e00dc10157ca,0.0822,none
27c9a5b9-d529-4914-8da3-053371b1bf86,aa61cff3-9481-44b1-84ae-65244fc40d94,0.135,none
aec75557-3a15-4340-8e2c-ee2dd5821087,8bd3a000-9afe-577e-8781-dd8b8d493289,0.0795,none
d02c42da-a58c-454b-bd59-46af95017392,1372c8fb-9ce1-43d4-9d9f-e7070398dc4e,0.0669,none
4255e850-5c92-46ad-99d9-48bc0d649d40,21a0449c-d17b-4375-bf6e-af12ab8b403a,0.0673,none
9eae50f9-178e-41e1-ab83-82f1407f691b,c146c393-a324-4b09-977d-24e0bb7a4182,0.0723,none
7f175e24-1162-41a4-b4c7-d4c80767df45,baee2e35-f857-4812-94dd-7cdadb4852b2,0.1055,link
be25ec90-330e-4656-9481-22c15ef933fc,aff6603b-7fe7-4938-bc86-656aa374a32b,0.0477,none
505538eb-bf50-4355-879b-f877d475a02d,ddc44d64-41cc-45dc-8a54-fa532504c2bf,0.1308,none
81f58436-e410-4767-b365-28e445f0b543,9e28ea21-8a7d-4def-aa23-e36b735fe6d7,0.1366,none
37f6c634-0b3b-4584-8e14-64b9e75b6c5e,284a784c-de02-4afd-92fd-f1cf760592b9,0.1098,none
9c4a91bb-2986-4a09-b950-ae06613a266a,f208e697-e1d1-4d3e-afeb-78e6438154e3,0.142,none
5493e167-0e08-4cbd-918f-2fcecd93d459,e3051e7f-8ba7-4d6a-9500-01c9dfd4a673,0.1994,none
6c4288ff-15be-48b6-ac9d-f9650720b344,54136352-878d-4a03-a9e5-52963a9e7c12,0.1525,none
9009cf83-6b3d-4a15-95f9-2166225cfc63,788ffe7f-6a1b-47c6-bada-0810204a779e,0.1205,link
976223b7-cf22-4e33-8008-01cecadf3436,56a2f248-f0cd-471e-9fac-278c54df917b,0.2297,link
e79070ea-0bef-444e-b436-2310ae57ee9d,62ce6229-c143-4956-bc15-59a185e51db5,0.0711,link
d434c0c0-26e7-429c-bf0e-5f29cc4a9a75,5236a64a-2b90-46cb-a59d-5110e2fabd87,0.1081,link
09ec5885-4924-417c-b60d-4df59c4e07d3,0d315c55-2953-4bae-9638-93d987d0e4b4,0.2129,link
34336338-6d39-4a1e-bd3a-974030cc42d8,24f125f8-68ee-59fb-8413-f3ac03fd915d,0.1262,none
a5f4d36f-db26-4ed3-a642-9b1323df8a1d,6a06fcf1-6176-46c4-a3c9-d3b77930ea31,0.1442,none
4ba85780-deeb-4de8-98d1-60a0d90cd683,ca55e977-543f-49df-9397-f68de7cca99b,0.1158,none
3612704d-c0d8-4e93-9060-36da9ad00c3d,d080d98f-a80c-4291-a050-ba18e433fab0,0.1119,none
0aeb42d7-dcab-4549-b0c3-2f986630c6ec,eb845788-cb10-4c55-aae5-f64b5aa48be7,0.1024,none
0f8b3cd3-9a02-475e-b32c-d881e37af730,395bd3e9-644c-5663-b58e-56354ee70424,0.1414,none
dcf26ad4-2c7c-4acd-b9a6-919259d55c0e,395bd3e9-644c-5663-b58e-56354ee70424,0.1412,none
2e89f4ed-0323-4925-a808-10921b39eed7,1663bf42-45d3-462b-be62-1a0c5451b4af,0.2291,none
6d9c2db5-9960-4a0f-a6e7-02721a612912,24f125f8-68ee-59fb-8413-f3ac03fd915d,0.1398,none
ec93f3c2-7876-4b5e-b464-5a5a47e2cebe,970d546c-18df-45c3-ae86-424d4f68747a,0.1102,none
ba347f9b-1bcf-427a-a6e2-e94d31680d74,0e84e7f6-039b-4744-8eec-e51dc4fdde9e,0.2064,link
fb0d853e-b082-4496-ba4b-05d5f7845ee2,cffce45e-6e08-41e4-93c7-32f5b608938a,0.1166,none
11ce6f15-3810-4ddb-b938-e13a03c80b04,c666fd96-c732-4cf5-8407-a080ff24dd9e,0.1367,link
1c6735bd-afa1-41d9-919f-26b2b85c2bde,452aefc6-bea7-4c40-9b1a-fa1108b7b2a8,0.1814,none
e9152006-3a74-4794-b1dd-44dbeed36173,21a0449c-d17b-4375-bf6e-af12ab8b403a,0.0673,none
6769c53a-3e15-440f-b5e3-3466a8db3e47,24f125f8-68ee-59fb-8413-f3ac03fd915d,0.1273,none
7fc0840d-5ff5-475e-abea-6670f52b4d5d,39aa249f-6488-40ca-a910-fb2722c05359,0.0735,none
2a7af90a-8efe-4f03-8f88-ce2cccc75a8c,ae19d03e-4ef5-4520-be92-31148a173fd4,0.116,none
0ce088f7-5b3a-4cec-bb79-09fa88328c20,2d18c966-b531-4be3-befc-3acbfa993d14,0.1017,none
1be540a6-e1f0-407e-8dab-90f307f0b1fc,893fbe8f-ccd3-47e9-b6c7-564de8c8a7da,0.1092,none
a67b349f-3342-47b5-b3a2-2f1a8b685968,8ade225d-0d6e-59a2-a506-62a6076aa800,0.1492,none
113fd958-d487-4092-9636-3bd5c81c9389,f208e697-e1d1-4d3e-afeb-78e6438154e3,0.1771,none
0e918564-e2fa-4619-bd20-2606bdf5774e,2813c7c9-482b-4826-97c7-83c51c2956c9,0.1251,link
fa2ff790-387a-4cf4-bc32-4d1d4adb30f3,16990578-c68a-4220-a513-4e07fc6b0d8d,0.1322,link
6119e8bd-00b3-4253-9f3e-6670b382a838,ff166eb0-bfcd-48ab-a355-f4758f36e2c5,0.1002,link
77059cf3-f018-4217-a819-cad82903139b,3eb0f361-9ff1-5511-b641-3746051b93f7,0.1323,none
d1b5ed01-e336-4104-9fbb-4b4f7db57498,f317f0b8-d113-4e60-97e0-2aaf821b00d2,0.0964,none
7e38c4d3-767a-4c42-8525-bc90383eb183,28c9b7c1-8811-492e-b78e-1a09009c6561,0.1202,none
4262fd4d-6a34-4813-a1ba-b0f1614027cc,2af44b9d-ef6c-4dac-af6d-df0ffccfae35,0.1728,none
ea3a1294-bde1-4c6a-97e6-1f34824a057b,63b5d865-796d-42af-a783-8775c0ab4f7c,0.0838,none
5fdd9fae-fa33-4713-9ceb-f9780eec7b2f,90e8b33c-ad35-42a6-8389-9e9f0b857772,0.1164,none
437a33a7-cb67-41f2-9b4e-9465268d0870,2ff421b5-ce2e-4e7f-9328-18441e0c3a4b,0.1128,none
146cde5e-f998-4bcb-b5af-3e7022372f97,0376f9fd-cd7d-44cc-a81b-1a63bdbbb369,0.1041,none
052a2c32-0de9-4eef-9cab-37ca873ccfa2,17f2c16a-fc6b-42c3-927e-80bd3b941494,0.1246,none
4e25d4cc-157d-4a1c-9cbc-057f8971ac3c,759d022a-b7ad-4d8a-9b6e-62e37b804503,0.099,none
cf5f6991-372f-40b1-9a7e-659dd5b87d90,35bc1efc-c989-50af-b620-a7bd77f2f808,0.0625,none
7745bfd5-c94a-4c61-af4b-a5e338343d2d,7ab6793b-4f38-496a-bdd7-6e882015b312,0.1181,none
21d01ec9-3a2c-4a64-ae2a-cb559193af02,16990578-c68a-4220-a513-4e07fc6b0d8d,0.1251,link
87ab3306-8a5c-4c7f-8923-731ff751e6a6,110b9a2d-6a0c-417e-bcd6-59247c389c49,0.113,none
64c82d23-1201-453b-8020-cb4b63378fef,3c1b6b1a-5e8c-491c-bb7f-8e5ef2cb331e,0.1373,none
9c2a0540-a92d-4571-ab4e-35ef3e89b36d,925cd537-9f75-4069-a420-ab5c8876921e,0.1704,none
6ea2c374-5bc5-4fb8-a76c-874858c194d7,b2beb571-939d-4066-b408-d683e9257f8a,0.1325,none
7a1d5607-6160-4ab2-a8b7-d8b3974646e8,06db8787-79dd-4bb3-9e1b-c3493c84279d,0.1681,none
34a0d4d9-915b-45c8-be7c-e3acac7e74e0,2b51b609-0af5-4113-96ac-b39d8626c989,0.1726,none
c52c0787-1f79-44a6-99d8-b2b7320a83e5,f3eef223-7d9e-4a0d-b399-f76cb34c517e,0.1721,none
4a84a876-72fe-4209-9c1d-f32a04b8b92b,887fbdcc-168e-46a8-a8b1-f8d5be7b8233,0.0997,none
462dfbfa-5294-4b2f-abdb-3ed10329379d,48a1e7dd-4650-4727-a8dd-d9a2794f4f05,0.1854,none
6ff3e8dd-0cf6-467d-a8dc-3b2ea0e0c476,41a6122c-364c-49da-9e54-c43dbbe16b3f,0.1329,none
109895bc-cd05-4474-8ad8-dda02abe9a00,ade77d9a-4526-4bd5-a276-5108e035075d,0.1446,none
ef6745b3-1cdf-4998-a89f-d6fc3398a1a3,297756fb-cc02-4108-92d4-8a837b6671e4,0.148,none
54e11a0a-aaca-49be-9723-adb135c13d79,661ca863-4f3e-47c2-85ae-78efcedcaee5,0.1357,link
c009ed11-818b-4cb3-b02a-2508d79c106b,215b7932-cc39-4314-af26-59c3396228b7,0.1518,link
d436716c-e070-4f6a-9fa8-da697dbbe076,692e6b87-58f9-4593-aeb6-226d76c31e59,0.125,none
e3668a98-9e06-4bb3-a546-ba4b6fabfa66,2ea12786-ecd3-47fe-b8e7-041a2e3a38b5,0.2731,none
65ffbf6c-bd51-47c3-89c2-b980ad198b30,215b7932-cc39-4314-af26-59c3396228b7,0.1126,link
36591486-5291-4293-b4af-4a7e593e1bc2,ed02e0e0-c9d9-4cd4-8b7f-ad6e6a2d0d31,0.1337,none
47f78786-893a-459b-b3f7-064c9ff0871c,26953ecf-5c63-4260-9c41-70ea372bbabc,0.1493,none
d60f047c-7f4e-474c-b1da-25f0740b8d68,daef9d13-1d05-4055-87c0-c1969f0f51cd,0.1766,none
af350877-b183-4a5c-aefa-ee1281bab498,55ac356d-f4ee-4111-a861-3fde31b39000,0.1478,none
5186ea12-b0ca-4e2a-8467-5add3349e6e3,661ca863-4f3e-47c2-85ae-78efcedcaee5,0.1108,none
1daac24c-fdb2-4e3c-bc70-2176dda99426,16990578-c68a-4220-a513-4e07fc6b0d8d,0.1658,link
0d63fbe3-bf29-4fd8-b1b8-ea279e7346ac,c261605a-11fe-4cf3-a412-32b0f259f291,0.097,none
d106f0ce-69c8-4800-bc3f-5aa53a33b55f,faacfde2-c15d-4012-ae2f-1ac42a9aaf66,0.1306,link
86059705-3927-4cca-be62-773523b5a792,aa6e2545-3c01-46d7-bce0-f9f5006ec5b1,0.1515,link
5197f53a-1404-41d8-8d78-6749094120ea,85822c7e-da12-47ae-905d-b47dfb70fd41,0.1116,none
4bd90400-459a-46a1-9de5-2391f02e3ebb,d5af203a-5477-43a3-b799-a1045a3ab532,0.1243,none
a5279dfe-3dc9-42f4-9fe9-126f6656be9d,4d84c01d-f700-447b-ba89-908931ff59a5,0.1605,none
0f7c5b7a-94b5-4e74-b3c9-87f8bcca0d90,4d84c01d-f700-447b-ba89-908931ff59a5,0.1474,none
0ab7e973-f92a-4600-abf8-1a5974689dfd,4d84c01d-f700-447b-ba89-908931ff59a5,0.1387,none
41337daf-4bda-4b7e-a02c-a5336e40dcce,f659f75b-96c0-4ded-bdc1-a391d6c20c1a,0.2113,none
b9b3bb5c-baa3-4b5d-a09c-9755df628e70,7b63ca3d-9c49-462d-8886-35bda5ed8499,0.0617,none
26b40335-e662-40a4-8cd7-c2b28a39c4b7,7c7ea838-47da-41aa-b67e-da81881b77e5,0.1389,link
92e96e2b-39a0-4e71-a71d-78f3df5dc446,16990578-c68a-4220-a513-4e07fc6b0d8d,0.1186,link
42afb927-ea74-4c30-9b6a-d7bbb4aaefe4,647a607c-1c33-59f7-8fb7-7dd212bf884e,0.0984,none
beab3bce-2e50-4c3d-b17a-9267687e0701,3947c9b4-29d7-4efa-ac44-0c4c97d4f617,0.1006,none
ef12dea4-5408-4b95-a872-fadae22b0bd4,4d84c01d-f700-447b-ba89-908931ff59a5,0.1421,none
755689ac-9dde-40a3-ab36-066fa7dc9900,8ccde08d-b72e-44f6-a3fe-1b82864fa03c,0.0902,none
cbc0c1ca-34b1-4dce-90b5-d33dbbb5cd56,5f27035a-64be-4799-8750-7b908883ae68,0.1741,none
d3b2ec61-7c63-430b-a417-6bc5ff9d333a,b2beb571-939d-4066-b408-d683e9257f8a,0.0791,none
b30f9d0e-4b22-492c-b2c6-a5ee9644b5ec,83a505ce-4ced-43b8-b224-494b2adb72fa,0.1506,none
6af184a6-2e61-4f40-942b-8edc8e8fbae9,30591f70-83c8-431a-a3e7-3a8b59bf9fea,0.1419,none
a2e661f9-a05d-4b77-b0e2-2c925bbb4d4e,a5817f16-ac5d-4b15-8453-5531ba0db135,0.2051,link
0508c003-27d0-4f9d-848e-d39e7a57db83,16990578-c68a-4220-a513-4e07fc6b0d8d,0.1246,link
658d0664-ac1d-4fc4-8338-890cd281caeb,474aa455-2799-4c06-8a4f-f87c67845881,0.1809,none
aa0e0e35-8c4f-4dcc-b059-2ae6ac88b283,4d84c01d-f700-447b-ba89-908931ff59a5,0.1492,link
1f66bd4e-1c8f-4177-bc96-a7779c89bf61,9ba1e645-e00f-425d-adea-e535e79cdd43,0.0727,link
bd62fb98-e12d-4579-a14f-9d6391152ae5,7cefc171-1d60-408a-a437-5bc9c79b9679,0.0916,none
3bc51120-dedc-4f77-9b86-ee821567eb1c,7da5d5bd-c3ca-48f7-be73-a4b5fbdcdd82,0.0696,none
0e1107da-7ca5-4efe-ac55-79cd64a7c724,f3eef223-7d9e-4a0d-b399-f76cb34c517e,0.1699,none
21ddc755-3f51-4ce4-a53f-97475ab3f168,62ce6229-c143-4956-bc15-59a185e51db5,0.216,link
4ccf2d9c-5e52-4bc7-8977-0e18aff6f9fc,474aa455-2799-4c06-8a4f-f87c67845881,0.1818,none
16e54f5c-e8f8-482e-a161-7961bb376de4,4721e180-bf6a-4737-b8ed-b8430f013e69,0.0542,none
25751f46-8e11-4a13-8cae-e00c1833b37a,f7731421-c574-506a-ac2d-09672132c477,0.0658,none
ad420724-e7e5-4e2e-b045-e2f1eb9ceb36,efc3ad9e-2e8b-45d9-b16c-34f0c2613498,0.1396,none
06bc173a-d538-4c9d-9f63-90ab34edacad,5f256019-e88c-4201-945e-e7f649ea89a5,0.1741,link
492b3949-b821-4290-91f6-3c512f9e64cb,2bd953ff-4a08-4f45-bdad-93c288c262cd,0.2088,none
52643631-b830-4c66-8a6a-4ff799ca792b,cf63f101-8495-49d2-8db0-cd085cfacd95,0.1037,none
f20e70bd-8149-4b38-991d-c9719d02064b,9d4e71b3-160a-5522-9c08-8291edc97d55,0.06,none
ce899314-97da-43b9-a6fd-dd9976210ebf,e7cdb75c-feda-56cb-aaa8-36eb7c2186db,0.1011,none
8953118f-f0c6-4c93-a9fc-361b2c7c8de4,3ecfa267-f8da-4f1e-ac0d-94f9a767d36d,0.0558,none
91fe3205-e20b-43ea-bf88-888674c592a2,c8e8610f-e417-4f8d-ad6c-e47355a4f093,0.1906,link
bb5871f6-68ce-4f60-96cb-91766e940559,488b5ed3-a70a-415c-9a9b-f444de87bd83,0.0692,link
3d858bfb-041c-4486-8a7d-8f8834bd5418,0c5b4675-6fdd-4fe8-b9be-caa92ac153cc,0.1555,none
7b5ef45a-1464-42c7-97ca-17b1a41cb92b,2813c7c9-482b-4826-97c7-83c51c2956c9,0.0731,none
77bde67f-70c4-469b-a09f-850046fa7dfa,74010b9d-9cc1-46a2-ae2c-0a1c256b15db,0.1725,none
06d3864e-ef07-4805-82bc-d31043b61040,54136352-878d-4a03-a9e5-52963a9e7c12,0.1525,none
d39638f4-516b-4c5a-a9c7-87302e26b3c8,ca1c3b0c-96f9-49f3-b789-bfd9b5e80f0c,0.1104,none
0b2caa01-d263-427a-85ea-d12295ba7e3b,5edd95ce-03e9-4fb8-a12d-f52e1c1fd02a,0.2189,none
43fc600b-f737-4b5f-a076-b1f209e03461,8d110828-b13e-4845-a680-d6ef36ab700a,0.1107,none
e129ca49-a544-417b-be91-b19fc8f2153d,9d36a76f-680e-5144-9ffc-8404814c44e3,0.1182,none
a07110c6-3f8e-4cb2-8e42-6c60744d791f,309082b4-c630-47f5-b230-1adad2538036,0.1959,none
f48e5948-c35f-440b-ae5e-76e65deafde0,94727fad-b92b-454a-9c96-01e1dda2e9cd,0.1206,none
fd1cdfda-282d-4ebf-b05a-f21d9040b248,60fea6a9-11d8-4ccf-8e3f-b595f9f636a8,0.2296,none
4d46e25e-e6d4-4150-88a7-6299f5898b0f,fb8666cb-d1cd-4968-9666-957c74079d2c,0.1312,none
9e2aa9b0-f704-4280-8926-5047104e9331,1e7962fc-06b5-4841-8b48-a3a1cebd325e,0.1675,none
afebfb56-8c52-46c5-9640-402cc00b1f38,483abb23-abe0-4ddc-87ab-25cb227e21b9,0.0874,link
5f215b25-44f3-4c59-8ab0-2bb2f5540c24,7f063cc3-d592-4fa0-afed-2012f456705f,0.0894,none
dbd1b5b7-4894-450b-a97f-ba78fa743df9,16990578-c68a-4220-a513-4e07fc6b0d8d,0.0752,link
e98e0232-51b7-4c10-b166-945b5d0381c7,baee2e35-f857-4812-94dd-7cdadb4852b2,0.1052,link
d08fb58e-7d00-4d59-aaa9-243354bf16bc,127982ca-b611-4204-833a-dc7e0cd80ffa,0.0904,none
b874b66b-e2c4-48b3-b3a5-5ed63716bfca,f0e4be05-ad51-46dc-95ce-30f697031c8d,0.1747,none
74a7af02-4dc9-4619-a934-e503334758ab,297e4037-de91-4c00-8646-bd7da89f6054,0.1208,none
fb7e0d9d-f823-4c82-b9ce-bf6aead6e7c5,a5817f16-ac5d-4b15-8453-5531ba0db135,0.1016,none
1aa3fa59-eac4-48b5-8dad-0f900e490a7d,aa358de6-d985-4482-8648-587ec9f7a119,0.1271,none
e20ef93d-c3d3-415b-924c-ad0708cbf93a,8336c8ab-25d7-4e06-ac0f-cb1741d01f5b,0.1205,none
795dd199-d8c4-4591-87f3-6cdc2f310bb0,ff166eb0-bfcd-48ab-a355-f4758f36e2c5,0.1964,link
d831b453-b376-4da6-99f1-fcdf43904431,ed02e0e0-c9d9-4cd4-8b7f-ad6e6a2d0d31,0.2345,none
652a4f94-875d-412f-a4f9-b32c88e981ac,6a2690d0-b155-4adf-aeeb-0dbea0779a68,0.2021,none
c5cec455-7f23-419d-9e6d-fcbf503ce295,a2ecdd8f-65c4-4aac-a911-918da21bc3a8,0.1263,link
d0763b6f-8df2-42bd-9021-8e3952f733e7,2250cb45-a021-4b19-b648-4aea051339c3,0.2352,none
496250ef-bec1-4648-a435-b17defb62c5d,12f5091c-0c5f-4c86-986e-fc721ea9f204,0.1166,link
88bea9a7-19ad-4834-8471-c5c5d54edce0,866c283d-b2db-4ddd-a94c-5bbf56b23111,0.1363,link
cab4a45e-0cf0-41b6-a39e-945f9b0c69a9,12f5091c-0c5f-4c86-986e-fc721ea9f204,0.2465,link_regional
18e5e5d3-50fc-478c-be93-c83964d4855f,afde2fd5-955c-4f4f-89f6-bb4896a405f3,0.1934,link
e0519648-5337-4abd-a838-456e588cddb9,4bbd6905-c154-49ec-bb41-b8fc844505a1,0.1623,none
5b825241-3473-4ac9-9cc8-4ffc7f8996fa,e77e767b-e42b-4282-9218-33b3949cea60,0.1622,none
7d3666a7-12e2-4ab0-b9ff-b7df023e2d89,c54e8f3d-ab0d-4e20-a81b-a0d1543e7b58,0.1628,none
af739eff-14a6-4359-90a6-9d0a892f4321,0f50b484-38b4-4fab-b780-cd3cd69aa786,0.1175,none
cb3d3a0a-3ded-4ac9-9255-0d86419d3482,2082b2b5-cf15-40bf-9883-75ea60257f1f,0.1904,link
28421cdf-4465-4215-a848-76df0b58a9dc,2082b2b5-cf15-40bf-9883-75ea60257f1f,0.1482,link
7f157e86-95f0-4785-9394-626cfaf75aab,f28cd3f7-456f-4e87-a7a8-d41c24113d60,0.2056,none
49d476ed-9521-4594-93f5-9f97bffa8954,955ef9a6-61b7-4611-b8e5-b0b10ac07777,0.1641,none
edc6ebc1-c59e-47fe-a6e5-4e3116d8e9f7,12f5091c-0c5f-4c86-986e-fc721ea9f204,0.2124,link
9fc623a5-7ef4-4504-9b38-f07881eb1f0f,f6e0a3d8-ee75-4950-b367-8cba41c6934a,0.1095,link_regional
4ed5044b-2e7f-46b5-bd88-3add2b5adce9,7c3afcd8-a8fd-466c-9100-fc2551900198,0.1202,link_regional
128c69dc-eb93-4506-bec8-68ea9d0afa52,812c0d34-81fa-4085-9700-aadd160fe8fd,0.1658,none
308929f4-1842-4102-ac92-726e5c75b280,2c1fdf04-416e-412d-8720-5680632a6c2f,0.0603,none
4bb1b83f-933b-404e-8951-8ddf58686bd5,bc2f679e-5f9c-4cac-9a04-07a40cef81d8,0.0758,none
ea5c0041-7a19-4d45-8baf-398c4738095e,7e59ad79-91b7-53a7-98ec-c85624c7fc75,0.1954,none
e840a687-4a10-49e4-b616-7e5d460bda82,23986460-69a1-4b5c-8704-a558aad8415c,0.1092,none
b39380dd-9a07-4927-8395-379c65bd1cfa,788ffe7f-6a1b-47c6-bada-0810204a779e,0.1769,none
8b145c3f-33fe-4c8a-8fdd-3dbd409466dd,ff72ce66-b753-471b-9ffa-48d021483cb1,0.207,none
1e9f1148-9dcb-4264-ba35-274469fb6d97,c8e8610f-e417-4f8d-ad6c-e47355a4f093,0.4086,link
1a6606dc-4444-4345-a2f4-b27ebc97baa2,c8e8610f-e417-4f8d-ad6c-e47355a4f093,0.1019,link
6a418966-8eed-4e87-8fa6-a576964ecdde,a2ecdd8f-65c4-4aac-a911-918da21bc3a8,0.1408,link
1e540477-1ae8-4621-9dea-05ad823a6463,0629158a-ecab-4390-85a3-334c4750fb34,0.1999,link
0a89106d-6491-47e8-92db-6fa1e77ea241,3263402e-ec1f-48f4-9d26-296f76bc0943,0.186,link
a0c2d065-b40e-4b7b-8c23-b3e1c30fcddc,89e21115-3fae-4529-84f0-bc5a4bedc33c,0.1826,none
02729bcc-fbd8-45ca-b311-a4d06168d864,7e59ad79-91b7-53a7-98ec-c85624c7fc75,0.1379,none
e4e83ddc-2a1a-40b3-b6a1-ff2969e8ad27,914acab3-1d92-4f66-8e09-02b1cd9412b1,0.1606,link
1ff24322-47f4-428e-98be-3f66dbe48f63,784c3d96-4c9b-4fff-8b98-c63d296618ea,0.1247,link
73b26fcf-8150-40db-93b0-a3002667560b,7c7ea838-47da-41aa-b67e-da81881b77e5,0.2962,link
283a373f-51b6-442f-8a33-919279428a0b,a2ecdd8f-65c4-4aac-a911-918da21bc3a8,0.1123,link
a0619c47-829c-4572-86a0-3a155d3c394c,fbbff3cd-ef58-5383-ab5a-94c445fcd933,0.1498,none
950fa910-e60a-456b-8446-54e08a7ab148,41a6122c-364c-49da-9e54-c43dbbe16b3f,0.2536,none
0dbfe77a-460d-40c8-b0d2-6147a5870a70,d83e523a-d6ee-4885-8a86-4aa1943ee2f6,0.1828,link
c5ca5b18-3ad5-48df-b259-31ff41cb0dcf,d3c2f896-4235-4e3a-8777-b2d8a426b671,0.1889,none
2cd2e345-2327-4644-a257-dfc0e9ece30b,3a7c14fb-1708-4849-b223-e99c448abff1,0.1446,none
65504a43-ed8b-4ba3-96d1-fea40ba3c299,7ade445f-056d-4e6f-a384-150e82c19025,0.2223,link
5deeadb3-2de7-4ed1-89da-a54da13086e8,815497b0-eb69-4303-9466-a95f39c2a7e8,0.1211,none
4da89746-f8bb-44f0-a984-2c68898609bf,d20b64df-5d7a-43fb-ac8f-9f54ed295a5a,0.2095,link
791acd2e-4a2d-4866-8154-45943ce903dd,fde8dd01-96a8-4b11-966c-05929844bbc9,0.274,link
5758591d-16a3-4221-83aa-d89b890ed724,483abb23-abe0-4ddc-87ab-25cb227e21b9,0.158,link
65fd4874-58cd-49d0-b571-5b7aa12af9fb,a161cc30-927b-4498-a414-74cdbed245ec,0.1096,none
6484b651-a309-4dd9-b636-39fd905a3c2d,c5f6ebcb-24cc-4d89-8585-265c9a072929,0.2692,none
3ddf9a21-1498-424e-910f-36e47120b901,345129bd-55fe-4e10-913b-4aade3d6091e,0.1859,none
22fd1ee3-b1a2-4861-8e2a-ae55e7802041,7e2a056f-3040-4ec3-b424-de43bf45ede3,0.1733,link
b947400a-a088-4bf4-9f59-2670603fc974,7e2a056f-3040-4ec3-b424-de43bf45ede3,0.2717,link
a0bb2bc2-8d7c-4abd-a2e9-f90d6915e1cc,44a575c8-54ad-49ea-9e6a-29ed026afb61,0.1406,link
75afc0de-343a-4779-a443-444b81b236ae,bd231971-bdec-4f1f-a23b-a7950c3092bc,0.1631,none
20223240-9555-41ee-a97a-c2a1b89f709c,685516a0-eda5-4a7b-810d-d0938420d3aa,0.1691,none
91043632-fb8f-4b54-ad1d-f4b15530e4bc,c92f4483-3de2-4ca2-98b8-85ded25ab2e0,0.1379,link
8ddf3c21-3136-461a-9ebf-e645275e17a0,f592d996-b4e4-4a79-955e-4d7e176ec1f7,0.1969,link
9dceb8d1-4511-4222-a69b-cbce94ef48b1,bbac5a1c-534b-448c-bab5-d4ec22ec50e5,0.2022,link
8d2ea059-b0e2-4c14-b09f-2e6d9c7ae9f4,b843d866-7df8-4a3a-a588-f4426e1ee199,0.3615,link
083480da-fb12-439d-86fc-f7330f2a800d,78653f60-7397-4315-911c-7a45147340d1,0.3085,merge
18b4e10c-e028-4016-8393-fd9559a596dc,fc8751b8-eead-5df5-aef4-c0ada3144ce5,0.282,link
bc332ce7-88f3-4b93-8971-d7a73ee131f5,78653f60-7397-4315-911c-7a45147340d1,0.1691,link
ff3b7824-3723-4e81-bd8e-376e2a26648d,70393172-f85d-520e-86d2-27ef4b1966d0,0.1787,link
1770cb9f-6491-4f4a-a665-3e6e4d2c16f8,70393172-f85d-520e-86d2-27ef4b1966d0,0.3039,link
c1cec20f-f2ab-4ea9-822c-cc101a9e8eb3,539cab15-5fb8-5920-951d-d95e4f9d6aed,0.339,merge
b9b02ebb-5584-4d2e-9338-af023dfbe086,e6525dd8-5e57-5c8a-abee-57f64d1c9eb4,0.1516,link
f2224de7-439b-4d06-868d-8df8ee574bd7,91a4d15a-cda6-510b-ba13-56d5bf536917,0.1449,link
61c6ad9e-f77c-41e8-b62f-e7d4de60a99e,48cb8621-0c51-560b-a565-ddd9f6e5f5fc,0.1608,link
545723ac-a65e-403e-b045-59c0982e364d,59f0c929-ef2c-509d-b35a-31ddb34d0017,0.1427,link
95c70e2b-9b12-4955-890c-7b2137a6bf3d,aa457326-3bdc-4279-8aea-317683fe7c79,0.1413,link
100c997e-dc77-4645-9b09-c8ece97636c6,eb94d885-12d4-4e65-97f5-f19618ed9cf3,0.1025,none
7892f18d-2a96-40ce-8a23-1046611dfe0a,e77e767b-e42b-4282-9218-33b3949cea60,0.1031,none
7bb25ac7-dfc2-425f-8da0-b410de3c2aa3,89e21115-3fae-4529-84f0-bc5a4bedc33c,0.1802,none
1c54dbe4-6945-45b6-90fc-6327fcfa848a,60fea6a9-11d8-4ccf-8e3f-b595f9f636a8,0.2315,none
ecde7179-27c2-4977-801d-c25f33f7d31f,e1ea4b5b-25dd-560d-a6be-86974b1f8ff1,0.1697,link
d368a682-67bf-424a-814e-438c16a2bf20,027af5d2-4e6c-5a3c-8888-cdb53ea6ce49,0.1325,link
36dfe046-e176-4183-afc5-43c6efb65d46,471384ea-a5e2-5447-9d6c-9f638ffa2d29,0.0649,none
3fa7abb4-f358-4613-9db9-cdff4cbba14b,471384ea-a5e2-5447-9d6c-9f638ffa2d29,0.0696,none
6b990ed3-ec90-46b8-b8c7-504e89d81082,d94abe72-3f88-5c8f-9fd5-40a0bd9471ec,0.1204,link
16e332dc-6697-4b5d-ae43-514bcb6cbeb9,f56c2e0b-ff61-55b2-8eac-4b069a784d31,0.2811,link
c23ace2f-00fc-444e-ab3b-7722be85c09f,ff4ee7ca-c71f-53c1-b629-74b9a0d961ce,0.1897,merge
045b03d9-3df0-43dc-b09c-de2fa3fbf37b,eb8d0c94-fd12-5927-a25b-8b1917b1a59f,0.3112,link
b190df1c-1ac3-4eb1-ad35-51a6003330f4,b70d9b7c-8ce0-58a8-b0f5-cb49019e6b4e,0.1896,merge
1f46a07d-a186-4ee9-a937-de49ac4fb6db,0013fbee-3e76-500f-9978-42aa1a65f105,0.1355,none
f16d343e-7f5b-47c5-ba57-afa73e7cf1e7,1ba53b4c-32e9-5cd5-8ee2-6b595e72aa46,0.1425,link
ff3cd959-9206-4069-8493-2ee401039a2b,cf895e10-7702-59bb-9bc6-11e262f4c2f6,0.0908,none
a16ec804-939d-408b-a963-5af1063f3c68,9340a6a5-53d9-5585-890a-2e446eb4023c,0.2818,link
be1c0d1c-c56a-4ac1-b99e-453fc5eb854e,9340a6a5-53d9-5585-890a-2e446eb4023c,0.1483,link
185d853f-4e2d-4def-adb2-5a3e709387d1,1ef413c9-09ca-4ef6-ae58-762790fd8ef4,0.1877,link
05fdaf1e-7fd3-4cfd-85c4-bbef8561335a,9f6772f5-1115-58c8-b53d-b5f26ccd0c9d,0.088,link
db8236a3-d313-4583-8b32-b2e7f1829683,d94abe72-3f88-5c8f-9fd5-40a0bd9471ec,0.2595,merge
b288582e-d308-442f-bcb4-9c4ac07321e8,9f6772f5-1115-58c8-b53d-b5f26ccd0c9d,0.2863,merge
73183fe5-cce1-4440-9d9c-5d48601f656d,ef95113c-01d9-5f74-847f-e6187aeaf3ca,0.2316,link
943dc032-0583-44fa-bdbf-b98932b62403,9a476e0a-ab93-58e0-a003-91f2b161ba34,0.1351,none
3dab2433-b217-408d-a7ac-86bfde75c746,36d0fda5-a6ac-58c4-ba46-33343468ac4b,0.2503,merge
b44a9343-aaa4-4a51-b272-ef0806bb68c8,35bc1efc-c989-50af-b620-a7bd77f2f808,0.2863,merge
9e212ab2-0c23-4f91-ae53-5f38e9ece938,d20a384e-e8cc-5c06-acd5-9c829e5c9042,0.414,merge
f43aece2-3f92-478c-beed-953e8bf49709,82d042d0-dd1d-50d8-bea6-43361589d5a6,0.1731,merge
11d42787-fed3-44b4-b948-7b6e2bf137d2,88de053e-8d30-5976-9733-6952dfb9277a,0.2299,none
bea5fe3e-b1bb-40ec-a238-8f368f4e361f,395bd3e9-644c-5663-b58e-56354ee70424,0.1395,none
a062eac3-1ea0-48e0-b2ca-a32544f70789,f548ce1a-ef91-5a91-9d5e-1cebf7fd201c,0.4183,merge
1a8f7e77-d86b-4a67-b0a5-dd877fe0519d,a19972ce-8ba7-5042-9369-1c86bb517dc6,0.187,link
3f38099a-4835-4aa8-add0-5d96f2fa0f04,eca9bcd8-4f71-5150-9db3-50f9ac6bb0ff,0.1323,none
5acebd2e-eb13-4307-8bcc-e7667ac1baec,45af3dad-f365-4ec3-a0aa-219ec8651a64,0.066,link
9cfc3e71-8e95-4293-9ab2-a3cf68f7bed8,686ee785-60a4-5bfe-a283-667e02707c6a,0.1788,link
8deef3a0-a7f1-4f5b-b8d1-595e90a2f17c,e973a174-ce61-4eb2-b5e1-ac95a204bb2b,0.2539,merge
74c307c7-4048-45e3-b466-173d903ddd91,53dba7fb-c548-5f5b-88cd-e657ec2114d7,0.1383,link
6f75b3b9-405d-4ba3-ac67-be93310bd161,50b55d4a-11e2-49f1-b3d9-bac0afd67b6f,0.1674,merge
2544f11f-f3f6-4f9b-ae18-441af6e7de76,836a87ee-b794-4d99-acaa-bf2470489009,0.1948,link
ca160517-2705-4e9f-8d9d-a2e639bb6b2d,f7a9f0e5-d847-5b6e-8fa1-e1d6d001cc58,0.219,link
00e4fb13-1907-46e3-bd4f-666a7ecd8589,f7a9f0e5-d847-5b6e-8fa1-e1d6d001cc58,0.1198,link
d00a7524-5f7c-45c3-9a43-73434e7dac56,82575afc-11d9-5184-afb7-76e36fb4384b,0.1694,link
2571697a-7883-40af-a7f9-ec849bdd0c4e,2ab6ac49-716f-507d-bce0-a9696013c6b2,0.2811,merge
8425de9e-6457-4408-930d-77412868be10,7608d2f3-4578-504c-921c-93bb703fc9a1,0.2193,merge
7c10491d-6fe1-4532-848a-ec02b3542513,ffdefe1f-e62c-5137-89c4-ef901293bfe8,0.104,link
ba164dd4-b4ae-4086-b8c9-140c349c2b4a,14047f66-56ba-59f0-b582-2af921aab0e6,0.0633,none
b41e998d-c3b0-4beb-975f-9a1338c9e0cd,350ec44b-ca20-404a-8da8-a75b5c18e20b,0.0898,link
bf92ca6a-dd05-4c36-bc47-f2908f6451fe,2aecfdc6-4f8a-522d-9798-bf9c2137a56a,0.3615,link
b89c55b8-b946-4e88-9c86-d45231f25957,e26b6696-1fe6-5a93-97f8-2de9dd1d07e2,0.109,link
528f97f2-c3d6-4b36-94bb-7d8dcaf311a5,bfb77177-9d4f-50b0-b7c1-373e301e8471,0.1484,link
1bb9ca93-7fba-4a53-a19a-818b2f8ac498,6c56f94a-f274-583a-b1c2-ac241c28a837,0.1371,link
70b80ee5-4a50-45bc-a8fb-1f32fb9e740d,6c049f8a-cfa5-5b49-8fb0-6ba59ee252f5,0.1298,link
eb422a49-abef-4738-a400-1263c7805442,7dfda327-0d4b-5dd0-894a-9b8a59b51069,0.1318,link
de1c04f5-3fec-471f-9a2d-927694149f06,0c9a3738-497b-5064-bf11-1b840a102ca0,0.1846,link
1d7ccbfc-7d22-4a98-b604-8eb67fcf19c1,3a925711-3572-5ea7-93c7-3b5ca7ce0e5d,0.1546,link
717dd93a-df24-4566-b981-24c26a1ce187,06c73e9c-e827-581a-9a6f-b206648c6954,0.1366,link
845fed7c-18d1-4ebf-998e-60f60b41569f,69968254-1ac1-5430-82cf-f1ab1feaf603,0.139,none
46195f9e-50e7-48fa-8d2b-edf50a3eefad,c75962da-9a8e-53a7-81cc-b46d56f5100e,0.1452,merge
57d9b317-c68a-4566-bbe1-001c7dd40d43,e6525dd8-5e57-5c8a-abee-57f64d1c9eb4,0.2441,merge
602d50cf-216d-4b73-96fd-6d76034be945,181d5de1-2778-4956-bf04-65b6cf92f6bf,0.1011,link
647a2737-b8bc-4737-b5a4-c3d0d9dcede9,efdbba88-31d0-4798-9b04-5000820d8998,0.1298,link
4edd75f0-116f-4cbb-94ca-a5d176573f30,bd0c4c17-8426-507e-9615-64ed2eca7270,0.2434,link
34f5e4b0-7a17-4b29-abf1-8e71502f9619,f10e97bc-a271-5f0b-85f5-a267043949e1,0.3227,link
246d8e72-d51c-4069-9ec8-bde26411a212,e26b6696-1fe6-5a93-97f8-2de9dd1d07e2,0.4448,link
332803bc-7af5-4d4e-886d-1ae94bb72bd9,c89785be-060c-4d5b-81d4-c91965d3100b,0.206,link
a07fda7c-00eb-4e55-8e6d-18d93342cd01,ee49316b-0837-505e-9701-f8b842dc8dd0,0.3515,none
2711d39e-62bb-4d6c-8646-f4bc2d841184,18baa937-6c61-5248-93a4-1a5bfbc4e99a,0.1297,link
089d3c63-4b13-4fed-a066-ee3a06fd4c0c,f6cc98df-8d45-5acc-868f-9fd3fa9f58e5,0.1404,link
03bcf0c8-0f19-4485-a66e-5a75da19f671,0d09acef-0351-5d6e-8d35-ec2a950c1cf5,0.2387,merge
13568013-c95b-4d45-b771-78b1d2a917ca,fe6330af-bd2c-513f-ba16-06bcbf391c2f,0.1954,link
b99be64c-6e57-4a1b-b1ba-9c96a68f90c0,d64d2670-ca26-5a42-af62-cf9df6ab31d0,0.3847,link
70ebeedf-ff6d-479d-9e2d-580c5e6bf6c3,01603799-f30a-5408-8996-6e4269ba1ecb,0.2274,link
8678308c-1edd-4a87-9f99-40590afc5c78,d64d2670-ca26-5a42-af62-cf9df6ab31d0,0.219,link
ecb0f541-cb57-4a9d-a36d-bb2a9b58fd96,6f445725-a872-5116-9de7-881d78cb4966,0.1231,link
856d5dcf-b557-4e16-a8c2-56d2c123b316,a6134b89-4846-52b1-8df2-7fc536318e85,0.5208,merge
7df9b3ce-b89b-467c-b565-859de019cc10,a997e206-ba00-5087-9ac7-f301f2eb9841,0.435,link
e8645e20-09c9-4ca2-9acf-85fa84c80c9d,f5556ce9-0389-547e-b256-16a6fd13219b,0.1185,none
23a3755e-03ce-407b-ab8c-74be8a47c4a2,dd9fa6a3-ec0e-5ae3-be32-88fc3e2b5e60,0.2124,link
2bd92215-7261-4d42-ba77-43a8d35c1a0b,91491da3-9203-5f7b-85f2-6747ae2ae03f,0.1936,link
d5a83537-4d79-401b-a3f8-e81528e6ff4c,53dba7fb-c548-5f5b-88cd-e657ec2114d7,0.0959,none
ecbd19b3-4314-457f-aa42-e6eba1a242b3,9d795694-10ee-5720-b042-24295517817c,0.2696,link
42b069fb-76cf-498e-9c4f-2971753f1f5b,36d0fda5-a6ac-58c4-ba46-33343468ac4b,0.2555,merge
5b5023d7-de28-4175-adee-929cde76801b,0bfe77de-2517-5eaf-878d-73a0513d3995,0.153,none
fdb43b1c-55fa-43e9-a170-ef444f354090,927348fe-e3fb-5e94-b3d4-b5c3cb64bef4,0.1173,link
5604158e-259e-46dc-a8d8-5b25f3da4383,927348fe-e3fb-5e94-b3d4-b5c3cb64bef4,0.0953,merge
965969c0-c198-438f-9cfb-9b4c078676fb,8676d43c-8ed1-5783-8229-269b360b33c2,0.1696,link
eabfcb87-2e31-4bfe-b3e7-e1426344db68,2ee06e08-3ace-5d62-8d0a-f8e7e1fbc0e1,0.2186,link
eb6faa1a-f616-4d02-859b-f667bc848149,0bfafde1-da4e-5c93-a19d-4469fdce39fa,0.2396,link
d89eb07b-3f1f-4d4e-bcd2-3ee945db40f2,836a87ee-b794-4d99-acaa-bf2470489009,0.1478,link
cc4919b5-cd06-4a46-910d-3a0581332efe,8c0e0d39-bbad-57fe-8d12-0697f429a503,0.2447,link
c2474e83-8e42-4f58-ae75-30748eb524e2,36d0fda5-a6ac-58c4-ba46-33343468ac4b,0.3583,link
f1956e72-0b96-4599-9d7a-55b39e6c1dce,705ec83c-6fe5-4096-9225-9d9550406056,0.1855,link
fa217add-db0f-4cd5-abb8-b5472196a2cd,524bcfce-6e7e-571a-b3fe-db64d70d72a7,0.3043,merge
46515040-3189-4fc0-9a9c-1267705e939f,35bc1efc-c989-50af-b620-a7bd77f2f808,0.3617,merge
f056c0ae-fc9e-4d31-9072-f6b1e70f3d44,188fe970-4e1d-52c4-9f18-5e2fade05494,0.2525,link
1aa1697d-f4ee-4edf-ad5c-869a763014f8,e378dcff-636b-5509-ad95-cbd66c802cbe,0.3298,none
d48ba900-e58d-418e-bcb9-20a6f4fd9db8,0fd18a8e-496e-5105-89a5-17a62731dd60,0.2195,link
4f2507bd-7848-4b20-873d-c63bdb12c8aa,0fd18a8e-496e-5105-89a5-17a62731dd60,0.2528,none
6df9a623-5e8c-42db-8ca2-d4058bbb3fe3,0fd18a8e-496e-5105-89a5-17a62731dd60,0.3395,link
ef7d994d-2ef3-4a11-8860-94def752ef51,492aeedd-ef70-5b41-baa2-a555a9299db8,0.3185,merge
9dc17ff0-bb58-4870-9d5f-7760ee513fe5,a25d6fc5-7af0-5d75-a2d2-b87306bd0fd3,0.1982,link
55eda077-8e73-49af-b92d-61798922592c,13bc07f5-d31e-53eb-af2a-673c884d2803,0.1546,link
543dbbc9-3719-4cf4-9e35-3c0ad10593c9,9c8bf32b-4950-582c-8314-5a66cf60c798,0.2154,merge
1e012027-cb8d-45db-820c-d004e7702935,91a4d15a-cda6-510b-ba13-56d5bf536917,0.1708,link
6c649e35-b6d9-4c88-8207-77f9d6415a7b,680e8246-194a-4225-9cda-5e16b794c34e,0.2559,link
49d96009-6ab4-475f-8c0b-a9aae2d67a0f,539cab15-5fb8-5920-951d-d95e4f9d6aed,0.2694,link
2369f5ce-b746-4bfd-8f17-6d42901c76db,8ed86789-3075-4b21-9847-e171334fd53b,0.2231,link
0da6f783-c043-4941-b3fc-8078b37de96a,91a4d15a-cda6-510b-ba13-56d5bf536917,0.3585,link
8fdb81a0-e40c-4a72-9e26-222f917fe6d9,ce1985d2-d0ab-52d6-b0c8-e23a52585daf,0.2295,link
c79de63a-e133-45aa-81a9-9885dc274826,ce1985d2-d0ab-52d6-b0c8-e23a52585daf,0.0958,link
e5bd5140-7495-4b08-a7eb-3a53ae67a507,e26b6696-1fe6-5a93-97f8-2de9dd1d07e2,0.2658,link
5ca0345a-17e6-4ddf-ae7f-ec6882b74291,46fa1581-c95a-556e-9573-d6b6a1924e4b,0.2124,link
be6c0264-9d22-45b2-90ad-3885b9071d26,63d02ae5-c33c-54ab-a908-4c95fac5a4e6,0.1908,link
e84ee8d9-40c4-4195-8aea-ef5718a24594,40bf9336-43c3-4af9-840c-9a853b70641a,0.2535,link
20ecd74f-7365-49be-a83f-d70ec589a12e,8f106219-1dc9-4d87-91d4-035c0257f45f,0.1756,link
15cbc905-9a2e-445b-b609-3ff220bcaf2d,3622cee5-28b0-404b-8b30-0afa2cfa19c2,0.1044,none
6ae8470b-3666-4b01-92c2-49dafcf23b13,a8ea884c-a65e-55bc-aeff-ffb2a3cb9b49,0.2556,merge
b686ec7c-6715-4cbb-97a7-f84da9c486be,c7a43025-4d65-5329-a34d-7d7a084b0cf2,0.2083,merge
efe61ab4-aeba-48e0-a4e0-47ebd60bbf19,9c7b2e1c-7291-5d0b-95d4-c56bd68de24a,0.4547,link
3cff878e-8ca0-41e0-9ec1-d4d46ea8f7f6,04f474e5-7fba-5265-aca9-283bd210bf1a,0.2091,link
5c41058a-8ddf-4893-8069-da3a2d875bcd,04f474e5-7fba-5265-aca9-283bd210bf1a,0.1738,merge
3750ea03-ba52-495f-acd5-58dce47314ed,19cec163-412b-5bb2-bddf-f54d76cbd37a,0.2509,link
5cfb8747-f9b0-4df7-915e-e751fd7eab9d,9f5c095c-c8bb-5386-b0f7-8ffa1970f5e4,0.1884,link
f2ebaafd-d3f6-4c4d-b183-d9759d2a7cf4,5702c4ef-fbfc-533e-b5b5-a5cc126e7c3e,0.2092,merge
c6e56c03-6394-47ec-87b3-289d8e169452,8b22db96-1a01-4eef-aee1-5757a82760c4,0.3591,merge
f48a977e-7014-4f12-afd5-b3e202c90dbf,06806313-cfe4-5d7d-9646-fdcf8520cadf,0.2308,link
f292bc38-a864-4d28-aa47-d06af7024d13,8970cb2b-7dd0-5209-acd1-d7c7083db812,0.123,link
b4ff06c9-b799-4ead-b025-04c00848590b,9bf54462-5fd0-59bf-8360-cd503e45b884,0.3036,merge
e913286c-6be9-48d0-a896-dcac0d2e65b0,a997e206-ba00-5087-9ac7-f301f2eb9841,0.2457,none
8f63be98-d17a-4a1a-8a68-1a49a785f733,b12819c6-2869-5f6c-9810-5b54feeee60a,0.1046,none
c615e18f-68b5-4bf1-a1e4-7d553c50e3a2,fbbff3cd-ef58-5383-ab5a-94c445fcd933,0.1702,none
cb5664c3-6109-4789-9ce5-e312baff253e,22750536-762d-58a9-b6b6-95e958f8614f,0.1005,none
e77f0348-0f2a-428f-8296-c70097d9b6b6,14b00afa-2e39-538f-8562-b8e7aecd2876,0.1836,none
b51d13df-4d20-4937-ba1b-998bfff0b326,a897237c-b860-5647-8f41-6e1ffd3ed645,0.0838,link
e23f8c2e-f346-4641-92a4-b96a672b7432,471384ea-a5e2-5447-9d6c-9f638ffa2d29,0.1124,link
9aacde67-d7d2-4cd8-a827-b0ec98df5ced,bfb77177-9d4f-50b0-b7c1-373e301e8471,0.1351,link
141c4b76-6e41-40cc-b126-fbf8caf14dba,c5ae0dd5-c795-5993-995f-88b284782c0b,0.17,link
a92e926a-8f58-4685-8dec-8d7e803f397d,912cf934-0cdc-5c68-ad4e-133023e02d82,0.1071,link
aa923041-dc58-4723-807a-30926c323c10,4a3655e0-0275-5949-a449-f9b8088763bf,0.1128,link
80bf5a91-06b7-4a69-bf8f-73b5366c1443,db9fc2c4-fbae-5ba0-8e50-5fb1716013a9,0.1428,link
ceade873-f15a-439b-b3c1-7588b753403a,bf631804-8622-56ee-ba38-16984854c49c,0.1143,link
5cf3adc2-bc5e-4cbd-a282-b47450b2d15b,4a3655e0-0275-5949-a449-f9b8088763bf,0.2133,link
bb6567ca-fea9-4ba5-a986-dbaea1d2a259,df96ea5a-bf93-4c41-adc6-e4eea24287fa,0.095,link
7cd1af8e-a0b1-4ea9-952a-058d2c292944,f578a7d0-3872-555d-9e67-0ec54d6f90a6,0.2663,merge
1ae29d4a-e337-4876-89d3-f7973b4afa53,7f34a6f4-8e34-5c4d-8422-3254537a1715,0.1565,link
8f51972b-037e-4dfd-9861-0c1ff05638e1,7f34a6f4-8e34-5c4d-8422-3254537a1715,0.2428,link
8918ca76-0708-4df0-9b8d-8918c9f3306e,522dfbfa-6e48-50e2-b8eb-dd95b5302e6b,0.3276,merge
4207f2af-9e7d-4eca-8ada-849b53604909,52ffb8ee-c70d-5076-b2c6-8f3a1b435fa9,0.1877,none
e19c8ced-7f13-4968-a1cc-5073a22cd0d6,05afb8bd-8320-5fa6-98f6-ac0be0fa5767,0.2078,none
567c3e10-7cc7-4beb-9ee2-44b045f2954f,52ffb8ee-c70d-5076-b2c6-8f3a1b435fa9,0.256,link
be10438a-7ef8-45f2-aa9a-098a7051965d,a16906ce-281d-5fa6-8572-d81631ebe14e,0.5338,link
22e5445b-2ea9-47c8-add3-87d79aa790d7,54691c3d-ac1f-4522-a808-075f8023ec7c,0.2291,link
6ec22f2c-65ad-4bb9-bd00-a002120812ba,8e30f23e-7d4b-52e5-a03f-597e9cbe69bd,0.1435,none
3ecbd1c3-95e5-4cf9-813e-cbb696778742,70393172-f85d-520e-86d2-27ef4b1966d0,0.1413,link
ab18c8b0-d8bc-4bca-8689-0e494d4fa473,f578a7d0-3872-555d-9e67-0ec54d6f90a6,0.1524,link
eca39074-3e15-47a0-a930-2bc8a8fb7771,ea0959ab-0e0f-53eb-9eb9-aa7ec5f70750,0.1591,merge
78582ede-17aa-4fe8-925f-f3aa09ff4952,60ea6d10-1a57-5d4d-a153-94b9eedb7f81,0.207,merge
afe9867d-8f78-4171-bab0-a701a2d467a9,85bcacad-d1c8-5e4a-8ffe-0e23ebb13790,0.1196,link
17f32bef-0b45-4acb-bbc5-c3c2b98c1b70,8f106219-1dc9-4d87-91d4-035c0257f45f,0.1969,merge
929e10ef-c879-4d29-84a3-8774b6b23c96,9adcd390-9117-501d-b02b-6759698e3b36,0.2454,link
afc70b5b-2557-4497-95a1-9a9be5ffe5a2,a278d5f2-d74a-559a-bbee-734b8ccd214c,0.175,none
3213cdb3-4559-4a6e-bb65-d424e78e9bbf,d94abe72-3f88-5c8f-9fd5-40a0bd9471ec,0.4839,merge
c993d310-becf-4e6d-b2d5-b0d65e3e863d,9f6772f5-1115-58c8-b53d-b5f26ccd0c9d,0.4335,merge
98bcd3e1-70ed-429f-b26a-7906fc968fd8,89c16385-001c-532e-9171-289208b0519e,0.2411,link
f6831c5f-12b0-4f02-862f-242e0c01c3d5,33b06e27-3731-5818-b818-fab4448483eb,0.177,link
9779b7a6-8c81-4b15-a78c-50ec10a15879,80c711ce-58ca-50a6-bb1b-3bcff46f43d2,0.12,none
57c17737-8a23-4416-afe7-6fc318c2af35,20ceb752-7713-5e48-8c71-0a6684079562,0.147,link
ab1dd9c2-5d16-4566-b556-e1009488e14c,7dfda327-0d4b-5dd0-894a-9b8a59b51069,0.1307,link
35f5fd5b-fdbd-433c-8e90-a095e6495453,10bc56bd-613c-5965-823b-a4dd11ba482f,0.1419,link
c67548da-b381-499b-9a2e-e8cae7fc6f89,6c049f8a-cfa5-5b49-8fb0-6ba59ee252f5,0.1054,link
6c931e4d-8074-499b-8cd6-8cfb9f350eb2,b9325562-e86e-53f0-beb1-4505a42683e4,0.2498,link
a33f978c-e737-49a4-8a10-34d63e7593dd,8bd3a000-9afe-577e-8781-dd8b8d493289,0.248,merge
c94a2fd3-bbc3-44f3-aebd-92790e3f1a9d,8bd3a000-9afe-577e-8781-dd8b8d493289,0.2417,merge
ebb51d2c-1261-4865-801e-d8c9f1c55856,175a45df-f09a-50cd-b5f3-54826ac750a7,0.2491,link
f1075cc0-82b8-491b-b395-9f2bb7a2ab19,175a45df-f09a-50cd-b5f3-54826ac750a7,0.3433,link
94748b04-f55b-415c-b40e-fd372f9254b3,175a45df-f09a-50cd-b5f3-54826ac750a7,0.2667,merge
00c5a7f7-c751-42cd-8494-1b0cbe5d8846,91491da3-9203-5f7b-85f2-6747ae2ae03f,0.1434,link
e9575fe0-1d90-4d6b-a777-f9c77cf3a5ee,e8a0d6bd-2f37-5ef0-8d83-ee22bb68017d,0.1856,link
a1edd1a1-fe10-46ef-8f94-c031ffa4311b,70453a52-6c2e-5f51-8360-d7176bee3ff5,0.2028,link
28872f01-8907-45af-b8da-7f13e4a90ebb,0547ded3-3b6d-58c4-96ba-e7afd6191e68,0.1581,link
e134fe9f-7475-4424-896b-cbcd4af152c5,e3f2391f-225c-580f-9331-7de98f609d83,0.0554,none
6967e8f4-a187-4278-873e-71bf93d7ca90,51469e20-dbab-5247-b3be-a5452460b966,0.0775,none
11657e4f-4199-4cb3-ba9f-10d25f32ec38,d95a85b2-73d4-56cf-8b20-2b7b9fa0fa1a,0.4574,link
5292e1b7-1b3b-42bf-9c65-cc8a1b530ebe,2aecfdc6-4f8a-522d-9798-bf9c2137a56a,0.3242,link
1a8b966b-299a-4a17-ba01-3a7035124191,d95a85b2-73d4-56cf-8b20-2b7b9fa0fa1a,0.4533,link
9a673ff3-468b-412b-9201-a544c9cdba5b,186c0d25-bfaf-5723-b0dc-b64048f35f67,0.1299,link
c8249c06-3570-41e1-b74a-63b45afefcb9,cea97ab0-9695-4351-86aa-4a3286310e13,0.245,link
67adc61b-81d3-4d12-b903-93c34ff97e74,94c5965e-3012-51ce-933a-db0509babe06,0.1682,link
3cfdc74c-60d4-4412-9987-0bf7b87da668,755f16f4-088e-5f11-bd81-06674000ca1e,0.037,link
99cfa677-0bfb-4aed-aea7-c2710507a1f9,15d457bc-6f3e-5250-908b-7bd38247f237,0.2619,link
e02bcc7e-14e2-4e76-9285-7e804a2aa2b9,78c89c62-4540-5d54-90d3-8db8dbecc145,0.3111,merge
07e8bb01-5c4b-456c-a0c3-a304ed16dcdc,a8a8a7ce-b79c-5625-b119-889b028c386a,0.2847,merge
89b9ba67-0b39-403d-b075-1c7dd8740ea6,5cfd8c36-cc92-5c7a-9e46-2b60fd373c47,0.2673,link
71eb79c2-0dae-4313-a0fd-e3d1ad535c21,314d1f15-f7d5-476e-9d96-d0e0e373b219,0.2922,link
f71d7f53-5151-4b8f-b023-621ef9a110d8,7e561083-58c0-554a-8cb0-ff5621464fad,0.1195,link
1a2535c6-7a8b-415f-9ea4-9ddbca1dc1f8,056c6b51-39c7-52a5-904d-82ad889b069c,0.1424,link
fdfa8f64-f88f-4ebc-b62b-6cde34a588e4,0a31d080-83c4-50e6-b6f1-b3fe448cfee9,0.1108,link
fe93b4cc-2453-485a-bd9c-9cba5681ab2a,36d0fda5-a6ac-58c4-ba46-33343468ac4b,0.2964,merge
81b54cac-c4b1-45b4-8e0b-2e7be5fdbe34,8119c47d-f394-50ff-b630-f4aa64763b52,0.5445,merge
724c047e-4995-4a85-a39b-306ccecb4a26,bf50bd46-f416-531a-9102-00f44ccfd364,0.1268,merge
c1214d62-4d78-4bff-96bc-59331c996e95,7f34a6f4-8e34-5c4d-8422-3254537a1715,0.3024,link
b9e91ee2-fd88-48fa-a28c-37c0f8652f7f,1bc66a86-93f4-5dea-a27f-2a59c43eb778,0.1377,link
e82bf0bd-a746-4f2f-903c-2addab9b897a,ec7e77d8-d9f7-5765-8104-d5f38d064aa8,0.1941,link
6931f89d-e9be-4458-ab84-fcb3f6b60765,7dfda327-0d4b-5dd0-894a-9b8a59b51069,0.2192,link
ca6f781b-fcb0-4223-a4b4-46f8b0d6d610,ff4ee7ca-c71f-53c1-b629-74b9a0d961ce,0.2232,link
2d2fcb7a-0f8f-417c-a255-043e82685c04,9eae2bea-292b-57dc-a83b-4f1ca93fdcc8,0.1871,link
c7889061-08bd-4eb9-bb91-8d27496a5d99,b70d9b7c-8ce0-58a8-b0f5-cb49019e6b4e,0.22,merge
85297592-9916-48c1-b821-9834a2a3f571,3938ec14-4750-5d0d-918c-cbdcaad95f34,0.1935,merge
72ac2280-e8b2-474e-8045-0994e1730ed7,f103db3c-43d1-5839-a76e-d0c41ae5a97f,0.112,none
17a7f7cb-925c-4755-ae42-38a943b5b519,3adc18f8-15fb-5dca-ae72-20a6dbb0b4bb,0.4217,merge
e768ef10-791e-4267-8a14-907dce01fd8f,b4c01042-df5d-57ca-b398-fdc29b74abbc,0.1885,none
528e5777-207e-4fee-801f-d89031ce6a31,f578a7d0-3872-555d-9e67-0ec54d6f90a6,0.2819,link
e84c8430-8a88-4de8-b1f4-df13484cb558,9921d1aa-64ef-5865-9365-e9aa07d6a12b,0.2371,link
3583f16c-1ccc-4bf8-9815-1552875e36aa,471384ea-a5e2-5447-9d6c-9f638ffa2d29,0.0934,none
5ce4c9f2-64e2-41ff-aab7-f2e48317c6b2,2ad934e1-0446-5174-ae7c-26b06e85dbc6,0.0473,link
2f616986-1fc1-4b18-b2bb-086f7c9c04e5,559a6e78-4316-5d90-95de-004872285c49,0.0992,link
7429bd55-5f6a-4d3d-8ac4-b99fbdd07ef5,3adc18f8-15fb-5dca-ae72-20a6dbb0b4bb,0.2457,merge
c21fed01-9498-461b-a7b2-b7121c30d39e,f9c7d91a-a6f0-5754-a100-3f0f7f60ad6a,0.1584,link
6763efc9-9507-4b4c-a7ce-15315fddebfd,f9c7d91a-a6f0-5754-a100-3f0f7f60ad6a,0.2946,link
a4ea6afc-6353-42e5-a24a-65c46cfb2012,9ede2acf-70d1-51f5-8d81-bbb66257a78f,0.1263,link
e2dfa66e-3564-42aa-b322-badaaa4ba182,2ee06e08-3ace-5d62-8d0a-f8e7e1fbc0e1,0.1225,link
76b88535-e6b1-4c3d-84fe-e9f36cac4619,ab111ead-549b-5e07-81b4-bc2b871f7c6d,0.1159,link
e3d3c8b3-75ef-48db-ad0d-8111e76759de,91491da3-9203-5f7b-85f2-6747ae2ae03f,0.1284,merge
248eb988-d7bd-447b-bf8e-9f920caa31bc,b59bc0b1-8030-5a41-a562-26c61402e8a6,0.1249,link
56f837bb-7ce3-4bdd-a813-8149d86627c3,a0205dfb-18bc-51d1-8681-3594ee9b0cc3,0.1056,link
8c72c4ea-923c-48c8-af8b-5014c8b7fb64,bd6d804c-f6ac-5b4c-b1fb-b9b762028a80,0.5041,merge
bb7d7c8d-700f-40a9-8fbe-e949ce7f7bda,9f1d2ba3-2a95-5019-a9c6-b6e9604c77c5,0.0931,link
f2bbf6d0-4eb0-44ec-aaca-3f37b3b76b07,29c42ed3-da20-5288-a4b1-c72989c97fe4,0.2233,link
b45f15bf-5baa-4be8-8d83-07d99496c3e5,29c42ed3-da20-5288-a4b1-c72989c97fe4,0.196,link
b55cc450-8813-488f-a224-2851ffe8c466,e63ee628-3eb1-5fba-a2a1-0de043bf101e,0.2491,link
6f240439-a924-40a0-8423-066e42912e4e,a997e206-ba00-5087-9ac7-f301f2eb9841,0.2746,link
40cc77f9-7d1b-4b0a-af0a-726c1014cd94,0cb33278-9c22-54ed-8781-e9597a9925ea,0.2711,link
02cbba80-f16a-4e73-b0c4-c187b021d077,0cb33278-9c22-54ed-8781-e9597a9925ea,0.2143,link
d3dd0149-e72c-4f17-abfb-17282d335f4c,0cb33278-9c22-54ed-8781-e9597a9925ea,0.4674,merge
a2497c3d-e070-4121-8a77-d184d0f446e4,3adc18f8-15fb-5dca-ae72-20a6dbb0b4bb,0.229,link
ca028468-6a44-4ec8-982d-784805a90d84,f9c7d91a-a6f0-5754-a100-3f0f7f60ad6a,0.3279,link
d7304804-ab79-4813-a99c-fba2b129dbe5,d4d78b01-6b8c-5356-a85c-e8815501ab03,0.2744,link
99bee440-9a62-401b-af13-dc5a9441fb3a,96be5b29-ad00-5063-b1ae-ea624857fc93,0.0965,link
e44a0a2f-53b4-4631-9161-03a6852c7895,49eb9d6a-a869-5dea-9f38-8577e21e8b91,0.2505,link
cc4c37f1-0c0d-413f-b157-66f9790d205e,da7cba64-33be-5c95-82e3-f5471634562d,0.1824,link
2302aca8-8268-4382-a9db-d50b9b7c8e10,bf455cde-345c-5832-87b8-d365d5bbe92e,0.3088,merge
6f14744f-0184-4daa-9521-00914703db44,8afcda5e-a33c-5389-9f07-317c1a9117b4,0.2731,link
1eaa433f-6245-4d98-8770-9c72df991961,0af31c8a-8b82-5b02-8919-21621b5ee394,0.1227,none
2d69b821-c565-449e-9b52-352e34e9c45d,82d042d0-dd1d-50d8-bea6-43361589d5a6,0.0545,none
78820f05-6257-4797-9dc0-1a94e0465373,8f106219-1dc9-4d87-91d4-035c0257f45f,0.1891,link
b0d8baeb-9efb-4ac4-b7ba-e28ed0484593,d76ac695-5b8b-5196-8019-0e4b86b3bd93,0.2006,link
dfd0b5ac-fd02-47af-b3b9-078f322d49d2,45af3dad-f365-4ec3-a0aa-219ec8651a64,0.1428,link
2ae53a92-66db-4ac0-9f4f-17833b5a5c63,6255cf44-54b5-416e-8f0e-7ce8ed12cd93,0.1452,link
50c272dd-f83b-4042-8c9f-45b07b6e96fa,8f106219-1dc9-4d87-91d4-035c0257f45f,0.1528,link
46791ced-ccec-4b88-8c1c-3ec19d4f81e3,f1232c93-9c3c-4540-a40a-09f1ea100bf3,0.0432,none
df2f7493-6334-40fd-8089-9549942b419f,d43a5c90-2d6a-5499-9389-9d5ec150021c,0.1376,link
ccddce0b-1865-4996-91da-68195f3805f8,253db6d6-8d38-5881-bd18-15aa16c00739,0.2017,link
9f5bd250-50c2-49a7-a597-0d9c61f64259,2b9dfaa8-b8df-46fd-a871-b94e6681a1ab,0.1293,link
14037762-9062-4acc-b372-c8e596fe6150,cc64bba3-b517-5c0a-a4ab-3416bd8c4f90,0.1752,link
3398099c-bc15-4519-91d6-d98b27b1f787,0cb33278-9c22-54ed-8781-e9597a9925ea,0.5095,merge
bf9b90e6-ea55-4f63-b745-260a28abf81d,f0cbeebe-a162-531a-a633-dc0bee3cd369,0.2098,link
e7908dbb-2fe3-4959-bf61-62809b3816ec,be8712d7-2539-5bdf-bd3b-291f0f83ad8e,0.2064,link
a2cc4c1f-b32f-4992-9f66-62a6de90e7fe,44f95431-dc63-5839-8b34-f609a2911662,0.2634,link
0b3022f4-48a6-407e-be1b-d2b394ca9df2,be8712d7-2539-5bdf-bd3b-291f0f83ad8e,0.2371,link
6225530a-bb80-4817-add5-9cc8c783661b,8f106219-1dc9-4d87-91d4-035c0257f45f,0.1806,link
ef57053a-7104-4d0a-bee9-5962abdc719b,272d9661-6c65-5855-a332-93571d49bda1,0.1981,none
34881c00-6211-487a-ad15-ec84f7666b3c,2ad934e1-0446-5174-ae7c-26b06e85dbc6,0.1389,link
8195aafb-ef0e-4c5f-8503-8977ea0ede38,9a476e0a-ab93-58e0-a003-91f2b161ba34,0.1605,none
a704d047-5fba-4bac-aad8-9a1c77b560d1,2ad934e1-0446-5174-ae7c-26b06e85dbc6,0.1415,link
2dba05f1-f9a3-4438-aedd-bd4353a3a8f5,a16722fd-5811-5b22-9e40-ed3218acd6b3,0.2826,link
86e8213a-10e4-4d27-9625-02de3f061253,9dbe375b-d5bf-56e9-9980-9d21682bf1da,0.3488,link
aa31e561-a9d4-4772-90f8-67c0c836903c,fd70ea61-d4b0-5e5a-aecf-82bf0aff6480,0.2237,none
6247ad83-eb04-48ea-a6bd-6bac9840a727,60a51673-b0e6-57d6-840c-64a3c5b61cc0,0.088,none
beb7fc50-bc73-4a9b-8249-bd3ee052d313,5be0a8ca-2697-546f-bee5-0992976e4c98,0.1618,none
2dd34e83-3797-49dc-ae83-eac94e7754f4,bce565cf-f073-5e79-9fd9-408ab180d0d1,0.1995,merge
8c682fec-da27-4e4b-9f90-92be4e90e4ec,a278d5f2-d74a-559a-bbee-734b8ccd214c,0.1963,merge
00865769-879b-48a4-8319-1e0bd860f0ca,0013fbee-3e76-500f-9978-42aa1a65f105,0.2343,link
6e984b91-eef0-43b8-90fa-9f11df3085df,da70f59c-db93-5dca-86e9-72134a429d4e,0.2182,link
2dfa1d31-23dc-403b-a29b-ac2b43e5f718,0013fbee-3e76-500f-9978-42aa1a65f105,0.1087,link
6bff69ef-ed6a-41e5-ac6e-cfbe07135950,d1bd5d1e-38e5-4edb-8374-1091539c5303,0.2624,merge
2b25a63a-4e06-42d6-b7fc-b7f457f1a4d3,9d36a76f-680e-5144-9ffc-8404814c44e3,0.2268,merge
f3a4a1ed-64c6-4eb8-a319-df97fbd1f489,d261a8c2-58c2-4d7d-b8a9-7c209572ee91,0.2243,link
1352f51f-30bb-42b8-992a-f9b5558bce92,10b7ec1d-8484-542d-b7d8-e556ab71ceb5,0.1959,merge
d6165c70-38e3-49cd-9327-a64c2d2ea848,539cab15-5fb8-5920-951d-d95e4f9d6aed,0.2191,link
2de23924-f053-4a13-b34e-28b83ceb35a3,91a4d15a-cda6-510b-ba13-56d5bf536917,0.3038,merge
df9bf5a0-b858-4f93-9cf3-c3c09b9dc46b,ffdefe1f-e62c-5137-89c4-ef901293bfe8,0.1745,link
d0e55009-566c-4ff2-8365-75dafa4a8df9,6255cf44-54b5-416e-8f0e-7ce8ed12cd93,0.233,merge
0e6cf63f-55b5-4552-a071-9519e7475816,5702c4ef-fbfc-533e-b5b5-a5cc126e7c3e,0.1443,merge
a53ad1f3-bff1-4bd4-a95d-81ae9001a207,5ccfcd23-a3c0-5104-90a1-74f37f2c2e56,0.2692,merge
f7990b4f-5920-41f7-a8c9-01f64831d3e6,8f106219-1dc9-4d87-91d4-035c0257f45f,0.1448,link
f7928c26-0275-4cbf-8ad3-1fbd36e47e8c,6255cf44-54b5-416e-8f0e-7ce8ed12cd93,0.1477,link
e87d5077-a89b-4715-b38d-8947df9c8deb,6255cf44-54b5-416e-8f0e-7ce8ed12cd93,0.2942,link
598c5524-55d5-4ed2-a100-833e055a0df0,647a607c-1c33-59f7-8fb7-7dd212bf884e,0.184,link
21479dcc-0b2f-4e28-b539-a8f2550639db,647a607c-1c33-59f7-8fb7-7dd212bf884e,0.1846,link
71826b2a-d622-461c-b892-725d21269865,32da252f-5957-5f9d-812c-b1ac4daf67ce,0.2747,none
f0b6fc33-145e-489b-9a99-622736f9df6c,12b69651-752f-5e48-b838-0c669df35b64,0.1557,link
a1b7371f-4bdc-483e-bfb4-87899625662a,cc56ee36-cbb8-5387-b845-f41585c0660e,0.1287,link
b6b1318b-0c19-4d23-b7c4-8d73db897c7f,f8089618-f59a-41be-b5bb-13a8f8f38a64,0.3341,link
d4e4ec55-b3a2-47f5-994e-da2e52fae49b,11a386c4-9a89-4d71-b695-4dd83f2f0def,0.3362,link
cc5cfb48-9330-496b-96b0-7ae6f897f069,11a386c4-9a89-4d71-b695-4dd83f2f0def,0.2272,link
2e5d5ef6-1f71-4e9c-a2a6-3f8f25341902,ec2a48cb-e041-5d38-b392-37aedf26919f,0.323,merge
f3be4332-590f-4b7f-8b0c-5306108a4777,fa9c8ad6-ccc5-522f-b86d-ec6bd9a27fc8,0.154,link
7719b665-be34-49b0-955c-e940a630500e,c2509042-cd73-5665-88f3-317d399b8e9d,0.2879,link
5bd14612-716a-47aa-aa05-b9cb4a27cfa0,96b4f4dc-dcd9-5aba-9cb0-97c1d5b77cab,0.2418,link
08a2822f-e7b0-4a26-a210-39927175387e,9432b8e1-ebd3-5962-a190-080bc5687ace,0.2601,link
7bf499f6-03f9-4ded-b367-f12630e5aaa9,9432b8e1-ebd3-5962-a190-080bc5687ace,0.1531,link
fad257bc-340e-4c12-a1ed-a17d97732af2,fbbff3cd-ef58-5383-ab5a-94c445fcd933,0.2822,link
163a9e02-53a3-4054-9f8b-e8e3c0eba464,9d795694-10ee-5720-b042-24295517817c,0.1982,merge
65bf0c6b-b4e7-41e8-bc72-59ede78e2fdd,36d0fda5-a6ac-58c4-ba46-33343468ac4b,0.2646,merge
51d0eaaa-7cde-4518-92a6-483f2549f203,70393172-f85d-520e-86d2-27ef4b1966d0,0.2378,link
c2b2be12-f7fa-4420-9796-c6dfa9ffcc5a,c869a6c1-ffed-596f-a64f-6bffdd8faf92,0.2136,link
fe398b4c-1031-47f1-8e11-968e2ab6f01a,35bc1efc-c989-50af-b620-a7bd77f2f808,0.1969,link
15dd582e-8af9-464c-94f5-dd3ac1a062c6,82d042d0-dd1d-50d8-bea6-43361589d5a6,0.2493,link
9c52dc04-8e3b-45e7-a1af-0862fa7e71fb,1995cc98-1d9d-5fdb-a8da-63b3967883f6,0.1405,link
eedbc5d3-8ec2-46f4-8f2c-4be4fddb7128,f3439c4d-025b-498c-89a8-a1f8a6592a72,0.1303,link
f90fe970-6296-46ad-81a0-663aa06c2f9a,d8518ef2-064b-4e4a-86f6-8262de2a9019,0.1828,none
266cbcbc-39c5-4f87-adea-5b3f1a4cce77,a6f3f96d-a2d8-5ba5-95e8-33991edcecbc,0.165,none
4a714ab3-45c2-4c74-9b68-8f0a77fc53f9,d863f15d-b843-46a4-9603-01c313099787,0.1393,link
e4ec9375-3ff3-4b55-b7d5-5950a46840ea,2374ba73-a0a9-457f-b905-ceb0f18683f4,0.1187,link
9aafc477-b02b-439b-9a7c-59cf66587a89,d863f15d-b843-46a4-9603-01c313099787,0.1274,link
496fb33e-c06b-4d1a-b8c8-ec277829e728,7b6adbb2-fc8a-406e-bffa-843313c2d410,0.1258,link
5b022698-8c5f-45bc-be34-3192863ee067,7ed94f34-c01d-4e70-b58a-29225ec1b2f6,0.2055,link
353b16fe-5503-41b2-b319-49e452e90797,d863f15d-b843-46a4-9603-01c313099787,0.2005,link
0eff79e7-3b99-4509-a88d-4f459e088fa3,0bd082cc-be74-564c-9cf4-941f5d959507,0.1178,merge
00399cc2-e598-4c1e-9234-6ce1ed9b184b,7608d2f3-4578-504c-921c-93bb703fc9a1,0.1609,merge
be8e4f0d-7a26-49c2-8e34-88bfb54e6188,25db128a-085f-45b1-ae6d-588f3be59e8a,0.3187,link
f57276ca-73e2-4d05-a1dd-f98ddb0ad548,35c2f57a-096a-5414-a8b4-809085eb822e,0.1593,link
99dfb483-4a12-47cc-81f0-816dcfadd644,d1013e8f-56fc-5553-b839-ab5eacf5e7c9,0.2047,link
87d0f928-cade-496a-9eb7-f1d4a36fceb7,755f16f4-088e-5f11-bd81-06674000ca1e,0.1017,link
4801b371-d19a-416f-9a78-7dfa857b12d7,6296eb90-a033-4c97-8a0c-65289e926166,0.1788,none
404e9433-913a-4862-b5ab-7c7c9e7fe827,3a925711-3572-5ea7-93c7-3b5ca7ce0e5d,0.2264,link
f12aabd3-edc8-423d-abfa-c45a9dffbed9,3a925711-3572-5ea7-93c7-3b5ca7ce0e5d,0.194,link
30702f9d-e9ea-4d78-9459-2d1dca7407d9,b4c01042-df5d-57ca-b398-fdc29b74abbc,0.1474,none
79045072-d60c-403c-be7e-336ff5f6558c,e6525dd8-5e57-5c8a-abee-57f64d1c9eb4,0.1747,link
a7c58b73-df31-40f7-b767-9065b626701b,14c9562d-c985-5d98-8fe5-a8551e0a20ff,0.2344,link
ce41ddd6-702e-42c2-b155-783f24c561de,ec2a48cb-e041-5d38-b392-37aedf26919f,0.2509,link
15e12442-4c5e-4504-9164-e03ba62f6702,f10e97bc-a271-5f0b-85f5-a267043949e1,0.2186,none
25ba052d-b7ae-4d11-a3dd-6ed131963075,44a2143c-250e-5d19-b1b2-60ffd670ea61,0.296,merge
ffc6ef6e-72bc-4d10-b1c3-2c968457e238,ec2a48cb-e041-5d38-b392-37aedf26919f,0.2425,link
32053346-cfac-4ee1-b886-bd542b10acda,2f8040bb-70fe-5a05-9538-59afb5a6b7f4,0.2475,link
38e3c9da-f962-4b40-8a45-dd6caf252d31,ec2a48cb-e041-5d38-b392-37aedf26919f,0.3778,link
a84732de-2bae-473c-9c8b-a909e696fcc1,61ddb83d-92ed-5562-8479-42d6b0c9d1e9,0.2151,link
f66dfb80-052a-4606-9317-dba00f65b32d,317f9cf3-3430-58d9-b00e-d1c2c2e23c7f,0.3664,link
21aa5a66-fa57-4008-8d0b-a5c0b718379e,317f9cf3-3430-58d9-b00e-d1c2c2e23c7f,0.2594,link
de0261db-4700-4a08-8fc0-3a34452e028d,74de8dae-331b-5d0a-8f64-a1e8c7c5c3be,0.3451,merge
3c0e320d-a36b-4cd6-aea8-36e17589c0a1,c3b684c1-9c44-51cd-8a52-d7812ec62951,0.4873,merge
16c252cb-8bae-4d7f-ae12-1dc5e84f7d4b,433011a1-134c-5841-a49b-b33e87282103,0.2381,merge
9489e3f6-0da4-43db-8b5c-513e25269811,4afb8365-8988-5ac8-81b1-ac1a39a3f65c,0.2137,link
d67ee451-bb81-472a-bbee-93b0661aa509,9d795694-10ee-5720-b042-24295517817c,0.2042,merge
0c59486a-60cc-4ceb-9a93-71aad10a1c47,36d0fda5-a6ac-58c4-ba46-33343468ac4b,0.3007,merge
d3c67feb-bed1-433b-a284-f739c3adad1c,df5f3fb2-9b5d-5e23-838e-dc991a80a444,0.0818,link
2136d7a3-3e33-4c10-942b-ada8d4783027,c75962da-9a8e-53a7-81cc-b46d56f5100e,0.2272,link
f6ce51df-5546-40e5-8274-dfa6eb4ae364,8c3bf1a0-0301-5a31-8be8-5df2670b3429,0.1615,link
231fcdf7-44cc-49c1-9f8b-0733f5c959e9,4a4e1096-0f2a-5fe8-abfe-feabc2558ea3,0.2633,link
677a2fa9-3131-45d5-9179-0769f12d0975,1d28e574-c7a6-56e8-9296-7506f8f737e6,0.26,link
d989bcbe-5e94-48b7-900c-86316fc310ec,b02f70c9-aede-5830-8b6a-dd773855a654,0.3459,link
63e2fc2a-08fe-481e-9680-64520f82bc72,2b3665ac-d9e0-54e1-bc8f-be3b991d7038,0.2443,none
7ce0da72-240e-41d2-89e7-1a8e9cfe32b9,e7cdb75c-feda-56cb-aaa8-36eb7c2186db,0.1886,link
daf75cdc-0646-439d-abda-b8e34649be83,f578a7d0-3872-555d-9e67-0ec54d6f90a6,0.2581,merge
83feef6a-3483-464a-96f6-d954de253031,7f339f4c-abc1-50e7-a0f3-448af44eabec,0.4456,merge
13204de1-3979-45eb-8227-9aee231c2907,fd96dd04-5595-57a9-a39f-6de96df8b471,0.1711,link
28425817-29fd-445c-9515-2cddd93a436c,6a0ceadc-31fe-4fb2-af30-6281faded5ab,0.1563,none
12bd699b-f488-4bf4-9774-0162ec141028,b8565b5b-cd3f-5b68-9838-46d59f0c43ab,0.1482,link
06791467-23df-4f09-bda8-46d9048a7e27,a8be94fb-1440-4e4f-b072-979d49267a1c,0.2491,merge
c6f36891-ad4e-4bd8-b7ec-faff11ed3ed1,f578a7d0-3872-555d-9e67-0ec54d6f90a6,0.1943,merge
dee912d6-3d43-414a-b20e-6a44492e84e3,54a463dd-df6b-5ace-afb5-b3b179799e8e,0.4463,merge
405b366c-2f55-4a55-aff6-06b489acd8ae,ed438ae5-e3af-42b9-bfe9-c087e111f455,0.4032,link
4bc77816-3df2-4d7e-924b-9784ed99fe4d,54a463dd-df6b-5ace-afb5-b3b179799e8e,0.2875,merge
cedf081f-f5dd-481b-841c-29b1399adb70,b39daa6d-6ef9-5322-9331-d38a806b52ec,0.3756,merge
57e58e03-551c-420c-91fa-4651b7f31c48,a8be94fb-1440-4e4f-b072-979d49267a1c,0.2232,link
b1703217-469d-4194-b477-dbed9db76ff2,2b280d60-f1bf-5180-8096-ac41cfb17af9,0.2003,link
73ce38ed-91c5-4eb6-a6ae-56588d0f10fc,f22b9881-4f43-544c-be55-de8e3edc5f85,0.238,link
25a9e83f-6601-461f-a628-fea1e2da2db5,62f8e446-9b85-5251-b904-ad35d66d29a8,0.2485,link
98f2b790-34c7-4703-ab29-07cc7f5d1773,f298b8b3-f332-5ac2-98c0-e1ef8eef580c,0.2478,link
93b70bbd-9d2e-4643-b455-2faa4445d936,653ba790-47f6-509a-94e4-e6e010e514bd,0.1233,link
a10cec5e-d8e5-4fce-b38e-4758d3b5bc66,a3ef0b2d-63f8-5889-9d7c-3fde1e1f46f1,0.3299,merge
6bb567b5-68bc-4fe6-82bb-7985657a7969,0bbc7349-8768-5a94-8461-b718a4547301,0.2333,link
e5b710b9-548f-4b2d-8a83-20ad54c59916,653ba790-47f6-509a-94e4-e6e010e514bd,0.1829,none
2df5e956-6c36-4f39-b017-4c15a213c961,6a0ceadc-31fe-4fb2-af30-6281faded5ab,0.1526,none
0c96d053-c434-4e50-a4cb-1af27362d434,11d23252-77bd-599b-ab46-946bdee0286e,0.2605,link
c2aab9aa-2568-49b8-8117-f7854232f621,7f34a6f4-8e34-5c4d-8422-3254537a1715,0.2662,link
9171bbbd-aeb8-4b7f-b735-c8becc2b88f9,bce565cf-f073-5e79-9fd9-408ab180d0d1,0.177,link
5f5e99a2-a87d-4132-b1af-6b7fde202cb7,bce565cf-f073-5e79-9fd9-408ab180d0d1,0.1762,none
f469c0fd-2b4c-4f30-8550-82b71c3c2673,4e0c0405-d74c-58b0-9c00-b00ac26d06aa,0.2508,none
1b4c133e-7319-47fa-a49a-d01756b2a653,e6525dd8-5e57-5c8a-abee-57f64d1c9eb4,0.2058,link
6fc28626-4d8d-489c-ab86-2f749eb308ba,1a76196d-c5cd-5314-9230-fb068e899986,0.2148,none
fb394c58-4680-4acf-a7b9-2329b36ff12f,ce1985d2-d0ab-52d6-b0c8-e23a52585daf,0.1586,link
fc531132-e06c-41ea-8aa3-bb48b8bad3bb,7f73d67f-1970-5831-9fb9-c7324f552413,0.1546,link
567af5d9-fcac-454f-b8a2-c6f87fe0aaaf,ce1985d2-d0ab-52d6-b0c8-e23a52585daf,0.3252,link
9aa226a0-f07e-4825-9609-22d7b780138b,656c533f-a162-4079-8f43-720e9ddf488b,0.1557,link
cdd5ca94-db26-4eea-abde-ec7e7d7a67cd,627208b2-4ef8-47ca-b465-5817565f1219,0.1429,link
59861ece-854a-4fc5-813c-bb08113797e9,82a37258-28ff-456c-8435-1e5e9651f885,0.183,link
d18c877d-1161-41fd-bd99-0b60ac67ccd5,22098a76-50b2-5d73-8c84-6c8a436a8aa0,0.2427,link
3b960f67-e788-43bb-a296-8604c778fef6,6aecfcd1-5068-56f0-93cd-b323d5032bef,0.1667,merge
714db539-a0ae-4afb-aa64-5f6f470e0810,414ec184-bad9-54a7-a34f-a77dfdf9c0f9,0.2631,link
c651847e-e93c-4c6d-b76c-82b47d951e94,e19d5ffa-5eb9-5a2b-bd02-313130cf64f5,0.1579,merge
7f15b733-d230-443e-b4ad-310cf114f232,e19d5ffa-5eb9-5a2b-bd02-313130cf64f5,0.2797,link
4a576a78-d0c3-49e5-8074-6264102e1ada,6aecfcd1-5068-56f0-93cd-b323d5032bef,0.2526,link
b197d4f8-a2fc-4ee3-ab39-1f58ad557a46,6aecfcd1-5068-56f0-93cd-b323d5032bef,0.2963,link
80dd2f81-1226-47da-a418-2affa8f808b6,a0846564-d632-56ca-ab05-d2ebdd070c60,0.2437,link
b6b7476a-b7dc-4587-b0c4-337bcfda93a1,8074c052-9641-561c-886a-a9846d3f086f,0.2118,merge
0bb95e6b-ffdf-4c6e-92ec-172ec94f8264,627208b2-4ef8-47ca-b465-5817565f1219,0.1424,link
67ae7935-dc78-4d60-8338-bc0fd2587492,6255cf44-54b5-416e-8f0e-7ce8ed12cd93,0.2496,link
e643fe57-9d81-4ebc-a21b-64af9b029660,0e19bb1d-1e7c-51af-8a86-99a606168194,0.1766,link
5c413b6b-9c68-4b0f-a902-709ad6f9df0d,c75962da-9a8e-53a7-81cc-b46d56f5100e,0.2043,link
36118b4d-34ed-4d2f-a3a4-ad61d242e044,e6525dd8-5e57-5c8a-abee-57f64d1c9eb4,0.1438,link
748762a5-c417-4370-a771-fa6e0cec399a,05afb8bd-8320-5fa6-98f6-ac0be0fa5767,0.2614,none
1dfba80f-91fa-461a-9b88-6c11d6e8d6b3,567ffbd5-3542-5d93-b20c-c2cc6c49fc85,0.4,link
00219fcd-9a49-478f-946a-c3b8661ce53f,52599614-cfa6-5d91-bb10-6ff82e571f6e,0.2425,link
0bbb17b0-5a74-4f37-b357-4b528d8ecee4,2faa81f9-7a96-4132-a0d1-6bc97d6d00ce,0.1056,link
8cdb3c9a-acb2-4da4-9026-f7103fa84c8c,304a8bf8-0cde-552d-b095-c45917bd3d1d,0.274,merge
1b56c18f-0b72-4817-890a-7fee1b1c0695,39d56ac9-6687-59c4-b824-215974bacdf4,0.3511,link
b19a9e44-bd46-4387-bc36-4c9dbb87e36b,47cdf11f-85a1-5d6e-bd10-6e998865709d,0.2507,merge
710ff1de-3935-42c5-b5db-965f1872553e,69968254-1ac1-5430-82cf-f1ab1feaf603,0.1616,none
f9ebcfb9-f75c-478c-a00b-9f232c5395f0,677ac9ea-e253-574e-9754-46a693260709,0.2881,link
cd4f50bc-54ff-4ea9-9505-55960b1bf493,447cade5-a399-41ed-80cd-07e8b11c4dd1,0.1282,none
836f8a55-1ede-4185-9378-7f303691fd02,85cc2d51-8a4c-5f97-8d45-0af1a99da203,0.0652,none
62db1834-ceca-46b3-b8bc-d8d2ba9641a6,b9325562-e86e-53f0-beb1-4505a42683e4,0.1744,none
242d14da-c01b-4b82-953f-bb7cc488a102,b8e1e828-5804-512c-bce2-2cf189e03eeb,0.1869,merge
be169ca7-459d-45f4-8284-d979f33fadba,ec7e77d8-d9f7-5765-8104-d5f38d064aa8,0.0951,link
aba7d0a0-913b-45e4-8ede-855ef4e8d2a7,64563c2b-2109-4848-9949-96e613b7ffe2,0.1323,merge
d16c2bdc-c278-4a48-b1e3-5d2186d77f5d,d8518ef2-064b-4e4a-86f6-8262de2a9019,0.2067,link
7952f0bb-3870-4c0d-8310-f7ee7a2ce074,2c71367f-ef95-5861-9ddc-19ceb055cd51,0.1681,link
6afd8909-39d2-466b-aa7b-c099824da110,fdbe3fef-1135-4c49-914a-4fbaa745eaac,0.1603,link
cd0ed9d4-de8b-4f07-be99-601988b0ddd7,b515631a-0485-577f-a53d-11d0e0859b71,0.0849,none
db10796e-9b87-4fcb-aded-ef2fa7c10670,6cda6e52-5cf8-5982-abf9-83787ad74ec9,0.1651,none
10ec439d-8fae-4b4a-8ed4-fc3543e5220e,884f1a87-f08e-4329-8c26-eaea462b5f7b,0.139,none
982caee5-356a-4498-a5aa-0092d989b882,d6ead46a-e7cd-5534-ae61-3badfc31fa26,0.1176,none
1fb66e53-bee0-4b3e-b177-16d810cf4330,0cb33278-9c22-54ed-8781-e9597a9925ea,0.0373,none
0137f051-2b3e-420b-bc0f-069214b2efc2,9463260c-a68b-5ce6-a360-4caee24fd738,0.1416,none
a66c32da-9426-45c4-87b0-bbaf58adf722,64563c2b-2109-4848-9949-96e613b7ffe2,0.1864,link
a7a146ba-ecb2-4b66-bfda-3f1b2545388a,3e8126aa-6241-5782-9e20-7fa694a61e5a,0.2327,link
93c1e987-c819-4d37-adf5-85eb499337d9,64563c2b-2109-4848-9949-96e613b7ffe2,0.1448,link
c6957662-5dc4-4d6c-ae7a-9200d29ca06c,80c711ce-58ca-50a6-bb1b-3bcff46f43d2,0.1889,none
75e6286a-cc15-48bc-aea6-6370fd408862,d3bc2b34-9e83-537c-ad57-602c18794b88,0.2098,link
766bd170-9545-416f-9cba-200706868a5e,aa4cdcda-5636-5ff9-a386-9bd5b23d58b8,0.1571,merge
f48bdda6-192f-48e2-bbba-b199b56e6ad0,a1d833a9-1ad3-4b03-9d9e-43cef56e43de,0.1487,merge
655df555-2bd6-4253-b5e2-9d487600194e,50af0952-48f0-5218-a393-175a1aa77a37,0.1068,merge
6dbbbf80-321e-4e88-8e9d-319cce2705f1,f9484148-dca3-5741-804d-0d626fdcd98e,0.2308,merge
fafb5972-1e0e-45c0-85f3-2d4c821c5b77,d94c6269-664e-5acd-9ca7-e9d6e3989a8b,0.3205,merge
2a6fdd97-69d5-4e18-bca3-a30134b27854,09c0a448-b2dd-5cab-85eb-f99aae9f7981,0.3333,link
2ece45a9-b52b-4ca0-8c2c-29b4f5389745,09c0a448-b2dd-5cab-85eb-f99aae9f7981,0.2581,link
6a009182-cdaf-4eb8-ae03-f95f5cabe67e,d94c6269-664e-5acd-9ca7-e9d6e3989a8b,0.1455,link
ea322061-5e20-46f6-9e17-08b5d64b9f57,3a925711-3572-5ea7-93c7-3b5ca7ce0e5d,0.2659,link
3996f7e2-7f07-4586-be95-582c6c263ef2,9ed45589-f513-5dba-a598-bce4d83811a2,0.2886,link
080bf622-1d49-40c0-af51-60c36a59e0fb,633da281-0c53-47d5-8824-8d90fcd18035,0.1119,none
ba97aabc-c686-4810-a914-973809265ca7,d74dd6d1-5b2c-5562-a743-b41070a7b54f,0.0957,merge
9d733299-5003-44af-bdad-6edc5b8ff368,96b4f4dc-dcd9-5aba-9cb0-97c1d5b77cab,0.2923,none
8ac4cd88-cd29-4619-960e-67324a714e0e,3adc18f8-15fb-5dca-ae72-20a6dbb0b4bb,0.4127,link
3b0ec523-5deb-4e2f-adca-1cdf6d87268b,e7cdb75c-feda-56cb-aaa8-36eb7c2186db,0.2501,link
147884ad-79e0-4bce-823a-f458dd0d7ef7,f578a7d0-3872-555d-9e67-0ec54d6f90a6,0.3063,link
0bb93121-382a-4cea-ad19-4c3e851e17b7,ea0959ab-0e0f-53eb-9eb9-aa7ec5f70750,0.2774,link
1e24cc38-4534-45c0-8c57-1cb66539181a,f703c697-7bb4-5e33-9f83-56bf272768f3,0.2416,merge
c18d045b-5d23-4cde-980c-fd6db059ed45,636dbe08-2937-576c-b306-64bca3e61563,0.2287,merge
9d617833-a42b-46b3-ac79-768ddfd2d7e0,2ad87414-627a-5b7c-90be-1106bc4c6876,0.229,merge
250f9cee-2791-4e01-89bc-50a71aa39600,3280abf4-84e7-5306-88cf-450d79801840,0.2697,link
79d8c281-8f70-4227-8f38-73d8b2ce1d05,7d2e9341-ba96-5ec3-9b98-3fb270bc5508,0.1395,merge
858d3fe8-05f0-43f8-a305-2b60ce0f5bec,ef6abc7b-1496-59cd-afea-f34949b1e3b8,0.22,link
16189fb6-ebfc-45d3-9df5-9946b5394f2c,9ba2a37d-3788-48a5-bc33-94c1cff94af1,0.1775,link
9da3b8b9-a82b-43ea-af11-17ef717f38e5,7791ef37-26f9-5ee3-849a-c88dac98164b,0.1492,link
518b860b-68a0-4e2b-8b88-5c3f8efa1702,89bc1acb-fdb7-444a-adeb-7858ec6a6a20,0.1156,link
038d987c-3b99-47a1-a716-592ca26b3b56,863028c4-61cc-5e59-8c83-beea5ec279c3,0.2943,link
4a3a020a-04a7-4bdd-b59b-8a1e577262b5,05afb8bd-8320-5fa6-98f6-ac0be0fa5767,0.1436,link
db9dfbb2-c733-4213-893e-c3216341ff3f,a1a885e5-6289-5833-b7f4-52345fd10d54,0.1984,none
04cb028a-b65d-462b-a41e-f49d51cffaa8,395bd3e9-644c-5663-b58e-56354ee70424,0.1347,link
67b6e6c2-5815-4bb5-86a9-37c3e3c21722,57616ff8-242f-4de5-a055-763954883133,0.2322,link
a513ff2f-dbe0-4302-b0fc-6ce2a0b768d5,19cec163-412b-5bb2-bddf-f54d76cbd37a,0.2715,link
1806b64c-4a5c-431a-a375-b938de3e2c47,57616ff8-242f-4de5-a055-763954883133,0.3072,link
197b075b-584b-4577-aa7b-383bc33d9a0f,6f563dcf-251c-4997-80b0-0bb22c926e9a,0.2247,link
220a38f4-3a14-40d5-a32d-312e0b8e94b2,dc8db438-33f2-5239-8957-e25cdaa9e5e0,0.2642,link
9665a70a-b484-48ef-8b07-07c57ace5f6d,b2b4888f-f150-584d-8717-31de7864989d,0.1373,none
f847ca2c-8f17-459d-a6b3-29375e0f4993,ab61aaed-db50-5b2d-8030-4f7ded710083,0.153,none
9752a295-3f8e-471f-8446-76a8a79b2915,365c1c8f-e0ad-4f32-bfcd-d14567d87ae1,0.1027,none
5b9588b8-b65d-4c66-b95e-a314c5b9fb1e,1dc43d2c-2fbb-514f-a2bc-49ef0d418ae4,0.0596,none
834268bf-d371-4910-a888-dfa47c9ab914,365c1c8f-e0ad-4f32-bfcd-d14567d87ae1,0.0921,none
9b53c8fa-83aa-449a-9aa0-79c14f1faf49,b8e1e828-5804-512c-bce2-2cf189e03eeb,0.269,merge
a41ac4c3-85b3-471f-8858-bb0d0cd064ca,b8e1e828-5804-512c-bce2-2cf189e03eeb,0.2569,link
154edce8-53be-4f0b-a39c-1697e4e901e1,2ad934e1-0446-5174-ae7c-26b06e85dbc6,0.211,link_regional
48ed07fc-f48a-417b-a173-81e341ec2ffc,3e8126aa-6241-5782-9e20-7fa694a61e5a,0.1393,none
9eed87fe-95a1-4c3b-be87-d99095bcf339,5d51d7bd-68e1-5d6d-bbff-b674c73bbaea,0.1452,link
71a76166-333c-43ad-b9d2-191e1fae840c,796584cf-96ab-559a-8e86-322d95757ea3,0.1905,link
451bb90d-2c8d-4b82-a987-8767731a8a6c,a622aa0e-33a5-58ab-bb11-cf04a00dce0c,0.167,link
e150bd9e-820e-400c-9e57-f841249aebc5,a897237c-b860-5647-8f41-6e1ffd3ed645,0.2073,link
2ae1ea65-29d8-4474-a041-bb53d57fd7b1,c5ae0dd5-c795-5993-995f-88b284782c0b,0.178,link
14e0ff29-1a69-4a45-88ad-36069de80d25,13f41ffd-ad2a-4d12-9353-eb797b70da91,0.0761,none
5dbe67bd-81a9-460c-8c71-5f2b4d9c959f,d8004194-a0e8-5a32-b36b-6173fc61194a,0.0947,none
eb1842a1-9296-41de-9004-b4affc7831fd,ab61aaed-db50-5b2d-8030-4f7ded710083,0.2296,link
f3b61ab1-c451-4a8a-bf65-9f1a1a251754,a622aa0e-33a5-58ab-bb11-cf04a00dce0c,0.2371,link
547befa7-7967-4fd8-bea0-117f0cfe5c9b,e96d5914-1b25-5d07-80e5-ce0d9fdf863f,0.4156,merge
4e6d7b51-b563-4bd9-b5c1-6307c7b1dd10,cb4fa2a9-ca81-55f4-8f24-dfc4ed997bf8,0.1539,link
8736780f-c6eb-49e3-af1b-55e84d61c7a7,8f6aea95-061a-5ffb-ab9a-092241f50441,0.1368,link
48267e56-93ad-403a-953b-2b6ee05e9fca,a897237c-b860-5647-8f41-6e1ffd3ed645,0.2078,link
9bf2f558-44de-4371-8a24-526899dcde8c,f26b664c-7aaf-5f47-bd64-6bd2d7574cca,0.1094,link
07be76f0-8458-4927-88c9-06d40ba7b34f,fdbe3fef-1135-4c49-914a-4fbaa745eaac,0.2108,none
b43f69bc-d291-453b-9675-565721ce7a19,2ad87414-627a-5b7c-90be-1106bc4c6876,0.1128,merge
ef7660fe-8ddd-4a04-8711-a804cc97c610,13f41ffd-ad2a-4d12-9353-eb797b70da91,0.2929,link
339a7db8-bc19-455d-9ff3-fb2273cc68e3,60a6523a-1d2e-5d2f-88b2-de705676813c,0.1076,link
8415bc93-6a25-4a62-86d8-9a16d4aa38e2,8676d43c-8ed1-5783-8229-269b360b33c2,0.0853,link
6d28d3b6-c2b5-4103-aaa1-75d728689d93,5b18f52e-5eae-5b00-9720-d66c9f21084d,0.0797,link
c6c95184-8107-4573-8d38-a329814663f0,95a6521a-e945-576b-9934-ce4039978c77,0.2121,link
140e02d7-e6d2-4622-a002-600557317713,95a6521a-e945-576b-9934-ce4039978c77,0.3571,merge
22aa2bcf-b61a-41ce-bc8c-885280464073,dc8db438-33f2-5239-8957-e25cdaa9e5e0,0.2903,link
a673306b-ff0e-4392-bb69-579c5e3cba28,2ee06e08-3ace-5d62-8d0a-f8e7e1fbc0e1,0.1247,link
ad7f840f-c413-408c-adf7-d21937a5b535,b02c3de8-7535-5bfc-8e3f-8437bc32a140,0.2835,link
234590bf-6103-47a0-9823-910d91aebcfd,927348fe-e3fb-5e94-b3d4-b5c3cb64bef4,0.1187,link
59f1d8cf-bbfe-4da2-9734-5008d0235c56,7aa110ae-51f6-4ded-af50-7934698c8b26,0.3055,link
74c1e05f-c68f-406a-a9d2-c4752b6c785b,e3333e44-9d4e-54a9-a427-00f3523532f9,0.111,merge
ad09d9a2-7e10-46a5-9d61-6cbd16988675,161f167a-bafb-40eb-9040-1d7982b646ad,0.2455,link
a809b12a-5464-4ed7-a031-8676bcf5364f,4f1cf322-82e0-543b-9d80-c2fa79085fd8,0.1495,link
8b27a5c2-c281-49f3-ba40-4b50b152804f,a5b32d92-952a-5680-aa80-d9048b8d2af9,0.2043,link
dfcb0cd2-69fb-4ca6-aebd-0df4421e8d05,3b3c207c-2fbb-594f-bc16-aef719637e52,0.1771,link
63ba620e-01c7-405c-bc55-27e9588ef836,a897237c-b860-5647-8f41-6e1ffd3ed645,0.0844,link
35b540eb-18d3-4e0e-bde9-60c725233474,bfb77177-9d4f-50b0-b7c1-373e301e8471,0.1823,link
5194e528-90d6-43e4-aea3-82ddd259d6a4,7d2e9341-ba96-5ec3-9b98-3fb270bc5508,0.0495,link
807487f3-73fc-4a0a-91ef-af18e52fe375,26d22200-e9bb-556c-81c1-c35a4c64a225,0.2086,link
124bdaaf-c052-4b19-b0a4-efaa8840f94c,db0cac93-38ee-5636-881e-e9a7fac66403,0.1929,link
1b94ca5e-5b54-4396-8b13-0feafdc47711,a6f3f96d-a2d8-5ba5-95e8-33991edcecbc,0.2609,link
371e3a5c-ddd3-47af-bb45-192195b04bf8,26d22200-e9bb-556c-81c1-c35a4c64a225,0.2399,link
24c4133c-9460-42d9-a982-a88abe5961b6,eefa37d0-e3d7-53cd-9e91-f877889b7db0,0.1527,merge
5f979d61-84f0-4ca3-a85c-d01e801e34f8,88b14085-880b-52a9-8914-e6b8c8a8e077,0.1845,link
4cae0aac-4930-4ae9-8762-4fb0ab9bdc3c,ea0959ab-0e0f-53eb-9eb9-aa7ec5f70750,0.2426,link
5ecf7e26-2234-4f85-8d00-b8e88011ea77,ea0959ab-0e0f-53eb-9eb9-aa7ec5f70750,0.2002,link
522823dd-c930-4aab-87bf-9a352d6dae30,d0dc7a0d-45e1-5e0c-b941-4f8f63442879,0.2551,link
92459142-88f9-4f17-bd74-9e37f4547b52,3e117ec0-15e3-504c-9492-f689213dd079,0.3082,merge
47d4d887-6a50-4831-b8c4-071f0baa655e,14047f66-56ba-59f0-b582-2af921aab0e6,0.1706,none
d4b71bd8-dc66-40ae-a10d-c5c24041f96f,5a75b6d4-a3f4-5ff8-bf12-f81ff5586042,0.2624,link
1a62ad2c-37b5-4dde-b610-16ec6f9e89d4,370f42c5-303d-5239-acb6-262fef986998,0.2595,link
72fb8f94-dee1-4fc4-9cf7-1fb8fea5ab9f,370f42c5-303d-5239-acb6-262fef986998,0.1731,merge
e477cb1f-073b-4243-8d73-b33a49839383,370f42c5-303d-5239-acb6-262fef986998,0.1684,link
f09381d0-246c-4779-892c-1b4b359b8b47,e63ee628-3eb1-5fba-a2a1-0de043bf101e,0.4567,link
9210a566-780e-4f1e-b3a0-d8a48b7fd91f,0d09acef-0351-5d6e-8d35-ec2a950c1cf5,0.3475,link
bab4d107-f344-4235-a4eb-90b720fbd634,0d09acef-0351-5d6e-8d35-ec2a950c1cf5,0.1596,link
dea7a8a3-da2d-4144-93b8-67c5af2eaada,3d028b96-3db3-5175-8bbc-74c189ae83b5,0.2209,merge
79f889e6-54f7-4bd6-99f4-33c3584a90a0,783e04ae-9b0c-5680-9b1a-7084998118c9,0.1405,link
e882022c-0074-4b88-9b4c-c7b10028787d,414ec184-bad9-54a7-a34f-a77dfdf9c0f9,0.2843,merge
37e21048-031c-4c0a-acae-dae1e767640b,3d028b96-3db3-5175-8bbc-74c189ae83b5,0.2477,link
2cde0269-8e28-46d3-aff3-6a18f71ac105,9432b8e1-ebd3-5962-a190-080bc5687ace,0.2446,link
87d50561-e7db-4f34-94a8-00656cadae56,ab61aaed-db50-5b2d-8030-4f7ded710083,0.1779,none
0b583d53-2d36-43eb-971d-cea2025278d4,5cfd8c36-cc92-5c7a-9e46-2b60fd373c47,0.274,link
b737bc4c-a060-4f59-9322-51ff4cac74b0,9432b8e1-ebd3-5962-a190-080bc5687ace,0.226,link
53b3103a-5b2a-4d2f-8f26-2182ea619f3a,ede10534-7166-5f54-a90a-aae0d43eb097,0.1446,none
888223ba-cfdf-4bbd-b1b1-18edd984b09c,0fd18a8e-496e-5105-89a5-17a62731dd60,0.1389,link
e3e0b72b-8fc0-44ff-b408-24dec242e62a,45579d63-1687-52b1-b66c-e03d1277a5d6,0.1781,link
54dbfa62-00a9-4d10-872a-8fe0e93a2702,a8d28aa9-cf2c-52e1-837b-ba7f9a5d3ecb,0.1468,link
c63a138b-345f-489b-904b-1428491608c3,b9325562-e86e-53f0-beb1-4505a42683e4,0.3752,link
5fb4cdc1-c33d-4191-a838-896ed15cb8fa,b9325562-e86e-53f0-beb1-4505a42683e4,0.1708,none
dc74f958-d884-4c0d-8d7c-dd0e7eaefd91,52ffb8ee-c70d-5076-b2c6-8f3a1b435fa9,0.1342,link
fc1a60f7-c872-4399-88d1-c6cb439e3d0f,306ce9f4-0018-504d-bf10-70d68c8563ec,0.1481,none
3c4f58f5-6f76-4bb4-949a-3814d3fe5cab,52ffb8ee-c70d-5076-b2c6-8f3a1b435fa9,0.1461,link
a6aa2863-dfea-4ac0-afc0-e2e8cfdb8700,d79aa72a-8b75-538b-9acb-eabb3c037811,0.1366,link
2a1ce876-d34b-4044-9802-7dc26aa94f22,b9b94f31-b58b-5e26-9efe-680b167046ba,0.129,none
7bbf5458-d201-4e98-8c64-cccf8eb5024f,d20a384e-e8cc-5c06-acd5-9c829e5c9042,0.1324,none
1f29dce3-d7f4-4a7c-9afe-abe0c49071fb,52ffb8ee-c70d-5076-b2c6-8f3a1b435fa9,0.1478,link
70967a95-7bf9-4051-95f8-e1570290703a,9ddaee28-59fe-5fc5-8752-07e538ce90da,0.1185,link
1049598d-f061-4d06-926b-7f617c0bf11b,a5dc03f6-bf53-5daf-ac19-173d97218c17,0.1341,link
fcbca273-d644-45a8-8e13-463df7d8b575,96b4f4dc-dcd9-5aba-9cb0-97c1d5b77cab,0.1786,none
3676a340-3981-4c90-a142-43629e069bc3,06a2c65b-ea61-570a-bd78-e87947962032,0.1108,link
bd21a070-83aa-4123-ad92-89aa7411b01a,e2c041dc-be4f-55ae-b02c-ac6e09b82173,0.251,link
687a3a35-a0c7-4304-a6a6-9bb37b2bd246,f7a50dff-113f-5c76-8fba-b74c5e88499f,0.1544,merge
0713fc98-78b8-4be6-a63d-e999277a9e4d,56132d0e-c1f0-553a-941b-e6aeb30ad287,0.3149,link
68957e4e-d2df-4f4f-ad33-8757eec0a898,9483c9ac-57b6-52f8-8d48-0b5b485c03a6,0.1471,link
beff70b6-66cb-447b-91d1-83d69e984ca6,61d83709-91fa-53c2-a6e1-9e7b4fd01343,0.1747,link
ce4a9be7-d210-4c40-bff1-442a70110457,3cdfa046-f39d-599f-8575-f8795e66d2ca,0.4066,link
e1a2750c-e4d1-4462-a803-c2cde44c3795,dc8db438-33f2-5239-8957-e25cdaa9e5e0,0.2689,link
6c176e33-e342-45f3-9393-ceb13935599d,a8d28aa9-cf2c-52e1-837b-ba7f9a5d3ecb,0.3122,link
8292a579-1045-4f59-9eb6-96406c614274,2b003d7c-2e77-5d81-b2f4-bd618c0c54be,0.3808,link
94b3a2a7-f9b9-45ec-b507-890685ccb0d0,dcfc3f7f-5956-5cce-847d-eb66270bd307,0.2627,merge
adcbfd80-9738-4671-b6ed-1b5cb7fe8d33,82a37258-28ff-456c-8435-1e5e9651f885,0.3893,link
afdf1836-51d2-4d4d-8605-34972073e9f9,6cac74ab-abf2-554b-aab6-fd0f328613ce,0.3635,none
0a21f8d4-e3d8-4fd2-8d48-5cb1f59e247f,2687e8fb-2c68-509e-8ca5-56ca08ba3999,0.3283,merge
bb989280-00f6-4495-9570-5197ed70a719,2687e8fb-2c68-509e-8ca5-56ca08ba3999,0.2402,link
50d2d0fc-123a-4961-b928-88d38504082e,9a69106b-bb8b-5a63-a8d4-f68a20306123,0.205,link
d446f63c-3600-4e48-8084-a639a14cf305,50498599-6f3e-5ed3-8398-58bfcc2dfd3b,0.2097,link
f4dec411-703c-4df9-be94-c272ff015d53,0b4a3aca-ad10-5ad3-b890-e30d7042bd5b,0.3171,link
5eeb4ae9-b5c7-4cd1-b9d4-ca713bbf74a2,d6336ff8-2f64-565c-bf21-75bb6a8f781e,0.1437,link
8a96ad74-808a-44d6-accb-c965fe83a272,4a3655e0-0275-5949-a449-f9b8088763bf,0.3204,link
148b3055-0876-458f-9c99-d9764e35d3a0,dd8b4c11-c205-5c97-aa27-464fbcd85a9a,0.0446,none
6324a2a8-6ab4-453a-b070-85f09f5d88ed,ffdefe1f-e62c-5137-89c4-ef901293bfe8,0.0604,none
f59e7b0e-4a5e-4e31-beaa-f2c538171aa2,e05dcd62-c25f-4bde-b9fd-c834c4014276,0.1102,none
ec9d94d7-a5f7-4d3d-b141-853b0afc09a5,f482a304-c72b-4ba1-99ad-e993c9482863,0.116,none
9a749421-c6d1-4ea3-992c-ee5dfb34b156,e650344b-f932-5f85-8c6b-abfa302759cf,0.0848,link
dceaf51f-c313-492c-9c9f-ec853217767b,7dfda327-0d4b-5dd0-894a-9b8a59b51069,0.1179,link
65f663f1-de0b-40a8-b7bc-39aad2b21d5a,148fbf00-3416-403d-ae42-951b937f2021,0.241,link
15c6bc38-bcfa-4eaf-9869-3af1762bfafc,34fbe045-f7dc-5086-9079-2d35e254c9fe,0.2565,merge
8282838b-357d-4371-ae6e-ee2ec5792449,cc64bba3-b517-5c0a-a4ab-3416bd8c4f90,0.357,link
f2923b04-7c6a-4bd8-abca-6a87022f42d9,89b78783-0d0d-5f1a-9800-319ec791b285,0.1744,merge
8e407095-eecd-4319-9506-91868e0109b3,34fbe045-f7dc-5086-9079-2d35e254c9fe,0.2447,link
12842c9f-66a1-4364-b53d-8e74c20f6551,e54f0821-72ec-5763-8693-2234bc2e485a,0.083,none
37376572-f519-4ff5-ad68-5e084cb167c4,d6336ff8-2f64-565c-bf21-75bb6a8f781e,0.0981,link
2729ed06-745a-4030-95c9-296a8a0f3a7e,30ebf30e-f1f4-565a-851e-23192076cd5e,0.0846,link
3f58c851-4f2b-4952-ae14-bafccadc726b,2b3665ac-d9e0-54e1-bc8f-be3b991d7038,0.2381,link
6cb02ce9-2e48-40c5-be99-404171d0f618,9356a6dd-da0d-4d61-94c4-c896403013bf,0.3164,link
f5227118-7abc-468c-8fa8-24ca5951cfad,0c4bbabc-7c9d-4382-bb8b-26509cb786ae,0.4122,merge
2dc2a385-cb5d-450d-9951-a513ba536f95,0bb43697-539b-423a-8894-a7d98d2f59be,0.1247,link
31b95539-ae08-4155-9665-047bc5c44bb9,a8ea884c-a65e-55bc-aeff-ffb2a3cb9b49,0.4583,merge
ff298a35-95ba-4624-b531-9fd6cca05ae4,c7a43025-4d65-5329-a34d-7d7a084b0cf2,0.4659,merge
9038b99f-1465-459e-9fea-089925c4c9f6,c51a44aa-ad96-4756-b32f-0809674c0038,0.4848,link
3a8361b4-0747-4eef-accc-4af3306bb603,158e0231-4508-5950-bb33-7b29d0ebf269,0.2954,link
6fc22775-66cd-4d4b-a6c8-f4e697589cdc,595d828d-b9ec-497e-adec-52382d5e599a,0.1251,none
78b045c9-49fa-471f-9b1f-1875bd66e91d,2ad87414-627a-5b7c-90be-1106bc4c6876,0.2043,link
fcf87961-2b3f-4afb-93a1-76a567b9da0d,2013ca22-fbca-5331-93f9-0beea2dd9cf1,0.2159,none
fd71da7e-0c79-4e88-adcd-9d6b70c7bf01,60a6523a-1d2e-5d2f-88b2-de705676813c,0.1269,link
5dd1bafe-b297-4b28-9a97-817038462a16,783e04ae-9b0c-5680-9b1a-7084998118c9,0.1314,none
3d6bfbbc-4d01-4dbc-84bb-5c1c75f76779,8a82f241-5bc1-5ba7-9a24-ed9c72a581d2,0.0879,link
6dc81fc2-0a9f-4640-a4b7-6deb1b361780,9432b8e1-ebd3-5962-a190-080bc5687ace,0.067,link
2d5b4ca8-47a4-4889-8ae2-2660d49a249b,395bd3e9-644c-5663-b58e-56354ee70424,0.1101,link
727918cd-65f4-4651-8aa8-57e0b16c177e,36ff134e-8504-550e-9bd9-84112921b8f9,0.1006,link
f9889381-4056-4650-a453-c5d0dfa8c184,fe8ccaeb-0790-5c50-97e6-2adaec59a933,0.053,link
9ff3598b-2350-4f6f-8e2f-1c92c81597e5,91491da3-9203-5f7b-85f2-6747ae2ae03f,0.1964,merge
40f9896e-36e5-4a43-8286-d22f01e8d6be,07f4ca9a-f0ef-53e5-a387-4b5d049185a1,0.1134,link
eeec7643-adf1-4eea-9cc7-bc63f9c676d3,1ef413c9-09ca-4ef6-ae58-762790fd8ef4,0.0793,link
e0113128-871e-45d7-9f7b-065c271f5c3d,89c16385-001c-532e-9171-289208b0519e,0.1242,none
7db77acd-7451-4b30-a15f-b33099088c43,2ad934e1-0446-5174-ae7c-26b06e85dbc6,0.0791,none
b0f8d684-902a-4eac-9374-a0af271302d5,74f64abf-7c08-4c90-b8e3-ada065064326,0.2871,link_regional
3e67e6f3-53b3-4c27-87c5-e44ff2e34f8a,595d828d-b9ec-497e-adec-52382d5e599a,0.055,link
4314b33f-f16f-4074-9afe-89353ec1cb05,b5f57124-5b33-460c-b74d-2a36fd89f003,0.1333,link
a7897801-9153-41f6-b761-58a5c4a08d3b,f0e4be05-ad51-46dc-95ce-30f697031c8d,0.1155,link
784741b4-a638-46e1-a8a7-6bd42e58a885,a897237c-b860-5647-8f41-6e1ffd3ed645,0.1453,link
e0da8002-ddc1-4d8c-bcd1-00a1b91e86ce,a897237c-b860-5647-8f41-6e1ffd3ed645,0.0891,link
f6f77096-5e4f-4070-bf3f-081a98812a37,755f16f4-088e-5f11-bd81-06674000ca1e,0.1336,link
f881c08b-fecf-4cca-b235-fa2d61409b6b,e2c041dc-be4f-55ae-b02c-ac6e09b82173,0.1669,none
9f866841-5e38-4072-af36-8b9bd9792dbe,dc8db438-33f2-5239-8957-e25cdaa9e5e0,0.1241,link
80462945-43c5-4907-9418-2a88586ca462,18baa937-6c61-5248-93a4-1a5bfbc4e99a,0.235,merge
dbd36262-f638-4447-af84-ac4457ae5bf6,c2c683ad-34ba-5ae5-b56d-782a5e0efeb2,0.1933,none
d62002c3-742f-43fd-a1fc-0f9e1c11b412,b515631a-0485-577f-a53d-11d0e0859b71,0.1654,link
4882d98e-875f-4d5b-8429-0aa2edc65b9c,5409556b-2f94-54b7-8d77-4ce5d3e86e27,0.443,link
9885c229-b3fb-4a6f-933d-ab1e42739dab,13cc406a-cb0c-5917-9440-9be51de9017f,0.1726,merge
31623959-b25a-4c1f-86cb-e25a2f43a5c2,5409556b-2f94-54b7-8d77-4ce5d3e86e27,0.0999,link
a22ff7c2-b5ac-4d4e-84e5-eee37e340a81,31d1aa9e-8254-5472-b22c-36d17d807f58,0.1687,link
b706abc8-e16a-4921-b0ef-5b5a9a123731,7cc46507-fb0d-5b3a-b70e-30073ebea3e2,0.1452,link
b2550c04-6994-4ac7-aacf-a1ddf46a2b07,927348fe-e3fb-5e94-b3d4-b5c3cb64bef4,0.1985,link
eeb9601e-dd2f-4495-b27e-59ee820a5e09,31632a52-38dc-5125-a5df-47e4bf17e976,0.0968,link
879ff737-a012-4f87-9fc3-a2b2486af7e1,ab4246c5-877c-547d-ad2c-a636f87b490a,0.2536,merge
a6a5e6f6-7d0d-42e3-aa65-ad91a0bbaef6,3fd3c652-c7ac-5615-b8b7-50ff7718d89a,0.0908,link
9fa0c1c8-1bda-422b-bf48-a58f96f741fc,dad3591d-c534-5c37-8768-47da56a149d5,0.1822,link
f926cd5c-38df-44cf-960a-310fc5c7ed95,6255cf44-54b5-416e-8f0e-7ce8ed12cd93,0.2532,merge
9121d688-9bda-45cf-ad32-81c7dafa0e25,0b4a3aca-ad10-5ad3-b890-e30d7042bd5b,0.2501,link
25113ecc-9de4-48d0-a3a2-74c1d87df2ca,6d8fc2dc-8496-51a4-8814-0f0bfd5d31fb,0.1853,link
cfebfea5-f386-4cf4-982b-24fbadf803c6,7e3f7a9a-dc6b-5170-b00a-682e9c5b147e,0.3839,link
90685f5a-a890-4a76-8cb5-610ebe3355eb,fdbe3fef-1135-4c49-914a-4fbaa745eaac,0.1208,link
f45fea17-7fb9-44e2-adf5-8b3ffb51b0fd,2ad87414-627a-5b7c-90be-1106bc4c6876,0.0974,link
35c45521-9f40-4484-a858-c5205641fbf4,8676d43c-8ed1-5783-8229-269b360b33c2,0.2547,link
825311c2-9451-4d94-bc9c-7cf1acd6ff6a,8d69a952-069c-4b47-9f64-02ea1fbbca25,0.2161,link
af084d5c-802c-4772-b454-05230b2f2eef,c5ae0dd5-c795-5993-995f-88b284782c0b,0.1619,link
6895507d-43f0-4a82-9325-06f67b8f12a6,186c0d25-bfaf-5723-b0dc-b64048f35f67,0.2457,link
a0da181d-863b-41b6-bdc2-a376df301cbe,d6c129bf-c684-51b3-977f-4b56b2be79db,0.1324,none
8a0cf180-1701-4a65-af91-be059c3a8276,d6c129bf-c684-51b3-977f-4b56b2be79db,0.1793,none
fd9828c2-8d28-4fa2-b16e-f72008b224d4,ec34be4f-c259-43c2-b0fa-44e484b2beaf,0.0619,none
f9dd2cd5-62b2-4330-b183-e68d25eb2fe0,5b501154-97bc-5858-8544-1812e2951df8,0.241,link
44013242-a800-4a7e-8b97-19f0d2fcb3a9,e948809c-544e-51a2-ae5e-f72ef38b150b,0.225,link
001f067b-0a3e-4f31-a81b-aad9a285bd7e,e948809c-544e-51a2-ae5e-f72ef38b150b,0.4269,link
bf35ee57-450a-4c69-ad4e-774c39903eb1,4a3655e0-0275-5949-a449-f9b8088763bf,0.1569,link
5db21bd4-2a24-4b29-9187-85d1ff41fdf4,cb330a1c-ce97-5881-a22f-6afdf45c205d,0.2696,link
da6c7ce0-fc22-49aa-86f0-aa9d80e153ee,9eda3ea4-ae93-59ef-940b-d17152c35ae9,0.3541,link
d7160e36-b1e9-4f65-a7c8-56aeb6dc942c,94c5965e-3012-51ce-933a-db0509babe06,0.3535,link
7af7360d-1654-4c25-881c-2db4c2d09ad2,58f43fbb-40ce-5b02-b1d9-246a95c05eed,0.2261,link
15cec169-6906-4bc7-b16f-ca30f27b6324,7d357604-fe7d-521d-802d-cc777a115e31,0.1999,link
e94547aa-7b22-40a4-905b-52714ceb46cd,170ad50a-04a1-5099-948d-aebaf8279418,0.17,link
5fd43b29-e637-4216-a999-4bc7aadec309,d3bf5b63-6d63-4049-83e3-7f843eeff3e0,0.3197,link
5ba135b7-4174-4d11-bd15-bfd244c66b6e,c790a800-8acc-4f46-98c6-bc65445f6705,0.0488,none
a85513ac-e5d4-43fc-9055-58c32acc22ba,2dd98000-baf7-51f5-b642-98088a51f3b3,0.0389,none
09404ce8-7904-4fbf-a4e9-ea08cc2097c9,f482a304-c72b-4ba1-99ad-e993c9482863,0.0382,none
9faffe8f-bd76-434b-86f5-8534a694c15d,5ccae679-19cb-4878-8a61-5983da5187a3,0.0872,none
a2ece9eb-2c55-441e-9095-cca3ec668bf0,1a76196d-c5cd-5314-9230-fb068e899986,0.0769,none
894c936d-1618-4d1f-bc79-95d9393e3a6a,7dfda327-0d4b-5dd0-894a-9b8a59b51069,0.12,link
9f38cd6a-352e-434e-b20a-c47ff7582914,dc6cd2b8-5246-551a-8c58-a4a60ca875b1,0.1452,none
6e4e47b0-c4e5-4f0c-9037-bd0c7c66cce6,b8e1e828-5804-512c-bce2-2cf189e03eeb,0.0453,link
1fd44778-8e8d-45e2-836d-e80671b16f46,b95e72ff-9799-4b1a-bf69-25f1d79c2a09,0.1106,link
0159ce5a-1f84-4e38-b28f-13b8a35693a8,2ad934e1-0446-5174-ae7c-26b06e85dbc6,0.1227,link
ebf7b539-b6b2-4cd2-928b-2585cc4b8cc3,5f167cb3-8247-4825-900b-66af1b2682a9,0.1043,none
834c0805-50a1-4b01-b842-eef03240e0e0,33364bb0-7a0e-5913-b97d-4d18d3214eae,0.0845,none
4e29d5c8-6156-4f6b-8669-390f9449da63,fbd247f1-b812-5480-8711-a13f1ce8ed17,0.1364,link
819d65a5-19ad-4004-9f64-9a28f8410e94,5069fa38-0a9f-5c54-9c00-69c2d65c0042,0.0535,none
7c9f3d8d-2126-480c-a9fe-4a489782d93f,3938ec14-4750-5d0d-918c-cbdcaad95f34,0.1286,link
62f10417-6311-4122-8a46-8edbea1f23f5,2cc0bf60-3e27-4f44-8285-44b9cd6b768c,0.1438,link
7b826655-ec33-45eb-9c54-dbc83e85b7cc,bf0dfb8e-839c-5723-bc94-93c4d84f02b4,0.0744,none
c47c10ba-0bfe-49f7-9ebe-48b7a92b9ffc,c9b019b0-dabf-5b20-8033-1a455d51692b,0.0673,none
6d000bb7-9236-4529-a4f1-51d18c1e6b68,689346d9-a309-4779-8862-7cb7a18722c7,0.2156,none
5db714cd-5c0b-404e-b5f9-54659f773950,4b367495-e11e-4d59-9157-fb5d917c5c0d,0.0804,none
e8af871f-88c7-43dc-95d2-d80275e38dd2,3eb0f361-9ff1-5511-b641-3746051b93f7,0.0572,none
8447f0f4-fb23-44cc-b130-fe27b4806fd2,80c711ce-58ca-50a6-bb1b-3bcff46f43d2,0.097,none
6e3f01e2-166b-4854-9d14-950089ca948b,bfde2024-6c9b-4c3b-a5aa-9f343c46bf3e,0.068,none
57a49666-e4db-4130-8b40-013e59625eeb,80c711ce-58ca-50a6-bb1b-3bcff46f43d2,0.0975,none
49b34f07-5f5d-4eb3-851b-05513be4561f,a8a8a7ce-b79c-5625-b119-889b028c386a,0.1176,none
e4c21932-03ac-4d9e-9ce4-4f64ac7c31fa,1797f847-4948-54a6-b32d-0e80d7d13379,0.1468,link
f67556ef-c327-4dca-880d-3c828c5385ab,8676d43c-8ed1-5783-8229-269b360b33c2,0.1157,link
9747ca26-a805-43ce-b9bc-bc841171a81a,2ad87414-627a-5b7c-90be-1106bc4c6876,0.113,merge
16dc26b9-6411-4c73-bfaa-116489fbf582,d9aca177-7e7c-4a80-a8b1-bc28f971a558,0.0423,link
bfbb05c0-8ce9-411c-8c48-587e1e0d080d,7aa110ae-51f6-4ded-af50-7934698c8b26,0.2308,link
15be8e40-9209-4b94-b76d-933866d5514d,927348fe-e3fb-5e94-b3d4-b5c3cb64bef4,0.2777,link
24d68dfd-11c9-4446-943e-bfd88694f72f,2ad87414-627a-5b7c-90be-1106bc4c6876,0.1009,link
32c4b8c8-1479-4697-b968-75c7c0580719,594618c0-191c-4b7f-8dfe-086be318a4fd,0.3956,link
80d9df09-4868-434a-97b6-92cfd131f91f,31632a52-38dc-5125-a5df-47e4bf17e976,0.0469,link
0b795c98-9240-4888-b7c9-a5eb0b97eebb,23e8528c-1687-5088-9a16-d51bc8a145e6,0.0634,none
c78933fc-3da5-4915-9ee0-544abd5deff7,31632a52-38dc-5125-a5df-47e4bf17e976,0.0785,link
eb20aefe-81a3-46f6-9feb-45d408cef1a8,faccaa69-37bb-4cd9-a2ad-572900db63d5,0.2708,link
16b3a077-3c07-4b68-aa2b-a4aaec30d600,f703c697-7bb4-5e33-9f83-56bf272768f3,0.3848,merge
5a4612b8-f49a-4b16-b231-542c87822dff,636dbe08-2937-576c-b306-64bca3e61563,0.2697,merge
5a3b3d79-cdbd-4bc9-bba1-7822a37f6011,4210922b-c405-5e70-88ec-39c36d8f3a15,0.2265,link
28d17ee7-6813-4f2f-9676-a3255cfcc49f,c9233a4b-7017-5a51-964b-5d6377c07a31,0.3191,link
fda0674b-929a-47f7-ad62-a0bf8b4e50c0,593d27f2-ad25-5beb-ac42-181f6161b8f6,0.3594,link
300ec218-10c8-4143-bd1b-1e3cf5f1be63,c9233a4b-7017-5a51-964b-5d6377c07a31,0.2782,link
625b6958-548c-454c-98ca-54781de49086,dc8db438-33f2-5239-8957-e25cdaa9e5e0,0.1985,link
98350d2e-c8d1-46d0-9668-738150a5528a,dc8db438-33f2-5239-8957-e25cdaa9e5e0,0.1924,link
6dbae5b6-7e2f-4657-adc7-2cb6fd2eaf72,a0e1fbf0-f9b1-5b64-884c-b4409e99ddb9,0.1623,link
517f0612-46bc-494c-9e9e-02876688fa9d,dc8db438-33f2-5239-8957-e25cdaa9e5e0,0.47,link
0c90b67d-4dfd-4e49-801b-2ff6094686b3,4fa7e2b4-ddcc-5788-b029-d3b203a81a41,0.2427,link
904cc076-846c-4a23-a12a-214490c2bd89,7f339f4c-abc1-50e7-a0f3-448af44eabec,0.2385,none
e4013470-dba5-4964-88e7-07893e975b8c,aaaeae52-291c-5622-b287-dd397cc8ac16,0.1759,none
ef3dc3e9-6e38-4536-9800-c71ea4852e78,d7f72fb7-cf73-5e6f-b121-de26302ed7cd,0.4538,merge
43f22866-78e5-4a40-a791-aff24767d88d,9a823129-dc39-557c-8b43-c1d72ba13cb5,0.2994,merge
08119d75-4179-4128-bfef-0d5db056df44,ce8cd91e-7d66-5511-96fa-3e75b06b2eec,0.245,link
751e3506-aec8-4876-ba09-0d7866c33e33,ede10534-7166-5f54-a90a-aae0d43eb097,0.1415,none
44c67692-c34b-47c5-913c-64d480b61442,36838767-8df3-5ddc-836b-a4c5e196955d,0.1298,none
6491cf21-0206-4d95-844e-c098c17cfc34,0fd18a8e-496e-5105-89a5-17a62731dd60,0.1638,link
78311df8-7c75-46f2-8733-e8e900a46a8c,82a37258-28ff-456c-8435-1e5e9651f885,0.2372,link
9fd4edb2-077a-4442-8c0f-3735f3089ca9,b922397f-cc7a-5149-801c-9baf206a4efd,0.3786,merge
5dc162a0-e769-4d85-bf2b-6387b2776017,b4b423c9-4b91-5f68-90e7-01b5546ef5ef,0.2188,link
2dfcadaa-c7dc-47df-88d3-21732dc0c3f6,b922397f-cc7a-5149-801c-9baf206a4efd,0.2573,link
af74f1b6-6928-44cf-8d0e-7a0347f28bc3,b716f398-9f80-5873-99a5-776d044f7987,0.1782,link
73dfc3a2-3d2d-4657-b3d6-f0b13f27347f,d01f5435-9374-5fc1-bdb2-daecf33aa4d5,0.3255,link
9407a08d-4d47-4956-ba74-2893ce0bc5a2,b716f398-9f80-5873-99a5-776d044f7987,0.1783,link
0fbf68fb-ea35-47b1-ac57-24204d1472d1,9340a6a5-53d9-5585-890a-2e446eb4023c,0.2482,merge
c75ca9e3-da09-4c73-bd5a-f38bac2ebece,e30dbc0a-a929-5846-bc1d-9c5d3b24400d,0.2497,link
11beff65-ebdc-4ed9-bf1f-7414de82842d,e30dbc0a-a929-5846-bc1d-9c5d3b24400d,0.3552,merge
eb7260c7-a091-47be-993b-17c51f721c83,82a37258-28ff-456c-8435-1e5e9651f885,0.4457,link
e2b62504-149f-48c1-84ef-169606b6c39a,2b003d7c-2e77-5d81-b2f4-bd618c0c54be,0.3808,link
c63a01b3-2fe7-4daa-9d45-0d247dab475c,dcfc3f7f-5956-5cce-847d-eb66270bd307,0.333,merge
637b4d3f-99df-439d-8032-df17322e60a0,dcfc3f7f-5956-5cce-847d-eb66270bd307,0.3052,link
164f6ea7-adfc-48ea-95cf-183129f9c276,dcfc3f7f-5956-5cce-847d-eb66270bd307,0.3564,merge
da0d6eda-140c-4711-87dc-bebe0ec4f6de,7784a836-1833-55b2-9f06-5863a147d578,0.1561,link_regional
6422f258-5b72-4e16-8d13-795f30bb27f5,7784a836-1833-55b2-9f06-5863a147d578,0.0805,link_regional
8f17e319-7d88-4390-9407-139e4d6eaf81,7784a836-1833-55b2-9f06-5863a147d578,0.1405,link_regional
d3e0d5c8-801f-4890-a063-2687174f2734,7e561083-58c0-554a-8cb0-ff5621464fad,0.1623,link_regional
3292a722-16da-4895-89eb-bf751ae645c3,e7cdb75c-feda-56cb-aaa8-36eb7c2186db,0.123,link
3d27a60a-09a8-45bd-aa6d-2460bc737902,f9c7d91a-a6f0-5754-a100-3f0f7f60ad6a,0.1195,merge
6f61f3e2-2a7a-44c5-9a01-7b8b43a3725d,96be5b29-ad00-5063-b1ae-ea624857fc93,0.106,link
af965af0-e42d-4eea-ac70-218907bf1404,bf631804-8622-56ee-ba38-16984854c49c,0.1924,link
d1eb0fb2-4ebe-47ce-a2eb-30d661e03973,33be216e-2109-54ec-aa3e-6c0bd1006c01,0.1072,link
95f0e9a2-0f35-40f2-a719-d5db278cd0fb,bf631804-8622-56ee-ba38-16984854c49c,0.168,link
334e7430-71f2-4c8e-a29a-5c04860eada8,186c0d25-bfaf-5723-b0dc-b64048f35f67,0.2582,link
5600c27f-4bf6-4d17-8ed5-ca2c821f89b9,8676d43c-8ed1-5783-8229-269b360b33c2,0.1105,link
97e5aede-f1a8-4a66-9dc4-680aef5913ee,927348fe-e3fb-5e94-b3d4-b5c3cb64bef4,0.1364,link
71f6abc3-8ac9-45dd-905e-5044f291b9f9,be537a94-e9b3-58e0-a9c5-c3c6f437ca07,0.2777,link
f457df40-9679-406d-a0f0-0ca056f3d6b0,8b6dc1d3-9675-5dec-b020-e7374c8139b1,0.3224,link
6fee8a41-da99-4df4-a5de-f27054ac6956,b2b4888f-f150-584d-8717-31de7864989d,0.1904,link
159be6ac-3fcc-41ff-9bc3-b6bcc52ce7d3,05283aa2-d294-5f59-93ee-ac361e3a10f7,0.2092,link
62186f73-a904-4c27-b171-b70040cf34e5,53dba7fb-c548-5f5b-88cd-e657ec2114d7,0.1795,link
dac7d1ad-6443-4684-8c4f-b9e5aa8f08f6,8cecfb5c-5ea5-51bc-917c-76c043cf5ae1,0.1908,merge
c9695625-b397-4168-bc58-518c7f40becb,2faa81f9-7a96-4132-a0d1-6bc97d6d00ce,0.2111,link
0e503316-0d61-4763-8838-bbbfe7a63467,0119f987-f1eb-59b5-ae44-5bbc8ca9635a,0.3922,merge
57340c5c-178d-4afd-90d1-95ea90c69e94,0119f987-f1eb-59b5-ae44-5bbc8ca9635a,0.3185,link
2938e855-7343-4383-a357-62af58e482f6,5ca2749c-5daf-574f-ba80-fb7023edd3db,0.2751,merge
7ca4d9d3-3545-4870-a0be-4705cc8ddf4c,22c4a471-24f9-4b80-9182-a04cb1e0cd10,0.2679,link
502ff8e1-34a2-4b69-9c4d-ee901ce789b0,221f995d-4d50-5249-9b21-7851722ce8f5,0.1607,link
9229e072-0b84-4a79-beb1-dbcbae2fd76d,221f995d-4d50-5249-9b21-7851722ce8f5,0.2432,link
bbd8e439-346e-4e38-8ef5-70c05c4e5c93,15d457bc-6f3e-5250-908b-7bd38247f237,0.2401,link
060d6c99-8785-411d-b6e9-f4f1c31a8d07,78c89c62-4540-5d54-90d3-8db8dbecc145,0.2994,merge
18b8d1e6-8dbc-4e34-ad86-08b2ac33091b,a8a8a7ce-b79c-5625-b119-889b028c386a,0.2736,merge
d2c77dc2-e49f-418a-8953-b1ef1a1e0c58,f60f8666-170c-52a2-8c42-f2ba2ba064fe,0.0725,none
c5190773-3a8c-4716-82bf-6a574d59b55f,2abe1331-000f-535d-9dca-ea14efc72a5f,0.338,link
27b3e8c5-c6fd-40f8-a979-2b304e9ddf0d,3c3c56d8-84cd-5743-9021-e5f1fe3eefdc,0.0596,link
5f8d269e-9831-4a1f-b650-a10f963056e2,f25112a6-9606-5267-8aa5-08cc8949b6f5,0.2218,merge
df701815-3884-4988-b6fb-9f729e941815,f25112a6-9606-5267-8aa5-08cc8949b6f5,0.1723,link
fb80d016-7167-4cbd-9382-989a1c430d5f,4a130b79-0f37-5900-819a-719c64b36aa7,0.1754,link
f9b41e7a-e7ef-411c-a5d5-843c088f6f5a,a1d833a9-1ad3-4b03-9d9e-43cef56e43de,0.2212,none
6258dee8-13dd-4bc4-bd99-addde0dc1d55,7e3f7a9a-dc6b-5170-b00a-682e9c5b147e,0.1616,none
558e7c9c-ae41-4560-95e0-b1d36f43c8fd,90e4775e-b219-5955-84c4-a51ad1f028a2,0.148,link
8ecab55e-77ba-4cc6-a301-0691d2fefe39,555df2b6-7a87-5114-8ba5-398a82a7f6e3,0.259,link
185486fa-f1bc-46c9-a132-2ce648a952ba,b95e72ff-9799-4b1a-bf69-25f1d79c2a09,0.2488,link
95231c4a-2395-45fc-8302-a012a55357d3,62f8e446-9b85-5251-b904-ad35d66d29a8,0.2604,link
1e6431fb-9ccc-456e-b919-7dfa1177a869,64563c2b-2109-4848-9949-96e613b7ffe2,0.217,merge
c3532ee9-5bfc-4b0d-8dd0-62b69c0e2be4,b8e1e828-5804-512c-bce2-2cf189e03eeb,0.1416,link
f791218b-e603-42f1-8a51-85b55d1ecd2e,64563c2b-2109-4848-9949-96e613b7ffe2,0.1482,link
080ce4e8-8435-4b6c-a764-2951f47b589d,a7ac1663-8f0a-438a-946d-9432d4edd21c,0.1808,link
26edca1b-4c79-4116-aeae-418b8aa4e749,b2b4888f-f150-584d-8717-31de7864989d,0.2418,link
2476b822-496f-44ee-a2dd-1e1a9ef97ea4,b2b4888f-f150-584d-8717-31de7864989d,0.2986,link
d4cbc317-4283-45aa-967e-457ad078252a,8cecfb5c-5ea5-51bc-917c-76c043cf5ae1,0.1908,merge
ea430ced-4a40-4442-a09a-70958ecabda1,9ba7f7b1-1f20-4abe-b44a-173100be6706,0.1731,link
84228641-b736-438b-beda-4b3c24f6e781,f22b9881-4f43-544c-be55-de8e3edc5f85,0.1961,link
c45209ae-d659-45c8-bc04-374f5328f5fa,ff414985-eb52-5ea5-9f99-14b918e5d1de,0.2128,link
dc8989df-4158-45e7-9728-00088c0e8791,9d9fd685-c4d8-58ac-b98c-3a5aad283b9d,0.2853,merge
b87c4aba-4886-4bb5-bfb4-87e4cf6ba354,5b26e3e4-bdae-53a8-bf42-ea37bd5bfe18,0.2527,link
7e1ef461-533a-4c33-99ee-553eca92f8fc,fe904c98-99f4-51c7-84e0-bdfb3f48f467,0.2141,link
770c431c-bfc9-4c2c-8276-05ddfb7795ad,d85c990d-8882-4cca-85c1-d7c6c754f9e2,0.1635,link
63d00d3e-99dd-4fde-a1d6-5c645d40d891,748e0ba9-6efb-5e0f-b89f-10c8bf0c5fd0,0.1571,merge
dc52ccc9-67ce-4929-a983-5f66efc005cb,b79f7040-e7d2-50b4-bf0a-6c13ba878ff0,0.2709,merge
82f41a47-c252-4e4c-a03a-13b1e47669c6,acd78dfd-24f9-54e5-bc5e-8968c67c1dc3,0.324,link
9bbd21cd-2407-4c5a-9daf-4ae48037cd40,b02c3de8-7535-5bfc-8e3f-8437bc32a140,0.1783,link
560c35fa-2a83-418e-a012-15a4704cebf5,1610339d-11f1-4915-b661-905648fc1ae7,0.1409,link
b594d4c3-2aef-411b-b7c6-1f5a300280bb,05afb8bd-8320-5fa6-98f6-ac0be0fa5767,0.0962,link
2a87a2f7-7b95-421a-a484-482e65d75baf,523d04e7-47d8-55c7-bc44-792f3e01bfda,0.2789,link
41c5e0a3-54b2-47de-b961-49b6a3512a1c,5b9cd29a-a10c-5d41-af27-9d632630c4db,0.1224,link
ab8b28c2-af61-4f6f-9d7f-158dbf69af2a,05afb8bd-8320-5fa6-98f6-ac0be0fa5767,0.1489,merge
975d8cda-cc45-413d-8818-24aa33bbd9b9,05afb8bd-8320-5fa6-98f6-ac0be0fa5767,0.1681,link
4969072f-7716-4272-8bc5-449f3fdd7c27,fda5f0e0-0366-5113-931b-3d9930bdfb5a,0.1545,link
824444bd-514e-48ae-8068-973384664f80,fda5f0e0-0366-5113-931b-3d9930bdfb5a,0.1054,link
d80e5f71-a42f-4feb-9684-0c65a7b067c5,e6525dd8-5e57-5c8a-abee-57f64d1c9eb4,0.1613,link
db2238f5-ab99-483d-9971-0d8f360c31ff,fda5f0e0-0366-5113-931b-3d9930bdfb5a,0.1323,link
3c00f767-9379-48a1-acf4-59801af641c7,c1eb6d51-b8df-5ce4-ab03-314750e960b8,0.33,link
91f8e2ad-eff8-4f9d-baca-f580050ace2f,c1eb6d51-b8df-5ce4-ab03-314750e960b8,0.1668,link
a08543bc-3117-4561-b5bd-f80f969144f6,9340a6a5-53d9-5585-890a-2e446eb4023c,0.1299,none
2c0ee1dc-695c-4060-913f-8d810d1369f9,9340a6a5-53d9-5585-890a-2e446eb4023c,0.1281,none
6a5d4ac2-d8bb-485a-91e5-5dd25f12b0e6,52a53073-75a3-592d-a9cf-aba403b0d018,0.1194,link
3be76a26-f3e0-4192-8398-0a9233743eed,a1d833a9-1ad3-4b03-9d9e-43cef56e43de,0.1767,link
5113ac24-6d25-496d-b211-b6533ef38ef0,49fe9974-5900-5d38-9545-7fb5761b9c48,0.2115,link
d120de0d-5ddf-4e93-96c4-b281e1343242,aa4cdcda-5636-5ff9-a386-9bd5b23d58b8,0.2094,link
a16a9ec9-d20c-4317-8c34-e09fb2956fe6,07e8b8c4-58c3-5a8e-a2df-e2053cb67891,0.0867,none
b63959a0-5848-418c-a848-1b2190a62419,23e8528c-1687-5088-9a16-d51bc8a145e6,0.1246,none
8753fe3a-7d18-4abb-98f1-19882458ca61,db9fc2c4-fbae-5ba0-8e50-5fb1716013a9,0.3359,link
637b123c-980b-4d03-a38a-f4b876d41fe0,bf631804-8622-56ee-ba38-16984854c49c,0.2234,link
169de965-4ae4-406d-a451-aef0331e5ec1,7d2e9341-ba96-5ec3-9b98-3fb270bc5508,0.1818,link
fdefd32c-ea2f-415e-951a-006c5cddee85,d29c0749-bd31-5ad3-8a3c-2a24769df8ce,0.1567,none
e9e5f989-b1cd-472a-84d1-498707775c17,8676d43c-8ed1-5783-8229-269b360b33c2,0.1347,link
66c69726-a530-40af-8645-f9e80982fb96,0adb13b7-d64a-513f-8618-923a08afddcc,0.1694,link_regional
34ab5f80-fbcd-4377-9171-ee41c64dd000,cf1426e3-bb42-5ac4-954f-b935a4f32587,0.1944,none
09aee523-d170-4bab-85ec-30e37dc7f837,e7cdb75c-feda-56cb-aaa8-36eb7c2186db,0.2126,link
a79b98e3-ce6e-4eff-a7c4-b90d90193a31,f9c7d91a-a6f0-5754-a100-3f0f7f60ad6a,0.1404,link
af85815f-32c2-476c-9bce-22875bf930a2,bf631804-8622-56ee-ba38-16984854c49c,0.2593,link
3986c3dc-4db3-41e3-b68b-5f5144f63a97,930e4c6d-0d2b-565c-a6cd-97fe0f66f6cb,0.1975,link
236b1078-e11b-4ad5-9d84-aa98a54abe8a,2445741d-152c-50b2-9c29-9bf55c047418,0.113,merge
467c1fc8-34eb-4c06-86b7-2c1431db9e67,8b6dc1d3-9675-5dec-b020-e7374c8139b1,0.2718,link
71b09e85-b733-42af-93da-f4f4a73235fb,eca9bcd8-4f71-5150-9db3-50f9ac6bb0ff,0.1701,link
66db1549-0132-42ea-9b0f-a5083ac25f6a,10c7a285-f952-5554-aea7-72270a22457c,0.2336,link
59748953-9508-48e0-b668-c070d0e98e26,a1d833a9-1ad3-4b03-9d9e-43cef56e43de,0.163,merge
dbf75785-65fd-47e0-9268-db8d5267579c,4d79797d-1a6c-5370-82e1-fb8911fb62e9,0.2247,link
fa450d65-b5a4-418e-92b1-f11f8a5a4a33,1607ccc9-7d31-4fce-9068-b47f5cd6d7e7,0.1754,link
b3e7526a-c26d-4dea-b167-14e8fbb94723,f7731421-c574-506a-ac2d-09672132c477,0.2996,link
bb0d81d2-5798-4bb7-80b2-b93042a6bca9,f1232c93-9c3c-4540-a40a-09f1ea100bf3,0.2284,none
7ee7246b-9160-4e2e-9d16-f8eed250ed31,f298b8b3-f332-5ac2-98c0-e1ef8eef580c,0.3847,link
d1c0d045-f23c-49c2-a1b2-f432f00857e6,fb04b29a-6d95-5584-90f4-ad8d2bf68c97,0.3653,merge
8eb0f960-8050-4218-8438-ccd9ace154c7,f5a2a6c4-4a87-4112-bc4e-d9d0eeb3dc46,0.2,link
ea83e81b-6ab4-4940-a6f0-e9d011fe8f02,35c2f57a-096a-5414-a8b4-809085eb822e,0.3176,link
d29f64ac-5e71-4f8f-bf39-847a3bd4ea2e,befd3355-fa6c-5c35-9812-84f6dd50f3b9,0.4984,merge
6b21e716-5c14-439f-b424-20720a0f6b24,1dc43d2c-2fbb-514f-a2bc-49ef0d418ae4,0.1932,link
71494328-1312-4079-87d6-a220995b30ea,1dc43d2c-2fbb-514f-a2bc-49ef0d418ae4,0.2137,link
01b46975-6531-4b4f-8732-e9c1cae9827c,a8be94fb-1440-4e4f-b072-979d49267a1c,0.2587,link
a7c90dbd-41b8-41d6-9b93-7a4012512218,4de8aad6-5836-5e79-9673-89304279437c,0.203,link
84f11943-beb7-4ef6-ac4d-f1fc30f3ce7a,44a2143c-250e-5d19-b1b2-60ffd670ea61,0.2596,link
420b6000-75a2-42eb-bd9c-c671a467bd6d,b8565b5b-cd3f-5b68-9838-46d59f0c43ab,0.183,link
df11bbe7-e679-4cd1-9320-3308167c4db0,3c3c56d8-84cd-5743-9021-e5f1fe3eefdc,0.226,link
67abe112-5a9f-49ac-8991-aa38b52047b5,67bf1af6-fd02-5c63-96f2-e7bd99f3181e,0.2386,link
99fd773e-27e7-4ddc-91df-6d468785b06c,befd3355-fa6c-5c35-9812-84f6dd50f3b9,0.1153,link
eae6aad8-ef83-49eb-b00a-1d70f58ee1f1,10c7a285-f952-5554-aea7-72270a22457c,0.3358,merge
b44f4456-e9d1-4a94-b3f7-0fa611665f54,10148e7b-6e5b-574e-974e-9cfc7ac6d1f4,0.19,link
cb64c726-56e0-44f9-bd21-7f573b552ce1,24cff8cf-a4e1-5427-8d3b-dc20d19489ed,0.3304,merge
eb02b2fc-0214-4b1e-be23-3cda4473fd5e,eca9bcd8-4f71-5150-9db3-50f9ac6bb0ff,0.1782,link
a745dd17-8643-4182-b739-2bc1d695bbba,a897237c-b860-5647-8f41-6e1ffd3ed645,0.1818,link
4e88f32c-ffd9-4839-8ed5-b70eb2f01ad6,8676d43c-8ed1-5783-8229-269b360b33c2,0.2702,link
9da1af3d-2804-4c3a-9ea9-b13cf6462b5f,8676d43c-8ed1-5783-8229-269b360b33c2,0.1123,link
020c35c8-c00f-4a9d-96d3-181dba39d3e0,2ee06e08-3ace-5d62-8d0a-f8e7e1fbc0e1,0.2105,link
fc044b8e-3eda-40cb-b3ee-236d5d32309f,d1013e8f-56fc-5553-b839-ab5eacf5e7c9,0.1864,merge
8cd1a3d1-0ef4-4a2f-8854-d27dd8be4e1b,96be5b29-ad00-5063-b1ae-ea624857fc93,0.0605,link
2783b6c5-fca1-4a1f-a4da-b4968c064342,754f84dd-6ef1-5fa2-800c-c395acbbbdf6,0.1618,link
9a7adad2-d1ee-48e5-8d62-795e57180627,e1589f99-6dd3-56a0-b387-32ceadb75cc3,0.1956,link
bb1a6491-aca5-428c-a1c9-447115d45ab9,3ad29867-b72b-5318-9362-2a15e7ea56c4,0.167,none
78e9c32e-a1ea-477e-a39f-be42520b4428,eca9bcd8-4f71-5150-9db3-50f9ac6bb0ff,0.2224,none
553aa285-8a32-4c9b-bfde-0b2dd7f7d435,f9c7d91a-a6f0-5754-a100-3f0f7f60ad6a,0.141,link
c7b7ba9b-22ec-4344-aba7-e855ebb5fa68,d4d78b01-6b8c-5356-a85c-e8815501ab03,0.1563,link
0791a819-f099-4a89-970f-27fd0b465e70,d94c6269-664e-5acd-9ca7-e9d6e3989a8b,0.1107,none
fde5fc4c-945b-4f1c-bd14-b93486163ed4,2445741d-152c-50b2-9c29-9bf55c047418,0.1441,link
3fa81b39-708a-4252-a75d-72fcdfb05962,2445741d-152c-50b2-9c29-9bf55c047418,0.1654,link
6eeb0a35-fdd6-41dd-98ad-226912110b14,c6c9c231-72b0-5b06-8697-32caa92cefdb,0.0945,link
10ff51f4-9934-40d8-8e7d-de9660edf3c5,755f16f4-088e-5f11-bd81-06674000ca1e,0.1484,link
9632edd9-658b-4d65-bc73-34d6d0cfc1e2,82d042d0-dd1d-50d8-bea6-43361589d5a6,0.0504,none
722ddd85-0ed7-40c9-ac0c-3e7023711efe,63426edb-dae6-541f-b0da-6bc1ed549e65,0.0741,none
3df03df3-935e-4ef1-9cf0-8aa9888b768d,1dc43d2c-2fbb-514f-a2bc-49ef0d418ae4,0.3207,link
4c6454e7-6f0c-470c-bfac-5264ea25b566,cf3900ab-a5e5-5e0d-a3a9-f1e9a8680981,0.1231,link
45aa6eab-d2d7-4a23-8236-bd207ac6fd8e,da9534b0-d837-5e37-ae66-d506a2231d78,0.1108,link
96cc22e7-bfde-4a0f-8053-b3d7a964f1d6,96be5b29-ad00-5063-b1ae-ea624857fc93,0.1421,link
bf83b2dc-c8ff-488f-bf9d-6720943d2b97,ffdefe1f-e62c-5137-89c4-ef901293bfe8,0.1601,link
e46fb8c3-319c-400e-b689-60a6f98c779c,e6525dd8-5e57-5c8a-abee-57f64d1c9eb4,0.183,link
4286a0a1-3b29-4758-962f-b398ee9c3e45,d1bd5d1e-38e5-4edb-8374-1091539c5303,0.1278,none
5651e0fc-cec3-42a1-b9ac-65234f0e25e6,09c0a448-b2dd-5cab-85eb-f99aae9f7981,0.1665,none
60ff98eb-d532-4947-95bb-30fd71dcf06a,20767411-379a-5783-a81e-0bba4df4deb9,0.4135,link
083df96e-7da5-43f6-ab96-46e35169571c,1a101be5-1e3d-5e8f-bfdc-9c855ef02361,0.2271,link
2a76e00a-fccd-4184-9d76-ba7f8ca5c6dc,c93f5e69-b590-53c7-93ea-29657cd478da,0.174,link
f1218d6a-5329-4579-ac82-d12284e8bab9,a8a8a7ce-b79c-5625-b119-889b028c386a,0.2055,merge
7cc7dbf6-4217-4596-8c78-7fee72088dec,5cfd8c36-cc92-5c7a-9e46-2b60fd373c47,0.192,link
2fcd6f9b-aea5-40d1-9e69-bf2ba7d6886c,a0205dfb-18bc-51d1-8681-3594ee9b0cc3,0.208,merge
67d92a6b-ab84-486b-a930-e7f6ba87d715,a0205dfb-18bc-51d1-8681-3594ee9b0cc3,0.171,link
59e3a824-d088-4ccb-8f45-d5b400bea35b,f56c2e0b-ff61-55b2-8eac-4b069a784d31,0.1123,link
8ede264c-298c-4263-821a-f6fdebfde0b1,e8a0d6bd-2f37-5ef0-8d83-ee22bb68017d,0.1482,link
999726ea-9520-46e1-bd38-58ba12247c06,c69a41b7-0f98-5837-8a08-bc749f9e0a26,0.2385,link
9e8244d3-03dd-494b-bbcc-6613a269c0a6,21d25212-43dc-5a81-8202-8ca8b6871316,0.0828,none
60ce25a3-9c1c-452d-8336-398f0b0e84b1,b9ab4f32-7e7e-5e62-9367-93587efd26b5,0.2903,merge
d0474914-1ce5-496f-a77b-d7b0f8239f53,10b7ec1d-8484-542d-b7d8-e556ab71ceb5,0.2345,merge
7518535d-b7d5-411e-a98c-3e4a836548d4,2ad934e1-0446-5174-ae7c-26b06e85dbc6,0.1268,link
ff5f3077-be79-45c3-85d4-d1c91963cb58,2ad934e1-0446-5174-ae7c-26b06e85dbc6,0.1507,link
3238fb53-9645-4ae7-a741-1aad2ecfcfa1,c69a41b7-0f98-5837-8a08-bc749f9e0a26,0.2226,link
9145b0bb-978d-4f03-b8fb-21aa8c1290ad,d37fc186-0516-5779-9949-4b14f28cafa2,0.1207,none
a5e729a8-2e12-4dfb-89fc-0389eb36a577,b70d9b7c-8ce0-58a8-b0f5-cb49019e6b4e,0.2028,link
22dd4d1b-53ea-42bc-accd-eee528b67e26,ff4ee7ca-c71f-53c1-b629-74b9a0d961ce,0.3189,link
c82afee6-d9ea-4822-9e1f-07560fb42bfe,c2e2429f-7d01-5495-9283-433c4784f707,0.1921,link
0ed68fc5-bedb-4bd3-974c-8faf33e5c39f,70453a52-6c2e-5f51-8360-d7176bee3ff5,0.3399,merge
7b31f6fb-66ee-4f42-9fd1-bb7f05b5fd2e,20239e1f-6dee-41c6-a5a0-6fff82885fa3,0.0839,none
05b48809-8268-4be8-9a21-cb6ec30020b4,7ea56e28-619b-5c4d-bdef-8534d5c1296c,0.1348,link
1945ff80-4f21-44d2-884a-6702931a891b,33b06e27-3731-5818-b818-fab4448483eb,0.2209,link
facd0d21-1b24-498e-b384-314c29fd26ff,eed1bb5e-2be6-53a7-9341-2412eb7d86e8,0.2262,link
8c5601a4-52b9-42af-ac87-a6e2e180759d,b12819c6-2869-5f6c-9810-5b54feeee60a,0.1347,link
71bd9f42-0b95-42f5-b075-b9490bba8e43,9f5fb216-c859-4821-b5f4-9343cda3b1a5,0.108,none
7b6e2b1a-b456-4c97-a6d3-cb2ab7462271,48cb8621-0c51-560b-a565-ddd9f6e5f5fc,0.085,link
c3bc9109-711c-4ca0-86d2-0783e1c5a40c,8f106219-1dc9-4d87-91d4-035c0257f45f,0.4874,merge
89f0ef3c-8c41-4b3f-83e5-3472497cd07e,ce1985d2-d0ab-52d6-b0c8-e23a52585daf,0.1595,link
9683c92e-7843-49c2-9b01-6f07170f8074,8f106219-1dc9-4d87-91d4-035c0257f45f,0.1184,link
828b34c7-e042-4c6b-8071-9e98d37d3378,0bf72853-30d6-571f-9ef3-f4912c02ba23,0.103,none
85f20243-095c-4340-ae71-a09432c4addc,2ad934e1-0446-5174-ae7c-26b06e85dbc6,0.2049,merge
521143d2-f986-493b-9ae5-f93cecfd76e5,2ad934e1-0446-5174-ae7c-26b06e85dbc6,0.1171,merge
ad879ffc-f757-4f6e-83a5-f8c543b5d8c0,2ad934e1-0446-5174-ae7c-26b06e85dbc6,0.1092,link
0a93e3db-e93b-4fce-a76e-b2e1b1cbac39,2ad934e1-0446-5174-ae7c-26b06e85dbc6,0.2247,merge
f92c2b51-3096-47bd-b0ca-865f0316a307,2ad934e1-0446-5174-ae7c-26b06e85dbc6,0.1109,link
e0efc423-8511-4acb-a5f0-245d9c9b8cee,b70d9b7c-8ce0-58a8-b0f5-cb49019e6b4e,0.2493,link
83112ce8-93e7-4836-b98a-48e299b0b56f,9eae2bea-292b-57dc-a83b-4f1ca93fdcc8,0.2077,link
1952f4fd-4089-4d55-b90b-7e1632d61f31,9eae2bea-292b-57dc-a83b-4f1ca93fdcc8,0.2605,link
814dc9b9-fbd2-410c-93b7-46b40aa421d0,1bc66a86-93f4-5dea-a27f-2a59c43eb778,0.1377,link
c7a1e3b1-c631-4f3d-884b-614790fd9a45,040a3c85-8449-5aaf-9d57-912875b596d0,0.1673,link
25cac19d-4c65-45a1-a3e9-16e1ea6ef167,4fa7e2b4-ddcc-5788-b029-d3b203a81a41,0.1488,link
b3d4ec46-f699-482d-8ca5-21c4dd376878,e650344b-f932-5f85-8c6b-abfa302759cf,0.2622,link
d30b5938-b73b-479d-9f4a-6954a69ac59f,a8a8a7ce-b79c-5625-b119-889b028c386a,0.2583,link
5bf1f50e-738b-4259-855e-18677f084645,adfe0503-3bf5-5312-898c-aa649df77f3f,0.1461,none
f0ee983b-af8e-4f64-9267-672b6b893f48,89674cb1-f3ec-5b43-97c7-44f8d5225bd2,0.0992,none
e2970211-2fb0-45c4-b1ba-cce89a7c4381,e96d5914-1b25-5d07-80e5-ce0d9fdf863f,0.1089,none
d2c77dc2-e49f-418a-8953-b1ef1a1e0c58,f60f8666-170c-52a2-8c42-f2ba2ba064fe,0.0725,none
f0c61a35-c80b-4d66-8481-7c7a58aa6cd4,4abe18e7-5fb2-59f7-bbe6-854f20131ae5,0.1221,none
1916ebe8-8074-457a-85c0-6cb25a501732,e650344b-f932-5f85-8c6b-abfa302759cf,0.1396,link
88bee869-aabc-414c-99c8-7a98d82746b8,ef4dbab2-4db3-5955-8ae7-843fc7ee8479,0.3486,link
89d57dc4-7104-4b4e-9eac-a761d4873e4f,f7a052d7-450e-546a-a19c-ec216f11934b,0.1287,none
ff7df55b-8937-4ad9-bac4-db46919ef4f6,07728089-cd58-5915-bebf-3568b5b054fd,0.1072,none
9c13663d-fd4f-4d95-8d0e-f30d63b97b76,0abcb12c-f1c1-505b-9268-dd5c43fa14ad,0.0715,none
393fe3bc-5c68-46a2-a1ae-684f289fdefe,80c711ce-58ca-50a6-bb1b-3bcff46f43d2,0.219,link
c7d15e5f-7889-4706-8dd5-f96d7aa3d72c,89479c67-c89f-44a9-892d-6aaa1883e227,0.2743,link
d1f9dc1c-0d84-477a-83d2-7f76f1c91948,baa38680-9f6c-5684-993d-9c5a79813e04,0.2728,link
9bde953f-6e21-4c51-b60a-a7d6aac5c7a1,10bc56bd-613c-5965-823b-a4dd11ba482f,0.1448,merge
5a42801b-4bca-4a25-8225-c0dce3d2e72c,7dfda327-0d4b-5dd0-894a-9b8a59b51069,0.2571,link
9e1513df-3e89-41ad-b76e-af52780c13ec,7aa110ae-51f6-4ded-af50-7934698c8b26,0.0724,none
eeaae273-1ffd-41b7-a562-cc752991ee53,7784a836-1833-55b2-9f06-5863a147d578,0.1395,link_regional
8f7847fd-0271-4351-af86-b68cd744a9ce,7784a836-1833-55b2-9f06-5863a147d578,0.154,link_regional
d606317d-17b3-4630-8946-eed2fffd4549,329aa819-e65a-5889-960a-a5acfc1ba5b3,0.1525,link_regional
e9a9831c-4822-427c-924a-5b432b23aedb,80c711ce-58ca-50a6-bb1b-3bcff46f43d2,0.1428,link
78f1202f-1885-4b99-a4d5-e1c02744e92b,2754c1cd-0ad4-5a1d-94dc-91d0a2eaf5a2,0.1631,link
9ee97060-00c0-4b98-ade2-46cc3cdfbce6,f56c2e0b-ff61-55b2-8eac-4b069a784d31,0.1584,link
b0800835-24b9-4041-bc54-54a4f33eb21a,2e096f03-a826-5c20-8949-7d6ffe722715,0.1402,link
916a058d-e441-4503-9918-bd4c038986a5,1ef413c9-09ca-4ef6-ae58-762790fd8ef4,0.2651,merge
628b3b6e-d524-4ab9-a887-0a152ac1fe70,d863f15d-b843-46a4-9603-01c313099787,0.1499,none
1af80e39-59b5-4234-8eb7-af32085124a8,402bf14d-6c79-44cf-8a17-4a1445b120c3,0.2061,link
a879531f-fb14-45dc-8876-e91713a5d031,50b1f05b-c2dc-43e3-b973-15a8606c1e73,0.1669,link
1e84f3bc-b787-41e3-9a6a-7dc6aeaa9569,bf50bd46-f416-531a-9102-00f44ccfd364,0.1268,merge
4f4afb57-452b-484a-8ed8-db58d21a48c7,5cfd8c36-cc92-5c7a-9e46-2b60fd373c47,0.3972,link
3236575a-986d-4c18-b2cc-90a0eb35ac70,314d1f15-f7d5-476e-9d96-d0e0e373b219,0.4139,link
760d7df4-e065-401e-be16-c3712ccd8b87,e650344b-f932-5f85-8c6b-abfa302759cf,0.2384,link
5ed13512-4b81-4e3e-9f2a-4768a71c5be8,f298b8b3-f332-5ac2-98c0-e1ef8eef580c,0.3229,link
3e8eef63-2c2d-465c-9df7-bbf499586c79,c89785be-060c-4d5b-81d4-c91965d3100b,0.3596,link
442e7629-d246-4046-a115-475699a92309,e26b6696-1fe6-5a93-97f8-2de9dd1d07e2,0.2162,link
97b07f28-0cc6-4a50-b9c3-519d38d44754,a8be94fb-1440-4e4f-b072-979d49267a1c,0.1988,link
4878d8f0-9afc-41f7-bb7c-8aa7515fe7d6,dc76aa42-8bd7-531e-ac1b-cf22b96aa8d1,0.1803,link
4f399dd5-3bfd-4147-83d1-367aadb98fdb,a48b26aa-ae9d-423d-bcaa-0865a4b3756e,0.1218,link
9e277e8a-9fac-4ae7-a1a9-764ca7202dc0,14c9562d-c985-5d98-8fe5-a8551e0a20ff,0.2554,link
d2398a84-d123-4a2d-9cb1-3d315d5e196b,14c9562d-c985-5d98-8fe5-a8551e0a20ff,0.145,link
e62d4ebb-2d49-4795-ba9d-5032f0acc971,40bf9336-43c3-4af9-840c-9a853b70641a,0.1554,link
f86121f5-4795-4fb3-abdc-6c398c56275b,14c9562d-c985-5d98-8fe5-a8551e0a20ff,0.199,link
1553c71d-0c90-48cf-ba08-4e1d37549ac3,17876f9a-7079-5994-beb2-730c4e14393f,0.248,link
1c906ba0-31d2-4cef-a5bf-5d094c5bb47f,17876f9a-7079-5994-beb2-730c4e14393f,0.3078,link
394ef410-4a29-4f2e-ae4e-6506cc0a9c7b,26645597-c6a9-5497-b3a2-63f304ab1de1,0.3455,link
5a1fd001-a4d9-4a1c-bd0c-a528b2c7cd6c,d863f15d-b843-46a4-9603-01c313099787,0.1562,link
5a3583d0-04db-492d-91ea-521f0c08adfa,30c7f9d7-d098-4741-9a35-e07b0ad5e434,0.1715,link
7066a95a-a7c5-4c37-9c26-0644e333d069,9f6772f5-1115-58c8-b53d-b5f26ccd0c9d,0.1972,none
48be62bc-2b96-41c9-8463-0ac598472020,45af3dad-f365-4ec3-a0aa-219ec8651a64,0.2409,link
8137497c-01c6-489c-98d9-34b3179d2e3a,5a571ee0-155d-59ad-82be-de0386ce7787,0.1757,none
589a9765-0a2d-460b-af98-d3d8cc88ea5f,5a571ee0-155d-59ad-82be-de0386ce7787,0.156,link
6d284434-629a-4b55-9788-102f252019e4,e8d8c43a-3608-51dd-86ad-db49bcafef64,0.1996,link
cd742a01-8ba9-4671-b464-8b7ccaae1d38,2dd98000-baf7-51f5-b642-98088a51f3b3,0.1225,link
f8616861-2dec-4213-964f-f783ed2ecccd,08434f52-ce6d-52c1-aee7-dbace1454390,0.1596,none
33326089-9d8d-4e77-9142-868387a64596,6179a7ca-c790-579f-9fd9-a1fecb065163,0.2061,none
385196a6-30c2-4a7e-a1ce-83a30854e888,c42a0f78-a738-55dc-9cc5-92a17e9aa61a,0.1286,link
5b3f5729-8036-4cad-8129-6a6f056a001e,78c91fb0-7a7c-5ec7-a2a2-e63a35f96f17,0.2307,link
68e536bd-6cf1-40ac-bbc5-abe306bb9579,524bcfce-6e7e-571a-b3fe-db64d70d72a7,0.2744,merge
9c3edf17-98b4-4296-9027-784dd1af3600,524bcfce-6e7e-571a-b3fe-db64d70d72a7,0.2308,link
1a4da41c-60b4-488f-88f3-5b43bcecf5b9,40bf9336-43c3-4af9-840c-9a853b70641a,0.2124,link
111f68b7-c308-444a-80a1-2c10df9cf392,dc34402c-b3d4-53a0-841b-102c45e42d9a,0.0951,none
838ba91b-de7f-4020-b986-08d3ac50baf9,d76ac695-5b8b-5196-8019-0e4b86b3bd93,0.113,none
8c073f9f-f2c9-4194-b7a0-14bb8e664ab4,4292852f-367e-52cb-bfe2-9f1228e5b100,0.1039,none
4e1fb510-88f7-4350-b3b6-eb60321ffab7,fb04b29a-6d95-5584-90f4-ad8d2bf68c97,0.3188,merge
8c485432-df62-4d56-8bb9-499cd8293756,304a8bf8-0cde-552d-b095-c45917bd3d1d,0.4511,link
b280a59f-8af3-4cf6-b2d5-fc6f2af5e066,22156372-ad11-5837-9b62-4489288590bb,0.1488,none
f0e54ae8-c6c4-4808-88f2-10cd0aba09f4,a19972ce-8ba7-5042-9369-1c86bb517dc6,0.1465,none
593e36b6-5fcf-4e79-a7b7-cd41e71b2c86,9a5c62b7-7c19-54c8-be81-af529ddc7890,0.1477,link
72227217-1dae-45d0-b772-d6a581bebbc1,cda22c11-ba61-4b7f-94de-0476ea5ef8cc,0.1583,link
4181e6ff-8001-4e56-af96-fa82b94f0ad5,2ef8c391-1904-424c-b9c0-1d07f6b5c022,0.1116,none
25376655-0520-4c65-9d46-f0227629d3dd,aa5ef743-76a5-464c-befc-801b77e01996,0.2113,none
7d93519b-085b-4cbc-b4d5-a135977acea1,a96daa57-0c4b-526b-a57a-e517e0f43a34,0.1561,link
ea5c9012-fe79-4af1-9f46-7e0e52163ff3,6c81abb2-bfff-534b-bbe6-2c2a2a405462,0.1842,link
7f7df308-af32-4a63-a721-0c825f939a09,45af3dad-f365-4ec3-a0aa-219ec8651a64,0.1549,link
bc3b48c5-6778-4e2d-9f68-c2a92f77f32c,8f106219-1dc9-4d87-91d4-035c0257f45f,0.1538,link
b0667973-06be-426e-aa15-e2b91f1cea63,e3d2b02c-896e-5919-a78a-7013f2f6449c,0.1023,none
3fba05d8-3a8c-4f1b-9e3b-33e57c0220bd,b2beb571-939d-4066-b408-d683e9257f8a,0.1904,link
81f396dc-8e26-4d7e-a1ff-23dfd3181d6f,b2beb571-939d-4066-b408-d683e9257f8a,0.1144,link
7932c990-0f23-43ba-a05f-0f175f37b537,0cddd208-ddca-4792-9724-a702b91c4cac,0.1353,link
54317343-1bab-4f77-a8f8-007a56e10ec1,026b8ab5-64dd-43d9-b347-89b74a9ef9cc,0.1379,link
97bc2977-1cd8-4c33-a061-ca09b24f9c96,38d9172f-c69c-4507-b843-e411e69c4839,0.1379,link
3c497c40-472e-4c5a-acd7-cfae812884b0,a5817f16-ac5d-4b15-8453-5531ba0db135,0.1143,link
3c00bd56-0748-43b8-8d7d-ab1a66509c47,38d9172f-c69c-4507-b843-e411e69c4839,0.1642,link
1d016688-6ca4-4677-86fa-f126dd068550,8efa5860-6ef1-47d3-8385-1f4d2121bb73,0.2236,link
022979ae-b6bc-481e-8554-5cc1489eb2fc,e5770188-04b9-46aa-b652-9ed2952091a3,0.2281,link
ab7334ca-640d-4e6b-9c15-fba80b25d2c0,7f5b0764-3d45-4660-b60e-297e0ef17489,0.1746,none
33ff5196-803f-4d66-9653-0803d9428594,481f037d-6c0d-45f7-80b8-5ed1332f1be2,0.2702,link
5025e8fd-77db-4ef9-8114-0d6b9b78b672,970b3df2-b210-491f-aff4-04f352f4895f,0.1327,link
b65646f8-bd46-4bac-8895-609bd9e75c18,ea25c59d-cf67-436f-a75d-12ace0995361,0.1283,link
e6c73e1c-e649-4cdc-b52c-2701a69b7b2c,f6eb04bc-e3e2-4073-bde0-208e0f499c86,0.1728,link
4d5b8baa-5821-4afb-9c16-75695b539f00,2b226ea6-3254-4310-9a8a-6f880ad69f5b,0.2303,link
dbb80f23-8899-4458-832f-a7e2a260be7a,7cf63676-7828-49e0-9264-6b5f3e553fb0,0.2032,link
ecafe001-bbbc-4ba8-a160-db6dffff88c8,c2558192-8508-4541-b121-7880acddaff5,0.1566,none
cf690672-bbae-4f88-a571-0b242c2df0e2,7c7ea838-47da-41aa-b67e-da81881b77e5,0.0965,link
6dd96e51-31c7-4107-ac13-05ce63efff5b,5a97919d-1c5e-4784-be88-c5c1a66ac01d,0.1974,none
22e35187-db06-4ddc-a805-5ca18bd1b19e,481f037d-6c0d-45f7-80b8-5ed1332f1be2,0.2654,link
18a86221-563b-453d-a7b1-0853949a2cb5,9d5bed1e-6950-4e16-a002-e2ee47c04646,0.1566,link
9c2c2a1c-c051-42c1-b442-b46c00c1119a,28296031-04d6-4de6-9700-daf31da4b0ea,0.2076,none
db6864c3-b855-4927-b8a3-48e1a2766ddb,5d8317f1-72b0-4973-8e97-524465328725,0.1386,none
9895adda-8373-454a-8203-89493ffd9e31,5d8317f1-72b0-4973-8e97-524465328725,0.1346,link
b88950d3-8d89-4d78-9234-51b1bba1fbb8,e434626b-6087-4a56-8f2c-ea29fe120cfc,0.1992,merge
46b59884-f644-4cac-9215-cbf8d98bc283,510074fc-a8ea-4628-b771-8dafdbdfa7a8,0.1353,none
207d7aec-9569-4616-a06a-621cbd60a83e,970d546c-18df-45c3-ae86-424d4f68747a,0.1152,none
459ebf5e-1ab1-44a7-a7cf-16f4d1613aaa,6faa49e5-6638-44a3-affe-ec78c60361b0,0.1625,link
45f97bf4-290a-4f20-9d90-13649e596234,215cc6ed-94ee-403c-b558-d326bcfce120,0.1018,none
8e35e216-b130-4e23-b3ab-f2515a715da8,f822bbf4-dce6-483e-8214-1d0b32876787,0.0997,link
9b5c75bb-404c-4681-9ca2-f87f1a9bd55c,46662692-7691-4782-831b-06401aa0e6fb,0.3565,none
49900952-be0f-44ae-b26c-67f3bc1476bf,00d038bf-6b92-46f1-a739-7efaba133a66,0.1097,none
59675e04-78fb-4d39-b6d0-383cf146db16,16990578-c68a-4220-a513-4e07fc6b0d8d,0.1647,link
f4791d71-8985-4645-98a0-ac25f46b2bf0,1ee7810f-f929-42bc-ae1e-4e28f578e155,0.0334,none
427cf4ab-5253-4d29-9f6a-2e10d7eaea0f,af4b12da-86d9-4029-bd67-d98a6a23af10,0.0814,none
ed27d473-7eb3-4ff6-8ab4-d5a6ecf4c026,c31db30b-174d-40e9-b437-6f9a71f50ab2,0.134,link
eb633b48-7435-4cdf-a692-7c48f1d6adf8,a1997d8f-6e03-41bb-bd47-42ff9ea3d2fc,0.1184,none
6050f1fa-1af0-4070-85fe-223cea9f3d54,e9680542-dbe9-4415-8e83-e9a31e529133,0.1562,none
0c369010-1bc4-4397-93e2-d9fc374c0763,e9680542-dbe9-4415-8e83-e9a31e529133,0.1535,none
43c2a754-0226-41ba-ac7c-5fe69911c296,5565c30c-22fd-4755-aa88-ba3bfc30e8ca,0.1865,none
0f9b9ba7-a1b3-4a82-83af-2e57a1e95405,c080f9f1-bb2c-4004-a882-093ae5f7e47b,0.1248,none
2480fe44-911e-4aae-ae4c-1e8f113cee9e,54136352-878d-4a03-a9e5-52963a9e7c12,0.1806,none
b1d376c7-2255-4088-9885-7b9d9cf3278f,a0c900f8-cc46-477c-a349-fc79f1bf8662,0.1036,none
9f428320-69c8-449b-8810-ef63a8eac935,494a703a-7dc1-4f82-aca4-0586f60b93c8,0.2385,none
aaa302a6-3986-4fd4-80c3-ec6cf713ba0a,51b1fb59-c220-4917-b591-522e75a607f7,0.1117,none
c9b6cb3e-0974-49aa-8d3d-702c57d38121,785210ec-2d44-454b-b693-5f9f4eb1fbb7,0.1233,none
a7883e97-f35c-4f37-96c0-8cddb3a219c1,5c2dfa41-64a8-467d-a83a-c59001f82d2b,0.1445,none
e15ff2b9-2766-49d9-99cc-cb48444715bb,6bddbab7-7bd0-4b9a-87ba-8f5e2e404d0c,0.1406,link
9ea9a629-cfc8-41f4-a984-f063426c3e8b,a22bdfbe-8cea-4bfd-9ee0-621cf1887d43,0.2265,link
f3083f2b-6600-4bdd-bff6-53976713f894,0c5b4675-6fdd-4fe8-b9be-caa92ac153cc,0.1609,none
a6e653ce-b8fe-462d-bd3e-178a91ae7103,1ea6246f-351a-4f1e-a9ca-c092ca0bf5b0,0.2073,link
d984493b-38bb-4a93-b061-eb6826317dbd,1663bf42-45d3-462b-be62-1a0c5451b4af,0.1369,link
88d8f1cf-3af6-443d-8bcd-1a4e298e585b,16990578-c68a-4220-a513-4e07fc6b0d8d,0.155,link
e025d7af-afe1-4a98-92e2-7dc695c0c02c,a8012098-e967-4866-aab2-fe48a9105bac,0.1269,link
8a9543d7-02b2-431d-810e-9c2f63043df3,cad943f8-855d-48ea-a82c-eee95dcc2a3d,0.0637,none
4cf9ed73-b833-410a-9613-721d10744fe4,5e4edb51-a0b7-4f1f-a55f-cedea1da73a0,0.0808,none
f8f46c10-8e7e-4e36-9603-8a9da881d4ee,2edd4dad-8539-4703-bb9b-376b57807020,0.056,link
1d211a1f-4f7d-454c-a8fd-b79b4cc78b97,2edd4dad-8539-4703-bb9b-376b57807020,0.1215,link
aabab4f9-cbfd-447b-81c9-a1064df52510,2edd4dad-8539-4703-bb9b-376b57807020,0.1483,link
04526952-e0cf-40af-86df-c0bbf28d6ab3,a1997d8f-6e03-41bb-bd47-42ff9ea3d2fc,0.1161,none
3b9c840f-7de4-4428-9856-ff668eafc6e0,38d9172f-c69c-4507-b843-e411e69c4839,0.209,link
f36bee36-ab87-40d3-9e26-0c374a7ad34a,a5817f16-ac5d-4b15-8453-5531ba0db135,0.2188,link
4352a373-46a8-40ec-922d-5efe889ffd11,569cf8e7-95a8-4304-9d79-60d0a7852168,0.2287,none
640149fc-9321-4e5c-bdc8-23896b64f1b1,d572e5f8-8636-4e7e-95d4-0c9081e84214,0.0697,none
93668270-52d4-4536-9622-88fe21967865,46d65607-e7ea-4b48-8f5a-2b5dce43f159,0.1072,none
ea168aec-e9fa-44d7-b5e8-474d85fdb7e6,e5419887-4bd0-49d3-b774-ae2fa66415e9,0.0978,none
b6cc0e37-f88b-4ffa-aa6d-9899e3408e98,daef9d13-1d05-4055-87c0-c1969f0f51cd,0.089,none
e5cb42bd-765c-4eee-9ca4-e198d54eed24,308fec4f-ad0e-4628-b20d-7fb713f62647,0.0687,none
7e57951a-8aae-4b81-a3e6-84c11e3986ca,16990578-c68a-4220-a513-4e07fc6b0d8d,0.0488,link
5f390e37-239f-4b20-8594-a0f367849f94,16990578-c68a-4220-a513-4e07fc6b0d8d,0.0778,link
1eed0c83-d9c8-49ae-bd64-b16184285a50,20a5c587-6546-493b-8eb1-0913e34e288f,0.1205,link
d59de146-4fb2-44d7-8f29-c592c07e9e30,51b1fb59-c220-4917-b591-522e75a607f7,0.1282,none
f1796a11-f750-48f6-a519-1859c312154c,2680703f-a3b3-4be7-8104-19a0acac643a,0.0936,none
7633bdea-db13-4306-8a1e-217b5d00e9c5,5565c30c-22fd-4755-aa88-ba3bfc30e8ca,0.2171,none
5af6ca8f-e636-4963-a168-104e23280f51,c9820c68-b237-47c7-9295-9c9e4d750a73,0.0411,none
b7697c1d-cbac-4d61-a204-d818c2d06ef5,1a855175-db9c-4f71-b7b3-6473a027010e,0.0657,none
a363ff76-bce7-47ab-a463-ffd0332ec1fb,127982ca-b611-4204-833a-dc7e0cd80ffa,0.0788,none
dca57fa4-8f9b-4e92-ba99-3aed34689cd5,20a5c587-6546-493b-8eb1-0913e34e288f,0.1222,none
5df3c868-1fb9-4334-adc1-6b91cbac8064,519d3b82-053c-4cea-9984-e2011356f931,0.168,none
db340aaa-76eb-4ae9-bfe7-383b8b99613d,ed02e0e0-c9d9-4cd4-8b7f-ad6e6a2d0d31,0.1223,none
330350e1-f0f3-4d1b-bf26-a9eadfdb5ac7,d47107fa-abe1-4974-9206-02079ba167dc,0.1332,link
dbaf7f52-43c1-4219-bdfc-f0d917640387,2d1881d2-a327-4dda-b910-66b8e2aeebb0,0.1271,link
4c02be17-8464-4657-8c1a-d3018f8e67b0,5e6c6f97-eea8-4e6b-8810-e6c81a6d8bf9,0.1663,link
d2819bf5-b2b2-4a8d-b3ec-14a56ce31aef,7cefc171-1d60-408a-a437-5bc9c79b9679,0.1681,none
b5523231-3053-43ab-8e16-a3edb3aadb5c,54136352-878d-4a03-a9e5-52963a9e7c12,0.1785,link
eb212dc4-7484-4237-a342-3d473784868c,eeab9bed-bd05-4fa7-bd1f-11d74a332e5c,0.1586,link
f953be7f-0b38-4987-bc96-17620fa9cb99,25cb67ee-d4e1-4359-a340-cae88efa7f02,0.0958,link_regional
320152c5-de53-4ac8-bf15-afcc921ef952,b5912550-7e49-4761-ba83-84c538e072ec,0.1753,link
0d3d7f58-533d-4338-8952-81d1ec737542,547ffc81-84ee-4834-9996-25071ed68b53,0.2115,link
e28d7df1-84e4-4884-9f17-9e05000c5172,1d0fd776-90d2-4e1c-b6dc-83abb02604f5,0.1797,link
bb0e998e-ee61-4cd2-b06e-1b81a51fd110,895e5b6c-7ee8-4f54-b0e0-9ecd7186fa31,0.1479,link_regional
1b4214b4-9539-4c5f-a4c3-333273f9a955,28296031-04d6-4de6-9700-daf31da4b0ea,0.1016,none
0fb1e5cc-638c-4d6c-980b-8743ef9394b9,5d8317f1-72b0-4973-8e97-524465328725,0.1519,none
604345a0-76d9-4a5c-a53a-ddb61061539f,2796ddb7-c526-44b4-ba55-8891d7708b04,0.1635,none
1c68d48a-784a-48f3-9ac3-3b5aa53ee4be,0bb35498-b668-4359-8236-9d16a71c1491,0.1656,none
92576eef-88d2-4fcc-9716-338cfbcce368,1a855175-db9c-4f71-b7b3-6473a027010e,0.1389,link
dfb05621-24b6-4e8d-9bd8-ba73582b7662,beb02ab5-765f-4e63-a0f2-5cf484e64ecd,0.144,link
c8ad9cd9-8ba8-486f-ae57-eee24b5af1b3,3ed007bd-10a3-432d-8daa-b286e8bfea53,0.2212,link
29e0a81c-97dd-40aa-b083-9b60724c5e3c,36e08f0e-ae7d-4c5a-9ff2-3149d599a999,0.1257,none
865cb793-af03-4fa0-a33e-1702c82c2357,9ccb197d-8ea9-4a80-ac43-efcefa6021bb,0.2122,none
f541231e-0dee-40fe-99f6-02b69ee8ef0a,da089ae9-859f-432c-aef5-48d4bae732e2,0.228,link
0ec8a32d-0128-4e94-ba54-fa5194de2f57,3cfa136e-784f-4286-8af3-09887981d9e8,0.1251,link
09492a4f-8670-4e25-9137-ea044504c9c8,e1b03869-98a8-486c-9146-57e592e8928b,0.0615,link
e94ab311-bd60-4f21-98a4-6bf4f41c3967,3cfa136e-784f-4286-8af3-09887981d9e8,0.0873,none
c88759c2-8a13-420b-a372-842e6ba05f40,07c7fbbf-02a7-485a-9ea9-628df01a8406,0.1694,link
9f84922b-9ee4-476c-9962-43a9a25d4365,1ea6246f-351a-4f1e-a9ca-c092ca0bf5b0,0.1005,link
7c44f9a7-d27a-46d3-85bd-427dca42464a,e3ea9ac6-bab9-4259-ae09-53c2d1934282,0.3241,merge
1528d2b0-a9a1-4aec-b392-64186dbe937e,a7266a0f-09de-441c-a27e-0db5be8b8e41,0.1245,link
3bdca1ec-cdac-4b9e-8495-dbd8e5352816,7b8672c9-5a4f-4d25-82f1-2c0acf4fa83c,0.1007,none
03bfbeb6-3cf8-4df5-a6e2-8df0fd4a8c98,2f047a90-21ba-4306-91cb-74e790b54ffa,0.0966,none
ed08152e-99c9-43fb-bdc1-e9b4cddf49c8,d7bd3937-c021-4c88-84ba-aa64639e94dc,0.1493,link
f65ae840-1441-4702-bfbd-5150c7c021a7,85239981-23ec-43dc-8808-90d94ed6ebe3,0.1716,link
8ef0f583-e915-40f8-ba1e-d71be02e34f5,57a761fa-9a5c-467a-9ad0-615544088c53,0.4095,merge
7834f79d-475d-4595-b09e-36f02597e6d1,be6e4757-2dbc-46f4-b69d-72efca5b776b,0.2694,link
9dd76d9f-e40a-4e81-bed0-c0a73f3f8159,27f12d76-3ad0-471c-a478-46015e3b6ce2,0.1492,none
fc9078ff-be88-4580-b064-02e1d32c8c76,20a5c587-6546-493b-8eb1-0913e34e288f,0.0628,link
883750fa-1775-4131-8129-59f35d2a2b0b,99386a35-a63d-41de-927f-422640efb673,0.0794,link
3b169049-8597-44a0-bf7b-bacaa3e88d26,0bb35498-b668-4359-8236-9d16a71c1491,0.1168,link
3254be79-8cba-47e8-abf6-1b89fa82ba0a,1663bf42-45d3-462b-be62-1a0c5451b4af,0.1378,link
81e8e2c5-7135-4521-a978-d00cc936b7da,a089ad9f-5cf7-4c85-bb81-265d49571e3e,0.1456,link
b4893f53-7ff6-48a8-8eff-1bc5a5d9ca99,d6356883-4933-4817-a2ca-34076ec1ac0a,0.0964,link
01998c79-0836-4f28-8885-e6619050b609,1b62db5f-091f-4dc7-9816-714528ebb986,0.1364,link
afd37829-baaa-4767-a5ce-0534378a6295,e7c71bef-5be6-43cd-958c-b82359a88ecb,0.1365,link
9ceb12a8-1094-4b33-8a8e-2fd54d23503d,e90edb22-22a0-4112-96b5-83ac13b90782,0.1572,link
38e96068-588b-4ad5-ba26-49f3b5be36a6,0bb35498-b668-4359-8236-9d16a71c1491,0.112,link
ddf1b046-20f1-46c7-86da-70488e7429e5,25cb67ee-d4e1-4359-a340-cae88efa7f02,0.1492,link_regional
193d9477-f30f-4212-ab3c-6241e14ef620,7c7ea838-47da-41aa-b67e-da81881b77e5,0.1593,link
9b634626-7c00-4821-86d1-0432f44acaf6,c79557e8-8c5c-4f02-baaa-f5847a51c66a,0.121,link
1049452a-c272-4460-b72f-28de841af696,dd8bd13d-a9a2-4658-8021-b01e881edef1,0.1418,none
cd3f3dc2-a265-44bf-babb-54f332a460c8,2b226ea6-3254-4310-9a8a-6f880ad69f5b,0.1683,link
7a57e9df-8952-469b-acdb-5378387b137e,e923aefb-84a8-46d1-833a-02879c8661af,0.1019,none
afe20061-1e59-423c-b41e-d920f111d927,18f6e554-6df9-4580-be90-63e4910e9c70,0.1275,none
d15b7a42-2d2a-41bd-bb8e-9249660481ac,2d1881d2-a327-4dda-b910-66b8e2aeebb0,0.0996,link
acaf0a43-7f78-4b7d-aa01-3ba67b157d91,a070a886-0bc5-4bbc-a825-408258a94ac0,0.1064,link
b12f026d-f9c7-43a3-982a-146ed296530e,44281481-dc3c-43e6-a99e-4fb4672d627c,0.1258,link
082b3b3b-d801-4327-aef6-58a3abd3ab50,147eeca8-f033-42c5-a16f-b81d2466f8fd,0.1519,link
fd44489e-d991-4edc-a298-b44732bf841f,dd8bd13d-a9a2-4658-8021-b01e881edef1,0.203,link
f997318f-5c60-4f72-bad0-155d25f4f33e,026b8ab5-64dd-43d9-b347-89b74a9ef9cc,0.2358,link
f7aedb2f-b733-4664-bb86-f344c8f9d0e4,026b8ab5-64dd-43d9-b347-89b74a9ef9cc,0.2009,link
ec9e029c-b40c-44ef-b904-64a6328428da,026b8ab5-64dd-43d9-b347-89b74a9ef9cc,0.2034,link
eb77386f-8a58-41b4-bde5-43fdb7dc0c6e,262998ad-0d25-471c-ac62-cd86cf8aaef1,0.1351,link
b9d39d5d-13c5-41ba-9d55-947a2f5522c8,12b00dbe-3dfd-4947-ba39-0de60f34477c,0.1579,link
0b18e122-4bf2-4792-a95c-04e56a29d0e2,f2c9aa0f-c932-4dcf-80d2-3b15b8f19cd6,0.2163,none
b866dc2a-faf3-474b-8f26-ee4d5701ede5,3ccfb057-40f7-48b7-9e31-cd27aa0cf0f0,0.0785,none
95f2e4fa-fb2f-4bdf-bc5a-e3e1dfd1072c,e7c71bef-5be6-43cd-958c-b82359a88ecb,0.1467,link
e450905c-c4f0-4228-b908-1e63a8c6698f,ca55e977-543f-49df-9397-f68de7cca99b,0.135,none
59c6d7d6-d743-46ed-b0cb-7449f40be6e4,8a5a2644-55d4-4eb2-8914-5efddba3a7a7,0.1848,none
7fceca7a-5441-4725-9c0f-507ecacb7290,d2be9f9e-4dfd-4c81-b72f-17bb166b6329,0.2392,none
1aea0f0a-a43e-4299-8aef-2fa7c5fce02b,a3ca83b2-0106-4242-8de4-1c8fd7356c77,0.2191,link
f0e4d4ef-56e0-4689-9559-3e88463c0494,46d65607-e7ea-4b48-8f5a-2b5dce43f159,0.1887,link
46fe461b-e959-4054-8d9b-f0c2caf73fea,966ba5b3-99a5-4c27-b584-eff35dc80fb5,0.3274,link
3d4769f3-9947-4bb9-b576-786d942f299f,a11333c1-57c8-449f-8044-1084917c90f4,0.1108,link
73b11ce0-8496-450e-b06c-f9b224a09d83,899e9281-9cea-4070-a546-f57f31cd1195,0.1456,link
aa0d5b8b-cc62-4822-b3ed-6003bee253b8,58dc481d-5c20-44c8-866d-d690155241b3,0.2454,link
a667cd65-09bd-45d1-8944-55a6014e7a80,da96d9ac-2b2c-4070-b6ec-8b55edad5b8f,0.214,link
c57b6ebc-e7ac-41c0-800d-ea2faaa7d468,47c47100-b96d-4bfc-a059-fdcd69b60b3f,0.1644,link
4867d00c-237d-4889-95dd-a618eb27ff92,79f6fd11-aaab-4798-9b20-057c87b20c52,0.1636,link
531404a2-d1f5-41e1-bbab-78ae01dade20,22a6886f-0c30-4e2b-976a-368a514143bb,0.3225,link
ba43083c-a048-45f8-af9e-26d8d9e369f4,985ad98c-02b9-4773-aafb-824a31c427a9,0.1974,merge
2df6cd22-fae5-455f-9510-7b88747f4273,65e932be-59c5-4120-9e8a-e3f08eb2a849,0.1598,link
004d089e-fd1d-4b50-8d17-0a7490bd2aee,e30dcf9d-4e06-4ff0-9c7c-9c9f47add0bb,0.0942,link
4a3e48fe-3a7b-4088-9ce5-62192019d41a,985ad98c-02b9-4773-aafb-824a31c427a9,0.16,link
38e1074c-01c3-4ed8-905b-39bc8998f752,96f5c0fe-f649-4083-ab8c-ca62f82d6ad9,0.4216,merge
bad78efb-9a4e-4d2a-ad65-6c3af5d8806d,18468cb8-e4f7-439b-b826-a1ea0c96d6d6,0.1636,link
40cf1f1a-d6ba-40bc-9ca6-9e37c930c34f,18468cb8-e4f7-439b-b826-a1ea0c96d6d6,0.1771,merge
1370ed36-1ade-41cc-ab79-cbb334091b5a,03ba1d8b-c89a-44c9-8add-6c2bcc97ceda,0.1144,none
bc4da3c8-3394-4080-97a8-e2722a81bccf,81e79559-62bc-41a4-b2f1-e5dcc95e7af1,0.1239,none
9c1f21e7-5214-4f21-b78e-ab350195d7d3,9418e51f-9a77-4956-b7e7-e3b2a00c4e91,0.0646,none
296e66ea-756f-4d77-8154-2045c8eff155,5ee4e8ca-4029-4ffa-8a4d-adfab49f2cdc,0.1327,link
f29badd9-d2a5-4aff-af18-1b27a0eba81b,d07f3e12-d88d-4c21-81f0-f160c5b4d41c,0.1932,link
19d2982b-eba8-4733-8e86-8682bcb5e199,0f8bc8f0-1484-4bfa-a7ad-b8e37b2fe538,0.2544,link
3500dc58-8e07-4ea7-aebf-56d9f9c2cbee,0f8bc8f0-1484-4bfa-a7ad-b8e37b2fe538,0.306,link
77dd4254-7887-48ff-a6fc-3a2c2a89b68d,64ac127d-33ac-4e12-a1cc-9b64e6a436b4,0.1338,none
dfef666e-2807-4eff-8be5-15e73c7f9d56,7cafe6e8-1436-4d23-a5b9-ce053dc38367,0.0876,none
bc09458f-5cab-4a67-8e17-72be13f9adb7,af55fdfa-5e7d-43d4-a7d4-cc46799f010c,0.1465,none
779a4d0d-ace2-46cb-8fef-7b470fb460ae,62fd67ec-0158-425e-aaf5-6d172a872eae,0.1856,link
00c806e6-4750-4926-b003-2c4a2df2877f,1e9638da-41f6-40d8-acc9-f98c93968cfd,0.1785,none
274f017a-3f62-4bd9-9471-9253ea020be4,8758c0ad-0edd-4312-b299-59708d068956,0.2015,link
2243b6e7-71cb-44b4-ba4b-cb81a7afbee4,3d937218-b8e8-409b-aeb3-1d3409585759,0.1777,link
b1f2a466-186e-4853-a65b-e87d61e8424f,18f6e554-6df9-4580-be90-63e4910e9c70,0.1107,none
8446501a-0778-4e46-a28e-422213c50afa,4f425eb2-eeee-44b2-8052-9478b1b5aea7,0.1679,none
8be274d0-56ea-4efc-b1b2-78f6838626ac,aabc5418-5ee7-4f2e-b189-2315e160a08b,0.1376,none
59df384a-d3d6-4109-b916-5eefe37a96fc,2d717121-60a3-4fc4-8ac2-6b560295730b,0.2354,none
15803151-909a-4106-8b9a-14d46b1f5639,4f425eb2-eeee-44b2-8052-9478b1b5aea7,0.1642,none
d1cd388b-649d-4b5c-bc9f-be5dbc735ef2,aabc5418-5ee7-4f2e-b189-2315e160a08b,0.1265,none
bc135fd0-f296-433b-9a15-bbac414fa9f9,2d717121-60a3-4fc4-8ac2-6b560295730b,0.2488,none
b633be2f-5033-4fc4-9544-29a30f8ed952,985ad98c-02b9-4773-aafb-824a31c427a9,0.2224,link
e6911938-1b8e-46f9-a5bf-0b4f21d5feb8,bd43e58a-7cef-40bd-9b5c-428ccca549df,0.1073,none
d9bbf081-e918-480d-8ed6-1cc471835953,e30dcf9d-4e06-4ff0-9c7c-9c9f47add0bb,0.0935,link
e74fc285-abc2-4386-9216-0dfa33e16b3f,985ad98c-02b9-4773-aafb-824a31c427a9,0.1622,link
c80f57ee-d19c-4f6b-86ba-65e2cdbfb733,ac24cbaf-9468-47f3-9404-efd5845d0514,0.1512,link
8594ab9d-e284-4535-87de-bb71ac8b69e5,ce49656f-d873-4609-9e22-61f54bd6374f,0.2815,link
bff5ac71-cbc1-446b-9f11-c0217e196008,b07a9e31-b282-4937-8321-f263412e529b,0.2914,link
da41091f-3565-4b5f-8873-dda3386ea82d,7900c3ea-cf0f-435b-844a-dbd3af9e5080,0.1402,none
d92ef69f-16ec-472f-a1a3-e8e6f0fb143d,6dafc2ce-bf54-43c4-bd7a-f528433ebaed,0.2302,link
7e78536d-332b-4923-9f43-5ec773a3b22d,dfa44f2a-110d-449d-aed9-14ede7203b36,0.1891,link
1079a995-7ed7-4931-87b3-4a146f30b354,be332bcd-a08d-40a5-8feb-e03fabb9500c,0.1097,link
589a1b16-42a1-4611-8bbb-2c4c277ad35a,dfa44f2a-110d-449d-aed9-14ede7203b36,0.1641,link
c61b4b5d-8eec-491d-9c78-15cf6210bded,7feff3cd-9d20-422b-bf1f-c66f97a5d003,0.1404,none
5c3c4652-8162-443e-ba99-7c3e3104b926,0b22a6ac-fc0d-4049-a8c6-56db41a130a0,0.1653,link
6588c18d-b639-4287-ad83-a66c041fcf2e,20a5c587-6546-493b-8eb1-0913e34e288f,0.1782,link
9d0211bd-5632-4109-a836-f840fc213067,92f6f9d0-a034-43a7-be70-a152a509b70e,0.1197,none
e5f582aa-4da4-44dc-91c6-c26f348543a2,2c7a47c5-2655-4418-9b6f-61f98a79d195,0.0844,none
865f3155-1cb7-42c0-b97d-8c5fd869cec1,b7848bbe-6085-4e4c-9261-2cc8190a9b4d,0.098,none
d0ac911b-9efe-4684-b9a7-70ca153b89d8,1663bf42-45d3-462b-be62-1a0c5451b4af,0.0949,none
a32ecf8b-babe-4262-945d-789739d7bb71,7af0797d-b219-412b-b494-73f09d1dbe50,0.1257,link
6505a2e1-a4ea-4494-8cd6-af76672fc431,109c8be5-e928-4b2a-8316-a4fb1be7fddf,0.1092,none
fd817954-21a3-4026-be2c-bea21521560b,f659f75b-96c0-4ded-bdc1-a391d6c20c1a,0.1106,none
1eefde17-c473-483c-bc69-2c0cee24223a,35eae267-9f12-46ee-80a3-17a6dd8f1f34,0.1013,none
2c482ca8-a4e2-491a-b783-d0963812a8a9,0bb35498-b668-4359-8236-9d16a71c1491,0.0894,link
89eeeedb-9d59-4179-9cb2-8fd3ba087df6,41c570f7-36dd-47a8-9145-7785c43b783b,0.1889,link
460cf7d2-f373-4ed2-9272-e8f57641c1bc,41c570f7-36dd-47a8-9145-7785c43b783b,0.171,link
d9a33e84-b4b2-4508-ab9a-0de8361e1c94,547ffc81-84ee-4834-9996-25071ed68b53,0.2513,merge
d9634b4e-e94c-4765-b84b-74c5d23e47f5,b5be9418-92c2-4b18-8f2e-fa977ecb86f7,0.0633,link
de8a9b39-0ae7-420d-9a04-5c3edf547094,73c0bffb-d5cd-4b1e-9487-cc0b096ab684,0.1767,none
7d07fa96-724d-40b0-afa9-602a4b75be43,e90edb22-22a0-4112-96b5-83ac13b90782,0.1624,link
751aae2e-c627-4309-a52a-13236b87d8f4,e7c71bef-5be6-43cd-958c-b82359a88ecb,0.1914,link
5cf1b72c-c485-4667-9164-a680e8ccba39,c6cceba3-e484-416a-a3a0-fc8ed666d05e,0.2488,none
b6fcc1bb-a588-48b9-a71d-90d7fd35533a,c6cceba3-e484-416a-a3a0-fc8ed666d05e,0.1572,none
216dd7d2-476c-4fc1-9071-6aa1d173c3fe,40e373c8-965e-49e4-83ea-76d3affb5032,0.2239,none
3b3e5f3e-9907-440c-bbdf-396d647f0f43,791da658-ca39-45aa-8f71-5240d6b543fd,0.2338,link
fd64110f-5c04-4122-8b1f-12dc806dcac6,2d1881d2-a327-4dda-b910-66b8e2aeebb0,0.0637,link
a5399798-2329-4aa5-a3ac-7261a209ed83,3ed3df5d-aea3-4a67-87f0-ede6d61909dd,0.2016,link
314a7705-d4e0-4fc8-8181-aa4e41ed5f67,2582acbc-dfcc-434f-863f-a431d2659b42,0.1492,link_regional
1cd22530-415b-4fd6-bc4c-1e223a6d3e01,a4f341ff-7cc9-47d3-aaad-b6265ec143f7,0.4473,merge
023c8d9c-d3ee-4092-95da-4579c422059d,7dd4fc77-5957-4b29-8ee7-bdc387965e68,0.1243,none
38d8b5ba-61cf-4824-8cce-e065fbb58036,86aef94b-56a4-4727-8f51-12e078b094aa,0.0424,none
68fe74cf-dad2-4912-a13a-14e01526000a,6b21b9c4-2002-4b1e-89e0-983b93029f95,0.0517,none
42bcea89-0bf3-4dfd-a0ba-da94749c3071,f2c9aa0f-c932-4dcf-80d2-3b15b8f19cd6,0.2759,none
3c594cd2-c0ad-4c96-af08-fbd5d162a013,8e6a54b3-8366-4a19-9f4f-520ed5288eb8,0.0442,none
46361cd7-23b6-4999-9c53-0dc4fdd17acc,8573515b-940b-4901-babe-d073e485f91e,0.1226,none
15dc8686-cd48-4b98-9a28-f9d995d26930,ddd79305-bfdf-4a3d-9332-558e33dd5df7,0.1056,none
6bd6ba15-5228-4a14-ba93-7fe0ac937b3c,d08b1c0b-8cad-4215-8f8d-1e6a54dbebc4,0.1297,none
9a9922d7-658e-4b94-a994-09cfeb01822e,2da62f7f-6f94-445c-b1ea-914ea7f05b7d,0.0555,none
a5785a45-fb18-48b2-9a81-e899fbe2436b,e3ea9ac6-bab9-4259-ae09-53c2d1934282,0.1588,none
98d02fd2-6b7c-46e8-b966-24839982d652,a4f341ff-7cc9-47d3-aaad-b6265ec143f7,0.2321,link_regional
9e8ff9d0-9964-4f97-8e49-ef9d2eeaa20e,026b8ab5-64dd-43d9-b347-89b74a9ef9cc,0.1242,link
cef59aa7-1895-46f4-91d9-2f8c4461b76b,07696345-5f97-44d9-98fb-10fb36dea80e,0.1547,merge
8f24d97f-fc6c-463c-ad8f-75af2775b338,a1837e14-5489-4a34-aa2a-ea430206ec08,0.3475,link
a4923e84-8f49-473a-919e-45641e77c861,cee6b1e4-d29a-4968-83c6-efd82593fcc0,0.029,none
ef80170f-d2ac-4ce7-af70-e07254fbf995,8a5bbdd0-83f4-4358-8ed0-4d77dfbcc837,0.1025,link_regional
439bda2f-f73c-46ce-a14c-79cf779608a8,101bf6f3-af5b-4a1a-9a51-b40923c42a35,0.1981,none
ee067261-fc6f-4fc2-ba2f-52a50a824b39,1f98d437-ea9b-4555-969f-f40ceba52c0c,0.0977,none
c195b7bc-8c5e-4fa8-9954-06d11e352629,fad60225-df84-450c-a285-24318dcedf7e,0.0552,none
81036b21-fd61-4e80-9971-b546648ff5c8,17f2c16a-fc6b-42c3-927e-80bd3b941494,0.2087,none
20adb075-2d95-476b-8e9b-7905ac96af83,4142a0b3-82b7-4e10-b1a4-07e1764c48ea,0.1455,link
9644b6e8-a80c-4c1c-b11b-9a90c245d68d,d4401a2b-31b7-4919-bcf6-b7402345a6bc,0.1711,link
e3ead426-e17b-4906-9438-b3934c88ffc6,da96d9ac-2b2c-4070-b6ec-8b55edad5b8f,0.1346,link
c7c436b0-125b-400c-8e34-046c509ba508,2d1881d2-a327-4dda-b910-66b8e2aeebb0,0.1356,link
7d1df705-b5d4-4273-8532-ca79585fab7c,8cccbf76-fd83-4718-968b-cd3e09b84b6d,0.0993,none
8b3e3128-373a-47d0-9689-30cc99975da3,44281481-dc3c-43e6-a99e-4fb4672d627c,0.1998,link
288d1644-4ef1-4599-80c5-702fdcc91c20,d4401a2b-31b7-4919-bcf6-b7402345a6bc,0.149,link
5ccbd41a-01ff-4952-a1ee-0840a60c661e,b8769ad1-58af-43de-bb14-e8c5a860e12a,0.1129,none
d2166400-dfc5-48c5-8119-3b5e9cf9d1f9,b8769ad1-58af-43de-bb14-e8c5a860e12a,0.1142,none
17279a48-4398-405b-a3fd-58297fedbab4,97366231-d916-4575-b142-7535afcbe3f5,0.1435,none
4903034e-7ae6-4f5c-be4f-6a900bff34ec,8ad4253a-fb16-4eb4-b4c7-3114c9fdf499,0.1685,link
bb221464-b3ec-49f8-8800-201c904bb12c,dee8672e-274c-432b-a934-6f6f9a853117,0.1789,none
27445cdb-b5cb-4603-93ce-8d85b92a5eb4,ae0df23a-85bd-464c-a95a-d50276610c4c,0.2232,link
74b9bc67-ef5a-4fb7-b8fb-a4b9a0ac59d1,387d97c3-58dc-4072-bfa3-82b1b86cae97,0.175,link
2311985f-4809-436b-b7b5-cd1c453fab97,45afeedf-2a96-459e-ad9e-e0e053862da8,0.1976,link
1baa2869-c4a5-40b1-b491-2f65ff583e71,34598a1e-14b8-4a76-8321-9d31aab4ccd9,0.1294,none
c958bd34-cea4-468d-baef-38c79578e7ff,34598a1e-14b8-4a76-8321-9d31aab4ccd9,0.1199,none
93d70caa-ed9e-49be-ba75-805c397f0e9a,96b8fc9f-c1ee-41b4-b134-3b321909968c,0.1569,link
309c73a6-c28d-44a8-9451-d4c9b01bb147,c79557e8-8c5c-4f02-baaa-f5847a51c66a,0.1803,link
52d798d8-0a20-49b9-a473-f02d3fb1868e,5417deee-1d9b-4235-a58d-1e72e2a57478,0.1003,none
0f37b073-66e8-4177-b9cc-d11c2d2ed5de,34598a1e-14b8-4a76-8321-9d31aab4ccd9,0.1687,none
98479ed4-46f7-414e-9d92-b98001c5d127,34598a1e-14b8-4a76-8321-9d31aab4ccd9,0.1605,none
35f9fe8c-f66f-44e0-b6ee-45c04421a05a,a7316343-5e6d-46c2-82e7-38a96322a4b9,0.1448,none
c642d479-4413-4193-806f-a7a255a464c7,b50c5d04-8e77-4565-9ea6-0c474dbcba05,0.3855,merge
d4fb203d-74e5-416f-975b-bd2b3b776087,c5d6663f-cb2f-493f-9ee3-85155249be44,0.2826,link
0814cbf3-f3cc-44c3-adef-314ebe906560,b50c5d04-8e77-4565-9ea6-0c474dbcba05,0.3277,link
375b69f9-ff0c-4590-bcae-157665a3e5a4,d7bd3937-c021-4c88-84ba-aa64639e94dc,0.3915,link
64a84f27-7fef-48a1-aeea-858fd2862966,750357ba-d2ee-496b-a0a2-1197c1964ff2,0.1639,link
d17ea67c-11e8-48e7-ada8-7c3b3ce613ca,428c42a7-768c-48a0-9c71-6bd1d2566a1e,0.1317,none
5de7546d-6bf7-471d-9f01-a23934fefe42,9720fc5c-4fca-417b-b312-faa8117b5db9,0.1144,link
43060f15-75e9-4d42-97c1-e1cbaf346146,262998ad-0d25-471c-ac62-cd86cf8aaef1,0.099,link
0bfb0596-e361-4b95-b644-6514f79dabf7,2e832718-92d7-4b9d-af05-52ef476d1382,0.3226,link
ac2396a4-f6ce-404b-87d2-332b29b39f8d,c47b8aad-959d-4241-8b49-a9a1d24b7650,0.1171,none
d2026045-6292-453a-81ad-71ca84d28a47,c26a16da-c690-4a78-95cd-0782ed169b0a,0.1184,link
1c9466ed-66fc-4e96-87ee-bd280823c824,5c67207d-4827-4943-bb21-0d822ca7eed9,0.4556,merge
ecb37911-fb74-4494-9a60-7b9c16b3c897,694769a6-0042-430e-9c68-fff4f8072bc5,0.2011,link
113b13a3-c2c3-46c8-9602-d3ec9d7f171a,1ca9053e-f8b3-42f1-a61f-ae1083b55be0,0.2018,link
8b8a361e-9d08-4b21-965d-c8fbf7a192ba,47c47100-b96d-4bfc-a059-fdcd69b60b3f,0.1803,link
12c6fdd7-2069-40db-ad42-96d032bc417c,47c47100-b96d-4bfc-a059-fdcd69b60b3f,0.1478,merge
327fdb82-5b11-46d4-887c-8b9b61b0ee96,1fb0a565-9ba3-4ef9-80c1-6a16edda0eae,0.0849,none
189ba446-9da2-4e0e-bdb2-b2bf012f4837,b4cb7742-16c6-4a88-9c71-76f61ee1efa6,0.1091,link
85404413-2ebb-4e30-a029-c46926999f6b,d4dd360c-9cd3-41a7-94e9-17a7f43b7d22,0.1301,none
13fff658-291f-48a6-8bad-3b14fe47b985,2b668a7b-4ad8-46c6-b892-35df3cfb6a33,0.1503,none
b4e582b6-4fa0-4ba4-b9a3-ef13ffb0ae4a,e35b3695-9f4b-4689-bcdf-2d344f46dd5c,0.1129,link
190395b5-9885-46dc-82e3-093c401e1815,44281481-dc3c-43e6-a99e-4fb4672d627c,0.2399,link
db5a7a08-b83d-4bcf-8dcd-633b76c520a4,69534ad4-15c1-4ef9-8af9-d7cc85ce9d32,0.1311,link
59711381-f43a-49c7-8819-64801e1d5cb4,d8f5454d-ef5a-4b7d-9e11-a217fe126c1d,0.2179,none
cf73a3ba-d503-41a3-bfea-94e0f5837913,41671860-a06e-493a-ac2f-ca0916f21022,0.193,link
869d1efd-411b-476a-b308-2c4ed068a92a,31c8b7c6-458b-4114-866f-fb00182c01b6,0.1667,merge
2ab1c896-9c53-431a-8ec6-a419e78c73d9,7de0e5ec-abb6-4886-bf5b-62ad4e9c0dcf,0.1551,link
d61fe002-22c1-474f-82a3-0956387d47dc,4af1d920-c963-454b-a616-f814f62da5e0,0.1179,none
953a2fa3-4faf-431b-a7a7-88b34a600578,1e9638da-41f6-40d8-acc9-f98c93968cfd,0.2219,none
8b1592a9-521c-425b-a5c5-dbc5f0342a0d,7b8672c9-5a4f-4d25-82f1-2c0acf4fa83c,0.1239,link
e1ac2cd3-6449-4c3c-8f4b-559ab9222efc,e7685d3a-afa8-48c9-a83a-e5dbad16fcfc,0.1224,none
6069e032-128a-449e-b7d0-0efda7104993,6a8a5789-5f7c-462d-86ee-21519f82fa92,0.1868,none
1f593c56-ed4a-4189-aec1-2dd2e42d8004,aa5ef743-76a5-464c-befc-801b77e01996,0.2499,none
5fac5ca1-b032-4ca2-a2a7-b5947a2bb723,a3d93bbb-3453-4a7e-8018-596dba28424b,0.1098,none
d4fd701c-f32e-477c-867d-99e8304cdd63,87652512-92b9-4532-b7b9-3d85be86e31e,0.124,none
83e036d9-e9ee-4de1-bcd0-b6228887db01,5816abb9-36b6-4eee-a108-5551463f3576,0.109,none
5786beb8-81cb-4290-b605-fa431d11d5a5,f3f67491-3773-48c3-a872-d980fff7f328,0.0544,none
047b38b4-f3c9-439c-bb49-acb9bbaf83eb,def1b949-f306-4d71-8c8d-0328c50d9c99,0.1192,none
55a2f838-dacb-420f-90e9-eeb49691f03b,924ffac7-fb2d-4f05-a978-11ccab530085,0.0841,none
a4f97e85-7811-4380-9440-a66eb7effa9e,0e5621fa-a62c-48b8-9a72-b2c664fdf48f,0.1445,link
957b3a57-feef-4e58-9120-88937a62b289,3a1186cb-62c8-4abd-96f8-46e24287d37a,0.1529,link
8b00bf4c-e29d-4180-8a53-da871ad02124,1aa26803-bacd-4e30-a063-f26af7bb1a2b,0.2548,link
d526fe40-c561-4fff-8586-ee6644996c45,22607313-1f11-4be9-836c-9a9c37ff290c,0.1354,link
a90b5e2d-34a4-4ceb-8c0c-8efa003fbd50,6dcbbd91-d370-44a5-8e21-1d851af1d342,0.1868,link
2f9587cd-1f89-457a-9ee0-35a01ca2efc5,2ac52c54-da5b-4dca-a5f4-f0b96bdaf101,0.1263,link
d845bf13-b71d-415a-95a7-269626dbd7a1,e30dcf9d-4e06-4ff0-9c7c-9c9f47add0bb,0.1286,link
a6e57ab8-bbf1-4841-a0be-c1524b2b08fa,367775b3-0e4b-4cb9-b6cb-7ab83d53b06a,0.1892,none
a0053c46-803e-4998-ac56-56ec55861938,2fd5359a-947c-404c-80e4-2112f56869d0,0.1863,link
34b3860f-ca23-4abf-8163-27278d7dd21a,dcab1df1-ced3-46ac-8bdd-e92d86de636f,0.1148,link
3eb0eadf-034f-4f93-9959-972fb8badcdb,6a5a712a-56e6-4037-997b-5501205a4ab7,0.2482,merge
5314c06a-fb6c-4d0e-89dc-721746efa8b7,b2beb571-939d-4066-b408-d683e9257f8a,0.1524,link
ffd57736-7b9f-4b36-b94b-3bfe6737875c,325d9b5f-5c7b-4762-afad-c8397117d5ef,0.1387,link
69bb24ed-dc55-4d2b-b850-034951d2dda1,f11fe499-a9b5-4c41-8cca-bb4f94c4e57d,0.1953,link
2faa20c6-efd6-4e6a-9bb5-85cb687133e6,559ffcf2-0917-4fe7-a832-9d953fb2a589,0.1989,link
6cd24127-7964-47d4-a5aa-786a26e0b6b9,c22e7cd0-30a8-4cbc-b88d-968c22004b36,0.2235,link
6361f651-1be5-4734-9f8e-61d1d95fecc9,7b6c6e1a-65a9-4f75-ba54-9cee9abd19aa,0.1217,link
36fa756f-958f-4721-b37f-e0faa4bb6d72,43eee6b1-c4db-42f9-8151-8153ac2b9610,0.2056,none
364720b3-1ac4-483c-9ec2-69af3aa3df2a,a625bb75-a24b-4302-89ed-b0ad9f9edca8,0.1889,none
cee1bdf3-ae63-4b02-b98b-88921e4c1df8,a5878594-b33d-421c-af5a-9fe85271964a,0.0954,none
0f943d65-9861-4242-9621-4c32af4de0b3,35eae267-9f12-46ee-80a3-17a6dd8f1f34,0.0959,none
81219714-e2d4-413f-be28-81c9b7607468,a1997d8f-6e03-41bb-bd47-42ff9ea3d2fc,0.1115,none
6acd0bba-f59e-440f-b5f3-3dab8df17726,dcd4a6d2-cf34-42db-b9d0-16b6db773db7,0.1077,none
1faa2f0b-0758-4566-8863-dcc302ef2d46,a5817f16-ac5d-4b15-8453-5531ba0db135,0.1168,link
0f7a62be-55f3-4a58-ac47-291165ca5178,f822bbf4-dce6-483e-8214-1d0b32876787,0.0622,none
73603f80-173a-48c7-884f-32f56fd63904,072805d8-5a2b-4173-b256-cbdda880dad7,0.0861,none
d0234daa-cc4e-4d8a-abac-d44d75bba1fe,7135c370-280c-4bea-b6ee-68c7de7d0470,0.0762,none
e9368ab5-fc32-4b9a-93be-9f0c4139bafe,5c67207d-4827-4943-bb21-0d822ca7eed9,0.15,none
013f37ef-3cfb-46ec-8ff8-276f59929873,5e4edb51-a0b7-4f1f-a55f-cedea1da73a0,0.2299,link
a4f6ee62-bff3-4cde-a5c8-6061b37e7891,a5817f16-ac5d-4b15-8453-5531ba0db135,0.1526,link
e03bc511-3cdf-4f65-bb3a-7d32ed3b734c,325d9b5f-5c7b-4762-afad-c8397117d5ef,0.1197,link
c1af48f8-7e15-46c3-b7c4-5cd8a84da306,aa5ef743-76a5-464c-befc-801b77e01996,0.1058,link
14a06603-c6c3-407a-8579-ee7dae6341f7,5e4edb51-a0b7-4f1f-a55f-cedea1da73a0,0.1331,link
7ed4578a-f1c7-4391-9020-3c728f70768a,7c7ea838-47da-41aa-b67e-da81881b77e5,0.0484,none
3ec5999d-8e2a-46b6-8af5-8a56893e207d,beb02ab5-765f-4e63-a0f2-5cf484e64ecd,0.1457,none
025e7325-333a-4d95-a161-a7401029409b,6a06fcf1-6176-46c4-a3c9-d3b77930ea31,0.1029,link
7449d873-3d01-458e-ac46-e2af4fdacb8c,dcdbfdc8-8bf0-4108-8f28-98572d60c3d8,0.0928,none
4d90af6b-2491-4889-8836-cbdbb4bb4e89,4af1d920-c963-454b-a616-f814f62da5e0,0.118,none
36a09a96-92a5-4090-a81f-aa548932eff5,4f483eba-063d-46b1-b260-fd1d70601d44,0.368,merge
bc88d504-8983-49a3-acbf-908f229024c7,67b40ec3-86ec-44f9-95dd-918d6097119a,0.4071,merge
d7be9129-af7e-4807-9403-609e682f166f,4f483eba-063d-46b1-b260-fd1d70601d44,0.2151,link
4cae8cfe-0acc-48de-bf0e-5517ac549baa,1da7f69f-48d5-4e45-a2b6-5c92e7e98556,0.2626,merge
996ab3c3-0a7f-4c28-9b27-7d2b736dae75,88ffa8d5-267d-4524-a7f1-5c7f9848b5dc,0.0818,link
5d7d7037-5890-40a8-ac28-ec159c2cd616,71d8046b-fde6-4b26-bf31-184b34e5f827,0.1801,merge
c61339c0-7e61-46b5-8ca1-97d1378683cb,85239981-23ec-43dc-8808-90d94ed6ebe3,0.1977,link
af3e2fbc-300e-4572-ad7c-e88d896128d8,a089ad9f-5cf7-4c85-bb81-265d49571e3e,0.3212,merge
4d6eb5e9-d77d-4acd-9b7b-25f657c82780,be6e4757-2dbc-46f4-b69d-72efca5b776b,0.201,link
9d390c2e-3e59-4143-ac14-54366c98e71f,2ca5a31e-22b9-4d6d-9582-62644035a845,0.2652,merge
aa0cd4ac-4900-403e-817f-fbe891366542,1cbb6135-8451-4ff9-9a80-857b9333b8e3,0.1875,link
e653fa65-21af-4aee-a33a-1b0078361b1b,b6b71ce1-7342-4b9b-a9bf-6d6863fef174,0.2459,link
06546029-9701-4f1c-a52a-1a4883d593b4,0fd804be-570d-4a41-aa1e-ba2500583ed5,0.1906,link
6f5f0b74-9130-4649-8316-87e0a75327fa,c76c35af-bf46-4465-ab77-7aa1fe98f2e9,0.2498,link
92886824-00b3-41ad-a453-6defe060a2d0,3e2ac31a-e465-4db5-a869-cb0246871a5a,0.1814,link
6531fe59-3a69-4de8-8f1f-c2be30d25e88,9df428fd-fcb9-482b-b05d-5f91f2d0a2a2,0.2073,merge
733ce6f3-6747-4576-94e5-27266e115d7d,9df428fd-fcb9-482b-b05d-5f91f2d0a2a2,0.512,merge
d9c1a41d-ba3e-483c-8071-701453b623a8,36af1dd0-e744-4c87-b2a0-1fdfc1aefd44,0.3452,link
280165ca-95f0-42a4-abac-1bebc7cce364,55504254-99e9-4565-9104-4168e6905b91,0.336,link
47d9eed5-553b-430d-a3d5-405bbfdb6349,3f2f7a9d-850c-471c-be58-d8265f3747be,0.4122,merge
963435cb-737b-4d4e-b91b-136182ef8bd9,126c2839-a561-4b19-9ab9-a1fbd52b7297,0.1866,link
8f008771-25a1-4c1b-a9c4-3ebaee9a10ea,6fdd6c83-bf82-4d73-8f10-d5378df77044,0.5289,merge
80ada446-206c-477d-aa58-27f98a86782e,957cc3f8-2ebd-4506-bb68-4a1962dbc60f,0.1625,none
f02fcc61-f160-4f3e-a70e-4dc14501514b,bed60999-f2d2-4f92-ae81-fa9c082c428e,0.0862,link
4c4f0d16-0676-4eab-a5e5-9bc21795b7fa,64541f0a-98a1-45b3-9638-b4b43f84b51b,0.2427,link
85451123-aeb1-442f-8650-cfd47dec486d,4db0c5ae-9225-4bed-ad93-ab2773544e7a,0.3208,link
a7be5000-8ce6-411a-b772-50066934bf1f,659c1e27-ba36-42d4-a252-5a93de406fcf,0.1459,link
4eb9508d-abca-4b56-a676-213c6e536992,78c6fd7f-3783-4022-8923-d68c3a4ac0e8,0.1925,link
80efab12-b4a6-425f-af17-a816b09294fc,309082b4-c630-47f5-b230-1adad2538036,0.1888,link
e48b73bb-23c4-4845-8262-68509cd7e4b8,694769a6-0042-430e-9c68-fff4f8072bc5,0.2976,link
5a94ad04-5370-4424-b72c-f16aba13b15f,be332bcd-a08d-40a5-8feb-e03fabb9500c,0.1437,link
62c18619-25fe-4308-8a51-4d542996023c,d47107fa-abe1-4974-9206-02079ba167dc,0.1968,link
0c766b8e-4c76-4841-814f-94d53d2e5c45,481f037d-6c0d-45f7-80b8-5ed1332f1be2,0.1751,link
87b5bc0f-ed8d-43db-a682-af39a498da0a,9441a55e-dfbf-4324-8b79-ca03e0d126f7,0.0988,link
81aae49b-71ff-4c4c-ad6e-26fcfec17606,3c648f44-ea50-4f6c-b97c-6f3a8fb572ea,0.2815,link
f840b414-de9a-4f8c-b642-5299b5497dc0,aa78c38c-91ff-441d-bc2f-92c4b5240792,0.2586,link
b5db90cf-43e6-42ed-9872-3456f44a420c,2c7a47c5-2655-4418-9b6f-61f98a79d195,0.1444,link
bbf54282-1505-4c40-ab65-7020e19bc317,694769a6-0042-430e-9c68-fff4f8072bc5,0.1532,link
b78c52e7-5399-4049-b0c5-462a9f7ca21d,0b22a6ac-fc0d-4049-a8c6-56db41a130a0,0.0883,link
c64dff59-4fb7-44f5-a6cc-b842f6b18c41,0b22a6ac-fc0d-4049-a8c6-56db41a130a0,0.1373,link
dae31632-c73e-4391-8d59-6050f37bfd0b,4b67978b-29cc-47c0-842d-4d4348a198d8,0.1798,none
9c4dac2b-c35d-4e04-a1a4-9991878f1c60,4b67978b-29cc-47c0-842d-4d4348a198d8,0.1288,none
3ea06895-0f60-42cd-b9c9-12893f50da99,2aaa1ea7-9529-458a-8430-dff16e61dbb9,0.2878,link
dd9ac522-5798-441e-9ebd-f62b54e1b4c1,64ac127d-33ac-4e12-a1cc-9b64e6a436b4,0.1482,link
a09a4e3f-b940-4a09-b0b2-ccd40019b884,2aaa1ea7-9529-458a-8430-dff16e61dbb9,0.3254,link
b9940363-e3dc-476d-8f19-502e14f36f24,96064731-8d44-4010-b7ac-407d930a1277,0.2007,link
7609b8e3-2c68-46d7-b18a-ba76a885aaf1,96064731-8d44-4010-b7ac-407d930a1277,0.2067,link
847af5b8-f5fb-4d85-a1c3-f5b8271d2c1b,7f1f62d1-c88b-4811-92cf-7338addab818,0.1748,link
e779f96c-f969-475f-9e1a-e78c70bada62,aff52323-2802-490e-9a9c-60fc94523ef2,0.1787,link
fc5b8fc9-8a39-489e-b537-ba2e50743be2,b4cbeeb2-c965-4623-9f65-7ec25c2d1652,0.1784,none
af696e2b-9d37-47d7-a0a8-8cb0f5ead81f,c356863c-709b-451b-9bf1-1a205362ab41,0.1794,link
a613e7f2-1cfb-4964-8155-5d396c58138c,91bf9d18-bc3c-46c2-b74b-8143a519f42f,0.0745,none
93556ac4-7739-4244-a054-a5e3d0f47800,2a8904f6-3a59-4f9a-a816-3af10e77174b,0.0596,none
a26a11b0-b5ee-492e-818f-2e06d7a33930,35adbf5e-13d6-473e-8409-36312e2b4113,0.1215,none
01ced0c7-8b77-43e4-81dd-6974eada232b,eedef333-699d-4b71-a2bb-39dd8e5c3be0,0.255,link
f238acd6-a951-4443-9459-0d058a80f93d,8d8ee779-0242-4b22-aa36-fa78fa45928c,0.1056,link
bb93817e-cf6d-420b-ac90-164e53780fc8,8a5a2644-55d4-4eb2-8914-5efddba3a7a7,0.1919,none
bcdc8baa-97c0-4e03-be3a-2320e8fb4f22,011c69a0-c93b-405f-89d2-c0859ef2ff42,0.2151,none
7c63073b-71b7-4858-be4a-cbe9e719e2c3,aa78c38c-91ff-441d-bc2f-92c4b5240792,0.257,merge
534ab042-d203-4f76-abd4-6593110f6464,45ea90db-4490-4552-b2dc-d144f8b4f363,0.2242,merge
b68d642a-d806-4246-af87-bb3a81a8d914,02a9b741-49b1-40b6-8980-67186dfa2fd6,0.2126,link
1f136ca7-9421-4e26-82b6-0249b6722233,cad943f8-855d-48ea-a82c-eee95dcc2a3d,0.2257,link
b280089a-c967-45fd-ad26-a1f0aae2995e,32571689-ea61-44a5-94a4-ad6027c1f5e8,0.1926,merge
027975b0-b1e9-474c-9415-628e85e73add,4142a0b3-82b7-4e10-b1a4-07e1764c48ea,0.2384,merge
21d25e47-af94-41ab-b661-741acbd9bd33,43e591dc-a823-430b-a0d1-5afb9ca21023,0.3547,merge
a3780f3c-429e-4adf-9ac5-d95919f8cbef,18bd57cd-db52-4b6c-b2a4-49ff39419dae,0.115,link
5e9b5715-16eb-4063-a620-cc56714d2ad0,3cd2f7d9-9047-4c83-b29a-80a4c3a0a7c8,0.2209,link
f9839d87-6ab3-4a54-9b6c-19a27015ff71,3c648f44-ea50-4f6c-b97c-6f3a8fb572ea,0.2774,merge
6262cff9-b30c-43ce-bca3-dcf30e01e9e1,3c648f44-ea50-4f6c-b97c-6f3a8fb572ea,0.4506,link
6a7c97ca-34a8-478c-aa04-1f1c3fce026f,805aa8cc-83b2-402f-954b-5c350d2fe8ab,0.2276,merge
bc015383-73c3-4464-9460-6bc9e0540986,e0dba48e-8049-4d24-96f4-cf396f0dbb51,0.1415,merge
0f1a213a-36c7-4c64-82a8-27a1b4ac8277,e0dba48e-8049-4d24-96f4-cf396f0dbb51,0.1544,merge
a1505913-a9d1-44bf-afd4-8d3570a52dac,24448377-b52b-4d3c-a90e-d1b052fb8907,0.486,merge
e201613c-9627-43d2-bb01-4feae3894261,7184fa24-300e-4dd9-af88-124caa839903,0.3211,merge
35f3e901-35c8-4ff0-a416-7512c49dc89b,43a74504-21b3-4c33-a19a-2c74cbb67032,0.3818,merge
46d844e4-a83b-4b55-92d6-6b2848d97c99,7184fa24-300e-4dd9-af88-124caa839903,0.1589,link
97476c14-d9c9-4d54-81ec-ac0f5df50593,46662692-7691-4782-831b-06401aa0e6fb,0.1562,link
223fee42-cf31-4396-8d8d-e88a3fec01de,a559ace5-be82-48f6-90cc-fa5f8ba371af,0.2359,merge
c7c46bcf-f7a6-403d-a7e7-9ebd25a7238a,aff52323-2802-490e-9a9c-60fc94523ef2,0.1321,link
dc926415-c4f4-4828-9b98-cdef7293ffde,fa9b8349-77fe-40e8-a1de-095c02c22f1a,0.158,merge
80c67788-7389-4fc4-af22-f7626e325064,8d8ee779-0242-4b22-aa36-fa78fa45928c,0.3275,link
477ee8d3-6716-4ed7-bfda-b8861e2c6e2d,8b262ae5-485d-4237-b2a7-0dcb142a81cf,0.2419,link
1eb2a535-dc7d-4ade-aa2b-1dceea03e3ac,ed3e00cd-23af-4daf-8831-39f12ed21543,0.1627,link
58c68d66-5a74-427c-a6a9-87990b9b26d2,086fbe9c-572c-407d-b43d-c8c0fbe3b1b0,0.2034,link
8d82f83d-00d7-46a0-bae6-44921875191d,5c3200f7-9eba-4b79-8a48-38d272c1abd6,0.3442,link
b71c9430-d700-4b9b-bf26-c465c93156fe,df2dc505-e116-4d91-880a-748a2a42cb8b,0.0877,none
436e8a6d-cb78-4013-b181-9a271dada4cb,890e8951-ca11-4114-b346-cfe21a21547d,0.096,link
1ef3c913-71d2-42f9-a96d-d1e0bdb4a447,18bd57cd-db52-4b6c-b2a4-49ff39419dae,0.1358,link
59eac472-5034-4a49-8a9f-11abcf90f502,dcab1df1-ced3-46ac-8bdd-e92d86de636f,0.111,link
fa9f2ef0-1f9c-43aa-bb4d-dceacbbb97a3,4e6e85b5-0f1d-4339-a62e-3c263fbab0ce,0.1442,link
1d7b14e9-aa5a-403f-be82-5f8ada8f5b98,7b6c6e1a-65a9-4f75-ba54-9cee9abd19aa,0.1137,link
1fec0bb7-5d4f-458c-ba8e-09780238c249,ca265c54-d9c9-499a-9371-28a3e872e01e,0.1096,link
82b6a068-7a8d-445a-82fa-768f6e9ea187,2fd5359a-947c-404c-80e4-2112f56869d0,0.1199,link
b4059be9-8eb4-4667-b788-6fb73f121d2a,38d9172f-c69c-4507-b843-e411e69c4839,0.1963,link
d69a26ef-a109-4def-9bc1-d76b76ba6d0b,86d037d8-74b4-4b77-9587-da1f1853227f,0.1277,none
4305a16e-e664-428d-a762-1abc768b1191,e72bc7cd-9e29-4cee-8422-f372ec997443,0.3581,link
9620cc2c-e724-4981-a360-50778ee6e2a0,d3a9d024-1a44-41bb-9da5-02e9feb1600d,0.3429,merge
50cb83b7-5da3-4a14-89ce-406311c8e5ce,c5bab0a3-00c5-41e7-a915-ed5b93779ca2,0.4122,link
34319cf4-49c7-430c-b2b7-fc75960f8541,02fc558d-141a-43d7-a970-d475421b1933,0.1822,link
ac772f62-505a-4569-a15a-46f9bb8c5c05,bf39ca85-4906-4a41-b676-8cf291ef4087,0.147,none
158e26b6-63ee-4011-a054-2e0fbb001196,e79dc9d4-5d78-4dbf-8bdc-e6881056a78c,0.1282,none
c0caaf30-5181-4f28-a557-5c6a2ec8da92,d8556f94-0cc1-479e-b9cb-e4dbd2d94f13,0.0501,none
23ce6252-2f15-498d-b88f-abb65a4737e1,02a9b741-49b1-40b6-8980-67186dfa2fd6,0.1349,link_regional
0d5be322-e575-4fc5-b1a3-e4b476e279be,42a6e55f-5365-48ed-9b0d-d8fb90940309,0.0942,link_regional
38e35c56-46fc-4ece-8c15-b18df7cffd43,315d04c8-1379-4adb-a425-e5a9063214dc,0.1532,link_regional
b32a5170-29c2-451e-90f9-5581102996b2,4a9a134e-b3bd-4e11-b01a-4febbe4403f7,0.2236,link_regional
344e4688-5f5f-48e4-a78f-625df017de5b,a1997d8f-6e03-41bb-bd47-42ff9ea3d2fc,0.1202,none
5668cf0e-3b67-4b15-9a94-23f3bad6f1d1,c0494f51-cff3-4380-a309-5c39efd81414,0.1268,none
83f25381-d1c4-4cfe-b38e-8248d4d717ba,d8fdc6e4-aa0d-4977-b49a-84534e41c73e,0.1809,none
fb13b92e-8338-4a0e-b4cb-b1174bdbf2af,16990578-c68a-4220-a513-4e07fc6b0d8d,0.1742,link_regional
2ca0a9a9-4201-41e1-81a5-0de9a8d2715a,5c2dfa41-64a8-467d-a83a-c59001f82d2b,0.121,none
266a5c4a-e44f-4f8d-b561-fc4474d6b2a4,5d84869a-87d2-4312-9a45-dbf6e1e90815,0.2173,none
fbae4f28-b122-4cba-8974-5c976dbb3a8b,5d84869a-87d2-4312-9a45-dbf6e1e90815,0.1811,none
73d09c17-a84a-44d4-a289-a9335020147d,ff166eb0-bfcd-48ab-a355-f4758f36e2c5,0.1325,none
6fcf0325-0565-41e0-8497-f77c61d85171,e79dc9d4-5d78-4dbf-8bdc-e6881056a78c,0.1047,none
11df15d2-c756-410e-b4c1-a105d4d3f869,7184fa24-300e-4dd9-af88-124caa839903,0.3251,link
571c4a81-8a1b-43d3-952d-5218bf0a0102,fa9820db-751c-47e7-9361-26702b846202,0.1529,link
7b4ccb18-a1fd-4dad-8d29-1c785c147d5f,58dc481d-5c20-44c8-866d-d690155241b3,0.1632,link
772cd258-369b-4b5d-9ce6-6f23154fe110,21a0449c-d17b-4375-bf6e-af12ab8b403a,0.2407,link
6845d646-7a0f-43d1-8184-f2596a86c6fb,46662692-7691-4782-831b-06401aa0e6fb,0.3923,merge
c3b62dbd-f799-44db-bd14-e7351695e531,96282949-f825-4e31-9be2-20145b13da04,0.2529,link
b3d630ad-4cd6-4f2c-87a6-23102dc218f0,729d9421-ed0b-4a8a-8802-dda9a2a33e22,0.1545,none
93f51e0c-5323-4dd2-bf21-e7e9c3d3c3fd,2b51b609-0af5-4113-96ac-b39d8626c989,0.3888,link
8d99386d-3580-4fcf-a6a9-5ab993d03b3d,52a4f546-f347-4734-80df-6129ae59d49d,0.1903,merge
a00b5432-6dfb-4081-a325-81e6b7f0cc01,f822bbf4-dce6-483e-8214-1d0b32876787,0.0723,link_regional
638573de-eb99-421c-a614-985b1457ef2f,b37c9260-e42d-4bab-9a40-514c2eb444da,0.2692,link
2122a117-788d-4d36-9841-2f6b7b40736c,6871fc72-9190-47b1-a136-cce10572b80a,0.135,link
6946db3c-d2c9-4da5-a8c7-ebc039f3d5d4,6b7fe640-4641-4e97-8048-f1f88910cfe8,0.2273,none
6708cfc2-0f86-4b5b-a2f2-3faf9dcb627c,f659f75b-96c0-4ded-bdc1-a391d6c20c1a,0.1611,none
80e6270f-79a0-4696-ade8-20f0b74d29e2,79cbdd06-84d8-4a9c-b445-4cc84ffa8a9c,0.0545,none
f0e7402d-249e-4ba4-9838-7763a9d434a9,2edd4dad-8539-4703-bb9b-376b57807020,0.1429,link_regional
b2b59337-a407-464b-9cb9-e6ac58fd8c76,2edd4dad-8539-4703-bb9b-376b57807020,0.0874,link_regional
1875f8fb-4e11-417c-bd2d-5d64d809667d,2edd4dad-8539-4703-bb9b-376b57807020,0.1243,link_regional
a87621d7-4400-49d8-86be-9a996454ac11,16990578-c68a-4220-a513-4e07fc6b0d8d,0.1258,link_regional
2706c7d7-ca29-4f01-948b-ec36d57b227a,edac1d8d-76ca-4879-bf79-e591f68d0377,0.1647,merge
4f6a0b0e-696e-4269-8ef2-64dfb55f932e,881f4844-4552-42ee-8d55-718b24e5ed2a,0.2365,link
0fadb38b-7b6a-4781-b3bb-5624685ec23a,6d42c88d-dea4-4e01-aa2a-645ab26fdead,0.0983,none
8099a8e0-8f81-4b33-adfb-d4cd56db0e4c,38d9172f-c69c-4507-b843-e411e69c4839,0.0501,none
7ad21ecb-27e2-4d4c-b8cb-0fa1433defc8,7b6c6e1a-65a9-4f75-ba54-9cee9abd19aa,0.1236,link
b8312c81-b917-4159-bc3f-9b1c4e3ec550,0c90f035-84e4-400b-bace-b9f40cc70860,0.1704,none
0134fea7-7ce7-4a53-8d94-86917a3b137f,3c648f44-ea50-4f6c-b97c-6f3a8fb572ea,0.3149,merge
3e1b8faf-fce9-45cc-9e25-3245862f27cc,b50c5d04-8e77-4565-9ea6-0c474dbcba05,0.248,merge
3786bce5-c678-45fd-acc1-1e49671966ae,b50c5d04-8e77-4565-9ea6-0c474dbcba05,0.0833,link
f2031322-3327-4cc3-9e9e-5559d8454d40,8fc323dc-f889-456c-bfb5-74e4056b935b,0.0659,none
1d7f40ed-b3d6-4c3d-8645-fa6836b66b55,cd631284-e036-4846-b91b-d7f7d9ee85b8,0.1794,none
f27e1520-3243-43f3-a8ca-86e0eff67e4c,7010db7e-a064-430a-99a9-e076777432ee,0.2433,merge
4af3855e-78f1-415b-9ec7-6207c83db200,7010db7e-a064-430a-99a9-e076777432ee,0.2656,merge
75a1c4cc-39f1-45b7-aa47-aed7e286eb4a,45ea90db-4490-4552-b2dc-d144f8b4f363,0.343,link
108337d9-f1d0-4aea-8aa1-4975aca36277,352fc3eb-2f03-4e7a-a52a-126bad6cbf38,0.2129,link
7a96dfb2-976d-492c-8c70-20c939760c9c,e3ea9ac6-bab9-4259-ae09-53c2d1934282,0.2636,link
19d16b5f-17b7-4d8a-898a-370b2b4cb486,b7641998-ae19-45e0-81ea-dccde946596c,0.1678,link
019ccffe-c016-4ddc-aee1-8f99f7d65514,1da7f69f-48d5-4e45-a2b6-5c92e7e98556,0.1806,merge
35751267-962c-4fb3-a8f9-812e65d1a9eb,eac59391-53fd-44e5-991a-8e327ffef5a1,0.1146,merge
dfea2e72-3035-42f9-9b34-e55e96f0570b,9f9e0e0e-8ede-4c2c-a44f-38631b2d2eb6,0.2025,none
62726144-f04e-4dd9-9ea8-aefab54d4921,7c7ea838-47da-41aa-b67e-da81881b77e5,0.1294,none
f89d8d0a-6a0a-498f-8e45-5bc2e3825602,65dde88b-ba93-42b9-a67b-b62e37f5888c,0.2384,link
958af13c-1dea-4acb-b5ef-1d56c96178c0,b5912550-7e49-4761-ba83-84c538e072ec,0.204,link
356106ec-21fb-4ba8-ae88-2031bc47f2a8,92000624-a9a9-45b2-a4e8-cf88535caae2,0.2515,link
0a5c198f-fb57-4777-a8d2-6cd6fedef7ce,e3ea9ac6-bab9-4259-ae09-53c2d1934282,0.2904,link
9ceb6c24-0b18-4e94-9cea-e788d24b5f3a,cb491fde-a332-4ef5-a129-03352da9a5c8,0.1725,none
8b1fa8c6-0f8b-4613-b3cf-2d82546119b1,e9680542-dbe9-4415-8e83-e9a31e529133,0.0967,link
54885bc9-c32c-411b-b85c-02a75bf26e4e,36d7d10b-183a-44e5-a2ce-0dc3cbe99369,0.149,link
dd0ded22-9f3e-402b-b7b5-d105a76862c9,e47c778d-9b4e-467a-88d9-178f0833df0f,0.1476,none
9f3f1e03-87e7-4184-a72e-40b06d63a866,eeab9bed-bd05-4fa7-bd1f-11d74a332e5c,0.1412,link
c6efcf31-4a86-4700-95df-ea2cc2288815,06e6fbcd-2516-49fe-ab4f-0f63665879f7,0.1454,none
246d668b-3b52-400f-8b06-60bb1fc2d81c,aa78c38c-91ff-441d-bc2f-92c4b5240792,0.2103,merge
2d0ea073-cdc8-48ed-9402-f508cd77d83b,fa751a3d-22e4-4621-b036-1c31fca8712c,0.1461,none
ea8887b7-44d1-4b7d-94e1-86cb3bc44dc6,6d867700-f3cc-4151-a1c1-ccdfb4b23add,0.1729,none
eade9b45-7a3f-4c0f-adf8-bb20851fc27c,45ea90db-4490-4552-b2dc-d144f8b4f363,0.1686,link
61c5adc8-6acf-4a51-ad5f-72189e71a19d,fb9d42df-6c70-4519-8166-581129dd4b5a,0.2502,link
55406fba-d4ac-4ee1-a303-dd76ec838976,eeab9bed-bd05-4fa7-bd1f-11d74a332e5c,0.271,link
6f76b508-0137-4f85-9ac2-486e6188deb6,a1997d8f-6e03-41bb-bd47-42ff9ea3d2fc,0.0899,none
f92555e5-3d24-4322-851e-b8a79b1a6fb1,6e8d4e3c-4afe-41bb-8c92-81ec97974726,0.2294,none
31fe638a-06e8-480b-9a08-cf3c40c5f66e,345129bd-55fe-4e10-913b-4aade3d6091e,0.1039,none
65c844a3-251d-4518-8eb8-ba974ae22fa9,73039697-ab4a-4325-840c-ec44f836862b,0.13,none
e49840a4-7da2-4fe7-9b21-998787d07cd0,56673e84-6999-4284-9833-0973262fa65c,0.2386,link
856891a6-b9eb-4cd2-a579-dd72dcfa7c39,fb9d42df-6c70-4519-8166-581129dd4b5a,0.3334,merge
e47def2e-f6c0-44ac-b8c0-f67300ddbd04,5838b643-38dc-40f3-b2f2-0f0745e0e076,0.135,none
7ab5a809-38f9-4cd0-a297-16a956bbdb80,8dd0a7e7-8b94-45af-8636-49b7f0e66214,0.1036,none
0cdf9e41-5fce-4abd-b4aa-ebb4f71c19c7,5dc74721-315e-4725-8d29-fe49fec1d847,0.132,none
223012e6-afa4-48a1-bafc-2a125988847c,37261162-d3f7-4a01-9347-5d4c5c7808e3,0.1059,link
f3f92201-901d-4e4c-b393-df55320f9cdd,8573515b-940b-4901-babe-d073e485f91e,0.079,link
fc5310f2-47b6-4ded-a3f2-ae7986c7e446,4a70c097-e1df-46a8-8eff-54e9e095fff2,0.2624,none
c1903900-950b-4c54-bccc-95d4890de29e,367b519c-05bb-456a-b5e4-4b01df5b20a0,0.1192,none
66724ae7-e1bf-4758-bd31-9a23a943995c,a58a6fc4-abd0-4fd0-acdb-8cb9fd95249e,0.1055,none
d64f45c5-ab95-445c-8b4b-c0c0dc53c662,1cc7a20b-3914-46e5-b55d-808acfff5c17,0.0527,none
86d36023-2679-407f-bd53-f863f5c01e5c,4586154d-da79-4594-89f2-0c0d4f86cf42,0.0479,none
cd892b70-a57e-4b9d-b86b-aabea5649be9,28f21d57-3365-4eb6-9c90-881ab29d94b8,0.0708,none
47f570e7-417e-4964-8c28-3c2eec1a9784,8d4c9516-f9c3-49d2-ac73-947e81324bdc,0.1136,none
aaca3248-9691-4710-ab80-0400c16bdf1c,d833a918-0ef3-4534-89e2-9a19666a7e4a,0.0662,none
fc0acc6e-842b-40e9-90fe-c9f7231d6fb8,a1997d8f-6e03-41bb-bd47-42ff9ea3d2fc,0.0849,none
0f44b988-d750-4049-8014-38bb95004124,639950c5-5e1a-48e9-815d-86f155e81a90,0.1417,none
fa4349fd-22ac-49d6-b665-c31b08f6ecf3,28296031-04d6-4de6-9700-daf31da4b0ea,0.2932,link
62949691-104f-4824-82b6-2cfd6276d914,794677b9-1d73-465c-8b3d-0cff534ed212,0.1302,none
1917378f-e656-46ea-8609-ea5e4d8638dc,db0e3512-549e-41c0-ad87-1cdf21b3edce,0.0606,link
c9ad5207-8ffa-4509-955f-cb15d6ac4fc5,2b226ea6-3254-4310-9a8a-6f880ad69f5b,0.1009,none
fed14214-2c36-4bdc-ba3e-00d415614ce7,ff166eb0-bfcd-48ab-a355-f4758f36e2c5,0.0931,none
2a3efaca-41ea-4cea-af26-5b71c28d7cd4,d572e5f8-8636-4e7e-95d4-0c9081e84214,0.1108,none
cd04fa4d-e7ea-4dc7-938b-893832703f42,e90edb22-22a0-4112-96b5-83ac13b90782,0.1379,none
c3a48063-cbc4-4c07-b7b3-86e0d1ecc793,dd8bd13d-a9a2-4658-8021-b01e881edef1,0.1297,none
3c6d6155-f1b7-4c44-a28f-019b60ba4a69,897f521c-429e-4687-a066-ca8a4ce2dd27,0.0965,link_regional
cdbb82c3-4d6f-489a-afa9-1f617038852d,70b1fe89-f2db-4f52-a7e1-2be22d1af1bb,0.1403,link_regional
88d7a808-2185-41fc-877d-3098742f6d96,76fd38ab-7bed-4e56-93a9-1c06fa32b767,0.094,none
54ef402f-97b6-4f40-b4d0-7100c0f48b99,30f1faed-1093-40cb-93f3-cd5b6cd6a433,0.1837,link_regional
ac8147ae-4367-4f27-94db-c44613d4f1c8,bd36dbae-85fa-4a7b-83ba-9f1d20942119,0.0923,link_regional
a25e1183-cfa6-4a6f-80a3-41eb24a53afb,7702fc64-1e72-496b-95b9-66272eb5ad0b,0.155,link_regional
6b7b46c4-5b60-4602-9e3f-10ca5bcdf4f5,25cb67ee-d4e1-4359-a340-cae88efa7f02,0.0538,none
60836c86-c1fb-4765-af22-5b18d6321055,03b30be4-c5a1-48da-b397-bb14f16e533f,0.0743,none
b8a21d00-b1e1-420d-9175-838b286385ca,3916fbe2-6acd-4b90-b67b-0b55dc792318,0.1081,none
36e4de7a-2fbc-4ceb-9099-df25284aadff,ca55e977-543f-49df-9397-f68de7cca99b,0.1439,none
9a98d2e1-4cae-4f07-a24a-8b4711d24763,16990578-c68a-4220-a513-4e07fc6b0d8d,0.1597,link
34043644-d65d-4c2f-ac4b-fef499a51aa0,1b68d7b3-27da-4fb2-bbd6-492624a21604,0.1282,none
527ad0df-81bc-4685-8d97-b74025e63fe4,b2e1f389-78f7-4a8b-a4c2-b649190a23db,0.07,none
04aca22f-1f23-48f2-81fd-661e20f9cee4,b0d86ce9-bb8c-4d72-bd82-273755989268,0.1405,none
5e6d3034-3e29-4160-83bb-4f9fbbe591cf,7cc5d7db-60b7-404b-8d64-03199b3947e8,0.1428,none
cd9e1f75-bb95-4fd4-9477-efcc2eda1d35,5a5ecd3b-72a6-4150-97ee-fa578cfa66a6,0.1434,none
3dc0c0bf-a4df-4672-b8bd-4583eaab6fa7,16990578-c68a-4220-a513-4e07fc6b0d8d,0.1761,none
aa918bd6-df32-4763-a053-c7914b32a8af,086fbe9c-572c-407d-b43d-c8c0fbe3b1b0,0.1168,none
489e6bdb-386a-4b4c-aada-f131fd5137d0,883c5d28-8b25-49ff-ae25-2d00e80fa793,0.1557,none
ca841d2a-2e7c-464d-a7bc-740e850d1169,576afddc-c138-4870-9262-faf08587b3a7,0.0922,none
8b77fb83-2383-425f-9b73-022ade5f6dc5,8a5a2644-55d4-4eb2-8914-5efddba3a7a7,0.1557,link
8e22ca88-ac1d-4b52-9ba1-bf19c8435423,325d9b5f-5c7b-4762-afad-c8397117d5ef,0.1608,link
052a650e-9e8f-41fe-9d68-e4d4453bf43f,6a06fcf1-6176-46c4-a3c9-d3b77930ea31,0.167,merge
41b74f42-3ac2-43b0-b489-56a606a03087,8bb747ae-0eb1-452a-83c9-3fbf026d7ce6,0.0857,link
c51ef7bc-fdd6-4c7f-8b10-60ea51832a59,6a06fcf1-6176-46c4-a3c9-d3b77930ea31,0.1446,link
03935393-2b55-4860-a3f2-47bdb0243181,9418e51f-9a77-4956-b7e7-e3b2a00c4e91,0.1237,none
0045dcaf-0b29-4ac0-9013-fc698cb45444,16990578-c68a-4220-a513-4e07fc6b0d8d,0.0932,link
34128826-3043-4d5a-aa6a-c5ecd862bb7f,c378d283-09e8-4376-981f-10619cdef800,0.1531,none
77d99dbf-2f91-48e4-b61a-0563a128116b,26bfce59-b9ae-4749-badc-1d339396b713,0.1256,link
01409fdd-b441-46aa-b1af-72291b2f1690,f2a5b435-d34f-4cc7-bd8c-bdf762fdd62c,0.1888,link
bf9080b5-a49b-42fc-be93-9571966356ab,9eb8e94b-0f2a-45a7-84db-43d3a7e55a44,0.0784,none
30c49b8a-322a-426b-b7b5-5fbf757373f0,43e591dc-a823-430b-a0d1-5afb9ca21023,0.0643,none
e9407ed7-e8ad-4c2f-b382-9292048eba7c,80ba7fe3-4f6a-4cec-8ed2-e5dd12c6ac6c,0.2804,none
0c8f7975-6665-4653-919d-deb4c4c7d8a2,9441a55e-dfbf-4324-8b79-ca03e0d126f7,0.281,link
7b4734f7-393b-4419-95f3-0f1e39574100,47b9f2d5-0907-46b7-820f-0a2cf1c420b9,0.1852,link
064e1be3-4fba-4f32-bd4e-8577fd4a033a,eac59391-53fd-44e5-991a-8e327ffef5a1,0.4844,link
ed025abf-d638-4218-aa25-97c4796a7797,e5419887-4bd0-49d3-b774-ae2fa66415e9,0.083,none
a762f95e-35fc-4270-82e9-bc420b39b3ce,019df1c9-7046-4e62-9509-bf3d5b27ee6c,0.0734,none
e3b17838-ca13-42cc-ba52-df082efde62c,df1ae296-30eb-42db-9e37-7c443a902006,0.1523,none
6f91501b-ad55-4497-8ad6-d50b20bbaee6,16990578-c68a-4220-a513-4e07fc6b0d8d,0.225,link_regional
e0b783f5-dc15-49ba-b712-21aca3174575,cc49359f-4e0e-4eb4-9c11-60350f026569,0.2274,link
33209737-5528-40a0-aa14-94b177b1b07a,9c3140b8-8453-4297-89d7-6c28a74ca49d,0.1508,merge
9ba54652-424a-4cf9-9f48-3e3b56eb2a6a,3f92c0a3-1b70-47d1-af97-2acac9cf0234,0.1936,merge
6b386138-4882-4f62-bee8-48d50f1fff41,4db0c5ae-9225-4bed-ad93-ab2773544e7a,0.3247,link
109c91b0-6f9b-4bb1-8807-220e14f5d915,ce2aa4f1-6d81-41cf-8c22-0ce28105e541,0.1715,link
ba8ebeec-68e6-48d9-9e60-9e2ef5f4ceb6,5838b643-38dc-40f3-b2f2-0f0745e0e076,0.1464,none
a2370280-fee8-416e-b853-eeacda77dcf7,1fb0a565-9ba3-4ef9-80c1-6a16edda0eae,0.0828,none
94e25281-a4be-40a7-be26-d776afc0bb76,e7ef50d3-0236-4f87-b57a-c67bf62a48fa,0.0524,none
5db3f71d-476a-4910-ae1a-ce1f7d988514,16990578-c68a-4220-a513-4e07fc6b0d8d,0.3018,link
0a8a4170-a1d7-4264-abc5-be229c8d0fb9,54f44922-0410-4d88-9862-b111627c1a97,0.0927,none
b10a0fe1-64c7-4476-b7bd-ae3a1b19e018,234aec0c-eed0-483f-9350-9e7ae8d1ae38,0.1802,link
7bade1c4-d07d-4819-970e-5025e6708f7e,af4b12da-86d9-4029-bd67-d98a6a23af10,0.13,link_regional
e7bf2e7a-8613-4f3f-854a-13e2e6d85d77,e434626b-6087-4a56-8f2c-ea29fe120cfc,0.3951,link_regional
1ad8c3a4-f26a-4c7e-a1be-18363c3ef846,e434626b-6087-4a56-8f2c-ea29fe120cfc,0.1279,none
75be7215-257e-463f-a0cc-c6cfa026cddf,b6b71ce1-7342-4b9b-a9bf-6d6863fef174,0.0902,link
b074da00-57f0-430c-a1b9-1fffe7d0f952,a5817f16-ac5d-4b15-8453-5531ba0db135,0.0645,link
80372022-8ded-4a6f-a837-105c41071b31,2fd5359a-947c-404c-80e4-2112f56869d0,0.1164,none
2ca1d871-89da-4cf0-9bdc-45e50fb1c509,98c77789-b386-4e09-8fbc-24babefec18c,0.1278,link
ef3bf257-be2a-4ce8-8ade-148f3b04ea12,16990578-c68a-4220-a513-4e07fc6b0d8d,0.0791,link
5815ab8c-81c7-4369-b13d-110087f21808,16990578-c68a-4220-a513-4e07fc6b0d8d,0.0873,link
eb5f280f-be70-428e-88ec-d5222b0596df,e90edb22-22a0-4112-96b5-83ac13b90782,0.0998,link
02029ab6-6248-45e0-85bb-ba0b9f822f77,16990578-c68a-4220-a513-4e07fc6b0d8d,0.1297,link
c59efd82-5297-4e79-9206-01f36e4df12c,d0589965-6caf-494e-bd81-cd7e060cc8ca,0.1008,link
6e168a25-044c-41d2-b196-dc98961c5302,2edd4dad-8539-4703-bb9b-376b57807020,0.1999,link_regional
deac6435-9360-4682-8618-60f1b754778c,be332bcd-a08d-40a5-8feb-e03fabb9500c,0.0811,link_regional
32146781-0088-4312-8d50-9498828565ad,a8012098-e967-4866-aab2-fe48a9105bac,0.1815,none
95cea181-8158-462e-8ff8-37f8bfedf917,be332bcd-a08d-40a5-8feb-e03fabb9500c,0.0891,link
75269295-4fd5-44f7-9140-7a426c266aa8,22918a5f-c7cf-49e2-94f6-b8c6c59467fe,0.1818,none
899bc7e2-11be-4e8c-ac90-d4df7adb6331,fb1e85c1-4f35-49b5-b01b-a0238902c00e,0.1491,none
7b23c960-5108-4e15-ae13-f6ecb8a4d0d1,6215cc18-bc65-43c6-a960-8b7b15facc29,0.1248,none
5455adaa-f3af-41cf-a62a-ebfbca16c254,b5912550-7e49-4761-ba83-84c538e072ec,0.1568,link
b437491b-257f-4d6a-9e63-733da186a4ac,ff166eb0-bfcd-48ab-a355-f4758f36e2c5,0.1593,link_regional
7d1ceeb0-a04e-4241-b178-15f01d3cfac2,b5912550-7e49-4761-ba83-84c538e072ec,0.095,link
683c47d5-86c6-4383-aa86-1e65c4a8dfc7,9fd6c79e-c32e-4455-9de2-a491e82040ca,0.0522,none
ba5a6700-cba0-4f8b-a7b0-1de6421b9811,3f9bb9fc-b40b-415d-bbd9-8224bc90e783,0.1197,none
94ee969d-0aa9-498a-b886-cc0b0f933e4f,345129bd-55fe-4e10-913b-4aade3d6091e,0.1066,none
af362ed5-d86e-4ff4-ade7-668068d21719,eea8017f-2767-44b4-ba8a-a40b8c1c4993,0.1463,none
02fa7d3e-4bb5-4dc6-9bb4-eef2a2aef698,999c52df-5e33-4bec-a1f2-9cfc93edd3d9,0.0964,none
9956f819-7c87-4d2b-a88d-2bc0bffe54c5,eea8017f-2767-44b4-ba8a-a40b8c1c4993,0.1405,none
9f7a5f68-6385-41d5-8b3c-9c177e26a9d7,6f479594-d0af-49f0-b2f0-b712eea948f4,0.0666,link_regional
0aa7a5b3-fdfb-41ab-ae00-790b0628a809,16990578-c68a-4220-a513-4e07fc6b0d8d,0.1664,link
a19f4a58-d20e-4cbf-b450-1d2c79d9c92c,afa8255c-b09c-4756-95f3-4b3770c25b38,0.0784,none
8466e65e-8ab8-4aca-868f-61573e6bc0ce,dee8672e-274c-432b-a934-6f6f9a853117,0.089,none
959bb011-7f0f-4a6e-89d9-505e563948dd,936d4871-8b74-46e3-9886-1b219eda4de5,0.1918,none
837d5bb9-eba7-460c-b342-235a206c4900,7e58ad7a-4708-4525-a3bb-9b97eb063639,0.0649,none
4e017f1c-bc22-4451-a143-c4cd470f2759,90e8b33c-ad35-42a6-8389-9e9f0b857772,0.1335,none
96ed737b-d605-4c74-9f94-d298862507ad,9bb744a8-aff3-4e78-8811-74ddfcdb8561,0.1049,none
82064edf-0744-44e5-81a2-528c4079fd98,1663bf42-45d3-462b-be62-1a0c5451b4af,0.1161,none
b8fb3c66-dc22-4ff1-b0b1-4a61216ba784,6b21b9c4-2002-4b1e-89e0-983b93029f95,0.1087,none
2aeb440e-b7db-4d57-b1ca-38ff7a8e8068,98c77789-b386-4e09-8fbc-24babefec18c,0.1085,none
ae948049-2f53-4272-90c3-fa041febaf54,a44c8348-c4ad-4289-8a35-4dc69a2decd7,0.0737,none
1476d365-0c3d-4b00-8519-f0c089d5f337,f07e2e99-b831-44c9-a58b-c4533db0ada1,0.0947,none
c0bd51bf-b827-4364-8649-7d75a420f2f4,5a5ecd3b-72a6-4150-97ee-fa578cfa66a6,0.1225,none
67bc4f98-6a1e-4fe0-be85-ca677f7bb42f,ca323eb4-bee3-4fb5-b1b6-86187323e680,0.1074,none
d573ce39-7497-4346-93dc-864ba0a24d97,21a0449c-d17b-4375-bf6e-af12ab8b403a,0.0864,none
dd6749d8-d701-4474-835c-8e5359e124c3,28f21d57-3365-4eb6-9c90-881ab29d94b8,0.0692,none
e2a6aa73-2010-4981-a845-a279fc166a80,ada3f056-4f8c-41f3-a65a-1ffe77ce6cdb,0.1184,none
c489ee2b-ef8a-4c05-b816-dfc1b03516a8,51803faf-542a-4d93-a76c-85a743930923,0.0762,none
1bc3ac84-950e-497c-82a9-4c26abba2db6,16990578-c68a-4220-a513-4e07fc6b0d8d,0.0919,link
7ffb0b85-8ae6-4b4b-97f8-8b23d416c6c1,2ce00cbc-10fd-4f61-9f0a-3ee91fe98856,0.1221,none
38e3c9ad-377c-451c-9bd6-92d657e27cba,6babf56d-9986-4fed-84aa-ccef6ec52c3f,0.1568,none
855c1f0d-955a-49bf-aa0d-aaec2330049e,788ffe7f-6a1b-47c6-bada-0810204a779e,0.1438,link_regional
9cbf55e3-3cd0-4544-910f-5ad47cc7d8d9,61315345-0f15-4e07-b277-2cc9737fe7dc,0.0699,none
c2fa7199-1b71-4f39-bd27-5f6f1e3e0a92,8c8477f0-3817-4734-a53e-f3f95a0b53cb,0.1087,none
8695a40c-57ff-464a-bd42-1dc245696580,7b8672c9-5a4f-4d25-82f1-2c0acf4fa83c,0.1315,link
40ec9a94-bfe8-41dd-9505-1cd250a01f0d,a5817f16-ac5d-4b15-8453-5531ba0db135,0.1096,none
d2f289c8-1b05-41f0-b3a0-9bcfe4b911c8,eb27e2fa-c226-4c2d-9ea0-80ca526261f2,0.1708,none
2397bef7-8a4e-4691-9061-6965a3e82b8f,7e58ad7a-4708-4525-a3bb-9b97eb063639,0.157,none
80c38de3-704d-4650-8f84-65b5aa18c70e,ae19d03e-4ef5-4520-be92-31148a173fd4,0.1287,none
14557e06-afa6-4871-871e-9b018daf3a52,b2beb571-939d-4066-b408-d683e9257f8a,0.0702,none
4179f955-51b7-4229-a031-8caecf1a3daa,62c07680-3f4a-4303-ab0e-97ff97165783,0.1444,link
a9876186-7b06-4625-94b6-35bbd3290813,10c1f828-9cc3-42f8-a826-c7932dde37da,0.2083,link
e1ffaaa7-93a1-4b93-9d50-9a1fc46c69ff,510074fc-a8ea-4628-b771-8dafdbdfa7a8,0.2345,none
e1e8f7dd-4d4e-49be-b040-bd9cc4f2e9b6,f659f75b-96c0-4ded-bdc1-a391d6c20c1a,0.1609,none
d21273fb-b224-4f74-b0cd-d3ec43664bed,f659f75b-96c0-4ded-bdc1-a391d6c20c1a,0.1407,none
6c27a731-28b5-447d-96c2-ccaee45ee1ce,cf64ce86-0e91-44d7-ae9b-87732b5e8ff4,0.1133,link
1e5be15a-9015-44d3-9485-988da7e371ed,aa5ef743-76a5-464c-befc-801b77e01996,0.0436,none
842f9284-f6ab-4a5d-9f1a-b4fc1495a2da,77af333c-5b5a-4789-afae-25301b501e19,0.1498,link
237eab24-36df-41d2-ab56-991ba77d3ab9,dcdbfdc8-8bf0-4108-8f28-98572d60c3d8,0.114,none
01d03d5d-1112-4fc4-9710-f09fc1b3c6c8,06224a1b-3e37-4d3d-85ef-a83b3c34423e,0.0851,none
cef14c55-c191-4312-bdba-90d6ef73317f,e12620c4-8f84-426a-a24c-8187dc87c845,0.0681,none
5ff8c3bb-0813-4515-beaa-63424df8e0a3,dd8bd13d-a9a2-4658-8021-b01e881edef1,0.1683,none
36b43a32-f9b7-4579-ba16-7a06c9508e3d,88e5c1c8-fe9e-4f55-a281-ca2e8919508a,0.2279,none
7ba973a1-c732-4e74-a694-3b1a7b0a1855,24c7592d-cdcc-4c0a-856f-45989ba19b4c,0.0964,none
d6001f34-f273-4af1-8635-434e76fdcefb,4b902549-87e2-420d-a1ed-fd96d123a815,0.233,none
9b8747bb-52a5-4795-9105-097ce100a515,51e2d683-9271-50f3-8bab-f3d5766156fd,0.0891,none
d29677ca-98cf-479c-996a-a1a369ba4cb3,461991d5-ef5b-44d1-a074-d27e4c134f44,0.0809,none
e69e011c-9666-4626-89cf-8d24747f2b62,1bd84c4f-e858-4de0-a1f3-ac013370c7c6,0.0666,none
a01d7f79-cd51-45fd-83c5-813e9f76a579,57a7c2b2-b2cf-474c-ba13-51b9d82a9458,0.0811,none
dcd55960-8f0f-4b0a-9dd9-ec10d59a6f84,882e3e9d-24ef-5bd6-8dcd-f34c74db0e73,0.1536,none
40a8c2a6-1ec1-4f19-8df0-d0633533e8e0,3adc18f8-15fb-5dca-ae72-20a6dbb0b4bb,0.1229,none
bf300b84-a9c1-4212-8487-ed4fa58b4af3,93043690-9154-412c-9f0a-2d39ab799784,0.1411,none
c5205d36-b4f3-48bc-8031-fbd46e1edc80,f482a304-c72b-4ba1-99ad-e993c9482863,0.1112,none
15731607-8d69-47db-8852-6b7c8bbe4c47,fbbff3cd-ef58-5383-ab5a-94c445fcd933,0.1861,none
a722c76f-2cb4-4907-b185-dbf2436e3d14,86c8d41e-c850-49f8-be3b-4abb0cd3c61d,0.0964,none
33292c61-f5c7-4585-aad2-1ce17215a5a6,614f4b41-172b-4d57-bbd5-5655eff4aed3,0.1298,none
c811439b-ae7c-4a7b-bae3-aa4767b6d790,26e63dcf-7c42-40f0-82aa-684a924e39ce,0.1018,none
a29a970b-a947-426c-8c70-9b8ea01954ef,c2c683ad-34ba-5ae5-b56d-782a5e0efeb2,0.1888,none
78683165-7afe-492b-90a0-39deab7eae7e,881b7966-b65b-45af-8227-2e4709482abd,0.1192,none
38443130-1c4f-47fe-b251-be75c29fc10c,2082b2b5-cf15-40bf-9883-75ea60257f1f,0.1433,link
f8be7783-9625-4cb5-9b78-76df065d7c99,78c6fd7f-3783-4022-8923-d68c3a4ac0e8,0.1276,link
a2463a17-7560-4dba-8138-26fc1e1be11c,18bd57cd-db52-4b6c-b2a4-49ff39419dae,0.1515,link
1699f1df-109a-4d24-95b6-19ef062afb3a,78c6fd7f-3783-4022-8923-d68c3a4ac0e8,0.2369,link
e66c9ae6-ad5c-4b39-a330-27b321833baf,93131698-d331-494b-b8de-9f3f026987ec,0.2308,none
50d0a1e2-611a-4fe3-9d6b-6a162295bb68,2ea12786-ecd3-47fe-b8e7-041a2e3a38b5,0.2339,none
ebe73aef-1943-4e2b-88ac-4c15acc902c0,ddc95cec-c9d0-4357-bab8-de8b3f9a4f4c,0.1353,none
782b62dc-223f-4918-b2e9-fc6aade172e9,69a8cae3-3e77-4560-bd88-47334604b251,0.1089,none
6abf162c-0ecc-41af-9ca4-a19da570e3ed,a5817f16-ac5d-4b15-8453-5531ba0db135,0.1876,none
8086794f-86f8-4608-8bc6-0a978a91f94f,5fa3ef48-2d07-49a7-817e-96eaf5328c5f,0.1313,none
51b23ce7-71ab-4372-a22c-081125f296fe,5fa3ef48-2d07-49a7-817e-96eaf5328c5f,0.1479,none
a76da77c-44ba-4219-a52c-020df82c7068,60f9cdbd-38f6-42e1-805e-9944fc98db3b,0.1665,none
4bc3a398-73c4-40f4-a053-c533ea2ebb26,e113d9bf-c856-4865-bf67-cbfdfbe42ac8,0.1675,link
40e57f22-9310-4e1e-9d33-f3e7e2a12c5f,868700da-90b8-4db8-b88f-231597cf69dc,0.1063,link
ee4d3caf-1f48-493a-8dac-4a755a2923dc,f99bee0b-842a-4ac3-a3b1-7a5cf3b34397,0.1747,none
aa001ed9-dede-4760-baca-0073524680a5,5585e636-385e-4e45-89d7-4e83da685e5b,0.171,none
b637bdce-6306-4c35-b0b1-f7b77921b55b,a9107a34-d51a-439a-876e-ad092a7dc51d,0.0997,none
d9372cc9-4e89-4f60-b6df-fbfb65db2868,7c7ea838-47da-41aa-b67e-da81881b77e5,0.1024,none
05e90c3a-556f-48a6-b502-51d655b1b61a,2ee8400d-3411-58e8-a98b-bcba2552bd88,0.1566,none
69b521dc-e390-4190-a1f5-368f1205f4ba,2ee8400d-3411-58e8-a98b-bcba2552bd88,0.1541,none
a9e8d710-657a-4042-832b-dc746ad548e5,2725fb06-c681-4bba-884d-7cb75d8b355f,0.1988,none
11170a4d-a9c2-40bd-9d35-0d4b35fce176,f37045bc-dc48-4f8a-a037-52b15751de0d,0.0634,none
c26567b7-ad34-46e4-b17d-417d6d266ce2,9df9e9c3-5dc1-4eda-bab9-c51be35ec076,0.0641,link
12e7fe87-01b9-4f61-8507-15196f6511fe,8e8a09a0-e633-44cf-a23a-c9f4f6bc5d0a,0.1102,none
f6627036-1dcf-4f90-b906-10cbfec49c0a,aaa1d59f-a5c5-40b0-808f-be2bf816aa5c,0.109,none
bc90bd55-4f63-411b-98ba-d20a7b207265,9e501910-ca87-4c18-a17c-23d7b8f05edb,0.1059,none
d4b94125-2158-4fb8-8d69-1fad0a0b6ddd,1da7f69f-48d5-4e45-a2b6-5c92e7e98556,0.3381,merge
6d8e4a99-d80b-421d-b7a5-31c949b33f8f,1da7f69f-48d5-4e45-a2b6-5c92e7e98556,0.2248,merge
47836857-cace-451f-92fa-91fb648a4602,54d4e0b1-2179-4c2a-b2eb-07727540876b,0.3628,link
bd74cd5e-a735-4f94-80d0-cc32dca7d9d4,1da7f69f-48d5-4e45-a2b6-5c92e7e98556,0.2382,link
469875ba-e366-4147-b88a-9a3928eab874,31212bca-53a0-48b2-aefe-2db66ab2d70d,0.059,none
c9b8cd3e-22ea-4c0a-82fa-5afb4d23bfb6,8a5c3e65-fe60-4b92-99be-148fb824a9ac,0.1111,none
52583826-74ba-40a3-b6ed-acbfb9a5edd4,12b34dd9-c91b-4470-8a23-c0610d08ac8a,0.2664,link
8a1eeaef-2565-4164-ae78-ae2388c24500,950ff4d3-f129-4b4e-ae4b-aa9b2451eb9a,0.0918,link
da73ed16-90c1-4f23-89af-04e6f49ba8e5,352fc3eb-2f03-4e7a-a52a-126bad6cbf38,0.1943,link
be128627-bda9-4285-9328-f7ac74ea04e1,4a08dd9a-e8fa-4fa5-b540-153622a10070,0.1374,none
58f47832-e922-436b-9048-96af08ae26cb,d6b970f9-3828-4329-bdf6-f6373df09d3e,0.2884,none
32132996-3bc5-42c9-80e4-3bfc085148c7,785210ec-2d44-454b-b693-5f9f4eb1fbb7,0.1978,link
708db17e-49ab-41e8-baa2-246fc123dc3c,e434626b-6087-4a56-8f2c-ea29fe120cfc,0.2699,link
e6f7364d-0ccb-4af4-b974-807a9e2aaeb7,881f4844-4552-42ee-8d55-718b24e5ed2a,0.163,link
bfa27068-47b5-4a9b-8a40-609067b16e13,881f4844-4552-42ee-8d55-718b24e5ed2a,0.2832,merge
0eae4b1c-64d9-4cf9-a0b9-4b20be3449c1,7016dd42-eec1-4cc5-8e49-874e634ee451,0.1238,link
73aad2c1-62c0-452e-b2b0-624aaaf3df94,19e8cf3c-9b9d-4282-beba-4b40138b13c6,0.0671,link
1b3a2b53-5119-43cb-88e2-3bc6cd0a7e90,b2beb571-939d-4066-b408-d683e9257f8a,0.1589,link
0193f4a9-2e32-4370-ba80-234b68e70bb8,96064731-8d44-4010-b7ac-407d930a1277,0.2193,link
0653b83a-3640-4898-8daa-7911a200be60,e15e7107-73cb-4541-9213-4c7730d6e624,0.1307,none
e2cb4c24-8e69-446d-a1e2-084613135ff0,06caee60-3dda-452f-ab52-79c5075c8f35,0.1448,none
c2837150-013d-4ef3-8e20-e2505acc0bee,30f13530-0419-4b48-890e-0812d8e5b78c,0.2143,link
98e6d5e0-daa0-4c03-ac58-0f882d9e2f7a,7d99596e-16e4-4f5a-adf6-7d7124f133d2,0.1698,link
a2f0b470-fa07-4ff8-9ef9-6ca36e8afd00,885c2c98-3a5c-43bc-97a5-629806241c7d,0.4037,merge
8143ba37-f5ef-460b-9d7a-fbe616333194,8bb747ae-0eb1-452a-83c9-3fbf026d7ce6,0.1191,link
3f9fe479-4664-4ea1-bd6c-268b2271ee04,ac106ab0-5d89-40cd-a1a2-20c79891c3c5,0.0788,none
9bc2a64f-6eb0-427f-846b-b2034ac53a4f,d6b970f9-3828-4329-bdf6-f6373df09d3e,0.1491,none
348a7b78-a9e7-4a1e-9119-b90a82c6265c,6a06fcf1-6176-46c4-a3c9-d3b77930ea31,0.2017,link
6c6126a1-194d-451e-9199-fc964d0aba5f,cd330afa-386f-4d07-bbc7-45b181f41736,0.1457,link
959bdd16-163f-4475-a909-fee1daa4ed51,3b64b15a-4e2a-4708-919b-98a5c559ec2f,0.1074,link
1a3c59bf-4eaa-4d85-90bd-e1b353f7210b,b748d2cd-3e8a-487f-8821-e556f47ee0e1,0.2688,link
cc7db5ef-58ee-478d-8ab9-9046d2a4f806,3b64b15a-4e2a-4708-919b-98a5c559ec2f,0.2588,link
c87459ae-e9e5-4e4f-8d5b-1231cb7e1dd5,5d84869a-87d2-4312-9a45-dbf6e1e90815,0.2258,link
0cea9269-060f-470f-8f44-de8ddfc28f32,52bf24e0-98ec-4d86-b105-661fcfaba83d,0.1052,link
9835dce3-99ae-42a1-9603-4f1abe43dcae,9b984c71-2fa1-4f24-9333-4164ab6b6017,0.1556,link
4dfb6793-e58d-4d70-a789-60b6ef5d4999,2f37c5c9-cc2f-4ff0-b5f4-71766911aae1,0.1991,link
8a0c9dc3-5cc8-4b0e-b0d4-66452ff80f53,a6c01bfc-8243-4d81-9a6a-14486bdff034,0.1589,none
d4ee9dc2-adb9-43f8-a4d2-bbd5e183a828,d985b461-baf1-41e7-b8f8-ab6d9e053935,0.164,link
0686e6cb-353d-4476-b6a8-4de9c5cfef15,a228849e-03aa-4331-b4ab-a8a2443ceed0,0.2067,merge
d78d81e8-d0be-46e0-a159-b83765d9e77b,ea25c59d-cf67-436f-a75d-12ace0995361,0.2543,none
7416d4a3-0406-444b-9776-b8eb0c4fac22,a228849e-03aa-4331-b4ab-a8a2443ceed0,0.1857,link
1064f6d6-caae-47a3-8b10-8843b2ff1050,6a2690d0-b155-4adf-aeeb-0dbea0779a68,0.2785,none
13c1a6ec-89f3-4a90-b601-3f428ca4fab8,1663bf42-45d3-462b-be62-1a0c5451b4af,0.1392,none
cb9220ec-d070-48b5-99c0-ae787f91a7e5,5c2dfa41-64a8-467d-a83a-c59001f82d2b,0.1189,none
5ad16a24-6fad-460c-bef8-640403a0b8aa,651af950-003c-41a6-888c-fac53e7da137,0.0744,none
1b084ca5-c696-4cd3-acd6-a5c48fd3de94,f8f4101a-4a66-4114-b706-a2b529e1cbfe,0.0532,none
a2dfeac6-6f01-4109-89c8-29204ccc5f99,16990578-c68a-4220-a513-4e07fc6b0d8d,0.0907,link
15db0d85-85a6-4679-9522-98285b872ef5,b5571b1c-aa36-42b3-824e-84ec758a6ac4,0.1865,link
87eb5370-500f-43e1-9a05-6f16dadc19cf,82b35972-ac0b-4160-99a8-1ef1f823f7c8,0.1222,none
8bf71bf1-e588-41ba-bdd5-1e53ef6b3278,38d9172f-c69c-4507-b843-e411e69c4839,0.0973,none
a507a771-6bc4-44a8-bc6e-36894889a287,6e684a98-1ac6-4484-a36c-6d41cd09709e,0.0898,none
0888844f-8e1c-4d8c-9efd-ab4ea033237f,2e87b5b9-d450-4649-a02b-fa646527c94d,0.089,none
d5759f62-c39c-4792-9f3e-aa29687c3625,1e01b83c-2886-4a4f-b52a-9003d443de0c,0.1078,none
2473cc65-3903-456b-8e33-b46c4cbd628f,a8f14113-65f8-4935-81b8-88ede5c65728,0.0983,none
f6894d3e-924e-41d3-809f-fcfb5effdb0f,ce7f5e43-a483-4c77-8061-d0719cfa1e41,0.1351,none
8a12b15e-1fe6-4113-a0aa-ae980b5b2d36,27aa7c5f-7e59-4ddd-b050-b4ead6637291,0.1603,none
80eb5159-b7b5-40ff-98e7-1409aa512531,c70a1296-574a-4071-b325-916e49fa9941,0.0417,none
381c4080-2418-4fc1-a0ba-f41122905c09,e3051e7f-8ba7-4d6a-9500-01c9dfd4a673,0.1946,none
087761b6-ae9f-4756-b4df-f845e770dac9,2250cb45-a021-4b19-b648-4aea051339c3,0.3389,none
9757943d-be07-4ce7-b0c0-b16b533fc22a,e12817fc-55e5-4451-9bd2-962a1439c973,0.1497,none
c642f901-f04c-4ba0-bc76-28befbbf6b7a,2d343a87-3c4f-4e31-88dc-f507252b3d1a,0.0989,link
026b4c5d-5b42-435d-bf66-69722f73e43c,2d343a87-3c4f-4e31-88dc-f507252b3d1a,0.0632,link
799ef5f1-6b4e-47c2-9d58-83a700ab9074,30f13530-0419-4b48-890e-0812d8e5b78c,0.0791,link
cafae920-d9a4-4ddc-9608-3d1109ed4031,ea10389a-878c-4519-90e0-7e72fa2a22f7,0.103,link
d7d50329-a981-4fd6-a521-7a6065fe4f65,0f8bc8f0-1484-4bfa-a7ad-b8e37b2fe538,0.1656,link
8c6728c7-781d-4347-b1d0-bce8c6d53dcd,eff34ba3-d8d1-4cd6-ba46-356b41b1dfd6,0.0567,link
690eaa57-ceac-4582-8593-1cececc0739e,f34739f6-c02b-45c8-9bf9-fe359e89c1b4,0.1078,link
e8924dd3-d83c-49fc-b6bc-1bf3e5940da0,16ad2f90-bc3e-4843-a214-3270c3aa1981,0.0835,link
c0055523-9f29-4be0-8fb0-25668d21e3d8,4f425eb2-eeee-44b2-8052-9478b1b5aea7,0.1789,none
02218d6e-3fac-4ed9-af11-5b26dfc67dd1,2ac52c54-da5b-4dca-a5f4-f0b96bdaf101,0.0846,link
de8daf49-0f19-4e05-aeb2-e20ccc247b84,49d75f89-9280-4364-a9e7-d5c6c7c1d081,0.1477,none
9312c0d4-5874-459d-bc9b-ad0ac6296b60,aa5ef743-76a5-464c-befc-801b77e01996,0.2259,link
fb654f0a-05ea-4ae2-b0f9-f0709b74c558,8c4ba24c-2076-442e-976e-b8c225877360,0.3279,link
68098a99-1c38-4e2f-8709-78f1832ae332,70382f17-b2d5-41eb-a7f3-abecbdcc9c87,0.2567,link
87108a9a-bc4e-44f0-a693-764ac6897291,4f425eb2-eeee-44b2-8052-9478b1b5aea7,0.1571,none
a04f53e0-0cdd-4e31-bb6e-e9881a7ef438,4f425eb2-eeee-44b2-8052-9478b1b5aea7,0.1864,none
f9110eea-17b8-4386-9fe9-6351182d35a3,0a130e4d-507b-424f-8b4a-d1e1b989a569,0.0583,none
54456e6f-7040-40bc-88f5-ae29155f2ccf,49d75f89-9280-4364-a9e7-d5c6c7c1d081,0.1508,none
374138b4-e0e1-4166-bab8-d401709492d5,8efa5860-6ef1-47d3-8385-1f4d2121bb73,0.0538,none
af24f6aa-404b-45eb-aee1-eba309b4f60a,924ffac7-fb2d-4f05-a978-11ccab530085,0.0687,none
bb26f3b6-d250-433a-b259-09cf96faf5e8,5164c300-d7c9-4a15-be50-fe8e468d24be,0.1622,none
92b4a5de-5ada-42ce-beb1-558c8272b858,df2dc505-e116-4d91-880a-748a2a42cb8b,0.1792,none
bc9c783e-91fd-4bd3-82cf-6178c67794d4,1e9638da-41f6-40d8-acc9-f98c93968cfd,0.1922,none
602983ac-6190-43f0-b14e-5d3b2324f6d2,718dd811-8202-4688-8261-d742feb710a1,0.1257,none
d0e1c05c-ecb1-40ba-87a4-8c6dcff310a0,f5097de2-56b9-4b8a-b2f5-446b619d3602,0.1395,none
bd516382-3559-4b63-84f2-08a978e7e484,f5097de2-56b9-4b8a-b2f5-446b619d3602,0.1282,none
c77dc4ef-afd8-4f3f-a21e-0cf16482ead2,18bd57cd-db52-4b6c-b2a4-49ff39419dae,0.1091,none
959705df-0eb7-4274-987d-8de55b988e5c,9659f1be-fa81-424e-a706-87baa974b593,0.0788,link
8b039e04-5637-4f11-bf27-4f0d8a8e41fd,9dcb3090-e077-45fe-89ee-1ae9b71993ce,0.2324,merge
b369651d-2c8b-4785-bb57-3555772a41e5,ff42973e-f8af-41cf-9a91-0360b07847b9,0.307,merge
53a9942b-5382-4022-b6d1-138ee1ee9744,075548cc-1a68-4f44-8d31-8139ceaad7b2,0.1627,none
da2dfa81-6cfe-49ef-82b2-100eff5b2f26,e12620c4-8f84-426a-a24c-8187dc87c845,0.0712,none
34cc298b-148c-4736-92a1-7cf13c578c43,f09141c4-01dd-4734-8ee1-d3c1f60d7cd2,0.1359,none
75b6aa69-0c46-425e-bf48-971e16e7880b,af4b12da-86d9-4029-bd67-d98a6a23af10,0.1119,none
716ba8db-095e-4e18-aae0-1bbcf0eba129,51e9234e-212f-418b-a39b-a8b94e986bbc,0.152,none
85cd74ac-f59e-47b3-bc65-b96ceee600b8,985ad98c-02b9-4773-aafb-824a31c427a9,0.1014,link
45565368-259a-40ee-8433-23bff5c16622,1d72f8c0-9a60-410a-a685-aea1f6662f0f,0.1991,link
85902cb6-48b4-4a9a-9d23-d9a9a0b9b67c,dba2910e-e046-46ae-8aa9-5ff56b8f61fa,0.1062,link
cc63de86-8e8e-47bb-96c1-8e1658943c9b,0f470f11-a510-4a1a-b138-f6c41dddbfd6,0.1854,link
f0cb0fdc-f498-497d-9372-476a34f1795d,ede2bc59-7095-4ed0-bde3-cc81e89fe763,0.1789,link
7545ac12-5332-4053-86ef-2b1449af710e,f5b21645-6335-4601-98e3-b8981e5b2dd5,0.1534,link
df627c5b-d164-476a-81c8-e07cfbd9f42b,06e98900-ed09-4832-b0ee-874bd59caff8,0.1191,link
20ade18f-812d-4f0e-96e1-2191f2f995ca,3d937218-b8e8-409b-aeb3-1d3409585759,0.2343,link
c2af2157-3cfa-4229-948f-8a09ef7b451a,a8c5cd82-c41b-40b6-8b4e-06dce42cfafd,0.3005,link
441d6063-06a2-40b9-a358-fd70e062240d,dba2910e-e046-46ae-8aa9-5ff56b8f61fa,0.2878,link
49199a85-14cb-475c-8e2d-816183403584,322cd2ad-f591-4e38-bfc0-fdac9dedce3d,0.1334,none
6fdd638e-1ead-4532-892a-95c3c7a9f916,7e58ad7a-4708-4525-a3bb-9b97eb063639,0.1621,none
8ed77a02-ae86-4dff-8a94-af5cb1f15df2,416dc498-a279-41a9-a7e8-f1af216f56e2,0.13,none
52af4dcc-8d52-4ad2-a50c-dc6ca943e40e,108ea2f2-86d5-5291-9e69-7fa4674b9651,0.1044,none
9f04365a-c2bb-4f82-a7ec-ee2b13045661,d20b64df-5d7a-43fb-ac8f-9f54ed295a5a,0.1395,none
f9967db4-5fa1-447f-805d-5d5bbf3dc840,c6a84570-813c-40e2-934a-2f15d4012c75,0.1923,link
7b26b630-6136-4f8a-8730-47dd4bc36413,aa457326-3bdc-4279-8aea-317683fe7c79,0.0878,none
7d94b686-7d29-4a8c-85b6-f19df74a1b79,c2c683ad-34ba-5ae5-b56d-782a5e0efeb2,0.1808,none
ff70eeba-b8c6-4848-ac10-19840edccda0,881b7966-b65b-45af-8227-2e4709482abd,0.113,none
095a906a-41ad-4226-b8f9-8bdbdf058c54,f18b3478-37b0-4e72-bdbe-307d964c2c1f,0.0962,none
5f2b2db0-d247-4748-a0fc-9cce5cc40823,f18b3478-37b0-4e72-bdbe-307d964c2c1f,0.1031,none
304c1e74-fab8-4c66-8d87-79104b1c7e55,1e53f571-ff7a-4ec9-8643-94a08fc840c9,0.1212,none
a97fa816-f0b1-404a-ab58-4f1e92a953a9,472a5acb-e8f5-42d7-8dc8-f36d6070c893,0.2206,none
0de10186-ebcd-44b2-b68b-e57d67241c36,0afd1da3-9dab-4d66-b701-d78f59ad43e5,0.1588,none
c2a1c49d-53ee-4443-a84c-d320894cf674,dd8bd13d-a9a2-4658-8021-b01e881edef1,0.1016,none
91def388-d76a-4ff6-8e55-87614f642287,afd309da-4003-4580-8fb5-98a2bec7da1d,0.131,link
1532ac25-4a89-4217-aa73-51dd57ec3a95,c37bbf24-237c-4556-a392-2ac2afece348,0.0769,none
14b04561-9c2a-48c2-86f2-c2ca51c4a8ad,da690792-5aac-407b-88ef-e04f20d5aaa2,0.14,link
006b670f-5f20-4bc2-a29a-a125c0ce0162,5164c300-d7c9-4a15-be50-fe8e468d24be,0.1366,link
5f24b200-10eb-4421-ab0f-9f195b0d45af,b24dd41d-58bd-4439-968b-b85974004a2c,0.1135,none
821e72b2-6696-4924-88b9-cfdebd4b44ef,f9953712-2a16-41d6-9598-c781fbea852c,0.1009,none
7a9a39eb-149e-4917-99e8-202ac8fe8801,85cdae9c-ee94-4970-a7c6-9356faa27e20,0.2,none
2ae1df55-c5f1-4f77-b676-d233f2fd1b3f,69e3d663-6164-478d-b9d5-920db51a54c7,0.1784,none
0deb9ae2-ac00-4f7c-8be5-33020a9b2f2e,3dc6349b-b61a-4fc3-98de-584f609ab8cf,0.0548,none
8fcced04-71ff-4740-89d3-72cae1ac1ac7,c64884ec-11df-4777-9d98-c450fff56e45,0.1056,link
34812012-18ad-403e-bffc-37a56eb94179,7b8672c9-5a4f-4d25-82f1-2c0acf4fa83c,0.131,link
e13cc051-cce5-4fdd-a3ce-e981169dac68,f3d06266-e2c4-4544-8d7c-833abd5515a9,0.1033,link
5562b237-a24c-488d-845c-2c07afdea945,7fcf005d-cb36-45aa-be65-d24c70461be5,0.1253,link
609902af-cddf-4885-9004-48e68acfae51,c0405427-409e-492e-8399-2a3c2d624e84,0.0834,none
df898c3b-2370-4417-9ad8-526af57cb6a6,7dd4fc77-5957-4b29-8ee7-bdc387965e68,0.1331,none
2963b1c5-ac2d-434d-8697-9a07c245f984,a9107a34-d51a-439a-876e-ad092a7dc51d,0.1717,none
e745d383-ae41-4107-948a-5f2edf915655,3d083986-4886-4975-a855-2d63c5267575,0.1169,none
baef6c79-7090-46f8-8408-a8c71c56fd67,962c0271-36f1-4c22-ae50-d6848876026d,0.0682,none
d35ca7e5-87a8-4bbd-afa9-52b9ea01f7cd,f3f67491-3773-48c3-a872-d980fff7f328,0.0627,none
0734d255-9430-4d42-94ed-a3f1967b43f9,feeaefac-b277-4f93-8dac-444539d7237f,0.1356,none
45f8ccbb-1338-4271-be19-0415060edaa5,985ad98c-02b9-4773-aafb-824a31c427a9,0.2823,merge
05038898-e5ab-4162-822b-1fe91a34049d,985ad98c-02b9-4773-aafb-824a31c427a9,0.2325,link
d6b5b3d2-740b-4c68-9fd1-443bdd04956f,e30dcf9d-4e06-4ff0-9c7c-9c9f47add0bb,0.1161,link
10174408-cdcb-42a4-a0a8-ae94a5e1709e,a8f97105-3d70-4fe7-985a-eaf3543f266e,0.1944,link
72d64044-78b5-49c6-b76e-41e8b9d02ea9,2780491b-ea58-4451-be6f-990d9837bcd4,0.2469,none
7a6db5f7-a0e3-409b-a06a-7d2da54cf9d4,64f89c91-7468-4b88-860c-8c3d61739ac8,0.1247,none
dc283988-4db1-4724-9e11-46d638f2fa36,38d9172f-c69c-4507-b843-e411e69c4839,0.0951,none
d3e678a6-91f4-4a3f-9503-96b78af8dc84,dcdbfdc8-8bf0-4108-8f28-98572d60c3d8,0.1304,none
815b598b-f2a2-4978-a2f5-1c3c77c3db58,8ad4253a-fb16-4eb4-b4c7-3114c9fdf499,0.1827,link
9fffb9d1-4021-41bd-9c30-c871b7bdc878,9feaf2f1-6ffb-4499-932f-c88ce6ae86be,0.1722,link
dd3dfc39-426f-4d56-8cff-f8d9da8ff420,96f5c0fe-f649-4083-ab8c-ca62f82d6ad9,0.2469,merge
32805178-e3a2-4185-9c54-712f5640a96a,985ad98c-02b9-4773-aafb-824a31c427a9,0.1724,link
eb553860-7050-4a07-b562-f598bf472642,c428489e-a2c5-4111-a70f-a578fdff6b48,0.2206,link
0e0b4ca8-0970-4fa3-abc8-8fca24628c48,06e98900-ed09-4832-b0ee-874bd59caff8,0.4576,link
184ada07-4af5-4f3c-a566-e54de11e6d4a,329c6a89-6b92-4473-9edf-620e58b721f5,0.2329,link
0ef877fb-ec66-448e-8bfe-6ecf6ae54a67,ede2bc59-7095-4ed0-bde3-cc81e89fe763,0.123,link
fd9e1e32-daff-42e2-b61e-13352fc464f8,96f5c0fe-f649-4083-ab8c-ca62f82d6ad9,0.4682,merge
80c1cfcf-a370-4b29-a6b0-69947ec806c6,ede2bc59-7095-4ed0-bde3-cc81e89fe763,0.3158,link
d126f34e-6b60-420b-9168-5f131aa4a6d3,02e64d28-e30f-4601-913e-74c317352bf5,0.1266,none
08afd7e6-e4c4-4668-9945-7a0313f0ad06,b181a079-edfc-4495-847a-ec1c50106e02,0.1273,link
3b230176-b656-480c-9c25-e0d054d167eb,ed02e0e0-c9d9-4cd4-8b7f-ad6e6a2d0d31,0.2133,none
44122aa1-9b85-4e32-8c33-9ec07c3fcab8,1f157f5c-d346-4d40-a0af-ba7da7e7a500,0.1073,none
ae69b6fe-0979-44f2-a638-16048c08d18f,69e3d663-6164-478d-b9d5-920db51a54c7,0.1866,none
dbc971ef-387f-47d8-b12a-e626aa5ba435,e79dc9d4-5d78-4dbf-8bdc-e6881056a78c,0.2917,link
7d4e3911-13f6-4373-9743-10f1ad2b0c05,985ad98c-02b9-4773-aafb-824a31c427a9,0.1108,link
515494ac-5130-456b-9ba2-c7c979d5458a,3d937218-b8e8-409b-aeb3-1d3409585759,0.1731,link
dc36049c-a43d-4dba-abf8-11d371bda8ea,a8c5cd82-c41b-40b6-8b4e-06dce42cfafd,0.0804,link
10cf5d7a-d1e7-4de3-8ff5-d7560fef785f,e30dcf9d-4e06-4ff0-9c7c-9c9f47add0bb,0.2116,link
9984758f-3ac6-4ac4-97be-1140386a31f6,93eaabef-65fd-4503-9785-17fd9a6032e0,0.1773,none
043ee581-9b36-4fe2-91f6-2466e4885b20,510074fc-a8ea-4628-b771-8dafdbdfa7a8,0.1941,none
b7213140-2690-456f-ab6c-4518fc9c814c,1d72f8c0-9a60-410a-a685-aea1f6662f0f,0.3436,link
c5296804-e723-4862-afda-7321f8172129,02e64d28-e30f-4601-913e-74c317352bf5,0.0918,none
d85c4cd8-b876-4f88-951a-b928a7cb3fcd,89e02573-bb3a-46a4-8308-bbeb9a020f01,0.0679,none
1a380e49-ce65-43bb-a2e9-f2382ad89f82,af284175-52d6-497c-a5ab-2ac4d3d492e4,0.1204,none
54131aa1-def5-4ef2-83f0-9cac660c0d2f,44754b24-d404-462c-87aa-ec31962d9b41,0.1112,none
9b6955f0-4d78-4fba-a4be-75a7ef3b848d,5721ff0a-6ca1-4203-b131-f22f4a8f134c,0.3075,none
31c3ce30-c010-4c3d-a76a-e4fa9347092b,02e64d28-e30f-4601-913e-74c317352bf5,0.1294,none
327828d5-963a-4f0e-a580-ee7da18c1e8b,06e98900-ed09-4832-b0ee-874bd59caff8,0.2393,link
d1466425-0a85-4f18-ad75-96c1e2aa30b3,5164c300-d7c9-4a15-be50-fe8e468d24be,0.1365,link
f42c1e19-e1ba-428a-bd67-c051e6692173,06e98900-ed09-4832-b0ee-874bd59caff8,0.1288,none
3f934494-3782-4eef-a561-be5742a2b838,3b30d5f1-cd08-4d1e-900a-8497cdf6fc0f,0.1119,link
4e9c3de7-a146-4c3f-9b00-5cc672203306,baf03f1d-99b8-4c06-9b8d-3ba16ce6d48d,0.0998,none
d8fe7778-3fff-444c-b9a3-63042ee35727,9abaf2dc-654b-45e0-9edf-ae2c880bc33c,0.0586,none
51dad052-38dd-464a-8291-e927a9cbee62,29e38cf9-a13d-4be5-ac93-288e937fc5a2,0.1716,link
2738dd3e-f742-4e69-b604-11b9dbc62c1b,b2beb571-939d-4066-b408-d683e9257f8a,0.1842,link
55de5f1b-e780-43c4-b17f-a0ee0a1eca88,67007687-b0c7-4d80-8ca6-dce379cee3c6,0.0759,none
584bc9ea-5da4-4460-b559-bcc741c2ab53,b1870bc3-819f-48d6-a4f5-7642c7e0cd72,0.0902,none
29e883d6-b1f2-462b-a402-c6ef8acef339,9dcb3090-e077-45fe-89ee-1ae9b71993ce,0.1672,link
baae8396-177e-48ec-8b78-847a8c95ece7,f0f0b874-53cc-4b69-b63d-95b386edad4e,0.1268,link
a6fc8809-3b06-470f-8b5d-ce75886f2f89,9dcb3090-e077-45fe-89ee-1ae9b71993ce,0.1659,link
cf0674fc-24e2-46f5-8300-335e8626de94,836c5c42-18a4-4bd7-a12f-6ef31ddb36f8,0.3177,link
4b410e5f-5d70-4270-9986-537938a9129f,fcc5ffaf-743a-4d29-a44d-441e2682c3b8,0.1633,link
bad6b5c5-b6cd-4c07-933f-32a88d24f955,5164c300-d7c9-4a15-be50-fe8e468d24be,0.148,link
770eca80-e5e7-4afb-a07d-6d6755d832d0,f0f0b874-53cc-4b69-b63d-95b386edad4e,0.245,link
0a7b5fdc-c172-46df-afa9-19f45f829b27,f0f0b874-53cc-4b69-b63d-95b386edad4e,0.2051,merge
435ee8bb-54fc-4997-a236-a3a698055d7f,da690792-5aac-407b-88ef-e04f20d5aaa2,0.1586,link
dd45e297-a240-4278-928a-f99a02e7874c,a8c5cd82-c41b-40b6-8b4e-06dce42cfafd,0.1892,link
f00936e2-d33a-4a53-bfc3-2d24d3d8c0e9,8b4a5e41-00f2-4205-b837-2d771fda2149,0.1574,link
4a049d96-110b-4c6c-8ade-5b1af84ee925,55688ac8-1126-4fe9-85b9-c1fdff3c2499,0.1339,link
bd6dc518-a615-4303-998a-7305ce619e03,d0589965-6caf-494e-bd81-cd7e060cc8ca,0.1362,none
d402ce19-28c5-439f-a618-48d1ca21a504,ea10389a-878c-4519-90e0-7e72fa2a22f7,0.1103,link
e4c7151f-ddb6-40e9-9f38-54eb13f7f5b7,88ffa8d5-267d-4524-a7f1-5c7f9848b5dc,0.2335,none
018d97d2-f993-4864-9c0c-721be13db051,86d037d8-74b4-4b77-9587-da1f1853227f,0.1495,link
8722b144-f03e-43fd-9abb-cb93ce28199c,fb882c6d-0c36-4c95-8b2c-61be544537d5,0.1254,link
21abb038-bbac-4d35-9161-80dda59ab93e,718dd811-8202-4688-8261-d742feb710a1,0.2079,none
40acdfa8-641c-4217-8f60-5edc819ec5ff,0326de50-4d23-4872-945a-66a49f9e2819,0.222,link
32b9fe7a-d530-4aeb-bced-347778db13d9,a5817f16-ac5d-4b15-8453-5531ba0db135,0.184,none
d1019807-dbe8-4e5b-acd4-2b0aa31a3dfe,40c32a35-6780-483a-908b-1771376a2755,0.2131,none
46429249-7ac4-4ec6-8988-1abc94474544,ab2cf901-4c48-4c65-8cfc-d3065b45d627,0.1514,none
6268e470-823a-48f7-a698-1ea7320c8df9,ea47150c-9aae-467e-9d7c-4d3876ac097b,0.0886,none
cc547fa2-2c53-4d40-88cb-a575e4b2499a,f5d9cc9e-c667-4457-806d-3aaca5b1b2e7,0.09,none
f0978b43-0cce-431d-946f-07df54dd5cfc,5353176c-8988-4113-ab77-b96e466d1e76,0.1156,link
9767a45b-5575-4948-b2c7-bef2769c6f50,759162ef-220f-46af-91a8-6a94886a2252,0.1103,link
425055bc-d993-4fc5-8dba-8203880ffb39,a5817f16-ac5d-4b15-8453-5531ba0db135,0.1731,none
78e82caa-82e5-4696-a03d-9e181a172b59,2702bb64-57a2-4dd1-8e5f-0d911ea2d528,0.2718,none
c0d25641-b623-4fc8-8c4f-8f20b14e5099,0f7318b6-a535-4356-8e74-38e2df0ab2d0,0.1274,none
8edd7b28-6c66-4c30-b31c-54b781f1202f,9dcb3090-e077-45fe-89ee-1ae9b71993ce,0.2465,link
92971f29-e565-4ebe-a8cf-b91864df1d0d,cf64ce86-0e91-44d7-ae9b-87732b5e8ff4,0.054,none
1a7de5d3-1a46-4c8e-9235-831c33d6a044,9954ecbb-f39f-43fd-89bb-a9a1ad749610,0.2387,none
afc8e468-5671-4b1f-b414-6f57e5bc51da,86c4847f-b28b-4eba-851a-a1c7681aabba,0.0917,none
3d295abf-2bc8-4f67-b4c9-f26918d15a79,fc6a7200-e1cd-4bd5-b085-e98b5c27c811,0.0665,link
2e734473-1b16-42be-8749-7a0c9cdfbcd2,788ffe7f-6a1b-47c6-bada-0810204a779e,0.1386,link_regional
a7dfa8c9-3f2b-45b1-a3f7-bab98dc1e414,43eee6b1-c4db-42f9-8151-8153ac2b9610,0.1289,none
580973dc-460b-4411-a0be-e0612d9df322,d7d9f2cd-e168-43c7-99a8-b4d334062ca2,0.1051,none
7fe6d60c-a838-4ad0-9f6d-cb44b1545e00,1065d025-e063-42da-9266-fb72fd417d22,0.1534,link_regional
a79d9d0c-8351-440e-9215-eab02921414c,86c8d41e-c850-49f8-be3b-4abb0cd3c61d,0.1071,link
85282223-b666-4d31-aa50-5e0a9d41727b,35eae267-9f12-46ee-80a3-17a6dd8f1f34,0.0967,none
39e042ee-a0cf-45e1-b117-19ecff32d9d6,c27b2b67-6a8a-4bff-a88d-603da6c1853c,0.1173,none
672b54a7-f356-491b-92bd-126e83ad9ffd,8c8477f0-3817-4734-a53e-f3f95a0b53cb,0.1229,none
3ab978ad-fdfe-467b-9ff9-aafae7cd0e71,8692f8d8-004f-49c5-add4-eb81753024fd,0.1315,none
b46bb729-ba7c-4d29-8f5a-a0043bd6a6b6,6b7fe640-4641-4e97-8048-f1f88910cfe8,0.2325,link
28944cab-e919-4ea1-afd9-97ab5c4becf7,b2beb571-939d-4066-b408-d683e9257f8a,0.1921,link
985abb3e-6f1a-4619-ae45-db08b3f6b5a8,8a074a74-41cc-49f0-8f5d-0e6233c74b78,0.0826,link
638d9492-796d-4dfd-9f1e-e041c265b070,29e38cf9-a13d-4be5-ac93-288e937fc5a2,0.1686,link
2d8d93ea-59e5-4677-acdb-2deb1a0784f9,6c54fbfa-d8c8-406e-ba80-03c51a53a41c,0.0627,none
aa05b480-abd3-4a8d-ad57-dc518904e1d2,5353176c-8988-4113-ab77-b96e466d1e76,0.0734,link
645c2bb7-d795-49eb-b3d3-dbc8d5f3a932,b50bf5cc-061f-422a-b375-441aa01f8f96,0.0586,none
7a3a2b2d-28f4-4275-8b67-192273ae99b0,16647818-2036-4a8a-8b0a-82072b449a93,0.1927,none
ae00f449-0a45-49b9-8025-f94cb9a9601b,78c6fd7f-3783-4022-8923-d68c3a4ac0e8,0.1518,link
4e33d2b8-eee0-4d72-96f1-9b5da9d017c6,f659f75b-96c0-4ded-bdc1-a391d6c20c1a,0.1537,none
e6a4cc51-28a6-42c9-9c4e-229d1910c6ad,93eaabef-65fd-4503-9785-17fd9a6032e0,0.1625,none
b25df33a-059a-4766-955d-879747c122c8,3cdf245e-2e61-4c86-bd44-9e04c862adfe,0.1259,none
677c22b7-86c2-4070-8539-44d099e56af5,65dde88b-ba93-42b9-a67b-b62e37f5888c,0.116,none
741ba2ac-4946-445a-a6a0-2684a0a5b36d,7d99596e-16e4-4f5a-adf6-7d7124f133d2,0.1307,link
794118c4-4f6e-4544-b196-637df2663b2c,a1383d54-9e53-4c24-899f-560c8fc615f9,0.1214,none
13edf886-8bf3-438f-b66d-6d06c398973f,67007687-b0c7-4d80-8ca6-dce379cee3c6,0.1208,link
a26a1a5c-1984-41e0-9de2-bf2fe3fd3eed,78c6fd7f-3783-4022-8923-d68c3a4ac0e8,0.1276,link
92b0cd58-2eaf-4b64-8a44-e2154b701049,983741e3-07be-4d85-8c6f-fe76d4a991e6,0.1231,link
403cd76b-8f68-458d-827f-dbcda60b2f10,6b7a6e63-f63a-4721-abc8-0fbaed30ba3e,0.0971,none
81e7a9d4-4614-4981-b76c-f8f4016a706e,4638d5d3-81e7-46a2-a632-c020180d380f,0.1719,link
979db1ed-3a69-47d5-a0d3-1af5e3240035,18543827-8b63-4702-81be-6040b45d7ad7,0.1064,link
7c26d24c-0ec0-4635-974d-b70ad8276dfc,985ad98c-02b9-4773-aafb-824a31c427a9,0.1697,link
628ebe4c-9b4f-445e-8e0b-8d1bdd9ee7b1,ac6e54ab-cec6-4b10-a3b9-33627e603229,0.0991,link
14761ba5-89a9-4a5c-8acc-75d74a4558b1,06e98900-ed09-4832-b0ee-874bd59caff8,0.4587,link
7a1609cf-f0d6-4eb0-b48f-3c2180f46ae5,329c6a89-6b92-4473-9edf-620e58b721f5,0.1928,link
57690b8f-e78c-465c-9b1e-1269e19a71c2,ede2bc59-7095-4ed0-bde3-cc81e89fe763,0.1959,link
ce24f6fb-2cd2-4927-a76d-4af18752622b,02e64d28-e30f-4601-913e-74c317352bf5,0.1202,none
2081dddb-71d2-4cb1-83d5-feb253e77662,65e932be-59c5-4120-9e8a-e3f08eb2a849,0.0991,link
ce200878-16ee-4f38-aaef-73eb8cf2532e,fcc5ffaf-743a-4d29-a44d-441e2682c3b8,0.1141,link
76242991-d218-4abf-8de5-6ca2f3e3b7cf,3d937218-b8e8-409b-aeb3-1d3409585759,0.1682,link
deecdd1e-d848-4a2d-9674-eef65d9f2fa9,309082b4-c630-47f5-b230-1adad2538036,0.0539,link
0b60b341-e136-4e21-b852-8aedc35829fd,06e98900-ed09-4832-b0ee-874bd59caff8,0.2499,link
3e10f468-c0fc-4b8c-89b6-c071607aff5d,a9240e3d-9d87-4915-9411-d35874f737e4,0.1832,link
4babb09b-e32f-465b-a3b5-cd5736e5f129,322cd2ad-f591-4e38-bfc0-fdac9dedce3d,0.1527,none
db7ecbf1-f9c5-4f97-bd85-941b5006ac4d,f0ba6d07-a0dc-4c9b-8740-64b7efd5b729,0.128,none
7e63fa4b-a4fc-4967-860b-22e088e1261f,dba2910e-e046-46ae-8aa9-5ff56b8f61fa,0.2397,link
3242551f-0718-4d2e-9a6c-96b5c7a97679,92aba197-d81b-40f9-9dd4-dca4caf650fb,0.1397,link
2b00af61-116e-4c2b-9fae-8128566587d0,985ad98c-02b9-4773-aafb-824a31c427a9,0.1014,link
3c7107e8-a4b4-49f0-87a1-f73944718bba,da690792-5aac-407b-88ef-e04f20d5aaa2,0.1694,link
16cb26e6-258c-4c08-a151-af8dad39b872,a8f97105-3d70-4fe7-985a-eaf3543f266e,0.1826,link
8f9ee03a-779e-4517-9d28-8b75d5494894,9418e51f-9a77-4956-b7e7-e3b2a00c4e91,0.1643,none
c3666b74-cdb3-4c2d-9a42-d5b61932ce5b,62c07680-3f4a-4303-ab0e-97ff97165783,0.1084,none
700e19cc-a134-459f-8165-7258fccd7bd9,b5571b1c-aa36-42b3-824e-84ec758a6ac4,0.0833,none
e145e440-5ff6-4312-ab81-0eafd934e927,dcdbfdc8-8bf0-4108-8f28-98572d60c3d8,0.1519,none
f2bdf79e-b43d-455e-8b31-f275c6bb24be,64f89c91-7468-4b88-860c-8c3d61739ac8,0.1136,none
f45bb65b-35d1-40c7-aea6-4ea97cf995cc,e12620c4-8f84-426a-a24c-8187dc87c845,0.0723,none
f54a1e78-679d-4d2a-9f34-e26e27142a2a,680a33b5-7f42-4ae0-888d-a715219d95b6,0.0943,none
01d39aa4-f722-4635-ac0e-157572304c89,650f3a51-65fc-4004-bc40-ca60a3af1617,0.3557,link
eb713fd9-83b3-4b70-943f-2f56e72a6816,5353176c-8988-4113-ab77-b96e466d1e76,0.0936,link
7775ced9-d1c9-4922-bb65-8daf8dae4e42,a22bdfbe-8cea-4bfd-9ee0-621cf1887d43,0.1953,none
3d7ed2d4-cb10-414b-8e5b-2d1bd5cfecfd,7e862f86-1ef2-40a1-a317-f27ec67447c3,0.1875,none
739269b9-1fe4-42bc-b0ce-aa36b5b4adc8,0cddd208-ddca-4792-9724-a702b91c4cac,0.0631,link
05406dd2-de49-4d6b-bd2b-53b98cc2a1ca,f9b7bfe0-56bd-4f7f-9da2-ad8a4c68e504,0.0755,link_regional
74fdb8de-7a36-4f81-a038-e32d10d109f5,af5ac1f9-631b-583e-a202-f436b2c6065f,0.1078,none
729dca8e-06d8-4df3-b243-3cdf93e5cda9,e7294316-7408-4943-8349-1627e587e1eb,0.1035,none
9bf6ecd4-c5db-4a30-867c-3b69b81db201,0e0178c3-5189-4bbe-bed0-d6e13b6036a8,0.1037,none
0a22ff58-252e-4639-869c-f97fec143699,4218989d-a0ad-4705-ae6c-062a068f6b69,0.0845,none
dfc9e998-7228-4838-b0fd-fcfaa49e2faa,82249737-fac2-419f-a93b-42bc0b78c083,0.162,none
05d5f364-ba06-41e6-99d2-47b278d5e0c9,d98ddefd-25c4-5988-82d6-102fb496b14e,0.1159,none
32fbb9b3-d7a6-4376-be5f-9e32aa0cf7d4,7b492615-0db0-46ca-a19f-5e36378c87b8,0.1879,none
43c007fb-9d4e-44a9-850b-15865e4e126e,7db47f51-7c69-4b2c-b619-fc8cf9956c8e,0.1067,none
9ae3ea5b-4930-4531-9a25-67041a7cc0a8,31632a52-38dc-5125-a5df-47e4bf17e976,0.1194,none
0ae0633d-bc77-4638-84b9-4db92ca3c9d1,86c8d41e-c850-49f8-be3b-4abb0cd3c61d,0.1201,link
84052a2e-2ca7-4c02-a359-d38c8b466d54,12f5091c-0c5f-4c86-986e-fc721ea9f204,0.1752,link
3289cfd4-3d53-476b-8ffc-f3b83d2d4135,3528157e-5c02-4d97-8229-cdbf3606d3b7,0.1262,none
e256b6b3-f1b2-4a65-82fe-30fd930692ef,7537dcac-d2f6-4f49-bf76-f86e32f75528,0.1126,none
19c2121f-b40e-4b35-84d9-2cc3c32efc56,075548cc-1a68-4f44-8d31-8139ceaad7b2,0.2207,none
671f19a9-9df3-4efd-8bdb-b225e7861530,aa61cff3-9481-44b1-84ae-65244fc40d94,0.1687,none
f76e5617-5329-4bbc-857e-7119f919ded8,182c7839-f272-4509-add4-d7c19204fcda,0.1318,none
89529cfb-25de-4430-9d62-2668b6d3e72a,f482a304-c72b-4ba1-99ad-e993c9482863,0.0889,none
f709be37-a3a3-472a-8f9e-5fa4687d5cdd,7f057a0c-0b9e-581c-b191-baada2e1193f,0.1918,link
f066ad03-98d3-41d0-aa79-ffa0381e2207,f18b3478-37b0-4e72-bdbe-307d964c2c1f,0.109,none
5e8b7880-93c4-47a4-be42-a9e707c894df,598d64bb-44ae-44be-b9a6-de5f0e54ce13,0.0979,link
881c4407-e4da-415a-b01f-97903b0044d9,31632a52-38dc-5125-a5df-47e4bf17e976,0.0963,none
4770021a-952a-419a-b7e3-cfeed3fc3afb,962c0271-36f1-4c22-ae50-d6848876026d,0.1474,none
87e5dc71-4c20-4d5d-ac93-3e07fc529b1f,b9b94f31-b58b-5e26-9efe-680b167046ba,0.1056,none
971b4d07-70ed-4fed-9ac5-d7f048196b74,2a8c1ebd-2eaf-402e-bee1-de8ddb41fcad,0.124,none
e2b9232d-2766-4b58-8942-139d28c2974c,6313ae92-13d9-411f-b512-bbfc70fd2475,0.2862,link_regional
b27e68ef-b448-42b0-8e6d-da72e096c6ed,12f5091c-0c5f-4c86-986e-fc721ea9f204,0.101,link_regional
dbda64be-aaf8-458a-b5d0-32cfb549e2d2,6a82b8fd-0c1a-43eb-b45a-88234d459afa,0.08,link
037f5c44-6162-424a-85e0-c078eeb7e86c,788ffe7f-6a1b-47c6-bada-0810204a779e,0.2474,none
de70eebb-05d2-44e9-8a17-94f60b91a685,a089ad9f-5cf7-4c85-bb81-265d49571e3e,0.077,none
a716ed93-c580-41b3-8481-9c3f4dc2b6a9,8692f8d8-004f-49c5-add4-eb81753024fd,0.1162,none
1ed95d38-b614-4962-997e-97609fd33965,ee07a3b1-3b1d-438b-ab94-ccd9f0395631,0.1137,none
f4e33572-0257-42cf-a105-adc052d06449,86c4847f-b28b-4eba-851a-a1c7681aabba,0.101,none
ecb8b85e-f17a-4ced-8126-77f9cb935bf4,7b6c6e1a-65a9-4f75-ba54-9cee9abd19aa,0.0915,none
ac631d4e-69a8-4830-9fc1-7dfdf82a9344,12f5091c-0c5f-4c86-986e-fc721ea9f204,0.083,link_regional
15ca6c4c-3b45-443a-b1a8-db656c3a9e27,7db47f51-7c69-4b2c-b619-fc8cf9956c8e,0.105,none
78fbda57-f3dc-49ad-9887-60cefd527718,12f5091c-0c5f-4c86-986e-fc721ea9f204,0.1472,link
7397c1dc-d6f8-4734-915e-527974d34665,2082b2b5-cf15-40bf-9883-75ea60257f1f,0.1264,link_regional
a09ce1d4-00c6-4b4c-a596-a2c55588c32a,064714df-7855-42d3-a0a7-cb5daf2ec7f7,0.3136,none
19819cdd-efd2-4fca-9379-38ba9b41b604,5a914826-cdec-4044-8a2d-c02f9dd5021d,0.2124,merge
a0355d66-3822-43f7-b860-ca10b45b0478,86c00515-1c2c-468c-811d-a22696074db7,0.2348,link
b9c08a4d-a4da-40b9-8ac8-dadc1186cde6,5a914826-cdec-4044-8a2d-c02f9dd5021d,0.1316,link
df166555-64af-4760-8dc1-eff03df80400,7230b57c-0890-4910-a5a1-8c0e9334eb09,0.1395,merge
c9c2e1d0-ff51-4f04-98cd-3add515a6630,f5097de2-56b9-4b8a-b2f5-446b619d3602,0.3093,link
b9a08b87-f474-485b-acc5-644420deb98d,cfe68889-8a7b-4aab-ac8c-cd14c181c3aa,0.2447,link
cd5e5dbe-714b-44b3-aeb2-9013f6e89d05,db5b8940-a1b4-43e3-a5df-92d52497806b,0.1744,merge
8f7ce799-1d74-4c49-8474-0330b9ba69f2,1a2ae17d-3faa-4018-806b-0dee039901c0,0.1806,link
951bea94-e11a-4916-b735-c34c3f719c8d,dba87422-9ea1-4978-9319-dbcc8efe618e,0.174,link
1840fa6d-423f-4854-86fd-926bd6232391,6dcbbd91-d370-44a5-8e21-1d851af1d342,0.1926,link
1b92671e-ae93-4bc8-9ee1-b47e785723e5,b8b32142-3e44-40ec-9a33-db360e449572,0.1369,link
de40c320-a213-45a8-8b84-57d136826d66,79f6fd11-aaab-4798-9b20-057c87b20c52,0.1984,link
d693bfbb-e4af-44bf-b4fd-3a637e3294a7,65f8a2fe-960a-4627-90fa-9afce2a74a36,0.3797,link
46b4ec0a-0f75-48dd-8f9a-2d13db7b079b,cad943f8-855d-48ea-a82c-eee95dcc2a3d,0.152,link
34becf1a-7b12-445e-a16c-a3a27c26decf,315d04c8-1379-4adb-a425-e5a9063214dc,0.11,link
bcca9fb5-15fd-45d1-abd0-d1a348ca4bee,b8b32142-3e44-40ec-9a33-db360e449572,0.2328,link
11dace7c-ee1c-48a4-8073-ee753abd1c76,c0f241e7-1686-4306-9892-413530ec0aff,0.1141,link
43c8be40-60cc-493c-a94e-eaffbcae07c8,0bb35498-b668-4359-8236-9d16a71c1491,0.2086,none
dde86f6f-1158-4b4b-9b9c-d38bf928448c,d572e5f8-8636-4e7e-95d4-0c9081e84214,0.2757,link
c42bec99-2acd-4d6b-92f2-ec1c703c4dfb,9e6bc90d-4514-4487-8e15-a03c2bfcb8f3,0.3521,merge
8636fee4-12fb-422e-8a61-48a21b071da1,a9b52ecc-7fc4-4287-bdbb-b5829eecb69a,0.1464,link
3b27fa08-338e-4a98-84ff-4cf79ecbf1d5,a9b52ecc-7fc4-4287-bdbb-b5829eecb69a,0.1222,link
67f699d7-0d11-48b7-8d75-001f542f82dc,0f8bc8f0-1484-4bfa-a7ad-b8e37b2fe538,0.1062,link
4cb27cfc-fade-4901-aa77-75f2c69cd110,0326de50-4d23-4872-945a-66a49f9e2819,0.0575,none
f5383083-73af-43e1-bb4f-d824c1c9b648,9dcb3090-e077-45fe-89ee-1ae9b71993ce,0.2037,link
2c46db92-44d3-482a-a9a1-abd7f209bef7,b2beb571-939d-4066-b408-d683e9257f8a,0.1812,none
0ce2a69c-373c-4667-bcd8-07936ceba071,04fd805f-892c-4012-991d-82349f10eec1,0.1214,none
e4b18756-817b-4e45-9bc0-982996aaad8e,2f15c06e-b141-4d85-97c6-48473bcca56e,0.0939,none
2481fdf1-7cb8-4054-9025-3e75189c18f0,954320e3-0b55-4273-b7e8-abdf643658e3,0.1488,link
53dbdddb-89f5-4ee4-b1f7-2147f242dd41,c7c8c3f3-1b0c-4eed-aceb-d5359645c86d,0.1062,none
e08a2762-c3b3-4ac2-9975-9fd3839d287d,dcdbfdc8-8bf0-4108-8f28-98572d60c3d8,0.1194,none
af482b50-c4fa-4bd6-9f7f-d157d6fbd44e,4834317a-ffaf-4dfb-b3ec-6336ce069c41,0.1289,link
84391339-e4db-4742-aa14-d8ee34518f8a,ede2bc59-7095-4ed0-bde3-cc81e89fe763,0.1471,link
ce6f8701-3437-4d4a-8791-cb593a266ba9,540ddb35-b3da-4d00-b45e-0d2ab19bbf07,0.1569,none
d0d27212-9159-4999-a26a-7f3cd52365be,cb491fde-a332-4ef5-a129-03352da9a5c8,0.2065,none
be451ed7-23ba-408f-ba11-61373f8a16ce,b21c4944-6ae4-4ef2-b397-a84c87f85521,0.1025,none
aa03bddb-d33e-4634-b346-184586d31acc,86d037d8-74b4-4b77-9587-da1f1853227f,0.2122,none
2a60a71f-c97b-495c-9768-96485634f3b0,9dcb3090-e077-45fe-89ee-1ae9b71993ce,0.2795,link
028194b2-0e22-4654-b96b-d696542bffa7,0326de50-4d23-4872-945a-66a49f9e2819,0.2044,link
88fe0e58-a9da-4e2b-aaf0-21ba9704f16f,9565c7b5-3936-4024-ba79-8497e2e105cc,0.2508,link
278bfadf-effc-401d-9ca5-701b705e76e4,9565c7b5-3936-4024-ba79-8497e2e105cc,0.1975,link
6c582060-6de2-4815-85b3-1e9bf939c0c4,a06d9bde-e0dc-4aaa-bf55-2e76d9d3b036,0.2551,link
a40159c0-e02b-40cf-a6a8-1f351dc21746,364139e0-6768-4bc0-b167-d648327d4312,0.1291,none
9eea3471-7983-48b1-902d-4964d40b5a76,a06d9bde-e0dc-4aaa-bf55-2e76d9d3b036,0.2354,link
7c8439d9-3ea4-4aec-8374-129c2bf66849,c9820c68-b237-47c7-9295-9c9e4d750a73,0.1121,none
efe925ea-75b9-483c-ada5-166f62fa2aa0,791fb72c-ad7d-4278-b670-1fc006d3adcf,0.1422,none
6049d2f1-75db-44c2-9c0a-2b52226c19cf,1663bf42-45d3-462b-be62-1a0c5451b4af,0.1722,none
c2216614-e4d2-4d91-8d72-dbc5ec2e1409,3d083986-4886-4975-a855-2d63c5267575,0.1282,none
a0961c98-ce65-486e-9771-494bbec26992,9044134d-905e-4a5f-b4f6-e44df20b16c3,0.1211,none
df00f226-a2e7-4743-bfed-54938c0dcd44,3c68130c-8f75-4b38-896f-0699ca900f47,0.1276,link
a744c3f5-b46d-4eff-8b3e-894ec12240a2,6dafc2ce-bf54-43c4-bd7a-f528433ebaed,0.268,merge
bb54e2b5-6261-4867-ad4d-41a9df7bcc79,df0c9d10-be8f-440a-bd42-2aa1bb94380a,0.3496,merge
e422c532-1f08-425f-b6fd-7d30acbf3da4,afa8255c-b09c-4756-95f3-4b3770c25b38,0.1733,link
c05dd875-2ad0-4e14-a8b3-44414f87125a,9418e51f-9a77-4956-b7e7-e3b2a00c4e91,0.1611,none
fd51cc77-75e8-4b62-adda-1831a19d1ab5,73c0bffb-d5cd-4b1e-9487-cc0b096ab684,0.2237,none
dcf3d6c2-066c-40fc-9ed4-da903ac3c89c,9b984c71-2fa1-4f24-9333-4164ab6b6017,0.1047,none
1c684fc8-cc34-4713-b9e3-35ec8705a73f,3b4bdea0-c14f-44ee-9547-dd1eeac5ff56,0.1421,link
aa2c8bf1-9b1d-437a-8da1-a007a344df21,78c6fd7f-3783-4022-8923-d68c3a4ac0e8,0.1752,link
6b4c8ea7-39bd-4651-a3b2-f38f27b89b8c,3cb088bf-731b-480f-a50e-078d8163d37f,0.1589,none
273ccd82-45c1-4251-a8d1-3d082e9a768d,c9f8a645-763f-42c4-8833-0f300069dd42,0.1646,none
b5b3049b-39e6-48fd-a892-8c5bdb9f0fa7,c9b0de39-2e4f-4d8b-981b-e876c2b2d733,0.0925,link
9aa24ce5-658d-47ef-9096-e922905254d8,db4f699b-e39e-42d2-90b6-86ca9ad2724d,0.1248,none
c4122615-cb39-498a-a5d6-c20faaddd036,e64b7de9-436b-4dd9-87bf-4538f1361bc3,0.2452,none
e17add09-8fb8-42c4-b193-e0d478dc4bff,8692f8d8-004f-49c5-add4-eb81753024fd,0.1251,none
1f1e6d62-f4fb-481e-9aef-732ede073f65,b992a1bc-e3a8-4837-9d63-3b23a6651d9e,0.1296,none
5a3833de-a06d-4d2e-82f4-db026eac2f1d,5ff7ef46-1fde-4650-a3e5-49b053082843,0.1316,none
8edf3d65-4462-4fbb-aae8-55c4a04c0193,270da5c5-1f9a-5fb6-a4c6-687ad3b3683d,0.1302,none
70b8db8b-861b-4cd5-a0bd-00944e1f2695,c426a4bc-ae20-42ab-9588-0cb8d9d8381f,0.1528,none
6288c3ea-1fdd-463f-b9ef-89948f5d5f27,4e2a8bda-9852-47b0-b1b3-bfc874d2e80e,0.123,none
465e565a-76a4-4292-9e6d-75fa3bebd96c,a1e0f7e5-5f25-4412-b8a0-b17958526399,0.1544,none
4317f869-3124-4c27-81b5-faba867cb6ea,19cad0eb-d411-4075-9f67-e9e1b96b6a92,0.138,none
e56616af-22ee-4ad4-86d3-49d4d7f9b520,19cad0eb-d411-4075-9f67-e9e1b96b6a92,0.1366,none
e7f83cd8-ca8c-4fdf-b912-a060cc39f311,2680703f-a3b3-4be7-8104-19a0acac643a,0.1677,none
3b3b69de-2f77-4005-8672-bebe900db967,7c14c08f-3934-4eab-9f8d-f9add6773a72,0.1168,none
458d53ec-54e1-4e7d-989b-42709e853293,d94178cf-8b1a-4f0c-959c-6ba2c472a6f0,0.0967,none
3919eb03-e05e-4f28-ad0c-e3a0fa4dcd51,7877b807-727c-5912-add5-9e367cddb56a,0.112,none
c852c3f5-6580-4cda-bcfd-b038c143ec16,c19e4949-a076-406a-a3dd-f35429e79797,0.1542,none
2b40128e-762e-4dfe-8c99-8aaee8b416d2,30ef8b64-4533-40e2-ab61-df3534d57ace,0.187,none
22d7923d-7ad2-460d-b3e0-372b0be0f230,d94178cf-8b1a-4f0c-959c-6ba2c472a6f0,0.1617,none
370c53b2-ba17-4c1c-8bd6-067d4fbe4207,ea10389a-878c-4519-90e0-7e72fa2a22f7,0.2362,link
f617defc-29c7-4174-aed6-15866101cca2,a467ae3c-1d9d-4917-9b49-19d6fb5cd37b,0.2016,none
6e2f5ea1-bfea-4cf2-b152-e7228168d65f,2d343a87-3c4f-4e31-88dc-f507252b3d1a,0.0866,link
bf9e64d3-ca91-46c7-a2db-b9eb45022248,96f5c0fe-f649-4083-ab8c-ca62f82d6ad9,0.1636,link
4b0cee45-6365-43ac-b6d4-89e7b9f988c9,18468cb8-e4f7-439b-b826-a1ea0c96d6d6,0.2818,link
c7918899-3d8a-40f8-9550-15413afaed4e,8efa5860-6ef1-47d3-8385-1f4d2121bb73,0.0538,none
f9f6963c-0ffc-4cee-ad0b-a0a9a9eb82ac,e0ab272a-69db-4efc-b241-6ea51b30edc4,0.0469,none
f98bffca-06ee-42fd-a038-753ad07d52c0,985ad98c-02b9-4773-aafb-824a31c427a9,0.1665,merge
eb86a67e-2501-46bb-879d-af71a4ba4c6a,e30dcf9d-4e06-4ff0-9c7c-9c9f47add0bb,0.1482,merge
7dee0a8d-d11d-45a9-9a80-30486c37d255,ed02e0e0-c9d9-4cd4-8b7f-ad6e6a2d0d31,0.0793,none
1561ba71-eb03-4344-9658-bd4d1cad2e14,dcd4a6d2-cf34-42db-b9d0-16b6db773db7,0.1272,link
d469955a-69fa-4df3-a272-bfac76cd854c,3d083986-4886-4975-a855-2d63c5267575,0.1881,link
2d912ddf-d613-4e6f-9ef0-f4002dbd7fff,e9b9b178-4bf7-44d9-b0be-e5a0d18ba629,0.136,none
516cdf32-f5cf-44ec-8f7f-d68d2b31e7c7,29e38cf9-a13d-4be5-ac93-288e937fc5a2,0.1716,link
c130e14e-fae5-4a4e-92b2-a81d7aab9784,b2beb571-939d-4066-b408-d683e9257f8a,0.0971,link
282d54bf-8e20-4e12-81e4-a2eea10c31a1,5353176c-8988-4113-ab77-b96e466d1e76,0.1502,link
26e4b38e-0859-4551-a953-5e6b1f1d60ae,c5dea554-d8b9-4574-b36c-65ae51ce69e4,0.074,none
087cacd6-88df-4b16-afd1-0ea959c95f7b,5353176c-8988-4113-ab77-b96e466d1e76,0.1028,link
61c09040-2baa-4435-b8e5-9ffcfdca46aa,3fc7e644-ddc8-447c-8e27-5c7e48a1373f,0.1518,none
85a45a80-9d6b-40d6-aa60-d3a0324e98bb,b2beb571-939d-4066-b408-d683e9257f8a,0.1597,link
7d7aaf4d-e2b7-4d10-85f9-eeca469c286d,64c91386-c7f2-4023-b574-d1d112fbe833,0.0854,link
3b1377ae-8719-43a9-8f6f-a4972639535b,5353176c-8988-4113-ab77-b96e466d1e76,0.1022,link
10a44d4e-a74e-440d-a6da-c1101ee16ecb,ac106ab0-5d89-40cd-a1a2-20c79891c3c5,0.0831,none
f0f9ce9c-4fa0-4615-a4e6-0867908cafc6,acc916a8-fb51-4b15-8e07-43cfb442ad83,0.0967,none
88416e8b-3612-472b-b53e-fbaac2155559,dcd4a6d2-cf34-42db-b9d0-16b6db773db7,0.1165,link
b6ea481a-acd3-447a-ad9a-e77e56fc13cb,5c2dfa41-64a8-467d-a83a-c59001f82d2b,0.1341,none
3be8216b-fa1b-4f53-8060-363843b8922b,8758c0ad-0edd-4312-b299-59708d068956,0.1169,link
d44ec926-c3d3-4860-a851-af53371de8a8,ea10389a-878c-4519-90e0-7e72fa2a22f7,0.1392,link
9b02f447-382d-4230-af58-c5ec62f2da80,96f5c0fe-f649-4083-ab8c-ca62f82d6ad9,0.1114,link
0e2c6c8f-f173-4acc-8698-da8c1c70cc23,dba2910e-e046-46ae-8aa9-5ff56b8f61fa,0.0882,none
8e0571bb-924a-4573-8c9e-0d69f79070be,985ad98c-02b9-4773-aafb-824a31c427a9,0.0964,link
bb560373-ca58-41fa-94e8-2f6b0be37dc4,86c00515-1c2c-468c-811d-a22696074db7,0.1098,link
93d4970a-b3a6-491e-9ad5-c8d1587357ca,b2294e63-db27-4d6b-b5cf-fefbe1aeaef3,0.3702,merge
91bd974e-ad46-4f68-8900-2379a2fe9309,c0f241e7-1686-4306-9892-413530ec0aff,0.149,link
34ee9464-c7c6-4fa1-888c-8ee5f1033f7c,c4b58b6f-c73c-41cf-8847-1ba6c7f5211a,0.191,link
f46a0ab9-a3a5-44f8-b0db-db75d22fd530,1631cc09-ea6f-4989-be4d-891ebb4c4806,0.1214,link
7388936f-2f42-49ca-899e-84b9aaf6d19a,0eb46a01-ae52-4fbc-aeff-d81b6917a5d6,0.1458,link
9fc28c12-c3d1-475a-8e20-a592881e9e29,606272ee-5682-41b8-a57d-07b627c3844e,0.2161,link
051cd0e5-37cb-42f2-b44b-8f2a3fc74839,d572e5f8-8636-4e7e-95d4-0c9081e84214,0.1713,link
a0e56f0a-b955-4ad4-8e65-e171005ea0c9,0bb35498-b668-4359-8236-9d16a71c1491,0.1443,link
2a71a75d-36c4-4cb0-8bd4-7c662418a472,d791cb00-2bd7-4854-a145-fec7714ce90b,0.1996,link
66d19651-d395-4600-92f0-b3f959afb2dd,73039697-ab4a-4325-840c-ec44f836862b,0.0682,none
374e905e-f584-4d6f-8550-e80fd2c81c42,2da16a11-b9a8-41b3-8b7d-feeae9a24743,0.1128,none
51c76ed1-81c8-4dc3-9d1b-bbf60f82a5cc,f8b2cfcc-a4ed-40da-b514-d75ea47b3d3e,0.0581,none
0b469101-6b96-42b5-88d2-2aaa6d7a2390,f8b2cfcc-a4ed-40da-b514-d75ea47b3d3e,0.0628,none
24aa12d3-7c77-41ee-91ee-3dc07298573a,b1870bc3-819f-48d6-a4f5-7642c7e0cd72,0.1327,link
5be7a229-eaba-430e-a04a-1960da971e4d,6dcbbd91-d370-44a5-8e21-1d851af1d342,0.5473,link
2dd0f07c-a593-4bbc-a41b-b2be8981dcf8,9feaf2f1-6ffb-4499-932f-c88ce6ae86be,0.2168,link
8005fb73-de0e-4ff4-a544-523275304e19,7b6c6e1a-65a9-4f75-ba54-9cee9abd19aa,0.2938,link
ed349ccb-1066-458d-bf0e-1821d6e88d53,4f425eb2-eeee-44b2-8052-9478b1b5aea7,0.1909,none
c3489c04-8291-4133-a2d3-6240e7560312,de15d26a-b9a3-4a8d-b02b-ec1a2b67d0a3,0.3463,link
ccf91647-0971-49ac-9fa6-e2cec8ce054a,6a8a5789-5f7c-462d-86ee-21519f82fa92,0.1657,none
1c2b0017-db86-4f46-b02b-9f65a9929c36,b81b114d-c8f9-4224-83fb-dac6355781a2,0.1827,link
ab5bb58b-0e50-4cff-ae8f-699d5c323c92,fdb250e0-dcd5-4729-8307-b3b01febdb4e,0.2178,merge
281c9306-dd0b-455d-bb6c-430d9957b688,b55b9cce-ec75-40d0-a8aa-6669155db8f8,0.1936,link
2277d79d-c131-47bd-8ec5-ee50cbc41262,af284175-52d6-497c-a5ab-2ac4d3d492e4,0.1948,merge
bc2d2196-0a6a-41d7-86a9-f5477b28fccd,d0589965-6caf-494e-bd81-cd7e060cc8ca,0.2354,merge
d29d5d27-e78d-4cf2-9fd2-b3d8559bce31,65003a4e-ec50-4eda-b7d3-4df428235f9e,0.2524,link
cfdd15e9-be2d-4b06-a317-da0d9eded57d,2ac52c54-da5b-4dca-a5f4-f0b96bdaf101,0.043,none
b55816ef-b5c0-40be-8cf9-8edbc6a527bb,ca4ace8b-cc3e-42f4-8c38-8c9c0627fe2f,0.0554,none
9d81e0fb-8959-4df4-92e5-a728da5a3479,54f44922-0410-4d88-9862-b111627c1a97,0.0984,none
ef432f23-223f-4416-a0c5-4f4ee85d2230,a9b52ecc-7fc4-4287-bdbb-b5829eecb69a,0.2134,merge
897af0df-84bf-4779-a608-122120946e8e,9d8ed7aa-0fd8-4f9d-a2ea-74a5d5d6be9b,0.212,link
824be973-ea25-4fe8-bfcf-bcd3a386271e,af27bd0c-c4a4-4cb9-a2dc-ec09b85961d2,0.1831,merge
b417c201-01bb-462d-971c-b5854a0f6a68,6dcbbd91-d370-44a5-8e21-1d851af1d342,0.0834,link
01110c89-8a06-4c4f-9427-8e172e213158,0cddd208-ddca-4792-9724-a702b91c4cac,0.0836,link
1cd99731-ef55-46ba-9c18-7ae8e8d2ecf8,39c07fa0-13f9-49b0-97d4-6a2f61ec4c2f,0.067,link
b78de4f4-b40d-463e-bab5-16dd838fc078,ef1e0f4f-8f59-4408-b959-2c0fb95e47b9,0.1705,merge
632d0ea6-60cc-480f-8e4f-f11f9f9e9c61,5353176c-8988-4113-ab77-b96e466d1e76,0.0946,link
1069ff37-8dc2-47c7-8cd3-65c14e441250,0c688fe4-2704-44b7-9c99-2d7c8ac7a1ff,0.1511,none
d32bee00-b8f3-4fa3-a613-5cf1f12aa083,367b519c-05bb-456a-b5e4-4b01df5b20a0,0.104,none
4ad1a023-88da-4b4d-b9b4-06a6b76867a2,5353176c-8988-4113-ab77-b96e466d1e76,0.2212,none
013f5e74-eb10-4b72-b9d6-fc5e8383347e,aa61cff3-9481-44b1-84ae-65244fc40d94,0.1341,none
3de5f170-c223-4065-8922-aca1dcd119d3,586a6f5e-9e3d-464b-872a-69884d9c24bc,0.0713,none
e5f352ff-a605-44c6-bb9e-84ec3fa29e16,9feaf2f1-6ffb-4499-932f-c88ce6ae86be,0.1989,none
98eeb385-fe1b-4d79-85d5-bd0106192cff,2b6e7906-96e8-445b-8545-cad9968061d4,0.1918,none
e145fd03-b59a-4a9c-ba7c-ba19c7d0105d,2bd953ff-4a08-4f45-bdad-93c288c262cd,0.1223,none
0f6270cd-5f75-4841-9fab-85eef953bd8e,a0b46a6d-6250-44a1-a088-0b1561c322c0,0.1947,none
b4dd111f-faa5-494d-a7d8-d458737028a1,970d546c-18df-45c3-ae86-424d4f68747a,0.1059,none
5b0899f0-dbb4-43ad-93e0-b1401f09c216,d61bad7e-37ce-44dc-97a8-c0d215003a7b,0.1751,none
56b50331-e0c7-4b65-942f-13eb584fa50b,a9107a34-d51a-439a-876e-ad092a7dc51d,0.15,none
c892ca09-7c9c-4cd9-92a3-2d1602238827,3f46c380-b352-4d94-b6b4-4d57b3d6593d,0.0858,none
3c225adf-efc6-4b63-af17-42b8e5473764,10ae9cab-0fc9-5585-8b12-01a90fb6f4e6,0.1689,none
1085d4f3-36c5-4f7d-8024-34a1f6e8e5a0,296472ef-0ef4-42f9-84a9-d19adcc1e045,0.1536,none
37e1e445-0190-458e-ac8a-16cb9f2799f3,992c506e-56ea-4770-9424-089e4b5fc126,0.1399,none
315f3137-436c-4a5a-b991-0e504d1d67f1,c1006238-0414-4141-859e-2dd33f9c78c8,0.1332,link
18d4252d-6715-4bc1-ac8f-27f53440c653,86d18136-a09a-4731-b345-dc2191063e00,0.1948,none
fdc10739-9229-4495-bdee-f8534484254a,6babf56d-9986-4fed-84aa-ccef6ec52c3f,0.1887,none
d400a6b9-d084-4692-a9f0-7c7bb8064746,2a01f8c5-d1d6-4722-91cd-b13648f86cb4,0.1606,none
d1feba2c-bfed-4b77-8467-82e844079298,ece738a0-5d14-4621-88c6-0281a43c3bf3,0.1363,none
e0a1ecaf-ac3c-4a58-8386-fea7e6103f45,f3d06266-e2c4-4544-8d7c-833abd5515a9,0.1226,link
90e769b1-909f-47a2-b437-a06505988ea8,6f1948fe-6b46-4786-befb-65b69ebadad9,0.1686,none
ddc9b9eb-93b8-4ab8-93de-d467451cd796,aa0a9660-7dfd-43ff-9acc-aac0f86fe000,0.1365,none
4565def7-c0a7-4c1f-9520-3d767ab12efa,b24dd41d-58bd-4439-968b-b85974004a2c,0.0986,none
f2c6085b-8173-4dff-b071-4320e31bf65d,41a6122c-364c-49da-9e54-c43dbbe16b3f,0.2024,none
d2786fcb-4b9e-4e97-b5b4-3da940fd78a1,1c52f470-92c1-4461-a7f8-efafabb13dca,0.1299,none
c0151c49-c4c1-43fd-bc49-187b0b01d846,086fbe9c-572c-407d-b43d-c8c0fbe3b1b0,0.1645,none
b7ce9f9c-3821-4c09-85c4-27a31255e973,c403e589-7d09-47c2-ab54-b5924dfecf3d,0.1199,none
7d4be021-4041-4c95-b0dc-fca2dbe7a44c,f3d06266-e2c4-4544-8d7c-833abd5515a9,0.1291,link
5f7f62dc-952c-49be-babe-50fdd8d513ba,f3d06266-e2c4-4544-8d7c-833abd5515a9,0.1108,link
9161f630-b693-482b-9817-ccc560534ed7,14b3bcdd-1892-461f-87b4-a201d1f0146d,0.0963,none
19f534a3-51ce-48fb-8fe1-9331b3ba6566,73250cd0-5cb9-4ee3-af87-b535c1f82359,0.0801,none
9498a4e2-fea4-4f47-91a0-cef6467f25ee,340c2d51-1e80-4418-af07-4ed9f94e640d,0.118,none
d3af5dd5-3082-453d-9f5c-25ce68f4cbbd,3d6bdcb3-c1c5-4338-8fff-80322d255336,0.1598,none
5af7a865-2a94-4a5b-82ed-bd6def65623f,dba87422-9ea1-4978-9319-dbcc8efe618e,0.0919,none
3d621119-2298-4964-8a08-8b0be9d4f929,64f89c91-7468-4b88-860c-8c3d61739ac8,0.1119,none
3946e504-47c6-472e-b485-ba15a0e71632,49fef11e-5aa9-4838-bf20-04a5ef074326,0.0945,none
2a304c60-70a1-4718-8fc0-ee5291ba6c16,587e5f4a-6ac6-4cce-98bd-72fcb983bcb9,0.083,none
845fda23-4e8d-441a-aba4-b0c126b2209d,898f07cd-3fef-4342-b132-21522dd4224d,0.0827,none
b7095bb9-cbc7-4ddc-8363-7ff30d07a60e,73039697-ab4a-4325-840c-ec44f836862b,0.1806,none
add81d18-1339-4b25-901f-3301103378d5,d4401a2b-31b7-4919-bcf6-b7402345a6bc,0.1068,none
569432f8-a030-4c7d-89ec-f1a9766343ab,881f4844-4552-42ee-8d55-718b24e5ed2a,0.1533,none
bd89cd8a-cb5e-4d61-ac2b-f42df0e6dedf,cd8739fe-3ac7-4f83-8c9e-3123eebcc488,0.1215,none
3cb1e9b6-f558-4140-a930-19a9b0cfaed3,bd984cac-1437-4a4c-90d4-cce9231f9ac9,0.1886,none
fa705b21-1429-4609-bbfc-cf938a7670e5,b2beb571-939d-4066-b408-d683e9257f8a,0.1142,link
8a649c89-f262-4d2d-b086-aed9c7244496,f3f67491-3773-48c3-a872-d980fff7f328,0.1039,link
b73826ce-5bbc-4b0c-86aa-c90afa7fb5ca,12b34dd9-c91b-4470-8a23-c0610d08ac8a,0.2252,none
9bcd40aa-03e2-4f58-8ecf-fdcb66ab9b55,881b7966-b65b-45af-8227-2e4709482abd,0.1286,none
0ebcd64b-2a0f-4a0f-a0e2-e705c6ff1ba3,2082b2b5-cf15-40bf-9883-75ea60257f1f,0.1348,link
9eb2a9e3-4698-4ec1-bbbf-97af5f47b29c,41261db0-5e95-5198-ae17-0e905db9ab53,0.1371,none
02168ff6-f4fc-4485-9e51-a9a2c5a278ba,b2beb571-939d-4066-b408-d683e9257f8a,0.049,link
8fcc87e0-a211-45ed-ab67-3253fbfb88c1,0cddd208-ddca-4792-9724-a702b91c4cac,0.1743,link
529e94a1-0da6-47c3-88e6-8003678852ff,30f13530-0419-4b48-890e-0812d8e5b78c,0.1709,link
723328ea-9a1d-478a-aa30-b59e1c7ac01f,26953ecf-5c63-4260-9c41-70ea372bbabc,0.1084,none
303f7dba-aaa2-486b-a1dc-b358a03528ad,29e38cf9-a13d-4be5-ac93-288e937fc5a2,0.2003,link
2ecd98f3-b6c0-4845-9199-c62311e9cfff,d680bd1a-494a-4eca-9bd5-2f02ed207b97,0.1274,link
84bac00d-33a7-4991-9fa3-0e865a8bb9a9,b181a079-edfc-4495-847a-ec1c50106e02,0.1391,link
6aef60de-a233-43bc-9b1d-eb9a7e62995f,b181a079-edfc-4495-847a-ec1c50106e02,0.1311,link
9a83ac15-ee2b-4896-aa72-afa61ca93251,b181a079-edfc-4495-847a-ec1c50106e02,0.2116,link
75a85786-4121-403e-9ae9-b1595e86fc9e,f4a5c60d-fb19-475e-bb93-e970cebe1cc9,0.1611,link
8c0b655a-3124-4c82-ab98-85d82ba49af7,936d4871-8b74-46e3-9886-1b219eda4de5,0.1176,none
9a49a6e8-f6c3-4184-991e-2bec8e06d842,6bddbab7-7bd0-4b9a-87ba-8f5e2e404d0c,0.1419,link
a3a616fa-3f40-4286-904b-c60963e1bdd7,b80d43a0-965e-4ec9-8902-9fa9ddc70066,0.08,none
a5f0dc87-1d7c-4392-86e4-8d779fbff492,2d1881d2-a327-4dda-b910-66b8e2aeebb0,0.1954,link
c07920ce-36de-4698-b9e9-e841ae55b8f9,51550913-cd3f-4a99-a023-e068ec447876,0.1154,link
f3ad22c4-1c53-4c71-97f5-83da0e5d7597,a5817f16-ac5d-4b15-8453-5531ba0db135,0.1646,link
f1256520-596a-4d06-82a7-dba0b81b3b72,2fd5359a-947c-404c-80e4-2112f56869d0,0.1871,link
4fe87223-93d2-4658-95bf-31391b47ead1,41953fde-600c-48fb-b0ae-e54da8723004,0.1302,link
f188c90d-989b-4892-bb1a-0db697c4aa9f,9feaf2f1-6ffb-4499-932f-c88ce6ae86be,0.0988,link
2afd31af-32b1-4d73-a99a-982cb7ebbd86,94b0a726-a299-48cb-845e-8a84116ce9d7,0.1927,link
45ca7150-cce9-4e76-9b35-67cbd0d29798,988db779-dca6-453c-89c4-60c4718fd689,0.1307,link
ee9b65ea-3a1d-48dc-8174-9541e5bdb6a4,3b30d5f1-cd08-4d1e-900a-8497cdf6fc0f,0.4092,link
c01f72ed-a3af-42a3-8769-c3157d0b0060,9f33e634-f86b-48ed-baab-e2b92086c67f,0.3048,link
10e556a7-72d7-489f-b5be-c364a2bd992c,785210ec-2d44-454b-b693-5f9f4eb1fbb7,0.1093,merge
278309be-d2b6-4b8e-8a90-fc50d8b851ae,262998ad-0d25-471c-ac62-cd86cf8aaef1,0.1063,link
68609d59-2c28-4d82-96cd-16b295071029,c9820c68-b237-47c7-9295-9c9e4d750a73,0.097,link
7257264c-6498-4ffa-880e-af5987df0fb9,5353176c-8988-4113-ab77-b96e466d1e76,0.1114,link
dc305eae-83ae-4ab0-85dd-d65f07f6e5ba,8a5a2644-55d4-4eb2-8914-5efddba3a7a7,0.1988,link
ec7eaf36-11f2-4a57-8c5b-ba1dc62dfd48,6dafc2ce-bf54-43c4-bd7a-f528433ebaed,0.1848,link
7c0da82e-b376-4f39-ae75-ff12a00cda3a,1514c140-6529-48ff-96c6-15c32aeff9ca,0.0818,none
c75c2ce2-7aab-49b9-9e20-2425f6105dc6,ff42973e-f8af-41cf-9a91-0360b07847b9,0.1115,merge
58c6aee9-d4f1-4e30-980a-7881cdd3b3c9,c5dea554-d8b9-4574-b36c-65ae51ce69e4,0.0601,none
f5c9130b-235d-445e-a5a1-52d2714315ee,6c54fbfa-d8c8-406e-ba80-03c51a53a41c,0.1822,none
4aa54e01-5c05-48ce-ae8d-818574e01e96,1cbb6135-8451-4ff9-9a80-857b9333b8e3,0.1608,none
4106e6c8-417e-423c-b5a5-49c99ae7e91f,da690792-5aac-407b-88ef-e04f20d5aaa2,0.1844,link
79ca2d32-2d32-4c40-a02f-ebbcb5eeb0ec,9e6bc90d-4514-4487-8e15-a03c2bfcb8f3,0.1376,link
ab22a9da-835b-4c87-997c-0b57e0cc3b34,98c77789-b386-4e09-8fbc-24babefec18c,0.1045,none
23f67c94-20ca-4d1b-b67b-b350ad0851ad,af5ebab1-8906-430c-a777-fb7b75c5893d,0.2171,link
2355ad50-9fad-4236-954a-d414e889c5d7,3d083986-4886-4975-a855-2d63c5267575,0.1317,link
25f55251-64b3-4cf9-8f6a-e4e58ce7a42b,65003a4e-ec50-4eda-b7d3-4df428235f9e,0.2352,link
0865c520-0323-4abe-b2b4-ffbd869f68b4,f5d9cc9e-c667-4457-806d-3aaca5b1b2e7,0.1775,link
284471c4-e70e-4f1c-8a0d-10b35fd0ebb0,8758c0ad-0edd-4312-b299-59708d068956,0.1199,link
9bf00c1b-a897-4911-a113-a366f5c434b6,38d9172f-c69c-4507-b843-e411e69c4839,0.1978,none
890a018f-ea66-4aa1-bc5d-8a726054dff2,eeab9bed-bd05-4fa7-bd1f-11d74a332e5c,0.1494,none
d2671e98-e2f7-4af5-9296-dba840a17d13,c594cfab-d649-4a57-befe-e38bff55a471,0.1115,none
26b0d2e7-7a34-4730-b19c-d8890c16ee79,f18b3478-37b0-4e72-bdbe-307d964c2c1f,0.1074,none
51e8dfb1-abac-4bf6-8f61-7edb38e802ff,108ea2f2-86d5-5291-9e69-7fa4674b9651,0.1126,none
2da37ae6-bbdb-4162-9e4a-c8a2fa76f0bd,694769a6-0042-430e-9c68-fff4f8072bc5,0.3063,link
a54f026c-deec-4583-8dfb-f08773ab5741,309082b4-c630-47f5-b230-1adad2538036,0.1125,link
1eb473de-82da-494e-8f13-502595a2fa7f,a7316343-5e6d-46c2-82e7-38a96322a4b9,0.1189,link
63c403cd-29c5-4aa9-a63d-5717f111f186,985ad98c-02b9-4773-aafb-824a31c427a9,0.1378,link
8a30a865-2ce2-440e-aee1-8108cba0f65b,985ad98c-02b9-4773-aafb-824a31c427a9,0.1357,link
a439ee12-6b8a-4859-bd50-b0e3555375ba,2ac52c54-da5b-4dca-a5f4-f0b96bdaf101,0.1131,link
2fcc0667-f635-4b0d-8942-e414bf168eab,e30dcf9d-4e06-4ff0-9c7c-9c9f47add0bb,0.1226,link
416ff1bd-b97d-48e7-9385-29be67582f43,ede2bc59-7095-4ed0-bde3-cc81e89fe763,0.1448,link
4c535256-6c22-4cb6-a74f-ae6c7660048c,2ac52c54-da5b-4dca-a5f4-f0b96bdaf101,0.2091,merge
3b1e943f-3519-4ccb-9695-b4b5c5a2b7b0,b082926c-2358-4143-95cf-5abc7a84c34e,0.1239,none
c0d17ec9-6485-4f40-a525-62a00f15682e,fac76d72-cfe0-48a8-9b8c-f394f202ccff,0.2672,link
95978d18-8ee8-437c-86c0-2ef149f7cebc,44ced20f-026b-45dc-af3b-ada3648e9aad,0.189,none
200bdddd-d46a-4228-83dc-96bd90477e91,dcd4a6d2-cf34-42db-b9d0-16b6db773db7,0.1029,link
4c4f923d-ac73-489f-ba49-fd13b80b28e6,a5b918f6-fcd6-4595-877c-f96284a095d0,0.1485,link
a7550678-0b20-461e-9b88-6ba2e59e81ed,14af5f24-fae9-495d-b64f-2728c87cbfe1,0.1646,none
9516cc42-e26a-497b-ba4f-5c30a4065051,d08b1c0b-8cad-4215-8f8d-1e6a54dbebc4,0.1104,none
2a004e0d-8766-4aaf-9398-103fb16dcf69,bfb0c8b2-d0c0-47d6-9fac-3e0f69af6c8f,0.188,none
eacf539b-9020-4b88-a76a-87b96ddf6797,48a1e7dd-4650-4727-a8dd-d9a2794f4f05,0.1558,none
2982a976-5e13-4751-931a-54b80c2a4c18,ae19d03e-4ef5-4520-be92-31148a173fd4,0.1354,none
371a9e96-a2e8-4bd6-b283-b3e5e710c012,9eb8e94b-0f2a-45a7-84db-43d3a7e55a44,0.1428,none
3b52f676-666a-4c2c-b2ed-e189b7cd7163,554f8717-9714-4397-a62b-194208c1ee32,0.1254,none
56ee3896-435e-47cd-81f0-bf84c17afbf6,992c506e-56ea-4770-9424-089e4b5fc126,0.0952,none
e2ca8690-f0b7-46f1-b8b3-1e91a62dab3e,a9a7dcf9-dcb7-4b22-acc4-d09e5ba6a5a8,0.1544,none
d5c49809-0dcb-4803-9ebe-60b6206b7d50,5c2dfa41-64a8-467d-a83a-c59001f82d2b,0.1204,link
6291b586-e756-446c-9be1-958522a26257,2a31a839-56e7-4a43-bb77-53d39d897086,0.1556,link
1594d42e-b3df-480a-9e82-fb319ecb535f,6441ba3c-7438-45ab-8381-46182164dd7b,0.1417,link
411fa9f4-aa83-41d3-b708-26eb3a3128df,a5878594-b33d-421c-af5a-9fe85271964a,0.1398,link
f7fc76f4-71ee-4cf3-8284-f8cfde997f78,569cf8e7-95a8-4304-9d79-60d0a7852168,0.2212,merge
3c70ffe5-b1dc-4f3d-9ce1-9ce56d92acb6,569cf8e7-95a8-4304-9d79-60d0a7852168,0.1368,link
45cc6107-40b4-4fdd-a604-fef9e79e7f3e,14281d27-eef0-49d6-be3b-30cc7ec4cfdc,0.1373,link
f4d32435-4c7d-4aa5-934c-7634a515cc73,d07f3e12-d88d-4c21-81f0-f160c5b4d41c,0.2379,link
770bd6ff-cff7-4e7d-abab-3a3dcb47ba66,812c0d34-81fa-4085-9700-aadd160fe8fd,0.1305,none
efe70f8a-b2e8-468b-8c72-60a89b57fd17,33dbe517-b264-4504-af8f-c59a9d1571b6,0.217,merge
7a51b7a7-3958-456e-9311-c467be005f21,17b27a47-f652-401f-843a-ea5549e3a615,0.1705,link
cb2e84f1-7204-47e8-b776-18945e3d6513,a6d60647-a7a9-4f9f-b445-11eced491e8f,0.2078,merge
a4d57a97-7c77-4709-826d-15fee6b980a8,27f12d76-3ad0-471c-a478-46015e3b6ce2,0.1551,none
667e1603-aa28-4bcb-9c1d-cc0151bf8d64,587e5f4a-6ac6-4cce-98bd-72fcb983bcb9,0.1833,link
b415d2d6-ade7-487e-a640-985edbae5603,54136352-878d-4a03-a9e5-52963a9e7c12,0.1274,none
5bb5a20b-ae06-4021-8b9b-5bb4c1b1bf6c,7c7ea838-47da-41aa-b67e-da81881b77e5,0.1488,link
ce1319e4-aa0b-48d6-8d57-297dac3fbf22,fbdd1bb0-bdc6-4fd8-9d08-d730dcdbc0ac,0.2043,link
3a619783-b190-4883-85e6-805112c14cfe,7c7ea838-47da-41aa-b67e-da81881b77e5,0.1104,link
9090b997-7ced-42db-ae28-244385442765,8e6a54b3-8366-4a19-9f4f-520ed5288eb8,0.1072,link
790a4889-5f3a-497b-ab16-9226bab375f3,7b8672c9-5a4f-4d25-82f1-2c0acf4fa83c,0.16,link
9b09cc58-12c9-4e07-908b-9a37133d5306,06ab8ef1-a37d-4771-9b94-5d0aff2810be,0.1154,none
934ca60c-4ad8-45a5-a5c1-f702a2344fa2,9feaf2f1-6ffb-4499-932f-c88ce6ae86be,0.1376,link
3c5d3c39-bb31-4d91-a1fe-da59b225dbaf,2d1881d2-a327-4dda-b910-66b8e2aeebb0,0.1403,link
d28a2b19-acd6-4eb1-99e0-11863983ff95,2d1881d2-a327-4dda-b910-66b8e2aeebb0,0.1372,link
099c01d7-9534-4159-a23b-21fb0b20e9c6,7b6c6e1a-65a9-4f75-ba54-9cee9abd19aa,0.1231,link
17792a86-f4a0-4ff5-8be0-541436b643d0,fcc5ffaf-743a-4d29-a44d-441e2682c3b8,0.0812,link
0c8ebcf2-8c15-405c-a626-ea8052864850,6d8ca0af-3f52-435f-87d4-e54fbc065ad0,0.1805,link
28d9b23a-0e9e-4703-986a-05a5e607e2e3,0c0a3c2c-d708-4f52-b975-c499a801337e,0.3446,link
35aa5062-15af-4af4-9040-dea407cc185e,4b2bb891-bed3-44c0-a369-9f36a48a330c,0.0984,link
930087b3-51ec-45cc-a22c-e8133fe9aa42,ef1e0f4f-8f59-4408-b959-2c0fb95e47b9,0.1595,link
ff4cc474-ea5d-4f04-b73a-4938cce44377,df2dc505-e116-4d91-880a-748a2a42cb8b,0.1635,link
613f1a67-f450-4ce3-86d7-b60c12b6a09e,2f1308a1-27d9-41fe-847c-873ed5453004,0.1691,link
e59c5f4d-f8a7-4c7a-abd1-621e0707517d,96f5c0fe-f649-4083-ab8c-ca62f82d6ad9,0.2307,merge
c38de981-e093-4e7b-9ca7-74452750e3c0,ede2bc59-7095-4ed0-bde3-cc81e89fe763,0.1734,merge
fb62e18c-4009-4591-ad95-d9e694023be5,00b4bac8-379f-47a7-b12f-6ef28b17a0c0,0.1464,merge
97583ae1-f7ef-479c-aadc-04843cfb43ba,3bc1af2b-e088-4a0d-8129-8e756a95968c,0.2189,link
1864dc82-4229-4f22-9ca9-9d6944682c1a,0c0a3c2c-d708-4f52-b975-c499a801337e,0.19,link
70e502cf-d2a4-4ffc-b826-6eb0888c3ac4,781e58a1-2afb-4f76-b3e3-c8b1fa897f56,0.4513,merge
215670e5-b73e-41f1-9825-c7b04f0f21d2,30ef8b64-4533-40e2-ab61-df3534d57ace,0.1226,none
bf095f4c-b15b-4f11-812e-ce0b2a9feae0,e79dc9d4-5d78-4dbf-8bdc-e6881056a78c,0.1646,none
778e7920-e6de-41d1-b24b-c637379a7b8e,2bd953ff-4a08-4f45-bdad-93c288c262cd,0.1187,none
1d11fdd5-f3ac-4dbf-95dd-47e22a23ba43,2ea12786-ecd3-47fe-b8e7-041a2e3a38b5,0.2535,none
7eac723f-27ee-4376-84ec-765495e37a58,8f911f9e-c50e-45d8-b782-98001fdcdcc3,0.0693,none
9b9d5772-6678-492c-bcd9-0d2cddf21a00,aa457326-3bdc-4279-8aea-317683fe7c79,0.1833,none
e6ead034-c345-4339-8e96-e2f36e7070e0,8c8477f0-3817-4734-a53e-f3f95a0b53cb,0.1057,none
27637e78-b95d-4586-afed-090fb255469c,0c688fe4-2704-44b7-9c99-2d7c8ac7a1ff,0.1582,none
b2582fa6-6523-4bf0-8e63-8d5d5850ed3d,367b519c-05bb-456a-b5e4-4b01df5b20a0,0.1033,none
37151c34-3fdc-4747-9eb2-c6293e273de8,1bd84c4f-e858-4de0-a1f3-ac013370c7c6,0.0614,none
e5f0d6f0-0d6b-4bba-b1fb-69fedf9fc182,554f8717-9714-4397-a62b-194208c1ee32,0.1178,none
4fe12c44-7190-413d-bcf5-0d36db76f9b9,45ccf53a-8098-446e-af7a-837c574ff62e,0.0889,none
521a237a-15c3-4d01-9da4-d5646904d862,944d9ba6-f097-4450-aae7-09337e3dca18,0.0817,none
9632a8f1-14c8-4129-b5c4-17b1bc4ce054,2d18c966-b531-4be3-befc-3acbfa993d14,0.0935,none
92261aaf-17e1-4a14-8667-18353d0b5188,819db76e-ad6f-4907-a187-da18f160618a,0.0983,none
265c6346-f4af-4675-a8e7-4f1bef5e0db5,fc4a2ca3-1975-4dfe-8be6-20d2bb8c4f14,0.1258,none
40cb15b8-7e3c-45da-8a49-de32abd8e49c,c1495a21-a6e0-43ae-b21a-498e67607924,0.2294,link
865079c2-e984-42f5-84a1-22d01be07e77,72ed7973-761f-4374-95b7-c7d2d5124a74,0.2178,link
a92a5e30-83eb-44a6-b85d-af498889af2b,19e8cf3c-9b9d-4282-beba-4b40138b13c6,0.1742,link
15199c27-8c0d-45d8-a7a5-c548885cad58,b2beb571-939d-4066-b408-d683e9257f8a,0.1685,link
9de193a2-229e-4610-ab88-f4d749e58de4,fb882c6d-0c36-4c95-8b2c-61be544537d5,0.1598,link
2035aa98-95ce-4c89-8180-b6b9674dc542,b4a8b267-2234-4ce7-a291-d54a3677f20b,0.1371,none
e2729351-5ec7-4215-a37c-be149ed8548e,b5912550-7e49-4761-ba83-84c538e072ec,0.1248,link
4e5a5c85-5562-4ef0-a202-a9c6b93067e2,50b943d8-4ab4-4d9a-9d0c-6b3b94db85fd,0.1353,none
be7c5356-9fde-410c-a91b-d1801bb3e1d6,38d9172f-c69c-4507-b843-e411e69c4839,0.1972,link
3e502672-c5cd-419b-a249-8da303afed97,2aaa1ea7-9529-458a-8430-dff16e61dbb9,0.237,link
3c6e8403-8c77-4413-a725-98e5e5b7559e,547ffc81-84ee-4834-9996-25071ed68b53,0.1047,none
c027ffa7-d7c1-47a6-9393-ca199985bc3d,eac59391-53fd-44e5-991a-8e327ffef5a1,0.2284,link
97576eeb-8b2a-4172-8850-91206c331122,d37674d2-461e-40d3-97cf-be257b1940fe,0.1248,none
bafff464-71c0-41d4-b544-da8864d7455e,255ac465-fa9c-4d33-9022-c18cf18e8156,0.1624,link
55cbcad8-ca23-45b5-9f37-1ab0a8900fd3,34598a1e-14b8-4a76-8321-9d31aab4ccd9,0.1589,none
284972eb-41f4-463f-867c-708eccca73a3,34598a1e-14b8-4a76-8321-9d31aab4ccd9,0.1701,none
49fecf6a-5bba-40e9-ba14-15787e994653,45afeedf-2a96-459e-ad9e-e0e053862da8,0.1699,link
604474b8-c961-4dd7-ba1a-98dd978c88ae,ea47150c-9aae-467e-9d7c-4d3876ac097b,0.1286,none
8663e571-e885-4605-81a0-13927d88cdb6,c9820c68-b237-47c7-9295-9c9e4d750a73,0.1724,link
ed1302fa-d896-41ca-97dd-caaa34f419e1,47c47100-b96d-4bfc-a059-fdcd69b60b3f,0.0842,none
86b0f95f-6529-4bad-be0b-4ccb1d9a3d1c,26953ecf-5c63-4260-9c41-70ea372bbabc,0.1491,none
853eb6aa-c369-4d1c-8f31-277e0bcfe6c9,d8676948-90f7-4061-96e6-63459e0b3a03,0.2142,link
bf6ab91f-489f-4782-b0cd-681ef06500ca,711591c1-84f4-4da2-bb77-055b74b8896f,0.1418,link
b061bc3e-90ec-4851-8a78-9c448a40f09c,ed02e0e0-c9d9-4cd4-8b7f-ad6e6a2d0d31,0.1669,none
65a5bbea-2d45-4f11-9ec0-615393b59919,56673e84-6999-4284-9833-0973262fa65c,0.1126,link
5c864304-26d3-46b6-93c7-dff37075e2b7,9306924f-4be9-4238-8764-6ec578d0f90c,0.1704,link
677c132e-365b-4538-ac16-82261e233c8c,26953ecf-5c63-4260-9c41-70ea372bbabc,0.1558,none
2ce0d94f-f396-462f-b836-dc5b1652faa7,35eae267-9f12-46ee-80a3-17a6dd8f1f34,0.1119,none
b83d889c-0a7d-42b4-a05c-2133a5ce4ed8,306264ba-c7a6-4dd3-9fe4-256e5a25b7df,0.1049,none
b0271571-55f5-448f-a67d-366090d030c5,5bec66e4-7d58-4af2-aae6-4a886102afd7,0.3236,none
532e3259-7583-4d86-bd51-e75dc57426ca,93a593be-5519-4a48-a67d-a798ffe25ade,0.1733,none
8ff50cd8-0d9c-45db-9126-a1b0652bb0d3,5e4edb51-a0b7-4f1f-a55f-cedea1da73a0,0.213,none
a6e73118-55df-4264-8b48-0724262f02cf,108ea2f2-86d5-5291-9e69-7fa4674b9651,0.0845,none
1d8a40dd-e25a-43c1-9ecb-15c6ecff7878,feeaefac-b277-4f93-8dac-444539d7237f,0.2387,none
391f13da-e002-494b-b1b7-3b39cac0ca24,139cf6a8-c71d-4d3e-95c7-5fa061db4da1,0.2302,none
9190df47-7b7a-4d5d-88c7-e73d51576e4c,d43dae16-49f6-4ca9-8769-3daa434c0a53,0.1056,none
a594955f-048b-466f-94fd-93806d33ba74,2d1881d2-a327-4dda-b910-66b8e2aeebb0,0.1817,link
6f327cda-0fd5-4bcf-a78f-b76a4a8537cd,f0ba6d07-a0dc-4c9b-8740-64b7efd5b729,0.1208,none
01174a6e-4fb3-4209-ae56-8962534f9fb6,c9820c68-b237-47c7-9295-9c9e4d750a73,0.1715,none
a2c60ee6-8eaa-40be-8c5b-3a1a0848fe8d,dcdbfdc8-8bf0-4108-8f28-98572d60c3d8,0.1179,none
878f3583-3d40-4ecd-9fe8-c837f64c76d0,ea10389a-878c-4519-90e0-7e72fa2a22f7,0.1339,none
ae5f7360-8dab-41e1-94da-39bf5040e64b,2d717121-60a3-4fc4-8ac2-6b560295730b,0.161,merge
17c1a860-4379-4aab-b0fe-1c8cc4768b45,791fb72c-ad7d-4278-b670-1fc006d3adcf,0.4948,merge
614d6740-3db4-45f7-af1b-a474e4652f5b,6e1f7fc3-771a-4895-a948-33bf4359026c,0.1978,link
4b07c191-b7f1-4f5c-9ac7-d34eb60c9f47,06c80903-b434-45ff-805d-e4ffb3c49103,0.1039,none
af7e7d92-231c-4de9-b681-f63f2f34ea61,8758c0ad-0edd-4312-b299-59708d068956,0.1387,link
d0bc8865-d052-4e08-a2f7-8b9eeff0fe7c,ea10389a-878c-4519-90e0-7e72fa2a22f7,0.1185,link
164a991f-e87d-485b-8c87-5dcbf75d4163,48a1e7dd-4650-4727-a8dd-d9a2794f4f05,0.1629,none
14af446c-91a8-4b27-a8b0-c1c437953d7e,78c6fd7f-3783-4022-8923-d68c3a4ac0e8,0.1956,link
51d6a76b-b9b4-41bb-9e6e-3a64ba81442a,7d99596e-16e4-4f5a-adf6-7d7124f133d2,0.2849,none
fa54456f-ab49-4937-aae8-a97a0c5a7e27,6c54fbfa-d8c8-406e-ba80-03c51a53a41c,0.0615,none
59763f5e-5cd2-450a-8615-e382d3a7bb67,ab2cf901-4c48-4c65-8cfc-d3065b45d627,0.1524,none
76d2d502-80ce-4d87-91dd-0016ee817fd6,b50bf5cc-061f-422a-b375-441aa01f8f96,0.134,none
91b2edbd-8d4b-4e3f-8fa9-23445759718d,0cddd208-ddca-4792-9724-a702b91c4cac,0.0913,link
8682f138-461d-4eb2-bb77-df492fcdae20,bf39ca85-4906-4a41-b676-8cf291ef4087,0.1083,none
66a17fc7-08c4-4509-a52c-3c6f9c5f320d,73039697-ab4a-4325-840c-ec44f836862b,0.1332,none
6c109dac-fde2-4e68-93e3-ff0af3c50713,da2f3c39-79d1-4aeb-8159-de03758d8d69,0.0872,link
53000b3b-1353-4daf-af1d-b1a1ae1919c8,425f1a2f-bb49-49c1-b380-db65de15658d,0.1491,none
086e7e65-b255-4109-8c0b-dc752515524d,2250cb45-a021-4b19-b648-4aea051339c3,0.2179,link
48b2a810-afac-4926-8ca8-c9f109504848,614f4b41-172b-4d57-bbd5-5655eff4aed3,0.2172,link
7d3389b7-721b-423e-8c81-ce2bd80c0401,c9820c68-b237-47c7-9295-9c9e4d750a73,0.1023,link
68799ed9-a972-41d8-91d5-51520c4ed21d,02a9b741-49b1-40b6-8980-67186dfa2fd6,0.1244,link
6ee682ff-c5d4-4127-bb9e-1e558251a7e9,1ea6246f-351a-4f1e-a9ca-c092ca0bf5b0,0.0978,link
2c746865-8976-47e0-a43b-ae42b7cec950,1739d07b-149f-41f4-a71b-249214e933ff,0.0853,none
047ff7af-915d-4223-b286-01006af94066,69534ad4-15c1-4ef9-8af9-d7cc85ce9d32,0.1793,none
be8557be-1115-44a7-b621-cd92cf56dbbe,970b3df2-b210-491f-aff4-04f352f4895f,0.1642,merge
b1fdfb2f-f5ef-4a05-9a14-b3b26606535c,7feff3cd-9d20-422b-bf1f-c66f97a5d003,0.196,link
e279745e-c6bf-4551-b677-105ee24e4672,970b3df2-b210-491f-aff4-04f352f4895f,0.1525,link
a2518573-c9b9-44a9-b2a5-930bf5582dcc,b64fe24a-4e91-435d-a2c9-00d3b7231efb,0.0921,none
74f34c15-7e2e-4479-8d7f-002bc45366d2,7feff3cd-9d20-422b-bf1f-c66f97a5d003,0.1193,link
ee8e604d-c39a-46b4-a214-65b05e031d5a,8a5a2644-55d4-4eb2-8914-5efddba3a7a7,0.151,none
f9530b3b-3fa0-4023-9b09-896f68de14a8,7c7ea838-47da-41aa-b67e-da81881b77e5,0.1922,link
b7b9cab4-edca-48d8-a510-00842b060733,ee2f9407-02f0-4130-b6ed-895e17dfd9b5,0.1109,none
98e82449-ad82-4eb1-9167-26a41a2e42d1,e4baf37e-c2e4-4204-983d-b501812cdb63,0.1634,none
bee76009-3f91-449c-b32b-176151a272ad,7c7ea838-47da-41aa-b67e-da81881b77e5,0.1562,none
b19eb869-7408-4557-8304-aa2db742bf99,2aaa1ea7-9529-458a-8430-dff16e61dbb9,0.2295,link
72f49a75-a355-45d4-bf16-17caa562c787,3ad14d85-18a8-4e5e-912d-593569255ea3,0.3446,link
a81ef742-e1ef-450a-bfd6-9550d9ccb41b,6a2690d0-b155-4adf-aeeb-0dbea0779a68,0.1542,none
ffccc704-785d-40b0-88a4-7339ae2255d5,3db52dc1-1a44-4620-9b5e-20b64d1e662b,0.1376,none
3b6ef886-e6c1-4240-9ed4-59a84f9473b7,2119fdaa-70dd-4738-9562-8c1a6b167e49,0.0499,none
45f7495b-9778-4313-93c4-cc70d2ce1e55,e9b9b178-4bf7-44d9-b0be-e5a0d18ba629,0.1492,none
620f33cc-45f0-49c3-8f2f-ecb8da4fcba9,f9af3010-4a01-4312-88b1-d004c9372162,0.0783,none
930a0417-54bf-4097-a5b0-21350a774c60,4b902549-87e2-420d-a1ed-fd96d123a815,0.116,none
b08e6359-bb6e-4cce-91e8-f7731fd126db,b2beb571-939d-4066-b408-d683e9257f8a,0.2346,link
bce21cbe-9b4f-4d40-bb4a-82f1acdc4ecf,0cddd208-ddca-4792-9724-a702b91c4cac,0.1272,link
9526da79-576f-4c4e-9d48-c090756e28ac,da690792-5aac-407b-88ef-e04f20d5aaa2,0.12,link
2e319a28-987f-4254-b238-afc6434902be,a8f97105-3d70-4fe7-985a-eaf3543f266e,0.1343,merge
00ad215e-e6dd-4bb4-bc3e-7691129cc8c9,a8f97105-3d70-4fe7-985a-eaf3543f266e,0.1208,link
69ce0bba-5792-4f58-b8d3-78a3c0718ad5,d9a09e8b-8d7c-44ef-bc90-cb62b30236de,0.2054,link
aaee04eb-1282-415e-b922-a4ee0fc9dba4,06e98900-ed09-4832-b0ee-874bd59caff8,0.1938,link
dc84adc1-78df-42cb-b534-c05a70648a67,55688ac8-1126-4fe9-85b9-c1fdff3c2499,0.1349,link
124db9e4-4ee3-4df2-99b6-8523f80caa06,b2beb571-939d-4066-b408-d683e9257f8a,0.104,link
890fc75c-58ff-4f43-91b2-a54477691277,8758c0ad-0edd-4312-b299-59708d068956,0.1283,link
38557df5-fc64-4d03-a473-281178da05aa,5721ff0a-6ca1-4203-b131-f22f4a8f134c,0.3147,none
065b5e31-a67c-4970-8929-315c84f3af08,5721ff0a-6ca1-4203-b131-f22f4a8f134c,0.2657,none
c4fb9853-d0a4-4c26-9de7-e1cfd7805881,06e98900-ed09-4832-b0ee-874bd59caff8,0.2818,link
c16d380a-afb0-486e-aca1-f91707833039,f822bbf4-dce6-483e-8214-1d0b32876787,0.2341,link
2b5b9f8a-6f4e-44ee-88f6-ec8ffc25aa11,34f89d53-1de5-42d1-8a47-1d5b0beefbd4,0.344,merge
5707e6cf-0bc0-471b-a3da-d43ff9a07449,6fd7ab3f-e08a-40c4-ad79-159db5ad477b,0.2084,link
9854ee06-d7dd-4c31-aaba-95c0bcd22946,326e7b5b-550c-4c03-b69d-84d3daddb9cb,0.2462,link
c8cbc3d2-fec4-47b0-859b-c57127127827,ae71dd7f-29a2-4701-a011-dce6426246cd,0.1645,link
b01c8b6f-570d-4062-a689-47f18fe0fd6a,ede2bc59-7095-4ed0-bde3-cc81e89fe763,0.2155,link
286c3aee-ec1d-4d17-8ace-c3a2c2e48f2d,913814b1-551d-492b-bda9-d7ed0481d8d8,0.2356,link
0cc7bf57-202f-46bb-9570-90f03dfd9f0e,04d08950-e659-4821-bbc4-f01721d1c524,0.1605,none
3364264c-c0dc-4c5d-879f-6cafeccf09b4,30f1faed-1093-40cb-93f3-cd5b6cd6a433,0.1668,none
b4c5e843-0be1-4a52-a5f1-5399fd9063aa,5e1d8bd0-852a-4861-a813-de93abc45985,0.1932,none
