identifier,name,description
14047f66-56ba-59f0-b582-2af921aab0e6,,Represent a multiple of a/b as a multiple of 1/b
4671de27-b1dd-5e8a-a985-0b1e2e42082d,,Use an understanding of a/b as a multiple of 1/b to multiply a fraction by a whole number
07f4ca9a-f0ef-53e5-a387-4b5d049185a1,,Describe a sequence of transformations that exhibits congruence between two given congruent figures
f56c2e0b-ff61-55b2-8eac-4b069a784d31,,"Understand that a two-dimensional figure is congruent to another if the second can be obtained from the first by a sequence of rotations, reflections, and translations"
0396ab7c-b6e4-5fc1-b098-ec364e56f022,,Find the conjugate of a complex number
68bf454a-c926-5337-af32-8c0a4d993320,,Use the conjugate of a complex number to find its modulus
b6582c34-bfdd-5028-8ff9-a31d50b19ce5,,Find the quotient of two complex numbers by using their conjugates
0c5dbe5b-eb42-5e3f-a345-2c1982961790,,Prove the elimination method of solving systems of equations
1eba2459-09b5-5633-b32b-db28212d846b,,Prove the substitution method of solving systems of equations
88b14085-880b-52a9-8914-e6b8c8a8e077,,Use a simulation to generate frequencies for compound events
eefa37d0-e3d7-53cd-9e91-f877889b7db0,,Design a simulation to generate frequencies for compound events
b9d27304-5ca2-57b9-968d-e5c946985513,,Convert between forms of writing decimals to the thousandths
10e69fc1-7f7a-56a5-b13d-8d8bab6e5674,,Draw rays and identify them in two-dimensional figures
1f95ef88-6b5b-5b50-acab-79a69f51f872,,Identify lines in two-dimensional figures
27812e5c-a04d-549c-8341-4ab7bccdb688,,"Draw angles (right, acute, obtuse) and identify them in two-dimensional figures"
2f646a05-2fae-5a36-962a-94bc9453ad83,,Draw line segments and identify them in two-dimensional figures
3a80eead-6bf5-522c-a824-9570862ece16,,Identify parallel lines in two-dimensional figures
559a6e78-4316-5d90-95de-004872285c49,,Draw points and identify them in two-dimensional figures
70453a52-6c2e-5f51-8360-d7176bee3ff5,,Draw parallel and perpendicular lines and identify them in two-dimensional figures
ba8dce38-25fb-5155-b5df-d4084be22ba8,,Identify perpendicular lines in two-dimensional figures
c69a41b7-0f98-5837-8a08-bc749f9e0a26,,"Identify right, acute, and obtuse angles in two-dimensional figures"
d6ead46a-e7cd-5534-ae61-3badfc31fa26,,Draw lines and identify them in two-dimensional figures
3a925711-3572-5ea7-93c7-3b5ca7ce0e5d,,Use the Multiplication Principle to decide if two events are independent and to calculate conditional probabilities
91be6280-69b5-5005-aceb-21de46856e86,,Define and understand conditional probabilities
52099373-73ba-51af-86c0-c3fa57c49dec,,Demonstrate that exponential functions grow by equal factors over equal intervals
7f73d67f-1970-5831-9fb9-c7324f552413,,Demonstrate that linear functions grow by equal differences over equal intervals
34fbe045-f7dc-5086-9079-2d35e254c9fe,,Interpret the parameters in a exponential function in terms of a context
78be5909-caa1-57b4-863b-b8424dbad63b,,Interpret the parameters in a linear function in terms of a context
4ae29496-ad30-54cb-8b3d-0c5472c7d2f9,,Count to 100 by tens
555df2b6-7a87-5114-8ba5-398a82a7f6e3,,Count to 100 by ones
67200ac5-9ecb-5f5d-975c-a343ea14082b,,Count to 10 by ones
22098a76-50b2-5d73-8c84-6c8a436a8aa0,,Determine the surface area of three-dimensional prisms in mathematical problems
370f42c5-303d-5239-acb6-262fef986998,,Determine the area of two-dimensional figures composed of various polygons in mathematical problems
3bc46cc4-1dd7-546f-9ffd-138b27d535d1,,Determine the area of two-dimensional figures composed of various polygons in real-world problems
414ec184-bad9-54a7-a34f-a77dfdf9c0f9,,Determine the volume of three-dimensional objects composed of cubes and right prisms in real-world problems
8b731d33-c19b-5567-909c-26ea35d247d1,,Determine the surface area of three-dimensional prisms in real-world problems
c9233a4b-7017-5a51-964b-5d6377c07a31,,Determine the volume of three-dimensional objects composed of cubes and right prisms in mathematical problems
b1b23bda-9699-55f0-943b-e10052fbc0c3,,"Use properties of exponents to write an equivalent form of an exponential function, including expressions with rational coefficients in the exponents"
e9caada8-124e-5265-91c5-b8d2f7571230,,Use properties of exponents to write an equivalent form of an exponential function
edec9d04-be62-5087-ae21-2002b7765473,,Use properties of exponents to write an equivalent form of an exponential expression
7d5e2ea9-0bac-5822-8c15-f5bf1ea6309b,,"Fluently subtract multi-digit whole numbers (minuend to 1,000,000) using the standard algorithm"
bd0c4c17-8426-507e-9615-64ed2eca7270,,"Fluently add multi-digit whole numbers (sums to 1,000,000) using the standard algorithm"
9646cd38-fc5d-59a7-9728-df655c9afa69,,Recognize and use the fact that the radius of a circle is perpendicular to the tangent where the radius intersects the circle
acdc1dd7-24da-553a-929c-bd2ce8e09121,,Recognize and use the fact that inscribed angles on a diameter are right angles
b0669eef-f6e8-5fec-9b0d-a4104550c92e,,"Recognize and use the relationships among radii, chords, tangents, and secants of a circle"
e30dbc0a-a929-5846-bc1d-9c5d3b24400d,,"Recognize, describe, and use the relationships among inscribed angles in a circle, including between central, inscribed, and circumscribed angles"
2abe1331-000f-535d-9dca-ea14efc72a5f,,"Use the four operations to solve word problems involving distances, intervals of time, liquid volumes, masses of objects, or money"
3d94e385-0372-5d24-aa7d-0af24425f245,,Solve two-step problems using any combination of the four operations in a real-world context involving distances
9432b8e1-ebd3-5962-a190-080bc5687ace,,"Use the four operations to solve word problems involving measurement, including simple fractions or decimals"
a05de981-d7cc-55b5-8b8e-d0640a9f3d67,,"Represent measurement quantities using diagrams, such as number lines, that feature a measurement scale"
a16722fd-5811-5b22-9e40-ed3218acd6b3,,"Use the four operations to solve word problems involving measurement, including conversion from a larger unit to a smaller unit"
e13cdaca-ec2b-52fd-94aa-01aed2a01332,,"Add, subtract, and multiply whole numbers to solve metric measurement problems involving distances, liquid volumes, and masses of objects"
ef9f46a3-ac8f-5b36-96e8-fbe81b1aa280,,Solve two-step problems using any combination of the four operations in a real-world context involving time intervals
8b702e5a-6cb6-5a06-8e68-f99b7d2cec25,,Use the unit circle to explain the periodicity of trigonometric functions
f407bb54-f091-54bb-8928-5c7af6f88ddf,,Use the unit circle to explain the symmetry of trigonometric functions
75c742eb-4313-54fa-b3a3-7d7c685e74a3,,Know that multiplication of square matrices does not satisfy the commutative property
855181d6-1d1c-58c0-9375-82fa7b4f3bf2,,Know that multiplication of square matrices does satisfy the distributive property
f8f5591d-10d6-5d7d-8206-79f85534e22c,,Know that multiplication of square matrices does satisfy the associative property
78e03758-731e-5143-9aba-2b60b3f9b013,,"Recognize that the numbers 10, 20, 30, 40, 50, 60, 70, 80, 90 refer to one, two, three, four, five, six, seven, eight, or nine tens (and 0 ones)"
e24232f5-bf99-599b-a631-d7c6f51020d2,,"Identify 100 as a bundle of ten tens, called a ""hundred"""
165b6006-2a0c-573c-8e7b-4253658b3c25,,Recognize the correct side ratios for each trigonometric ratio
19124e02-e18e-5967-822e-c97d936f9f8c,,Define trigonometric ratios for acute angles as the ratio of the sides of similar triangles
f2f4bc7b-f00f-5a76-85a7-b57e4dd7909c,,"Using a corresponding angle of similar right triangles, show that the relationships of the side ratios are the same, which leads to the definition of trigonometric ratios for acute angles"
0b6078ae-9225-5c0b-bcd6-c0ec9eaf6ed3,,Create rational equations in one variable in a contextual situation
168bf44c-0f5d-5039-a57d-f353e4f7a865,,Create linear inequalities in one variable in a contextual situation
201f5a2d-e18a-522a-8b6f-3aeb93d1ea8f,,Solve problems leading to a square root equation in one variable in a contextual situation
20caf1dd-aefc-5994-802f-edc289b44d9f,,Solve problems leading to a radical equation in one variable in a contextual situation
247500f3-fd66-591c-97aa-02e85cf0c94a,,Create inverse variation equations in one variable in a contextual situation
2494e2de-3d30-5e88-a10e-087f82fa6a78,,Create absolute value linear inequalities in one variable in a contextual situation
25ceb601-2e45-5e73-acc8-3b2faab4765b,,Solve problems leading to a radical inequality in one variable in a contextual situation
2e291362-0e37-5b14-83d5-4279cbf0ddd0,,Create quadratic inequalities in one variable in a contextual situation
2ffc0dff-6308-50a2-8169-2824990d2012,,Create rational inequalities in one variable in a contextual situation
341ea56a-5675-51d7-a2bc-bfbcb841784e,,Solve problems leading to a inverse variation inequality in one variable in a contextual situation
381baa6d-e842-5f7e-a80e-4d7da491937b,,Create right triangle trigonometric inequalities in one variable in a contextual situation
3abd1adb-d141-5fb7-a631-b846ae574ade,,Solve problems leading to a polynomial inequality in one variable in a contextual situation
44f95431-dc63-5839-8b34-f609a2911662,,Create exponential equations in one variable in a contextual situation
4a4e1096-0f2a-5fe8-abfe-feabc2558ea3,,Solve problems leading to a polynomial equation in one variable in a contextual situation
4c5acfed-6bdf-5c69-a8ea-8199c79fa370,,"Create exponential equations in one variable in a contextual situation, limited to situations that do not require a constant term"
4ebd838a-59cf-5551-a413-213d019ae817,,Solve problems leading to a right triangle trigonometric equation in one variable in a contextual situation
572e9ce7-94d9-5853-8434-e04976e896be,,Solve problems leading to an absolute value linear inequality in one variable in a contextual situation
6e118b02-6bd2-59a5-b213-94813576f59e,,Solve problems leading to a right triangle trigonometric inequality in one variable in a contextual situation
6f836060-df22-54a9-8b03-987f68ccd782,,Solve problems leading to a inverse variation equation in one variable in a contextual situation
72042a25-9586-56f7-a939-d1a7e94756e6,,Create exponential inequalities in one variable in a contextual situation
7262597f-1b87-58d4-99c3-91f159a3e22b,,Create right triangle trigonometric equations in one variable in a contextual situation
7714f415-8b26-5cca-9bee-f31697eaa90a,,Solve problems leading to a rational inequality in one variable in a contextual situation
7a685f35-289a-59d0-b892-46be6445ad8e,,Solve problems leading to an exponential inequality in one variable in a contextual situation
7bb7260e-dbe9-5824-aac0-02ce0fb074e6,,Solve problems leading to a rational equation in one variable in a contextual situation
7e4d374c-7a24-5d0e-bf5d-df8c371e0e99,,Create polynomial inequalities in one variable in a contextual situation
7fa26e65-dabd-5c32-9f02-90cbc8d315c1,,Create absolute value linear equations in one variable in a contextual situation
959c65ae-0389-56d8-805e-a21c25973b3d,,Create radical equations in one variable in a contextual situation
9a11be70-bc9a-52b2-a76a-50c1c9b21da5,,Create square root equations in one variable in a contextual situation
9f41ca74-48e5-52a0-9b3a-df07d58fc8b2,,Solve problems leading to a quadratic equation in one variable in a contextual situation
a1229cde-8ea7-5a4e-a3c2-fd00a94ba61e,,Create inverse variation inequalities in one variable in a contextual situation
acd78dfd-24f9-54e5-bc5e-8968c67c1dc3,,Create polynomial equations in one variable in a contextual situation
acfc0029-ee45-5894-af7c-5463945154e4,,Create linear equations in one variable in a contextual situation
aea86a4c-972e-52fe-8b0b-5f4b8e917b06,,Create quadratic equations in one variable in a contextual situation
bdbd4009-a84d-5a76-b360-ed82124b8858,,Create radical inequalities in one variable in a contextual situation
bf1f3c1c-e240-5ea9-953c-fd542b146193,,Solve problems leading to a square root inequality in one variable in a contextual situation
c7704833-fde5-531f-8148-858979290236,,Solve problems leading to a quadratic inequality in one variable in a contextual situation
cc64bba3-b517-5c0a-a4ab-3416bd8c4f90,,Solve problems leading to an exponential equation in one variable in a contextual situation
dcebba18-68d9-5c60-bc7e-dd92df78d516,,Solve problems leading to a linear inequality in one variable in a contextual situation
e1ea4b5b-25dd-560d-a6be-86974b1f8ff1,,Solve problems leading to a linear equation in one variable in a contextual situation
e5c2ed40-fb82-5cd5-a5ab-aad2a322f64f,,Solve problems leading to an absolute value linear equation in one variable in a contextual situation
e903ca04-e689-5d23-905c-2e3c038367ed,,Create square root inequalities in one variable in a contextual situation
41261db0-5e95-5198-ae17-0e905db9ab53,,Rewrite an expression in different forms in a problem context
75924fc9-b2ad-5273-b21d-e7b8c262153a,,Interpret how quantities in an expression are related
051034c9-6867-50df-81ba-8a5dc6629e8e,,"Recognize that in a multi-digit number (including decimals), a digit in one place represents 1/10 what it represents in the place to its left"
ba0b5da7-336a-54af-bc1d-c4fbceb2df62,,"Recognize that in a multi-digit number (including decimals), a digit in one place represents ten times what it represents in the place to its right"
0edaa02c-0e8e-5b84-a494-665b641dba4b,,Graph proportional relationships
c7ca6f31-ac92-53a4-aa20-6cd3ccb6b797,,Interpret the slope of the graph of a proportional relationship as the unit rate
fbbff3cd-ef58-5383-ab5a-94c445fcd933,,Compare two proportional relationships represented in different ways
e2c041dc-be4f-55ae-b02c-ac6e09b82173,,Extend properties of exponents to justify the interpretation of fractional exponents
e3333e44-9d4e-54a9-a427-00f3523532f9,,Recognize that the denominator of the rational exponent is the root index and the numerator is the exponent of the radicand
48cb8621-0c51-560b-a565-ddd9f6e5f5fc,,Reproduce a scale drawing at a different scale (using proportional reasoning)
9ffdee4b-84bd-56cd-b894-fbec5c1df544,,Compute actual lengths from a scale drawing (using proportional reasoning)
f75552e4-5ff9-5df8-a686-b30b0b1f19f7,,Compute actual areas from a scale drawing (using proportional reasoning)
4a3655e0-0275-5949-a449-f9b8088763bf,,Interpret key features of graphs and tables that represent a function that models a real world relationship between two quantities
4d3237bd-56eb-5b2c-9e0f-47a73d0e57b4,,"Given the key features of a function, sketch the graph"
52473267-d034-5618-be1d-904cf3c06fd2,,"Given the key features of a quadratic function, sketch the graph"
a904613a-b364-5f0b-ae0e-71ab92e51a41,,"Given the key features of a linear function, sketch the graph"
cb330a1c-ce97-5881-a22f-6afdf45c205d,,"Given the key features of a exponential function, sketch the graph"
54e86591-b40f-5d88-96fd-74fd2880ba83,,"Tell time from a digital clock, using a.m. and p.m. when appropriate"
9af7bd3c-21c3-5f1f-8e5d-0315073e3484,,"Tell time from an analog clock, using a.m. and p.m. when appropriate"
cf3900ab-a5e5-5e0d-a3a9-f1e9a8680981,,"Write time on an analog clock, using a.m. and p.m. when appropriate, given a description of the time"
f25112a6-9606-5267-8aa5-08cc8949b6f5,,"Express time shown, using a.m. and p.m. when appropriate, on a digital clock using an analog clock, and vice versa"
fca56ad3-1cb6-5e33-b69a-ac15d756deca,,"Write time on a digital clock, using a.m. and p.m. when appropriate, given a description of the time"
79506838-311e-5599-a93e-a9d03c0d80ab,,"Evaluate expressions involving nested parentheses, brackets, and/or braces"
9355ee95-a7a5-5a41-89e1-8ffaef80af0b,,"Evaluate expressions involving parentheses, brackets, or braces that are not nested"
755f16f4-088e-5f11-bd81-06674000ca1e,,"Read, and explain in context, data from outside reports"
0bd082cc-be74-564c-9cf4-941f5d959507,,Identify instances in which the decimal form of a rational number ends in 0 or eventually repeats
2ab6ac49-716f-507d-bce0-a9696013c6b2,,Convert a rational number to a decimal using long division to solve mathematical problems
ffd9dc15-b8f1-527e-a374-a6c04d8f6bd7,,Convert a rational number to a decimal using long division to solve real world problems
12b69651-752f-5e48-b838-0c669df35b64,,"Use variables to represent an unknown number or any number in a specified set, depending on the context"
306ce9f4-0018-504d-bf10-70d68c8563ec,,Create a real-world situation to represent an expression using variables to represent numbers
60a51673-b0e6-57d6-840c-64a3c5b61cc0,,Solve a real-world problem by writing an expression with variables to represent the situation
10c58598-1ea8-523a-b29b-b997668dbe27,,Add within 10
50ac7ad4-c4f0-564c-9bf6-53542b1a5a9a,,Use objects or drawings to represent subtraction word problems
56754811-3d83-5040-9e36-fdda3d57d4a1,,Solve subtraction word problems
5c48ad41-0fdb-53b7-9222-dcf3262b9912,,Subtract within 10
eb90163e-9db9-5375-bad3-4287deb4a71b,,Use objects or drawings to represent addition word problems
f22b9881-4f43-544c-be55-de8e3edc5f85,,Solve addition word problems
14c9562d-c985-5d98-8fe5-a8551e0a20ff,,Use whole-number exponents to denote powers of 10
39c782cc-8c89-5974-98b8-a3158125e227,,Explain patterns in the placement of the decimal point when dividing a decimal by a power of 10
53dba7fb-c548-5f5b-88cd-e657ec2114d7,,Explain patterns in the placement of the decimal point when multiplying a decimal by a power of 10
a275a470-8fa8-5bbe-bc69-d7d90b8b1137,,Explain patterns in the number of zeros of a product when multiplying a whole number by a power of 10
c4a38f79-95a9-5e1b-a031-b214f46d8307,,Explain patterns in the placement of the decimal point when dividing by a power of 10
646e93bc-23b5-57bc-9e03-b7ae4f4ef83c,,Describe situations where one quantity changes at a constant rate per unit interval as compared to another
471f63ab-db68-5f3d-ba18-8add02ec2b2a,,Determine the size of an angle based on its number of n one-degree angles
bac2efb6-afa7-518d-be33-714f3a956905,,Estimate the value of irrational numbers to a given degree of precision
e96d5914-1b25-5d07-80e5-ce0d9fdf863f,,Generate rational approximations of irrational numbers and locate them on a number line
1944c542-6fe1-5883-beee-d6fe87cc5e7f,,Determine the rate of change of a function from a mathematical context presented with a verbal description
411f2a23-973d-5338-9a16-93f6c252b221,,Determine the initial value of a function from a mathematical context presented with a verbal description
443d082c-df90-5586-8d15-fc375f4a8b4f,,Determine the initial value of a function from a real-world context presented in a table or graph
5f3a9252-5252-54ed-9c00-f4c910b3b9a4,,Determine the initial value of a function from a mathematical context presented in a table or graph
6c340f89-4534-5ed4-acee-bb1e959071d4,,Interpret the initial value of a linear function in the context of the situation it models
b2a9431b-e28d-5c7c-8a46-e0012eef91b8,,Interpret the rate of change of a linear function in the context of the situation it models
c6f0747b-6ee8-5e35-95d9-d25d8f5debc6,,Determine the rate of change of a function from a real-world context presented in a table or graph
c8e759d8-4ed5-597d-a8ae-6a20147a354d,,Determine the initial value of a function from a real-world context presented with a verbal description
dab9e9b0-faa3-5080-9f2e-ac82c0ba0346,,Model a linear relationship between two quantities with a function
dd4d95c3-4e5b-511f-b490-f0bf52638e99,,Determine the rate of change of a function from a real-world context presented with a verbal description
e1ce9802-e05b-541d-ae86-641087a49faf,,Determine the rate of change of a function from a mathematical context presented in a table or graph
1d180a4e-19ec-5ad6-9d2a-067e7bff23c2,,Use expected values to evaluate strategies for decisions involving probabilities
2474815e-4b0c-598c-88a4-cbf10ba11108,,Use expected values to compare strategies for decisions involving probabilities
4f1cf322-82e0-543b-9d80-c2fa79085fd8,,Solve simple radical equations in one variable
50e80b33-1c0f-5235-a050-ad43976cf7bf,,Provide examples of how extraneous solutions arise when solving rational or radical equations
702b51aa-2ef8-51f2-af94-7cc53c8a95f6,,Solve simple radical equations in one variable involving cube roots
c5bb6f18-50f3-50b4-90bb-1392694c0f42,,Solve simple radical equations in one variable involving square roots
ddd1228a-24ee-5140-a3ea-fff93d8393ae,,Solve simple rational equations in one variable
0c75837c-d3e8-5e87-beb6-c650eb6fa077,,Divide numbers expressed in both decimal and scientific notation
2687e8fb-2c68-509e-8ca5-56ca08ba3999,,"Add, subtract, multiply, and divide numbers written in scientific notation"
4cc1921c-003d-59bb-89e5-903826594253,,Interpret scientific notation that has been generated by technology (i.e. calculators)
52ad9e03-d6ad-59cf-92b6-983a59f9b7d4,,Subtract numbers written in scientific notation
93a8423a-e120-52d3-827c-2db0fde2a923,,Divide numbers written in scientific notation
c34d178e-5417-5849-b054-e0fbf5c99ef2,,Multiply numbers expressed in both decimal and scientific notation
cad5a87d-5b70-5a8c-b648-138054ab306a,,Subtract numbers in scientific notation with the same integer exponent
d4407237-ea99-5f02-960e-4ae6eedc96fb,,Multiply numbers written in scientific notation
d4f29aa5-6c36-5c69-b6d4-d3fa66b70d22,,Add numbers in scientific notation with the same integer exponent
d6c129bf-c684-51b3-977f-4b56b2be79db,,Add numbers written in scientific notation
dc8db438-33f2-5239-8957-e25cdaa9e5e0,,Choose units of appropriate size for measures of very large or very small quantities and express those amounts in scientific notation
768d53ed-5358-5708-91c3-53b1df5c189f,,"Given a center and a scale factor, verify experimentally that when performing dilations of a line segment, the pre-image, the segment which becomes the image, is longer or shorter based on the ratio given by the scale factor"
05d0879f-43a5-5797-aab7-8083cb9f02a9,,Add matrices of appropriate dimensions
561ace34-8a42-5c1b-b84d-1c6bf2aab9ad,,Subtract matrices of appropriate dimensions
f0f82964-123f-5298-83db-afe8b99620b7,,Multiply matrices of appropriate dimensions
32458a68-9a3b-5f62-afa1-99e3e31b9c19,,"Determine if an addition equation is true or false, including equations relating two expressions"
5d2ed8f0-95cd-5086-abd6-54ce74e789e2,,"Determine if a subtraction equation is true or false, including equations relating two expressions"
93ef1daf-e4e0-56d7-ada3-397bbce1bd5b,,Know that an equal sign indicates that the numbers or expressions on each side of the equal sign have the same value
d0dc7a0d-45e1-5e0c-b941-4f8f63442879,,"Using the fact that the ratio of diameter to circumference is the same for circles, prove that all circles are similar"
3b3c207c-2fbb-594f-bc16-aef719637e52,,Understand that generalizations about a population from a sample are valid only if the sample is representative of that population
f26b664c-7aaf-5f47-bd64-6bd2d7574cca,,Understand that random sampling tends to produce representative samples
13103f2c-f538-50eb-90e7-440094c0e723,,Calculate and use relative frequencies to describe the association between the variables
412a2d72-fda1-5c7d-9781-9329a5bf1f04,,Construct a two-way table given a data set
49eb9d6a-a869-5dea-9f38-8577e21e8b91,,Understand that two-way tables can be used to to show associations in bivariate categorical data
bf631804-8622-56ee-ba38-16984854c49c,,Interpret a two-way table summarizing data
52ffb8ee-c70d-5076-b2c6-8f3a1b435fa9,,"Draw geometric shapes with given conditions (side lengths, angle measures, radius/diameter)"
9ddaee28-59fe-5fc5-8752-07e538ce90da,,"Know and understand conditions that determine a unique triangle, more than one triangle, or no triangle"
0f972f57-4f94-5bc2-816e-cd7e819a9442,,Use comparative language to communicate comparison of two three-digit numbers
24cff8cf-a4e1-5427-8d3b-dc20d19489ed,,Compare two three-digit numbers by comparing the digits in each place value
b404ce7e-82bd-5265-8b6f-843ac9118599,,"Use symbols (>,<, or =) to communicate comparison of two three-digit numbers"
a766ca44-c654-505f-a2b9-b2f1e3b468b4,,Describe situations where a quantity grows or decays at a constant percent rate per unit interval as compared to another
7782ce05-1218-5a88-8d2c-ef908e4d8fb4,,Analyze and solve pairs of simultaneous linear equations
8119c47d-f394-50ff-b630-f4aa64763b52,,Use positive and negative numbers to represent quantities in real-world contexts
f38825db-1963-5e02-85ea-b722bff5635a,,Explain the meaning of 0 when using positive or negative numbers to represent quantities in real-world contexts
f57f8f6c-ec91-5b37-9632-fdb36c088666,,Use positive and negative numbers to describe quantities having opposite directions or values
fd70ea61-d4b0-5e5a-aecf-82bf0aff6480,,Find the components of a vector by subtracting the coordinates of an initial point from the coordinates of a terminal point
42d2f53f-81ba-5799-8f91-a43902da4d78,,"Given the number of hundreds, tens, and/or ones, write a three- digit number"
511b5ebb-36d0-59c0-9308-4452ce5300eb,,Given the number of tens and/or ones write a two- digit number
9d9fd685-c4d8-58ac-b98c-3a5aad283b9d,,Decompose a two-digit number into its tens and ones
c1eb6d51-b8df-5ce4-ab03-314750e960b8,,"Decompose a three-digit number into its hundreds, tens, and ones"
22156372-ad11-5837-9b62-4489288590bb,,Recognize that opposite signs of numbers are located on opposite sides of 0 on the number line
4c975388-0779-5402-ac2e-eda40bc3a324,,Recognize that 0 is its own opposite
a40a923f-8622-5b74-aa84-849e70cfbf65,,Recognize that the opposite of the opposite of a number is the number itself
29c42ed3-da20-5288-a4b1-c72989c97fe4,,Find the area of rectilinear figures by decomposing them into non-overlapping parts and finding the area of each part
7be9b24a-c5cc-5882-adae-ac60664a1864,,Find the area of rectilinear figures in real-world problems by decomposing them into non-overlapping parts and finding the area of each part
a997e206-ba00-5087-9ac7-f301f2eb9841,,Solve real-world problems involving rectilinear figures
2d077eff-1399-5272-8c90-1970ed3c315b,,Verify that no combination of basic rigid motions will alter the measure of an angle
c15920a0-cd97-5424-aab0-693100eab9ee,,Use the relationship between the sine and cosine of complementary angles to solve problems
2445741d-152c-50b2-9c29-9bf55c047418,,"Draw a bar graph, including with single-unit scales, to represent a data set with up to four categories"
51ebaa2d-8bd9-5614-9ed2-2cef16cd341e,,"Solve one-step, take-apart problems using information presented in a bar graph"
5ac573e0-035f-57d1-80ee-08510bfe8557,,"Solve one-step, put-together problems using information presented in a bar graph"
6cb4db86-2142-5dfe-806c-9e31ca5ef65d,,Draw a picture graph to represent a data set with up to four categories
d1013e8f-56fc-5553-b839-ab5eacf5e7c9,,"Solve one-step, compare problems using information presented in a bar graph"
37366bc7-5746-5a1c-bf97-577a56df2b9e,,Use properties of operations to explain why subtraction strategies work
87aec89a-e355-5021-9f76-17d56b743547,,Use properties of operations to explain why addition strategies work
1a91a235-2a8d-5ad7-930f-758df472b2b6,,Apply the perimeter formula for rectangles to mathematical problems
8a82f241-5bc1-5ba7-9a24-ed9c72a581d2,,Apply the perimeter formula for rectangles to real-world problems
92e853a7-1f4a-57df-af59-5303d1ce5f1f,,Apply the area formula for rectangles to real-world problems
984b8dc3-b5db-551f-9af5-b44b06aaa40c,,Apply the area formula for rectangles to mathematical problems
d7f72fb7-cf73-5e6f-b121-de26302ed7cd,,Find the midpoint of a line segment defined by two given points
fa6fd745-8337-55b1-a05b-f7f6234543a9,,"Given two points, find the point on the line segment between the two points that divides the segment into a given ratio"
d822a3cc-0e07-5871-9344-0b1a3d830c43,,Solve quadratic equations with real coefficients that have complex solutions
a161c501-80f8-5a7c-886f-912181c6bb10,,Use probability to make fair decisions
779be2f1-070a-5d68-9928-0025fa62985f,,Write equations for multi-step problems to find an unknown angle
82575afc-11d9-5184-afb7-76e36fb4384b,,"Find an unknown angle, including by writing and solving equations"
21594cad-4891-5f65-97a1-5324e6d58a36,,"When counting objects, pair each object with one and only one number name"
a1024467-ced8-57d5-ab8d-b9af6bca0f9c,,"When counting objects, say number names in the standard order"
efb98db3-4a8d-53aa-a306-54666ddf7da3,,"When counting objects, pair each number name with one and only one object"
87046098-2a74-5ba0-998c-6d34f6a54c4f,,Give an informal argument for the formulas for the circumference of a circle and the area of a circle by using dissection arguments and informal limit arguments
e19d5ffa-5eb9-5a2b-bd02-313130cf64f5,,"Give an informal argument for the formulas for volume of a cylinder, pyramid and cone by using dissection, cavalieri's principle, and informal limit arguments"
252bccba-aa77-5654-8826-35cd6c95df4d,,Use the congruence criteria ASA to determine if two triangles are congruent
355083bd-1fc8-509f-a6f5-b015cb2ef0c4,,Use the congruence criteria SSS to determine if two triangles are congruent
5a546844-dc97-5d65-8b9d-da425ec24c3c,,"Use the definition of congruence, based on rigid motion, to develop and explain the triangle congruence criteria ASA, SSS, and SAS"
649af40d-8e90-5af0-95ec-0a0a659b8d4e,,"Use the congruence criteria SAS to determine if two triangles are congruent, including using the hypotenuse-leg condition for right triangles"
701d2a97-144b-585f-9cdc-8f78d172d948,,"Make a line plot with measurements in fractions of a unit (1/2, 1/4, 1/8)"
751c388e-7603-528b-b730-0e6378023a28,,Use the information in a line plot to solve problems involving the addition and subtraction of fractions
bf50bd46-f416-531a-9102-00f44ccfd364,,"Select an appropriate tool to measure the length, in standard units, of an object"
c93f5e69-b590-53c7-93ea-29657cd478da,,"Use an appropriate tool to measure the length, in standard units, of an object"
10c7a285-f952-5554-aea7-72270a22457c,,"Recognize that in a multi-digit whole number, a digit in one place represents ten times what it represents in the place to its right"
cb2cec73-30a5-5a8b-9af6-4bea19250f51,,Apply concepts of place value to recognize quotients and products in multiplication and division problems involving whole numbers and a factor of 10
6e1f6305-6f9b-5e6b-acf7-03226fb50238,,"Recognize that an angle that turns through 1/360 of a circle is called a ""one degree angle"""
a16906ce-281d-5fa6-8572-d81631ebe14e,,Recognize that an angle is measured with reference to a circle with its center at the common endpoint of the rays
655932cc-e9c4-52dc-95e3-6c2509b50ea1,,"Given two similar two-dimensional figures, describe a sequence that exhibits the similarity between them"
92a7fb82-af54-559e-965e-4c22677d55a6,,"Understand that a two-dimensional figure is similar to another if the second can be obtained from the first by a sequence of rotations, reflections, translations, and dilations"
74f5d131-1340-5231-aa81-47419bc65104,,Find the expected value for a random variable defined for a sample space in which theoretical probabilities can be calculated
d0d0419f-e15e-54b2-bed0-4dc3ef830344,,Develop a probability distribution for a random variable defined for a sample space in which theoretical probabilities can be calculated
5b179f8f-255e-55f5-8784-2a24f7ba656e,,Calculate and interpret conditional probabilities in context
95905e85-9297-5c3c-90f2-254bef8935ef,,Calculate conditional probabilities
37f6f18a-31a6-5f8f-8955-f886a465bd76,,"Design simulations of random sampling: assign digits in appropriate proportions for events, carry out the simulation using random number generators and random number tables, and explain the outcomes in context of the population and the known proportions"
ab4246c5-877c-547d-ad2c-a636f87b490a,,Explain how well and why a sample represents the variable of interest from a population
ed2a3c4e-113d-5b15-9ae1-6c3a354a4922,,Compose functions
5ee603c3-6430-5a02-92ef-bc00f7cb1a6d,,"Graph linear functions from mathematical contexts, showing intercepts"
5ef1ca17-6990-5dd3-8299-5f7e6162c529,,"Graph quadratic functions from mathematical contexts, showing intercepts and extrema"
65505e36-f3ff-52d4-afad-307b9a4a0715,,"Graph quadratic functions from real-world contexts, showing intercepts and extrema"
67ef0ce9-3dbe-53c0-ac19-9baa91cba7bd,,"Graph linear functions from real-world contexts, showing intercepts"
21eeab34-9ce9-5d3f-84a2-329c5aa7b8d4,,Graph the probability distribution of a random variable using the same graphical displays as one would use for data distributions
371055d5-8795-5dc5-aa12-bb008001075f,,Define a random variable for a quantity of interest by assigning a numerical value to each event in a sample space
0c84e9db-9673-56ef-aa95-418881497e46,,Solve a one-to-one function for the dependent variable and write the inverse of a function by interchanging the values of the dependent and independent variables
10ae9cab-0fc9-5585-8b12-01a90fb6f4e6,,"Given a function and a specific x-value, find the value of its inverse"
5fbfdbc0-b642-5426-99a6-fa4bd8711200,,Compose two-dimensional shapes to create a composite shape.
91c7843b-27d9-519b-a5b2-76206ae299dc,,Compose a new two-dimensional shape from composite two-dimensional shapes
aaaeae52-291c-5622-b287-dd397cc8ac16,,Compose a new three-dimensional shape from composite three-dimensional shapes
c9cf956f-1bcf-5c63-b0f5-a167316e1525,,Compose three-dimensional shapes to create a composite shape.
624d3620-77c5-590a-8219-19dd85ae0cef,,Identify triangles
6c049f8a-cfa5-5b49-8fb0-6ba59ee252f5,,"Identify two-dimensional shapes with specified attributes, such as a given number of angles, sides, or equal faces"
a0038c5e-f06e-5081-a008-09f8b69d4c05,,"Create two-dimensional shapes having specified attributes, such as a given number of angles, sides, or equal faces"
d2a946e9-5fa5-5e9d-9c3f-b46994d524fc,,Identify hexagons
d63cce08-a4df-53de-a10d-431c47de1aca,,Identify quadrilaterals
d7569c36-fafe-51e3-a634-712fbdb273a2,,Identify pentagons
fe364f7f-e684-5515-a161-5a08aa160c0c,,Identify cubes
3b465df6-1610-5776-a61b-618b959e7b99,,Find the expected value for a random variable defined for a sample space in which probabilities are assigned empirically
418ee346-0637-52b1-9c06-d1f12c4982f7,,Develop a probability distribution for a random variable defined for a sample space in which probabilities are assigned empirically
3ab3ded7-d0ee-5a4a-be46-7980e0e5afc6,,Interpret a multiplication equation as a comparison
87c73c3b-702c-5f42-8a16-b8df53513506,,Represent statements of multiplicative comparisons as multiplication equations
2ee06e08-3ace-5d62-8d0a-f8e7e1fbc0e1,,Interpret data with up to three categories
41a59407-4923-513d-b380-d79b20d65734,,Ask and answer questions about how many data points are in each category in data with up to three categories
6cda6e52-5cf8-5982-abf9-83787ad74ec9,,Ask and answer questions about the total number of data points in data with up to three categories
8676d43c-8ed1-5783-8229-269b360b33c2,,Organize and represent data with up to three categories
90e4775e-b219-5955-84c4-a51ad1f028a2,,Ask and answer questions about how many more or fewer data points are in one category than another in data with up to three categories
e72e9e76-7f67-50db-b645-604438970566,,Compose simple shapes to form larger shapes (e.g. join two triangles to make a rectangle)
4ecd0ffc-4c37-5cf9-a84f-0b724dc11b59,,Graph cube root functions
8650f272-b16c-5e32-b38e-68cd444768f9,,Graph square root functions
8f10f38f-5ef6-5ee2-a28a-2a54b608c56d,,"Graph absolute value functions, showing intercepts and end behavior"
e948809c-544e-51a2-ae5e-f72ef38b150b,,"Graph piecewise defined functions, including step functions and absolute value functions"
2b003d7c-2e77-5d81-b2f4-bd618c0c54be,,Establish and use facts about angles created when parallel lines are cut by a transversal
6f4e508f-27dc-56dd-a550-e0328ce607bf,,Establish and use the angle-angle criterion for similarity of triangles
b4b423c9-4b91-5f68-90e7-01b5546ef5ef,,Use facts about angles of triangles and parallel lines in solving problems
b9325562-e86e-53f0-beb1-4505a42683e4,,Establish and use facts about the angle sum and exterior angles of triangles
0791351a-544c-5135-8cad-aaa1a4ab1f28,,Explain why the rectangular and polar forms of a given complex number represent the same number
44fd44da-16e1-5fcf-8dbc-7a759bef2922,,Represent complex numbers on the complex plane in polar form
aa6dbf70-0a6a-51d9-9611-1a138d6979fd,,Represent complex numbers on the complex plane in rectangular form
b6efb9f4-be16-5127-9939-2dd07fe48036,,Convert a given complex number in polar form to rectangular form
f75af761-80d1-5a95-9481-99ce66621d57,,Convert a given complex number in rectangular form to polar form
0a287b56-b15e-5589-a7b4-f84488b92293,,Know that the number of objects counted is the same regardless of how they are arranged
77eec36e-e508-56d6-835e-fb4b96c886e6,,Know that the number of objects counted is the same regardless of the order in which they were counted
f9484148-dca3-5741-804d-0d626fdcd98e,,"When counting objects, know that the last number name said tells the number of objects counted"
36ff134e-8504-550e-9bd9-84112921b8f9,,Analyze and evaluate decisions in real world contexts using probability concepts
ef6abc7b-1496-59cd-afea-f34949b1e3b8,,Analyze and evaluate strategies in real world contexts using probability concepts
259f2bc3-fc18-534f-b188-01392e6b147b,,Represent data with a dot plot
6d8fc2dc-8496-51a4-8814-0f0bfd5d31fb,,Represent data with a box plot
bfb77177-9d4f-50b0-b7c1-373e301e8471,,Represent data with a histogram
3194d5b0-9440-51c5-b560-d5d761da38de,,"Recognize simple equivalent fractions (with denominators 2, 3, 4, 6, and 8)"
463e4334-f8c9-5996-961f-8e1fc3ffdf03,,"Generate simple equivalent fractions (with denominators 2, 3, 4, 6, and 8)"
d20a384e-e8cc-5c06-acd5-9c829e5c9042,,Explain why fractions are equivalent
0e5b87b3-0df5-560f-a3fa-7e6a59fd345c,,Calculate the value of the cotangent of a given angle in radian measure using the unit circle in the coordinate plane
113e928a-d0a8-5b16-a861-a5e23297cedf,,Calculate the value of the cosecant of a given angle in radian measure using the unit circle in the coordinate plane
303a8ea2-07a3-54b1-b217-f50382df29cd,,Calculate the value of the tangent of a given angle in radian measure using the unit circle in the coordinate plane
a9f25cb4-f8b0-58c5-87bf-27e9f5bfdd0f,,Recognize that trigonometric functions can be evaluated for angles outside the interval of 0 to pi/2 by using reference angles and the unit circle in the coordinate plane
d93073e6-2518-5bca-977f-1cb04d5c6f5e,,Calculate the value of the cosine of a given angle in radian measure using the unit circle in the coordinate plane
e748e33b-8113-504b-ab9d-6c81a4357f53,,Recognize the relationship between x and y and sin(theta) and cos(theta) in the unit circle
ef539751-46dc-59a7-9451-fa3e1fe41ca0,,Calculate the value of the secant of a given angle in radian measure using the unit circle in the coordinate plane
f9e00cab-bd97-5fbc-a7e3-2b9f346d4cb2,,Calculate the value of the sine of a given angle in radian measure using the unit circle in the coordinate plane
12157b60-49ce-58c6-b6c4-69cc8eb8ef7a,,"Represent scalar multiplication graphically by scaling vectors, including reversing their direction as needed"
4b6301a9-6c6f-5724-9943-04a28295455a,,Perform scalar multiplication component-wise
840932e3-7bf2-58df-9265-e6b1e78a8fd3,,Represent scalar multiplication graphically by scaling vectors
19ea874e-ba19-5efc-af4b-dd9ab86a7b88,,Measure to determine how much longer one object is than another
f81bec09-d7cb-5dfd-9140-91ab5a574641,,Express a difference of length between two objects in terms of a standard length unit
18ed149f-cd3e-5125-a81b-506b27e3af1f,,Interpret multiplication as scaling (resizing)
270da5c5-1f9a-5fb6-a4c6-687ad3b3683d,,Apply the distributive property as a strategy to multiply
3d90c554-bb13-5094-91b7-9f8b5c71e8a0,,Apply the associative property as a strategy to multiply
a285646c-5412-5c47-b1d8-6aebbb276f5f,,Apply the commutative property as a strategy to multiply
f75f123d-b740-579c-aafc-18b926765598,,Apply the distributive property as a strategy to divide
3c3c56d8-84cd-5743-9021-e5f1fe3eefdc,,"Measure time intervals in minutes (within 60 minutes), including finding elapsed time"
3e846152-5a11-52a1-bd61-5b38988c9176,,Solve word problems involving subtraction of time intervals in minutes
befd3355-fa6c-5c35-9812-84f6dd50f3b9,,Tell and write time to the nearest minute
fa9c8ad6-ccc5-522f-b86d-ec6bd9a27fc8,,Solve word problems involving addition of time intervals in minutes
04223c78-d9c6-5afa-9302-63107bc9ce5d,,Informally assess the fit of a straight line used to model a data set by judging the closeness of the data points to the line
1d2c0019-842e-5da9-bd33-4d46fc27db6a,,Know that straight lines (lines of best fit) can be used to model relationships in quantitative data sets
bf455cde-345c-5832-87b8-d365d5bbe92e,,Informally fit a straight line to model a data set
71ab99a5-a67d-5083-a941-78ab42390cca,,"Refer to a bundle of ten ones as a ""ten"""
bc061183-e443-504f-bd72-f3badd1bac31,,Recognize that the numeral 10 represents a bundle of ten ones
a1e20219-ce16-5f00-8596-0f0566c735a9,,"Represent a fraction a/b with a model, including a number line (where b is 2, 3, 4, 6, or 8)"
d65254fc-236d-53e0-a631-c23fc55cec22,,"Recognize that when a lengths of 1/b are marked off from 0 on a number line, the endpoint is the number a/b"
1c5b025e-6125-5871-a484-b757b5de6aa9,,Divide rational expressions with integer exponents up to degree two
452d139c-759f-5afe-9a92-1200c7cafe76,,"Subtract two rational expressions, a(x) and b(x), where the denominators of both a(x) and b(x) are linear expressions"
60d4c04f-de7e-56e4-94a9-111ed3e95c82,,Multiply rational expressions
6b7a6d90-d7af-53be-880d-001748a32a50,,Add rational expressions
72396681-c850-582f-8275-de4b62b9df92,,Add rational expressions with integer exponents up to degree two
757201c6-3230-546a-bb4d-c74494de7b1f,,"Add two rational expressions, a(x) and b(x), where the denominators of both a(x) and b(x) are linear expressions"
7e7f4e17-744e-5e1c-a7dc-4e446b18f6ba,,Subtract rational expressions with integer exponents up to degree two
7ea36125-3e29-5bbe-8b1d-cccf61b59564,,Multiply rational expressions with integer exponents up to degree two
c3f93ac2-90ea-5eaa-948f-31cf80a446a0,,"Understand that rational expressions are closed under addition, subtraction, multiplication, and division (by a nonzero expression)"
d3f47367-eccd-54c5-8b90-2731125de8fb,,Subtract rational expressions
f545b213-3b78-5096-90bd-5c8fb1f827ce,,Divide rational expressions
1995cc98-1d9d-5fdb-a8da-63b3967883f6,,Justify comparison of fractions with different numerators and different denominators
67628647-4777-5f52-88c3-94f7876f3cd1,,"Justify comparison of fractions with different numerators and different denominators (denominators limited to 2, 3, 4, 5, 6, 8, 10, 12, and 100)"
82d042d0-dd1d-50d8-bea6-43361589d5a6,,Compare two fractions with different numerators and different denominators
b5c4b5f8-f03b-5c9a-8980-661e42088ae1,,"Compare two fractions with different numerators and different denominators (denominators limited to 2, 3, 4, 5, 6, 8, 10, 12, and 100)"
b8719b33-8a52-575a-b3ec-e0ce7594445c,,Recognize that fraction comparisons are valid only when the two fractions refer to the same whole
c7ecef55-059e-5c05-9d52-d8f4d220c4de,,"Use >, =, or < to record the results of fraction comparisons for two fractions with different numerators and different denominators (denominators limited to 2, 3, 4, 5, 6, 8, 10, 12, and 100)"
e1eb33c5-e722-531f-8168-d010304a05a9,,"Use >, =, or < to record the results of fraction comparisons for two fractions with different numerators and different denominators"
1f44c510-590f-575c-98ca-c19f2bbfd4c6,,"Write numerical expressions involving whole-number exponents in the form a^b, where a and b are non-zero whole numbers"
fe47029d-1ca7-54ae-adb2-098430e3d2a7,,"Evaluate numerical expressions involving whole-number exponents, including fractions and decimals raised to whole-number exponents"
2754c1cd-0ad4-5a1d-94dc-91d0a2eaf5a2,,Correctly name shapes regardless of their size
813238cd-bf27-55b4-84ba-cf6a2a36a0d4,,Correctly name shapes regardless of their orientation
9a476e0a-ab93-58e0-a003-91f2b161ba34,,Correctly name shapes regardless of their size and orientation
329aa819-e65a-5889-960a-a5acfc1ba5b3,,Solve word problems involving adding amounts of money given in coins and/or dollars
55158b1c-b08a-59f8-b723-74112bb4abb0,,Solve word problems involving subtracting amounts of money given in coins and/or dollars
7784a836-1833-55b2-9f06-5863a147d578,,Identify coins and know their value in cents
1df660cf-3f7b-52db-aca9-adef3f9662a8,,Represent a fraction a/b as the sum of fractions 1/b when a < b
42bbf920-debb-58ec-99c6-a6ab645fdc28,,Represent a fraction a/b as the sum of fractions 1/b when a > b
5f9c8934-287c-5151-9711-7decedc08e92,,Understand and apply the Law of Sines and the Law of Cosines to find unknown measures in right triangles
bbdb5e67-8558-550c-943d-4f533774a3d9,,Understand and apply the Law of Sines and the Law of Cosines to find unknown measures in non-right triangles
4f49ebb6-2c81-513e-8f11-4e7555c33ab7,,Develop the formula for the sum of a finite geometric series when the ratio is not 1
d65da620-0084-5ced-a1ca-be1d5e6b4b42,,Use the formula for the sum of a finite geometric series to solve real-world problems
09d7e1f0-4dfc-5599-ac64-8be9e9dceac0,,Add a two-digit number and a one-digit number within 100 using concrete models or drawings
125bff3f-abd9-5cec-a8a0-5a7970367696,,Add a two-digit number and a multiple of 10 within 100 using strategies based on properties of operations and/or the relationship between addition and subtraction
2e678cee-cf47-5347-851b-b6f990af676f,,Add a two-digit number and a multiple of 10 within 100 using strategies based on place value
3b761770-595f-570f-8c7e-3c71114b2977,,Relate a given addition strategy to a written method
5b26e3e4-bdae-53a8-bf42-ea37bd5bfe18,,Add a two-digit number and a one-digit number within 100 using strategies based on place value
890139d1-7e2d-586d-a6dc-5c5352a2baf7,,Add a two-digit number and a one-digit number within 100 using strategies based on properties of operations and/or the relationship between addition and subtraction
aeefe1ac-c376-575c-92eb-056468cf65ea,,Add a two-digit number and a multiple of 10 within 100 using concrete models or drawings
cf6b4ff1-6825-5c79-9026-97bee6bc25ce,,"Add tens and tens and ones and ones when adding with a two-digit number, composing a ten as needed"
29e9dcbb-366b-5577-98c5-d166df7f4145,,"Graph rational functions, showing end behavior"
2c01d290-2fc0-5684-9f5a-bc2e6157f379,,Graph reciprocal functions expressed symbolically
4b68b714-d1af-5730-a887-04807e20c0e2,,Identify the zeros and asymptotes of a inverse variation function when suitable factorizations are available
4f9cf03e-5458-55bc-95ba-c858a8ef1d8b,,"Graph inverse variation functions, showing end behavior"
77594c9c-7074-5731-b3a5-206fa4d5b01c,,Identify the zeros and asymptotes of a rational function when suitable factorizations are available
c0acac19-72b1-52c2-b8df-8c4971cc092b,,Identify horizontal and vertical asymptotes of reciprocal functions
708cc151-75ce-5587-af3f-a2fe5f34f94f,,Use the mean and standard deviation of a data set to fit it to a normal distribution where appropriate
71ba3825-af30-53da-b2de-08e49f074d2f,,Estimate population percentages using a normal model and interpret these in context
8bfad8b5-126d-5183-94b9-b674cf2de2ea,,Identify data sets as approximately normal or not
354638aa-87ee-5083-91a8-817370e282d6,,Solve a real-world problem involving multiplication of fractions and mixed numbers
46d4232e-8882-5e0f-bb59-73132e55d5a1,,Use visual models to represent and solve a real-world fraction or mixed-number multiplication problem
ea894526-30b5-50a6-b312-6b4cfe38d624,,Use equations to represent and solve a real-world fraction or mixed-number multiplication problem
5cfd8c36-cc92-5c7a-9e46-2b60fd373c47,,"Estimate lengths using standard length units, including inches, feet, centimeters, and meters"
219ac1be-e72b-57e4-aaef-77f43418bb20,,Use drawings or equations with a symbol for the unknown number to represent one-step subtraction problems within 100
38ae28b9-825b-589e-89ce-5f1912ac2844,,"Use addition within 100 to solve two-step word problems involving situations of adding to, taking from, putting together, taking apart, and comparing, with unknowns in all positions"
62f8e446-9b85-5251-b904-ad35d66d29a8,,Use drawings or equations with a symbol for the unknown number to represent addition and subtraction problems within 100
85d030b7-c5ec-50af-b54c-9079964cfe9b,,Use drawings or equations with a symbol for the unknown number to represent two-step addition problems within 100
9410f088-07a0-5919-80ce-0da466f40e0f,,Use drawings or equations with a symbol for the unknown number to represent one-step addition problems within 100
a12524cd-2625-50d2-8b21-6c6d32f59ec6,,"Use subtraction within 100 to solve two-step word problems involving situations of adding to, taking from, putting together, taking apart, and comparing, with unknowns in all positions"
c1129849-631d-5d1f-aa4d-65098cb00e7f,,"Use addition within 100 to solve one-step word problems involving situations of adding to, taking from, putting together, taking apart, and comparing, with unknowns in all positions"
d57ecfb9-0ae5-54aa-81c9-2122ac2690ee,,Use drawings or equations with a symbol for the unknown number to represent two-step subtraction problems within 100
ecfbb806-f578-5c33-86ba-99de9e1c5ed5,,"Use subtraction within 100 to solve one-step word problems involving situations of adding to, taking from, putting together, taking apart, and comparing, with unknowns in all positions"
f298b8b3-f332-5ac2-98c0-e1ef8eef580c,,"Use addition and subtraction within 100 to solve two-step word problems involving situations of adding to, taking from, putting together, taking apart, and comparing, with unknowns in all positions"
083e4a61-82ad-5c5f-aa51-6d7e27708f4a,,Apply the formula V = l x w x h to find volumes or right rectangular prisms with whole number edge lengths in the context of solving real-world problems
81d8e832-081f-5083-8a12-c7e33e68f46b,,Apply the formula V = b x h to find volumes or right rectangular prisms with whole number edge lengths in the context of solving mathematical problems
a3ef0b2d-63f8-5889-9d7c-3fde1e1f46f1,,Apply the formula V = l x w x h to find volumes or right rectangular prisms with whole number edge lengths in the context of solving mathematical problems
b553c9aa-c165-534e-b737-1f9bde28a982,,Apply the formula V = b x h to find volumes or right rectangular prisms with whole number edge lengths in the context of solving real-world problems
0a31d080-83c4-50e6-b6f1-b3fe448cfee9,,Write statements of order for rational numbers in real-world contexts
4afb8365-8988-5ac8-81b1-ac1a39a3f65c,,Explain statements of order for rational numbers in real-world contexts
6344463a-fb90-5b70-8e96-54cb7ea5f994,,"Know that a square with side length 1 unit is called a ""unit square,"" has an area of one square unit, and can be used to measure area"
24f125f8-68ee-59fb-8413-f3ac03fd915d,,Explain properties of Independence and Conditional Probabilities in context
f703c697-7bb4-5e33-9f83-56bf272768f3,,Identify events as independent if P(A|B) = P(A)
007dac47-2f7b-5341-8c3c-804bd260f8ea,,Determine the unknown factor in a multiplication equation relating three whole numbers up to and including 10x10
0a25c5d6-57a0-579a-b78e-fce2a7535331,,"Determine the unknown quotient in a division equation relating three whole numbers, limited to dividends through 50 and divisors and quotients through 10"
26cdecbb-91e0-5c11-8820-55004547a871,,Determine the unknown dividend or divisor in a division equation relating three whole numbers
26f02245-d5bb-553c-82e7-e8d97f26dfa5,,Determine the unknown factor in a multiplication equation relating three whole numbers
2b2dea9c-27ea-54c4-a076-dbd4bc5dec6b,,Determine the unknown quotient in a division equation relating three whole numbers
32c5d5d7-6e10-525f-b893-ebdba0d3e31d,,"Determine the unknown dividend or divisor in a division equation relating three whole numbers, limited to dividends through 50 and divisors and quotients through 10"
72f366ee-c47b-540a-a15f-cf787ff8ef87,,Determine the unknown product in a multiplication equation relating three whole numbers
ac8cd492-dfc3-5a92-b85e-101df79bf5ea,,Determine the unknown product in a multiplication equation relating three whole numbers up to and including 10x10
02ba3c2d-6a89-531d-85cb-0827ff101cac,,Solve a simple system of a linear equation and a quadratic equation that defines a parabola in two variables algebraically
111c4cec-26d3-52fe-81a3-14b5e360d739,,"Solve a simple system of a linear equation and a quadratic equation, which could define a circle or a parabola, in two variables graphically"
159c608f-11ad-5e9c-bfa2-9e22be34e775,,"Solve a simple system of a linear equation and a quadratic equation, which could define a circle or a parabola, in two variables algebraically"
9b6eff77-4575-5e5b-968f-63a50d7a06c0,,Solve a simple system of a linear equation and a quadratic equation that defines a parabola in two variables graphically
79f1f256-41cb-5e21-9dd1-b48b39e2e5f6,,Complete the square in a quadratic expression to find the extrema of the function it defines
d94c6269-664e-5acd-9ca7-e9d6e3989a8b,,Identify the vertex as the minimum or maximum value of a function defined by a quadratic expression
6dd78f99-e0d2-58ad-9247-82ad17df2304,,"Write and solve multi-step equations to represent real-world problems, including using rational numbers"
8077db75-c753-5756-9692-d80f67ed63d7,,Compare an algebraic solution to an arithmetic solution and identify the sequence of the operations used in an algebraic solution and an arithmetic solution
9d36a76f-680e-5144-9ffc-8404814c44e3,,Solve equations of the forms px + q = r and p(x + q) = r fluently
aad9e34e-6b22-5c2f-af2c-b61134a918b2,,"Write multi-step equations to represent real-world problems, including using rational numbers"
2a6c578b-cfb6-54cb-96e9-dbe5c70fc492,,Represent threefold whole-number products as volume
3d028b96-3db3-5175-8bbc-74c189ae83b5,,"Demonstrate that packing a right rectangular prism with cubes, multiplying the dimension lengths, and multiplying the height by the area of the base all produce equivalent measurements of volume"
653ba790-47f6-509a-94e4-e6e010e514bd,,Find the volume of a right rectangular prism with whole-number side lengths by packing it with unit cubes
213a7a8d-c175-5e39-b2d3-bfc31bcdeb49,,Describe a whole as two halves
48273ab9-36fd-51fe-857c-51c210d87b4f,,"Partition circles and rectangles into two equal shares, and describe the shares using the word halves and the phrase half of"
a2011257-deb7-5e94-90f5-6b78007bede7,,"Partition circles and rectangles into four equal shares, and describe the shares using the words fourths and quarters and the phrases fourth of and quarter of"
b3badaf7-f812-5eab-85e0-3efa7d03d8e8,,Recognize that decomposing a shape into fourths creates smaller shares than decomposing that same shape into halves
d40094e3-a8d5-5d10-b77a-03ac79364e10,,Describe a whole as four quarters or four fourths
ff414985-eb52-5ea5-9f99-14b918e5d1de,,Add up to four two-digit numbers using strategies based on place value and properties of operations
6e6acf93-1f84-564c-8f6f-22c206e5f633,,Write a ratio to represent the relationship between two quantities
70393172-f85d-520e-86d2-27ef4b1966d0,,Use ratio language to describe a ratio relationship between two quantities
ff25751a-4675-50fe-ab86-bbaaffdda1dd,,Use equivalent ratios to represent the relationship between  two quantities
304a8bf8-0cde-552d-b095-c45917bd3d1d,,Subtract by using the relationship between addition and subtraction to find an unknown addend
4abe18e7-5fb2-59f7-bbe6-854f20131ae5,,Write an equation showing the placement of an unknown addend
fb04b29a-6d95-5584-90f4-ad8d2bf68c97,,Know that subtraction is the inverse of addition
310098f1-72a5-5295-8f19-d58e112ea71f,,Identify when a quadratic equation is best solved through completing the square and complete the square to solve the equation
4a5864a3-cfa9-5e63-9d62-f97b7a6de517,,Select a solution method appropriate to the context and solve a quadratic equation
4de94e49-bb1a-5fad-b374-2a43ae5eaff7,,"Recognize when the quadratic formula generates non-real solutions and write them in the form a ± bi, where a and b are real numbers"
54aff3b8-8d59-5f54-b72c-1e955ac530c0,,Identify when a quadratic equation can be solved through simple inspection or taking square roots and solve accordingly
b02f70c9-aede-5830-8b6a-dd773855a654,,Recognize when the quadratic formula generates non-real solutions
b79f7040-e7d2-50b4-bf0a-6c13ba878ff0,,Identify when a quadratic equation is best solved through factoring and factor to solve the equation
ce439b19-3dfa-5900-8524-0d33021bd40a,,Identify when a quadratic equation is best solved through using the quadratic formula and use the quadratic formula to solve the equation
ef463c26-ba1a-57b8-bda8-b97b517a16e9,,"Using Cavalieri’s Principle, provide informal arguments to develop the formulas for the volume of spheres and other solid figures"
029e11a6-43ba-50cb-8aab-0a205bd02e36,,"Show measurement data by making a fractional line plot, where the horizontal scale is marked off in appropriate units (whole numbers, halves, or quarters)"
566157d3-ede7-5ce6-a077-dc1cbade027e,,Generate measurement data (to the nearest fourth of an inch) by measuring lengths using rulers marked with halves and fourths of an inch
1c9b3eef-86cc-5759-a4e8-257260586023,,Represent the solutions of simple quadratic and cubic expressions by using square and cube roots
4e8760e7-9190-5c6f-b543-50615ab03b67,,Recognize and evaluate the roots of perfect squares and cubes
5c1fe43a-aaa6-5077-95f6-48ebc1f9d623,,Know that the square root of 2 is irrational
62ce8911-cc77-5638-a917-8ce30f8fe9a8,,Recognize and evaluate the roots of perfect squares less than or equal to 625
a0e9560a-5973-5d3f-bbb4-e5a3d6eb7580,,"Recognize and evaluate the roots of perfect cubes less than or equal to 1,000"
6e0022cf-5bb7-5e45-82a3-16393b654a9a,,Prove the slope criteria for parallel and perpendicular lines
70280965-0189-50ed-9e9d-35c82fe7a2cc,,Use the slope criteria of parallel and perpendicular lines to solve problems
e5472637-6bec-5ecf-8c4a-93e93076b13b,,Write the equation of a line that contains a given point and is parallel to a given line
e79c3906-3c62-5f71-99f7-267772f2206e,,Write the equation of a line that contains a given point and is perpendicular to a given line
027af5d2-4e6c-5a3c-8888-cdb53ea6ce49,,"Interpret the product (a/b) × q as a parts of a partition of q into b equal parts, where q represents either a whole number or a fraction"
61ddb83d-92ed-5562-8479-42d6b0c9d1e9,,"Interpret the product (a/b) × q as the result of a sequence of operations a × q ÷ b, where q represents either a whole number or a fraction"
44d0b525-98fb-58b5-84e0-270293a825ee,,Subtract polynomials up to degree two
5e04d101-48b1-5989-a1dc-9c4f2bf126df,,Multiply polynomials of degree one
964f360f-7d89-5ff8-a197-36bc982b2436,,Multiply polynomials
9b609045-383c-54b0-b38e-1cc611333273,,Subtract polynomials
c50a71ac-d6e5-5fcf-8698-91432406b163,,Add polynomials
c7ae6ee3-54e8-5174-9c45-7d9594eafb1c,,Multiply polynomials of degree one and two
dddcd2b9-8e42-51cf-b7c0-c8ae51c04800,,Identify when a combination of two polynomials will result in a polynomial
ecbff836-0298-5c02-aa94-14ab0f5d651f,,Add polynomials up to degree two
15d457bc-6f3e-5250-908b-7bd38247f237,,Estimate liquid volumes using standard units
78c89c62-4540-5d54-90d3-8db8dbecc145,,Measure liquid volumes using standard units
a8a8a7ce-b79c-5625-b119-889b028c386a,,Measure masses of objects using standard units
a8d19cfc-4a1a-5c05-92e5-13de4bd14501,,Estimate masses of objects using standard units
a93d7dd3-e355-5bb6-ab73-f0bcc71a973c,,Use subtraction to solve one-step word problems involving masses or volumes that are given in the same units
d2882c17-719a-53b7-8b37-6aa16fb5c306,,Use addition to solve one-step word problems involving masses or volumes that are given in the same units
e6c20427-d460-5651-99d3-a8bdc9fb074a,,Use division to solve one-step word problems involving masses or volumes that are given in the same units
f0a0bc8e-e6f7-5254-a6e5-fc281bb2e4e7,,Use multiplication to solve one-step word problems involving masses or volumes that are given in the same units
0130a087-3035-5a4c-9488-339c9a0e5bf5,,Show that tiling and multiplication result in the same area for a rectangle with whole number side lengths
bb0d6f97-a5a7-5b87-a871-5dd51dfcb0a7,,Use tiling to find the area of a rectangle with whole number side lengths
539cab15-5fb8-5920-951d-d95e4f9d6aed,,Determine whether two quantities are in a proportional relationship
dad3591d-c534-5c37-8768-47da56a149d5,,Determine whether two quantities presented in a table are in a proportional relationship
e979a208-2a83-523a-9a35-2908826d48e5,,Determine whether two quantities presented in a graph are in a proportional relationship
ae63a86c-f0b4-5469-ab03-05256d63168f,,Demonstrate that the composition of a function and its inverse (in either order) are both equal to x
04b5868f-72b2-55f2-ba20-7c6d8a03d276,,"Use objects, drawings, and equations with a symbol for the unknown number to represent a problem that calls for addition of three whole numbers whose sum is less than 20"
686ee785-60a4-5bfe-a283-667e02707c6a,,Solve word problems that call for addition of three single-digit numbers whose sum is less than or equal to 20.
74008d2f-6e9a-5a5f-9ea4-cd086040aea2,,Solve word problems that call for addition of one two-digit number and two single-digit numbers whose sum is less than or equal to 20.
34eff55f-1c33-5fcb-81c9-49db8a41f1b5,,Write an explicit expression for a function relating two quantities in a real-world context
476f097a-8313-5640-96bb-79ca971329b5,,Define a recursive process to model a function relating two quantities in a real world context
7791ef37-26f9-5ee3-849a-c88dac98164b,,Define or describe the steps for a calculation to model a function relating two quantities in a real world context
32a32b3e-8ea5-5a9a-99b7-a24b06edb625,,Solve real world problems using the formula for the volume of a sphere
593d27f2-ad25-5beb-ac42-181f6161b8f6,,Solve real world problems using the formula for the volume of a cylinder
6aecfcd1-5068-56f0-93cd-b323d5032bef,,"Use the volume formula for cylinders, pyramids, cones, and spheres to solve real world volume problems with composite shapes"
75edaed5-0e04-5cf6-a5e9-8a8d72e0f127,,Solve real world problems using the formula for the volume of a pyramid
bd94712a-92f7-505e-92af-d7c87c0c643a,,Solve real world problems using the formula for the volume of a cone
cbbd5e51-8b27-5a1f-86e4-14c55ef85a2b,,Determine and interpret appropriate quantities when using descriptive modeling
9e7da92d-6017-5110-be3d-8c511302a49c,,Construct inscribed circles of a triangle
c8150718-ed22-5d83-b08a-71dfd0f37e39,,Construct circumscribed circles of a triangle
f6e0917a-5ba1-52ad-8162-0c5d20c3d58d,,Prove properties of angles for a quadrilateral inscribed in a circle
015ee824-246f-5d30-a269-d35b7a3670d3,,"Given the graph of a function, determine the practical domain of the function as it relates to the numerical relationship it describes"
0dccf8c6-ed35-59b6-aaca-25f2bc6ff8bd,,Mentally add 10 to a given number 100-900
2a4d4162-fd7f-5101-aefd-c42a8bd0b36f,,Mentally subtract 100 from a given number 100-900
3a1db492-63c8-5a51-89e2-d2faa7e67740,,Mentally add 100 to a given number 100-900
f7a052d7-450e-546a-a19c-ec216f11934b,,Mentally subtract 10 from a given number 100-900
27324946-fd43-5f87-a290-ede8bb89d744,,Identify the object generated by rotating a two-dimensional figure in space
33b06e27-3731-5818-b818-fab4448483eb,,"Identify the shape of a cross-section of a three-dimensional object, including prisms, pyramids, cylinders, cones, and spheres"
524bcfce-6e7e-571a-b3fe-db64d70d72a7,,Understand a fraction as a number on the number line
2a082506-95a0-5dd2-af52-8933eb92479e,,Calculate joint relative frequencies and interpret them in context
7819f30a-b3f1-5161-ad46-3621ec80a560,,Calculate conditional relative frequencies and interpret them in context
930e4c6d-0d2b-565c-a6cd-97fe0f66f6cb,,Create a two-way frequency table from a set of data on two categorical variables
da7cba64-33be-5c95-82e3-f5471634562d,,Recognize and describe associations and trends in data from a two-way table
f480b087-8be3-58dd-b764-706d8da84d52,,Calculate marginal relative frequencies and interpret them in context
253db6d6-8d38-5881-bd18-15aa16c00739,,Use the properties of exponents to interpret expressions for exponential functions
ac75ed9f-ce0f-5671-b71d-d202ee6dc3c1,,Classify exponential functions as growth or decay
b192afe3-70ae-5969-a7ce-6f2552812830,,Recognize that the first digit in the numerals from 11 to 19 represent a ten and the second digit represents the number of ones
5a0a81bb-41df-5f2b-be89-f9be39d9f4e3,,"Fluently divide within 100, using strategies such as the relationship between multiplication and division or properties of operations"
dd8b4c11-c205-5c97-aa27-464fbcd85a9a,,"Fluently multiply within 100, using strategies such as the relationship between multiplication and division or properties of operations"
ee3360f2-c08d-5933-96c1-8fd9692b63b7,,Know from memory all products of two one-digit numbers
91fe84b3-9adc-5a28-b07f-112a9c530676,,Connect counting to cardinality
c2e2429f-7d01-5495-9283-433c4784f707,,Connect numbers to quantities or amounts
08434f52-ce6d-52c1-aee7-dbace1454390,,Describe and identify the two-dimensional figures that result from slicing a right rectangular prism or pyramid by a plane perpendicular to one of the faces
4c290798-184f-51b0-94d9-e54f3297ccc7,,Describe and identify the two-dimensional figures that result from slicing a right rectangular prism or pyramid by a plane that is not parallel or perpendicular to a base
4fa7e2b4-ddcc-5788-b029-d3b203a81a41,,Describe and identify the two-dimensional figures that result from slicing a three-dimensional figure by a plane perpendicular to one of the faces
851942b6-cfe6-5dc8-97fa-f0843ac6d7f8,,Describe and identify the two-dimensional figures that result from slicing a three-dimensional figure by a plane perpendicular to the base or a  plane parallel to the base
feecfb2f-8f31-5225-a204-9c659b3df3e9,,Describe and identify the two-dimensional figures that result from slicing a right rectangular prism or pyramid by a plane perpendicular to the base or a plane parallel to the base
b6895508-0678-5c62-bb8a-14a85e069598,,Understand that solutions to a system of linear equations correspond to the points of intersection of their graphs
a6b9e104-0ad2-5be8-95fb-bfe98852eb01,,Connect the terms of an expression to the quantities they represent in a given context
cf0f4c07-5eba-5dd0-ad62-b1f92baad745,,Recognize how an expression represents the quantities in a given context
2ad934e1-0446-5174-ae7c-26b06e85dbc6,,"Describe the relative positions of objects in the environment using terms such as above, below, beside, in front of, behind, and next to"
3938ec14-4750-5d0d-918c-cbdcaad95f34,,Describe objects in the environment using names of shapes
31632a52-38dc-5125-a5df-47e4bf17e976,,Choose and interpret both the scale and the origin in graphs and data displays
7cc46507-fb0d-5b3a-b70e-30073ebea3e2,,"When solving a multi-step problem, use units to evaluate the appropriateness of the solution"
a0e1fbf0-f9b1-5b64-884c-b4409e99ddb9,,Choose the appropriate units for a specific formula
c2c683ad-34ba-5ae5-b56d-782a5e0efeb2,,Interpret units in the context of the problem
0cb33278-9c22-54ed-8781-e9597a9925ea,,Use sine and cosine to model periodic phenomena
85483a03-0245-58d4-b861-e9c311c081e4,,"Given the amplitude, frequency, and midline in situations or graphs, determine a trigonometric function used to model the situation"
00d897bf-a5e0-5251-8d2d-f14c4fb0568f,,"Use the unit circle to express the values of sine, cosine, and tangent for π - x in terms of their values for x, where x is any real number"
35bd892b-d1a5-5d2c-a4d5-e3a64ccb36d4,,"Use the unit circle to express the values of sine, cosine, and tangent for π + x in terms of their values for x, where x is any real number"
5ead0710-3515-5160-b47a-b2feaf15a520,,"Use special triangles to determine geometrically the value of sine, cosine, and tangent for π/3"
5fe398f4-891a-5053-b6f0-e9fb217e972c,,"Use special triangles to determine geometrically the value of sine, cosine, and tangent for π/4"
6fa66ad1-7c4b-5e22-b07c-95d36edf49ca,,"Use special triangles to determine geometrically the value of sine, cosine, and tangent for π/6"
9aee6f7b-22b4-5f95-b3a2-5d8d70bfe4ee,,"Use the unit circle to express the values of sine, cosine, and tangent for 2π - x in terms of their values for x, where x is any real number"
3a3fe439-d875-579c-9c6f-80549bd81485,,Subtract vectors
f938905a-95bc-5074-b6a7-d0dc534dcfda,,Add vectors
3a23b49b-f527-5bbf-883a-f2fe098136a0,,Recognize vector quantities as having both magnitude and direction
bfa146a0-a474-5084-8e1a-f45b5e6b7387,,Use appropriate symbols for vectors and their magnitudes
cc45aa4f-5813-5595-aefc-6eaf2d0aabae,,Represent vector quantities by directed line segments
0470d095-8cb5-593f-90b3-d4712f8afe45,,"Given a focus and directrix, write the equation of a parabola"
bd5c0e85-2865-5e82-bf14-38b8bef60d6a,,Interpret the slope of a linear regression model in the context of the data
c38142da-0060-5947-92b0-9b7d3d9625cf,,Interpret the intercept of a linear regression model in the context of the data
a06a71ca-4485-5c95-a6b7-7de47ae7270a,,Use coordinate notation to describe geometric transformations
b59bc0b1-8030-5a41-a562-26c61402e8a6,,Compare transformations that preserve distance and angle to those that do not
e8a0d6bd-2f37-5ef0-8d83-ee22bb68017d,,"Use various technologies such as transparencies, geometry software, interactive whiteboards, and digital visual presenters to represent and compare rigid and size transformations of figures in a coordinate plane"
f38d6562-76d3-5425-b36e-8697e0ea4fdc,,"Describe and compare function transformations on a set of points as inputs to produce another set of points as outputs, to include translations and horizontal and vertical stretching."
c9b019b0-dabf-5b20-8033-1a455d51692b,,Weigh the possible outcomes of a decision by assigning probabilities to payoff values
fe8ccaeb-0790-5c50-97e6-2adaec59a933,,Weigh the possible outcomes of a decision by assigning probabilities to payoff values and finding expected values.
cd83695e-902c-5c63-87dc-672678575d03,,Find the expected payoff for a game of chance
00c5755b-21fc-5b36-97ae-b14244747eb2,,Mentally find 10 less than a given number without counting by ones
2626d399-cf58-5450-a5f4-6141c0093dd5,,Mentally find 10 more than a given number without counting by ones
a58c4ac4-d0be-5352-9454-9604b4adbf82,,"Explain the reasoning used to find 10 more or 10 less than a number, including by using base-ten blocks, hundreds charts, or other representations."
5d51d7bd-68e1-5d6d-bbff-b674c73bbaea,,"Know and justify that when adding a rational number and an irrational number, the result is irrational"
abd58ddd-8456-51c4-ad20-f0f7b2e2046b,,"Know and justify that when adding or multiplying two rational numbers, the result is a rational number"
c9f8185a-788f-55a3-a3d4-d727f24a6aa0,,"Know and justify that when multiplying a nonzero rational number and an irrational number, the result is irrational"
05afb8bd-8320-5fa6-98f6-ac0be0fa5767,,Use the concept of density when solving real world problems involving area
acb7200c-5e29-5911-8f17-7c35b44d9cc6,,Use the concept of density when solving real world problems involving volume
177feacf-8df5-5f64-bf84-2cb624eeb07f,,Interpret quotients of rational numbers by describing them with real-world contexts
17876f9a-7079-5994-beb2-730c4e14393f,,Understand the quotient of integers with non-zero divisors as rational numbers
9dd24851-bd35-5c34-8a65-4b865b8e8567,,Understand the rules for dividing signed numbers
151f1688-bc6d-5513-97b3-a253677bcdae,,"Using technology, fit a linear function to a scatterplot that appears linear"
cc92777d-8558-595a-a470-93254eb1d151,,Algebraically fit a linear function to a scatterplot that appears linear
4699507b-6293-5545-8994-747b86bd087e,,Use the properties of dilations to show that two triangles are similar when all corresponding pairs of sides are proportional and all corresponding pairs of angles are congruent
9340a6a5-53d9-5585-890a-2e446eb4023c,,"Given two figures, determine whether they are similar and explain their similarity based on the equality of corresponding angles and the proportionality of corresponding sides"
95866cee-da95-5111-a757-301bb6af30d3,,Use the idea of dilation transformations to develop the definition of similarity
4405fc89-0759-5cb9-a19c-2df78487de36,,"Construct an exponential function for a mathematical context given a geometric sequence, a graph, a description of a relationship, or two input-output pairs (include reading these from a table)"
9955ddc8-b90d-5dcb-94f3-3c09aee68906,,"Construct an exponential function for a real-world context given a geometric sequence, a graph, a description of a relationship, or two input-output pairs (include reading these from a table)"
f206886c-6628-5dbd-a241-acc362587b88,,"Construct a linear function for a real-world context given an arithmetic sequence, a graph, a description of a relationship, or two input-output pairs (include reading these from a table)"
10f9981b-bd95-54e1-87ea-1c478f3e5d32,,Identify the different parts of an exponential expression and explain their meaning within the context of a problem
1b15c3e4-c71b-551c-bcb2-ac09a429c8ab,,Identify the different parts of a square root expression and explain their meaning within the context of a problem
33226d2a-be82-5f9f-9e5a-f641c76a3daf,,Identify the different parts of an inverse variation expression and explain their meaning within the context of a problem
3eb0f361-9ff1-5511-b641-3746051b93f7,,"Identify the different parts of an expression and explain their meaning within the context of a problem
"
5b501154-97bc-5858-8544-1812e2951df8,,"Identify the different parts of a piecewise expression, including absolute value expressions, and explain their meaning within the context of a problem"
5e5511bc-be84-5367-9a27-3a74500c283a,,Identify the different parts of a rational expression and explain their meaning within the context of a problem
5e82e228-60df-59c1-9fce-8bcacfef9022,,Identify the different parts of a linear expression and explain their meaning within the context of a problem
5ea237bb-76ab-52e9-805f-725e9fbd295c,,Identify the different parts of a polynomial expression and explain their meaning within the context of a problem
7d357604-fe7d-521d-802d-cc777a115e31,,Identify the different parts of a quadratic expression and explain their meaning within the context of a problem
d94b3995-47da-5528-a201-a4257030f13e,,Identify the different parts of a right triangle trigonometric expression and explain their meaning within the context of a problem
3ad29867-b72b-5318-9362-2a15e7ea56c4,,Represent a division problem as an equivalent multiplication problem with an unknown factor
6c50e14a-dfd4-5eb5-854c-033171e438f0,,Determine a quotient by representing a division problem as an equivalent multiplication problem
0b02e7de-4ba2-56d0-97c9-e8143edb3c7f,,"Prove the addition and subtraction formulas sin(A +/- B), cos(A +/- B), and tan(A +/- B)"
ed001415-3de2-5554-80f3-9ab31b11f352,,Use the addition and subtraction formulas to determine exact trigonometric values
39865eff-a84f-5354-b603-13ad5b99dd9f,,Fluently multiply 3-digit by 4-digit whole numbers using the standard algorithm
39c3502c-ceeb-583a-aad8-de683defa923,,Fluently multiply 2-digit by 4-digit whole numbers using the standard algorithm
c944c44a-afc2-5b4c-8e61-a4a8332496e0,,Fluently multiply 2-digit by up to 3-digit whole numbers using the standard algorithm
f71f6845-7313-58e0-888a-58cd23fb6266,,Fluently multiply 3-digit by 3-digit whole numbers using the standard algorithm
3caedc60-779a-5ae1-9dfb-c2bc82908149,,"Multiply a non-unit fraction by a whole number (denominators limited to 2, 3, 4, 5, 6, 8, 10, 12, and 100)"
801b8bb6-e46c-54e2-ba61-70dffecbb765,,"Multiply a fraction by a whole number (denominators limited to 2, 3, 4, 5, 6, 8, 10, 12, and 100)"
a9ce7b44-70ca-5ae3-b56e-2b0fc3594948,,"Multiply a unit fraction by a whole number (denominators limited to 2, 3, 4, 5, 6, 8, 10, 12, and 100)"
b676d1b5-98bb-5bd5-936b-cedc2eb286ce,,Multiply a fraction by a whole number
0b131675-fbee-5aca-97ee-ed67d6f64697,,Recognize that equal shares of identical wholes need not have the same shape
4219c4aa-da1f-5f0f-bca8-0482f1d5a02b,,"Partition objects, including circles and rectangles, into three equal shares and describe the shares using ""thirds"""
75be40c8-e4b3-543e-87fb-d9717ca4481f,,"Describe a whole based on its number of parts, including two halves, three thirds, and four fourths"
88c9fab3-16ee-5778-86d1-7aceb2a13de2,,"Partition objects, including circles and rectangles, into four equal shares and describe the shares using ""fourths"""
8e30f23e-7d4b-52e5-a03f-597e9cbe69bd,,"Partition objects, including circles and rectangles, into two equal shares and describe the shares using ""halves"""
7d2e9341-ba96-5ec3-9b98-3fb270bc5508,,"Interpret differences in different data sets in context, including differences due to possible effects of outliers"
67bf1af6-fd02-5c63-96f2-e7bd99f3181e,,"Know that to measure the length of an object with a number of same-size length units, the units must span the object with no gaps or overlaps"
c325c592-bf72-5ea3-9028-4d01163583d9,,"Express the length of an object as a whole number of length units, by laying multiple copies of a shorter object (the length unit, such as a paperclip) end to end."
395bd3e9-644c-5663-b58e-56354ee70424,,Recognize and explain the concepts of independence and conditional probability in everyday situations
024f4fbf-e984-5112-9bb8-739b8c5500bb,,Analyze a residual plot to determine the fit of a function model
467bd3f8-7004-5618-91ed-46e1bfb4f200,,Calculate residuals and create a residual plot
09bd90d2-6eb9-5993-96d8-f40026381866,,Use the Pythagorean Theorem and its converse to show whether a triangle is a right triangle or not
54ee8a5e-cef6-5f6e-b5eb-0290648f1fe3,,Explain a proof of the converse of the Pythagorean Theorem
9ca7bb46-66c1-5951-83b6-644359a0b555,,"Explain a proof of the Pythagorean Theorem, including through use of models and diagrams"
398840e5-3a2d-5e01-b9e7-d07a2d8041c3,,Recognize that angles are formed when two rays share an endpoint
19cec163-412b-5bb2-bddf-f54d76cbd37a,,Identify the graph of a line as representing a linear function
469afc42-3bc5-5b32-b937-e05b8bdcbd2e,,Recognize and give examples of functions that are (or are not) linear
646a03d8-7880-5331-8ac5-ab4912d891ca,,Identify the equation y = mx + b as representing a linear function
4de8aad6-5836-5e79-9673-89304279437c,,Determine  the total number of objects arranged in rectangular arrays with up to 5 rows and up to 5 columns
abdeadbc-894d-5836-b635-b51d0c9245ff,,Write an equation to express a total as a sum of equal addends
5b1f724c-bdc0-5839-9be6-9732031dc911,,"Given a rate relationship between two quantities in a mathematical problem, calculate the unit rate"
863028c4-61cc-5e59-8c83-beea5ec279c3,,"Given a rate relationship between two quantities in a real-world problem, calculate the unit rate"
2bfc7496-6e00-5c7d-9d81-1df05d4642c5,,"Compare fractions by reasoning about their size (with denominators 2, 3, 4, 6, and 8)"
f577262f-e994-558d-9643-47ad8a8f80ca,,Explain equivalence of fractions in special cases
95a6521a-e945-576b-9934-ce4039978c77,,Use exponent properties to generate equivalent numerical expressions with integer exponents
11d23252-77bd-599b-ab46-946bdee0286e,,Identify arithmetic patterns
686b69e4-341d-544e-9191-9d0e2e71827e,,Explain arithmetic patterns using properties of operations
a0846564-d632-56ca-ab05-d2ebdd070c60,,Identify arithmetic patterns in a multiplication table
d340a239-b067-5481-997a-a037b5832b1d,,Identify arithmetic patterns in an addition table
8f3e372f-10be-5526-8b26-808f4044e844,,"Round multi-digit whole numbers to any place within 1,000,000"
bfb3223b-9289-5017-a319-ed7932ef91d3,,"Describe the linearity, strength, direction, and clusters or outliers of an association shown in a scatter plot"
cb4fa2a9-ca81-55f4-8f24-dfc4ed997bf8,,Construct scatter plots given a set of data
f333277a-3fa1-5b04-b249-92c5bf27dc60,,Interpret scatterplots and recognize patterns of association in the data
54a463dd-df6b-5ace-afb5-b3b179799e8e,,Apply properties of operations as strategies to multiply rational numbers
c48c1cff-df43-5290-8c24-3a7166311e44,,Apply properties of operations as strategies to divide rational numbers
9d795694-10ee-5720-b042-24295517817c,,Demonstrate understanding of ordering of rational numbers
dbe78488-3e7b-5279-abf0-c84e82cf48a6,,Demonstrate understanding of absolute value of rational numbers
64c60862-10fa-526e-86f4-d1fcbd68c0e8,,Summarize numerical data sets in relation to their context by reporting the number of observations
882e3e9d-24ef-5bd6-8dcd-f34c74db0e73,,Work with 2 x 2 matrices as transformations of the plane
f5556ce9-0389-547e-b256-16a6fd13219b,,Interpret the absolute value of the determinant of a 2 x 2 matrix in terms of area
912cf934-0cdc-5c68-ad4e-133023e02d82,,Summarize numerical data sets in relation to their context
52a53073-75a3-592d-a9cf-aba403b0d018,,Determine whether expressions are equivalent using the properties of operations to simplify or expand expressions
5ccfcd23-a3c0-5104-90a1-74f37f2c2e56,,Explain whether expressions are equivalent using the properties of operations and substitution of the variable
67cfaafc-d884-51af-b809-d3beb5308379,,Use substitution of the variable to determine whether expressions are equivalent
61fbfd28-285c-54f7-aa98-f119791e4694,,Identify whether the number of objects in one group is greater than the number of objects in another group
80c711ce-58ca-50a6-bb1b-3bcff46f43d2,,Identify whether the number of objects in one group is equal to the number of objects in another group
b7ed5640-c23e-5d02-a378-28396c32df46,,Identify whether the number of objects in one group is less than the number of objects in another group
7f339f4c-abc1-50e7-a0f3-448af44eabec,,Find the volume of a three-dimensional figure by counting unit cubes
1d352a1c-205d-5403-bfe5-a1e6b798915a,,"Solve linear equations in one variable, including equations with coefficients represented by letters"
9d4e71b3-160a-5522-9c08-8291edc97d55,,Solve linear inequalities in one variable
1781e56e-47c9-516c-b629-aae8cd68f41b,,Subtract rational numbers to solve mathematical problems
1bff6614-a6c0-5ee1-84a5-0da4f870a38f,,Add rational numbers to solve real-world problems
29a9858d-11e0-5445-9b49-f5eb46ce5341,,Multiply rational numbers to solve real-world problems
2f8040bb-70fe-5a05-9538-59afb5a6b7f4,,Add rational numbers to solve mathematical problems
39612eaf-3eed-57be-96d2-4ac4abda7d59,,Subtract rational numbers to solve real-world problems
8c3bf1a0-0301-5a31-8be8-5df2670b3429,,Multiply rational numbers to solve mathematical problems
d28fda5e-9a78-52d3-b990-f49ae553a303,,Divide rational numbers to solve real-world problems
d69891ac-e002-5ba0-a6ef-eaed347d9ef8,,Divide rational numbers to solve mathematical problems
3fd3c652-c7ac-5615-b8b7-50ff7718d89a,,Identify statistical questions
040a3c85-8449-5aaf-9d57-912875b596d0,,"Compare two-dimensional shapes in different sizes and orientations, using informal language to describe their similarities, differences, parts, and other attributes"
2b32313c-e965-5b68-a744-d60f6a15b000,,"Analyze two-dimensional shapes in different sizes and orientations, using informal language to describe their parts, including number of sides and vertices/corners, as well as other attributes (e.g. having sides of equal length)"
305edb5e-e972-5f35-adae-d95371fb9b0f,,"Compare three-dimensional shapes in different sizes and orientations, using informal language to describe their similarities, parts, and other attributes"
40a169c6-414f-5e1e-9350-8980469c6985,,"Compare three-dimensional shapes in different sizes and orientations, using informal language to describe their differences, parts, and other attributes"
50953a3f-63f3-5b72-9f49-3466e8040e50,,"Compare two-dimensional shapes in different sizes and orientations, using informal language to describe their similarities, parts, and other attributes"
7dfda327-0d4b-5dd0-894a-9b8a59b51069,,"Analyze and compare two- and three-dimensional shapes, in different sizes and orientations, using informal language to describe their similarities, differences, parts (e.g., number of sides and vertices/""corners"") and other attributes (e.g., having sides of equal length)."
7ea56e28-619b-5c4d-bdef-8534d5c1296c,,"Analyze three-dimensional shapes in different sizes and orientations, using informal language to describe their parts, including number of sides and vertices/corners, as well as other attributes (e.g. having sides of equal length)"
b70d9b7c-8ce0-58a8-b0f5-cb49019e6b4e,,"Compare three-dimensional shapes in different sizes and orientations, using informal language to describe their similarities, differences, parts, and other attributes"
fcecf352-8bab-5ecc-bb5b-83841c593cbb,,"Compare two-dimensional shapes in different sizes and orientations, using informal language to describe their differences, parts, and other attributes"
5b18f52e-5eae-5b00-9720-d66c9f21084d,,Summarize numerical data sets in relation to their context by relating the choice of measures of variability to the shape of the data distribution and the context in which the data were gathered
8f6aea95-061a-5ffb-ab9a-092241f50441,,Summarize numerical data sets in relation to their context by relating the choice of measures of center to the shape of the data distribution and the context in which the data were gathered
05492c78-5bc3-51f2-890d-92283c0d1c00,,Use tables to compare ratios
23e8528c-1687-5088-9a16-d51bc8a145e6,,Find missing values in ratio tables
31d1aa9e-8254-5472-b22c-36d17d807f58,,Plot pairs of values from ratio tables on the coordinate plane
8074c052-9641-561c-886a-a9846d3f086f,,Plot pairs of ratio values on the coordinate plane
96529518-a495-5947-b797-c53a2d3c7a05,,Make tables of equivalent ratios relating quantities with whole-number measurements
25b05fc8-91c0-53ba-857d-2999693a6c13,,Multiply matrices by scalars to produce new matrices in a mathematical context
95aed6d1-baae-5581-b0a5-d0a5e556cea3,,Multiply matrices by scalars to produce new matrices in a real world context
4dd3ad72-9adc-5535-b3b6-fec995b1b847,,Construct a tangent line from a point outside a given circle to the circle
29e60e03-2920-51de-aff0-cb317dad7e54,,Solve unit rate problems including those involving unit pricing and constant speed
25797f65-59f4-5a0a-a579-d3667d28370e,,"Use <, >, and = symbols to record comparisons of two decimals to the thousandths"
7497ced2-125e-5196-a101-83702ed6df68,,Compare two decimals to the thousandths
433011a1-134c-5841-a49b-b33e87282103,,"Identify two fractions as equivalent (equal) if they are the same point on a number line (with denominators 2, 3, 4, 6, and 8)"
a04aae38-9db3-5a88-bbea-ee0920c415c7,,"Identify two fractions as equivalent (equal) if they are the same size (with denominators 2, 3, 4, 6, and 8)"
056c6b51-39c7-52a5-904d-82ad889b069c,,Understand the rules for multiplying signed numbers
be26c574-9da9-5f75-83d1-d14ac1c00d09,,Interpret products of rational numbers by describing them with real-world contexts
91a4d15a-cda6-510b-ba13-56d5bf536917,,Represent proportional relationships between quantities
b02c3de8-7535-5bfc-8e3f-8437bc32a140,,Recognize proportional relationships between quantities
19b14df5-b02c-5024-b774-6f9db59570e4,,"Know that every number is a complex number of the form a + bi, where a and b are real numbers"
1bbdaf6c-df07-5c01-8a79-9813c0ad3577,,Know that the complex number i^2 = -1
0d09acef-0351-5d6e-8d35-ec2a950c1cf5,,Find area of quadrilaterals by composing into rectangles or decomposing into triangles and other shapes and use to solve mathematical problems
5a75b6d4-a3f4-5ff8-bf12-f81ff5586042,,Find area of polygons by composing into rectangles or decomposing into triangles and other shapes and use to solve mathematical problems
68e69e23-c527-5dbc-b54a-7e1d0b1115fb,,Find area of polygons by composing into rectangles or decomposing into triangles and other shapes and use to solve real-world problems
924ca975-15b2-59d6-9093-d59fbbc7bbdb,,Find area of quadrilaterals by composing into rectangles or decomposing into triangles and other shapes and use to solve real-world problems
ae975d69-8c4a-580b-aba0-7d9089b3393b,,Find area of triangles by composing into rectangles or decomposing into triangles and other shapes and use to solve real-world problems
c2509042-cd73-5665-88f3-317d399b8e9d,,Find area of triangles by composing into rectangles or decomposing into triangles and other shapes and use to solve mathematical problems
13498e57-1a95-5b05-a073-f99ab6e932ff,,"Generate equivalent fractions using the principle a/b = (n x a)/(n x b) (denominators limited to 2, 3, 4, 5, 6, 8, 10, 12, and 100)"
5f61cb2a-1c2e-5a6f-9f57-47629badf7c0,,Recognize equivalent fractions using the principle a / b = (n x a)/(n x b)
74de8dae-331b-5d0a-8f64-a1e8c7c5c3be,,Explain why a fraction a/b is equivalent to a fraction (n x a)/(n x b) using visual fraction models
c3b684c1-9c44-51cd-8a52-d7812ec62951,,Generate equivalent fractions using the principle a/b = (n x a)/(n x b)
df5f3fb2-9b5d-5e23-838e-dc991a80a444,,"Recognize equivalent fractions using the principle a / b = (n x a)/(n x b) (denominators limited to 2, 3, 4, 5, 6, 8, 10, 12, and 100)"
940c5192-bc92-5bd6-b1c4-f5bedb87f0f9,,Determine the magnitude and direction of the sum of two vectors given in magnitude and direction form
a4edafd2-4b08-5996-bbb9-4bdca1b10eb2,,Use the formula A = 1/2 ab sin (C) to find the area of any triangle
e63ee628-3eb1-5fba-a2a1-0de043bf101e,,Derive the formula A = 1/2 ab sin(C) for the area of a triangle by drawing an auxiliary line from a vertex perpendicular to the opposite side
0013fbee-3e76-500f-9978-42aa1a65f105,,Use conversions to solve multi-step real-world problems
0c81b764-6a02-55dc-b60e-2d7d9806599a,,"Convert a measurement of length, mass, or volume from a smaller unit to a larger unit within the same system of measurement"
783e04ae-9b0c-5680-9b1a-7084998118c9,,"Convert a measurement of length, mass, or volume from a larger unit to a smaller unit within the same system of measurement"
1737d47d-d4d5-5f83-a314-65c293769020,,"Graph trigonometric functions, showing period, midline, and amplitude"
1f487587-cd8a-575e-9f42-75dcf673d2ed,,"Graph exponential functions, showing intercepts and end behavior, including asymptotes as appropriate, in real-world contexts, limited to situations that do not require a constant term"
5c3304d5-3347-532e-89bf-f519d2e1a23c,,"Graph exponential functions, showing intercepts and end behavior, including asymptotes as appropriate, in real-world contexts"
6b8d8189-b243-5ad1-9193-99edeeee1db7,,"Graph exponential functions, showing intercepts and end behavior, including asymptotes as appropriate, in mathematical contexts, limited to situations that do not require a constant term"
e56668f9-b6be-5381-bae6-6d6aae965d36,,"Graph exponential functions, showing intercepts and end behavior, including asymptotes as appropriate, in mathematical contexts"
f0cbeebe-a162-531a-a633-dc0bee3cd369,,"Graph logarithmic functions, showing intercepts and end behavior"
bd3e69fd-bd39-59c3-97d2-32a424fb2819,,Apply geometric methods to solve design problems
07e8b8c4-58c3-5a8e-a2df-e2053cb67891,,Identify relative sizes of length measurement units within the metric system
08cdf68d-9252-53a6-931d-82338eba3641,,Identify relative sizes of mass/weight measurement units within the customary system
1dc43d2c-2fbb-514f-a2bc-49ef0d418ae4,,"Identify relative sizes of time units (hours, minutes, seconds)"
471384ea-a5e2-5447-9d6c-9f638ffa2d29,,Record equivalent measurements in a two-column table
4a130b79-0f37-5900-819a-719c64b36aa7,,Identify relative sizes of mass/weight measurement units within the metric system
c1f00fc0-e0f0-5e54-a35a-fc8881b61748,,Identify relative sizes of length measurement units within the customary system
da70f59c-db93-5dca-86e9-72134a429d4e,,Convert a measurement from a larger unit to a smaller unit within a system of measurement
2013ca22-fbca-5331-93f9-0beea2dd9cf1,,"Use >, =, or < to record the results of fraction comparisons"
56514983-4388-5971-bad0-595dbec5e266,,Compare two fractions with the same denominator by reasoning about their size
b77a918b-49b4-5e85-a6da-8dae176ef619,,Justify comparisons of fractions with the same numerator or same denominator
ea2ae87f-40aa-53fd-9a03-b69889f16266,,Compare two fractions with the same numerator by reasoning about their size
ee846e61-d7ce-552b-b277-2934c48eadf9,,Recognize that comparisons of fractions are valid only when the two fractions refer to the same whole
2dd98000-baf7-51f5-b642-98088a51f3b3,,Identify a division situation (limited to dividends through 50 and divisors and quotients through 10) based on a given division expression
30398626-543a-5938-9b46-e104c4fe2674,,Interpret whole number quotients as the number of groups when a set number of objects is partitioned into equal groups (limited to dividends through 50 and divisors and quotients through 10)
560b2136-c220-5fd0-9921-65dc9e420013,,Identify a division situation based on a given division expression
5a4a44b7-e5ad-5e82-ad9d-f8583eec7061,,"Model a division situation (limited to dividends through 50 and divisors and quotients through 10), including by writing a division expression"
6d81db77-12a6-5365-964b-662704c00685,,Interpret whole number quotients as the number of groups when a set number of objects is partitioned into equal groups
7c6b812d-91f6-5918-8013-b06b116acde4,,"Model a division situation, including by writing a division expression"
ab83adaa-ddb6-5417-b234-7a2f3ccdb222,,Interpret whole number quotients as the number of objects in each group when a set number of objects is partitioned into equal groups (limited to dividends through 50 and divisors and quotients through 10)
fabd7cd3-31b6-5bd2-9f16-df566baff445,,Interpret whole number quotients as the number of objects in each group when a set number of objects is partitioned into equal groups
47cdf11f-85a1-5d6e-bd10-6e998865709d,,Represent a non-zero number of objects up to 20 with a written numeral
ad9ed28a-1130-545c-9785-65376cad6a19,,Write numbers from 0 to 9
eaa30141-1b84-5d15-ae7f-dab4709bd0ae,,Use the number 0 to represent a count of no objects
ef66c64b-bb86-50a5-8201-616a083b649f,,Write numbers from 0 to 20
0569b708-7177-5034-81cd-d9bce08fa869,,Represent multiplication of complex numbers geometrically on the complex plane
1678f041-c5c2-5ed3-9685-609aa5f7698c,,Represent addition of complex numbers geometrically on the complex plane
227902d8-caec-520d-b1ce-980368435878,,"Use properties of a geometric representation of addition, subtraction, multiplication, and conjugation of complex numbers for computation"
776bab57-7026-50f8-a887-85aaf132c685,,Represent conjugation of complex numbers geometrically on the complex plane
de3f78ea-5eb7-53b1-8d79-721caa26b948,,Represent subtraction of complex numbers geometrically on the complex plane
0633be21-f327-5c6f-bb26-c059e7d01f56,,Compare probabilities from a model to observed frequencies
60ea6d10-1a57-5d4d-a153-94b9eedb7f81,,Explain discrepancies between a theoretical probability model and observed frequencies
9921d1aa-64ef-5865-9365-e9aa07d6a12b,,Develop a probability model and use it to find probabilities of events
60a6523a-1d2e-5d2f-88b2-de705676813c,,"Draw informal comparative inferences about numerical data from random samples of two populations, including by using measures of center and variability"
3cdfa046-f39d-599f-8575-f8795e66d2ca,,"Write multi-step inequalities to represent real-world problems, including using rational numbers"
47e19034-8324-50a2-95c9-c797fd74ad85,,Graph the solution set of a multi-step inequality
4d78d954-250c-55b3-aa2e-88a34869914a,,"Solve inequalities in the form px + q > r or px + q < r (including inequalities using symbols expressing ""less than or equal to"" and ""greater than or equal to"")"
e21b23ac-0ae7-58a6-b99e-2b7fc9a16a4e,,Interpret the solution set of an inequality in the context of the problem
9f5c095c-c8bb-5386-b0f7-8ffa1970f5e4,,Recognize that all solutions to an equation in two variables are contained on the graph of that equation
0c77d0e6-74c2-510b-97f6-8c6648f29830,,Use a combination of factoring techniques to factor an expression (does not include factoring by grouping)
187cf0cf-d248-5e1f-87d4-83f6ad362318,,"Simplify expressions including combining like terms, using the distributive property, and other operations with polynomials"
6809d1e7-c1b5-5653-bde4-929b532484f1,,"Factor a trinomial of the form ax^2 + bx + c, with a leading coefficient of 1"
748e0ba9-6efb-5e0f-b89f-10c8bf0c5fd0,,Factor a difference of squares
77749c39-6e07-5d20-8ce3-39eb37d2a176,,Factor a sum or difference of cubes
91324b6d-e7dd-5978-a5ab-b216f444d251,,Rewrite a quadratic polynomial expression using the distributive property
9e18d5e6-e715-544b-8aed-9e37b3b7a463,,"Factor an expression, including polynomials, by grouping"
ac82dd78-82e2-56db-a2be-169535eb17a0,,"Factor a trinomial of the form ax^2 + bx + c, with a leading coefficient other than 1"
b0ef50da-9008-59fc-945e-912aea50f4af,,Factor a polynomial by factoring out common factors
b4cd884d-4409-5189-9191-1c29a76a3b11,,Factor a higher-order polynomial that may be expressed as a quadratic within a quadratic
d7f9309a-82d1-5191-a426-002776e34906,,Rewrite a linear polynomial expression using the distributive property
fd2719ea-0d2f-5f68-a4ae-8d354cd0a48f,,"Use a combination of factoring techniques, including factoring by grouping, to factor an expression"
688e70b1-d659-573b-b94e-07c2c4d64f6a,,Know that each successive number name refers to a quantity that is one larger
da9fc2c7-7cf2-52ef-bd89-1f1c625401e6,,"Solve multi-step ratio problems, including by using proportional relationships"
fda5f0e0-0366-5113-931b-3d9930bdfb5a,,"Solve multi-step percent problems, including by using proportional relationships"
2f4e3bac-b5ee-57ac-a8c7-f70bb5b3291d,,Read and write decimals to hundredths by moving between base-ten numerals (standard form) and number names (word form)
364bf4c1-4343-56cb-bce2-b6f3cf8ba9dc,,Read and write decimals to the hundredths by moving between base-ten numerals (standard form) and expanded form
8c0e0d39-bbad-57fe-8d12-0697f429a503,,Read and write decimals to the thousandths by moving between base-ten numerals (standard form) and expanded form
a8282e62-9d78-58c3-816e-d308f479e331,,Read and write decimals to the thousandths by moving between number names (word form) and expanded form
a96daa57-0c4b-526b-a57a-e517e0f43a34,,Read and write decimals to the hundredths by moving between number names (word form) and expanded form
b6add9b5-d489-5219-8c7b-fe5006a55c05,,Read and write decimals to thousandths by moving between base-ten numerals (standard form) and number names (word form)
6f0181a4-76d5-5492-a59a-c4cbcd5744fc,,"Using previous comparisons and descriptions of transformations, develop and understand the meaning of rotations, reflections, and translations based on angles, circles, perpendicular lines, parallel lines, and line segments"
13bc07f5-d31e-53eb-af2a-673c884d2803,,"Use the definition of congruence, based on rigid motion, to show two triangles are congruent if and only if their corresponding sides and corresponding angles are congruent"
108ea2f2-86d5-5291-9e69-7fa4674b9651,,Apply properties of operations as strategies to add
4309ce5e-a224-55a8-a26c-6a2f822d073c,,Apply properties of operations as strategies to subtract
2cd4f531-6eca-5069-b41e-159525dd624c,,Count to find the total number of same-size squares in a partitioned rectangle
df455161-765b-5d0d-895f-8a61c9cee685,,Partition a rectangle into rows and columns of same-size squares
195e87be-5fc5-5604-b33d-78380f61bffb,,Use equations with a symbol for the unknown number to represent word problems involving multiplicative comparison
81f35b63-e3d7-5fef-92ef-ac579b749b04,,Divide to solve word problems involving multiplicative comparison
b8565b5b-cd3f-5b68-9838-46d59f0c43ab,,Multiply to solve word problems involving multiplicative comparison
175a45df-f09a-50cd-b5f3-54826ac750a7,,Classify quadrilaterals in a hierarchy based on properties
8bd3a000-9afe-577e-8781-dd8b8d493289,,Classify triangles in a hierarchy based on properties
133abb93-2720-50fc-a417-2fb6d67d32c5,,Solve word problems involving the division of fractions by fractions
5f4d46ea-edac-5b5f-8fdc-958f76e8f4cd,,Solve word problems involving the division of fractions by fractions by using visual fraction models to represent the problem
63c4ca02-f441-59d8-af9b-681477d17f16,,Interpret quotients of fractions
b15981ec-6234-523c-999c-93ce61149102,,Solve word problems involving the division of fractions by fractions by using equations to represent the problem
bc5dfb39-c4f5-5c20-acd5-13e303f5bace,,Compute quotients of fractions
9a823129-dc39-557c-8b43-c1d72ba13cb5,,Use the Pythagorean Theorem to solve for the distance between two points in a coordinate system in mathematical problems
de09df1b-70aa-5d9f-b149-50df2cb95a2f,,Use the Pythagorean Theorem to solve for the distance between two points in a coordinate system in real-world problems
01603799-f30a-5408-8996-6e4269ba1ecb,,Bisect an angle
06a2c65b-ea61-570a-bd78-e87947962032,,Make formal geometric constructions
0f57db78-8d77-5d64-bb31-7b226cccc0d6,,Copy a segment
2e58a39a-5415-573d-a98f-85c4255eb1ba,,Construct the inscribed circle of a triangle
41f1df89-8340-50e5-926b-18aacf923768,,Bisect a segment
492aeedd-ef70-5b41-baa2-a555a9299db8,,"Construct perpendicular lines, including the perpendicular bisector of a line segment"
68aa8e0e-bb3a-53c0-896a-7147741edb3f,,Construct the circumscribed circle of a triangle
7c2e61e3-a9dc-59f5-87ff-7eb1c7299837,,Copy an angle
85ede246-2e09-5920-be95-ea098ff46be8,,Construct the incenter of a triangle
877b7700-a0f2-544b-8b0c-026a329a9d1b,,Construct a line parallel to a given line through a point not on the line
b95c6b53-0598-59c4-b869-bf82cf7a7912,,Construct the orthocenter of a triangle
cd6be041-9994-5ea9-8228-3ac9320fc1a0,,Construct the centroid of a triangle
f7703ae9-9caa-5a5f-b99b-f76cedfb5eb6,,Construct the circumcenter of a triangle
2a88d495-19fc-5c5c-a9ce-660dd4f95802,,Write an equation to express an even number as a sum of two equal addends
4d79797d-1a6c-5370-82e1-fb8911fb62e9,,Count objects by 2s to determine if the group of objects (up to 20) has an odd or even number of members
80e6e23a-cdc5-5d83-a38b-6a7093ba8d5a,,Group objects into pairs to determine if the group of objects (up to 20) has an odd or even number of members
85cc2d51-8a4c-5f97-8d45-0af1a99da203,,Determine whether a group of objects (up to 20) has an odd or even number of members
2249c3b7-ee29-50c1-91fe-d9384f255c14,,Use the formula for the volume of cylinders to solve mathematical problems (does not include finding the radius)
6d9c6fbd-f5ed-5d4b-9cbb-7aeb5520dfb7,,Use the formula for the volume of cylinders to solve real-world problems (does not include finding the radius)
73140379-1acc-5876-98c8-76e8efd39a6b,,Use the formula for the volume of cylinders to solve real-world problems
74823f49-e6ae-5e7a-94c2-b251284c8362,,Use the formula for the volume of cones to solve mathematical problems
77fac757-7855-5c5a-8ed6-9b4de11ec5f5,,Use the formula for the volume of spheres to solve real-world problems
8e127d06-d8ab-5028-8b50-0f7df4372ec2,,Use the formula for the volume of spheres to solve mathematical problems
ba4daaa8-b6f0-5c88-9a42-f668632bc9f3,,Use the formula for the volume of cylinders to solve mathematical problems
d28cebe9-9862-578d-a302-b21707a0afae,,Use the formula for the volume of cones to solve real-world problems
17c7558b-5701-58ff-bb53-05267aa604ec,,Sort categories of objects (up to 10) by count
7c601672-5e9e-5720-83e3-a8be4d31f5b3,,Count the number of objects (up to 10) that have been classified into categories
b8e1e828-5804-512c-bce2-2cf189e03eeb,,"Classify objects into given categories, with up to 10 objects in each category"
2b2dc2e5-388d-516b-8986-1b256cd577db,,Interpret multiplication as scaling (resizing) by relating the principle of fraction equivalence a/b = (n×a) / (n×b) to the effect of multiplying a/b by 1
5b65ffae-7ddc-5261-be50-76e84c17a4f9,,Interpret multiplication as scaling (resizing) by explaining why multiplying a given number by a fraction less than 1 results in a product smaller than the given number
a60d004f-2af8-5f33-a00f-232426e92838,,Interpret multiplication as scaling (resizing) by explaining why multiplying a given number by a fraction greater than 1 results in a product greater than the given number
3b6e17f6-5965-58e1-a77a-405d0d820529,,Calculate probabilities using the general multiplication rule P(A and B) = P(A)P(B|A) and determine the probability of two events occurring together without replacement
4f59981f-a7d9-5c0a-b03f-5aa6afdd90cc,,Interpret probabilities calculated with the general multiplication rule in context
1c578499-8314-500c-9098-926d78daadd0,,Verify experimentally the properties of translations
9463260c-a68b-5ce6-a360-4caee24fd738,,Verify experimentally the properties of rotations
96ba6c4a-c805-5b98-867b-816b8813cda4,,Verify experimentally the properties of reflections
0bfafde1-da4e-5c93-a19d-4469fdce39fa,,"Read and write multi-digit numbers up to 1,000,000 by moving between number names (word form) and expanded form"
1d1c64d6-0a96-5282-8e66-b3b49d13d97b,,"Use symbols (>,<, or =) to communicate comparison of whole numbers up to 10,000"
66dbae34-6a05-56c6-81cf-ed9a4208853c,,"Read and write multi-digit numbers up to 1,000,000 by moving between base-ten numerals (standard form) and expanded form"
7ff0a1ac-af60-5596-8ead-02c82f23440f,,"Use symbols (>,<, or =) to communicate comparison of two multi-digit numbers"
8b6dc1d3-9675-5dec-b020-e7374c8139b1,,"Read and write multi-digit numbers up to 1,000,000 by moving between base-ten numerals (standard form) and number names (word form)"
8b7a4579-efa3-596c-b07d-3b8a0d81079a,,Compare two multi-digit numbers
eca9bcd8-4f71-5150-9db3-50f9ac6bb0ff,,"Compare two whole numbers up to 10,000"
627bb7cb-2ab9-5511-ad64-2b9c46e23791,,Explain in context the difference between values describing a population and a sample
0e57edd9-70a2-5d34-857e-2c0a425b1d5b,,Solve multi-variable formulas or literal equations for a specific variable
e54f0821-72ec-5763-8693-2234bc2e485a,,Identify a quantity of interest in a formula or equation from context
1f109af5-22d6-57a0-bab4-63d85ec11d3b,,Relate counting back to subtraction
60239d6d-2bc9-5956-8716-2e6ddfc2550d,,Relate counting on to addition
30cb9458-ac56-54e2-b224-3a0709d21627,,Graph functions expressed symbolically to show and identify key features of the graph relevant to the function's type
51469e20-dbab-5247-b3be-a5452460b966,,Graph functions expressed symbolically by hand in simple cases
7f7d6ef9-b54d-582c-907b-db1ffb5850f7,,Graph functions expressed symbolically using technology for complex cases
999c4807-70c1-5bdf-8c7d-ee8beb2ad82e,,"Graph functions expressed symbolically and show key features of the graph, by hand in simple cases and using technology for more complicated cases."
b515631a-0485-577f-a53d-11d0e0859b71,,Identify key features of the graph of a function that are relevant to function's type
14fb1a65-05da-573a-98ae-5d0d33cdf338,,"Write time given a description (e.g., ""half past nine in the morning"")"
1b10f858-b501-5d7c-bbc9-6fbd863179e4,,Tell time in half-hours using digital clocks
556c85d1-b688-58b0-a67f-347202c179f2,,Tell time in half-hours using analog clocks
ac90984d-aae2-5479-b7c9-3f72d09d541d,,Write time in half-hours on an analog clock
ae4b7aec-06ac-5a2b-8f4a-e03e4d768960,,Write time in hours on an analog clock
de9193f8-9bff-5cb7-9f58-8081dbcd2cf1,,Tell time in hours using analog clocks
f75162b7-7e3b-57fc-8ba7-336dca708ae6,,Tell time in hours using digital clocks
115636bf-01c2-5c26-be47-a29f933a2974,,Identify an expression that records operations with numerical values and with letters standing for numbers for a given phrase
16e16ca9-6704-56a1-b0f9-04d9fd582f4a,,Write an expression to record operations with numerical values and with letters standing for numbers for a given phrase
ced6fc6b-dfd9-56c0-b8b2-7f7c72b8bfc7,,"Identify a phrase that describes a given expression with operations, numerical values and with letters standing for numbers"
878b4170-9959-5426-85b3-15430d460444,,Decompose exponential expressions and make sense of the multiple factors and terms by explaining the meaning of the individual parts
b829c1fc-1e3f-5320-90d3-35f9f04a3fd2,,Decompose linear expressions and make sense of the multiple factors and terms by explaining the meaning of the individual parts
d9cf4e87-f369-5279-a10b-b1fcce9958cb,,Decompose square root expressions and make sense of the multiple factors and terms by explaining the meaning of the individual parts
e1bd7dfc-eb11-594f-ac37-570401a0c9b2,,Decompose expressions and make sense of the multiple factors and terms by explaining the meaning of the individual parts
f69306a9-377d-5bd4-8f36-7b3654487856,,Decompose quadratic expressions and make sense of the multiple factors and terms by explaining the meaning of the individual parts
0fd18a8e-496e-5105-89a5-17a62731dd60,,Construct a regular hexagon inscribed in a circle
907de68b-b4af-52fb-8637-852a40afe899,,Construct an equilateral triangle inscribed in a circle
d2299d93-3625-575f-9d6c-c06c39326c8c,,Construct a square inscribed in a circle
0e19bb1d-1e7c-51af-8a86-99a606168194,,Use a quadratic function fitted to data to predict values
63426edb-dae6-541f-b0da-6bc1ed549e65,,Use a linear function fitted to data to predict values
6a7b6066-843d-5b94-b1d4-6cabf39c8a27,,Use an exponential function fitted to data to predict values
b0c74b75-f242-5dd6-a01b-5973c43697fa,,Categorize the relationship in a scatterplot as linear
c1f8fc7f-1435-5155-9dc4-56334b5f40de,,Categorize the relationship in a scatterplot as quadratic
c8f06609-5e9b-53f2-a23c-577ccffef3aa,,Categorize the relationship in a scatterplot as exponential
4210922b-c405-5e70-88ec-39c36d8f3a15,,"Find probabilities of compound events, including those without replacement"
636dbe08-2937-576c-b306-64bca3e61563,,Find probabilities of compound independent events
ee5762ce-52af-5e07-bf25-d57c60102af2,,"Find probabilities of compound independent events, limited to two repetitions"
96be5b29-ad00-5063-b1ae-ea624857fc93,,Understand that the probability of a chance event is a number between 0 and 1 that expresses the likelihood of the event occurring
f9c7d91a-a6f0-5754-a100-3f0f7f60ad6a,,"Interpret smaller probabilities as less likely and larger probabilities as more likely, including probabilities near 0.5 as equally likely"
2aecfdc6-4f8a-522d-9798-bf9c2137a56a,,"Use addition and subtraction within 1,000 and multiplication and division within 100 to solve two step real- world problems"
88ab95a4-fd3f-59da-9dcc-e5b0afb7220d,,Explain whether or not the answer to a two-step word problem is reasonable
e434c015-14bf-5d3c-9337-aece5b394806,,Represent a two-step word problem using equations with a letter standing for the unknown quantity
04f474e5-7fba-5265-aca9-283bd210bf1a,,Graph linear equations in two variables on a coordinate plane and label the axes and scales
07d9aa83-5ec1-5f71-a550-5d364fa8f5c5,,Create absolute value equations in two variables to represent relationships between quantities
0c67925f-3f8b-562f-a99f-a30c97978443,,Graph polynomial equations in two variables on a coordinate plane and label the axes and scales
14b00afa-2e39-538f-8562-b8e7aecd2876,,Create linear equations in two variables to represent relationships between quantities
1c952604-fd9c-581f-bf9b-75117c17156b,,Graph exponential equations in two variables on a coordinate plane and label the axes and scales
4ee9cb16-74a0-565f-bc62-fd4ed570049f,,Graph rational equations in two variables on a coordinate plane and label the axes and scales
6bf6799e-a1eb-5864-b27b-1c9829dbc17a,,Create quadratic equations in two variables to represent relationships between quantities
89b78783-0d0d-5f1a-9800-319ec791b285,,Create exponential equations in two variables to represent relationships between quantities
8f3e3e48-e973-5404-9b7f-fae1516d227c,,Create radical equations in two variables to represent relationships between quantities
9d75b4ff-8d69-52a1-bf88-af853de162f1,,Graph equations in two variables on a coordinate plane and label the axes and scales
aa9879eb-b19a-5013-b169-1d2889ae5547,,Create inverse variation equations in two variables to represent relationships between quantities
accfd24a-c94f-5554-a11d-6c45af09a191,,Create rational equations in two variables to represent relationships between quantities
b4945d9f-f908-5083-bff9-67ffe069256f,,Graph absolute value equations in two variables on a coordinate plane and label the axes and scales
b7b122ce-6695-5db2-b08c-d893f930407e,,Graph quadratic equations in two variables on a coordinate plane and label the axes and scales
c29db000-cf34-5ba6-82b7-115382449cce,,Graph square root equations in two variables on a coordinate plane and label the axes and scales
ed44c755-4b22-55bc-9a3f-009ef0939f47,,Create polynomial equations in two variables to represent relationships between quantities
ef5a2ffd-ddcc-500e-befa-db19b375e8b3,,Create square root equations in two variables to represent relationships between quantities
f131ee01-191f-5d95-9aba-c33370f34607,,Graph inverse variation equations in two variables on a coordinate plane and label the axes and scales
05283aa2-d294-5f59-93ee-ac361e3a10f7,,"Find whole number quotients of whole numbers with four-digit dividends and two-digit divisors using strategies based on place value, the properties of operations, and/or the relationship between multiplication and division"
3e1d35e9-e0f1-5389-88fc-f3075ab1e682,,Use models to explain the division of whole numbers with four-digit dividends and two-digit divisors
5a571ee0-155d-59ad-82be-de0386ce7787,,Use models to explain the division of whole numbers with three-digit dividends and two-digit divisors
e8d8c43a-3608-51dd-86ad-db49bcafef64,,"Find whole number quotients of whole numbers with three-digit dividends and two-digit divisors using strategies based on place value, the properties of operations, and/or the relationship between multiplication and division"
3c246ea9-f08e-54b9-bd15-215d8d65a7f3,,"Use the trigonometric ratio tangent to solve real-world problems, including finding lengths and angles"
6c2491eb-c484-53b2-a87a-46ec6cf28a39,,"Use the trigonometric ratio sine to solve real-world problems, including finding lengths and angles"
c5c0a70e-1996-5120-8cba-28ae321145a5,,Use trigonometric ratios and the Pythagorean Theorem to solve real world problems
fdde33e9-c1f6-565c-bdde-91cd67eadebb,,"Use the trigonometric ratio cosine to solve real-world problems, including finding lengths and angles"
99c37ca4-2b69-5a5e-a902-71fe2d8de899,,Use multiplication and addition to find the area of rectangles
2c949616-3412-5fdc-b4cb-e87b4e5c1b62,,Factor rational expressions given as a(x)/b(x) to rewrite them in the form q(x) + r(x)/b(x)
505a4a25-d5e6-57f3-a35c-b12fb85c4abf,,"Determine the quotient of a third or fourth degree polynomial divided by a first degree polynomial, including using polynomial division"
74de4ebf-1b04-58f3-872f-0a8b8d743ffd,,"Use polynomial division (long or synthetic division) to rewrite a quotient of two polynomials, a(x)/b(x), in the form q(x) + r(x)/b(x)"
87b3b10f-8d3a-5489-8387-6808d065bb7b,,"Determine the quotient of a third or fourth degree polynomial divided by a second degree polynomial, including using polynomial division"
24b6a84f-6d61-5663-986d-2494dcef865a,,"Recognize a data distribution that is symmetric, skewed left, or skewed right"
ee7501cd-3428-5e0b-944e-8ccaba003efd,,"Describe the distribution of data using center, spread, and shape"
1843505b-35bc-56d7-944c-cfeefea076e3,,"Solve one-step division problems, limited to dividends through 50 and divisors and quotients through 10"
20682b11-0e81-51cf-9ffb-f000d68d654e,,Use equations with a symbol for the unknown number to represent multiplication problems up to and including 10x10
2b280d60-f1bf-5180-8096-ac41cfb17af9,,Solve one-step multiplication problems up to and including 10x10
754f84dd-6ef1-5fa2-800c-c395acbbbdf6,,Solve one-step division problems within 100
8f411df0-e179-5681-b1c9-2f16e30c8963,,Use equations with a symbol for the unknown number to represent division problems
94a5a051-a4cc-5fd1-94d0-de700afdc3cc,,"Use equations with a symbol for the unknown number to represent division problems, limited to dividends through 50 and divisors and quotients through 10"
b725844d-8c82-5f03-a390-57742f952fbb,,Use equations with a symbol for the unknown number to represent multiplication problems
fc8751b8-eead-5df5-aef4-c0ada3144ce5,,Solve one-step multiplication problems within 100
fd96dd04-5595-57a9-a39f-6de96df8b471,,"Know that a solid figure which can be packed without gaps or overlaps using ""n"" unit cubes is said to have a volume of ""n"" cubic units"
2e096f03-a826-5c20-8949-7d6ffe722715,,"Given two figures, use the definition of congruence in terms of rigid motions to decide if they are congruent"
ab111ead-549b-5e07-81b4-bc2b871f7c6d,,Use descriptions of rigid motion and transformed geometric figures to predict the effects rigid motion has on figures in the coordinate plane
aa837920-bc93-5452-9fe7-46e9485bd41e,,Use multiplication to find the area of a rectangle with whole number side lengths in the context of solving real-world problems
b0653180-c227-5365-9e66-b04670ea3f2c,,Use multiplication to find the area of a rectangle with whole number side lengths in the context of solving mathematical problems
d5edcb0c-eeb1-57cb-a964-6474fc74c6be,,Represent whole number products as rectangular areas
d216f096-5667-5021-aa76-67ba7f7a54a9,,Use coordinate geometry and the distance formula to find the areas of triangles and rectangles
e9f7274e-1759-505f-ac3f-771d5778c809,,Use coordinate geometry and the distance formula to find the perimeters of polygons
4e0c0405-d74c-58b0-9c00-b00ac26d06aa,,Understand area is the number of square units needed to cover a plan figure without gaps or overlaps
0b3d5360-e97b-50b5-abb2-89c1b8c03116,,"Given a two-digit number, decompose it into its tens and ones"
d3bc2b34-9e83-537c-ad57-602c18794b88,,"Given the number of tens and ones, write a two-digit number"
0070d7c9-1b68-571b-a80c-734c63df2bf6,,Represent proportional relationships with equations
36effa5a-8a01-552a-9729-603d6d78a796,,Use scientific notation to estimate very large or very small quantities
52599614-cfa6-5d91-bb10-6ff82e571f6e,,"Compare quantities using multiplicative comparison, scientific notation, and properties of integer exponents"
97d917b6-9905-55d0-982c-0be3b3ed40d5,,Compare  the relative size of two quantities expressed in scientific notation
30e9942d-6877-5459-9fa6-e07e13a1c985,,Build a function that models a relationship between two quantities by combining two linear functions with multiplication
4efbf10e-dd79-5034-8ebf-182216862c61,,Combine standard function types using arithmetic operations
da61c34d-5697-540c-a892-dffc1e8c48cc,,"Build a function that models a relationship between two quantities by combining linear, exponential, or quadratic functions with subtraction"
f25f2a49-dc42-5704-9c8c-232135b49a8b,,"Build a function that models a relationship between two quantities by combining linear, exponential, or quadratic functions with addition."
3e117ec0-15e3-504c-9492-f689213dd079,,"Find the circumference of a circle to solve problems, including by using the formula for circumference of a circle"
a6134b89-4846-52b1-8df2-7fc536318e85,,"Find the area of a circle to solve problems, including by using the formula for area of a circle"
b220156e-617e-51b1-8609-091e4d92db9e,,Give an informal derivation of the relationship between the circumference and area of a circle
00f08b4d-704e-50c0-92bf-80f901bdbbe0,,Find the arc length of a circle
0213c6a8-5863-581e-ac02-a48230e6e7d6,,"Use similarity to derive the fact that the length of the arc intercepted by an angle is proportional to the radius, identifying the constant of proportionality as the radian measure of the angle"
49644f84-e7cd-5c6f-a8b4-63781e00dea1,,Find the radius of a sector of a circle
9b0c2564-48f4-5370-93fd-4b9db86ec254,,"Using similarity, derive the formula for the area of a sector"
ab08d067-b953-59e5-bf08-50c1afbb2492,,Find the area of a sector in a circle
e378dcff-636b-5509-ad95-cbd66c802cbe,,Find the central angle of a sector of a circle
58f43fbb-40ce-5b02-b1d9-246a95c05eed,,Use the zeros of a polynomial function to sketch a graph of the function
c49490d5-692d-51f6-a8ae-8a3acaa4f1ff,,Identify the zeros of a polynomial function
26d22200-e9bb-556c-81c1-c35a4c64a225,,Recognize that the center of a data set can be described with a single number
d6f0d3bc-e9a8-5d0c-ae9e-f04c04660fad,,Recognize that the variation of a data set can be described with a single number
f6b991bd-d534-5502-9a22-b0bc2f095797,,Recognize that the distribution of a data set can be described with a single number
0abcb12c-f1c1-505b-9268-dd5c43fa14ad,,Predict the approximate relative frequency given the probability
5069fa38-0a9f-5c54-9c00-69c2d65c0042,,Understand that more trials of a chance experiment will increase the accuracy of the probability estimate generated
18fca54d-8944-5dd1-bb11-0348131e71af,,"Fluently subtract within 1,000 using strategies and algorithms based on place value, properties of operations, and/or the relationship between addition and subtraction"
f7731421-c574-506a-ac2d-09672132c477,,"Fluently add within 1,000 using strategies and algorithms based on place value, properties of operations, and/or the relationship between addition and subtraction"
1c46a8a2-131c-5d15-96a4-6c65e6545627,,Graph the solution set to a system of linear inequalities in two variables as the intersection of their corresponding half-planes
f0467c66-037a-5a09-89b4-781a8f881272,,"Graph the solutions to a linear inequality in two variables as a half-plane, excluding the boundary for non-inclusive inequalities"
47943e2b-fe2b-5245-8b98-5eb587151b39,,Solve a linear equation with rational coefficients
a970bd5f-0acf-5059-a2c1-1b78df137c2c,,Complete the square to re-express a quadratic equation in vertex form (x - p)^2 = q
ab37d378-5ce6-5257-87e0-0c433a48c1be,,Use completing the square to derive the quadratic formula
5926d81a-f01e-5c8b-9ae9-e0c261fe5687,,Use coordinate geometry to prove geometric theorems algebraically
9f361543-68e4-5b9e-9a76-1293998e9aa2,,Use coordinate geometry to prove whether a given point lies on a given circle in the coordinate plane
ce8cd91e-7d66-5511-96fa-3e75b06b2eec,,Use coordinate geometry to prove the identity and features of a figure defined by a set of points in the coordinate plane
8e0a9454-edb3-5fb9-be8a-c0f50cff2a4c,,Use the signs of numbers in ordered pairs to identify when two ordered pairs represent reflections across one or both axes
ef1f09b2-f01e-5045-8446-28d6c9f74463,,Use the signs of numbers in an ordered pair to identify the quadrant of the point
144e6781-5e84-586c-ae44-55677e9e6b84,,Identify the zeros of a polynomial function when suitable factorizations are available
376a7990-f411-559c-9a32-a2108478b0de,,"Graph polynomial functions, showing end behavior "
58396008-c5a2-54c8-89e7-d50965626545,,Demonstrate the inverse relationship between exponential and logarithmic functions algebraically
9eda3ea4-ae93-59ef-940b-d17152c35ae9,,Demonstrate the inverse relationship between exponential and logarithmic functions graphically
be8712d7-2539-5bdf-bd3b-291f0f83ad8e,,Use the inverse relationship between exponential and logarithmic functions to solve problems
2ad87414-627a-5b7c-90be-1106bc4c6876,,Summarize numerical data sets in relation to their context by calculating quantitative measures of center (median and/or mean)
3280abf4-84e7-5306-88cf-450d79801840,,Summarize numerical data sets in relation to their context by calculating quantitative measures of variability (interquartile range and/or mean absolute deviation)
dc8ffe80-1dcf-5fa1-9a23-c7df7a4ab6bf,,Describe any overall pattern and any striking deviations from the overall pattern with reference to the context in which the data were gathered
0c3f03b8-3989-5489-aa86-b9a63953e545,,Fluently divide a multi-digit decimal by a whole number
3b40f296-3bd8-5986-b5a4-52cb04f8c7eb,,Fluently divide multi-digit decimals using the standard algorithm
95700724-a655-5092-ae09-41e4ed0b48c2,,Fluently divide a whole number by a multi-digit decimal
a58918aa-f725-5a4c-a902-decd4a759336,,Fluently subtract multi-digit decimals using the standard algorithm
d04b3e78-76db-568d-aeb2-b575eeac1664,,Fluently add multi-digit decimals using the standard algorithm
e14eddf0-cf6b-5692-ab30-81f5995f4754,,Fluently multiply multi-digit decimals using the standard algorithm
2ee8400d-3411-58e8-a98b-bcba2552bd88,,Represent sample spaces for compound events
8eb843cd-7e65-5388-9099-6bad50a3e99d,,"Represent sample spaces for compound events, limited to two repetitions of the experiment"
e7cdb75c-feda-56cb-aaa8-36eb7c2186db,,Identify the outcomes in the sample space which compose the event
25cdf64d-beaf-5708-af8e-c16c1d1b4658,,Find the probability of simple events where all outcomes are not equal
ea0959ab-0e0f-53eb-9eb9-aa7ec5f70750,,Develop a probability model based on observed frequencies
2a983386-31d7-5cba-b407-e899138a48f2,,Interpret the meaning of a linear correlation coefficient in the context of the data
b40a23af-76bf-5a22-b2b9-f7b1d27ea17b,,Compute the correlation coefficient for a linear association using technology (including finding this from a computer read-out)
53b239c4-bbbf-50ca-805a-b0b5c589f022,,Identify the zeros of a function defined by a quadratic expression through factoring
89674cb1-f3ec-5b43-97c7-44f8d5225bd2,,Factor a quadratic expression with real factors in order to reveal the zeros of the function it defines
2b3665ac-d9e0-54e1-bc8f-be3b991d7038,,Identify whether a context can be modeled with a linear or exponential function
91491da3-9203-5f7b-85f2-6747ae2ae03f,,"Transform a geometric figure given a rotation, reflection, or translation using graph paper, tracing paper, or geometric software, including given the transformation in coordinate notation"
f4c93509-ef68-5e1a-bbfe-d61e21483395,,Create sequences of transformations that map a geometric figure onto itself and another geometric figure using coordinate notation
fe6330af-bd2c-513f-ba16-06bcbf391c2f,,Create sequences of transformations that map a geometric figure on to itself and another geometric figure
567ffbd5-3542-5d93-b20c-c2cc6c49fc85,,Round whole numbers to the nearest 10
b490803e-afb4-5f17-bbb7-adc6dea6a633,,Round whole numbers to the nearest 100
c9115f50-0864-570e-9dc1-e6d3d9d6dad8,,Round whole numbers within 100 to the nearest 10
c1e5babb-4a2b-5244-9afd-6c4f621c8f39,,Evaluate and explain the effectiveness and differences in two treatments based on data from randomized experiments
d636632c-8847-58fc-a6b1-ccb240339af2,,Use simulations to generate data simulating application of two treatments
4292852f-367e-52cb-bfe2-9f1228e5b100,,Determine the accuracy of values based on their limitations in the context of the situation
3b089bbf-ae8f-59a2-a411-1c6c73fda167,,"Skip-count, including by 5s, 10s, and 100s"
49fe9974-5900-5d38-9545-7fb5761b9c48,,"Count within 1,000"
2f9bf4e6-fb1f-57ba-bc31-9cc55f3e652d,,Directly compare two objects with a measurable attribute in common to see which has less of the attribute and describe the difference
4f7b7e82-c3e6-5f78-bd6c-761f761ba877,,Directly compare two objects with a measurable attribute in common to see which has more of the attribute and describe the difference
75eff216-55f7-51af-8b85-f8b7ef34105a,,Directly compare two objects with a measurable attribute in common to see which has less of the attribute
7e7f1a54-f54b-5cd1-bdd0-a091779217db,,Describe the difference between two directly compared objects that share a measurable attribute in common
fbd247f1-b812-5480-8711-a13f1ce8ed17,,Directly compare two objects with a measurable attribute in common to see which has more of the attribute
33922a0f-8f0f-57b2-83a4-9d81d8b00054,,"Represent a fraction 1/b with a model, including a number line, (where b is 2, 3, 4, 6, or 8)"
9adcd390-9117-501d-b02b-6759698e3b36,,"Recognize that when the interval 0 to 1 is partitioned into b equal parts, each part has size 1/b"
4a5f2dd0-e7ae-5fe9-9ab8-ce2ba4d70660,,Use congruence and similarity to solve problems about geometric figures
59f0c929-ef2c-509d-b35a-31ddb34d0017,,Apply similarity theorems to solve real-world problems
6f003d17-0dd9-52bf-a75e-56898b3750c1,,Use congruence and similarity to prove geometric relationships in geometric figures
82add1f8-f132-54c6-899e-60112903da6e,,Apply similarity theorems to solve mathematical problems
cb92d85b-64e5-50cc-a31d-28ac06fa7f03,,Apply congruence theorems to solve mathematical problems
dbe24252-42cf-5323-993c-a31deefbe81c,,Apply congruence theorems to solve real-world problems
7ded9ec8-c209-5077-9cc8-cf987ff47b0a,,"Subtract within 20, with automaticity, including using mental strategies"
8cecfb5c-5ea5-51bc-917c-76c043cf5ae1,,Know from memory all sums of two one-digit numbers
f2c9aa2c-d7ac-51d6-a131-c2dafa37f627,,"Add within 20, with automaticity, including using mental strategies"
31ebd1b1-972d-5540-ae47-8bc768792ab1,,Use the equation of a linear model (line of best fit) to solve problems in the context of a given data set
5b2c45c0-164a-5d38-9d64-c26dd772c2a8,,Interpret the intercept of a line of best fit
68c64407-c1b6-51cb-999b-8066476fd9c1,,Interpret the slope of a line of best fit
09a2b014-9089-54ee-96ce-56a37550dc22,,Write a function defined by an expression in equivalent forms to explain different properties of the function
241b39c4-074f-5faa-b98d-947c9776506b,,Write a linear function defined by an expression in equivalent forms to explain different properties of the function
5af5e79b-465f-5509-a7ab-6a19ffe9e69f,,Write a linear function defined by an expression in equivalent forms to reveal different properties of the function
99d8dba9-4e01-5abc-affa-ceae928e7ea8,,Write a function defined by an expression in equivalent forms to reveal different properties of the function
26645597-c6a9-5497-b3a2-63f304ab1de1,,"Solve word problems involving division of whole numbers leading to answers in the form of fractions or mixed numbers, with denominators of 2, 3, 4, 5, 6, 8, 10, and 12"
35bc1efc-c989-50af-b620-a7bd77f2f808,,Interpret a fraction as division of the numerator by the denominator (a/b = a ÷ b)
46b4aaee-e89d-53f0-abd9-12b676510c8e,,Solve word problems involving division of whole numbers leading to answers in the form of fractions or mixed numbers
677ac9ea-e253-574e-9754-46a693260709,,Identify the two whole numbers a fraction falls between
610110ea-77f4-5944-8b31-6d1f340f5722,,"Write a recursive formula for a geometric sequence, expressed as an exponential function or equation sequence in a real-world context"
647a607c-1c33-59f7-8fb7-7dd212bf884e,,Translate between the recursive and explicit form of a sequence in a real world context
ac2e1b59-a506-56f6-af9a-2f660ae6eb8d,,Write arithmetic sequences in real-world contexts explicitly as linear functions or equations
ce1985d2-d0ab-52d6-b0c8-e23a52585daf,,Write a recursive formula for an arithmetic sequence in a real-world context
d43a5c90-2d6a-5499-9389-9d5ec150021c,,Write geometric sequences in real-world contexts explicitly as exponential functions or equations
b83a894c-4043-5e3e-ae5f-d9479abc2d6a,,Verify experimentally the properties of dilations given by a center and a scale factor
0bf72853-30d6-571f-9ef3-f4912c02ba23,,"Use >, =, or < to record the results of comparisons of two decimals to the hundredths place"
971e94a1-e257-507e-8f18-0812688715a0,,Recognize that comparison of two decimals can only occur when the decimals refer to the same whole
9bccf790-2840-5241-9cdb-bda2ef83d28b,,Justify the comparison of two decimals to the hundredths place
f44fbaad-f4a6-543f-b5d1-280862baa2c3,,Compare two decimals to the hundredths place
10148e7b-6e5b-574e-974e-9cfc7ac6d1f4,,"Read and write numbers to 1,000 by moving between base-ten numerals (standard form) and expanded form"
be537a94-e9b3-58e0-a9c5-c3c6f437ca07,,"Read and write numbers to 1,000 by moving between base-ten numerals (standard form) and number names (word form)"
d5c3d2f5-e43b-58d8-b122-9feb5a3a2eaf,,"Read and write numbers to 1,000 by moving between number names (word form) and expanded form"
17fe2def-fee1-5b9b-97b2-6edc539da1cf,,Represent data on two quantitative variables on a scatter plot
8afcda5e-a33c-5389-9f07-317c1a9117b4,,Represent data on two quantitative variables on a scatter plot and describe the relationship between them
f103db3c-43d1-5839-a76e-d0c41ae5a97f,,Describe the relationship between two variables in a scatterplot
5067efaa-c056-5bcd-82d0-17960c05baf6,,Multiply one-digit whole numbers by multiples of 10 in the range 10-90 using strategies based on place value and properties of operations
d4d1b770-b755-5fc9-be67-7c59f0e078ba,,Know and understand the difference between correlation or association and causation
269378e0-048c-57e6-a480-8762f609a8be,,Use decimal notation for fractions with a denominator of 100
86f60c17-f57b-5b4f-8157-248c08421272,,Use decimal notation for fractions with a denominator of 10
dc34402c-b3d4-53a0-841b-102c45e42d9a,,Locate decimals to the tenths or hundredths place on a number line
149725fd-e837-5920-bd76-e9a8c5848884,,Prove theorems pertaining to lines and angles
61ed5929-4cd5-549a-968f-2a569d145942,,Apply theorems about angles and lines to solve mathematical problems
99c8963e-2819-5dc9-b514-e1571e42bc7e,,Prove vertical angles are congruent
ae498f8b-b653-52e9-a674-5dab065df182,,Apply theorems about angles and lines to solve real-world problems
d64d2670-ca26-5a42-af62-cf9df6ab31d0,,Prove points on a perpendicular bisector of a line segment are exactly those equidistant from the segment’s endpoints.
dcfc3f7f-5956-5cce-847d-eb66270bd307,,"Prove when a transversal crosses parallel lines, alternate interior angles are congruent and corresponding angles are congruent"
13cc406a-cb0c-5917-9440-9be51de9017f,,Qualitatively describe the relationship between two quantities by analyzing the graph of a function that relates the two quantities
f0af8f05-3a5f-5ea0-a04b-f29e2ae8e2a9,,Sketch by hand a graph that exhibits particular qualitative features that are described verbally
62c8cf40-084e-5b4c-ab3f-29f473273582,,Describe the absolute value of a rational number as its distance from 0 on the number line
8ef052eb-6878-5613-b9fd-3efd396d368c,,Interpret absolute value as magnitude for a positive or negative quantity in a real-world situation
437e6968-6aae-5624-acac-0b10432b5690,,"Find whole-number quotients (no remainders) of three-digit dividends and one-digit divisors using strategies based on place value, the properties of operations, and/or the relationship between multiplication and division."
47171d80-3004-5422-bfcd-3c2c9ede79c4,,"Find whole-number quotients (with remainders) four-digit dividends and one-digit divisors using strategies based on place value, the properties of operations, and/or the relationship between multiplication and division."
6e0b8067-5f64-55aa-8287-a076bb8e5875,,Use models to explain the division of whole numbers (with and without remainders) with four-digit dividends and one-digit divisors.
81aefb08-0aea-5ac6-bc2d-59ff42d3709f,,"Find whole-number quotients (with remainders) three-digit dividends and one-digit divisors using strategies based on place value, the properties of operations, and/or the relationship between multiplication and division."
9d81bd35-6783-5812-9ec4-ec99dcbba3c2,,Use models to explain the division of whole numbers (with and without remainders) with three-digit dividends and one-digit divisors.
d5bcfb8d-4f52-5730-a388-cafd2bc32330,,"Find whole-number quotients (no remainders) of four-digit dividends and one-digit divisors using strategies based on place value, the properties of operations, and/or the relationship between multiplication and division."
d98ddefd-25c4-5988-82d6-102fb496b14e,,Use models to explain the division of whole numbers (with and without remainders) with two-digit dividends and one-digit divisors.
f6809045-c11a-5332-b358-462b2c8a4a11,,"Find whole-number quotients (no remainders) of two-digit dividends and one-digit divisors using strategies based on place value, the properties of operations, and/or the relationship between multiplication and division."
f7db0623-427e-5587-acb7-51b2fc2f0019,,"Find whole-number quotients (with remainders) two-digit dividends and one-digit divisors using strategies based on place value, the properties of operations, and/or the relationship between multiplication and division."
099ceccb-4732-56c0-bdb1-61f9c6fcbd65,,"Represent mathematical problems by writing equations in the form x + p = q for cases in which p, q, and x are all nonnegative rational numbers"
1981017a-4fca-5f84-9294-9441faf647db,,"Solve mathematical problems by solving equations in the form x + p = q for cases in which p, q, and x are all nonnegative rational numbers"
8d29194f-94ec-51fa-b0c7-fc6d99780d3b,,"Represent real-world problems by writing equations in the form px = q for cases in which p, q, and x are all nonnegative rational numbers"
cd69a8c5-90aa-5e64-9abf-112fa7051095,,"Solve real-world problems by solving equations in the form x + p = q for cases in which p, q, and x are all nonnegative rational numbers"
e50eda80-7ed8-5b93-8d57-6608093cea34,,"Solve mathematical problems by solving equations in the form px = q for cases in which p, q, and x are all nonnegative rational numbers"
e54e642e-caef-5e93-956e-a382564f8e4f,,"Represent mathematical problems by writing equations in the form px = q for cases in which p, q, and x are all nonnegative rational numbers"
ed92d2a4-92cb-5365-8471-7494e0390c77,,"Represent real-world problems by writing equations in the form x + p = q for cases in which p, q, and x are all nonnegative rational numbers"
fafaead4-3eb8-51f9-aac0-5bbfa4b64f3e,,"Solve real-world problems by solving equations in the form px = q for cases in which p, q, and x are all nonnegative rational numbers"
3ad73d18-8e4b-584f-87ea-8a1153431dd5,,"For any number from 1 to 9, record the number that makes 10 when added to the given number with an equation"
af9a99a3-2303-5433-8fbc-0b8ff144479f,,"For any number from 1 to 9, find the number that makes 10 when added to the given number, including by using objects or drawings"
d20e2e5e-e735-59cb-9d31-1b9f7eac7c38,,"For any number from 1 to 9, record the number that makes 10 when added to the given number with a drawing"
e3d2b02c-896e-5919-a78a-7013f2f6449c,,"For any number from 1 to 9, find and record the number that makes 10 when added to the given number "
140c9070-138f-59f7-a1a1-ad3f1815b981,,Represent multi-step real-world problems using the four operations with an equation with a letter standing for the unknown
44a2143c-250e-5d19-b1b2-60ffd670ea61,,Assess the reasonableness of answers to a multi-step real-world problem using the four operations using mental computation and/or estimation strategies
7e561083-58c0-554a-8cb0-ff5621464fad,,Solve multi-step real-world problems using the four operations
e1589f99-6dd3-56a0-b387-32ceadb75cc3,,Solve multi-step real-world problems using the four operations in situations where a remainder must be interpreted
144856f4-26da-5abc-af5f-02f1f71d0bed,,Decompose a fraction into a sum of fractions with the same denominator in more than one way
1e84f1d7-7d88-5fe7-bb9b-5ee7bb7956a4,,Record decomposition of mixed numbers as an equation
288a6904-d7d3-56f9-b8a0-3daab7219252,,"Justify decomposition of mixed numbers using a visual model (denominators limited to 2, 3, 4, 5, 6, 8, 10, 12, and 100)"
5be2e8e4-9026-56eb-b55a-5f5d6ed7d4e6,,Justify decomposition of mixed numbers using a visual model
78c91fb0-7a7c-5ec7-a2a2-e63a35f96f17,,"Decompose a fraction into a sum of fractions with the same denominator in more than one way (denominators limited to 2, 3, 4, 5, 6, 8, 10, 12, and 100)"
7b4b5bc6-90dc-5ac7-ae2f-b23bc4232bc8,,Record decomposition of fractions as an equation
8dc1a96f-e651-5962-b7ab-d5e811e99b81,,Decompose a mixed number into a sum of fractions with the same denominator in more than one way
a3248bfb-32d9-5182-b971-95d7ba9d1155,,"Decompose a mixed number into a sum of fractions with the same denominator in more than one way (denominators limited to 2, 3, 4, 5, 6, 8, 10, 12, and 100)"
b6ee14d2-93e8-5bf2-a4c5-cedb438fe107,,"Record decomposition of fractions as an equation (denominators limited to 2, 3, 4, 5, 6, 8, 10, 12, and 100)"
c152b85c-2893-547f-9114-3cecf2ef0b4f,,"Justify decomposition of fractions using a visual model (denominators limited to 2, 3, 4, 5, 6, 8, 10, 12, and 100)"
d533aa7d-a89a-57d9-ba72-73d4658d75f1,,"Record decomposition of mixed numbers as an equation (denominators limited to 2, 3, 4, 5, 6, 8, 10, 12, and 100)"
eadbe803-6499-5c02-8be6-079dd03b161c,,Justify decomposition of fractions using a visual model
5f41fba8-f5db-5d70-9df9-1da0545355d0,,Measure the difference between the centers of two numerical data distributions by expressing it as a multiple of a measure of variability
5f434177-9416-5a5a-920b-22459ad31d6d,,Informally assess the degree of visual overlap of two numerical data distributions with similar variabilities
a6f3f96d-a2d8-5ba5-95e8-33991edcecbc,,Interpret the mean absolute deviation (MAD) of a set of data
0af31c8a-8b82-5b02-8919-21621b5ee394,,Know and apply precise definitions of angles
0b2fd3cb-176e-50eb-9cdb-e16c456b51a6,,"Understand and use definitions of angles, circles, perpendicular lines, parallel lines, and line segments based on the undefined term of a point, a line, the distance along a line, and the length of an arc"
85a750ee-d398-5ed7-b059-881ea41e7a61,,Know and apply precise definitions of circles
9e0d446e-8a30-58a3-b6a9-6727c7de57a1,,Know and apply precise definitions of parallel and perpendicular lines
d8c95de3-bc8b-5d6f-bf4d-244b9af63aee,,Know and apply precise definitions of line segments
dc6cd2b8-5246-551a-8c58-a4a60ca875b1,,Know and apply the differences between the properties of parallel and perpendicular lines
62944522-a118-54ed-9fa5-c7c14ec2e644,,"Assuming a rational or radical equation has a solution, construct a convincing argument that justifies each step in the solution process"
db1eb670-30ed-5d2a-8bac-90e702c98374,,"Assuming an equation has a solution, construct a convincing argument that justifies each step in the solution process"
de269aab-89f6-5481-8797-95ddf47b9207,,"Assuming a linear or quadratic equation has a solution, construct a convincing argument that justifies each step in the solution process"
dec67faf-4ddd-5268-94b7-7462b854dce7,,"Assuming a quadratic, square root, or inverse variation equation has a solution, construct a convincing argument that justifies each step in the solution process"
74b65cd2-9ddc-5362-a276-2d6dfa20b0bd,,Compare properties of two functions each represented in a different way
7e59ad79-91b7-53a7-98ec-c85624c7fc75,,"Identify the origin as the intersection of the x- and y-axes and the origin's coordinates as (0, 0)"
9a9aba52-8867-53e9-b129-9bdb51a5442b,,Interpret the x-coordinate of an ordered pair as the horizontal distance to travel along the x-axis from the origin
9f6772f5-1115-58c8-b53d-b5f26ccd0c9d,,Plot points on the coordinate plane given an ordered pair of whole-number coordinates
ccfcad8c-5c0e-5b3e-8c98-78b149ecdd97,,Interpret  the y-coordinate of an ordered pair as the vertical distance to travel along the y-axis from the origin
cf895e10-7702-59bb-9bc6-11e262f4c2f6,,Interpret the x-coordinate of an ordered pair as the distance to travel along the x-axis from the origin and the y-coordinate of an ordered pair as the distance to travel along the y-axis from the origin
d94abe72-3f88-5c8f-9fd5-40a0bd9471ec,,Identify an ordered pair of whole-number coordinates given a plotted point on a coordinate plane
2c71367f-ef95-5861-9ddc-19ceb055cd51,,"Measure the length of an object twice, using different length units for the two measurements"
b5092424-5b16-5a27-88d2-c36a19c2d170,,Describe how two measurements for the same object relate to the size of the units chosen
a0205dfb-18bc-51d1-8681-3594ee9b0cc3,,Identify lines of symmetry for two-dimensional figures
f67e0d53-c787-59d9-b9df-9f61ed12a82c,,Draw lines of symmetry for two-dimensional figures
c75962da-9a8e-53a7-81cc-b46d56f5100e,,Find a percent of a quantity as a rate per 100
e6525dd8-5e57-5c8a-abee-57f64d1c9eb4,,Solve problems involving finding the whole when given a part and the percent
67ca75ab-ff79-5c61-a49a-79c563ec0357,,Show that a number and its opposite are additive inverses
bffbcffa-74ab-5c1c-b96e-7944323f7cf6,,Interpret p + q as the number located a distance |q| from p in the positive or negative direction depending on whether q is positive or negative
f1f74202-77c6-5101-9dfa-fbedd982d46a,,"Interpret sums of rational numbers (fractions, decimals, and integers) by describing them with real-world contexts"
1797f847-4948-54a6-b32d-0e80d7d13379,,"Identify situations as either sample surveys, experiments, or observational studies"
3c254ec8-f706-550b-908b-7cc5c370476b,,"Understand how randomness is incorporated differently in sample surveys, observational studies, and experiments"
7877b807-727c-5912-add5-9e367cddb56a,,"Evaluate sample surveys, experiments, and observational studies with randomization by discuss the importance and impact of randomization in each"
a897237c-b860-5647-8f41-6e1ffd3ed645,,"Identify and explain the reason for using either a sample survey, experiment, or observational study"
06806313-cfe4-5d7d-9646-fdcf8520cadf,,Evaluate expressions at specific values of their variables in real-world contexts
5702c4ef-fbfc-533e-b5b5-a5cc126e7c3e,,Evaluate expressions at specific values of their variables in mathematical contexts
ceb07b7c-b1cf-52cc-97ee-192d8a291f90,,"Perform arithmetic operations, including those involving whole-number exponents and whole numbers, fractions, and/or decimals, using the order of operations"
4136d86b-ead5-54b8-9568-c4ce9b307bb8,,"Recognize that sequences, sometimes defined recursively, are functions whose domain is a subset of the set of integers"
20841568-a0c5-5660-bc25-2114f1a26074,,"Use the fact that i^2 = -1 and the associative, commutative, and distributive properties to add complex numbers"
3e099ccb-2e4d-5bbb-893b-5c5d424bbb91,,"Use the fact that i^2 = -1 and the associative, commutative, and distributive properties to multiply complex numbers"
9bb30e9d-2523-515c-ae94-e9d787def86d,,"Use the fact that i^2 = -1 and the associative, commutative, and distributive properties to subtract complex numbers"
522dfbfa-6e48-50e2-b8eb-dd95b5302e6b,,Measure angles in whole number degrees using a protractor
a25d6fc5-7af0-5d75-a2d2-b87306bd0fd3,,Sketch angles of a specified measure using a protractor
e650344b-f932-5f85-8c6b-abfa302759cf,,Compare the lengths of two objects indirectly by using a third object.
ef4dbab2-4db3-5955-8ae7-843fc7ee8479,,Order three objects by length.
32a33b2c-cdd1-58a7-a6f9-ce0b7c066d50,,"Add mixed numbers with like denominators (denominators limited to 2, 3, 4, 5, 6, 8, 10, 12, and 100)"
35f78f08-b9cd-5b93-af4a-3d5426a2b848,,Add mixed numbers with like denominators
80e84a1d-f17a-56d8-8196-cd5b35d12e88,,Subtract mixed numbers with like denominators
d688c51d-4261-5987-b2f6-28f694322f28,,"Subtract mixed numbers with like denominators (denominators limited to 2, 3, 4, 5, 6, 8, 10, 12, and 100)"
0bbc7349-8768-5a94-8461-b718a4547301,,Use the formula V=bh to find volumes of right rectangular prism with fractional edge lengths to solve real-world problems
1756aedc-6f52-52e3-a1c7-d46cfbba1a88,,Use the formula V=bh to find volumes of right rectangular prism with fractional edge lengths to solve mathematical problems
2a84aba3-bc85-5130-b97c-7002f6d4e147,,Use the formulas V=lwh and V=bh to find volumes of right rectangular prisms with fractional edge lengths to solve mathematical problems
319c693b-b89f-5532-8d83-d3e00a97dce3,,Use the formula V=lwh to find volumes of right rectangular prisms with fractional edge lengths to solve real-world problems
79258680-b81e-5e4e-ada6-19a72b43b8b5,,Find the volume of right rectangular prisms with fraction edge-lengths by packing it with unit cubes of the appropriate unit fraction edge lengths
e270cd96-fc42-5768-93ac-81c1a7e74069,,Use the formula V=lwh to find volumes of right rectangular prisms with fractional edge lengths to solve mathematical problems
f3bed57a-ac3f-5e4a-b50f-8395a58ba3b4,,Determine that finding the volume of a right rectangular prism with fractional edge lengths by packing it with unit cubes yields the same volume as multiplying the edge lengths
f873f320-ef6b-55f6-ab04-ce9b8dc30224,,Use the formulas V=lwh and V=bh to find volumes of right rectangular prisms with fractional edge lengths to solve real-world problems
44dc09a9-8b07-5eb8-bdb2-3b239e674a43,,Add vectors component-wise
b6b4a956-e309-56e1-8d17-d338ece55936,,Know that the magnitude of a sum of two vectors is not necessarily the sum of the magnitudes
c31befb3-d124-5627-935f-81e1a5899b7d,,Add vectors using the parallelogram rule
c53cbd6f-e69e-550d-834d-d5f4b168632d,,Add vectors end-to-end
109ac5cd-8a05-5f94-8bbb-001e3a91e3c8,,Use benchmark fractions to estimate and assess the reasonableness of answers resulting from fraction subtraction referring to the same whole
1f6b0f81-22fb-5021-975c-b3a00269a1e9,,Use benchmark fractions to estimate and assess the reasonableness of answers resulting from fraction addition referring to the same whole
4b749054-84a9-5279-bb7c-9ac485005421,,"Solve word problems involving addition of fractions referring to the same whole, including with different denominators"
ed662f1f-210b-5895-8841-60c021a792c2,,"Solve word problems involving subtraction of fractions referring to the same whole, including with different denominators"
7752d0b0-468b-5e2b-b641-965fb048340f,,Develop a uniform probability model
f578a7d0-3872-555d-9e67-0ec54d6f90a6,,Use a uniform probability model to find the probability of simple events
6e2f329c-31b1-5e5a-a47c-a953a00d3b4a,,Use the properties of similarity transformations to develop the criteria for proving similar triangles (the angle-angle criterion)
b716f398-9f80-5873-99a5-776d044f7987,,Use the properties of similarity transformations to develop the criteria for proving similar triangles
36838767-8df3-5ddc-836b-a4c5e196955d,,"Describe the reflections of a rectangle, parallelogram, trapezoid, or regular polygon that maps each figure onto itself "
45579d63-1687-52b1-b66c-e03d1277a5d6,,"Describe the rotations and reflections of a rectangle, parallelogram, trapezoid, or regular polygon that maps each figure onto itself "
f6b9c883-c03d-52da-bb06-db90937899ea,,"Describe the rotations of a rectangle, parallelogram, trapezoid, or regular polygon that maps each figure onto itself "
690addcb-a06c-5fa1-a4d0-0ea9499b9340,,"Add within 20, using strategies such as counting on, making ten, and creating equivalent but easier known sums."
a00966f2-bc3c-5b7d-9191-2a2f74f240e2,,Fluently add within 10
c7ac60b3-ba70-5087-9183-458ff0a5bed5,,Fluently subtract within 10
e1cb5730-1fdb-58cd-8a57-8e273e00dc9b,,"Subtract within 20, using strategies such as counting down, decomposing a number leading to a ten, and using the relationship between addition and subtraction."
4a1b41fd-bfe4-57cf-9f92-aa2ab59f2bad,,Interpret division of a whole number by a unit fraction
abaff428-23ff-56aa-8001-4538eb9d870d,,Compute the quotient of a whole number dividend and a unit fraction divisor
221f995d-4d50-5249-9b21-7851722ce8f5,,Recognize area as an attribute of plane figures
2ef98390-ca2c-5e11-9573-b8cf62611e70,,"Understand that when using a unit square to determine area, the entire surface of the plane figure must be measured without gaps or overlays"
1de87160-702a-506b-b403-fd5f890b0782,,Understand a rational number to be any number that is the value of a ratio of two integers
7608d2f3-4578-504c-921c-93bb703fc9a1,,Convert a decimal expansion which repeats eventually into a rational number
796584cf-96ab-559a-8e86-322d95757ea3,,Demonstrate that rational numbers expressed as decimals either terminate or repeat eventually
a622aa0e-33a5-58ab-bb11-cf04a00dce0c,,"Know that numbers that are not rational are called irrational, and identify irrational numbers"
ab61aaed-db50-5b2d-8030-4f7ded710083,,Understand that every number has a decimal expansion
0bfe77de-2517-5eaf-878d-73a0513d3995,,Display numerical data in plots on a number line
1525b97c-26c6-5549-8238-21e2ec20039e,,Identify the data set that is being displayed in a number line
8bf02e1b-dfdd-5c7a-9a1c-fba94e7a2117,,Identify the data set that is being displayed in a box plot
a5b32d92-952a-5680-aa80-d9048b8d2af9,,Identify the data set that is being displayed in a histogram
a8fd1516-9ee6-519a-aa68-2c5040d5a97e,,Display numerical data in plots on a histogram
b274f357-3b0a-52f4-8b72-48ebba4142d7,,Identify the data set that is being displayed in a dot plot
b81144de-1c27-5c85-b0f2-5ad2449f986d,,Display numerical data in plots on a box plot
d34f7566-1d4c-5798-b0aa-9fc60f172699,,Display numerical data in plots on a dot plot
715f7b83-9499-5cf3-b1a2-eb5696691082,,Verify that no combination of basic rigid motions will alter the length of a line segment
30ebf30e-f1f4-565a-851e-23192076cd5e,,"Make the connection, using graphs and tables, that a quantity increasing exponentially eventually exceeds a quantity increasing linearly, quadratically, or by any other polynomial function
"
ea27b5c2-a1b4-5129-b8d8-890b088f1547,,Identify and explain the properties revealed by an equivalent form of a given expression
fe68104a-2bc9-58d1-a25c-3e48737f8dc8,,Produce an equivalent form of a given expression to reveal specific properties of the quantity represented
e3f2391f-225c-580f-9331-7de98f609d83,,Interpret statements of inequality as statements about the relative position of two numbers on a number line diagram
1ca4a9fc-2a7b-50b8-b67a-3b850141a649,,View one or more parts of an expression as a single entity
adfe0503-3bf5-5312-898c-aa649df77f3f,,"Identify the parts of an expression using mathematical terms (including sum, term, product, factor, quotient, coefficient)"
0547ded3-3b6d-58c4-96ba-e7afd6191e68,,"Draw examples of quadrilaterals that are not rhombuses, rectangles, or squares"
1bc66a86-93f4-5dea-a27f-2a59c43eb778,,Recognize a rectangle as a quadrilateral
32da252f-5957-5f9d-812c-b1ac4daf67ce,,Recognize examples of quadrilaterals
57e16cea-f300-527a-b474-0bad164dfc11,,Understand that shared attributes can define a larger category of shapes
7f057a0c-0b9e-581c-b191-baada2e1193f,,Understand that shapes in different categories may share attributes
99b171db-5e8a-53fb-b210-acc56577eb56,,Recognize a rhombus as a quadrilateral
c683d6c7-ca86-5f05-b6a9-2c9465fb8f0e,,Recognize a square as a quadrilateral
11bce5e2-fee9-53f3-8952-b44ffae38515,,"Create an equation in a real-world context, including representing constraints in the context"
3567809e-2120-514d-9973-3709ea9da0d2,,"Create an inequality in a real-world context, including representing constraints in the context"
43db98f6-e15f-51b4-b29b-ee8f47181491,,"Use an equation, inequality, or system to solve a real-world problem and interpret whether the solution or solution set is viable in context"
603077ab-79b7-516d-90bc-39f38a632766,,"Create a system of inequalities in a real-world context, including representing constraints in the context"
770f050d-edfb-5dc5-9336-6eb15ddab741,,"Create a system of linear inequalities in a real-world context, including representing constraints in the context"
a8ea884c-a65e-55bc-aeff-ffb2a3cb9b49,,"Create a system of linear equations in a real-world context, including representing constraints in the context"
fb4797ee-36d1-588d-b2f7-876caae34226,,"Create a system of equations in a real-world context, including representing constraints in the context"
019a93e7-1877-5e9b-b4b3-476f201fccc8,,Fluently divide multi-digit whole numbers using the standard algorithm
fa745fbb-4e7c-54e0-aa3d-a89ab5e9cbe3,,Fluently divide multi-digit whole numbers with a dividend of at least 4 digits
b9271b94-582d-549f-b55e-2192fc9a58f0,,Identify or describe a situation in which opposite quantities combine to make 0
10b7ec1d-8484-542d-b7d8-e556ab71ceb5,,Use substitution to determine whether a number or a set of numbers makes an equation true
25259f33-13ce-5339-a53a-11e0a2ffd95f,,"Use substitution to determine whether a number or a set of numbers makes a one-variable, one-step equation true"
8fec2d18-79bd-53a4-8ef9-c4b7ee7a15d5,,"Use substitution to determine whether a number or a set of numbers makes a one-variable, one-step inequality true"
a9e1847a-b8cc-5abb-9476-18e1ddb542ea,,Use substitution to determine whether a number or a set of numbers makes an inequality true
f7a9f0e5-d847-5b6e-8fa1-e1d6d001cc58,,Demonstrate that the solution of an equation or inequality is the value of the variable that will make the equation or inequality true
3adc18f8-15fb-5dca-ae72-20a6dbb0b4bb,,Define a sample space and events within the sample space
99f8fb9d-7945-54ae-a590-6ab4d1b2d714,,"Identify subsets from sample space given defined events, including unions, intersections, and complements of events"
0c9a3738-497b-5064-bf11-1b840a102ca0,,Model shapes in the world by drawing shapes
6e500b44-172c-59ed-9ec4-bf28057b3479,,"Model shapes in the world by building shapes from components (e.g., sticks and clay balls)"
40bbbc67-6abd-57f0-a9bc-65e624c1d4bd,,Simplify a numerical expression involving radicals and rational exponents
56132d0e-c1f0-553a-941b-e6aeb30ad287,,"Simplify an expression, including those with variables, involving rational exponents"
5dbf5145-2f49-51db-8531-4d09263c0326,,"Simplify an expression involving radicals and rational exponents, including expressions with variables"
7d97e531-2bd4-51ed-8ceb-26c7b73bb3da,,Convert from radical representation to using rational exponents in expressions with variables
81ef8349-54e5-5ffd-8e02-0fbbce1ccdf6,,Simplify a radical numerical expression
88c0453a-05f0-557d-a0d9-2f87f829aee6,,Convert from radical representation to using rational exponents with numerical expressions
8bdb5693-0110-5f06-87b8-fd90a121f3ca,,Convert from using rational exponents to radical representation in expressions with variables
c0e49ae4-d166-5cd2-ab0b-eca93c657eb7,,"Simplify a radical expression, including those with variables"
e44166c8-3aae-5952-96ef-2c72e1b3509e,,Simplify a numerical expression involving rational exponents
f7a50dff-113f-5c76-8fba-b74c5e88499f,,Convert from using rational exponents to radical representation with numerical expressions
5ed8e4b9-f793-5cb2-861c-fe0c2857c8d1,,"Model a multiplication situation (up to and including 10x10), including by writing a multiplication expression"
9a5c62b7-7c19-54c8-be81-af529ddc7890,,"Interpret the product of two whole numbers as the number of groups times the size of each group, or vice versa"
9c0f3844-c6ae-5bd5-a059-045be3fae30c,,Identify a multiplication situation based on a given multiplication expression
a0174086-6335-568a-ae51-86e54edc8371,,"Interpret the product of two whole numbers (up to and including 10x10) as the number of groups times the size of each group, or vice versa"
dc76aa42-8bd7-531e-ac1b-cf22b96aa8d1,,"Model a multiplication situation, including by writing a multiplication expression"
fa260e04-cde7-5cd8-99ed-75b18d2e0bce,,Identify a multiplication situation based on a given multiplication expression (up to and including 10x10)
926bf4b0-e045-536b-ac02-2089d77cbf6c,,Find the least common multiple of two whole numbers less than or equal to 12
9bf54462-5fd0-59bf-8360-cd503e45b884,,Find the greatest common factor of two whole numbers less than or equal to 100
c587f727-0135-571c-8c60-7ad46e0a28c5,,Use the distributive property to express a sum of two whole numbers 1-100 with a common factor as a multiple of a sum of two whole numbers with no common factor
1a76196d-c5cd-5314-9230-fb068e899986,,Use matrices to manipulate data in real world contexts
e0b9facc-5b70-5101-8f80-2081e17c3ef9,,Use matrices to represent or model data from real world contexts
564c9084-ffdb-5d17-b162-e5208b6a6df9,,Calculate the midpoint of a segment in the complex plane as the average of the numbers at its endpoints
e4fc8c1d-9969-5f3d-9289-02bd53a194f7,,Calculate the distance between numbers in the complex plane as the modulus of the difference
54110dcc-df25-5da3-95e7-b95407c0aff3,,Identify a rational number as a point on a number line
b944d614-941f-58cc-86f8-11385278df12,,Extend number lines and the coordinate grid to include negative numbers
01b92a76-0c59-58d7-a9fe-754791975b7b,,Record decompositions of 10 using a drawing
272d9661-6c65-5855-a332-93571d49bda1,,Decompose 10 into pairs in more than one way
5d4318eb-784b-59ac-b857-2056aab9fd3c,,Record decompositions of 10 using an equation
748cd81c-2d27-56c3-bd70-cb664e86f158,,Decompose numbers less than 10 into pairs in more than one way
764695a4-8067-57e2-b9cd-10b22e0c0d1d,,Record decompositions of numbers less than 10 using a drawing
c7bb0820-91f1-58f9-a3c9-c37044fef5e9,,Record decompositions of numbers less than 10 using an equation
1d28e574-c7a6-56e8-9296-7506f8f737e6,,Solve quadratic equations in one variable
06c73e9c-e827-581a-9a6f-b206648c6954,,Use combinations to solve real-world problems
d74dd6d1-5b2c-5562-a743-b41070a7b54f,,Determine whether permutations or combinations would be useful in a context and use them to solve real-world problems
f9ceb349-3769-5e94-bae7-fbb48f4d4737,,Use permutations to solve real-world problems
6c81abb2-bfff-534b-bbe6-2c2a2a405462,,Determine whether a whole number within 100 is a multiple of a given one-digit number
8970cb2b-7dd0-5209-acd1-d7c7083db812,,Find all factor pairs of a whole number within 100
a19972ce-8ba7-5042-9369-1c86bb517dc6,,Recognize that a whole number is a multiple of each of its factors
f548ce1a-ef91-5a91-9d5e-1cebf7fd201c,,Determine whether a whole number within 100 is prime or composite
6cac74ab-abf2-554b-aab6-fd0f328613ce,,"Given an equation of a circle, find the center and radius"
a5dc03f6-bf53-5daf-ac19-173d97218c17,,"Derive the equation of a circle, given the center and the radius"
33364bb0-7a0e-5913-b97d-4d18d3214eae,,Generate measurement data by measuring the lengths of objects to the nearest whole unit
9ede2acf-70d1-51f5-8d81-bbb66257a78f,,Create a line plot where the horizontal scale is marked off in whole-number units to display measurement data
a7ca2ced-e4d9-5094-9637-286665046547,,Solve linear equations in one variable.
46fa1581-c95a-556e-9573-d6b6a1924e4b,,Multiply rational numbers
63d02ae5-c33c-54ab-a908-4c95fac5a4e6,,Divide rational numbers
69dae716-2ecc-5ba9-bcb3-14db257fea9f,,Multiply and divide rational numbers
1a101be5-1e3d-5e8f-bfdc-9c855ef02361,,Differentiate between perimeter and area and recognize that figures can have the same area and different perimeters
5b8696e3-bdcc-5753-8bb5-c1957a369267,,Solve mathematical problems involving the perimeters of rectangles with whole number side lengths
67e309b0-ea5e-5ea5-a2a2-1bad5b07cafc,,Solve real-world problems involving finding the missing side length of a polygon when the perimeter is given
7f34a6f4-8e34-5c4d-8422-3254537a1715,,Find the perimeter given the side lengths of a polygon in a mathematical context
8ff532f5-f2f8-53d1-a1a1-c4a6c4d82242,,Find the perimeter given the side lengths of a polygon in a real-world context
a278d5f2-d74a-559a-bbee-734b8ccd214c,,Solve mathematical problems involving the perimeters of polygons
bba3f1fb-edc5-56a6-b53d-17cc99bfc448,,Solve real-world problems involving the perimeters of polygons
bce565cf-f073-5e79-9fd9-408ab180d0d1,,Differentiate between perimeter and area and recognize that figures can have the same perimeter and different areas
e1067102-cb17-5785-88d3-4eadd2b4a685,,Solve real-world problems involving the perimeters of rectangles with whole number side lengths
ede10534-7166-5f54-a90a-aae0d43eb097,,Solve mathematical problems involving finding the missing side length of a polygon when the perimeter is given
170ad50a-04a1-5099-948d-aebaf8279418,,Compare the key features of two quadratic functions represented in different ways
2367b30d-42b3-50ab-bf80-cf0202216b39,,Compare the key features of an exponential and linear function represented in different ways
5baa2c5b-1cdf-5340-9be2-81efd637490b,,Compare the key features of two exponential functions represented in different ways
947dbf44-ccaf-5d25-82c8-a48f345f8e02,,Compare the key features of a quadratic and linear function represented in different ways
94c5965e-3012-51ce-933a-db0509babe06,,Compare the key features of two functions represented in different ways
b91b15d5-c9d0-5dbd-b904-29e7a05d71c1,,Compare the key features of an exponential and quadratic function represented in different ways
d05807d0-7b26-5a02-9fe1-4005dfc61828,,"Compare key features of linear functions represented in different ways, including algebraically, graphically, in tables, or with a written description"
d6336ff8-2f64-565c-bf21-75bb6a8f781e,,"Compare key features of linear and nonlinear functions represented in different ways, including algebraically, graphically, in tables, or with a written description"
1782cf9a-359b-5120-aa10-06b5107ec8d0,,Identify outliers (extreme data points) and their effects on data sets
1d605f54-e40d-5753-8881-037fad412746,,Describe a distribution using center and spread
7e3f7a9a-dc6b-5170-b00a-682e9c5b147e,,Compare two or more different data sets using the center and spread of each
db0cac93-38ee-5636-881e-e9a7fac66403,,Use the correct measure of center and spread to describe a distribution that is symmetric or skewed
07728089-cd58-5915-bebf-3568b5b054fd,,Represent addition with verbal explanations
2ad5b1aa-0e9e-5f25-8e8e-3ad9aee48a60,,Represent addition with equations
3992a98e-014a-58fb-aa5b-c87a27beaf5c,,Represent subtraction with sounds
39fb55f6-1d29-531c-9e5b-16511d9886f2,,Represent addition with expressions
3ecee76a-cdd5-5fa7-bbe9-4f0637a1e33b,,Represent subtraction with equations
567cc2da-0d91-5f1e-9772-b8ad1ea232ec,,Represent addition with mental images
62e19879-2e52-5b8d-8776-3932f1225bd4,,Represent subtraction with verbal explanations
895a2332-db73-501e-9c67-d7706d2cec98,,Represent subtraction with expressions
98ade912-2090-5241-ba62-645771e43fbc,,Represent addition with fingers
98b3340a-bae2-5f31-ab95-0dc3830fc018,,"Represent subtraction with objects, including pennies"
9dd0efd5-f4de-59fc-a2a4-da55fc511ccf,,Represent addition with sounds
a37824b0-b9f5-5f7b-8aac-57aaa5f55600,,Represent subtraction with fingers
baec2695-fabb-5d9b-bd10-f2e3ac7e640c,,Represent subtraction with acting out situations
bf0dfb8e-839c-5723-bc94-93c4d84f02b4,,Represent addition with acting out situations
ea6d1ff1-3eed-50df-9539-1efcd19e748e,,"Represent addition with objects, including pennies"
f9066d04-dbaf-52f1-8fe8-b2d0c5c58828,,Represent subtraction with mental images
34863269-640c-5d9f-8e11-09fd92bdc874,,"Apply the understanding that the distance between two rational numbers (fractions, decimals, and integers) on the number line is the absolute value of their difference in real-world contexts"
5bb0a92d-6a26-5447-9ba9-3f05e70ce71c,,"Show that the distance between two rational  numbers (fractions, decimals, and integers) on the number line is the absolute value of their difference"
ee49316b-0837-505e-9701-f8b842dc8dd0,,Understand p - q is equivalent to p + (-q)
70837fe6-36f0-5208-b7ca-ff1930b38fef,,Represent real-world problems by graphing points in the first quadrant of the coordinate plane
d2cd8103-3cd7-50de-bb43-390aeff1de3d,,Interpret coordinate values of points in the context of the situation
ef95113c-01d9-5f74-847f-e6187aeaf3ca,,Represent mathematical problems by graphing points in the first quadrant of the coordinate plane
b922397f-cc7a-5149-801c-9baf206a4efd,,Use the Pythagorean Theorem to solve for an unknown side length in right triangles in real-world problems in two and three dimensions
cac68ba0-c28f-5299-9d54-7f50cb346eba,,Use the Pythagorean Theorem to solve for an unknown side length in right triangles in mathematical problems in two and three dimensions
b9ab4f32-7e7e-5e62-9367-93587efd26b5,,Determine the unknown whole number (addend or sum) in an addition equation relating three whole numbers.
fb83f538-8d2a-5b24-ae51-c5e6a44ec266,,"Determine the unknown whole number (subtrahend, minuend, or difference) in a subtraction equation relating three whole numbers."
51e2d683-9271-50f3-8bab-f3d5766156fd,,Identify that attributes belonging to a category of quadrilateral also apply to its subcategories
e3e2af8b-6691-5559-b154-8d58303dde02,,Identify that attributes belonging to a category of two-dimensional figures also apply to its subcategories
7cc9fb8e-d3e4-5064-a6aa-06bab4c86b92,,"Know that a cube with side length 1 unit is called a ""unit cube,"" has a volume of ""one cubic unit,"" and can be used to measure volume"
181f01a6-ce05-5767-83cc-6d27325f1354,,Solve real-world problems by graphing points in all four quadrants of the coordinate plane
1ba53b4c-32e9-5cd5-8ee2-6b595e72aa46,,Use coordinates and absolute value to find distances between points with the same first coordinate or the same second coordinate
c7645c9c-d2e6-5420-bb85-6f0b7dedba2c,,Solve mathematical problems by graphing points in all four quadrants of the coordinate plane
0a99d1a1-fef8-5637-a258-9c0257922521,,Multiply a vector by a scalar
4aeee2dd-3e67-5d7e-b843-39650a018660,,Multiply a fraction or whole number by a fraction
205ba874-5f75-5b0d-b984-8668f1c267d9,,Create shapes to possess defining attributes of shapes
a8e2fb9e-5a1f-54fb-b72c-d4d4d36fb577,,Differentiate between defining attributes of shapes and non-defining attributes of shapes
baa38680-9f6c-5684-993d-9c5a79813e04,,"Use defining attributes to identify two-dimensional shapes such as triangles, squares, rectangles, and trapezoids."
eb8d0c94-fd12-5927-a25b-8b1917b1a59f,,Identify defining attributes of shapes
10bc56bd-613c-5965-823b-a4dd11ba482f,,Classify two-dimensional figures based on the presence or absence of perpendicular or parallel lines
db42dcec-1f26-5f05-89fc-32209f556336,,Identify right triangles
ec7e77d8-d9f7-5765-8104-d5f38d064aa8,,Classify two-dimensional figures based on the presence or absence of angles of a specified size
701f11cd-130e-58eb-8563-0799d0d46ef8,,Use the unit circle to prove the Pythagorean identity (sin A)^2 + (cos A)^2 = 1
b8b45250-97bc-5fce-bf5a-9907f00c89a2,,"Given the value of the sin(A) or cos(A), use the Pythagorean identity (sin A)^2 + (cos A)^2 = 1 to calculate other trigonometric ratios"
095babd2-33fe-554f-b3b5-a75ce1780d53,,Use models to explain the multiplication of four-digit numbers by one-digit numbers
17023c31-620e-5c4c-829c-8433e33f79b0,,Multiply a three-digit number by a one-digit number using strategies based on place value or properties of operations
1e8857da-3ad2-5ec5-afe6-712b36a6ddb3,,Multiply a two-digit number by a two-digit number using strategies based on place value
30ca2946-ea13-5226-90a7-a6db3ccda5fc,,Use models to explain the multiplication of three-digit numbers by one-digit numbers
4e8bd7bf-3aff-5927-985b-3b2dc09de9e1,,Multiply a three-digit number by a one-digit number using strategies based on place value
57a1b686-9ada-5a2c-ba77-19b2a336cf85,,Multiply a four-digit number by a one-digit number using strategies based on place value or properties of operations
9a93208c-551e-58ba-98e2-db8694ff7568,,Multiply a three-digit number by a one-digit number using strategies based on the properties of operations
a0cdda07-31d4-5b71-87fc-d0c9a7c5edbc,,Multiply a two-digit number by a two-digit number using strategies based on the properties of operations
bb6ce866-f435-5fef-9a8f-4d485034d495,,Multiply a two-digit number by a two-digit number using strategies based on place value or properties of operations
cb82dee4-88cb-5e46-9ec3-bc05b1d5a482,,Use models to explain the multiplication of two two-digit numbers
53b50672-0805-53cf-9a3c-de578d4749e1,,Extend polynomial identities to include complex numbers
f7d07fbc-10d8-53b7-a6f7-fc4396463004,,"Solve an exponential function in base 2, 10, and e using logarithms"
f7d2c44b-459f-5157-b297-fc345ff480c3,,Use technology to evaluate a logarithm
e33706a3-b1a0-5bdf-bbee-3978ba5034f1,,Calculate the expected value of a random variable
ebc432cb-a1ad-56c1-8f77-0eb0d6ca9e89,,Interpret the expected value of a random variable as the mean of its probability distribution
2d383636-b452-50bc-8d43-c29f025d40f1,,Solve addition problems to find unknown angles on a diagram in real-world problems
4086d386-afea-5759-9b38-0f8f6b7df843,,Recognize angle measure as additive
9e47d943-b3fe-5c73-af3b-4057a3dc49b3,,Represent addition problems to find unknown angles on a diagram using an equation with a symbol for the unknown angle measure
b9ddd899-ebcd-5f01-bee3-29f22e0cce25,,Solve subtraction problems to find unknown angles on a diagram in real-world problems
cf96b873-1f5e-58a8-aaea-a51659a6df4a,,Represent subtraction problems to find unknown angles on a diagram using an equation with a symbol for the unknown angle measure
523d04e7-47d8-55c7-bc44-792f3e01bfda,,Use rate language in the context of a ratio relationship
b9b94f31-b58b-5e26-9efe-680b167046ba,,Identify real-world ratios and use them to determine unit rates
db4c25ad-9892-5abb-bcba-2fc9781d10f8,,Write a ratio a:b as a unit rate a/b
4f28828c-0dd5-5c91-9f0c-8044d2b44890,,Write simple expressions of two or more steps and with grouping symbols that record calculations with numbers
fe00d7de-e6dc-58e5-b9ea-66e330a42eaa,,Interpret numerical expressions without evaluating them
978d5e05-c916-5d4a-bb9f-18e6149b1fa3,,Find volumes of solid figures composed of two non-overlapping right rectangular prisms by adding the volumes of the non-overlapping parts
b1240abb-6c18-5c57-a532-246010db1fd9,,Recognize volume as additive
d1376215-4a6d-58a1-a18d-aea8fe0436cd,,Solve real-world problems by finding the volumes of solid figures composed of two non-overlapping right rectangular prisms by adding the volumes of the non-overlapping parts
6c56f94a-f274-583a-b1c2-ac241c28a837,,Summarize numerical data sets in relation to their context by describing the nature of the attribute under investigation
cd31c30e-e809-5fd5-873d-0de7ffb63e3c,,Compute the magnitude of a scalar multiple cv using ||cv|| = |c|v
ff26260e-5e13-5485-9c5b-1ba3f7350196,,"Compute the direction of a vector scaled by a multiple knowing that when |c|v is not equal to 0, the direction of cv is either along v or against v "
f1a27da7-7faf-584a-af58-f16752145363,,Distinguish comparisons of absolute value from statements about order
0adb13b7-d64a-513f-8618-923a08afddcc,,Use addition within 100 to solve word problems involving lengths that are given in the same units
2067661f-d96d-50b0-9740-d4ff7ca9b4a2,,"Use equations, with a symbol for the unknown number, to represent addition and subtraction within 100 in word problems involving length"
39ec1f4b-9c2b-5579-9e66-ef364c16ac92,,"Use equations, with a symbol for the unknown number, to represent addition within 100 in word problems involving length"
453e6ef8-f06c-5a94-9e47-16d5e76afcf1,,"Use equations, with a symbol for the unknown number, to represent subtraction within 100 in word problems involving length"
55fefca2-78da-5c72-8754-4e1dcd835f73,,Use addition and subtraction within 100 to solve word problems involving lengths that are given in the same units
a39e99c4-253c-5738-a897-4663c7a93df5,,Use subtraction within 100 to solve word problems involving lengths that are given in the same units
158e0231-4508-5950-bb33-7b29d0ebf269,,Solve real-world problems leading to systems of linear equations
237c924f-ff62-5a7b-924c-9015299c518b,,Solve simple real-world problems leading two two linear equations in two variables given in slope-intercept form with integer solutions
c7120f98-1bce-514d-9bd1-e0fcae5dae37,,Solve mathematical problems leading to systems of linear equations
d77eb62e-a5e9-560d-ae7b-69ca2f731bce,,Solve simple mathematical problems leading two two linear equations in two variables given in slope-intercept form with integer solutions
137f8ccd-202a-53f3-a97a-a62948d84c82,,Compute quotients of a unit fraction and a non-zero whole number
ab93d733-f98f-5d1c-8bc8-a4269a764def,,Interpret division of a unit fraction by a non-zero whole number
22840705-06a9-5eba-8e65-1634375f5c8f,,"Use the inverse of a matrix to solve systems of linear equations, including the use of technology for matrices of dimensions 3 x 3 or greater"
a40929ab-a165-5749-a989-044afa0448d0,,Determine whether a matrix has an inverse
bfa4edbf-64d8-544d-8006-c202096fd9d8,,Find the inverse of a matrix if it exists
a7ca0993-af5e-5c4f-94d2-c1d931f6a547,,Prove polynomial identities
b5a95f37-1740-50db-af1c-da787e2a4026,,Use polynomial identities to describe numerical relationships
96c682e0-9b70-5d9a-8094-bb37cf274230,,Compare two numbers between 1 and 10 presented as written numerals.
2b1c7d26-ed85-50cc-b920-04bf571667de,,Derive the equation of a hyperbola given the foci
f6847772-0c80-59e6-a0dd-70ebe73c9344,,Derive the equation of an ellipse given the foci
9a69106b-bb8b-5a63-a8d4-f68a20306123,,Write a function that describes a relationship between two quantities
11214591-615b-5929-b649-c2660de7ccaf,,Use inverse functions to solve trigonometric equations in a modeling context
b5ef9e72-28b4-55d8-9288-440d870067cd,,"Evaluate the solution to a trigonometric equation from a real-world problem using technology, including solutions found using inverse functions"
b92848e4-8e14-5d60-af6c-41767d64e8f9,,"Interpret the solution to a trigonometric equation, including a solution generated using inverse functions, from a real-world problem in context"
685131ac-6579-5a09-b675-995525838be5,,Use properties of operations to add rational numbers
7aa5ed91-3ba3-5eff-93af-77123a99843d,,Use properties of operations to subtract rational numbers
ce4afd4b-6f1d-5d6f-83df-ac9b90a40250,,Use properties of operations to add and subtract rational numbers
113eb6e8-6afa-5fad-9c50-e25dc64babd5,,Use a scaled picture graph  to represent a data set with several categories
33be216e-2109-54ec-aa3e-6c0bd1006c01,,Solve one-step problems using information presented in a scaled bar graph
927348fe-e3fb-5e94-b3d4-b5c3cb64bef4,,Use a scaled bar graph to represent a data set with several categories
db9fc2c4-fbae-5ba0-8e50-5fb1716013a9,,Solve two-step problems using information presented in a scaled bar graph
3c7dcfad-a121-5de1-b274-420408f9d54c,,Identify or determine the constant of proportionality (unit rate) in equations of proportional relationships
5ec9f641-05be-5846-b3fb-fab3138ef0d3,,Identify or determine the constant of proportionality (unit rate) in graphs of proportional relationships
8c8b40c3-0da5-5240-90ef-5a93150fd9d6,,Identify or determine the constant of proportionality (unit rate) in verbal descriptions of proportional relationships
a205a83d-652d-5095-9a1a-07676d6a394d,,Identify or determine the constant of proportionality (unit rate) in tables of proportional relationships
e927647f-0791-56f7-bf44-879e8f10b981,,Identify or determine the constant of proportionality (unit rate) in diagrams of proportional relationships
402e7eef-e7b7-5600-887b-3883bb55427d,,"Describe the effect of reflection across lines other than the x- or y-axis on two-dimensional figures in the coordinate plane, including the use of coordinates and algebraic representation"
4815a989-c11e-5dfc-ad40-436c131a856a,,"Describe the effect of rotations that are not multiples of 90 degrees on two-dimensional figures in the coordinate plane, including the use of coordinates and algebraic representation"
4c98d1fb-d791-55a0-9c53-da896b8d1066,,"Describe the effect of a series of transformations including dilation on two-dimensional figures in the coordinate plane, including the use of coordinates and algebraic representation"
5816f6d6-1545-5d58-aa57-e46fc3e3f9d5,,"Describe the effect of translation on two-dimensional figures in the coordinate plane, including the use of coordinates and algebraic representation"
61d83709-91fa-53c2-a6e1-9e7b4fd01343,,"Describe the effect of rotations about the origin that are multiples of 90 degrees on two-dimensional figures in the coordinate plane, including the use of coordinates and algebraic representation"
6827617f-2cfb-5250-8406-48bb3b1c4a59,,"Describe the effect of reflection across lines parallel to the x- or y-axis on two-dimensional figures in the coordinate plane, including the use of coordinates and algebraic representation"
9483c9ac-57b6-52f8-8d48-0b5b485c03a6,,"Describe the effect of reflection across the x- or y-axis on two-dimensional figures in the coordinate plane, including the use of coordinates and algebraic representation"
b12819c6-2869-5f6c-9810-5b54feeee60a,,"Describe the effect of rotations that are multiples of 90 degrees on two-dimensional figures in the coordinate plane, including the use of coordinates and algebraic representation"
b6e6ec4d-a1af-5c7b-87df-21c9160a6c78,,"Describe the effect of dilation centered at the origin on two-dimensional figures in the coordinate plane, including the use of coordinates and algebraic representation "
c169f8f0-5a56-5ac9-b8f4-13d6d170d53a,,"Describe the effect of dilation on two-dimensional figures in the coordinate plane, including the use of coordinates and algebraic representation "
dd9fa6a3-ec0e-5ae3-be32-88fc3e2b5e60,,"Describe the effects of a series of basic rigid motions (translations, rotations, and reflections) on two-dimensional figures in the coordinate plane, including the use of coordinates and algebraic representation"
e8c6b8a4-255d-5ca4-b0fb-ac0d12690462,,Recognize that dilations are non-rigid transformations that enlarge or reduce a figure according to a scale factor
1407e5b5-d4e7-50d9-bc0c-6b3a65a95919,,Solve systems of linear equations in mathematical problems algebraically
b38442d0-5d55-5f2d-857a-b6a4491153d9,,Use a graph to find or approximate the solution to a system of linear equations in mathematical contexts
c238ecdc-5935-568d-b7c8-eccdf8ba4cf9,,Use a graph to find or approximate the solution to a system of linear equations in real-world contexts
ca6b190d-85fc-50ca-93b0-5a15d0a20b52,,Solve systems of linear equations in real-world problems algebraically
ee3e1fbd-dcc7-5792-b51a-f27478b10559,,Graph a system of linear equations to find its solution
a679c3b7-cb84-595f-ac40-5517f2f25bfc,,Generate a shape pattern that follows a specified rule
d76ac695-5b8b-5196-8019-0e4b86b3bd93,,Identify features of a pattern that are not explicit in the rule of the pattern
f14ddf6b-75f5-52d8-be88-8bf26119bafb,,Generate a number pattern that follows a specified rule
5f269067-422f-5eee-bea2-70ebeceb7191,,Restrict a trigonometric function to a domain on which it is monotonic so that it is invertible
3d4b5315-4ddc-5d91-827b-58af7e0a96f2,,Find the area of a rectangle with fractional side lengths by tiling it with unit squares of the appropriate unit fraction side lengths
7e715af1-e601-5dbc-89a3-1643f55e93c2,,Show that the area of a rectangle with fractional side lengths found by tiling with unit squares is the same as the area found by multiplying the side lengths
9e161f6b-d8e3-56a0-a7db-4072807b4c33,,Represent fraction products as rectangular areas
fe7e289c-2135-527d-8110-d8ee55117835,,Multiply fractional side lengths to find areas of rectangles
1c553f68-277a-56e0-a926-61f7ebf4493b,,"Count to answer ""how many?"" questions about as many as 20 things arranged in a circle"
50af0952-48f0-5218-a393-175a1aa77a37,,"Given a number from 1-20, count out that many objects"
ab48b7f3-95ab-52fe-8bb7-e9d115783169,,"Count to answer ""how many?"" questions about as many as 20 things arranged in a rectangular array"
d8004194-a0e8-5a32-b36b-6173fc61194a,,"Count to answer ""how many?"" questions about as many as 10 things in a scattered configuration"
f8ac25cc-e070-51ec-be67-0f73895fccff,,"Count to answer ""how many?"" questions about as many as 20 things arranged in a line"
418d3f5e-b571-5056-a7bf-88f3acecc18f,,Use coordinates to find the length of a side joining points with the same first coordinate or the same second coordinate
89c16385-001c-532e-9171-289208b0519e,,Solve mathematical problems by drawing polygons in the coordinate plane when given coordinates for vertices or by identifying the coordinates of missing vertices
9303ba90-84ec-54eb-be9d-a586b50f3043,,Solve real-world problems by drawing polygons in the coordinate plane when given coordinates for vertices or by identifying the coordinates of missing vertices
9dbe375b-d5bf-56e9-9980-9d21682bf1da,,Draw polygons in the coordinate plane when given coordinates from any of the four quadrants for the vertices
d07119b2-8552-57f9-9bfb-cd9a685d930f,,Solve real-world problems by using coordinates to find the length of a side joining points with the same first coordinate or the same second coordinate
fcb8e3dc-5656-5f3d-ab79-32a8a67c913f,,Solve mathematical problems by using coordinates to find the length of a side joining points with the same first coordinate or the same second coordinate
9eae2bea-292b-57dc-a83b-4f1ca93fdcc8,,Identify a solid as three-dimensional
dc883171-ae45-515f-b66c-2efc24048237,,Identify a shape as two-dimensional
108e49e3-c3ca-58ed-a70d-95086aa90c52,,Use variables to represent quantities in real-world problems
3696bd12-79d1-5294-a855-8645b95dc7e2,,Use variables to represent quantities in mathematical problems
7c6deb43-5973-5923-8c6e-e5d29adbaba1,,Construct simple inequalities to solve problems
ffdefe1f-e62c-5137-89c4-ef901293bfe8,,Construct simple equations to solve problems
109a8b0a-a20f-539b-9668-2b6190468957,,Prove the opposite sides of a parallelogram are congruent
11f20bd0-6c81-5df4-927c-c29511b38ff1,,"Prove a quadrilateral is a rectangle by proving facts about its sides, angles, and/or diagonals, including recognizing that a rectangle is a parallelogram with congruent diagonals"
1eff8b11-14f2-511b-9e06-58312ca47ecd,,Prove opposite angles of a parallelogram are congruent
74b7c811-f6b5-50e0-a910-47fdca46eca4,,Prove rectangles are parallelograms with congruent diagonals
8db81ece-f967-5c76-9203-c4265a5f22e4,,"Prove a quadrilateral is a parallelogram by proving facts about its sides, angles, and/or diagonals"
92baa449-8619-59d0-be70-acc97e51e598,,Prove the diagonals of a parallelogram bisect each other
9c8bf32b-4950-582c-8314-5a66cf60c798,,Prove theorems pertaining to parallelograms
b27ddfeb-10f2-55a0-b836-be1a23a07659,,Show the Fundamental Theorem of Algebra holds true for quadratic polynomials
b4c01042-df5d-57ca-b398-fdc29b74abbc,,Know the Fundamental Theorem of Algebra
0119f987-f1eb-59b5-ae44-5bbc8ca9635a,,Represent whole numbers as lengths on a number line diagram
59146f3f-6129-5c32-9b5c-b87f5e338911,,Represent whole-number sums and differences on a number line diagram
5ca2749c-5daf-574f-ba80-fb7023edd3db,,Represent whole-number sums on a number line diagram
6075778b-d005-5e18-8d71-3f5ce9662b1c,,Represent whole-number differences on a number line diagram
089c550e-f3a4-5ea2-959a-34e267c3e374,,Subtract fractions with different denominators by using equivalent fractions
3f8f80e7-a5c3-56e5-bf2d-90c5bb5f4f08,,Subtract mixed numbers with different denominators by using equivalent fractions
d022d8d2-37f6-5ce9-bb02-e000d731aba0,,Add fractions with different denominators by using equivalent fractions
d2565c2d-3930-54d3-864e-e532fd65cf6c,,Add mixed numbers with different denominators by using equivalent fractions
0f188ee6-373e-5330-afb7-d48be0c6e2e1,,"Count up by 1s, starting at a given number between 1 and 20"
85bcacad-d1c8-5e4a-8ffe-0e23ebb13790,,"Count up by 1s, starting at a given number other than one"
ead80c29-b661-548b-9cb5-912f34329a07,,Verify experimentally that a dilation leaves a line passing through the center of the dilation unchanged
f9111829-4362-504e-8b84-da651e980e33,,Verify experimentally that a dilation takes a line not passing through the center of the dilation to a parallel line
17f4ad11-0f41-5e64-800f-74577e82b48c,,"Count up from zero by 10s, ending at any number up to 120"
18d6b278-54ce-5011-89b9-5692255e985f,,"Count up from zero by 1s, ending at any number up to 120"
3c1df05c-0cfa-515c-b2cf-1741f6f0f085,,"Count down by 10s, starting and ending at a number up to 120"
5a704f63-1460-5928-82b6-edfa359a8297,,Read numerals to 120
8c23a3f0-b122-5f89-b85d-6fdd2fbb94d8,,Write numerals to 120
aa4cdcda-5636-5ff9-a386-9bd5b23d58b8,,Represent a number of objects up to 120 with a written numeral
c497e2ee-afb7-51b4-ba18-1feb6bc1f2af,,"Count up by 10s, starting at a nonzero number and ending at any number up to 120"
c753e6c1-7329-520f-b13b-eb2a53e7426f,,"Count down by 1s, starting and ending at a number up to 120"
da04a9ac-f613-571f-96e8-f1d3d29e3f87,,"Count up by 1s, starting at a non-zero number and ending at any number up to 120"
39d56ac9-6687-59c4-b824-215974bacdf4,,"Fluently add within 100 using strategies based on place value, properties of operations, and/or the relationship between addition and subtraction"
41093be0-d626-5e79-8fa0-bbd0f98a4a59,,"Fluently subtract within 100 using strategies based on place value, properties of operations, and/or the relationship between addition and subtraction"
5b9cd29a-a10c-5d41-af27-9d632630c4db,,Solve real-world problems using ratio and rate reasoning
c869a6c1-ffed-596f-a64f-6bffdd8faf92,,Solve mathematical problems using ratio and rate reasoning
802a0d9b-7de2-54f9-9c61-2776e8569408,,Find inverse functions
8525ce00-0930-5499-87fc-8256d9ea5550,,Use area models to represent the distributive property
a5b2425c-e21a-52d3-8ab9-eeef36e8c9e5,,Use tiling to show that the area of a rectangle with side lengths a and b + c is the sum of a × b and a × c
15d15ca0-470d-5813-8764-bd8d69bdab3e,,Prove the segment joining midpoints of two sides of a triangle is parallel to the third side and half the length
36955fa6-b0f0-5454-8e2a-5f562c1ca272,,Prove theorems pertaining to triangles
70b1e508-f519-50d6-863f-5d2a52b7787f,,Apply theorems about triangles to solve real-world problems
9f1d2ba3-2a95-5019-a9c6-b6e9604c77c5,,Apply theorems about triangles to solve mathematical problems
a8d28aa9-cf2c-52e1-837b-ba7f9a5d3ecb,,Prove the measures of interior angles of a triangle have a sum of 180º
b0065404-225c-52b5-a2bf-1db602cc56a8,,Prove base angles of isosceles triangles are congruent
d5b56674-6453-5541-82e0-f43b808b065a,,Prove the medians of a triangle meet at a point
88de053e-8d30-5976-9733-6952dfb9277a,,Solve problems involving velocity represented by vectors
a1a885e5-6289-5833-b7f4-52345fd10d54,,"Solve problems involving quantities, including velocity, that can be represented by vectors"
02a71000-c42d-5026-90a7-46e8d0b50fb3,,Calculate probabilities from a two-way frequency table
186c0d25-bfaf-5723-b0dc-b64048f35f67,,Construct and interpret two-way frequency tables of data for two categorical variables
42c82996-32ce-57e0-aae7-220894b64286,,Use probabilities from a two-way table to evaluate the independence of two variables
2365e5b0-7dd3-5a9a-8cf8-009fa465b541,,Represent division of unit fractions and non-zero whole numbers with equations.
b21ec473-b313-583a-bf1f-93726b1883d5,,Solve real-world problems involving division of unit fractions by non-zero whole numbers
c13bce31-d422-5a5a-988e-eadbda5d93d1,,Solve real-world problems involving division of whole numbers by unit fractions
0f80aa86-2c60-5a0f-bd85-7720345949d9,,"Identify a fraction a/b as the quantity formed by a parts of size 1/b (where b is 2, 3, 4, 6, or 8)"
188fe970-4e1d-52c4-9f18-5e2fade05494,,"Identify a fraction 1/b as the quantity formed by 1 part when a whole is partitioned into b equal parts (where b is 2, 3, 4, 6, or 8)"
18b25176-504e-5aa3-8d88-bf95d410e652,,Represent vector subtraction graphically by connecting the tips in the appropriate order
1fb7e637-314f-51fd-bae7-c4f9c6ecd851,,"Understand vector subtraction v - w as v + (-w), where -w is the additive inverse of w, with the same magnitude as w and pointing in the opposite direction"
21465d0b-9710-5f77-af27-cca544bfe434,,Perform vector subtraction component-wise
17aaf480-20c3-5073-abd9-03a65aa1226a,,"Use subtraction within 20 to solve word problems involving taking from and taking apart amounts, with unknowns in all positions"
951e92fc-d451-56e5-96ad-ee35f5294c82,,Use subtraction within 20 to solve word problems involving comparison with unknowns in all positions
cf1426e3-bb42-5ac4-954f-b935a4f32587,,Use addition within 20 to solve word problems involving comparison with unknowns in all positions
fe904c98-99f4-51c7-84e0-bdfb3f48f467,,"Use addition within 20 to solve word problems involving adding to and putting together an amount, with unknowns in all positions"
35c2f57a-096a-5414-a8b4-809085eb822e,,"Apply properties of operations to calculate with numbers in any form (whole numbers, fractions, and decimals), converting between number forms when appropriate"
a314cbdc-2032-5457-83d1-c8e4304e723f,,"Solve multi-step real-life problems posed with positive and negative rational numbers in any form (whole numbers, fractions, and decimals)"
e26b6696-1fe6-5a93-97f8-2de9dd1d07e2,,Assess the reasonableness of answers using mental computation and estimation strategies
ec2a48cb-e041-5d38-b392-37aedf26919f,,"Solve multi-step mathematical problems posed with positive and negative rational numbers in any form (whole numbers, fractions, and decimals)"
317f9cf3-3430-58d9-b00e-d1c2c2e23c7f,,Solve word problems involving multiplication of a fraction by a whole number
4092257b-3b7e-57b1-a1ba-ec01d48a89a1,,Use visual models to represent word problems involving multiplication of a fraction by a whole number
4d77123a-200c-5c72-9e34-64eee3eb6ce9,,Use equations to represent word problems involving multiplication of a fraction by a whole number
b5446421-5dfd-5995-9e11-24079bbabfcf,,"Solve word problems involving multiplication of a fraction by a whole number (denominators limited to 2, 3, 4, 5, 6, 8, 10, 12, and 100)"
ed5626b9-3172-58ef-99fd-3ae9ebb7704d,,"Apply the Binomial Theorem for the expansion of (x+y)^n in powers of x and y for a positive integer n, where x and y are any numbers, with coefficients determined for example by Pascal's Triangle"
d37fc186-0516-5779-9949-4b14f28cafa2,,"Identify a relationship as a function if its graph is the set of ordered pairs, (x, y), consisting of an input, x, and its corresponding output, y"
f50b9fed-bce3-5365-a39c-188686c9b2c1,,Identify a relationship as a function if it assigns exactly one output to every input
9ad64d89-3181-5e64-96cd-d4279826eeda,,"Generate examples of a linear equation in one variable with one solution, many solutions and no solutions"
c219ca3a-ae83-5cf0-bf51-54c4ae3dc609,,Isolate the single variable in a linear equation and interpret the result to determine its number of solutions
d9f1f252-0f83-5b67-9cdd-1fd757a1d3f0,,"Identify linear equations in one variable with one, no, or infinite solutions by inspection"
418cd2c0-ac93-5257-b74b-94b3f51675b1,,Know and use the fact that the determinant of a square matrix is nonzero if and only if the matrix has a multiplicative inverse
47208d22-8708-5444-834d-ac45a0deb789,,Know the definition and properties of the zero and identity matrices
b5a62c88-d450-5ad9-9c7a-a39a42488e31,,Recognize that the role the zero matrix plays in addition and multiplication is similar to the role of 0 in the real numbers
cab9e5ee-13b2-5136-9cfb-52ca51c68a1e,,Recognize that the role the identity matrix plays in addition and multiplication is similar to the role of 1 in the real numbers
8819fa6b-bd86-58b7-badd-df03a195db74,,Apply the distributive property to factor simple expressions
977bc6f0-47f9-5d5f-942d-4f3477d4a2fe,,Apply the distributive property to expand simple expressions
a629106a-c48e-5417-a29e-68ab652c8c5d,,"Apply the commutative property to generate one or more equivalent expressions, including combining and separating like terms"
e1d1c595-427d-5dcd-a1e3-8e37184e2a64,,"Apply the associative property to generate one or more equivalent expressions, including combining and separating like terms"
96b4f4dc-dcd9-5aba-9cb0-97c1d5b77cab,,Use multiplication and addition to solve mathematical problems involving volume
f6cc98df-8d45-5acc-868f-9fd3fa9f58e5,,Use multiplication and addition to solve real-world problems involving volume
0a9701cd-7c3c-5a65-a2e1-603f21c0d465,,"Subtract multiples of 10 from multiples of 10, where both multiples are less than 100, using strategies based on properties of operations and/or the relationship between addition and subtraction"
6699f67c-34cf-58f3-80da-31f299ba54ab,,Relate a given subtraction strategy to a written method
7312da09-87e4-5c12-a2e2-e3f6948b70ae,,"Subtract multiples of 10 from multiples of 10, where both multiples are less than 100, using strategies based on place value"
c6bfffdd-d638-52d4-9bda-816a7f3778e6,,"Subtract multiples of 10 from multiples of 10, where both multiples are less than 100, using concrete models or drawings"
046773e7-7579-5d4e-ab67-848d91980baf,,Identify the effect on the graph of an absolute value function when replacing f(x) with f(x) + k
0bf33ebf-7eae-5c52-97cd-7483eac320d1,,Identify the effect on the graph of a cubic function when replacing f(x) with f(x + k)
25892b28-078d-53b5-bda5-4dd373e78124,,Identify the effect on the graph of a function when replacing f(x) with f(x) + k
26c930a1-85a2-5dbe-9402-6a288563913d,,Identify the effect on the graph of a function when replacing f(x) with kf(x)
2c84b95e-ee4e-5eff-a3aa-21bcdb619ac9,,Identify the effect on the graph of a square root function when replacing f(x) with f(x) + k
3ab01f8d-d0ba-5317-9dae-83d824e21b1b,,Identify the effect on the graph of a quadratic function when replacing f(x) with f(x + k)
3b2046dc-d5f2-5ffb-a769-8835eab9f978,,"Given the graphs of the original function and a transformation, determine the value of (k)"
3b514135-e6a5-50e2-b00e-92efa72b6ade,,Identify the effect on the graph of an inverse variation function when replacing f(x) with kf(x)
439bf4cf-0330-51ec-9352-b2a9fb8b7330,,Identify the effect on the graph of a simple rational function when replacing f(x) with f(x) + k
440049f3-64e2-580a-872e-571a26391775,,Identify the effect on the graph of a function of replacing f(x) with a combination of multiple transformations
4ac23151-bc2a-5813-b2ab-b450d752a8e6,,Identify the effect on the graph of a quadratic function when replacing f(x) with f(kx)
51518a92-26a8-5094-9d58-5eebc4c55b64,,"Given the graphs of the original linear function and a transformation, determine the value of (k)"
55ffe9c6-2325-52b6-8944-a31fe1e6fbaf,,Identify the effect on the graph of a quadratic function when replacing f(x) with kf(x)
5aa10866-95a7-585f-8f32-7cb2000cc42c,,Identify the effect on the graph of a logarithmic function when replacing f(x) with f(kx)
5be0a8ca-2697-546f-bee5-0992976e4c98,,Identify the effect on the graph of a function when replacing f(x) with f(x + k)
64bf1c9f-4e27-5243-9a6d-05dc07a359da,,Identify the effect on the graph of a cubic function when replacing f(x) with kf(x)
6660d720-00f3-5592-b456-41cc1426a254,,Identify the effect on the graph of a cubic function when replacing f(x) with f(x) + k
68724e24-500c-5583-9eed-3ac2e378568c,,Identify the effect on the graph of a square root function when replacing f(x) with kf(x)
7a1dd473-5f82-5047-b22b-21cafe22d4a4,,Identify the effect on the graph of a square root function when replacing f(x) with f(x + k)
7cdf9ecb-1152-59a0-b92e-eb04e453cfee,,Identify the effect on the graph of an absolute value function when replacing f(x) with f(kx)
84b27763-775e-5c62-a799-120f253c3c3e,,Identify the effect on the graph of a simple rational function when replacing f(x) with kf(x)
85ee0168-013f-5e6a-8626-e25e76f83d96,,Identify the effect on the graph of an absolute value function when replacing f(x) with f(x + k)
8e759d1a-ae8f-5329-b970-82bfc9434edb,,Identify the effect on the graph of an absolute value function when replacing f(x) with kf(x)
9649a019-9af0-5a40-bddb-bd60e7e55a84,,Identify the effect on the graph of an inverse variation function when replacing f(x) with f(x) + k
9fa666c3-bfcd-53d3-965d-83453698a0f8,,Identify the effect on the graph of a cubic function when replacing f(x) with f(kx)
a1b3800a-b8b4-5eb7-93f3-066f55683128,,Identify the effect on the graph of a function when replacing f(x) with f(kx)
a77f0494-51f5-5bb1-861a-b1729f440e6e,,Identify the effect on the graph of an inverse variation function when replacing f(x) with f(kx)
ad6f830f-c978-57c7-8230-b6dfe7900fc0,,Recognize even and odd functions from their graphs and equations
b2051479-f904-5dfb-b03c-4232f786fcb5,,Identify the effect on the graph of a simple rational function when replacing f(x) with f(x + k)
ce52f306-837b-5331-a83f-1722bad70710,,Identify the effect on the graph of a square root function when replacing f(x) with f(kx)
ce76f2e6-ae9c-58d0-81e1-f87cf4c10b6e,,Identify the effect on the graph of an inverse variation function when replacing f(x) with f(x + k)
d29d9fdb-b9ac-559e-bd44-9e9ae1c995c2,,Identify the effect on the graph of a logarithmic function when replacing f(x) with f(x + k)
d4f1afec-b396-5df5-bd6d-dda9ef81224b,,Identify the effect on the graph of a logarithmic function when replacing f(x) with kf(x)
f0077d45-87f8-52f7-8417-9851f2dafb54,,Identify the effect on the graph of a logarithmic function when replacing f(x) with f(x) + k
f0bb59c1-4b96-51c7-ae44-7fd1f7e784e8,,Identify the effect on the graph of a quadratic function when replacing f(x) with f(x) + k
fc73da5e-5e31-558f-8942-5e179adcb85e,,Identify the effect on the graph of a simple rational function when replacing f(x) with f(kx)
123700d1-59f1-5e78-84fc-e9988a590cfb,,Solve word problems involving addition of fractions referring to the same whole and having like denominators
63e76820-5fc1-5ca3-88a0-8e4597eca670,,"Solve word problems involving subtraction of fractions referring to the same whole and having like denominators (denominators limited to 2, 3, 4, 5, 6, 8, 10, 12, and 100)"
80c88178-b3d7-529b-8e94-c09da6c69e6d,,Solve word problems involving subtraction of fractions referring to the same whole and having like denominators
832d4e61-ae9c-5b6b-8f11-cd5bae627bfa,,"Solve word problems involving addition of fractions referring to the same whole and having like denominators (denominators limited to 2, 3, 4, 5, 6, 8, 10, 12, and 100)"
52b216df-e04d-597e-8253-efdc4c55e206,,Represent a system of linear equations as a single matrix equation in a vector variable
36d0fda5-a6ac-58c4-ba46-33343468ac4b,,Find and position integers and other rational numbers on a vertical or horizontal number line diagram
58c3fbf4-1e36-588b-bd08-87921589162f,,Find and position integers and other rational numbers on a coordinate plane
28d45152-c961-5c22-ac93-78a39ed1aa1a,,Recognize a fraction a/b with a > 1 as a sum of fraction 1/b
11ab91b2-6be8-53d9-b0f5-f069b0a55c86,,Recognize that the x-coordinates of the points where the graphs of the equations y = f(x) and y = g(x) intersect are the solutions of the equation f(x) = g(x) (limited to linear and/or exponential functions)
33c8c36e-587d-5c50-a7b4-3dc1d8e88d94,,"Find approximate solutions to the equation f(x) = g(x) by using technology to graph the functions, make a table of values, or find successive approximations (limited to linear and/or exponential functions)"
98280fd2-802d-55bd-ab63-748aecf5f667,,"Find approximate solutions to the equation f(x) = g(x) by using technology to graph the functions, make a table of values, or find successive approximations"
9c7b2e1c-7291-5d0b-95d4-c56bd68de24a,,Interpret the solution(s) to the equation f(x) = g(x) in context
def58a0b-7e17-57c5-b8d5-c6d25b35f7ae,,Recognize that the x-coordinates of the points where the graphs of the equations y = f(x) and y = g(x) intersect are the solutions of the equation f(x) = g(x)
613323d4-dfba-5474-b7cb-c5f104ac37dc,,"Make a line plot to display a data set of measurements in fractions of a unit (1/2, 1/4, 1/8)"
fcae5c49-fbc6-5f91-990b-7a786b798824,,Use fraction operations to solve multi-step problems using information presented in line plots
0745e110-05aa-53fa-9f3c-418c92c75c2c,,Recognize subtraction of fractions as separating parts referring to the same whole
2f52e80a-dffe-5042-bab0-c048a7adb500,,Recognize addition of fractions as joining parts referring to the same whole
3435b2aa-520a-583e-9fbf-47110867a9de,,Model the relationship between independent and dependent variables to solve real-world problems
cc56ee36-cbb8-5387-b845-f41585c0660e,,Represent a real-world situation by writing an equation that expresses the dependent variable in terms of the independent variable
d29c0749-bd31-5ad3-8a3c-2a24769df8ce,,Analyze the relationship between dependent and independent variables using graphs and tables and relate to an equation
21d25212-43dc-5a81-8202-8ca8b6871316,,Evaluate numerical expressions in which letters stand for numbers
2969a46e-7f80-5c21-b6ee-f3cde15efb0e,,Write numerical expressions in which letters stand for numbers
1b707b1d-ed3e-59b5-b898-8cc84451aff6,,"Express the area of each equal part of a shape as a unit fraction of the whole (with denominators of 2, 3, 4, 6, and 8) "
1e26fb99-4862-5992-b5d1-2d22fc6f9a6e,,"Partition shapes into parts with equal areas (2, 3, 4, 6, or 8 equal parts)"
0aa48ef1-527f-5865-b2c0-315418eadb8f,,Use the angle-angle criterion to show triangles are similar
0f811022-7df8-539c-8751-3580e0342c0f,,Prove a line parallel to one side of a triangle divides the other two proportionally and its converse (Triangle Proportionality Theorem)
1518362e-ad65-5f77-86e7-37b26280bec9,,Use triangle similarity to prove other theorems about triangles
17146efa-3977-58ab-b3ca-44d7d7df1f42,,Prove theorems about similar triangles
d01f5435-9374-5fc1-bdb2-daecf33aa4d5,,Prove the Pythagorean Theorem using triangle similarity
d79aa72a-8b75-538b-9acb-eabb3c037811,,Use the side-side-side criterion to show triangles are similar
f8da1536-78aa-5e6a-8487-7b73816ca0ef,,Use the side-side-angle criterion to show triangles are similar
7d8ac59e-6af5-5fe9-adcb-8a0a2e69a822,,Fluently subtract within 5
ed56ad51-365b-5897-a366-d43c05a89551,,Fluently add within 5
0b4a3aca-ad10-5ad3-b890-e30d7042bd5b,,Use the definition of a function to determine whether a relationship represented algebraically is a function
22750536-762d-58a9-b6b6-95e958f8614f,,Use the definition of a function to determine whether a verbal description of a relationship represents a function
50498599-6f3e-5ed3-8398-58bfcc2dfd3b,,Use the definition of a function to determine whether a relationship represented in a table is a function
5f59e0c8-cf97-505f-a038-c8073b79a013,,Use the definition of a function to determine whether a relationship represented in a graph is a function
69968254-1ac1-5430-82cf-f1ab1feaf603,,"Given the function f(x), identify x as an element of the domain, the input, and
f(x) as an element in the range, the output"
f60f8666-170c-52a2-8c42-f2ba2ba064fe,,"Know that the graph of the function, f, is the graph of the equation y=f(x)"
7477f174-e487-52ac-80ae-13970508fc2d,,Identify solutions to systems of linear equations visually on graphs
9cdd3a07-87e5-5b0a-8aec-bb3ef30ed3f1,,Solve simple systems of linear equations by inspection
c7a43025-4d65-5329-a34d-7d7a084b0cf2,,Solve systems of linear equations algebraically
7829e94a-2451-57ee-96cb-0b590fa68b40,,"Explain what a point (x, y) on the graph of a proportional relationship means in terms of the situation"
9ff22c5d-b7f4-51bb-a56d-9ae9123bc23c,,"Explain what a point (0, 0) on the graph of a proportional relationship means in terms of the situation"
db5f1010-a6c1-55e4-a84f-74ca6899ffa4,,"Explain what a point (1, r), where r is the unit rate, on the graph of a proportional relationship means in terms of the situation"
5409556b-2f94-54b7-8d77-4ce5d3e86e27,,"Interpret, in context, the average rate of change of a function over a specified interval"
da9534b0-d837-5e37-ae66-d506a2231d78,,Calculate the average rate of change over a specified interval of a function presented symbolically or in a table
ec373d80-fbd7-58c3-b8c2-d71abefa9039,,Estimate the average rate of change over a specified interval of a function from the function’s graph
18987551-d948-57b5-8304-619be587d66e,,Express whole numbers as fractions
42e054c8-e913-55c3-9189-92f00da38701,,Recognize fractions that are equivalent to whole numbers
4ef42a2b-bd4e-5799-ad4c-ab53ca8d0411,,Expand linear expressions with rational coefficients
6b8e01c1-3828-5323-bb86-45a2477dee47,,Add linear expressions with rational coefficients
c2fa886c-95f6-5cab-90a3-830f2717f585,,Subtract linear expressions with rational coefficients
cde129c9-792e-55c8-817e-1202e78c8b62,,Factor linear expressions with rational coefficients
c42a0f78-a738-55dc-9cc5-92a17e9aa61a,,"Use geometric shapes, their measures, and their properties to describe objects"
9ed45589-f513-5dba-a598-bce4d83811a2,,Identify two events as disjoint (mutually exclusive)
fca76454-9f1a-5e9f-a5db-8ffc111eb6a5,,Calculate probabilities using the general addition rule P(A or B) = P(A) + P(B) - P(A and B)
fdfc32b2-0199-5b40-b394-ad1d600fe8f7,,Interpret probabilities calculated with the general addition rule in context
67bdbbc4-3be3-522f-bbb6-83d2e5853a39,,Generate multiple samples (or simulated samples) of the same size to gauge the variation in estimates or predictions
6f445725-a872-5116-9de7-881d78cb4966,,Generate multiple samples of categorical data of the same size to gauge the variation in estimates or predictions.
78dd8689-5f5a-570e-b505-e6985f19bc16,,"Understand that sample statistics are estimates of population statistics but are not the same, and sample statistics will vary by sample"
8cf753cf-796f-5ceb-8509-3ee295c348d5,,Generate multiple samples (or simulated samples) of the same size of numerical data to gauge the variation in estimates or predictions
c5ae0dd5-c795-5993-995f-88b284782c0b,,Use data from a random sample to draw inferences about a population with an unknown characteristic of interest
d3571b9e-617c-5b15-86bc-8033428420bb,,Verify that no combination of basic rigid motions will change whether two lines or line segments are parallel or not
0a7a9ee1-cb02-5b7d-8410-9ef16aab932c,,Record a composition of ten ones and some further ones (numbers from 11 to 19) with a drawing
17704693-2e39-5766-8973-6abd8e778de5,,Record a decomposition of a number from 11 to 19 into ten ones and some further ones with an equation
901c35e9-d932-5701-b21f-ebf09d6f3158,,"Know that numbers from 11 to 19 are composed of ten ones and either one, two, three, four, five, six, seven, eight, or nine ones"
b2046c2d-b0f7-50b0-a7c8-d924c8e4cc8e,,Record a composition of ten ones and some further ones (numbers from 11 to 19) with an equation
cd964993-ad69-5025-a653-4f397f01148d,,Record a decomposition of a number from 11 to 19 into ten ones and some further ones with a drawing
d2918c03-18b5-5eb6-840a-0c96e3e411da,,Decompose numbers from 11 to 19 into ten ones and some further ones
ec5ef28f-347c-5a34-9f85-185a6c9234ce,,Compose numbers from 11 to 19 into ten ones and some further ones
af5ac1f9-631b-583e-a202-f436b2c6065f,,Students understand volume as a measure of space taken up by an object
b39daa6d-6ef9-5322-9331-d38a806b52ec,,Recognize volume as an attribute of solid figures
18baa937-6c61-5248-93a4-1a5bfbc4e99a,,Use ratios to convert between measurement units
534e2e4c-8189-515f-9241-1b4c011556a7,,Use ratios as conversion factors
029248f4-70a2-5462-9380-51fb9af44304,,Interpret multiplication as scaling (resizing) by comparing the size of a product to the size of one factor on the basis of the size of the other factor
3e7febf4-233b-564a-8db2-a612fc5e3de5,,Write the equation y = mx + b for a line graphed not through the origin
650c0c11-6bac-5dfd-b42b-93aef8079aef,,Use similar triangles to explain why the slope of a line graphed on the coordinate plane is consistent
c931c413-a900-5840-9634-597c5ba0dfdc,,Write the equation y = mx for a line graphed through the origin
e33be58c-4221-5a87-a305-3399dbb0da7d,,Use simulations of random sampling to generate a margin of error when estimating a population value with a sample mean or sample proportion
feff0e2e-1723-5c71-a070-73329607fe26,,Use sample means and sample proportions to estimate population values
53a266db-abd7-5ee4-b68b-ee75705010cb,,"Use symbols (>,<, or =) to communicate comparison of two two-digit numbers"
b2b4888f-f150-584d-8717-31de7864989d,,Compare two two-digit numbers by comparing the digits in each place value
fd3f3ed6-e964-5946-86e3-4b966185efd9,,Use comparative language to communicate comparison of two two-digit numbers
e46c60e0-1e2c-52e9-9b5d-2af68ca1a726,,Find the inverse of a function that is not one-to-one by restricting the domain
82e678da-ccf9-5885-aec5-8d8108597334,,Read values of an inverse function from a graph or table of the original function
20eff432-6538-5c5a-862a-cc9e7c5275a6,,Form ordered pairs consisting of corresponding terms from two patterns
3e8126aa-6241-5782-9e20-7fa694a61e5a,,Identify apparent relationships between corresponding terms
8a9af9bf-82b8-5b6a-a19b-274dca8e60a0,,Generate two numerical patterns using two given rules
d39ace9b-023b-5c22-9fe4-d23916fb136b,,Graph ordered pairs consisting of corresponding terms from two patterns on a coordinate plane
eb4874e5-06e0-5ff1-9cc8-c77c5a246212,,Form ordered pairs consisting of corresponding terms from two patterns and graph the ordered pairs on a coordinate plane
014f7397-65ef-5aa6-8226-ce47065b4d41,,"Evaluate linear functions for inputs in their domain, including when expressed in function notation"
21d29a38-5f19-5e8b-b0b1-dccfb4d277fe,,"Evaluate quadratic functions for inputs in their domain, including when expressed in function notation"
2c63d6b2-ebce-5e56-bf10-e9b2a4997122,,"Evaluate exponential functions for inputs in their domain, including when expressed in function notation"
36058a4c-174c-5827-bb39-e6332d3b8463,,Interpret statements that use quadratic function notation in terms of the context in which they are used
4208bd5a-aceb-59f2-98cb-37b1bddbb9f4,,Interpret statements that use exponential function notation in terms of the context in which they are used
4922b13d-9604-50f6-ae74-0bc78f72a004,,"When a relation is determined to be a piecewise defined function, use f(x) notation"
5e8521af-1033-53f2-992a-9e08287bbc9b,,"Evaluate piecewise defined functions for inputs in their domain, including when expressed in function notation"
734ca2bf-bad8-5a7e-a44a-173f5a61ec3b,,"When a relation is determined to be a function, use f(x) notation"
802e2599-5858-58a1-8b0b-756cea9d4470,,"Evaluate functions for inputs in their domain, including when expressed in function notation"
8ade225d-0d6e-59a2-a506-62a6076aa800,,Interpret statements that use function notation in terms of the context in which they are used
965694f8-1d35-5cf6-9923-4e422b261641,,"When a relation is determined to be a exponential function, use f(x) notation"
9a819fcc-0224-5647-a410-b2d9f50ac90b,,"When a relation is determined to be a quadratic function, use f(x) notation"
ca4c6ee0-4cdc-5313-9937-65bbcb1c58f6,,"When a relation is determined to be a linear function, use f(x) notation"
ca5b882f-8ce3-54b1-a776-2e73e6663550,,Interpret statements that use linear function notation in terms of the context in which they are used
d99a92e3-585f-548e-bcc0-34fc7fe77087,,Interpret statements that use piecewise defined function notation in terms of the context in which they are used
3fcc0c50-f2d0-5952-965b-c772171bee43,,Use the remainder theorem for polynomials to identify if (x - a) is a factor of p(x)
a2137b00-46f9-5846-b9d4-679b61bee0b6,,Use the remainder theorem for polynomials to find the value of p(a)
09f9dbf8-a4e9-5902-9e26-13376991623e,,Express a fraction with a denominator 10 as an equivalent fraction with a denominator 100
91c2912b-10ea-5d55-9cdd-f34ad00536d0,,Add two fractions with respective denominators 10 and 100
6a3040b7-8da5-55ab-8b46-29194e8d5143,,Use place value understanding to round decimals to any place
d4d78b01-6b8c-5356-a85c-e8815501ab03,,Understand that the probability of a compound event is the fraction of outcomes in the sample space for which the compound event occurs
307615c2-ff78-5c77-aa1c-d4f5c8891fd1,,"Using trigonometry and the relationship among sides and angles of any triangle, such as sin(C)=(h/a), prove the Law of Sines"
bd6d804c-f6ac-5b4c-b1fb-b9b762028a80,,Use the Laws of Sines to solve problems
d531c829-edce-5f6e-92a6-bb614255f9cb,,"Using trigonometry, the relationship among sides and angles of any triangle, and the Pythagorean Theorem, prove the Law of Cosines"
e2f1c74a-11d8-528d-bc3e-db3117d6a391,,Use the Laws of Cosines to solve problems
09c0a448-b2dd-5cab-85eb-f99aae9f7981,,Interpret features of a quadratic function in terms of a context
5021db20-a49d-5ee0-bfef-ddfee2b3ee83,,"Use the process of completing the square in a quadratic function to show zeros, extreme values, or symmetry of the graph, as appropriate"
68e341bc-4ef5-5e36-96cf-a6ba81e82cbb,,"Use the process of factoring in a quadratic function to show zeros, extreme values, or symmetry of the graph, as appropriate"
a6076801-0a4f-5c7a-bd87-f904a82734fa,,Work with matrices as transformations of vectors
ec09177f-06ec-5173-bbad-22ef4cdd6262,,Multiply a vector as a matrix with one column by a matrix of suitable dimensions to produce another vector
5403c7b6-f71e-56e8-85a5-8f74d52e2471,,Describe multiple measurable attributes of an object
c6c9c231-72b0-5b06-8697-32caa92cefdb,,Describe a measurable attribute of an object
236c0577-fcba-5942-9c3e-fe11d19469fc,,Add and subtract rational numbers
d66239a0-4b54-5d24-a4f1-75208ca17950,,Subtract rational numbers
d95a85b2-73d4-56cf-8b20-2b7b9fa0fa1a,,Represent addition and subtraction of rational numbers on a number line
f10e97bc-a271-5f0b-85f5-a267043949e1,,Add rational numbers
425dce77-599d-5912-9e92-0802ec13cb68,,"Add decimals to the hundredths using concrete models or drawings and strategies based on place value, properties of operations, and/or the relationship between addition and subtraction"
445dd0dd-00aa-5fef-879e-58f62fd1b8db,,"Subtract decimals to the hundredths using concrete models or drawings and strategies based on place value, properties of operations, and/or the relationship between addition and subtraction"
486045b7-a4dd-591f-a78e-3669cc0a8352,,Multiply decimals to the hundredths using concrete models or drawings and strategies based on place value and/or properties of operations
90b36ead-9116-53a0-9331-c9dd7cb6b4c1,,Divide decimals to the hundredths using concrete models or drawings and strategies based on place value and/or properties of operations
9965bcb5-d47b-5345-9c26-e34644fd6724,,Relate strategies for subtracting decimals to the hundredths to a written method
a42d73b8-5afc-55c3-bce3-7e85e9decb08,,Relate strategies for adding decimals to the hundredths to a written method
bb674a90-b1f8-5140-b8cb-fa8d8602cde6,,Relate strategies for multiplying decimals to the hundredths to a written method
c2ad2555-96e4-55a9-882f-9c7c847a912e,,Relate strategies for dividing decimals to the hundredths to a written method
20767411-379a-5783-a81e-0bba4df4deb9,,Measure the area of a rectangle by counting unit squares
f538df9a-9d39-589f-99b7-501a869e3079,,Recognize that the number of tiles along a side corresponds to the length of the side
bfa79064-fe1e-5430-81de-c4155d27d0b4,,Divide unit fractions by whole numbers and whole numbers by unit fractions
91fb37cd-6fb9-5a91-9ebe-9b7f50e89f84,,"Understand that the numbers 100, 200, 300, 400, 500, 600, 700, 800, 900 refer to one, two, three, four, five, six, seven, eight, or nine hundreds (and 0 tens and 0 ones)"
03fe171c-26b4-5677-8d12-688e88c139c9,,"Add within 1,000 using concrete models or drawings and strategies based on place value, properties of operations, and/or the relationship between addition and subtraction"
0bbb2352-e84f-5e31-9162-c58d9f6861e7,,"Add or subtract hundreds and hundreds, tens and tens, ones and ones"
5dfb9a7e-a108-539f-b948-0bf293bbf04a,,"Subtract within 1,000 using concrete models or drawings and strategies based on place value, properties of operations, and/or the relationship between addition and subtraction"
961d4025-a472-5172-a70f-fa3fc3ae7bb7,,Compose or decompose tens or hundreds as needed when adding and subtracting
ab0d6142-38c2-5029-be01-e25fca5096e6,,Relate an addition strategy to a written method
f081e0ef-c775-53fc-a82a-53224b12f06f,,Relate a subtraction strategy to a written method
88d0db5d-fc37-5cba-9f72-f504b83063ca,,"Recognize the radian measure of an angle as the ratio of the length of an arc intercepted by a central angle and the radius of the circle, including understanding this ratio as the length of the arc if the radius of the circle is 1"
20ceb752-7713-5e48-8c71-0a6684079562,,Solve mathematical problems using nets to find the surface area of three-dimensional figures
6179a7ca-c790-579f-9fd9-a1fecb065163,,Solve real-world problems using nets to find the surface area of three-dimensional figures
eed1bb5e-2be6-53a7-9341-2412eb7d86e8,,Use nets to find the surface area of three-dimensional figures
ff4ee7ca-c71f-53c1-b629-74b9a0d961ce,,Represent three-dimensional figures using nets made up of rectangles and triangles
56712271-b20c-563b-a20c-9535b5161e72,,Write inequalities in the form x > c  or x < c to represent a constraint or condition in a real-world problem
94bdf387-6027-5bfe-a80f-9080e4299330,,Identify that inequalities in the form x > c or x < c have infinitely many solutions
99fa4be6-09b5-5881-93be-8abcae5d7f71,,Write inequalities in the form x > c  or x < c to represent a constraint or condition in a mathematical problem
facf8a39-ce4d-5084-8d21-3cefcbd0da25,,Represent solutions of inequalities in the form x > c or x < c on number line diagrams
