identifier,statement_code,description,academic_subject,grade_level,statement_type
da37ab9f-7f2f-4bd3-b00e-ed341cf057e9,DALE-MA.K.informar.interpretativo,"Por medio de su repertorio lingüístico y utilizando artefactos multimodales, los estudiantes bi/multilingües podrán interpretar información para...
* aplicar conceptos concretos
* descubrir conceptos matemáticos
* visualizar datos
* reconocer patrones
* conceptualizar problemas matemáticos
* identificar las herramientas disponibles en la resolución de problemas matemáticos",English Language Arts,['K'],Standard
8cfe4961-bda5-4378-ba8e-434460ec440c,DALE-CS.6-8.explicar.expresivo,"Por medio de su repertorio lingüístico y utilizando artefactos multimodales, los estudiantes bi/multilingües podrán expresar explicaciones para...
* introducir y contextualizar fenómenos o eventos
* establecer puntos de vista para comunicar resultados o consecuencias
* relacionar causas y consecuencias con situaciones o eventos
* destacar relaciones lógicas entre elementos o conceptos
* ilustrar ejemplos de eventos históricos que representan cambio y continuidad
* conectar las formas en que transacciones y negocios crean interdependencias entre comunidades",English Language Arts,"['6', '7', '8']",Standard
c3a89e67-181c-4c7a-8e5f-88da51d0da88,DALE-SA.1.argumentar.interactivo,"Por medio de su repertorio lingüístico y utilizando artefactos multimodales, los estudiantes bi/multilingües podrán interactuar con otros (personas y medios) sobre argumentos para...
* acordar sobre sus propias dificultades y razones para pedir apoyo a alguien de confianza
* establecer qué acciones se necesitan para alcanzar objetivos
* compartir opiniones
* justificar opiniones con razones
* aclarar ideas en respuesta a la retroalimentación
* defender el cambio en el propio pensamiento",English Language Arts,['1'],Standard
5b0fedc4-8097-4ae6-ba74-5b5fe9cc44cc,DALE-SA.9-12.explicar.expresivo,"Por medio de su repertorio lingüístico y utilizando artefactos multimodales, los estudiantes bi/multilingües podrán expresar explicaciones para...
* resumir ideas de discusiones en una variedad de contextos
* comunicar códigos culturales que impactan el aprendizaje
* compartir el pensamiento inicial sobre temas, problemas y/o situaciones
* describir ciclos y secuencias de pasos o procedimientos
* documentar variables, factores y circunstancias que cambian constantemente en sus vidas
* delimitar alternativas para ampliar o profundizar el conocimiento",English Language Arts,"['9', '10', '11', '12']",Standard
3930d076-110b-44a0-84ae-0594e641f2c7,CD.2-12.PF.N3,"Hacia el final de cada nivel de desempeño lingüístico, con los apoyos apropiados, los estudiantes bi/multilingües podrán…Entender y demostrar cómo se crean mensajes precisos (orales, escritos y multimodales) a través de… Un repertorio de palabras y frases comunes a varias disciplinas y específicas al contexto.",English Language Arts,"['2', '3', '4', '5', '6', '7', '8', '9', '10', '11', '12']",Other
c76b7384-9759-40e8-bfca-60ecf8a22678,DALE-CS.9-12.argumentar.interactivo,"Por medio de su repertorio lingüístico y utilizando artefactos multimodales, los estudiantes bi/multilingües podrán interactuar con otros (personas y medios) sobre argumentos para...
* priorizar evidencia de múltiples recursos históricos
* justificar posiciones con relación a contextos sociales pasados y contemporáneos
* analizar diferentes perspectivas
* determinar relaciones entre posturas y contra posturas y/o diferencias en razonamiento
* criticar la relevancia y confiabilidad de fuentes primarias y secundarias
* investigar preguntas que evocan el pensamiento crítico sobre problemas sociales complejos",English Language Arts,"['9', '10', '11', '12']",Standard
9edabeae-91be-45f8-a3ae-f2276e92abe8,DALE-AL.4-5.informar.expresivo,"Por medio de su repertorio lingüístico y utilizando artefactos multimodales, los estudiantes bi/multilingües podrán expresar información para...
* introducir y definir un tema y/o entidad
* establecer una postura objetiva o neutral
* añadir precisión y detalles para definir, describir, comparar y clasificar temas
* desarrollar la coherencia y la cohesión en todo el texto
* resumir ideas principales con detalles en mensajes multimodales
* usar recursos del lenguaje estratégicamente según el contexto y la audiencia",English Language Arts,"['4', '5']",Standard
e6ee8559-812b-494a-bbba-356e9eca726b,DALE-MA.1.informar.interpretativo,"Por medio de su repertorio lingüístico y utilizando artefactos multimodales, los estudiantes bi/multilingües podrán interpretar información para...
* identificar conceptos matemáticos pertinentes
* visualizar conceptos de forma, espacio y medida
* recolectar datos sobre atributos y características matemáticas
* distinguir patrones y estructuras matemáticas
* analizar métodos de resolución matemática",English Language Arts,['1'],Standard
3df62ba9-333e-4fe6-a9f4-ae1b794af7c0,CD.K-1.ORA.N1,"Hacia el final de cada nivel de desempeño lingüístico, con los apoyos apropiados, los estudiantes bi/multilingües podrán…Entender y demostrar cómo se crean, conectan y extienden mensajes (orales, escritos y multimodales) a través de…Fragmentos de oraciones y oraciones simples con uso emergente de convenciones.",English Language Arts,"['K', '1']",Other
78d7c424-ddf9-44a3-ab80-c8d12f604365,DALE-MA.9-12.explicar.interactivo,"Por medio de su repertorio lingüístico y utilizando artefactos multimodales, los estudiantes bi/multilingües podrán Interactuar con otros (personas y medios) sobre explicaciones para...
* intercambiar ideas sobre conceptos o entidades matemáticas
* comparar soluciones con las de otros
* proponer datos, propiedades y/o teoremas apropiados para resolver problemas
* analizar relaciones entre cantidades matemáticas para llegar a conclusiones
* crear el razonamiento para generar soluciones
* negociar el uso de herramientas y/o tecnología para visualizar resultados o profundizar conceptos",English Language Arts,"['9', '10', '11', '12']",Standard
c627f121-b327-4d23-b0af-9bba91f0c4d0,,9º al 12º GRADO,English Language Arts,"['9', '10', '11', '12']",Standard Grouping
02773769-6514-4128-bed0-7e3eda3ada7b,DALE-SA.2-3.informar.expresivo,"Por medio de su repertorio lingüístico y utilizando artefactos multimodales, los estudiantes bi/multilingües podrán expresar información para...
* definir y clasificar objetos o conceptos
* describir características,patrones o comportamientos
* comunicar ideas propias ylas de otros
* resumir experiencias vividas
* representar recursos tecnológicos que facilitan el aprendizaje de diferentes maneras
* delinear detalles precisos de recursos digitales",English Language Arts,"['2', '3']",Standard
f897a080-953f-46ef-af7e-f257503fe610,DALE-SA.6-8.explicar.expresivo,"Por medio de su repertorio lingüístico y utilizando artefactos multimodales, los estudiantes bi/multilingües podrán expresar explicaciones para...
* detallar pensamientos
* describir ciclos de pasos o procedimientos y sus causas y consecuencias
* representar variables, factores y circunstancias cambiantes
* ofrecer alternativas para ampliar o profundizar la conciencia
* demostrar la habilidad de solucionar problemas con las tecnologías a su alcance
* describir de manera crítica las influencias o presiones externas que afectan su bienestar",English Language Arts,"['6', '7', '8']",Standard
908a66e2-67b4-4d07-83d7-5e0417dd4388,,Participación,English Language Arts,"['2', '3', '4', '5', '6', '7', '8', '9', '10', '11', '12']",Other
933d5ff7-3802-48ef-8ff9-73bfa622a403,DALE-MA.4-5.informar.expresivo,"Por medio de su repertorio lingüístico y utilizando artefactos multimodales, los estudiantes bi/multilingües podrán expresar información para...
* transmitir ideas y conceptos clave
* aplicar conceptos matemáticos a situaciones de la vida real
* agregar detalles que sirven para definir problemas matemáticos
* organizar el contenido de textos multimodales
* representar conceptos y soluciones a problemas matemáticos
* integrar detalles precisos mediante la estructura matemática",English Language Arts,"['4', '5']",Standard
0da660c3-ffea-4d50-a8a2-29875287627e,DALE-CS.6-8.argumentar.interactivo,"Por medio de su repertorio lingüístico y utilizando artefactos multimodales, los estudiantes bi/multilingües podrán interactuar con otros (personas y medios) sobre argumentos para...
* analizar información fundamentada con evidencia de múltiples fuentes
* debatir varias perspectivas
* intercambiar posturas y contra posturas con el uso de evidencia y razonamiento
* comparar la relevancia de fundamentos con las intenciones del autor
* formar secuencias de eventos y sus impactos en la sociedad
* criticar la credibilidad de evidencia",English Language Arts,"['6', '7', '8']",Standard
7f01d371-df77-4c1b-85e5-3889780870ae,DALE-SA.K.explicar.interactivo,"Por medio de su repertorio lingüístico y utilizando artefactos multimodales, los estudiantes bi/multilingües podrán interactuar con otros (personas y medios) sobre explicaciones para...
* dialogar sobre los procesos que se siguen al aprender
* acordar cómo elegir, usar y solucionar problemas con las tecnologías actuales
* compartir reacciones a situaciones o eventos
* determinar etapas o pasos en procedimientos
* encontrar similitudes y diferencias entre objetos o conceptos
* intercambiar ideas y sugerencias",English Language Arts,['K'],Standard
9aed4885-807d-4749-878f-3a28192b44ec,DALE-CS.6-8.argumentar.interpretativo,"Por medio de su repertorio lingüístico y utilizando artefactos multimodales, los estudiantes bi/multilingües podrán interpretar argumentos para...
* evaluar información fundamentada con evidencia de múltiples fuentes
* distinguir entre varias perspectivas
* determinar posturas y contra posturas mediante evidencia y razonamiento
* conectar la relevancia de los fundamentos con las intenciones del autor
* asociar secuencias de eventos con sus impactos en la sociedad
* contemplar la credibilidad de evidencia",English Language Arts,"['6', '7', '8']",Standard
20513fcb-b093-4458-83b6-a0f10dfa5aae,CD.2-12.ORA.N3,"Hacia el final de cada nivel de desempeño lingüístico, con los apoyos apropiados, los estudiantes bi/multilingües podrán…Entender y demostrar cómo se crean, conectan y extienden mensajes (orales, escritos y multimodales) a través de… Oraciones simples o coordinadas con uso de convenciones apropiadas a ciertos modos y contextos.",English Language Arts,"['2', '3', '4', '5', '6', '7', '8', '9', '10', '11', '12']",Other
0c894ebb-dbf6-42ca-9e59-b3de03d99096,DALE-CS.K.informar.expresivo,"Por medio de su repertorio lingüístico y utilizando artefactos multimodales, los estudiantes bi/multilingües podrán expresar información para...
* describir temas relacionados a preguntas
* proveer detalles relevantes
* listar o nombrar atributos y características de artefactos
* manifestar opiniones sobre sus derechos y responsabilidades
* hacer preguntas apropiadas para la exploración",English Language Arts,['K'],Standard
89877041-9438-4371-b76c-e62baec3b38d,DALE-AL.4-5.argumentar.interpretativo,"Por medio de su repertorio lingüístico y utilizando artefactos multimodales, los estudiantes bi/multilingües podrán interpretar argumentos para...
* determinar el tema presentado en textos multimodales bilingües
* reconocer el lenguaje que crea un estilo formal
* comprender de forma lógica las opiniones con la evidencia, los hechos y los detalles de apoyo en textos multimodales bilingües
* identificar las opiniones y argumentos en textos multimodales bilingües
* evaluar las fuentes de evidencia para apoyar puntos de vista en textos multimodales bilingües",English Language Arts,"['4', '5']",Standard
1d03757c-3642-4911-9955-7681fa8a03ed,CD.K-1.PF.N5,"Hacia el final de cada nivel de desempeño lingüístico, con los apoyos apropiados, los estudiantes bi/multilingües podrán…Entender y demostrar cómo se crean mensajes precisos (orales, escritos y multimodales) a través de…Palabras y frases específicas de acuerdo con el contexto y la disciplina.",English Language Arts,"['K', '1']",Other
93fdb8eb-6f33-4dcf-967a-1b0fdc4e50ae,DALE-AL.1.relatar.interactivo,"Por medio de su repertorio lingüístico y utilizando artefactos multimodales, los estudiantes bi/multilingües podrán interactuar con otros (personas y medios) sobre relatos para...
* acordar la información que ayuda a la audiencia a orientarse a cuentos o historias
* analizar los eventos en historias
* determinar mensajes centrales a través de detalles clave
* decidir qué ajustes hacer para cautivar a la audiencia
* generar y contestar preguntas de los detalles clave en cuentos bilingües
* comparar las emociones evocadas",English Language Arts,['1'],Standard
6e1fef9c-3494-4d9c-a88e-33148a2db44d,DALE-SA.2-3.explicar.interpretativo,"Por medio de su repertorio lingüístico y utilizando artefactos multimodales, los estudiantes bi/multilingües podrán interpretar explicaciones para...
* considerar ideas y pensamientos iniciales
* dilucidar ciclos en diagramas, pasos en procedimientos o causas y consecuencias
* determinar las similitudes y diferencias de objetos o conceptos
* deducir ideas y sugerencias
* actuar a base de la retroalimentación de otros
* identificar los procedimientos para afrontar conflictos y sus emociones asociadas
* formar objetivos de aprendizaje personal",English Language Arts,"['2', '3']",Standard
51863220-5130-416a-9b6c-382466e1b9fd,DALE-SA.4-5.relatar.expresivo,"Por medio de su repertorio lingüístico y utilizando artefactos multimodales, los estudiantes bi/multilingües podrán expresar relatos para...
* describir problemas y situaciones del mundo real
* comunicar emociones y sentimientos sin generar conflicto
* desarrollar ideas y perspectivas de una variedad de orígenes y culturas, incluso de otros estudiantes bi/multilingües
* complementar historias con imágenes y representaciones para ampliar su significado
* resumir ideas presentadas durante un diálogo
* concluir a través de un cierre, un resumen y/o pasos a seguir",English Language Arts,"['4', '5']",Standard
fa64a85b-b8a6-4ba7-8882-71f8b1ad1c86,DALE-AL.9-12.informar.interactivo,"Por medio de su repertorio lingüístico y utilizando artefactos multimodales, los estudiantes bi/multilingües podrán interactuar con otros (personas y medios) sobre información para...
* decidir cómo abordar temas y/o entidades para una variedad de audiencias y propósitos
* analizar la objetividad o neutralidad de posturas
* negociar opiniones sobre la precisión, detalles y claridad acerca de atributos, comportamientos y relaciones conceptuales complejas
* proveer retroalimentación sobre la coherencia y cohesión en textos multimodales bilingües
* evaluar la integración, comparación y síntesis de ideas de textos multimodales y multiculturales producidas a través de las investigaciones
* discutir omisiones y/o alusiones significativas en textos multimodales bilingües",English Language Arts,"['9', '10', '11', '12']",Standard
2009f2a3-5d93-417d-aa5a-afcb6371fd07,DALE-MA.1.explicar.interpretativo,"Por medio de su repertorio lingüístico y utilizando artefactos multimodales, los estudiantes bi/multilingües podrán interpretar explicaciones para...
* dilucidar el pensamiento matemático propio
* crear soluciones a problemas matemáticos
* precisar datos y/o procesos para resolver problemas
* reflexionar sobre el razonamiento utilizado para generar soluciones propias o alternativas
* identificar preguntas de problemas matemáticos
* determinar puntos de partida para la resolución de problemas matemáticos",English Language Arts,['1'],Standard
b2862250-9206-41de-917e-90e6d17993d1,DALE-CS.1.informar.expresivo,"Por medio de su repertorio lingüístico y utilizando artefactos multimodales, los estudiantes bi/multilingües podrán expresar información para...
* introducir temas asociados con problemas o preguntas de investigación
* proveer detalles sobre aspectos y conceptos de las ciencias sociales
* describir atributos, características y cualidades de evidencia y fuentes de investigación
* ilustrar problemas de su comunidad
* aclarar cómo las personas juegan roles importantes en una comunidad",English Language Arts,['1'],Standard
7efc897e-17f3-4b46-9c5e-d9762a10b325,DALE-CN.4-5.informar.expresivo,"Por medio de su repertorio lingüístico y utilizando artefactos multimodales, los estudiantes bi/multilingües podrán expresar información para...
* describir observaciones y fenómenos
* comunicar el conocimiento, habilidades y valores científicos
* establecer posturas neutrales u objetivas al comunicar información
* definir procesos, conceptos o teorías
* comunicar criterios de diseño y procesos analíticos a través de múltiples modalidades
* presentar datos científicos a través de diferentes fuentes y actividades",English Language Arts,"['4', '5']",Standard
743b345d-4d6d-4783-bc5b-a891ed8bede5,DALE-AL.K.explicar.expresivo,"Por medio de su repertorio lingüístico y utilizando artefactos
multimodales, los estudiantes bi/multilingües podrán expresar explicaciones para...
* presentar un tema
* describir cómo funciona u ocurre algo
* aclarar sus pensamientos
* agregar detalles
* definir relaciones entre personajes y eventos
* explorar el desarrollo de identidades lingüísticas y culturales",English Language Arts,['K'],Standard
9cf8ddd0-d5b4-4e40-b9ee-47110611a3d2,DALE-CN.4-5.explicar.expresivo,"Por medio de su repertorio lingüístico y utilizando artefactos multimodales, los estudiantes bi/multilingües podrán expresar explicaciones para...
* describir las observaciones y/o evidencias sobre un fenómeno
* establecer posturas neutrales u objetivas al describir teorías o conceptos
* dilucidar el razonamiento para mostrar las relaciones entre las evidencias y las afirmaciones
* resumir y/o comparar múltiples soluciones a problemas en función de qué tan bien cumplen con los criterios y limitaciones de la solución desarrollada
* representar el análisis de datos
* describir relaciones de modelos científicos a sistemas y fenómenos naturales",English Language Arts,"['4', '5']",Standard
3d53df71-b110-4812-86da-174055512ef9,,Oración,English Language Arts,"['2', '3', '4', '5', '6', '7', '8', '9', '10', '11', '12']",Other
6ca764e6-dd97-4306-92a0-16a9a5c4fafc,ASP.2-12.PART.N2-4,"Hacia el final de cada nivel de desempeño lingüístico, con los apoyos apropiados, los estudiantes bi/multilingües podrán…Escuchar ideas de otros y contribuir las propias…De manera voluntaria.",English Language Arts,"['2', '3', '4', '5', '6', '7', '8', '9', '10', '11', '12']",Other
c29003fc-85d0-41b9-9f0f-02d5d71ba287,DALE-CN.4-5.argumentar.expresivo,"Por medio de su repertorio lingüístico y utilizando artefactos multimodales, los estudiantes bi/multilingües podrán expresar argumentos para...
* introducir problemas relacionados con el mundo natural y el artificial
* hacer y definir posturas basadas en evidencias, datos y/o modelos
* establecer un tono neutral o una postura objetiva
* formular relaciones lógicas entre razonamientos, evidencias relevantes, datos y/o modelos al generar una postura
* desafiar los fundamentos de evidencia científica presentados por otros
* criticar o apoyar soluciones o diseños científicos",English Language Arts,"['4', '5']",Standard
eb7ebdab-b327-429b-8568-1072c8fd1f0d,DALE-MA.K.informar.interactivo,"Por medio de su repertorio lingüístico y utilizando
artefactos multimodales, los estudiantes bi/multilingües podrán interactuar con otros
(personas y medios) sobre información para...
* profundizar el conocimiento de conceptos concretos
* modelar conceptos matemáticos
* diseñar gráficos o ilustrar datos
* crear patrones
* generar problemas matemáticos
* negociar el uso de herramientas en la resolución de problemas matemáticos",English Language Arts,['K'],Standard
cdc8eb19-623c-4a25-ad2f-74eb12136c47,DALE-MA.K.informar.expresivo,"Por medio de su repertorio lingüístico y utilizando artefactos multimodales, los estudiantes bi/multilingües podrán expresar información para...
* definir o clasificar conceptos concretos
* describir conceptos matemáticos
* comparar y contrastar datos
* detallar patrones
* resolver problemas matemáticos
* demostrar el uso de herramientas apropiadas en la resolución de problemas matemáticos",English Language Arts,['K'],Standard
29747d3a-d9f0-4dde-b18b-a21c06ebb941,ASP.K-1.CTXT.N1-2,"Hacia el final de cada nivel de desempeño lingüístico, con los apoyos apropiados, los estudiantes bi/multilingües podrán…Reconocer, reaccionar y hacer ajustes al lenguaje (incluyendo gestos y expresiones) durante intercambios…Para intercambiar las ideas principales.",English Language Arts,"['K', '1']",Other
015bdf23-7759-4f17-ae45-63e342151955,,Oración,English Language Arts,"['K', '1']",Other
37fdf67a-14bc-4bbf-b2ef-425c535694c9,DALE-SA.1.relatar.interactivo,"Por medio de su repertorio lingüístico y utilizando artefactos multimodales, los estudiantes bi/multilingües podrán interactuar con otros (personas y medios) sobre relatos para...
* compartir ejemplos de responsabilidades y acciones que ayudan a valerse por sí mismo
* dialogar sobre los efectos de diferentes emociones
* intercambiar experiencias vividas y aprendizajes previos
* conectar imágenes y representaciones en historias para agregar significado
* hacer y responder a preguntas sobre lo que otros han compartido
* discutir el final de historias o los próximos pasos a seguir",English Language Arts,['1'],Standard
2943e582-7fce-44af-a37b-77bf5c80a13e,DALE-AL.9-12.argumentar.interactivo,"Por medio de su repertorio lingüístico y utilizando artefactos multimodales, los estudiantes bi/multilingües podrán interactuar con otros (personas y medios) sobre argumentos para...
* crear declaraciones claras, precisas y coherentes
* intercambiar declaraciones, contraposiciones, razonamiento válido y evidencia lógica
* adoptar un estilo formal y un tono objetivo
* contribuir resoluciones con recomendaciones
* discutir ideas centrales de textos multimodales bilingües haciendo énfasis en el desarrollo del razonamiento
* seleccionar conocimientos basados en investigaciones e ideas sintetizadas de varias
fuentes",English Language Arts,"['9', '10', '11', '12']",Standard
70bb3114-4b45-4a0b-8ecf-74f808067af7,CD.K-1.Dis.N5,"Hacia el final de cada nivel de desempeño lingüístico, con los apoyos apropiados, los estudiantes bi/multilingües podrán…Entender y demostrar cómo se crea la organización y coherencia en mensajes (orales, escritos y multimodales) a través de…Textos multimodales que siguen la organización y convenciones de géneros comunes y que usan conectores comunes para conectar ideas.",English Language Arts,"['K', '1']",Other
aa424280-4dba-4fce-9e09-f881a9161f1a,,4º y 5º GRADO,English Language Arts,"['4', '5']",Standard Grouping
89fc0a72-65c8-4399-9212-c0e2d9efce96,,Kínder,English Language Arts,['K'],Standard Grouping
4c47841f-fa3b-4850-b772-b75465c03937,DALE-CS.1.argumentar.expresivo,"Por medio de su repertorio lingüístico y utilizando artefactos multimodales, los estudiantes bi/multilingües podrán expresar argumentos para...
* introducir temas
* proveer información que pueda ser usada como evidencia para apoyar una afirmación
* defender fuentes usando las distinciones entre hechos y opiniones
* comparar beneficios y dificultades en la toma de decisiones personales
* sugerir cambios en las costumbres, tradiciones y formas de vida en su entorno circundante",English Language Arts,['1'],Standard
514b82d1-dcd5-4bd0-8ec9-3f867a6e466b,DALE-SA.2-3.relatar.interactivo,"Por medio de su repertorio lingüístico y utilizando artefactos multimodales, los estudiantes bi/multilingües podrán interactuar con otros (personas y medios) sobre relatos para...
* compartir experiencias vividas y aprendizajes previos
* analizar imágenes y representaciones en cuentos o historias
* hacer y responder a preguntas sobre lo que otros han compartido
* discutir los próximos pasos a seguir o el final de historias
* explorar conexiones sociales (físicas y/o virtuales) y personalizar sus entornos
* experimentar situaciones que les generan emociones",English Language Arts,"['2', '3']",Standard
42e84a0c-f4fa-46f2-a904-96ab4e89f1fe,,9º al 12º GRADO,English Language Arts,"['9', '10', '11', '12']",Standard Grouping
b1f68b26-4265-4901-b4b0-7c1d9b899dd2,DALE-AL.9-12.informar.expresivo,"Por medio de su repertorio lingüístico y utilizando artefactos multimodales, los estudiantes bi/multilingües podrán expresar información para...
* introducir y definir temas y/o entidades para una variedad de audiencias y propósitos
* establecer posturas objetivas o neutrales
* agregar precisión, detalles y claridad acerca de atributos, comportamientos y relaciones conceptuales complejas
* desarrollar coherencia y cohesión en textos multimodales bilingües
* presentar conocimiento creado a través de investigaciones que integren, comparen y sinteticen las ideas de textos multimodales y multiculturales
* describir omisiones y/o alusiones significativas en textos multimodales bilingües",English Language Arts,"['9', '10', '11', '12']",Standard
6a08d48a-fe3f-4d1b-8050-61f101a53b6b,DALE-MA.4-5.argumentar.interpretativo,"Por medio de su repertorio lingüístico y utilizando artefactos multimodales, los estudiantes bi/multilingües podrán interpretar argumentos para...
* crear conjeturas usando definiciones, patrones y reglas
* determinar los puntos en común y las diferencias entre casos
* identificar la aplicación de patrones o reglas en conclusiones
* captar los fundamentos de los demás
* decidir sobre el uso estratégico de herramientas
* descifrar el razonamiento y las premisas matemáticas",English Language Arts,"['4', '5']",Standard
bf1410c4-c7a3-4c3a-994b-d352f4c08d12,DALE-MA.4-5.informar.interpretativo,"Por medio de su repertorio lingüístico y utilizando artefactos multimodales, los estudiantes bi/multilingües podrán interpretar información para...
* reconocer las ideas y conceptos clave
* conectar conceptos matemáticos a situaciones de la vida real
* distinguir los detalles que sirven para definir problemas matemáticos
* notar la organización de contenido en textos multimodales
* determinar conceptos aplicables en la resolución de problemas matemáticos
* identificar detalles precisos relacionados con la estructura matemática",English Language Arts,"['4', '5']",Standard
d0ebac51-df09-4c58-82d3-bf880a6e95d5,CD.2-12.ORA.N1,"Hacia el final de cada nivel de desempeño lingüístico, con los apoyos apropiados, los estudiantes bi/multilingües podrán…Entender y demostrar cómo se crean, conectan y extienden mensajes (orales, escritos y multimodales) a través de… Fragmentos de oraciones y oraciones simples con uso emergente de convenciones.",English Language Arts,"['2', '3', '4', '5', '6', '7', '8', '9', '10', '11', '12']",Other
fcb29c66-6896-4592-8350-6ff66e6565d3,DALE-MA.2-3.explicar.expresivo,"Por medio de su repertorio lingüístico y utilizando artefactos multimodales, los estudiantes bi/multilingües podrán expresar explicaciones para...
* introducir conceptos o representaciones matemáticas
* describir los pasos y decisiones que toman para resolver problemas
* precisar detalles de patrones matemáticos
* articular razonamientos detrás de soluciones
* representar el pensamiento matemático
* detallar modelos matemáticos",English Language Arts,"['2', '3']",Standard
4ffdddca-132b-4ad9-a3a6-1562f7671047,DALE-CS.K.relatar.expresivo,"Por medio de su repertorio lingüístico y utilizando artefactos multimodales, los estudiantes bi/multilingües podrán expresar relatos para...
* proveer ejemplos de conceptos de las ciencias sociales en su comunidad
* aplicar conceptos de las ciencias sociales a situaciones personales
* describir la relación entre conceptos de las ciencias sociales y otras disciplinas
* conectar conceptos de las ciencias sociales a situaciones de la vida diaria
* comunicar preferencias sobre conceptos de las ciencias sociales",English Language Arts,['K'],Standard
1757fa21-9f23-4687-8be1-6a23caeb1f41,DALE-SA.2-3.argumentar.expresivo,"Por medio de su repertorio lingüístico y utilizando artefactos multimodales, los estudiantes bi/multilingües podrán expresar argumentos para...
* crear reformulaciones discursivas a base de la opinión de otros
* declarar opiniones con razones
* proveer retroalimentación sobre las ideas de otros
* justificar cambios de pensamiento
* comunicar los ajustes o refinamientos de opiniones a base de nueva información
* defender la exactitud, perspectiva, credibilidad y relevancia de información
* presentar sobre cómo su dominio depende de la práctica y su compromiso con el aprendizaje",English Language Arts,"['2', '3']",Standard
44841f62-f3c4-451e-9a80-a57166b2665c,DALE-AL.2-3.informar.interpretativo,"Por medio de su repertorio lingüístico y utilizando artefactos multimodales, los estudiantes bi/multilingües podrán interpretar información para...
* identificar temas y/o entidades
* clasificar entidades según los detalles proporcionados
* navegar textos de manera coherente y cohesiva
* relacionar ideas, conocimientos y conceptos provenientes de diversas fuentes
* distinguir relaciones explícitas entre acontecimientos, ideas o conceptos en textos
* evaluar procedimientos o procesos",English Language Arts,"['2', '3']",Standard
ebd6a54f-c989-4975-b5bf-7980fe32b18a,DALE-AL.6-8.argumentar.interactivo,"Por medio de su repertorio lingüístico y utilizando artefactos multimodales, los estudiantes bi/multilingües podrán interactuar con otros (personas y medios) sobre argumentos para...
* fortalecer afirmaciones
* debatir afirmaciones con razonamiento y evidencia clara, relevante y confiable
* producir lenguaje que crea un estilo formal
* crear la lógica y estrategia para el uso de razones y evidencia
* aclarar el uso de textos multimodales y translingüísticos con atención a diversas audiencias
* juzgar las declaraciones hechas por el autor",English Language Arts,"['6', '7', '8']",Standard
ea270bc5-ce95-4842-b944-7d9abf4daa07,DALE-CN.4-5.argumentar.interactivo,"Por medio de su repertorio lingüístico y utilizando artefactos multimodales, los estudiantes bi/multilingües podrán interactuar con otros (personas y medios) sobre argumentos para...
* contribuir ejemplos de problemas en el mundo natural y el artificial
* asumir posturas basadas en evidencias, datos y/o modelos
* experimentar con el lenguaje que expresa un tono neutral o una postura objetiva
* señalar relaciones lógicas entre razonamientos, evidencias relevantes, datos y/o modelos al generar una postura
* fortalecer fundamentos y seleccionar la mejor evidencia científica
* analizar si soluciones propuestas cumplen con los criterios de diseños científicos",English Language Arts,"['4', '5']",Standard
1410f242-ed70-4480-9eb7-c36d9d8b7122,DALE-SA.K.informar.interactivo,"Por medio de su repertorio lingüístico y utilizando artefactos multimodales, los estudiantes bi/multilingües podrán interactuar con otros (personas y medios) sobre información para...
* analizar estrategias para localizar información
* comparar mensajes mediante el uso de diferentes tecnologías
* organizar objetos o conceptos
* acordar sobre características, patrones o comportamientos
* aclarar ideas
* intercambiar experiencias de aprendizaje",English Language Arts,['K'],Standard
a4fc98a3-fa42-498b-b28b-20d1687c926e,DALE-MA.4-5.explicar.expresivo,"Las expectativas del lenguaje para explicar: Por medio de su repertorio lingüístico y utilizando artefactos multimodales, los estudiantes bi/multilingües podrán expresar explicaciones para...

* introducir conceptos o entidades
* describir los datos y/o los pasos para resolver un problema
* indicar el razonamiento utilizado para generar una solución
* definir procedimientos y patrones en modelos matemáticos
* dilucidar conceptos abstractos o cuantitativos",English Language Arts,"['4', '5']",Standard
07f9f2dc-8721-422e-85e8-da91913ff876,DALE-MA.2-3.argumentar.interactivo,"Por medio de su repertorio lingüístico y utilizando artefactos multimodales, los estudiantes bi/multilingües podrán interactuar con otros (personas y medios) sobre argumentos para...
* crear conjeturas basadas en datos o conocimientos previos
* generalizar los puntos en común de diferentes casos
* justificar conclusiones con patrones o reglas simples
* proveer retroalimentación a los argumentos de otros
* criticar el razonamiento matemático de otros
* analizar representaciones numéricas",English Language Arts,"['2', '3']",Standard
bfe18924-9acb-4980-922e-aa8d8692a64e,DALE-SA.4-5.explicar.interpretativo,"Por medio de su repertorio lingüístico y utilizando artefactos multimodales, los estudiantes bi/multilingües podrán interpretar explicaciones para...
* reflexionar sobre los procesos que se siguen al aprender
* valorar las consecuencias y efectos que tienen las decisiones que se toman
* generar las primeras ideas sobre diversos temas
* seguir ciclos, secuencias y procedimientos
* determinar las causas y consecuencias de variables, factores y circunstancias cambiantes
* imaginar alternativas para ampliar o profundizar la conciencia de los factores que contribuyen a resultados particulares
* actuar sobre retroalimentación",English Language Arts,"['4', '5']",Standard
06e33498-96a4-47e9-9ddb-1efef3991bed,DALE-MA.4-5.argumentar.expresivo,"Por medio de su repertorio lingüístico y utilizando artefactos multimodales, los estudiantes bi/multilingües podrán expresar argumentos para...
* mostrar conjeturas usando definiciones, patrones y reglas
* generalizar los puntos en común y las diferencias entre casos
* justificar conclusiones con patrones o reglas
* contraargumentar los fundamentos de los demás
* justificar el uso estratégico de herramientas
* demostrar el razonamiento y las premisas matemáticas",English Language Arts,"['4', '5']",Standard
906ab792-c5ad-458a-accb-6b9f35eecf0f,DALE-CN.9-12.explicar.interactivo,"Por medio de su repertorio lingüístico y utilizando artefactos multimodales, los estudiantes bi/multilingües podrán interactuar con otros (personas y medios) sobre explicaciones para...
* interrogar la validez y certeza de evidencia de varias fuentes acerca de fenómenos
* discutir la neutralidad u objetividad de posturas en la comunicación de resultados
* impulsar el razonamiento sobre las relaciones entre variables o componentes de sistemas
* acordar soluciones utilizando conocimientos, evidencias, criterios y/o intercambios científicos
* diseñar soluciones o proveer respuestas a preguntas científicas
* analizar causas y consecuencias en mecanismos",English Language Arts,"['9', '10', '11', '12']",Standard
c6e4a7ac-d4c6-4483-9d2e-dc210ed53b25,DALE-CN.1.explicar.expresivo,"Por medio de su repertorio lingüístico y utilizando artefactos multimodales, los estudiantes bi/multilingües podrán expresar explicaciones para...
* describir observaciones y/o datos sobre fenómenos
* elaborar sobre los efectos de una secuencia de eventos
* proponer múltiples soluciones a un problema
* justificar las herramientas y materiales seleccionados para diseñar modelos físicos
* representar patrones que suceden durante fenómenos naturales",English Language Arts,['1'],Standard
fdbcdcce-c724-4bcc-a35f-6290dc7165b2,DALE-CN.2-3.argumentar.interpretativo,"Por medio de su repertorio lingüístico y utilizando
artefactos multimodales, los estudiantes bi/multilingües podrán interpretar argumentos para...
* identificar temas o fenómenos relacionados al mundo natural y/o el artificial
* evaluar afirmaciones usando evidencia relevante
* reconocer tonos neutrales
* señalar relaciones lógicas entre el razonamiento, la evidencia y/o los datos en un modelo
* juzgar las conclusiones sobre observaciones o experimentos
* seleccionar instrumentos en investigaciones",English Language Arts,"['2', '3']",Standard
da643de9-eb19-48cb-805c-aa02f9c698b5,DALE-CS.4-5.argumentar.interactivo,"Por medio de su repertorio lingüístico y utilizando artefactos multimodales, los estudiantes bi/multilingües podrán interactuar con otros (personas y medios) sobre argumentos para...
* intercambiar información relevante para respaldar afirmaciones con
evidencias recopiladas de múltiples fuentes
* debatir perspectivas
* conectar afirmaciones con razones y opiniones
* defender los temas y propósitos de una posición
* determinar una perspectiva común en las afirmaciones y evidencia de propuestas",English Language Arts,"['4', '5']",Standard
cfc2349f-063f-49e2-89c8-bb78ea14f1ef,DALE-CS.4-5.explicar.expresivo,"Por medio de su repertorio lingüístico y utilizando artefactos multimodales, los estudiantes bi/multilingües podrán expresar explicaciones para...
* explorar diferentes puntos de vista sobre situaciones o eventos
* relacionar componentes, orden, causas y consecuencias o ciclos utilizando ejemplos y
detalles relevantes
* generalizar causas y consecuencias probables de situaciones o eventos
* describir los factores o causas principales que contribuyen a eventos o acontecimientos
* sintetizar las opiniones en diferentes fuentes para resolver o apoyar preguntas indispensables",English Language Arts,"['4', '5']",Standard
963c9aac-3f54-46b8-8a17-349132764530,CD.2-12.PF.N5,"Hacia el final de cada nivel de desempeño lingüístico, con los apoyos apropiados, los estudiantes bi/multilingües podrán…Entender y demostrar cómo se crean mensajes precisos (orales, escritos y multimodales) a través de… Un repertorio de palabras y frases interdisciplinarias y específicas usadas con precisión de acuerdo con el contexto.",English Language Arts,"['2', '3', '4', '5', '6', '7', '8', '9', '10', '11', '12']",Other
fef3099e-b5e8-46b8-9a0c-960b109089bb,,9º al 12º GRADO,English Language Arts,"['9', '10', '11', '12']",Standard Grouping
db6e5ee8-bb38-4e68-afa8-d6966de3ca48,ASP.K-1.CTXT.N4-6,"Hacia el final de cada nivel de desempeño lingüístico, con los apoyos apropiados, los estudiantes bi/multilingües podrán…Reconocer, reaccionar y hacer ajustes al lenguaje (incluyendo gestos y expresiones) durante intercambios…Para precisar ideas y detalles.",English Language Arts,"['K', '1']",Other
08ac701f-b91a-4617-8ed6-5d4fe325b9a9,,Estándar 1 del Marco DALE: El lenguaje para socializar y aprender (DALE-SA),English Language Arts,"['K', '1', '2', '3', '4', '5', '6', '7', '8', '9', '10', '11', '12']",Standard Grouping
19baf73b-28c7-4b7e-9f42-e175b32ac751,DALE-CS.1.argumentar.interpretativo,"Por medio de su repertorio lingüístico y utilizando artefactos multimodales, los estudiantes bi/multilingües podrán interpretar argumentos para...
* identificar temas
* seleccionar información que pueda ser usada como evidencia para apoyar una afirmación
* evaluar fuentes usando las distinciones entre hechos y opiniones
* profundizar sobre los beneficios y las dificultades en la toma de decisiones personales
* reconocer cambios en las costumbres, tradiciones y formas de vida en su entorno circundante",English Language Arts,['1'],Standard
57e6ff1d-a959-4b5f-a98d-bc97256abedb,DALE-AL.K.informar.interpretativo,"Por medio de su repertorio lingüístico y utilizando artefactos
multimodales, los estudiantes bi/multilingües podrán interpretar relatos para...
*comprender temas entextos multimodales
* examinar detalles y hechos
* identificar elementos detextos multimodales
* distinguir atributos ycaracterísticas familiares
* reconocer las ideas ydetalles del autor entextos multimodalesbilingües y/omulticulturales
* averiguar detallesde fuentes bilingüesy/o multimodales",English Language Arts,['K'],Standard
b5b13de4-e698-49cb-a46d-adbde7d61d05,DALE-SA.9-12.argumentar.expresivo,"Por medio de su repertorio lingüístico y utilizando artefactos multimodales, los estudiantes bi/multilingües podrán expresar argumentos para...
* afirmar o contradecir diferentes puntos de vista o perspectivas
* presentar conclusiones basadas en evidencia
* afirmar o desafiar opiniones, premisas o interpretaciones
* editar la presentación de ideas basadas en retroalimentación y en criterios establecidos
* documentar los cambios en el pensamiento, identificando concesiones
* integrar nueva evidencia en afirmaciones y presentación de razonamientos",English Language Arts,"['9', '10', '11', '12']",Standard
f1deafd7-2c28-46cf-bce0-0166e589145b,DALE-CS.2-3.explicar.expresivo,"Por medio de su repertorio lingüístico y utilizando artefactos multimodales, los estudiantes bi/multilingües podrán expresar explicaciones para...
* introducir fenómenos, entidades o eventos
* describir componentes, orden, causas o procesos
* ilustrar posibles razones de acontecimientos o eventos
* reseñar conceptos curriculares e ideas asociadas a una pregunta convincente
* expandir ideas o temas relevantes o de mayor impacto a la vida real
* responder a preguntas relacionadas con hechos sociales o culturales",English Language Arts,"['2', '3']",Standard
a89e00ec-9ee4-4360-9437-5c06c724ca05,DALE-CN.9-12.argumentar.interpretativo,"Por medio de su repertorio lingüístico y utilizando artefactos multimodales, los estudiantes bi/multilingües podrán interpretar argumentos para...
* reconocer temas/ fenómenos en episodios científicos actuales o históricos
* identificar posturas según datos y evidencias
* detectar tonos en textos o comentarios
* distinguir relaciones lógicas entre razonamientos, evidencias, datos y/o modelos
* clasificar evidencia de múltiples fuentes
* discernir patrones, semejanzas y diversidad científica",English Language Arts,"['9', '10', '11', '12']",Standard
1484faed-1b96-4811-a2cc-36ad4955c118,DALE-AL.6-8.relatar.interactivo,"Por medio de su repertorio lingüístico y utilizando artefactos multimodales, los estudiantes bi/multilingües podrán interactuar con otros (personas y medios) sobre relatos para...
* articular el contexto y el punto de vista para la audiencia
* crear personajes y sus relaciones
* proponer historias, avanzar tramas y los temas con complicaciones y resoluciones, secuencias de tiempo y eventos
* proponer lenguaje para involucrar y adaptarse a la audiencia
* describir un sentido de lugar y la personalidad de los personajes
* determinar ideas o secuencias de eventos para crear cohesión y aclarar relaciones entre ideas y conceptos",English Language Arts,"['6', '7', '8']",Standard
e1cc47aa-7b51-46d4-b1ed-c6e7ed6a1e44,CD.K-1.ORA.N2,"Hacia el final de cada nivel de desempeño lingüístico, con los apoyos apropiados, los estudiantes bi/multilingües podrán…Entender y demostrar cómo se crean, conectan y extienden mensajes (orales, escritos y multimodales) a través de…Oraciones simples con uso de convenciones familiares.",English Language Arts,"['K', '1']",Other
57aa0375-5526-467a-a41c-731db9d112ba,DALE-AL.1.informar.expresivo,"Por medio de su repertorio lingüístico y utilizando artefactos multimodales, los estudiantes bi/multilingües podrán expresar información para...
* introducir y definir temasprincipales
* describir atributos ycaracterísticas con hechosy definiciones
* reseñar detalles clave detemas y/o entidades
* seleccionar palabras segúnel tema o la disciplina
* declarar conclusiones abase de la información derecursos digitales
* resumir la relación entrepersonas, acontecimientosoideas en un texto",English Language Arts,['1'],Standard
4e683311-9e33-45eb-b679-2c01ee25411d,,2º y 3<sup>er</sup> GRADO,English Language Arts,"['2', '3']",Standard Grouping
7c657037-459c-49aa-98fa-95917d7caf05,DALE-CN.K.informar.expresivo,"Por medio de su repertorio lingüístico y utilizando artefactos multimodales, los estudiantes bi/multilingües podrán expresar información para...
* introducir conceptos o fenómenos
* proveer detalles acerca de fenómenos
* resumir de qué se trata un texto científico
* describir el efecto de variables
* comunicar los resultados de investigaciones científicas
* presentar datos científicos que describen su entorno circundante",English Language Arts,['K'],Standard
1ebf7072-f652-4f91-a1f6-57d2b5f34598,DALE-AL.2-3.informar.expresivo,"Por medio de su repertorio lingüístico y utilizando artefactos multimodales, los estudiantes bi/multilingües podrán expresar información para...
* introducir y definir temas y/o entidades a la audiencia específica
* definir y describir temas y/o entidades detalladamente
* desarrollar coherencia y cohesión en textos
* resumir ideas, conocimientos y conceptos provenientes de diversas fuentes
* describir de manera explícita las relaciones entre acontecimientos, ideas o conceptos
en textos
* comunicar procedimientos o procesos",English Language Arts,"['2', '3']",Standard
bc60b870-787a-44d5-8c90-bee3244d96a4,DALE-MA.6-8.argumentar.interactivo,"Por medio de su repertorio lingüístico y utilizando artefactos multimodales, los estudiantes bi/multilingües podrán interactuar con otros (personas y medios) sobre argumentos para...
* acordar conjeturas usando definiciones y resultados previamente establecidos
* establecer relaciones lógicas a través del análisis de múltiples casos
* justificar conclusiones con evidencia y datos matemáticos
* criticar y evaluar las afirmaciones de otros
* resumir el uso estratégico de recursos matemáticos
* comprobar la regularidad en razonamientos repetitivos",English Language Arts,"['6', '7', '8']",Standard
6fe24f78-7b87-41e4-b522-99a6daf126af,DALE-SA.K.informar.expresivo,"Por medio de su repertorio lingüístico y utilizando artefactos multimodales, los estudiantes bi/multilingües podrán expresar información para...
* delinear estrategias para localizar información
* comunicar mensajes mediante el uso de diferentes tecnologías
* definir objetos y conceptos
* describir características, patrones o comportamientos
* resumir ideas
* demostrar experiencias de aprendizaje",English Language Arts,['K'],Standard
06fa730e-1a04-4a02-80de-d76c738504d4,DALE-SA.1.informar.expresivo,"Por medio de su repertorio lingüístico y utilizando artefactos multimodales, los estudiantes bi/multilingües podrán expresar información para...
* especificar cómo utilizar la tecnología para demostrar su aprendizaje en diferentes maneras
* describir sus necesidades personales y buscar soluciones a estas mismas
* definir y clasificar objetos o conceptos
* representar características, patrones o comportamientos
* resumir las ideas de otros
* reseñar experiencias de aprendizaje",English Language Arts,['1'],Standard
e96548a8-e7a3-401a-aaf4-e9c73881b741,ASP.K-1.CTXT.N2-4,"Hacia el final de cada nivel de desempeño lingüístico, con los apoyos apropiados, los estudiantes bi/multilingües podrán…Reconocer, reaccionar y hacer ajustes al lenguaje (incluyendo gestos y expresiones) durante intercambios…Para aclarar ideas y detalles.",English Language Arts,"['K', '1']",Other
70fed367-85c0-4f37-9b49-0afead177e1f,DALE-AL.4-5.informar.interactivo,"Por medio de su repertorio lingüístico y utilizando artefactos multimodales, los estudiantes bi/multilingües podrán interactuar con otros (personas y medios) sobre información para...
* desarrollar el tema y/o la entidad del texto
* concordar con una postura objetiva o neutral
* decidir los detalles precisos para definir, describir, comparar y clasificar temas
* remarcar la coherencia y la cohesión de ideas a través del texto
* acordar las ideas principales y detalles a incluir en mensajes multimodales
* discutir sobre recursos del lenguaje a emplear según el contexto y la audiencia",English Language Arts,"['4', '5']",Standard
41c5caa8-ec1d-4404-893f-0448b38c8b15,,Estándar 3 del Marco DALE: El lenguaje para las matemáticas (DALE-MA),English Language Arts,"['K', '1', '2', '3', '4', '5', '6', '7', '8', '9', '10', '11', '12']",Standard Grouping
d3e2d51f-ab87-48b3-a586-a59faefaab7b,CD.2-12.Dis.N3,"Hacia el final de cada nivel de desempeño lingüístico, con los apoyos apropiados, los estudiantes bi/multilingües podrán…Entender y demostrar cómo se crea la organización y coherencia en mensajes (orales, escritos y multimodales) a través de… Textos cortos que usan organización predecible y uso emergente de recursos cohesivos y detalles.",English Language Arts,"['2', '3', '4', '5', '6', '7', '8', '9', '10', '11', '12']",Other
e6377a67-1fba-4772-a00e-ef05d286171e,DALE-CN.K.explicar.interpretativo,"Por medio de su repertorio lingüístico y utilizando artefactos multimodales, los estudiantes bi/multilingües podrán interpretar explicaciones para...
* analizar fenómenos o experimentos
* observar la manera en que una serie de eventos causa que algo ocurra
* reconocer múltiples soluciones a un problema
* responder a preguntas de investigaciones sobre fenómenos
* identificar datos en gráficos
* concebir el concepto de fenómenos naturales",English Language Arts,['K'],Standard
b2a05ac2-357f-4fbd-b5ba-b2257bb8fea6,DALE-SA.9-12.relatar.interactivo,"Por medio de su repertorio lingüístico y utilizando artefactos multimodales, los estudiantes bi/multilingües podrán interactuar con otros (personas y medios) sobre relatos para...
* inferir las dinámicas de poder
* desarrollar ideas fundamentales presentadas desde diferentes perspectivas
* compartir ideas sobre identidades, experiencias y aprendizaje previo
* plantear preguntas y respuestas sobre lo que no se explicó, faltó o no fue incluido
* reformular discursivamente y reafirmar ideas para sostener y avanzar diálogos
* consensuar soluciones a problemas y próximos pasos luego de la resolución",English Language Arts,"['9', '10', '11', '12']",Standard
68ad7981-6a92-4a9e-ae92-b348ab360b80,DALE-CN.6-8.explicar.interactivo,"Por medio de su repertorio lingüístico y utilizando artefactos multimodales, los estudiantes bi/multilingües podrán interactuar con otros (personas y medios) sobre explicaciones para...
* discutir la validez y confiabilidad de evidencia sobre fenómenos utilizando varias fuentes
* desarrollar posturas neutrales u objetivas para comunicar resultados
* proponer relaciones entre variables en modelos o sistemas
* cuestionar evidencia e información compleja sobre fenómenos
* analizar patrones complejos en datos
* comparar causas y consecuencias en sistemas y fenómenos naturales",English Language Arts,"['6', '7', '8']",Standard
0fd39f3c-d2ea-4821-bb3b-dce3ee45cc35,DALE-SA.1.explicar.expresivo,"Por medio de su repertorio lingüístico y utilizando artefactos multimodales, los estudiantes bi/multilingües podrán expresar explicaciones para...
* detallar los procesos que se siguen al aprender
* representar sus emociones al resolver problemas
* compartir su pensamiento inicial sobre ideas o conceptos
* describir ciclos en diagramas, pasos en procedimientos o causas y efectos
* comparar y contrastar objetos o conceptos
* ofrecer ideas y sugerencias",English Language Arts,['1'],Standard
1e8605c7-a439-4a95-99c9-d4df2ed21d5d,DALE-CN.6-8.explicar.expresivo,"Por medio de su repertorio lingüístico y utilizando artefactos multimodales, los estudiantes bi/multilingües podrán expresar explicaciones para...
* presentar evidencia válida y confiable sobre fenómenos utilizando varias fuentes
* establecer posturas neutrales u objetivas al comunicar resultados
* mostrar relaciones entre variables en modelos o sistemas
* resumir evidencia e información compleja sobre fenómenos
* describir patrones complejos en datos
* establecer causas y consecuencias en sistemas y fenómenos naturales",English Language Arts,"['6', '7', '8']",Standard
9c313cb8-8265-4b85-bf69-fafd99a544b5,DALE-SA.K.informar.interpretativo,"Por medio de su repertorio lingüístico y utilizando artefactos multimodales, los estudiantes bi/multilingües podrán interpretar información para...
* identificar estrategias para localizar información
* determinar los mensajes mediante el uso de diferentes tecnologías
* ordenar objetos of conceptos
* distinguir características, patrones o comportamientos
* clasificar ideas
* comprender experiencias de aprendizaje",English Language Arts,['K'],Standard
e863fd13-37f0-4b79-88d3-85ce1b23d13a,DALE-MA.6-8.explicar.interpretativo,"Por medio de su repertorio lingüístico y utilizando artefactos multimodales, los estudiantes bi/multilingües podrán interpretar explicaciones para...
* determinar entidades o conceptos complejos
* reflexionar sobre el razonamiento y/o uso de estrategias, incluso las multiculturales, para resolver problemas
* evaluar modelos de relaciones matemáticas
* crear soluciones a problemas del mundo real y matemáticos
* conectar perspectivas equivalentes a situaciones y representaciones matemáticas",English Language Arts,"['6', '7', '8']",Standard
8007e404-561b-48b2-bdf5-0449286d616f,DALE-CN.2-3.argumentar.expresivo,"Por medio de su repertorio lingüístico y utilizando artefactos multimodales, los estudiantes bi/multilingües podrán expresar argumentos para...
* introducir temas o fenómenos relacionados al mundo natural y/o el artificial
* hacer afirmaciones apoyadas de evidencia relevante
* plantear tonos neutrales
* proponer relaciones lógicas entre el razonamiento, la evidencia y/o los datos en un modelo
* presentar conclusiones sobre observaciones o experimentos
* justificar la selección de instrumentos en investigaciones",English Language Arts,"['2', '3']",Standard
f71b585f-c988-40b1-893a-338a88ff68ff,DALE-CS.9-12.explicar.expresivo,"Por medio de su repertorio lingüístico y utilizando artefactos multimodales, los estudiantes bi/multilingües podrán expresar explicaciones para...
* contextualizar múltiples fenómenos o eventos
* establecer perspectivas en diferentes comunicaciones o documentos
* presentar información relevante para apoyar declaraciones precisas y sustentadas con evidencia de múltiples fuentes
* refutar la credibilidad, certeza y relevancia de fuentes a base de perspectivas de expertos
* reportar las causas directas e indirectas de eventos o acontecimientos globales
* interrogar el impacto de documentos o artefactos comunicativos según su entendimiento
de la sociedad",English Language Arts,"['9', '10', '11', '12']",Standard
4fde72ad-045b-48a1-ab5d-5dba00dc0e1b,,Palabra o Frase,English Language Arts,"['K', '1']",Other
28a32302-659b-485c-8600-fa5d75eb8fba,DALE-AL.K.explicar.interactivo,"Por medio de su repertorio lingüístico y utilizando artefactos
multimodales, los estudiantes bi/multilingües podrán interactuar con otros (personas y medios) sobre explicaciones para...
* escoger un tema para explorar
* precisar cómo funciona u ocurre algo
* compartir sus pensamientos
* conectar detalles
* dramatizar relaciones entre personajes y eventos
* comparar identidades lingüísticas y culturales",English Language Arts,['K'],Standard
0bcd4da4-32ed-472a-938c-4f84b099fc76,CD.K-1.PF.N4,"Hacia el final de cada nivel de desempeño lingüístico, con los apoyos apropiados, los estudiantes bi/multilingües podrán…Entender y demostrar cómo se crean mensajes precisos (orales, escritos y multimodales) a través de…Palabras y frases variadas, incluyendo algunas específicas al contexto y la disciplina.",English Language Arts,"['K', '1']",Other
6ba1905b-d7cc-11e8-824f-0242ac160002,4.NF.B.4.b,"Understand a multiple of $\frac{a}{b}$ as a multiple of $\frac{1}{b}$, and use this understanding to multiply a fraction by a whole number. *For example, use a visual fraction model to express $3 \times (\frac{2}{5})$ as $6 \times (\frac{1}{5})$, recognizing this product as $\frac{6}{5}$. (In general, $n \times (\frac{a}{b}) = \frac{(n \times a)}{b}$.)*",Mathematics,['4'],Standard
6b9b1433-d7cc-11e8-824f-0242ac160002,,Operations & Algebraic Thinking,Mathematics,['1'],Standard Grouping
6b9a80dc-d7cc-11e8-824f-0242ac160002,HSA-SSE.B,Write expressions in equivalent forms to solve problems,Mathematics,"['9', '10', '11', '12']",Standard Grouping
6b9d8424-d7cc-11e8-824f-0242ac160002,8.G.A.2,"Understand that a two-dimensional figure is congruent to another if the second can be obtained from the first by a sequence of rotations, reflections, and translations; given two congruent figures, describe a sequence that exhibits the congruence between them.",Mathematics,['8'],Standard
6b9f8f43-d7cc-11e8-824f-0242ac160002,HSA-REI.C.5,"Prove that, given a system of two equations in two variables, replacing one equation by the sum of that equation and a multiple of the other produces a system with the same solutions.",Mathematics,"['9', '10', '11', '12']",Standard
6b9b0bbe-d7cc-11e8-824f-0242ac160002,,Counting & Cardinality,Mathematics,['K'],Standard Grouping
6b9e7a98-d7cc-11e8-824f-0242ac160002,HSN-CN.A.3,(+) Find the conjugate of a complex number; use conjugates to find moduli and quotients of complex numbers.,Mathematics,"['9', '10', '11', '12']",Standard
6ba22e04-d7cc-11e8-824f-0242ac160002,7.SP.C.8.c,"Design and use a simulation to generate frequencies for compound events. *For example, use random digits as a simulation tool to approximate the answer to the question: If 40% of donors have type A blood, what is the probability that it will take at least 4 donors to find one with type A blood?*",Mathematics,['7'],Standard
6b9e34fb-d7cc-11e8-824f-0242ac160002,5.NBT.A.3,"Read, write, and compare decimals to thousandths.",Mathematics,['5'],Standard
6b9bb00d-d7cc-11e8-824f-0242ac160002,7.SP.A,Use random sampling to draw inferences about a population.,Mathematics,['7'],Standard Grouping
6b9bfea2-d7cc-11e8-824f-0242ac160002,4.G.A.1,"Draw points, lines, line segments, rays, angles (right, acute, obtuse), and perpendicular and parallel lines. Identify these in two-dimensional figures.",Mathematics,['4'],Standard
6b9e8364-d7cc-11e8-824f-0242ac160002,HSS-CP.A.3,"Understand the conditional probability of A given B as $\frac{P(A and B)}{P(B)}$, and interpret independence of A and B as saying that the conditional probability of A given B is the same as the probability of A, and the conditional probability of B given A is the same as the probability of B.",Mathematics,"['9', '10', '11', '12']",Standard
6ba16606-d7cc-11e8-824f-0242ac160002,HSF-LE.A.1.a,"Prove that linear functions grow by equal differences over equal intervals, and that exponential functions grow by equal factors over equal intervals.",Mathematics,"['9', '10', '11', '12']",Standard
6b9f97c6-d7cc-11e8-824f-0242ac160002,HSF-LE.B.5,Interpret the parameters in a linear or exponential function in terms of a context.,Mathematics,"['9', '10', '11', '12']",Standard
6b9c9637-d7cc-11e8-824f-0242ac160002,K.CC.A.1,Count to 100 by ones and by tens.,Mathematics,['K'],Standard
6b9ff914-d7cc-11e8-824f-0242ac160002,7.G.B.6,"Solve real-world and mathematical problems involving area, volume and surface area of two- and three-dimensional objects composed of triangles, quadrilaterals, polygons, cubes, and right prisms.",Mathematics,['7'],Standard
6ba237aa-d7cc-11e8-824f-0242ac160002,HSA-SSE.B.3.c,Use the properties of exponents to transform expressions for exponential functions. *For example the expression $1.15^{t}$ can be rewritten as ${(1.15^{\frac{1}{12}})}^{12t} \approx 1.012^{12t}$ to reveal the approximate equivalent monthly interest rate if the annual rate is 15%.*,Mathematics,"['9', '10', '11', '12']",Standard
6b9ddc4d-d7cc-11e8-824f-0242ac160002,,Grade 2,Mathematics,['2'],Standard Grouping
6b9aa5d8-d7cc-11e8-824f-0242ac160002,HSG-CO.A,Experiment with transformations in the plane,Mathematics,"['9', '10', '11', '12']",Standard Grouping
6b9da1fd-d7cc-11e8-824f-0242ac160002,HSG-C.A.2,"Identify and describe relationships among inscribed angles, radii, and chords.",Mathematics,"['9', '10', '11', '12']",Standard
6b9ecb67-d7cc-11e8-824f-0242ac160002,4.NBT.B.4,Fluently add and subtract multi-digit whole numbers using the standard algorithm.,Mathematics,['4'],Standard
6b9d484a-d7cc-11e8-824f-0242ac160002,4.MD.A.2,"Use the four operations to solve word problems involving distances, intervals of time, liquid volumes, masses of objects, and money, including problems involving simple fractions or decimals, and problems that require expressing measurements given in a larger unit in terms of a smaller unit. Represent measurement quantities using diagrams such as number line diagrams that feature a measurement scale.",Mathematics,['4'],Standard
36000f7e-5fa9-47d1-ab6a-9cf93dc0b336,6.MP1,Make sense of problems and persevere in solving them.,Mathematics,['6'],Standard
6b9f0c6f-d7cc-11e8-824f-0242ac160002,HSF-TF.A.4,(+) Use the unit circle to explain symmetry (odd and even) and periodicity of trigonometric functions.,Mathematics,"['9', '10', '11', '12']",Standard
6ba1ff7c-d7cc-11e8-824f-0242ac160002,1.NBT.B.2.c,"*Understand that the two digits of a two-digit number represent amounts of tens and ones. Understand the following as special cases:* the numbers 10, 20, 30, 40, 50, 60, 70, 80, 90 refer to one, two, three, four, five, six, seven, eight, or nine tens (and 0 ones).",Mathematics,['1'],Standard
6ba0f981-d7cc-11e8-824f-0242ac160002,HSN-VM.C.9,"(+) Understand that, unlike multiplication of numbers, matrix multiplication for square matrices is not a commutative operation, but still satisfies the associative and distributive properties.",Mathematics,"['9', '10', '11', '12']",Standard
6ba103ab-d7cc-11e8-824f-0242ac160002,2.NBT.A.1.a,"*Understand that the three digits of a three-digit number represent amounts of hundreds, tens, and ones; e.g., 706 equals 7 hundreds, 0 tens, and 6 ones. Understand the following as special cases:* 100 can be thought of as a bundle of ten tens — called a ""hundred.""",Mathematics,['2'],Standard
6b9cfef5-d7cc-11e8-824f-0242ac160002,5.G.B,Classify two-dimensional figures into categories based on their properties.,Mathematics,['5'],Standard Grouping
6ba017c6-d7cc-11e8-824f-0242ac160002,HSG-SRT.C.6,"Understand that by similarity, side ratios in right triangles are properties of the angles in the triangle, leading to definitions of trigonometric ratios for acute angles.",Mathematics,"['9', '10', '11', '12']",Standard
6b9c54a3-d7cc-11e8-824f-0242ac160002,HSA-CED.A.1,"Create equations and inequalities in one variable and use them to solve problems. Include equations arising from linear and quadratic functions, and simple rational and exponential functions.",Mathematics,"['9', '10', '11', '12']",Standard
ced70744-4824-4075-b820-690d760aea43,,Standards for Mathematical Practice: Kindergarten,Mathematics,['K'],
6b9a3dea-d7cc-11e8-824f-0242ac160002,,Seeing Structure in Expressions,Mathematics,"['9', '10', '11', '12']",Standard Grouping
0e2a3a6d-e495-4531-9784-aa77ad4c2510,HS.MP7,Look for and make use of structure.,Mathematics,"['9', '10', '11', '12']",Standard
bc372236-5406-4a40-bd11-8b88eb5ee9be,1.MP6,Attend to precision.,Mathematics,['1'],Standard
6b9d6fe1-d7cc-11e8-824f-0242ac160002,7.EE.A.2,"Understand that rewriting an expression in different forms in a problem context can shed light on the problem and how the quantities in it are related. *For example, $a + 0.05a = 1.05a$ means that ""increase by 5%"" is the same as ""multiply by 1.05.""*",Mathematics,['7'],Standard
6b9c1708-d7cc-11e8-824f-0242ac160002,5.NBT.A.1,"Recognize that in a multi-digit number, a digit in one place represents 10 times as much as it represents in the place to its right and $\frac{1}{10}$ of what it represents in the place to its left.",Mathematics,['5'],Standard
6b9c859b-d7cc-11e8-824f-0242ac160002,HSN-RN.A.1,"Explain how the definition of the meaning of rational exponents follows from extending the properties of integer exponents to those values, allowing for a notation for radicals in terms of rational exponents. *For example, we define $5^{\frac{1}{3}}$ to be the cube root of $5$ because we want $\left(5^{\frac{1}{3}}\right)^{3} = 5^{\left(\frac{1}{3}\right)3}$ to hold, so $\left(5^{\frac{1}{3}}\right)^{3}$ must equal $5$.",Mathematics,"['9', '10', '11', '12']",Standard
6b9f8362-d7cc-11e8-824f-0242ac160002,8.EE.B.5,"Graph proportional relationships, interpreting the unit rate as the slope of the graph. Compare two different proportional relationships represented in different ways. *For example, compare a distance-time graph to a distance-time equation to determine which of two moving objects has greater speed.*",Mathematics,['8'],Standard
6b9c342f-d7cc-11e8-824f-0242ac160002,7.G.A.1,"Solve problems involving scale drawings of geometric figures, including computing actual lengths and areas from a scale drawing and reproducing a scale drawing at a different scale.",Mathematics,['7'],Standard
6b9f0737-d7cc-11e8-824f-0242ac160002,HSF-IF.B.4,"For a function that models a relationship between two quantities, interpret key features of graphs and tables in terms of the quantities, and sketch graphs showing key features given a verbal description of the relationship.",Mathematics,"['9', '10', '11', '12']",Standard
6ba03dbb-d7cc-11e8-824f-0242ac160002,2.MD.C.7,"Tell and write time from analog and digital clocks to the nearest five minutes, using a.m. and p.m.",Mathematics,['2'],Standard
6b9ad623-d7cc-11e8-824f-0242ac160002,HSN-Q.A,Reason quantitatively and use units to solve problems.,Mathematics,"['9', '10', '11', '12']",Standard Grouping
6ba2703e-d7cc-11e8-824f-0242ac160002,7.NS.A.2.d,Convert a rational number to a decimal using long division; know that the decimal form of a rational number terminates in 0s or eventually repeats.,Mathematics,['7'],Standard
6ba02461-d7cc-11e8-824f-0242ac160002,HSS-IC.B.6,Evaluate reports based on data.,Mathematics,"['9', '10', '11', '12']",Standard
6b9c1d5d-d7cc-11e8-824f-0242ac160002,5.OA.A.1,"Use parentheses, brackets, or braces in numerical expressions, and evaluate expressions with these symbols.",Mathematics,['5'],Standard
6b9ff310-d7cc-11e8-824f-0242ac160002,6.EE.B.6,"Use variables to represent numbers and write expressions when solving a real-world or mathematical problem; understand that a variable can represent an unknown number, or, depending on the purpose at hand, any number in a specified set.",Mathematics,['6'],Standard
6b9bcf0f-d7cc-11e8-824f-0242ac160002,K.NBT.A,Work with numbers 11—19 to gain foundations for place value.,Mathematics,['K'],Standard Grouping
6b9a556b-d7cc-11e8-824f-0242ac160002,,Circles,Mathematics,"['9', '10', '11', '12']",Standard Grouping
6b9dd100-d7cc-11e8-824f-0242ac160002,K.OA.A.2,"Solve addition and subtraction word problems, and add and subtract within 10, e.g., by using objects or drawings to represent the problem.",Mathematics,['K'],Standard
6b9d59e4-d7cc-11e8-824f-0242ac160002,5.NBT.A.2,"Explain patterns in the number of zeros of the product when multiplying a number by powers of 10, and explain patterns in the placement of the decimal point when a decimal is multiplied or divided by a power of 10. Use whole-number exponents to denote powers of 10.",Mathematics,['5'],Standard
6b9a5c68-d7cc-11e8-824f-0242ac160002,,Modeling with Geometry,Mathematics,"['9', '10', '11', '12']",Standard Grouping
6ba1e7bb-d7cc-11e8-824f-0242ac160002,HSF-LE.A.1.b,Recognize situations in which one quantity changes at a constant rate per unit interval relative to another.,Mathematics,"['9', '10', '11', '12']",Standard
6b9cd178-d7cc-11e8-824f-0242ac160002,,Number & Operations in Base Ten,Mathematics,['1'],Standard Grouping
6ba18ab1-d7cc-11e8-824f-0242ac160002,4.MD.C.5.b,"*Recognize angles as geometric shapes that are formed wherever two rays share a common endpoint, and understand concepts of angle measurement:* an angle that turns through $n$ one-degree angles is said to have an angle measure of $n$ degrees.",Mathematics,['4'],Standard
6b9a951f-d7cc-11e8-824f-0242ac160002,HSF-LE.B,Interpret expressions for functions in terms of the situation they model,Mathematics,"['9', '10', '11', '12']",Standard Grouping
6b9ef36a-d7cc-11e8-824f-0242ac160002,8.F.B.4,"Construct a function to model a linear relationship between two quantities. Determine the rate of change and initial value of the function from a description of a relationship or from two (x, y) values, including reading these from a table or from a graph. Interpret the rate of change and initial value of a linear function in terms of the situation it models, and in terms of its graph or a table of values.",Mathematics,['8'],Standard
6b9d86d6-d7cc-11e8-824f-0242ac160002,8.NS.A.2,"Use rational approximations of irrational numbers to compare the size of irrational numbers, locate them approximately on a number line diagram, and estimate the value of expressions (e.g., ${\pi}^{2}$). *For example, by truncating the decimal expansion of $\sqrt{2}$, show that $\sqrt{2}$ is between 1 and 2, then between 1.4 and 1.5, and explain how to continue on to get better approximations.*",Mathematics,['8'],Standard
6ba1f961-d7cc-11e8-824f-0242ac160002,HSS-MD.B.5.b,"Evaluate and compare strategies on the basis of expected values. *For example, compare a high-deductible versus a low-deductible automobile insurance policy using various, but reasonable, chances of having a minor or a major accident.*",Mathematics,"['9', '10', '11', '12']",Standard
0eb54431-361c-4183-8c24-70b487e43073,HS.MP8,Look for and express regularity in repeated reasoning.,Mathematics,"['9', '10', '11', '12']",Standard
6b9d91e7-d7cc-11e8-824f-0242ac160002,HSA-REI.A.2,"Solve simple rational and radical equations in one variable, and give examples showing how extraneous solutions may arise.",Mathematics,"['9', '10', '11', '12']",Standard
6b9ef0eb-d7cc-11e8-824f-0242ac160002,8.EE.A.4,"Perform operations with numbers expressed in scientific notation, including problems where both decimal and scientific notation are used. Use scientific notation and choose units of appropriate size for measurements of very large or very small quantities (e.g., use millimeters per year for seafloor spreading). Interpret scientific notation that has been generated by technology.",Mathematics,['8'],Standard
6ba1eada-d7cc-11e8-824f-0242ac160002,HSG-SRT.A.1.b,*Verify experimentally the properties of dilations given by a center and a scale factor:* the dilation of a line segment is longer or shorter in the ratio given by the scale factor.,Mathematics,"['9', '10', '11', '12']",Standard
6ba0ccae-d7cc-11e8-824f-0242ac160002,HSN-VM.C.8,"(+) Add, subtract, and multiply matrices of appropriate dimensions.",Mathematics,"['9', '10', '11', '12']",Standard
6b9a9c95-d7cc-11e8-824f-0242ac160002,HSF-TF.C,Prove and apply trigonometric identities,Mathematics,"['9', '10', '11', '12']",Standard Grouping
6b9e9860-d7cc-11e8-824f-0242ac160002,,Geometry,Mathematics,"['9', '10', '11', '12']",Standard Grouping
6ba03a8f-d7cc-11e8-824f-0242ac160002,1.OA.D.7,"Understand the meaning of the equal sign, and determine if equations involving addition and subtraction are true or false. *For example, which of the following equations are true and which are false? 6 = 6, 7 = 8 - 1, 5 + 2 = 2 + 5, 4 + 1 = 5 + 2.*",Mathematics,['1'],Standard
6b9c6a73-d7cc-11e8-824f-0242ac160002,HSG-C.A.1,Prove that all circles are similar.,Mathematics,"['9', '10', '11', '12']",Standard
6b9c3d7d-d7cc-11e8-824f-0242ac160002,7.SP.A.1,Understand that statistics can be used to gain information about a population by examining a sample of the population; generalizations about a population from a sample are valid only if the sample is representative of that population. Understand that random sampling tends to produce representative samples and support valid inferences.,Mathematics,['7'],Standard
6b9ef861-d7cc-11e8-824f-0242ac160002,8.SP.A.4,"Understand that patterns of association can also be seen in bivariate categorical data by displaying frequencies and relative frequencies in a two-way table. Construct and interpret a two-way table summarizing data on two categorical variables collected from the same subjects. Use relative frequencies calculated for rows or columns to describe possible association between the two variables. *For example, collect data from students in your class on whether or not they have a curfew on school nights and whether or not they have assigned chores at home. Is there evidence that those who have a curfew also tend to have chores?*",Mathematics,['8'],Standard
6b9d73cd-d7cc-11e8-824f-0242ac160002,7.G.A.2,"Draw (freehand, with ruler and protractor, and with technology) geometric shapes with given conditions. Focus on constructing triangles from three measures of angles or sides, noticing when the conditions determine a unique triangle, more than one triangle, or no triangle.",Mathematics,['7'],Standard
6b9ebf9b-d7cc-11e8-824f-0242ac160002,2.NBT.A.4,"Compare two three-digit numbers based on meanings of the hundreds, tens, and ones digits, using >, =, and < symbols to record the results of comparisons.",Mathematics,['2'],Standard
6b9e9ad9-d7cc-11e8-824f-0242ac160002,,Measurement & Data,Mathematics,['K'],Standard Grouping
6ba24537-d7cc-11e8-824f-0242ac160002,HSF-LE.A.1.c,Recognize situations in which a quantity grows or decays by a constant percent rate per unit interval relative to another.,Mathematics,"['9', '10', '11', '12']",Standard
36efbbc0-b8fa-4608-b8f9-ef74b24c9c25,8.MP6,Attend to precision.,Mathematics,['8'],Standard
6ba0b1df-d7cc-11e8-824f-0242ac160002,8.EE.C.8,Analyze and solve pairs of simultaneous linear equations.,Mathematics,['8'],Standard
6b9f77af-d7cc-11e8-824f-0242ac160002,6.NS.C.5,"Understand that positive and negative numbers are used together to describe quantities having opposite directions or values (e.g., temperature above/below zero, elevation above/below sea level, credits/debits, positive/negative electric charge); use positive and negative numbers to represent quantities in real-world contexts, explaining the meaning of 0 in each situation.",Mathematics,['6'],Standard
6b9be86e-d7cc-11e8-824f-0242ac160002,2.NBT.A.1,"Understand that the three digits of a three-digit number represent amounts of hundreds, tens, and ones; e.g., 706 equals 7 hundreds, 0 tens, and 6 ones. Understand the following as special cases:",Mathematics,['2'],Standard
6b9dbb12-d7cc-11e8-824f-0242ac160002,HSN-VM.A.2,(+) Find the components of a vector by subtracting the coordinates of an initial point from the coordinates of a terminal point.,Mathematics,"['9', '10', '11', '12']",Standard
6ba12b02-d7cc-11e8-824f-0242ac160002,6.NS.C.6.a,"Recognize opposite signs of numbers as indicating locations on opposite sides of 0 on the number line; recognize that the opposite of the opposite of a number is the number itself, e.g., -(-3) = 3, and that 0 is its own opposite.",Mathematics,['6'],Standard
c1d376fb-8824-4089-8600-9b11944cf8d2,HS.MP6,Attend to precision.,Mathematics,"['9', '10', '11', '12']",Standard
6ba03728-d7cc-11e8-824f-0242ac160002,,Grade 6,Mathematics,['6'],Standard Grouping
590e8d5e-84cd-4b50-97f3-218568e51d61,HS.MP3,Construct viable arguments and critique the reasoning of others.,Mathematics,"['9', '10', '11', '12']",Standard
6b9d18e7-d7cc-11e8-824f-0242ac160002,8.F.B,Use functions to model relationships between quantities.,Mathematics,['8'],Standard Grouping
6ba25656-d7cc-11e8-824f-0242ac160002,3.MD.C.7.d,"Recognize area as additive. Find areas of rectilinear figures by decomposing them into non-overlapping rectangles and adding the areas of the non-overlapping parts, applying this technique to solve real world problems.",Mathematics,['3'],Standard
6b9f49a3-d7cc-11e8-824f-0242ac160002,,Statistics & Probability,Mathematics,['7'],Standard Grouping
6ba1cd94-d7cc-11e8-824f-0242ac160002,8.G.A.1.b,"*Verify experimentally the properties of rotations, reflections, and translations* angles are taken to angles of the same measure.",Mathematics,['8'],Standard
6ba07a82-d7cc-11e8-824f-0242ac160002,HSG-SRT.C.7,Explain and use the relationship between the sine and cosine of complementary angles.,Mathematics,"['9', '10', '11', '12']",Standard
6b9ca5d9-d7cc-11e8-824f-0242ac160002,2.MD.D.10,"Draw a picture graph and a bar graph (with single-unit scale) to represent a data set with up to four categories. Solve simple put-together, take-apart, and compare problems using information presented in a bar graph.",Mathematics,['2'],Standard
6ba0df6b-d7cc-11e8-824f-0242ac160002,2.NBT.B.9,"Explain why addition and subtraction strategies work, using place value and the properties of operations.",Mathematics,['2'],Standard
6b9a7708-d7cc-11e8-824f-0242ac160002,HSA-REI.B,Solve equations and inequalities in one variable,Mathematics,"['9', '10', '11', '12']",Standard Grouping
6b9bbfac-d7cc-11e8-824f-0242ac160002,8.SP.A,Investigate patterns of association in bivariate data.,Mathematics,['8'],Standard Grouping
6ba07db3-d7cc-11e8-824f-0242ac160002,HSN-CN.C.7,Solve quadratic equations with real coefficients that have complex solutions.,Mathematics,"['9', '10', '11', '12']",Standard
6b9e283e-d7cc-11e8-824f-0242ac160002,4.MD.A.3,"Apply the area and perimeter formulas for rectangles in real world and mathematical problems. *For example, find the width of a rectangular room given the area of the flooring and the length, by viewing the area formula as a multiplication equation with an unknown factor.*",Mathematics,['4'],Standard
6ba014b5-d7cc-11e8-824f-0242ac160002,HSG-GPE.B.6,Find the point on a directed line segment between two given points that partitions the segment in a given ratio.,Mathematics,"['9', '10', '11', '12']",Standard
7b025668-d9c1-40dc-99f9-8d58a2b647d5,3.MP4,Model with mathematics.,Mathematics,['3'],Standard
6ba02a8f-d7cc-11e8-824f-0242ac160002,HSS-MD.B.6,"(+) Use probabilities to make fair decisions (e.g., drawing by lots, using a random number generator).",Mathematics,"['9', '10', '11', '12']",Standard
6b9b22d9-d7cc-11e8-824f-0242ac160002,,Ratios & Proportional Relationships,Mathematics,['6'],Standard Grouping
6b9f7d68-d7cc-11e8-824f-0242ac160002,7.G.B.5,"Use facts about supplementary, complementary, vertical, and adjacent angles in a multi-step problem to write and solve simple equations for an unknown angle in a figure.",Mathematics,['7'],Standard
6ba176a2-d7cc-11e8-824f-0242ac160002,K.CC.B.4.a,"When counting objects, say the number names in the standard order, pairing each object with one and only one number name and each number name with one and only one object.",Mathematics,['K'],Standard
6b9c70b3-d7cc-11e8-824f-0242ac160002,HSG-GMD.A.1,"Give an informal argument for the formulas for the circumference of a circle, area of a circle, volume of a cylinder, pyramid, and cone.",Mathematics,"['9', '10', '11', '12']",Standard
03e2d01e-b2f6-11e9-9081-0242ac150005,MS-LS4-4,Construct an explanation based on evidence that describes how genetic variations of traits in a population increase some individuals’ probability of surviving and reproducing in a specific environment.,Science,"['6', '7', '8']",Standard
03e52e4a-b2f6-11e9-a31e-0242ac150005,,Middle School (6-8),Science,"['6', '7', '8']",Standard Grouping
03e3aaac-b2f6-11e9-acac-0242ac150005,PS4.B,Electromagnetic Radiation,Science,"['K', '1', '2', '3', '4', '5', '6', '7', '8', '9', '10', '11', '12']",Other
03e273c6-b2f6-11e9-81d2-0242ac150005,K-PS3,Energy,Science,['K'],Standard Grouping
03e279a2-b2f6-11e9-a43a-0242ac150005,K-LS1-1,Use observations to describe patterns of what plants and animals (including humans) need to survive.,Science,['K'],Standard
03e55e42-b2f6-11e9-baae-0242ac150005,,Science knowledge helps us know about the world.,Science,"['K', '1', '2']",Other
03e2880c-b2f6-11e9-b489-0242ac150005,2-LS2-1,Plan and conduct an investigation to determine if plants need sunlight and water to grow.,Science,['2'],Standard
03e54948-b2f6-11e9-9641-0242ac150005,,Crosscutting Concepts - Science is a Human Endeavor,Science,"['K', '1', '2', '3', '4', '5', '6', '7', '8', '9', '10', '11', '12']",
03e3e922-b2f6-11e9-953b-0242ac150005,,"Species become extinct because they can no longer survive and reproduce in their altered environment. If members cannot adjust to change that is too fast or drastic, the opportunity for the species’ evolution is lost.",Science,"['9', '10', '11', '12']",Standard
03e566c6-b2f6-11e9-a282-0242ac150005,,"Men and women from different social, cultural, and ethnic backgrounds work as scientists and engineers.",Science,"['6', '7', '8']",Other
03e388a6-b2f6-11e9-a53b-0242ac150005,,"Electric and magnetic forces between a pair of objects do not require that the objects be in contact. The sizes of the forces in each situation depend on the properties of the objects and their distances apart and, for forces between two magnets, on their orientation relative to each other.",Science,"['3', '4', '5']",Standard
03e501c2-b2f6-11e9-8ab1-0242ac150005,,Elementary School (3-5),Science,"['3', '4', '5']",Standard Grouping
03e3ab4c-b2f6-11e9-bc24-0242ac150005,,"Some materials allow light to pass through them, others allow only some light through and others block all the light and create a dark shadow on any surface beyond them, where the light cannot reach. Mirrors can be used to redirect a light beam. (Boundary: The idea that light travels from place to place is developed through experiences with light sources, mirrors, and shadows, but no attempt is made to discuss the speed of light.)",Science,"['K', '1', '2']",Standard
03e43300-b2f6-11e9-ac4d-0242ac150005,,Patterns can be used as evidence to support an explanation.,Science,"['3', '4', '5']",Standard
03e4bf82-b2f6-11e9-9248-0242ac150005,,"Science investigations use a variety of methods, tools, and techniques.",Science,"['3', '4', '5']",Other
03e32c44-b2f6-11e9-b343-0242ac150005,,Apply scientific ideas to solve design problems.,Science,"['3', '4', '5']",Standard
03e43e7c-b2f6-11e9-837d-0242ac150005,,Elementary School (3-5),Science,"['3', '4', '5']",Standard Grouping
03e2c51a-b2f6-11e9-9e2a-0242ac150005,MS-LS1,From Molecules to Organisms: Structures and Processes,Science,"['6', '7', '8']",Standard Grouping
03e28a32-b2f6-11e9-8a85-0242ac150005,2-LS4-1,Make observations of plants and animals to compare the diversity of life in different habitats.,Science,['2'],Standard
03e3f6ba-b2f6-11e9-804b-0242ac150005,,"Kepler’s laws describe common features of the motions of orbiting objects, including their elliptical paths around the sun. Orbits may change due to the gravitational effects from, or collisions with, other objects in the solar system.",Science,"['9', '10', '11', '12']",Standard
03e3d144-b2f6-11e9-93aa-0242ac150005,,Biodiversity describes the variety of species found in Earth’s terrestrial and oceanic ecosystems. The completeness or integrity of an ecosystem’s biodiversity is often used as a measure of its health.,Science,"['6', '7', '8']",Standard
03e294dc-b2f6-11e9-9918-0242ac150005,3-LS3-1,Analyze and interpret data to provide evidence that plants and animals have traits inherited from parents and that variation of these traits exists in a group of similar organisms.,Science,['3'],Standard
03e3e77e-b2f6-11e9-af20-0242ac150005,,"Natural selection leads to adaptation, that is, to a population dominated by organisms that are anatomically, behaviorally, and physiologically well suited to survive and reproduce in a specific environment. That is, the differential survival and reproduction of organisms in a population that have an advantageous heritable trait leads to an increase in the proportion of individuals in future generations that have the trait and to a decrease in the proportion of individuals that do not.",Science,"['9', '10', '11', '12']",Standard
03e2e702-b2f6-11e9-abaa-0242ac150005,HS-PS2-3,"Apply science and engineering ideas to design, evaluate, and refine a device that minimizes the force on a macroscopic object during a collision.",Science,"['9', '10', '11', '12']",Standard
03e3c71c-b2f6-11e9-8a26-0242ac150005,,Plants depend on water and light to grow.,Science,"['K', '1', '2']",Standard
03e2e02c-b2f6-11e9-84e7-0242ac150005,HS-PS1-1,Use the periodic table as a model to predict the relative properties of elements based on the patterns of electrons in the outermost energy level of atoms.,Science,"['9', '10', '11', '12']",Standard
03e3b0ce-b2f6-11e9-b2e9-0242ac150005,,People also use a variety of devices to communicate (send and receive information) over long distances.,Science,"['K', '1', '2']",Standard
03e40646-b2f6-11e9-91d2-0242ac150005,,"Water continually cycles among land, ocean, and atmosphere via transpiration, evaporation, condensation and crystallization, and precipitation, as well as downhill flows on land.",Science,"['6', '7', '8']",Standard
03e481fc-b2f6-11e9-980b-0242ac150005,,"Communicate scientific and/or technical information orally and/or in written formats, including various forms of media and may include tables, diagrams, and charts.",Science,"['3', '4', '5']",Standard
03e39b3e-b2f6-11e9-b28f-0242ac150005,,A bigger push or pull makes things speed up or slow down more quickly.,Science,"['K', '1', '2']",Standard
03e3a372-b2f6-11e9-854f-0242ac150005,,Solar cells are human-made devices that likewise capture the sun’s energy and produce electrical energy.,Science,"['9', '10', '11', '12']",Standard
03e53944-b2f6-11e9-8384-0242ac150005,,Elementary School (3-5),Science,"['3', '4', '5']",Standard Grouping
03e53be2-b2f6-11e9-8f76-0242ac150005,,Middle School (6-8),Science,"['6', '7', '8']",Standard Grouping
03e38c20-b2f6-11e9-a636-0242ac150005,,"Forces at a distance are explained by fields (gravitational, electric, and magnetic) permeating space that can transfer energy through space. Magnets or electric currents cause magnetic fields; electric charges or changing magnetic fields cause electric fields.",Science,"['9', '10', '11', '12']",Standard
03e5024e-b2f6-11e9-aa34-0242ac150005,,Middle School (6-8),Science,"['6', '7', '8']",Standard Grouping
03e49cfa-b2f6-11e9-913d-0242ac150005,,Middle School (6-8),Science,"['6', '7', '8']",Standard Grouping
03e3316c-b2f6-11e9-b1e8-0242ac150005,,"Undertake a design project, engaging in the design cycle, to construct and/or implement a solution that meets specific design criteria and constraints.",Science,"['6', '7', '8']",Standard
03e30d22-b2f6-11e9-9156-0242ac150005,HS-ETS1,Engineering Design,Science,"['9', '10', '11', '12']",Standard Grouping
03e40d1c-b2f6-11e9-88d0-0242ac150005,,"The foundation for Earth’s global climate systems is the electromagnetic radiation from the sun, as well as its reflection, absorption, storage, and redistribution among the atmosphere, ocean, and land systems, and this energy’s re-radiation into space.",Science,"['9', '10', '11', '12']",Standard
03e3ac82-b2f6-11e9-bcc9-0242ac150005,,"When light shines on an object, it is reflected, absorbed, or transmitted through the object, depending on the object’s material and the frequency (color) of the light.",Science,"['6', '7', '8']",Standard
03e2d85c-b2f6-11e9-bc66-0242ac150005,MS-ESS2-6,Develop and use a model to describe how unequal heating and rotation of the Earth cause patterns of atmospheric and oceanic circulation that determine regional climates.,Science,"['6', '7', '8']",Standard
03e4b848-b2f6-11e9-9949-0242ac150005,,Science and technology support each other.,Science,"['3', '4', '5']",Other
03e454ca-b2f6-11e9-b4a6-0242ac150005,,Engineering advances have led to important discoveries in virtually every field of science and scientific discoveries have led to the development of entire industries and engineered systems.,Science,"['6', '7', '8']",Other
03e4ceb4-b2f6-11e9-96aa-0242ac150005,,Science disciplines share common rules of evidence used to evaluate explanations about natural systems.,Science,"['9', '10', '11', '12']",Other
03e56a86-b2f6-11e9-9d31-0242ac150005,,Science limits its explanations to systems that lend themselves to observation and empirical evidence.,Science,"['6', '7', '8']",Other
03e373b6-b2f6-11e9-8caf-0242ac150005,,Each pure substance has characteristic physical and chemical properties (for any bulk quantity under given conditions) that can be used to identify it.,Science,"['6', '7', '8']",Standard
03e41910-b2f6-11e9-ac31-0242ac150005,,"Things that people do to live comfortably can affect the world around them. But they can make choices that reduce their impacts on the land, water, air, and other living things.",Science,"['K', '1', '2']",Standard
03e4af10-b2f6-11e9-962f-0242ac150005,,Feedback (negative or positive) can stabilize or destabilize a system.,Science,"['9', '10', '11', '12']",Standard
03e53a52-b2f6-11e9-8233-0242ac150005,,High School (9-12),Science,"['9', '10', '11', '12']",Standard Grouping
03e520ee-b2f6-11e9-a2a4-0242ac150005,,Elementary School (3-5),Science,"['3', '4', '5']",Standard Grouping
03e50492-b2f6-11e9-807e-0242ac150005,,Middle School (6-8),Science,"['6', '7', '8']",Standard Grouping
03e4f42a-b2f6-11e9-a391-0242ac150005,,Middle School (6-8),Science,"['6', '7', '8']",Standard Grouping
03e2c6aa-b2f6-11e9-b53c-0242ac150005,MS-LS1-4,Use argument based on empirical evidence and scientific reasoning to support an explanation for how characteristic animal behaviors and specialized plant structures affect the probability of successful reproduction of animals and plants respectively.,Science,"['6', '7', '8']",Standard
03e30732-b2f6-11e9-b555-0242ac150005,HS-ESS2-5,Plan and conduct an investigation of the properties of water and its effects on Earth materials and surface processes.,Science,"['9', '10', '11', '12']",Standard
03e37fd2-b2f6-11e9-97c5-0242ac150005,PS1.C,Nuclear Processes,Science,"['9', '10', '11', '12']",Other
03e3820c-b2f6-11e9-a86e-0242ac150005,,Pushing or pulling on an object can change the speed or direction of its motion and can start or stop it.,Science,"['K', '1', '2']",Standard
03e5687e-b2f6-11e9-978f-0242ac150005,,Science assumes consistent patterns in natural systems.,Science,"['3', '4', '5']",Other
03e53ad4-b2f6-11e9-96f6-0242ac150005,,Primary School (K-2),Science,"['K', '1', '2']",Standard Grouping
03e2f134-b2f6-11e9-992e-0242ac150005,HS-LS1-3,Plan and conduct an investigation to provide evidence that feedback mechanisms maintain homeostasis.,Science,"['9', '10', '11', '12']",Standard
03e4cafe-b2f6-11e9-804d-0242ac150005,,Science knowledge is based upon logical and conceptual connections between evidence and explanations.,Science,"['6', '7', '8']",Other
03e4fcf4-b2f6-11e9-9c82-0242ac150005,,Elementary School (3-5),Science,"['3', '4', '5']",Standard Grouping
03e3652e-b2f6-11e9-9611-0242ac150005,,Decide if qualitative or quantitative data are best to determine whether a proposed object or tool meets criteria for success.,Science,"['3', '4', '5']",Standard
03e49066-b2f6-11e9-b999-0242ac150005,,"The significance of a phenomenon is dependent on the scale, proportion, and quantity at which it occurs.",Science,"['9', '10', '11', '12']",Standard
03e4bc80-b2f6-11e9-8b65-0242ac150005,,Practices - Scientific Investigations Use a Variety of Methods,Science,"['K', '1', '2', '3', '4', '5', '6', '7', '8', '9', '10', '11', '12']",
03e379f6-b2f6-11e9-98a3-0242ac150005,PS1.B,Chemical Reactions,Science,"['K', '1', '2', '3', '4', '5', '6', '7', '8', '9', '10', '11', '12']",Other
03e55758-b2f6-11e9-97d1-0242ac150005,,"Science and technology may raise ethical issues for which science, by itself, does not provide answers and solutions.",Science,"['9', '10', '11', '12']",Other
03e281c2-b2f6-11e9-b12d-0242ac150005,1-LS3-1,"Make observations to construct an evidence-based account that young plants and animals are like, but not exactly like, their parents.",Science,['1'],Standard
03e2a0c6-b2f6-11e9-8262-0242ac150005,4-PS4-2,Develop a model to describe that light reflecting from objects and entering the eye allows objects to be seen.,Science,['4'],Standard
03e39152-b2f6-11e9-8df6-0242ac150005,,"Temperature is not a measure of energy; the relationship between the temperature and the total energy of a system depends on the types, states, and amounts of matter present.",Science,"['6', '7', '8']",Standard
03e282e4-b2f6-11e9-9350-0242ac150005,1-ESS1-1,"Use observations of the sun, moon, and stars to describe patterns that can be predicted.",Science,['1'],Standard
03e3d252-b2f6-11e9-b841-0242ac150005,,"Moreover, anthropogenic changes (induced by human activity) in the environment—including habitat destruction, pollution, introduction of invasive species, overexploitation, and climate change—can disrupt an ecosystem and threaten the survival of some species.",Science,"['9', '10', '11', '12']",Standard
03e2c95c-b2f6-11e9-85e2-0242ac150005,MS-LS2-1,Analyze and interpret data to provide evidence for the effects of resource availability on organisms and populations of organisms in an ecosystem.,Science,"['6', '7', '8']",Standard
03e4ce14-b2f6-11e9-a129-0242ac150005,,Science knowledge is based on empirical evidence.,Science,"['9', '10', '11', '12']",Other
03e4fd8a-b2f6-11e9-898e-0242ac150005,,Middle School (6-8),Science,"['6', '7', '8']",Standard Grouping
03e35cc8-b2f6-11e9-b002-0242ac150005,,Make predictions about what would happen if a variable changes.,Science,"['3', '4', '5']",Standard
03e2955e-b2f6-11e9-bc39-0242ac150005,3-LS3,Heredity: Inheritance and Variation of Traits,Science,['3'],Standard Grouping
03e562e8-b2f6-11e9-bc8e-0242ac150005,,"Science distinguishes itself from other ways of knowing through use of empirical standards, logical arguments, and skeptical review.",Science,"['9', '10', '11', '12']",Other
03e2f3e6-b2f6-11e9-830b-0242ac150005,HS-LS2-1,Use mathematical and/or computational representations to support explanations of factors that affect carrying capacity of ecosystems at different scales.,Science,"['9', '10', '11', '12']",Standard
03e556cc-b2f6-11e9-8540-0242ac150005,,High School (9-12),Science,"['9', '10', '11', '12']",Standard Grouping
03e3d57c-b2f6-11e9-a226-0242ac150005,LS3.A,Inheritance of Traits,Science,"['K', '1', '2', '3', '4', '5', '6', '7', '8', '9', '10', '11', '12']",Other
03e470cc-b2f6-11e9-8d0a-0242ac150005,,Analyze data from tests of an object or tool to determine if it works as intended.,Science,"['K', '1', '2']",Standard
03e2d3de-b2f6-11e9-a091-0242ac150005,MS-ESS1-3,Analyze and interpret data to determine scale properties of objects in the solar system.,Science,"['6', '7', '8']",Standard
03e35b2e-b2f6-11e9-b3b8-0242ac150005,,Planning and Carrying Out Investigations,Science,"['K', '1', '2', '3', '4', '5', '6', '7', '8', '9', '10', '11', '12']",Standard
03e2df1e-b2f6-11e9-b743-0242ac150005,MS-ETS1-4,"Develop a model to generate data for iterative testing and modification of a proposed object, tool, or process such that an optimal design can be achieved.",Science,"['6', '7', '8']",Standard
03e45600-b2f6-11e9-b2ab-0242ac150005,,"Science and engineering complement each other in the cycle known as research and development (R&D). Many R&D projects may involve scientists, engineers, and others with wide ranges of expertise.",Science,"['9', '10', '11', '12']",Other
03e505a0-b2f6-11e9-b482-0242ac150005,,Primary School (K-2),Science,"['K', '1', '2']",Standard Grouping
03e31d94-b2f6-11e9-a934-0242ac150005,,Primary School (K-2),Science,"['K', '1', '2']",Standard Grouping
03e46afa-b2f6-11e9-a16a-0242ac150005,,"Develop and/or use a model (including mathematical and computational) to generate data to support explanations, predict phenomena, analyze systems, and/or solve problems.",Science,"['9', '10', '11', '12']",Standard
03e3c604-b2f6-11e9-ade5-0242ac150005,,"Different sense receptors are specialized for particular kinds of information, which may be then processed by the animal’s brain. Animals are able to use their perceptions and memories to guide their actions.",Science,"['3', '4', '5']",Standard
03e4298c-b2f6-11e9-81c0-0242ac150005,,"Because there is always more than one possible solution to a problem, it is useful to compare and test designs.",Science,"['K', '1', '2']",Standard
03e51d9c-b2f6-11e9-aa9e-0242ac150005,PS4,Waves and Their Applications in Technologies for Information Transfer,Science,"['K', '1', '2', '3', '4', '5', '6', '7', '8', '9', '10', '11', '12']",Standard Grouping
03e32456-b2f6-11e9-9a45-0242ac150005,,"Ask questions that arise from careful observation of phenomena, or unexpected results, to clarify and/or seek additional information.",Science,"['9', '10', '11', '12']",Standard
03e5535c-b2f6-11e9-bb78-0242ac150005,,Science assumes the universe is a vast single system in which basic laws are consistent.,Science,"['9', '10', '11', '12']",Other
03e30a84-b2f6-11e9-9ebd-0242ac150005,HS-ESS3-3,"Create a computational simulation to illustrate the relationships among the management of natural resources, the sustainability of human populations, and biodiversity.",Science,"['9', '10', '11', '12']",Standard
03e56752-b2f6-11e9-9dd1-0242ac150005,,"Scientists and engineers rely on human qualities such as persistence, precision, reasoning, logic, imagination and creativity.",Science,"['6', '7', '8']",Other
03e466ae-b2f6-11e9-84f9-0242ac150005,,Middle School (6-8),Science,"['6', '7', '8']",Standard Grouping
03e4ef8e-b2f6-11e9-98bb-0242ac150005,,High School (9-12),Science,"['9', '10', '11', '12']",Standard Grouping
03e2adfa-b2f6-11e9-9e5d-0242ac150005,5-LS1,From Molecules to Organisms: Structures and Processes,Science,['5'],Standard Grouping
03e3c410-b2f6-11e9-bbdf-0242ac150005,,Animals have body parts that capture and convey different kinds of information needed for growth and survival. Animals respond to these inputs with behaviors that help them survive. Plants also respond to some external inputs.,Science,"['K', '1', '2']",Standard
03e4a358-b2f6-11e9-91c2-0242ac150005,,The shape and stability of structures of natural and designed objects are related to their function(s).,Science,"['K', '1', '2']",Standard
6b37502e-d7cc-11e8-824f-0242ac160002,SL.5.2,"Summarize a written text read aloud or information presented in diverse media and formats, including visually, quantitatively, and orally.",English Language Arts,['5'],Standard
6b975569-d7cc-11e8-824f-0242ac160002,L.K.4.b,"Use the most frequently occurring inflections and affixes (e.g., -ed, -s, re-, un-, pre-, -ful, -less) as a clue to the meaning of an unknown word.",English Language Arts,['K'],Standard
6b34886c-d7cc-11e8-824f-0242ac160002,RST.9-10.7,"Translate quantitative or technical information expressed in words in a text into visual form (e.g., a table or chart) and translate information expressed visually or mathematically (e.g., in an equation) into words.",English Language Arts,"['9', '10']",Standard
6b968f35-d7cc-11e8-824f-0242ac160002,W.4.3.a,Orient the reader by establishing a situationand introducing a narrator and/or characters; organize an event sequence that unfolds naturally.,English Language Arts,['4'],Standard
6b39aa1b-d7cc-11e8-824f-0242ac160002,,Writing Standards,English Language Arts,['4'],Standard Grouping
6b990433-d7cc-11e8-824f-0242ac160002,L.K.5.d,"Distinguish shades of meaning among verbs describing the same general action (e.g., walk, march, strut, prance) by acting out the meanings.",English Language Arts,['K'],Standard
6b3a0c40-d7cc-11e8-824f-0242ac160002,RF.5.4,Read with sufficient accuracy and fluency to support comprehension.,English Language Arts,['5'],Standard
6b341e9e-d7cc-11e8-824f-0242ac160002,RL.6.1,Cite textual evidence to support analysis of what the text says explicitly as well as inferences drawn from the text.,English Language Arts,['6'],Standard
6b97d22e-d7cc-11e8-824f-0242ac160002,W.9-10.9.b,"Apply grades 9—10 Reading standards to literary nonfiction (e.g., ""Delineate and evaluate the argument and specific claims in a text, assessing whether the reasoning is valid and the evidence is relevant and sufficient; identify false statements and fallacious reasoning"").",English Language Arts,"['9', '10']",Standard
6b3765fa-d7cc-11e8-824f-0242ac160002,SL.K.2,Confirm understanding of a text read aloud or information presented orally or through other media by asking and answering questions about key details and requesting clarification if something is not understood.,English Language Arts,['K'],Standard
6b993cc8-d7cc-11e8-824f-0242ac160002,W.4.3.d,Use concrete words and phrases and sensory details to convey experiences and events precisely.,English Language Arts,['4'],Standard
4e75dfd4-5f35-41bf-b0af-a5b33f509013,,Production and Distribution of Writing,English Language Arts,['8'],Standard Grouping
6b30d9c7-d7cc-11e8-824f-0242ac160002,,Range of Writing,English Language Arts,"['K', '1', '2', '3', '4', '5', '6', '7', '8', '9', '10', '11', '12']",Standard Grouping
6b383440-d7cc-11e8-824f-0242ac160002,,Reading Standards: Foundational Skills,English Language Arts,['4'],Standard Grouping
6b97b4f2-d7cc-11e8-824f-0242ac160002,W.6.9.b,"Apply grade 6 Reading standards to literary nonfiction (e.g., ""Trace and evaluate the argument and specific claims in a text, distinguishing claims that are supported by reasons and evidence from claims that are not"").",English Language Arts,['6'],Standard
6b3503ff-d7cc-11e8-824f-0242ac160002,W.4.10,"Write routinely over extended time frames (time for research, reflection, and revision) and shorter time frames (a single sitting or a day or two) for a range of discipline-specific tasks, purposes, and audiences.",English Language Arts,['4'],Standard
6b36d111-d7cc-11e8-824f-0242ac160002,RI.6.5,"Analyze how a particular sentence, paragraph, chapter, or section fits into the overall structure of a text and contributes to the development of the ideas.",English Language Arts,['6'],Standard
6b355e1c-d7cc-11e8-824f-0242ac160002,W.K.5,"With guidance and support from adults, respond to questions and suggestions from peers and add details to strengthen writing as needed.",English Language Arts,['K'],Standard
6b30fdec-d7cc-11e8-824f-0242ac160002,,Integration of Knowledge and Ideas,English Language Arts,['4'],Standard Grouping
69fafe8f-c81c-4e5c-a695-89b715f4ace1,RST.6-8.9,"Compare and contrast the information gained from experiments, simulations, video, or multimedia sources with that gained from reading a text on the same topic.",English Language Arts,['8'],Standard
6b38003d-d7cc-11e8-824f-0242ac160002,,Grade 1,English Language Arts,['1'],Standard Grouping
6b30de36-d7cc-11e8-824f-0242ac160002,,Presentation of Knowledge and Ideas,English Language Arts,"['K', '1', '2', '3', '4', '5', '6', '7', '8', '9', '10', '11', '12']",Standard Grouping
6b340798-d7cc-11e8-824f-0242ac160002,RL.4.1,Refer to details and examples in a text when explaining what the text says explicitly and when drawing inferences from the text.,English Language Arts,['4'],Standard
6b34c2a7-d7cc-11e8-824f-0242ac160002,SL.8.4,"Present claims and findings, emphasizing salient points in a focused, coherent manner with relevant evidence, sound valid reasoning, and well-chosen details; use appropriate eye contact, adequate volume, and clear pronunciation.",English Language Arts,['8'],Standard
6b321d05-d7cc-11e8-824f-0242ac160002,,Comprehension and Collaboration,English Language Arts,['5'],Standard Grouping
6b993f79-d7cc-11e8-824f-0242ac160002,W.5.1.d,Provide a concluding statement or section related to the opinion presented.,English Language Arts,['5'],Standard
6b38d46b-d7cc-11e8-824f-0242ac160002,RL.8.6,"Analyze how differences in the points of view of the characters and the audience or reader (e.g., created through the use of dramatic irony) create such effects as suspense or humor.",English Language Arts,['8'],Standard
6b3a36e2-d7cc-11e8-824f-0242ac160002,,Language Standards,English Language Arts,['6'],Standard Grouping
6b34e9c2-d7cc-11e8-824f-0242ac160002,W.2.7,"Participate in shared research and writing projects (e.g., read a number of books on a single topic to produce a report; record science observations).",English Language Arts,['2'],Standard
6b993a24-d7cc-11e8-824f-0242ac160002,W.4.2.d,Use precise language and domain-specific vocabulary to inform about or explain the topic.,English Language Arts,['4'],Standard
6b98fb24-d7cc-11e8-824f-0242ac160002,L.8.4.d,"Verify the preliminary determination of the meaning of a word or phrase (e.g., by checking the inferred meaning in context or in a dictionary).",English Language Arts,['8'],Standard
6b366ae2-d7cc-11e8-824f-0242ac160002,L.3.2,"Demonstrate command of the conventions of standard English capitalization, punctuation, and spelling when writing.",English Language Arts,['3'],Standard
6b360b47-d7cc-11e8-824f-0242ac160002,,Craft and Structure,English Language Arts,['K'],Standard Grouping
6b3a7d04-d7cc-11e8-824f-0242ac160002,CCRA.L.6,"Acquire and use accurately a range of general academic and domain-specific words and phrases sufficient for reading, writing, speaking, and listening at the college and career readiness level; demonstrate independence in gathering vocabulary knowledge when considering a word or phrase important to comprehension or expression.",English Language Arts,"['6', '7', '8', '9', '10', '11', '12']",Standard
6b32311f-d7cc-11e8-824f-0242ac160002,,Vocabulary Acquisition and Use,English Language Arts,['7'],Standard Grouping
6b380dd9-d7cc-11e8-824f-0242ac160002,,Integration of Knowledge and Ideas,English Language Arts,['K'],Standard Grouping
6b3412f5-d7cc-11e8-824f-0242ac160002,RL.5.1,Quote accurately from a text when explaining what the text says explicitly and when drawing inferences from the text.,English Language Arts,['5'],Standard
6b38be9a-d7cc-11e8-824f-0242ac160002,RL.3.6,Distinguish their own point of view from that of the narrator or those of the characters.,English Language Arts,['3'],Standard
6b3980d8-d7cc-11e8-824f-0242ac160002,RL.11-12.3,"Analyze the impact of the author's choices regarding how to develop and relate elements of a story or drama (e.g., where a story is set, how the action is ordered, how the characters are introduced and developed).",English Language Arts,"['11', '12']",Standard
6b325896-d7cc-11e8-824f-0242ac160002,,Vocabulary Acquisition and Use,English Language Arts,['1'],Standard Grouping
6b9984af-d7cc-11e8-824f-0242ac160002,L.2.4.e,"Use glossaries and beginning dictionaries, both print and digital, to determine or clarify the meaning of words and phrases.",English Language Arts,['2'],Standard
6b39ba8a-d7cc-11e8-824f-0242ac160002,,Range of Writing,English Language Arts,"['9', '10']",Standard Grouping
6b315d6d-d7cc-11e8-824f-0242ac160002,,Craft and Structure,English Language Arts,['6'],Standard Grouping
6b32965c-d7cc-11e8-824f-0242ac160002,,Key Ideas and Details,English Language Arts,['K'],Standard Grouping
6b35e5d4-d7cc-11e8-824f-0242ac160002,CCRA.R.10,Read and comprehend complex literary and informational texts independently and proficiently.,English Language Arts,"['K', '1', '2', '3', '4', '5', '6', '7', '8', '9', '10', '11', '12']",Standard
6b33128d-d7cc-11e8-824f-0242ac160002,L.4.3,"Use knowledge of language and its conventions when writing, speaking, reading, or listening.",English Language Arts,['4'],Standard
6b3658ab-d7cc-11e8-824f-0242ac160002,,Reading Standards for Informational Text,English Language Arts,['7'],Standard Grouping
7d56280a-f05e-46ef-a94c-b2f0630577ad,,Craft and Structure,English Language Arts,['8'],Standard Grouping
6b31d4f3-d7cc-11e8-824f-0242ac160002,,Range of Writing,English Language Arts,"['9', '10']",Standard Grouping
6b369207-d7cc-11e8-824f-0242ac160002,L.K.5,"With guidance and support from adults, explore word relationships and nuances in word meanings.",English Language Arts,['K'],Standard
6b95dfd5-d7cc-11e8-824f-0242ac160002,L.K.4.a,"Identify new meanings for familiar words and apply them accurately (e.g., knowing duck is a bird and learning the verb to duck).",English Language Arts,['K'],Standard
6b35362c-d7cc-11e8-824f-0242ac160002,W.7.4,"Produce clear and coherent writing in which the development, organization, and style are appropriate to task, purpose, and audience.",English Language Arts,['7'],Standard
364adde5-dea3-48ef-9627-aca1c5a6102c,RST.6-8.8,"Distinguish among facts, reasoned judgment based on research findings, and speculation in a text.",English Language Arts,['6'],Standard
6b310a59-d7cc-11e8-824f-0242ac160002,,Range of Reading and Level of Text Complexity,English Language Arts,['5'],Standard Grouping
6b368247-d7cc-11e8-824f-0242ac160002,L.7.2,"Demonstrate command of the conventions of standard English capitalization, punctuation, and spelling when writing.",English Language Arts,['7'],Standard
6b96c6d5-d7cc-11e8-824f-0242ac160002,W.9-10.9.a,"Apply grades 9—10 Reading standards to literature (e.g., ""Analyze how an author draws on and transforms source material in a specific work [e.g., how Shakespeare treats a theme or topic from Ovid or the Bible or how a later author draws on a play by Shakespeare]"").",English Language Arts,"['9', '10']",Standard
d846665e-05e7-4ab5-a999-a33f831890c8,,Production and Distribution of Writing,English Language Arts,['7'],Standard Grouping
6b991259-d7cc-11e8-824f-0242ac160002,RF.K.2.d,"Isolate and pronounce the initial, medial vowel, and final sounds (phonemes) in three-phoneme (consonent-vowel-consonent, or CVC) words. (This does not include CVCs ending with /l/, /r/, or /x/.)",English Language Arts,['K'],Standard
6b38ee52-d7cc-11e8-824f-0242ac160002,SL.1.3,Ask and answer questions about what a speaker says in order to gather additional information or clarify something that is not understood.,English Language Arts,['1'],Standard
6b991012-d7cc-11e8-824f-0242ac160002,RF.K.1.d,Recognize and name all upper- and lowercase letters of the alphabet.,English Language Arts,['K'],Standard
6b31c9f7-d7cc-11e8-824f-0242ac160002,,Range of Writing,English Language Arts,['8'],Standard Grouping
b7fee5f7-4478-4e9b-be54-00139be4cac6,,Craft and Structure,English Language Arts,['8'],Standard Grouping
6b384659-d7cc-11e8-824f-0242ac160002,,Research to Build and Present Knowledge,English Language Arts,"['9', '10']",Standard Grouping
6b3a4c89-d7cc-11e8-824f-0242ac160002,CCRA.W.5,"Develop and strengthen writing as needed by planning, revising, editing, rewriting, or trying a new approach.",English Language Arts,"['K', '1', '2', '3', '4', '5', '6', '7', '8', '9', '10', '11', '12']",Standard
6b956433-d7cc-11e8-824f-0242ac160002,L.7.2.a,"Use a comma to separate coordinate adjectives (e.g., It was a fascinating, enjoyable movie but not He wore an old[,] green shirt).",English Language Arts,['7'],Standard
6b351ca1-d7cc-11e8-824f-0242ac160002,W.5.7,Conduct short research projects that use several sources to build knowledge through investigation of different aspects of a topic.,English Language Arts,['5'],Standard
6b365ba6-d7cc-11e8-824f-0242ac160002,L.1.5,"With guidance and support from adults, demonstrate understanding of word relationships and nuances in word meanings.",English Language Arts,['1'],Standard
6b9764f3-d7cc-11e8-824f-0242ac160002,RF.3.3.b,Decode words with common Latin suffixes.,English Language Arts,['3'],Standard
6b3415c8-d7cc-11e8-824f-0242ac160002,RL.5.10,"By the end of the year, read and comprehend literature, including stories, dramas, and poetry, at the high end of the grades 4—5 text complexity band independently and proficiently.",English Language Arts,['5'],Standard
6b38cd6b-d7cc-11e8-824f-0242ac160002,RL.7.3,"Analyze how particular elements of a story or drama interact (e.g., how setting shapes the characters or plot).",English Language Arts,['7'],Standard
6b94d317-d7cc-11e8-824f-0242ac160002,L.3.2.a,Capitalize appropriate words in titles.,English Language Arts,['3'],Standard
6b37ba71-d7cc-11e8-824f-0242ac160002,W.K.2,"Use a combination of drawing, dictating, and writing to compose informative/explanatory texts in which they name what they are writing about and supply some information about the topic.",English Language Arts,['K'],Standard
6b973900-d7cc-11e8-824f-0242ac160002,L.7.2.b,Spell correctly.,English Language Arts,['7'],Standard
6b973495-d7cc-11e8-824f-0242ac160002,L.6.5.b,"Use the relationship between particular words (e.g., cause/effect, part/whole, item/category) to better understand each of the words.",English Language Arts,['6'],Standard
6b399c27-d7cc-11e8-824f-0242ac160002,,Fluency,English Language Arts,['4'],Standard Grouping
6b38537b-d7cc-11e8-824f-0242ac160002,L.2.6,"Use words and phrases acquired through conversations, reading and being read to, and responding to texts, including using adjectives and adverbs to describe (e.g., When other kids are happy that makes me happy).",English Language Arts,['2'],Standard
6b312952-d7cc-11e8-824f-0242ac160002,,Key Ideas and Details,English Language Arts,"['9', '10']",Standard Grouping
6b97b740-d7cc-11e8-824f-0242ac160002,W.7.1.b,"Support claim(s) with logical reasoning and relevant evidence, using accurate, credible sources and demonstrating an understanding of the topic or text.",English Language Arts,['7'],Standard
6b34e2fa-d7cc-11e8-824f-0242ac160002,W.11-12.7,"Conduct short as well as more sustained research projects to answer a question (including a self-generated question) or solve a problem; narrow or broaden the inquiry when appropriate; synthesize multiple sources on the subject, demonstrating understanding of the subject under investigation.",English Language Arts,"['11', '12']",Standard
51def3de-1cc0-4728-87b4-e7f299490116,,Text Types and Purposes,English Language Arts,['6'],Standard Grouping
6b384bc7-d7cc-11e8-824f-0242ac160002,,Writing Standards,English Language Arts,['7'],Standard Grouping
6b33ae12-d7cc-11e8-824f-0242ac160002,RI.6.7,"Integrate information presented in different media or formats (e.g., visually, quantitatively) as well as in words to develop a coherent understanding of a topic or issue.",English Language Arts,['6'],Standard
6b986a4b-d7cc-11e8-824f-0242ac160002,RF.K.3.c,"Read common high-frequency words by sight (e.g., the, of, to, you, she, my, is, are, do, does).",English Language Arts,['K'],Standard
6b332fda-d7cc-11e8-824f-0242ac160002,L.7.4,"Determine or clarify the meaning of unknown and multiple-meaning words and phrases based on grade 7 reading and content, choosing flexibly from a range of strategies.",English Language Arts,['7'],Standard
6b98a5ed-d7cc-11e8-824f-0242ac160002,W.7.2.c,Use appropriate transitions to create cohesion and clarify the relationships among ideas and concepts.,English Language Arts,['7'],Standard
6b97a4f7-d7cc-11e8-824f-0242ac160002,W.4.9.b,"Apply grade 4 Reading standards to informational texts (e.g., ""Explain how an author uses reasons and evidence to support particular points in a text"").",English Language Arts,['4'],Standard
6b386a0b-d7cc-11e8-824f-0242ac160002,RH.11-12.2,Determine the central ideas or information of a primary or secondary source; provide an accurate summary that makes clear the relationships among the key details and ideas.,English Language Arts,"['11', '12']",Standard
6b3a33df-d7cc-11e8-824f-0242ac160002,,Speaking and Listening Standards,English Language Arts,['5'],Standard Grouping
6b36e9fc-d7cc-11e8-824f-0242ac160002,RI.K.5,"Identify the front cover, back cover, and title page of a book.",English Language Arts,['K'],Standard
6b31924c-d7cc-11e8-824f-0242ac160002,,Phonics and Word Recognition,English Language Arts,['K'],Standard Grouping
9510b7c1-34d4-4c4e-8882-05cbbbafe558,,Range of Reading and Level of Text Complexity,English Language Arts,['8'],Standard Grouping
6b38d0fa-d7cc-11e8-824f-0242ac160002,RL.7.9,"Compare and contrast a fictional portrayal of a time, place, or character and a historical account of the same period as a means of understanding how authors of fiction use or alter history.",English Language Arts,['7'],Standard
6b38acb3-d7cc-11e8-824f-0242ac160002,RI.9-10.9,"Analyze seminal U.S. documents of historical and literary significance (e.g., Washington's Farewell Address, the Gettysburg Address, Roosevelt's Four Freedoms speech, King's ""Letter from Birmingham Jail""), including how they address related themes and concepts.",English Language Arts,"['9', '10']",Standard
6b3831bd-d7cc-11e8-824f-0242ac160002,,Vocabulary Acquisition and Use,English Language Arts,['3'],Standard Grouping
6b98af45-d7cc-11e8-824f-0242ac160002,W.8.3.c,"Use a variety of transition words, phrases, and clauses to convey sequence, signal shifts from one time frame or setting to another, and show the relationships among experiences and events.",English Language Arts,['8'],Standard
6b998be9-d7cc-11e8-824f-0242ac160002,L.4.1.e,Form and use prepositional phrases.,English Language Arts,['4'],Standard
6b3679fe-d7cc-11e8-824f-0242ac160002,L.5.5,"Demonstrate understanding of figurative language, word relationships, and nuances in word meanings.",English Language Arts,['5'],Standard
6b31cf88-d7cc-11e8-824f-0242ac160002,,Production and Distribution of Writing,English Language Arts,"['9', '10']",Standard Grouping
6b36be26-d7cc-11e8-824f-0242ac160002,RI.3.5,"Use text features and search tools (e.g., key words, sidebars, hyperlinks) to locate information relevant to a given topic efficiently.",English Language Arts,['3'],Standard
6b9a1cd0-d7cc-11e8-824f-0242ac160002,L.3.2.g,"Consult reference materials, including beginning dictionaries, as needed to check and correct spellings.",English Language Arts,['3'],Standard
e4f2b628-f153-4517-bd80-3c6111850eab,PLD.K.INT.WP-Prec.PL6,"Toward the end of each proficiency level, when scaffolded appropriately, multilingual learners will…
* Understand how precise meanings are created through everyday, cross-disciplinary, and technical language through a growing number of words and phrases in a variety of contexts *(special visitor, school assembly)*",English Language Arts,['K'],Other
04dc48b6-54f6-4e27-940f-241b9de30df3,PLD.9-12.INT.Sent-GC.PL5,"Toward the end of each proficiency level, when scaffolded appropriately, multilingual learners will…
* Understand how meanings are extended or enhanced through a wide variety of sentence types that show various increasingly complex relationships *(condition, cause, concession, contrast)* addressing genre, audience, and content area *(**Despite** the obvious problems with equity, some people…)*",English Language Arts,"['9', '10', '11', '12']",Other
26e26605-36f4-4ec5-98da-a3ec03410ea8,PLD.4-5.EXP.Sent-GC.PL6,"Toward the end of each proficiency level, when scaffolded appropriately, multilingual learners will…
* Extend or enhance meanings through compound and complex sentences characteristic of the genre and content area, with a variety of ways of combining clauses *(with a range of techniques to extend, or shorten sentences: The magnetic force caused the paperclip to lift off the table because the paperclip is metal.)*",English Language Arts,"['4', '5']",Other
b3104344-5871-43e3-b568-37dc44b0701d,PLD.6-8.EXP.Dis-Org.PL1,"Toward the end of each proficiency level, when scaffolded appropriately, multilingual learners will…
* Create coherent texts *(spoken, written, multimodal)* using sentences that convey intended purpose with emerging organization *(topic sentence, supporting details)*",English Language Arts,"['6', '7', '8']",Other
dd36ad22-c8f9-4515-8e11-2290146bc40f,PLD.4-5.INT.Dis-Den.PL2,"Toward the end of each proficiency level, when scaffolded appropriately, multilingual learners will…
* Understand how ideas are elaborated or condensed through expanded noun groups with classifiers *(mean and nasty fourth grade bullies)*",English Language Arts,"['4', '5']",Other
4d85c723-b75f-4df9-adda-28cd2f802323,PLD.2-3.EXP.Dis-Coh.PL2,"Toward the end of each proficiency level, when scaffolded appropriately, multilingual learners will…
* Connect ideas across a whole text through some frequently used cohesive devices *(demonstratives)*",English Language Arts,"['2', '3']",Other
b8841135-4a8c-48cd-8e84-adff7d07e58d,,ELD Standard 5: Language for Social Studies,English Language Arts,"['K', '1', '2', '3', '4', '5', '6', '7', '8', '9', '10', '11', '12']",Standard Grouping
58cd2e53-77aa-4e3b-a4b4-915a7612815a,PLD.6-8.INT.Dis-Coh.PL5,"Toward the end of each proficiency level, when scaffolded appropriately, multilingual learners will…
* Understand how ideas are connected across a whole text through cohesive devices and common strategies that connect ideas throughout text *(given/ new)*",English Language Arts,"['6', '7', '8']",Other
caf59a21-46b6-49aa-8e21-0e2c4dd17120,ELD-LA.2-3.Narrate.Interpretive,"Multilingual learners will interpret language arts narratives by
* Identifying a central message from key details
* Identifying how character attributes and actions contribute to __event sequences__
* __Determining the meaning of words and phrases as they are used in texts, distinguishing literal from nonliteral language__",English Language Arts,"['2', '3']",Standard
091f83ff-2880-420a-b5c8-458ea6c009d7,PLD.K.EXP,Expressive,English Language Arts,['1'],Other
c2231fcb-7cb7-43bc-87ce-1c531209ab66,PLD.4-5.EXP.Sent-GC.PL1,"Toward the end of each proficiency level, when scaffolded appropriately, multilingual learners will…
* Extend or enhance meanings through sentence fragments and emerging use of simple sentences *(the blue one, the red one)*",English Language Arts,"['4', '5']",Other
f6f7a765-eb24-4e17-a47f-84e0e6031904,ELD-SC.1.Explain.Interpretive,"Multilingual learners will interpret scientific explanations by
* Defining investigable questions or simple design problems based on observations and data about a phenomenon
* __Analyzing several events and observations to help explain how or why a phenomenon occurs__
* __Identifying__ information from observations __(that supports particular points in explanations)__",English Language Arts,['1'],Standard
c7500278-4ed6-47b2-9c44-4ec46dd56fc0,PLD.9-12.INT.Dis-Coh.PL4,"Toward the end of each proficiency level, when scaffolded appropriately, multilingual learners will…
* Understand how ideas are connected across a whole text through cohesive devices and common strategies that connect ideas throughout a text *(given/new)*",English Language Arts,"['9', '10', '11', '12']",Other
1bb9ae7d-fb5a-4d9d-8421-8022a9f0c9ea,,Proficiency Level Descriptors by Grade-Level Cluster and Communication Modes,English Language Arts,"['K', '1', '2', '3', '4', '5', '6', '7', '8', '9', '10', '11', '12']",Other
7a53e5ea-c10b-4b6e-99af-1348c7e84142,PLD.4-5.EXP.Dis-Den.PL2,"Toward the end of each proficiency level, when scaffolded appropriately, multilingual learners will…
* Elaborate or condense ideas through some types of elaboration *(adding newly learned or multiple adjectives to nouns *(thick, sweet, sticky maple syrup)*",English Language Arts,"['4', '5']",Other
e7ea67e5-bfeb-4ab1-965d-9ddf1d1a0260,PLD.1.INT.WP-Prec.PL4,"Toward the end of each proficiency level, when scaffolded appropriately, multilingual learners will…
* Understand how precise meanings are created through everyday, cross-disciplinary, and technical language through an increasing number of words and phrases *(Tell me about your picture on the left.)*",English Language Arts,['1'],Other
60f1548a-54fb-4c03-a7db-021aa9757ecd,PLD.4-5.INT.Dis-Org.PL6,"Toward the end of each proficiency level, when scaffolded appropriately, multilingual learners will…
* Understand how coherent texts *(spoken, written, multimodal)* are created to meet a purpose through genre-specific organizational patterns *(claim, evidence, reasoning)* linking ideas, events, and reasons across a text",English Language Arts,"['4', '5']",Other
597e92e2-63e0-4ba3-8ca0-7b0720479d34,ELD-SS.4-5.Explain.Expressive,"Multilingual learners will construct social studies explanations that
* Introduce phenomena or events
* Describe components, order, causes __and effects,__ or cycles __using relevant examples and details__
* Generalize __probable causes and effects__ of developments or events",English Language Arts,"['4', '5']",Standard
ff1f2168-11cf-4af6-afa6-00c6c61e4a53,PLD.9-12.INT.Dis-Den.PL5,"Toward the end of each proficiency level, when scaffolded appropriately, multilingual learners will…
* Understand how ideas are elaborated or condensed through a variety of noun groups expanded with pre- and post- modifiers *(the chemical element with the symbol H and atomic number 1)*",English Language Arts,"['9', '10', '11', '12']",Other
dbdaaa8b-807c-4df4-8e1c-813844dfb16e,PLD.9-12.INT.WP-Prec.PL5,"Toward the end of each proficiency level, when scaffolded appropriately, multilingual learners will…
* Understand how precise meanings are created through everyday, cross-disciplinary, and technical language through strategic use of various words, phrases, and expressions with shades of meaning across content areas *(tumultuous and catastrophic events)*",English Language Arts,"['9', '10', '11', '12']",Other
1fdea074-7174-4949-91ad-bbf4dcbb0e53,PLD.6-8.EXP.Dis-Den.PL1,"Toward the end of each proficiency level, when scaffolded appropriately, multilingual learners will…
* Elaborate or condense ideas through some types of elaboration *(adding a newly learned adjective to a noun)*",English Language Arts,"['6', '7', '8']",Other
c8506090-e427-44aa-8c48-c15c1477527c,,DISCOURSE DIMENSION - Cohesion of language,English Language Arts,"['4', '5']",Other
ab8acb19-34c6-4030-8ddf-3eae8f9286d6,ELD-MA.9-12.Argue.Interpretive,"Multilingual learners will interpret mathematics arguments by
* Comparing conjectures with previously established results and __stated assumptions__
* Distinguishing correct from __flawed logic__
* Evaluating relationships __among evidence and mathematical principles__ to create generalizations",English Language Arts,"['9', '10', '11', '12']",Standard
ee9598e8-9dca-4401-a261-8918b2f6c940,PLD.4-5.EXP.WP-Prec.PL2,"Toward the end of each proficiency level, when scaffolded appropriately, multilingual learners will…
* Create precise meanings through everyday, cross-disciplinary, and disciplinary language with a small repertoire of words and phrases with developing precision *(branches of government, executive power)*",English Language Arts,"['4', '5']",Other
7b839178-f2ab-42bc-8931-0c00b77de667,PLD.9-12.EXP.Dis-Coh.PL6,"Toward the end of each proficiency level, when scaffolded appropriately, multilingual learners will…
* Connect ideas across a whole text through a flexible and strategic use of cohesive devices",English Language Arts,"['9', '10', '11', '12']",Other
786ef973-1d52-4bc3-b9b2-85eda62540fd,,WORD/PHRASE DIMENSION - Precision of language,English Language Arts,"['2', '3']",Other
f880b5ef-57bd-4e3d-af0c-04ea3958acca,PLD.4-5.EXP.Dis-Coh.PL5,"Toward the end of each proficiency level, when scaffolded appropriately, multilingual learners will…
* Connect ideas across a whole text through a flexible number of cohesive devices *(substitution, ellipsis, given/new)*",English Language Arts,"['4', '5']",Other
7937d840-d841-41fc-863d-151f283b3a77,PLD.K.EXP.Sent-GC.PL1,"Toward the end of each proficiency level, when scaffolded appropriately, multilingual learners will…
* Extend or enhance meanings through words, pictures, and phrases *(cats and dogs)*",English Language Arts,['K'],Other
02f34f50-2394-4aa5-a453-3907a2e2d9f3,ELD-SI.K-3.Inform,"Multilingual learners will…
* Define and classify objects or concepts
* Describe characteristics, patterns, or behavior
* Describe parts and wholes
* Sort, clarify, and summarize ideas
* Summarize information from interaction with others and from learning experiences
",English Language Arts,"['K', '1', '2', '3']",Standard
dbaf79b3-82b5-42da-a2d8-ff38df6cc18d,PLD.9-12.INT.Dis-Coh.PL2,"Toward the end of each proficiency level, when scaffolded appropriately, multilingual learners will…
* Understand how ideas are connected across a whole text through a variety of cohesive devices that connect larger meaningful chunks of text including *(class/ subclass, whole/part)*",English Language Arts,"['9', '10', '11', '12']",Other
dcbb9115-af7e-4e31-b98c-c038b64c4152,PLD.6-8.INT.Dis-Coh.PL2,"Toward the end of each proficiency level, when scaffolded appropriately, multilingual learners will…
* Understand how ideas are connected across a whole text through multiple cohesive devices *(synonyms, antonyms)*",English Language Arts,"['6', '7', '8']",Other
efcd5430-830c-4204-b2cd-40cd2bfdd65f,PLD.2-3.EXP.WP-Prec.PL4,"Toward the end of each proficiency level, when scaffolded appropriately, multilingual learners will…
* Create precise meanings through everyday, cross-disciplinary, and disciplinary language with a growing repertoire of words and phrases with growing precision *(preschool friends, math time, after lunch)*",English Language Arts,"['2', '3']",Other
563c095f-7726-4b23-a3f9-2cae33a22797,PLD.6-8.EXP.Dis-Coh.PL2,"Toward the end of each proficiency level, when scaffolded appropriately, multilingual learners will…
* Connect ideas across a whole text through a growing number of cohesive devices *(emerging use of articles to refer to the same word, synonyms, antonyms)*",English Language Arts,"['6', '7', '8']",Other
9e8bd28e-cd3a-4637-9e14-3ad62768fef5,,DISCOURSE DIMENSION - Density of language,English Language Arts,"['2', '3']",Other
7c04a615-5873-4d36-b0ad-299b0679442e,ELD-SS.6-8.Explain.Expressive,"Multilingual learners will construct social studies explanations that
* Introduce __and contextualize__ phenomena or events
* Establish __perspective for communicating outcomes, consequences, or documentation__
* __Develop reasoning, sequences with linear and nonlinear relationships, evidence, and details, acknowledging strengths and weaknesses__
* Generalize __multiple__ causes and effects of developments or events",English Language Arts,"['6', '7', '8']",Standard
a9269b89-9e6b-4836-9663-8034821175c3,PLD.1,Grade 1,English Language Arts,['1'],Standard Grouping
1f75eec5-a6b6-4ec6-b534-f3198474319d,,DISCOURSE DIMENSION - Density of language,English Language Arts,"['6', '7', '8']",Other
b56198d1-8667-4a98-a107-69f84ed10cc7,ELD-MA.6-8.Argue.Interpretive,"Multilingual learners will interpret mathematics arguments by
* Comparing conjectures __with previously established results__
* Distinguishing commonalities __among strategies used__
* __Evaluating relationships between evidence and mathematical facts__ to create generalizations",English Language Arts,"['6', '7', '8']",Standard
4b17722b-c170-42d8-9f59-125c327f891d,,DISCOURSE DIMENSION - Organization of language,English Language Arts,"['2', '3']",Other
be77d371-15c8-4b3a-bbb0-003674240c36,,Kindergarten,English Language Arts,['K'],Standard Grouping
b75fbe44-e013-4e16-9b4b-03dc6572f1f9,PLD.1.INT.Dis-Den.PL3,"Toward the end of each proficiency level, when scaffolded appropriately, multilingual learners will…
* Understand how ideas are elaborated or condensed through multi-word noun groups with connectors *(a big and hungry dinosaur)*",English Language Arts,['1'],Other
0a28d867-2f47-4d36-94ce-0d1b3f23c28d,PLD.K.EXP.Dis-Coh.PL1,"Toward the end of each proficiency level, when scaffolded appropriately, multilingual learners will…
* Connect ideas across a whole text through single words and phrases related to topic *(water, leaf)*",English Language Arts,['K'],Other
7abbcc38-ae81-474f-9c3a-6639816c6136,PLD.9-12.EXP.Dis-Coh.PL1,"Toward the end of each proficiency level, when scaffolded appropriately, multilingual learners will…
* Connect ideas across a whole text through a growing number of cohesive devices *(demonstratives, repetition)*",English Language Arts,"['9', '10', '11', '12']",Other
d9567422-49ec-4a60-9755-95eeea28f0fb,PLD.2-3.EXP.Dis-Den.PL1,"Toward the end of each proficiency level, when scaffolded appropriately, multilingual learners will…
* Elaborate or condense ideas through simple elaboration *(single nouns)*",English Language Arts,"['2', '3']",Other
ff933053-7c0b-4cb9-8060-46aa5bf100be,PLD.4-5.EXP.WP-Prec.PL5,"Toward the end of each proficiency level, when scaffolded appropriately, multilingual learners will…
* Create precise meanings through everyday, cross-disciplinary, and disciplinary language with a flexible repertoire of words and phrases, such as adverbials of time, manner, and place; verb types; and abstract nouns; with consistent precision *(as a result of the war, forming a new nation)*",English Language Arts,"['4', '5']",Other
50899ef9-573a-4fb9-b8ad-35dc44002847,ELD-SC.4-5.Argue.Expressive,"Multilingual learners will construct scientific arguments that
* Introduce topic/phenomenon in issues related to the natural and designed world(s)
* Make and define a claim __based on evidence, data, and/or model__
* Establish a neutral tone __or an objective stance__
* Signal logical relationships among reasoning, relevant evidence, data, and/or a model when making a claim",English Language Arts,"['4', '5']",Standard
f6618605-0bf8-4396-bcea-b7edface1f06,PLD.1.EXP.Dis-Coh.PL5,"Toward the end of each proficiency level, when scaffolded appropriately, multilingual learners will…
* Connect ideas across a whole text through a growing number of cohesive devices *(emerging use of articles to refer to the same word, substitution/ omission: that one, so did I)*",English Language Arts,['1'],Other
51f1e908-2c37-4dff-a914-74a22aca3348,,SENTENCE DIMENSION - Grammatical complexity,English Language Arts,"['4', '5']",Other
cdc50e3a-8337-43cd-82ee-a2f62515dfa8,PLD.9-12.EXP.Dis-Den.PL5,"Toward the end of each proficiency level, when scaffolded appropriately, multilingual learners will…
* Elaborate or condense ideas through a growing number of flexible ways (expanded noun groups, clauses, nominalization)",English Language Arts,"['9', '10', '11', '12']",Other
8fca90b1-4fdf-4dab-882e-9e7e8185d915,ELD-SS.4-5.Argue.Interpretive,"Multilingual learners will interpret social studies arguments by
* Identifying topic and purpose *(argue in favor or against a position, present a balanced interpretation, challenge perspective)*
* Analyzing relevant information from multiple sources to develop claims in response to compelling questions
* Evaluating __point of view__ and credibility of source, based on distinctions between fact and opinion",English Language Arts,"['4', '5']",Standard
7b24baec-4ffc-4fbe-95b6-e1796bcafcf1,PLD.2-3.EXP.Dis-Org.PL3,"Toward the end of each proficiency level, when scaffolded appropriately, multilingual learners will…
* Create coherent texts *(spoken, written, multimodal)* using sentences convey intended purpose with emerging organization *(topic sentence, supporting details)*",English Language Arts,"['2', '3']",Other
38f5020b-4fac-4cc1-a359-6d787f9e30f9,PLD.K.INT.Dis-Org.PL1,"Toward the end of each proficiency level, when scaffolded appropriately, multilingual learners will…
* Understand how coherent texts *(spoken, written, multimodal)* are created around topics *(my family)* with words, pictures, phrases, or chunks of language",English Language Arts,['K'],Other
99694f02-aad6-4839-bb9d-0185280ae7a8,PLD.K.INT.Sent-GC.PL4,"Toward the end of each proficiency level, when scaffolded appropriately, multilingual learners will…
* Understand how meanings are extended or enhanced through simple sentences *(She picked it up.)*",English Language Arts,['K'],Other
6d10fa34-3134-4141-ab26-db40ec81eff7,ELD-LA.K.Inform.Expressive,"Multilingual learners will construct informational texts in language arts (with prompting and support) that
* Introduce topic for audience
* Describe details and facts",English Language Arts,['K'],Standard
6f47ef12-58f1-4911-a6bd-20d05f6c92ee,PLD.2-3.INT.Sent-GC.PL6,"Toward the end of each proficiency level, when scaffolded appropriately, multilingual learners will…
* Understand how meanings are extended or enhanced through compound sentences with frequently used ways of combining clauses *(coordinating conjunctions: Anemones look like plants **but** they are sea animals.)*",English Language Arts,"['2', '3']",Other
8a95d57e-26ba-49ed-b2a9-c22ad743532c,ELD-MA.K.Inform.Interpretive,"Multilingual learners will interpret mathematical informational texts (with prompting and support) by
* Identifying concept or object
* Describing quantities and attributes",English Language Arts,['K'],Standard
d852ed50-7e73-4dcd-91c6-c4d464b50aab,,DISCOURSE DIMENSION - Density of language,English Language Arts,['1'],Other
3d896c98-379e-4f9f-8bc8-35218fa76f76,ELD-SC.1.Explain.Expressive,"Multilingual learners will construct scientific explanations that
* Describe __observations and/or data__ about a phenomenon
* Relate how a series of events causes something to happen
* Compare multiple solutions to a problem",English Language Arts,['1'],Standard
485244e8-2713-483a-8a46-1db7392bf111,PLD.6-8.EXP.WP-Prec.PL6,"Toward the end of each proficiency level, when scaffolded appropriately, multilingual learners will…
* Create precise meanings through everyday, cross-disciplinary, and disciplinary language with a wide variety of words and phrases with precision *(weighing
4.4 pounds on Earth, wrong answer)* according to the genre, purpose and discipline",English Language Arts,"['6', '7', '8']",Other
9e217d30-bdfb-438b-9a74-70b610e9a5b5,PLD.4-5.EXP.Dis-Org.PL2,"Toward the end of each proficiency level, when scaffolded appropriately, multilingual learners will…
* Create coherent texts *(spoken, written, multimodal)* using sentences that convey intended purpose with emerging organization *(topic sentence, supporting details)*",English Language Arts,"['4', '5']",Other
8c08db5d-a6fc-4a9f-a038-0db2bf6567cd,PLD.4-5.EXP.Dis-Den.PL5,"Toward the end of each proficiency level, when scaffolded appropriately, multilingual learners will…
* Elaborate or condense ideas through a wide variety of types of elaboration *(adding in embedded clauses after the noun: the sap which boiled for six hours…)*",English Language Arts,"['4', '5']",Other
ea87e1f3-3d23-40e5-806b-f1b66175bae2,PLD.2-3.EXP.Dis-Coh.PL4,"Toward the end of each proficiency level, when scaffolded appropriately, multilingual learners will…
* Connect ideas across a whole text through a growing number of cohesive devices *(emerging use of articles to refer to the same word)*",English Language Arts,"['2', '3']",Other
b8bd290c-6de0-48bb-84c6-36951d9b8ea0,PLD.2-3.EXP.Dis-Den.PL5,"Toward the end of each proficiency level, when scaffolded appropriately, multilingual learners will…
* Elaborate or condense ideas through a variety of types of elaboration *(adding in a variety of adjectives)*",English Language Arts,"['2', '3']",Other
04e0cd30-f862-4e1b-8c30-5f6d8cfddfb0,,Grades 4-5,English Language Arts,"['4', '5']",Standard Grouping
31fac069-15dd-4d25-b534-5436e059a6e3,ELD-SC.2-3.Argue.Expressive,"Multilingual learners will construct scientific arguments that
* Introduce topic/phenomenon for an issue related to the natural and designed world(s)
* Make a claim supported by relevant evidence
* Establish a neutral tone
* Signal logical relationships among reasoning, evidence, data, and/or a model when making a claim",English Language Arts,"['2', '3']",Standard
7e29aa41-3c1f-4a7d-b50e-05476731ab8e,ELD-LA.4-5.Argue.Expressive,"Multilingual learners will construct language arts arguments that
* Introduce and develop a topic clearly; state an opinion 
* Support opinions with reasons and information 
* Use a formal style 
* Logically connect opinions to appropriate evidence, facts, and details; offer a concluding statement or section",English Language Arts,"['4', '5']",Standard
afac81a0-f01a-4291-81b6-331146b53e23,PLD.4-5.INT.WP-Prec.PL6,"Toward the end of each proficiency level, when scaffolded appropriately, multilingual learners will…
* Understand how precise meanings are created through everyday, cross-disciplinary, and technical language through a wide variety of words, phrases, and expressions with multiple meanings across content areas *(electric shock versus I’m shocked)*",English Language Arts,"['4', '5']",Other
272e29d6-4408-4a8a-8d3d-f4bbed6f77c6,ELD-SC.K.Inform.Expressive,"Multilingual learners will construct scientific informational texts that
* Introduce others to a topic or entity
* Provide details about an entity",English Language Arts,['K'],Standard
1483f494-c6b6-448f-b6b1-6ac022e62c5e,PLD.9-12.EXP.Dis-Org.PL1,"Toward the end of each proficiency level, when scaffolded appropriately, multilingual learners will…
* Create coherent texts *(spoken, written, multimodal)* using short text that conveys intended purpose using predictable organization *(paragraph openers: First…, Finally, In November, Plant cells have…)*",English Language Arts,"['9', '10', '11', '12']",Other
37b65ea8-22fd-4848-8dba-d7e7da88c4c2,PLD.6-8.INT.Dis-Org.PL1,"Toward the end of each proficiency level, when scaffolded appropriately, multilingual learners will…
* Understand how coherent texts *(spoken, written, multimodal)* are created to meet a purpose *(to inform, narrate, entertain, argue, explain)* in a series of topic-related sentences",English Language Arts,"['6', '7', '8']",Other
d8b42971-7713-4092-8222-39a27dcc7e0e,,Grades 2-3,English Language Arts,"['2', '3']",Standard Grouping
fcfb24f2-3bf1-4fed-a790-032cea0240b4,,Grades 4-5,English Language Arts,"['4', '5']",Standard Grouping
3f6a3c7f-2920-4adc-b63e-2f98f7bdd0b8,PLD.9-12.INT.Dis-Coh.PL3,"Toward the end of each proficiency level, when scaffolded appropriately, multilingual learners will…
* Understand how ideas are connected across a whole text through a wide variety of cohesive devices that connect ideas throughout a text *(whole/part, substitution/omission)*",English Language Arts,"['9', '10', '11', '12']",Other
ad73929a-d645-4a4f-a37c-8587b84ad694,PLD.K.INT.Dis-Org.PL4,"Toward the end of each proficiency level, when scaffolded appropriately, multilingual learners will…
* Understand how coherent texts *(spoken, written, multimodal)* are created to meet a purpose *(to inform, narrate, entertain)* through multiple related sentences",English Language Arts,['K'],Other
7b7d9e25-db85-405f-b778-480187a5759a,PLD.2-3.INT.Sent-GC.PL2,"Toward the end of each proficiency level, when scaffolded appropriately, multilingual learners will…
* Understand how meanings are extended or enhanced through simple sentences *(They stick to rocks and coral.)*",English Language Arts,"['2', '3']",Other
d49abded-8056-4042-a630-7abc7d1b6f41,ELD-LA.6-8.Narrate.Expressive,"Multilingual learners will construct language arts narratives that
* Orient audience to context __and point of view__
* Develop and describe characters and their relationships
* Develop story, __including themes with complication and resolution,__ time, and event sequences
* Engage and adjust for audience",English Language Arts,"['6', '7', '8']",Standard
1f0c54aa-3865-4cca-b7c3-a2fc89903d73,,DISCOURSE DIMENSION - Organization of language,English Language Arts,"['6', '7', '8']",Other
c013eeb0-1443-4a5d-8714-5be9b321336d,ELD-LA.6-8.Narrate.Interpretive,"Multilingual learners will interpret language arts narratives by
* Identifying a theme __or central idea that develops over the course of a text__
* Analyzing how character attributes and actions develop __in relation to events or dialogue__
* __Evaluating impact of specific word choices about meaning and tone__",English Language Arts,"['6', '7', '8']",Standard
5a6948dd-03d8-40be-8f19-4fc4bc9ed224,PLD.K.EXP.Dis-Coh.PL6,"Toward the end of each proficiency level, when scaffolded appropriately, multilingual learners will…
* Connect ideas across a whole text through a growing number of cohesive devices *(emerging use of articles to refer to the same word)*",English Language Arts,['K'],Other
449a69d7-643e-44ab-a242-8e0d95fb576d,PLD.6-8.EXP.Sent-GC.PL6,"Toward the end of each proficiency level, when scaffolded appropriately, multilingual learners will…
* Extend or enhance meanings through a wide variety of sentence types with increasingly complex clause relationships *(condition, cause, concession, contrast)* addressing genre, audience, and content area *(When Harry is close to Voldemort, his scar throbs.)*",English Language Arts,"['6', '7', '8']",Other
108f87d0-5b04-49c8-b2b3-63a1dd51b887,PLD.6-8.INT.Dis-Den.PL4,"Toward the end of each proficiency level, when scaffolded appropriately, multilingual learners will…
* Understand how ideas are elaborated or condensed through expanded noun groups with a variety of embedded clauses *(predictable and observable moon phases in your particular time zone)*",English Language Arts,"['6', '7', '8']",Other
188bee93-0b6b-4d2a-a52d-d00a9a626b6d,PLD.9-12.EXP.Dis-Org.PL4,"Toward the end of each proficiency level, when scaffolded appropriately, multilingual learners will…
* Create coherent texts *(spoken, written, multimodal)* using text that conveys intended purpose using genre-specific organizational patterns *(claims and counterclaims or rebuttals)* with strategic ways of signaling relationships between paragraphs and throughout a text",English Language Arts,"['9', '10', '11', '12']",Other
552e7dcd-1a38-4770-a1da-b58dd8fbc911,PLD.2-3.INT.WP-Prec.PL1,"Toward the end of each proficiency level, when scaffolded appropriately, multilingual learners will…
* Understand how precise meanings are created through everyday, cross-disciplinary, and technical language through frequently used words and phrases in familiar contexts and topics *(time to clean up)*",English Language Arts,"['2', '3']",Other
4bfb402e-e73b-4692-b1e1-8444a9a8a583,,WORD/PHRASE DIMENSION - Precision of language,English Language Arts,['1'],Other
ad2f6614-4687-48f7-b7f0-c898655fdcdc,PLD.1.EXP.Dis-Org.PL3,"Toward the end of each proficiency level, when scaffolded appropriately, multilingual learners will…
* Create coherent texts *(spoken, written, multimodal)* using short sentences linked together to convey an intended purpose",English Language Arts,['1'],Other
0affc211-c523-4c71-8c40-14666ab09022,PLD.9-12.EXP.Dis-Org.PL5,"Toward the end of each proficiency level, when scaffolded appropriately, multilingual learners will…
* Create coherent texts *(spoken, written, multimodal)* using text that conveys intended purpose using genre-specific organizational patterns with a wide range of ways to signal relationships throughout the text",English Language Arts,"['9', '10', '11', '12']",Other
8d461387-a65a-47cf-b711-7ef36ceba38a,PLD.4-5.EXP.WP-Prec.PL4,"Toward the end of each proficiency level, when scaffolded appropriately, multilingual learners will…
* Create precise meanings through everyday, cross-disciplinary, and disciplinary language with an expanding repertoire of words and phrases, including idioms and collocations with expanding precision *(the lights are on but nobody’s home…)*",English Language Arts,"['4', '5']",Other
97368a5b-be68-41f9-81bf-9b022835d56f,ELD-SS.K.Inform.Expressive,"Multilingual learners will construct informational texts in social studies that
* Introduce topic associated with a compelling or supporting question
* Provide a detail about relevant information",English Language Arts,['K'],Standard
2b3de85f-f9dc-4a89-a63e-cfe59d709c23,PLD.6-8.EXP.Sent-GC.PL3,"Toward the end of each proficiency level, when scaffolded appropriately, multilingual learners will…
* Extend or enhance meanings through simple or compound sentences with familiar ways of combining clauses *(with some coordinating conjunctions: He goes to Hogwarts School
**and** his friends are…)*",English Language Arts,"['6', '7', '8']",Other
a4870f4b-5403-48b0-84a0-78f9504950e1,PLD.4-5.INT.Sent-GC.PL3,"Toward the end of each proficiency level, when scaffolded appropriately, multilingual learners will…
* Understand how meanings are extended or enhanced through multiple related simple sentences *(Winds blow through the forest. The trees sway and shake. Dead branches fall off to the ground.)*",English Language Arts,"['4', '5']",Other
3627beb2-0def-4803-92f0-7e98c42cd0f9,PLD.4-5.EXP.Sent-GC.PL5,"Toward the end of each proficiency level, when scaffolded appropriately, multilingual learners will…
* Extend or enhance meanings through compound and complex sentences with frequently used ways of combining clauses *(with coordinating conjunctions: Neither the red one nor the blue one…)*",English Language Arts,"['4', '5']",Other
b9bd7205-dc82-4577-82bd-adb38360f785,ELD-MA.4-5.Explain.Expressive,"Multilingual learners will construct mathematical explanations that
* Introduce concept or entity
* Share solution __with others__
* Describe data and/or steps __to solve problem__
* State reasoning used to generate solution",English Language Arts,"['4', '5']",Standard
bbb5a6c9-0b9c-4b45-be81-0e53068a6215,,DISCOURSE DIMENSION - Density of language,English Language Arts,['1'],Other
cbed6432-a465-450e-8469-e09eae3679c7,ELD-LA.1.Inform.Interpretive,"Multilingual learners will interpret informational texts in language arts by
* Identifying main topic __and/or entity__ and key details
* Asking and answering questions about descriptions of attributes and characteristics
* Identifying word choices in relation to topic or content area",English Language Arts,['1'],Standard
6c617864-ee32-4ea5-a55f-1a73b1b76a0e,PLD.6-8.EXP.Dis-Den.PL6,"Toward the end of each proficiency level, when scaffolded appropriately, multilingual learners will…
* Elaborate or condense ideas through a growing number of ways throughout a text (expanded noun groups, clauses, nominalizations)",English Language Arts,"['6', '7', '8']",Other
4dee0df3-6ff3-4356-a34a-44b76e91db56,PLD.2-3.INT.WP-Prec.PL4,"Toward the end of each proficiency level, when scaffolded appropriately, multilingual learners will…
* Understand how precise meanings are created through everyday, cross-disciplinary, and technical language through a growing number of words and phrases in a variety of contexts *(nonfiction books)*",English Language Arts,"['2', '3']",Other
7b417711-9af2-42c8-bf8f-e70650178366,PLD.1.INT.Dis-Den.PL4,"Toward the end of each proficiency level, when scaffolded appropriately, multilingual learners will…
* Understand how ideas are elaborated or condensed through expanded noun groups with classifiers *(the biggest meat-eating dinosaurs)*",English Language Arts,['1'],Other
29a76632-1d5f-4dec-be0a-d8c15a969900,PLD.6-8.EXP.Sent-GC.PL4,"Toward the end of each proficiency level, when scaffolded appropriately, multilingual learners will…
* Extend or enhance meanings through compound sentences with frequently used ways of combining clauses *(They fight the forces of evil, **yet** they can’t overcome them.)*",English Language Arts,"['6', '7', '8']",Other
292326f2-7371-442f-849e-a3ff4cf622f6,ELD-LA.4-5.Argue.Interpretive,"Multilingual learners will interpret language arts arguments by
* Identifying main ideas 
* Analyzing points of view about the same event or topic
* Evaluating how details, reasons, and evidence support particular points in a text",English Language Arts,"['4', '5']",Standard
ea4a5adf-13f6-4a19-882f-102266196988,PLD.2-3.EXP.Dis-Den.PL4,"Toward the end of each proficiency level, when scaffolded appropriately, multilingual learners will…
* Elaborate or condense ideas through a growing number of types of elaboration *(adding articles or demonstratives to a noun: the or these clouds)*",English Language Arts,"['2', '3']",Other
